lamb, beta, k, delta, p, c, K
7.249828829434592885e-03,2.507164850096986916e-08,2.617062679844415385e+01,5.245389241307235295e+01,8.678344258140694365e+03,1.447412414842915318e+01
7.249828829434592885e-03,2.507164850096986916e-08,2.617062679844415385e+01,5.245389241307235295e+01,8.678344258140694365e+03,1.447412414842915318e+01
7.249828829434592885e-03,2.507164850096986916e-08,2.617062679844415385e+01,5.245389241307235295e+01,8.678344258140694365e+03,1.447412414842915318e+01
7.249828829434592885e-03,2.507164850096986916e-08,2.617062679844415385e+01,5.245389241307235295e+01,8.678344258140694365e+03,1.447412414842915318e+01
7.249828829434592885e-03,2.507164850096986916e-08,2.617062679844415385e+01,5.245389241307235295e+01,8.678344258140694365e+03,1.447412414842915318e+01
7.249828829434592885e-03,2.507164850096986916e-08,2.617062679844415385e+01,5.245389241307235295e+01,8.678344258140694365e+03,1.447412414842915318e+01
7.249828829434592885e-03,2.507164850096986916e-08,2.617062679844415385e+01,5.245389241307235295e+01,8.678344258140694365e+03,1.447412414842915318e+01
7.249828829434592885e-03,2.507164850096986916e-08,2.617062679844415385e+01,5.245389241307235295e+01,8.678344258140694365e+03,1.447412414842915318e+01
7.249828829434592885e-03,2.507164850096986916e-08,2.617062679844415385e+01,5.245389241307235295e+01,8.678344258140694365e+03,1.447412414842915318e+01
7.249828829434592885e-03,2.507164850096986916e-08,2.617062679844415385e+01,5.245389241307235295e+01,8.678344258140694365e+03,1.447412414842915318e+01
7.249828829434592885e-03,2.507164850096986916e-08,2.617062679844415385e+01,5.245389241307235295e+01,8.678344258140694365e+03,1.447412414842915318e+01
7.249828829434592885e-03,2.507164850096986916e-08,2.617062679844415385e+01,5.245389241307235295e+01,8.678344258140694365e+03,1.447412414842915318e+01
7.248967103080601604e-03,2.507326345923758021e-08,2.616827930353709775e+01,5.245209189103374570e+01,8.678843638568645474e+03,1.447719728009178652e+01
7.248601522914263455e-03,2.507474447583109688e-08,2.616681550915999566e+01,5.245323505524756058e+01,8.679120442534731410e+03,1.447867466349698695e+01
7.248601522914263455e-03,2.507474447583109688e-08,2.616681550915999566e+01,5.245323505524756058e+01,8.679120442534731410e+03,1.447867466349698695e+01
7.248601522914263455e-03,2.507474447583109688e-08,2.616681550915999566e+01,5.245323505524756058e+01,8.679120442534731410e+03,1.447867466349698695e+01
7.248601522914263455e-03,2.507474447583109688e-08,2.616681550915999566e+01,5.245323505524756058e+01,8.679120442534731410e+03,1.447867466349698695e+01
7.248601522914263455e-03,2.507474447583109688e-08,2.616681550915999566e+01,5.245323505524756058e+01,8.679120442534731410e+03,1.447867466349698695e+01
7.248601522914263455e-03,2.507474447583109688e-08,2.616681550915999566e+01,5.245323505524756058e+01,8.679120442534731410e+03,1.447867466349698695e+01
7.248601522914263455e-03,2.507474447583109688e-08,2.616681550915999566e+01,5.245323505524756058e+01,8.679120442534731410e+03,1.447867466349698695e+01
7.248601522914263455e-03,2.507474447583109688e-08,2.616681550915999566e+01,5.245323505524756058e+01,8.679120442534731410e+03,1.447867466349698695e+01
7.248601522914263455e-03,2.507474447583109688e-08,2.616681550915999566e+01,5.245323505524756058e+01,8.679120442534731410e+03,1.447867466349698695e+01
7.248601522914263455e-03,2.507474447583109688e-08,2.616681550915999566e+01,5.245323505524756058e+01,8.679120442534731410e+03,1.447867466349698695e+01
7.249219192532675021e-03,2.507324047983284481e-08,2.617669062127400181e+01,5.245875538832257234e+01,8.680810044426119930e+03,1.447690746596020617e+01
7.249150674867911766e-03,2.507344835324804253e-08,2.617738565375438142e+01,5.245927175650379581e+01,8.681099749983040965e+03,1.447723827635948801e+01
7.249150674867911766e-03,2.507344835324804253e-08,2.617738565375438142e+01,5.245927175650379581e+01,8.681099749983040965e+03,1.447723827635948801e+01
7.248969922641099010e-03,2.507396319919149538e-08,2.617942151535157791e+01,5.246081438735548375e+01,8.681907737052661105e+03,1.447818697908879138e+01
7.249398304788288137e-03,2.507302186514043279e-08,2.618349366420778424e+01,5.246300961631041559e+01,8.682275686762486657e+03,1.447711858097536997e+01
7.249509441957064163e-03,2.507315125696458778e-08,2.618840886398039203e+01,5.246665917497932696e+01,8.683456194661812333e+03,1.447690659791819634e+01
7.249509441957064163e-03,2.507315125696458778e-08,2.618840886398039203e+01,5.246665917497932696e+01,8.683456194661812333e+03,1.447690659791819634e+01
7.249581833559265616e-03,2.507273919898330089e-08,2.618331329392195883e+01,5.246307278290564824e+01,8.682007485106525564e+03,1.447608605127951442e+01
7.249134753079936912e-03,2.507372765361770428e-08,2.619587966683861424e+01,5.247207679614438547e+01,8.685576339529237885e+03,1.447807215401225100e+01
7.249134753079936912e-03,2.507372765361770428e-08,2.619587966683861424e+01,5.247207679614438547e+01,8.685576339529237885e+03,1.447807215401225100e+01
7.249134753079936912e-03,2.507372765361770428e-08,2.619587966683861424e+01,5.247207679614438547e+01,8.685576339529237885e+03,1.447807215401225100e+01
7.249134753079936912e-03,2.507372765361770428e-08,2.619587966683861424e+01,5.247207679614438547e+01,8.685576339529237885e+03,1.447807215401225100e+01
7.249134753079936912e-03,2.507372765361770428e-08,2.619587966683861424e+01,5.247207679614438547e+01,8.685576339529237885e+03,1.447807215401225100e+01
7.249134753079936912e-03,2.507372765361770428e-08,2.619587966683861424e+01,5.247207679614438547e+01,8.685576339529237885e+03,1.447807215401225100e+01
7.249134753079936912e-03,2.507372765361770428e-08,2.619587966683861424e+01,5.247207679614438547e+01,8.685576339529237885e+03,1.447807215401225100e+01
7.249134753079936912e-03,2.507372765361770428e-08,2.619587966683861424e+01,5.247207679614438547e+01,8.685576339529237885e+03,1.447807215401225100e+01
7.249134753079936912e-03,2.507372765361770428e-08,2.619587966683861424e+01,5.247207679614438547e+01,8.685576339529237885e+03,1.447807215401225100e+01
7.249134753079936912e-03,2.507372765361770428e-08,2.619587966683861424e+01,5.247207679614438547e+01,8.685576339529237885e+03,1.447807215401225100e+01
7.249134753079936912e-03,2.507372765361770428e-08,2.619587966683861424e+01,5.247207679614438547e+01,8.685576339529237885e+03,1.447807215401225100e+01
7.249134753079936912e-03,2.507372765361770428e-08,2.619587966683861424e+01,5.247207679614438547e+01,8.685576339529237885e+03,1.447807215401225100e+01
7.249134753079936912e-03,2.507372765361770428e-08,2.619587966683861424e+01,5.247207679614438547e+01,8.685576339529237885e+03,1.447807215401225100e+01
7.249134753079936912e-03,2.507372765361770428e-08,2.619587966683861424e+01,5.247207679614438547e+01,8.685576339529237885e+03,1.447807215401225100e+01
7.249134753079936912e-03,2.507372765361770428e-08,2.619587966683861424e+01,5.247207679614438547e+01,8.685576339529237885e+03,1.447807215401225100e+01
7.249134753079936912e-03,2.507372765361770428e-08,2.619587966683861424e+01,5.247207679614438547e+01,8.685576339529237885e+03,1.447807215401225100e+01
7.249134753079936912e-03,2.507372765361770428e-08,2.619587966683861424e+01,5.247207679614438547e+01,8.685576339529237885e+03,1.447807215401225100e+01
7.249134753079936912e-03,2.507372765361770428e-08,2.619587966683861424e+01,5.247207679614438547e+01,8.685576339529237885e+03,1.447807215401225100e+01
7.248312586594076075e-03,2.507587345108332457e-08,2.620995159618760439e+01,5.248274173534294107e+01,8.689860354372967777e+03,1.448028137787298597e+01
7.248312586594076075e-03,2.507587345108332457e-08,2.620995159618760439e+01,5.248274173534294107e+01,8.689860354372967777e+03,1.448028137787298597e+01
7.248312586594076075e-03,2.507587345108332457e-08,2.620995159618760439e+01,5.248274173534294107e+01,8.689860354372967777e+03,1.448028137787298597e+01
7.248312586594076075e-03,2.507587345108332457e-08,2.620995159618760439e+01,5.248274173534294107e+01,8.689860354372967777e+03,1.448028137787298597e+01
7.248312586594076075e-03,2.507587345108332457e-08,2.620995159618760439e+01,5.248274173534294107e+01,8.689860354372967777e+03,1.448028137787298597e+01
7.248312586594076075e-03,2.507587345108332457e-08,2.620995159618760439e+01,5.248274173534294107e+01,8.689860354372967777e+03,1.448028137787298597e+01
7.248312586594076075e-03,2.507587345108332457e-08,2.620995159618760439e+01,5.248274173534294107e+01,8.689860354372967777e+03,1.448028137787298597e+01
7.248312586594076075e-03,2.507587345108332457e-08,2.620995159618760439e+01,5.248274173534294107e+01,8.689860354372967777e+03,1.448028137787298597e+01
7.247378406484723985e-03,2.507678186947284170e-08,2.620047406019415703e+01,5.247661553701107806e+01,8.688340759952479857e+03,1.448170867490714997e+01
7.247378406484723985e-03,2.507678186947284170e-08,2.620047406019415703e+01,5.247661553701107806e+01,8.688340759952479857e+03,1.448170867490714997e+01
7.247378406484723985e-03,2.507678186947284170e-08,2.620047406019415703e+01,5.247661553701107806e+01,8.688340759952479857e+03,1.448170867490714997e+01
7.247378406484723985e-03,2.507678186947284170e-08,2.620047406019415703e+01,5.247661553701107806e+01,8.688340759952479857e+03,1.448170867490714997e+01
7.247378041577185771e-03,2.507678253188484003e-08,2.620047399571191704e+01,5.247661594067950119e+01,8.688341241260410243e+03,1.448170902402763183e+01
7.247378041577185771e-03,2.507678253188484003e-08,2.620047399571191704e+01,5.247661594067950119e+01,8.688341241260410243e+03,1.448170902402763183e+01
7.247378041577185771e-03,2.507678253188484003e-08,2.620047399571191704e+01,5.247661594067950119e+01,8.688341241260410243e+03,1.448170902402763183e+01
7.247378041577185771e-03,2.507678253188484003e-08,2.620047399571191704e+01,5.247661594067950119e+01,8.688341241260410243e+03,1.448170902402763183e+01
7.247378041577185771e-03,2.507678253188484003e-08,2.620047399571191704e+01,5.247661594067950119e+01,8.688341241260410243e+03,1.448170902402763183e+01
7.247378041577185771e-03,2.507678253188484003e-08,2.620047399571191704e+01,5.247661594067950119e+01,8.688341241260410243e+03,1.448170902402763183e+01
7.247934694089102313e-03,2.507931057537515959e-08,2.625314241666732684e+01,5.251963930921503731e+01,8.699254495519851844e+03,1.446922859463443345e+01
7.247934694089102313e-03,2.507931057537515959e-08,2.625314241666732684e+01,5.251963930921503731e+01,8.699254495519851844e+03,1.446922859463443345e+01
7.247934694089102313e-03,2.507931057537515959e-08,2.625314241666732684e+01,5.251963930921503731e+01,8.699254495519851844e+03,1.446922859463443345e+01
7.247934694089102313e-03,2.507931057537515959e-08,2.625314241666732684e+01,5.251963930921503731e+01,8.699254495519851844e+03,1.446922859463443345e+01
7.247934694089102313e-03,2.507931057537515959e-08,2.625314241666732684e+01,5.251963930921503731e+01,8.699254495519851844e+03,1.446922859463443345e+01
7.385432756677824499e-03,2.493509357138279137e-08,2.677343598254133283e+01,5.259335163074581487e+01,8.710531795053766473e+03,1.437294803663347409e+01
7.385432756677824499e-03,2.493509357138279137e-08,2.677343598254133283e+01,5.259335163074581487e+01,8.710531795053766473e+03,1.437294803663347409e+01
7.385432756677824499e-03,2.493509357138279137e-08,2.677343598254133283e+01,5.259335163074581487e+01,8.710531795053766473e+03,1.437294803663347409e+01
7.385432756677824499e-03,2.493509357138279137e-08,2.677343598254133283e+01,5.259335163074581487e+01,8.710531795053766473e+03,1.437294803663347409e+01
7.385432756677824499e-03,2.493509357138279137e-08,2.677343598254133283e+01,5.259335163074581487e+01,8.710531795053766473e+03,1.437294803663347409e+01
7.298301386443957657e-03,2.488563785371976156e-08,2.641358652270132268e+01,5.259240786893896313e+01,8.653796028093142013e+03,1.416341394242057561e+01
7.298301386443957657e-03,2.488563785371976156e-08,2.641358652270132268e+01,5.259240786893896313e+01,8.653796028093142013e+03,1.416341394242057561e+01
7.298301386443957657e-03,2.488563785371976156e-08,2.641358652270132268e+01,5.259240786893896313e+01,8.653796028093142013e+03,1.416341394242057561e+01
7.298301386443957657e-03,2.488563785371976156e-08,2.641358652270132268e+01,5.259240786893896313e+01,8.653796028093142013e+03,1.416341394242057561e+01
7.327190009154928470e-03,2.479863910585295963e-08,2.652814104827500685e+01,5.261227853375534380e+01,8.637921543915350412e+03,1.403279058160629233e+01
7.327190009154928470e-03,2.479863910585295963e-08,2.652814104827500685e+01,5.261227853375534380e+01,8.637921543915350412e+03,1.403279058160629233e+01
7.327190009154928470e-03,2.479863910585295963e-08,2.652814104827500685e+01,5.261227853375534380e+01,8.637921543915350412e+03,1.403279058160629233e+01
7.327190009154928470e-03,2.479863910585295963e-08,2.652814104827500685e+01,5.261227853375534380e+01,8.637921543915350412e+03,1.403279058160629233e+01
7.523228802055591073e-03,2.446419091053791658e-08,2.707753769816137535e+01,5.286782558729009196e+01,8.571427805562141657e+03,1.362206421699528569e+01
7.523228802055591073e-03,2.446419091053791658e-08,2.707753769816137535e+01,5.286782558729009196e+01,8.571427805562141657e+03,1.362206421699528569e+01
7.522676304126861557e-03,2.446535002235007614e-08,2.707504688798144343e+01,5.286720411820637366e+01,8.571498390960172401e+03,1.362341826392903776e+01
7.522676304126861557e-03,2.446535002235007614e-08,2.707504688798144343e+01,5.286720411820637366e+01,8.571498390960172401e+03,1.362341826392903776e+01
7.522676304126861557e-03,2.446535002235007614e-08,2.707504688798144343e+01,5.286720411820637366e+01,8.571498390960172401e+03,1.362341826392903776e+01
7.249635209653203585e-03,2.507121211044422370e-08,2.617194861234731462e+01,5.245537560638695140e+01,8.678904898717828473e+03,1.447384180656892383e+01
7.249635209653203585e-03,2.507121211044422370e-08,2.617194861234731462e+01,5.245537560638695140e+01,8.678904898717828473e+03,1.447384180656892383e+01
7.249635209653203585e-03,2.507121211044422370e-08,2.617194861234731462e+01,5.245537560638695140e+01,8.678904898717828473e+03,1.447384180656892383e+01
7.249635209653203585e-03,2.507121211044422370e-08,2.617194861234731462e+01,5.245537560638695140e+01,8.678904898717828473e+03,1.447384180656892383e+01
7.249635209653203585e-03,2.507121211044422370e-08,2.617194861234731462e+01,5.245537560638695140e+01,8.678904898717828473e+03,1.447384180656892383e+01
7.249635209653203585e-03,2.507121211044422370e-08,2.617194861234731462e+01,5.245537560638695140e+01,8.678904898717828473e+03,1.447384180656892383e+01
7.249635209653203585e-03,2.507121211044422370e-08,2.617194861234731462e+01,5.245537560638695140e+01,8.678904898717828473e+03,1.447384180656892383e+01
7.249635209653203585e-03,2.507121211044422370e-08,2.617194861234731462e+01,5.245537560638695140e+01,8.678904898717828473e+03,1.447384180656892383e+01
7.249635209653203585e-03,2.507121211044422370e-08,2.617194861234731462e+01,5.245537560638695140e+01,8.678904898717828473e+03,1.447384180656892383e+01
7.249635209653203585e-03,2.507121211044422370e-08,2.617194861234731462e+01,5.245537560638695140e+01,8.678904898717828473e+03,1.447384180656892383e+01
7.249635209653203585e-03,2.507121211044422370e-08,2.617194861234731462e+01,5.245537560638695140e+01,8.678904898717828473e+03,1.447384180656892383e+01
7.249635209653203585e-03,2.507121211044422370e-08,2.617194861234731462e+01,5.245537560638695140e+01,8.678904898717828473e+03,1.447384180656892383e+01
7.249635209653203585e-03,2.507121211044422370e-08,2.617194861234731462e+01,5.245537560638695140e+01,8.678904898717828473e+03,1.447384180656892383e+01
7.249635209653203585e-03,2.507121211044422370e-08,2.617194861234731462e+01,5.245537560638695140e+01,8.678904898717828473e+03,1.447384180656892383e+01
7.249635209653203585e-03,2.507121211044422370e-08,2.617194861234731462e+01,5.245537560638695140e+01,8.678904898717828473e+03,1.447384180656892383e+01
7.249635209653203585e-03,2.507121211044422370e-08,2.617194861234731462e+01,5.245537560638695140e+01,8.678904898717828473e+03,1.447384180656892383e+01
7.249635209653203585e-03,2.507121211044422370e-08,2.617194861234731462e+01,5.245537560638695140e+01,8.678904898717828473e+03,1.447384180656892383e+01
7.249635209653203585e-03,2.507121211044422370e-08,2.617194861234731462e+01,5.245537560638695140e+01,8.678904898717828473e+03,1.447384180656892383e+01
7.249635209653203585e-03,2.507121211044422370e-08,2.617194861234731462e+01,5.245537560638695140e+01,8.678904898717828473e+03,1.447384180656892383e+01
7.249635209653203585e-03,2.507121211044422370e-08,2.617194861234731462e+01,5.245537560638695140e+01,8.678904898717828473e+03,1.447384180656892383e+01
7.249644934314497698e-03,2.507124893013885988e-08,2.617183765700842457e+01,5.245527463974130455e+01,8.678863658835218303e+03,1.447385510889579052e+01
7.249644934314497698e-03,2.507124893013885988e-08,2.617183765700842457e+01,5.245527463974130455e+01,8.678863658835218303e+03,1.447385510889579052e+01
7.249644934314497698e-03,2.507124893013885988e-08,2.617183765700842457e+01,5.245527463974130455e+01,8.678863658835218303e+03,1.447385510889579052e+01
7.249644934314497698e-03,2.507124893013885988e-08,2.617183765700842457e+01,5.245527463974130455e+01,8.678863658835218303e+03,1.447385510889579052e+01
7.249644934314497698e-03,2.507124893013885988e-08,2.617183765700842457e+01,5.245527463974130455e+01,8.678863658835218303e+03,1.447385510889579052e+01
7.249644934314497698e-03,2.507124893013885988e-08,2.617183765700842457e+01,5.245527463974130455e+01,8.678863658835218303e+03,1.447385510889579052e+01
7.249644934314497698e-03,2.507124893013885988e-08,2.617183765700842457e+01,5.245527463974130455e+01,8.678863658835218303e+03,1.447385510889579052e+01
7.249644934314497698e-03,2.507124893013885988e-08,2.617183765700842457e+01,5.245527463974130455e+01,8.678863658835218303e+03,1.447385510889579052e+01
7.249644934314497698e-03,2.507124893013885988e-08,2.617183765700842457e+01,5.245527463974130455e+01,8.678863658835218303e+03,1.447385510889579052e+01
7.249644934314497698e-03,2.507124893013885988e-08,2.617183765700842457e+01,5.245527463974130455e+01,8.678863658835218303e+03,1.447385510889579052e+01
7.248802249242204503e-03,2.507281038347639695e-08,2.616933819749516132e+01,5.245329735023055662e+01,8.679386983860711553e+03,1.447709185036557855e+01
7.248271475551911792e-03,2.507336107573374010e-08,2.616076761071777312e+01,5.244759459652907907e+01,8.677808852217907770e+03,1.447814028843634837e+01
7.248271475551911792e-03,2.507336107573374010e-08,2.616076761071777312e+01,5.244759459652907907e+01,8.677808852217907770e+03,1.447814028843634837e+01
7.247895679407501471e-03,2.507292863614347752e-08,2.615780264920654119e+01,5.244518154947274979e+01,8.677558461801285375e+03,1.447831060149602500e+01
7.247929997176963575e-03,2.506843292406472606e-08,2.615065921892765743e+01,5.243671208734961908e+01,8.674838367934962662e+03,1.447580188457337513e+01
7.247929997176963575e-03,2.506843292406472606e-08,2.615065921892765743e+01,5.243671208734961908e+01,8.674838367934962662e+03,1.447580188457337513e+01
7.247929997176963575e-03,2.506843292406472606e-08,2.615065921892765743e+01,5.243671208734961908e+01,8.674838367934962662e+03,1.447580188457337513e+01
7.247815635319019949e-03,2.506849204615995832e-08,2.614979360330378810e+01,5.243610913188165057e+01,8.674708520818814577e+03,1.447590826945685727e+01
7.247815635319019949e-03,2.506849204615995832e-08,2.614979360330378810e+01,5.243610913188165057e+01,8.674708520818814577e+03,1.447590826945685727e+01
7.247815635319019949e-03,2.506849204615995832e-08,2.614979360330378810e+01,5.243610913188165057e+01,8.674708520818814577e+03,1.447590826945685727e+01
7.247815635319019949e-03,2.506849204615995832e-08,2.614979360330378810e+01,5.243610913188165057e+01,8.674708520818814577e+03,1.447590826945685727e+01
7.247815635319019949e-03,2.506849204615995832e-08,2.614979360330378810e+01,5.243610913188165057e+01,8.674708520818814577e+03,1.447590826945685727e+01
7.247205248189777377e-03,2.506588674821102379e-08,2.614152635343072717e+01,5.242829366549506176e+01,8.673014929978398868e+03,1.447509660236286244e+01
7.247205248189777377e-03,2.506588674821102379e-08,2.614152635343072717e+01,5.242829366549506176e+01,8.673014929978398868e+03,1.447509660236286244e+01
7.247212584106103167e-03,2.506585213332748582e-08,2.614147352089170084e+01,5.242824909549094770e+01,8.672993913798221911e+03,1.447506625141822489e+01
7.247212584106103167e-03,2.506585213332748582e-08,2.614147352089170084e+01,5.242824909549094770e+01,8.672993913798221911e+03,1.447506625141822489e+01
7.247212584106103167e-03,2.506585213332748582e-08,2.614147352089170084e+01,5.242824909549094770e+01,8.672993913798221911e+03,1.447506625141822489e+01
7.247212584106103167e-03,2.506585213332748582e-08,2.614147352089170084e+01,5.242824909549094770e+01,8.672993913798221911e+03,1.447506625141822489e+01
7.247212584106103167e-03,2.506585213332748582e-08,2.614147352089170084e+01,5.242824909549094770e+01,8.672993913798221911e+03,1.447506625141822489e+01
7.245456194105784342e-03,2.506497826192821604e-08,2.612937509509838208e+01,5.241688990442614227e+01,8.672118572611834679e+03,1.447932591897846599e+01
7.245456194105784342e-03,2.506497826192821604e-08,2.612937509509838208e+01,5.241688990442614227e+01,8.672118572611834679e+03,1.447932591897846599e+01
7.245456194105784342e-03,2.506497826192821604e-08,2.612937509509838208e+01,5.241688990442614227e+01,8.672118572611834679e+03,1.447932591897846599e+01
7.245456194105784342e-03,2.506497826192821604e-08,2.612937509509838208e+01,5.241688990442614227e+01,8.672118572611834679e+03,1.447932591897846599e+01
7.245456194105784342e-03,2.506497826192821604e-08,2.612937509509838208e+01,5.241688990442614227e+01,8.672118572611834679e+03,1.447932591897846599e+01
7.245456194105784342e-03,2.506497826192821604e-08,2.612937509509838208e+01,5.241688990442614227e+01,8.672118572611834679e+03,1.447932591897846599e+01
7.237411079391921874e-03,2.506686541856918451e-08,2.610377292529065940e+01,5.239138628116272400e+01,8.670507243731790368e+03,1.448275873775376432e+01
7.237411079391921874e-03,2.506686541856918451e-08,2.610377292529065940e+01,5.239138628116272400e+01,8.670507243731790368e+03,1.448275873775376432e+01
7.237411079391921874e-03,2.506686541856918451e-08,2.610377292529065940e+01,5.239138628116272400e+01,8.670507243731790368e+03,1.448275873775376432e+01
7.237411079391921874e-03,2.506686541856918451e-08,2.610377292529065940e+01,5.239138628116272400e+01,8.670507243731790368e+03,1.448275873775376432e+01
7.237411079391921874e-03,2.506686541856918451e-08,2.610377292529065940e+01,5.239138628116272400e+01,8.670507243731790368e+03,1.448275873775376432e+01
7.237411079391921874e-03,2.506686541856918451e-08,2.610377292529065940e+01,5.239138628116272400e+01,8.670507243731790368e+03,1.448275873775376432e+01
7.237411079391921874e-03,2.506686541856918451e-08,2.610377292529065940e+01,5.239138628116272400e+01,8.670507243731790368e+03,1.448275873775376432e+01
7.237411079391921874e-03,2.506686541856918451e-08,2.610377292529065940e+01,5.239138628116272400e+01,8.670507243731790368e+03,1.448275873775376432e+01
7.237411079391921874e-03,2.506686541856918451e-08,2.610377292529065940e+01,5.239138628116272400e+01,8.670507243731790368e+03,1.448275873775376432e+01
7.237411079391921874e-03,2.506686541856918451e-08,2.610377292529065940e+01,5.239138628116272400e+01,8.670507243731790368e+03,1.448275873775376432e+01
7.237411079391921874e-03,2.506686541856918451e-08,2.610377292529065940e+01,5.239138628116272400e+01,8.670507243731790368e+03,1.448275873775376432e+01
7.237411079391921874e-03,2.506686541856918451e-08,2.610377292529065940e+01,5.239138628116272400e+01,8.670507243731790368e+03,1.448275873775376432e+01
7.237411079391921874e-03,2.506686541856918451e-08,2.610377292529065940e+01,5.239138628116272400e+01,8.670507243731790368e+03,1.448275873775376432e+01
7.237411079391921874e-03,2.506686541856918451e-08,2.610377292529065940e+01,5.239138628116272400e+01,8.670507243731790368e+03,1.448275873775376432e+01
7.237411079391921874e-03,2.506686541856918451e-08,2.610377292529065940e+01,5.239138628116272400e+01,8.670507243731790368e+03,1.448275873775376432e+01
7.237411079391921874e-03,2.506686541856918451e-08,2.610377292529065940e+01,5.239138628116272400e+01,8.670507243731790368e+03,1.448275873775376432e+01
7.237411079391921874e-03,2.506686541856918451e-08,2.610377292529065940e+01,5.239138628116272400e+01,8.670507243731790368e+03,1.448275873775376432e+01
7.237411079391921874e-03,2.506686541856918451e-08,2.610377292529065940e+01,5.239138628116272400e+01,8.670507243731790368e+03,1.448275873775376432e+01
7.237411079391921874e-03,2.506686541856918451e-08,2.610377292529065940e+01,5.239138628116272400e+01,8.670507243731790368e+03,1.448275873775376432e+01
7.237411079391921874e-03,2.506686541856918451e-08,2.610377292529065940e+01,5.239138628116272400e+01,8.670507243731790368e+03,1.448275873775376432e+01
7.210196012263160419e-03,2.510489223281724683e-08,2.615464987812302411e+01,5.245072445217060420e+01,8.727775288430615547e+03,1.450334250622655752e+01
7.210196012263160419e-03,2.510489223281724683e-08,2.615464987812302411e+01,5.245072445217060420e+01,8.727775288430615547e+03,1.450334250622655752e+01
7.210196012263160419e-03,2.510489223281724683e-08,2.615464987812302411e+01,5.245072445217060420e+01,8.727775288430615547e+03,1.450334250622655752e+01
7.210196012263160419e-03,2.510489223281724683e-08,2.615464987812302411e+01,5.245072445217060420e+01,8.727775288430615547e+03,1.450334250622655752e+01
7.210196012263160419e-03,2.510489223281724683e-08,2.615464987812302411e+01,5.245072445217060420e+01,8.727775288430615547e+03,1.450334250622655752e+01
7.209546692071500638e-03,2.510661360831801939e-08,2.615318851903918329e+01,5.245064533734405643e+01,8.727843990531568124e+03,1.450543137975812336e+01
7.209546692071500638e-03,2.510661360831801939e-08,2.615318851903918329e+01,5.245064533734405643e+01,8.727843990531568124e+03,1.450543137975812336e+01
7.209546692071500638e-03,2.510661360831801939e-08,2.615318851903918329e+01,5.245064533734405643e+01,8.727843990531568124e+03,1.450543137975812336e+01
7.209546692071500638e-03,2.510661360831801939e-08,2.615318851903918329e+01,5.245064533734405643e+01,8.727843990531568124e+03,1.450543137975812336e+01
7.167407095402883281e-03,2.513026285538090181e-08,2.612267349825268781e+01,5.247933190477551335e+01,8.767866379022862020e+03,1.448188198870984245e+01
7.168202323126851919e-03,2.513015864784482639e-08,2.611378619434993098e+01,5.246947351317200514e+01,8.762806932251678518e+03,1.448452832416632319e+01
7.158309580647766700e-03,2.512802506767281036e-08,2.614599979031649113e+01,5.249414265462335294e+01,8.782408376671592123e+03,1.446949387741214466e+01
7.158309580647766700e-03,2.512802506767281036e-08,2.614599979031649113e+01,5.249414265462335294e+01,8.782408376671592123e+03,1.446949387741214466e+01
7.158309580647766700e-03,2.512802506767281036e-08,2.614599979031649113e+01,5.249414265462335294e+01,8.782408376671592123e+03,1.446949387741214466e+01
7.158309580647766700e-03,2.512802506767281036e-08,2.614599979031649113e+01,5.249414265462335294e+01,8.782408376671592123e+03,1.446949387741214466e+01
7.249874391240165167e-03,2.507162918767694649e-08,2.617066551061529722e+01,5.245423565268358601e+01,8.678346063966739166e+03,1.447409966186845232e+01
7.249874391240165167e-03,2.507162918767694649e-08,2.617066551061529722e+01,5.245423565268358601e+01,8.678346063966739166e+03,1.447409966186845232e+01
7.249874391240165167e-03,2.507162918767694649e-08,2.617066551061529722e+01,5.245423565268358601e+01,8.678346063966739166e+03,1.447409966186845232e+01
7.249874391240165167e-03,2.507162918767694649e-08,2.617066551061529722e+01,5.245423565268358601e+01,8.678346063966739166e+03,1.447409966186845232e+01
7.249920796851837962e-03,2.507181501035894001e-08,2.617073290242001349e+01,5.245424834776831347e+01,8.678415239516043584e+03,1.447418379647242936e+01
7.249920796851837962e-03,2.507181501035894001e-08,2.617073290242001349e+01,5.245424834776831347e+01,8.678415239516043584e+03,1.447418379647242936e+01
7.249920796851837962e-03,2.507181501035894001e-08,2.617073290242001349e+01,5.245424834776831347e+01,8.678415239516043584e+03,1.447418379647242936e+01
7.249920796851837962e-03,2.507181501035894001e-08,2.617073290242001349e+01,5.245424834776831347e+01,8.678415239516043584e+03,1.447418379647242936e+01
7.249920796851837962e-03,2.507181501035894001e-08,2.617073290242001349e+01,5.245424834776831347e+01,8.678415239516043584e+03,1.447418379647242936e+01
7.249920796851837962e-03,2.507181501035894001e-08,2.617073290242001349e+01,5.245424834776831347e+01,8.678415239516043584e+03,1.447418379647242936e+01
7.249920796851837962e-03,2.507181501035894001e-08,2.617073290242001349e+01,5.245424834776831347e+01,8.678415239516043584e+03,1.447418379647242936e+01
7.246132526499380298e-03,2.508084151811484397e-08,2.616131907456534123e+01,5.244734269426060536e+01,8.681078160513066905e+03,1.448919448901778573e+01
7.246132526499380298e-03,2.508084151811484397e-08,2.616131907456534123e+01,5.244734269426060536e+01,8.681078160513066905e+03,1.448919448901778573e+01
7.246132526499380298e-03,2.508084151811484397e-08,2.616131907456534123e+01,5.244734269426060536e+01,8.681078160513066905e+03,1.448919448901778573e+01
7.246132526499380298e-03,2.508084151811484397e-08,2.616131907456534123e+01,5.244734269426060536e+01,8.681078160513066905e+03,1.448919448901778573e+01
7.242588478336112363e-03,2.508938612529852778e-08,2.615247139873972415e+01,5.244078779112476241e+01,8.683565998423091514e+03,1.450338601944718242e+01
7.242588478336112363e-03,2.508938612529852778e-08,2.615247139873972415e+01,5.244078779112476241e+01,8.683565998423091514e+03,1.450338601944718242e+01
7.242588478336112363e-03,2.508938612529852778e-08,2.615247139873972415e+01,5.244078779112476241e+01,8.683565998423091514e+03,1.450338601944718242e+01
7.241958959916842790e-03,2.509090145292669272e-08,2.615089335967765649e+01,5.243977269455872658e+01,8.683951571456422244e+03,1.450558668444811516e+01
7.241958959916842790e-03,2.509090145292669272e-08,2.615089335967765649e+01,5.243977269455872658e+01,8.683951571456422244e+03,1.450558668444811516e+01
7.241958959916842790e-03,2.509090145292669272e-08,2.615089335967765649e+01,5.243977269455872658e+01,8.683951571456422244e+03,1.450558668444811516e+01
7.241958959916842790e-03,2.509090145292669272e-08,2.615089335967765649e+01,5.243977269455872658e+01,8.683951571456422244e+03,1.450558668444811516e+01
7.241958959916842790e-03,2.509090145292669272e-08,2.615089335967765649e+01,5.243977269455872658e+01,8.683951571456422244e+03,1.450558668444811516e+01
7.241958959916842790e-03,2.509090145292669272e-08,2.615089335967765649e+01,5.243977269455872658e+01,8.683951571456422244e+03,1.450558668444811516e+01
7.241958959916842790e-03,2.509090145292669272e-08,2.615089335967765649e+01,5.243977269455872658e+01,8.683951571456422244e+03,1.450558668444811516e+01
7.241958959916842790e-03,2.509090145292669272e-08,2.615089335967765649e+01,5.243977269455872658e+01,8.683951571456422244e+03,1.450558668444811516e+01
7.241958959916842790e-03,2.509090145292669272e-08,2.615089335967765649e+01,5.243977269455872658e+01,8.683951571456422244e+03,1.450558668444811516e+01
7.241958959916842790e-03,2.509090145292669272e-08,2.615089335967765649e+01,5.243977269455872658e+01,8.683951571456422244e+03,1.450558668444811516e+01
7.241958959916842790e-03,2.509090145292669272e-08,2.615089335967765649e+01,5.243977269455872658e+01,8.683951571456422244e+03,1.450558668444811516e+01
7.241958959916842790e-03,2.509090145292669272e-08,2.615089335967765649e+01,5.243977269455872658e+01,8.683951571456422244e+03,1.450558668444811516e+01
7.241958959916842790e-03,2.509090145292669272e-08,2.615089335967765649e+01,5.243977269455872658e+01,8.683951571456422244e+03,1.450558668444811516e+01
7.241958959916842790e-03,2.509090145292669272e-08,2.615089335967765649e+01,5.243977269455872658e+01,8.683951571456422244e+03,1.450558668444811516e+01
7.241958959916842790e-03,2.509090145292669272e-08,2.615089335967765649e+01,5.243977269455872658e+01,8.683951571456422244e+03,1.450558668444811516e+01
7.241958959916842790e-03,2.509090145292669272e-08,2.615089335967765649e+01,5.243977269455872658e+01,8.683951571456422244e+03,1.450558668444811516e+01
7.236085792921006371e-03,2.510145411425458023e-08,2.613438886876191347e+01,5.243148681248452903e+01,8.686383348287630724e+03,1.452218246157115367e+01
7.236085792921006371e-03,2.510145411425458023e-08,2.613438886876191347e+01,5.243148681248452903e+01,8.686383348287630724e+03,1.452218246157115367e+01
7.236085792921006371e-03,2.510145411425458023e-08,2.613438886876191347e+01,5.243148681248452903e+01,8.686383348287630724e+03,1.452218246157115367e+01
7.237922012580544177e-03,2.509679520557707724e-08,2.612893554198620905e+01,5.242621176135809691e+01,8.682788172574255441e+03,1.451648626149884791e+01
7.237922012580544177e-03,2.509679520557707724e-08,2.612893554198620905e+01,5.242621176135809691e+01,8.682788172574255441e+03,1.451648626149884791e+01
7.237922012580544177e-03,2.509679520557707724e-08,2.612893554198620905e+01,5.242621176135809691e+01,8.682788172574255441e+03,1.451648626149884791e+01
7.237922012580544177e-03,2.509679520557707724e-08,2.612893554198620905e+01,5.242621176135809691e+01,8.682788172574255441e+03,1.451648626149884791e+01
7.217827330063653936e-03,2.514231811742399867e-08,2.607373933333103722e+01,5.240118123460366206e+01,8.697894362160684977e+03,1.457866373162324081e+01
7.217827330063653936e-03,2.514231811742399867e-08,2.607373933333103722e+01,5.240118123460366206e+01,8.697894362160684977e+03,1.457866373162324081e+01
7.217827330063653936e-03,2.514231811742399867e-08,2.607373933333103722e+01,5.240118123460366206e+01,8.697894362160684977e+03,1.457866373162324081e+01
7.217827330063653936e-03,2.514231811742399867e-08,2.607373933333103722e+01,5.240118123460366206e+01,8.697894362160684977e+03,1.457866373162324081e+01
7.217827330063653936e-03,2.514231811742399867e-08,2.607373933333103722e+01,5.240118123460366206e+01,8.697894362160684977e+03,1.457866373162324081e+01
7.217827330063653936e-03,2.514231811742399867e-08,2.607373933333103722e+01,5.240118123460366206e+01,8.697894362160684977e+03,1.457866373162324081e+01
7.217827330063653936e-03,2.514231811742399867e-08,2.607373933333103722e+01,5.240118123460366206e+01,8.697894362160684977e+03,1.457866373162324081e+01
7.217827330063653936e-03,2.514231811742399867e-08,2.607373933333103722e+01,5.240118123460366206e+01,8.697894362160684977e+03,1.457866373162324081e+01
7.217827330063653936e-03,2.514231811742399867e-08,2.607373933333103722e+01,5.240118123460366206e+01,8.697894362160684977e+03,1.457866373162324081e+01
7.217827330063653936e-03,2.514231811742399867e-08,2.607373933333103722e+01,5.240118123460366206e+01,8.697894362160684977e+03,1.457866373162324081e+01
7.217827330063653936e-03,2.514231811742399867e-08,2.607373933333103722e+01,5.240118123460366206e+01,8.697894362160684977e+03,1.457866373162324081e+01
7.217827330063653936e-03,2.514231811742399867e-08,2.607373933333103722e+01,5.240118123460366206e+01,8.697894362160684977e+03,1.457866373162324081e+01
7.214461491964121488e-03,2.516424264667428888e-08,2.594657026152459167e+01,5.228898072864201652e+01,8.672728977821638182e+03,1.466714262574080863e+01
7.214461491964121488e-03,2.516424264667428888e-08,2.594657026152459167e+01,5.228898072864201652e+01,8.672728977821638182e+03,1.466714262574080863e+01
7.214461491964121488e-03,2.516424264667428888e-08,2.594657026152459167e+01,5.228898072864201652e+01,8.672728977821638182e+03,1.466714262574080863e+01
7.214461491964121488e-03,2.516424264667428888e-08,2.594657026152459167e+01,5.228898072864201652e+01,8.672728977821638182e+03,1.466714262574080863e+01
7.214461491964121488e-03,2.516424264667428888e-08,2.594657026152459167e+01,5.228898072864201652e+01,8.672728977821638182e+03,1.466714262574080863e+01
7.214461491964121488e-03,2.516424264667428888e-08,2.594657026152459167e+01,5.228898072864201652e+01,8.672728977821638182e+03,1.466714262574080863e+01
7.214461491964121488e-03,2.516424264667428888e-08,2.594657026152459167e+01,5.228898072864201652e+01,8.672728977821638182e+03,1.466714262574080863e+01
7.214461491964121488e-03,2.516424264667428888e-08,2.594657026152459167e+01,5.228898072864201652e+01,8.672728977821638182e+03,1.466714262574080863e+01
7.214461491964121488e-03,2.516424264667428888e-08,2.594657026152459167e+01,5.228898072864201652e+01,8.672728977821638182e+03,1.466714262574080863e+01
7.214461491964121488e-03,2.516424264667428888e-08,2.594657026152459167e+01,5.228898072864201652e+01,8.672728977821638182e+03,1.466714262574080863e+01
7.214461491964121488e-03,2.516424264667428888e-08,2.594657026152459167e+01,5.228898072864201652e+01,8.672728977821638182e+03,1.466714262574080863e+01
7.213041579329640580e-03,2.516984385089130406e-08,2.594248959771570284e+01,5.228918361180176078e+01,8.673832646112135990e+03,1.467364531852803111e+01
7.198491641354291294e-03,2.517183981681334648e-08,2.590581044423687374e+01,5.231878375981435170e+01,8.671332057912079108e+03,1.463889152143100425e+01
7.198491641354291294e-03,2.517183981681334648e-08,2.590581044423687374e+01,5.231878375981435170e+01,8.671332057912079108e+03,1.463889152143100425e+01
7.198491641354291294e-03,2.517183981681334648e-08,2.590581044423687374e+01,5.231878375981435170e+01,8.671332057912079108e+03,1.463889152143100425e+01
7.196694486149930216e-03,2.517032074751573035e-08,2.590543426337306698e+01,5.231929155101924778e+01,8.671825673422465115e+03,1.463345805537145061e+01
7.196694486149930216e-03,2.517032074751573035e-08,2.590543426337306698e+01,5.231929155101924778e+01,8.671825673422465115e+03,1.463345805537145061e+01
7.196694486149930216e-03,2.517032074751573035e-08,2.590543426337306698e+01,5.231929155101924778e+01,8.671825673422465115e+03,1.463345805537145061e+01
7.196694486149930216e-03,2.517032074751573035e-08,2.590543426337306698e+01,5.231929155101924778e+01,8.671825673422465115e+03,1.463345805537145061e+01
7.196694486149930216e-03,2.517032074751573035e-08,2.590543426337306698e+01,5.231929155101924778e+01,8.671825673422465115e+03,1.463345805537145061e+01
7.196694486149930216e-03,2.517032074751573035e-08,2.590543426337306698e+01,5.231929155101924778e+01,8.671825673422465115e+03,1.463345805537145061e+01
7.196694486149930216e-03,2.517032074751573035e-08,2.590543426337306698e+01,5.231929155101924778e+01,8.671825673422465115e+03,1.463345805537145061e+01
7.196694486149930216e-03,2.517032074751573035e-08,2.590543426337306698e+01,5.231929155101924778e+01,8.671825673422465115e+03,1.463345805537145061e+01
7.196694486149930216e-03,2.517032074751573035e-08,2.590543426337306698e+01,5.231929155101924778e+01,8.671825673422465115e+03,1.463345805537145061e+01
7.196694486149930216e-03,2.517032074751573035e-08,2.590543426337306698e+01,5.231929155101924778e+01,8.671825673422465115e+03,1.463345805537145061e+01
7.196694486149930216e-03,2.517032074751573035e-08,2.590543426337306698e+01,5.231929155101924778e+01,8.671825673422465115e+03,1.463345805537145061e+01
7.196694486149930216e-03,2.517032074751573035e-08,2.590543426337306698e+01,5.231929155101924778e+01,8.671825673422465115e+03,1.463345805537145061e+01
7.196694486149930216e-03,2.517032074751573035e-08,2.590543426337306698e+01,5.231929155101924778e+01,8.671825673422465115e+03,1.463345805537145061e+01
7.196694486149930216e-03,2.517032074751573035e-08,2.590543426337306698e+01,5.231929155101924778e+01,8.671825673422465115e+03,1.463345805537145061e+01
7.196694486149930216e-03,2.517032074751573035e-08,2.590543426337306698e+01,5.231929155101924778e+01,8.671825673422465115e+03,1.463345805537145061e+01
7.196694486149930216e-03,2.517032074751573035e-08,2.590543426337306698e+01,5.231929155101924778e+01,8.671825673422465115e+03,1.463345805537145061e+01
7.196694486149930216e-03,2.517032074751573035e-08,2.590543426337306698e+01,5.231929155101924778e+01,8.671825673422465115e+03,1.463345805537145061e+01
7.196694486149930216e-03,2.517032074751573035e-08,2.590543426337306698e+01,5.231929155101924778e+01,8.671825673422465115e+03,1.463345805537145061e+01
7.196694486149930216e-03,2.517032074751573035e-08,2.590543426337306698e+01,5.231929155101924778e+01,8.671825673422465115e+03,1.463345805537145061e+01
7.196694486149930216e-03,2.517032074751573035e-08,2.590543426337306698e+01,5.231929155101924778e+01,8.671825673422465115e+03,1.463345805537145061e+01
7.196694486149930216e-03,2.517032074751573035e-08,2.590543426337306698e+01,5.231929155101924778e+01,8.671825673422465115e+03,1.463345805537145061e+01
7.196694486149930216e-03,2.517032074751573035e-08,2.590543426337306698e+01,5.231929155101924778e+01,8.671825673422465115e+03,1.463345805537145061e+01
7.249868187606231355e-03,2.507150649164031516e-08,2.617055409821114154e+01,5.245411039308894630e+01,8.678461542451281275e+03,1.447392339721885968e+01
7.249868187606231355e-03,2.507150649164031516e-08,2.617055409821114154e+01,5.245411039308894630e+01,8.678461542451281275e+03,1.447392339721885968e+01
7.249892264267009286e-03,2.507152875419726227e-08,2.617059689101741782e+01,5.245403025666071528e+01,8.678481794697834630e+03,1.447387165517210406e+01
7.249953902344819477e-03,2.507192695865920143e-08,2.617143575356545071e+01,5.245403290252909301e+01,8.678475442007549645e+03,1.447357249420411662e+01
7.249953902344819477e-03,2.507192695865920143e-08,2.617143575356545071e+01,5.245403290252909301e+01,8.678475442007549645e+03,1.447357249420411662e+01
7.249953902344819477e-03,2.507192695865920143e-08,2.617143575356545071e+01,5.245403290252909301e+01,8.678475442007549645e+03,1.447357249420411662e+01
7.249953902344819477e-03,2.507192695865920143e-08,2.617143575356545071e+01,5.245403290252909301e+01,8.678475442007549645e+03,1.447357249420411662e+01
7.249953902344819477e-03,2.507192695865920143e-08,2.617143575356545071e+01,5.245403290252909301e+01,8.678475442007549645e+03,1.447357249420411662e+01
7.249953902344819477e-03,2.507192695865920143e-08,2.617143575356545071e+01,5.245403290252909301e+01,8.678475442007549645e+03,1.447357249420411662e+01
7.249953902344819477e-03,2.507192695865920143e-08,2.617143575356545071e+01,5.245403290252909301e+01,8.678475442007549645e+03,1.447357249420411662e+01
7.249953902344819477e-03,2.507192695865920143e-08,2.617143575356545071e+01,5.245403290252909301e+01,8.678475442007549645e+03,1.447357249420411662e+01
7.249953902344819477e-03,2.507192695865920143e-08,2.617143575356545071e+01,5.245403290252909301e+01,8.678475442007549645e+03,1.447357249420411662e+01
7.249953902344819477e-03,2.507192695865920143e-08,2.617143575356545071e+01,5.245403290252909301e+01,8.678475442007549645e+03,1.447357249420411662e+01
7.249953902344819477e-03,2.507192695865920143e-08,2.617143575356545071e+01,5.245403290252909301e+01,8.678475442007549645e+03,1.447357249420411662e+01
7.246318790436836500e-03,2.508081223337943209e-08,2.616304288049982674e+01,5.244716388625077030e+01,8.681123679690093923e+03,1.448749251940816585e+01
7.246318790436836500e-03,2.508081223337943209e-08,2.616304288049982674e+01,5.244716388625077030e+01,8.681123679690093923e+03,1.448749251940816585e+01
7.246318790436836500e-03,2.508081223337943209e-08,2.616304288049982674e+01,5.244716388625077030e+01,8.681123679690093923e+03,1.448749251940816585e+01
7.246318790436836500e-03,2.508081223337943209e-08,2.616304288049982674e+01,5.244716388625077030e+01,8.681123679690093923e+03,1.448749251940816585e+01
7.249010408786802327e-03,2.507386941283598174e-08,2.616934554662209678e+01,5.245215334460678491e+01,8.679139436565401411e+03,1.447699294364234035e+01
7.249065055683292028e-03,2.507373178785535469e-08,2.616943348456454288e+01,5.245228447601733990e+01,8.679082402368347175e+03,1.447680141381741059e+01
7.249065055683292028e-03,2.507373178785535469e-08,2.616943348456454288e+01,5.245228447601733990e+01,8.679082402368347175e+03,1.447680141381741059e+01
7.249065055683292028e-03,2.507373178785535469e-08,2.616943348456454288e+01,5.245228447601733990e+01,8.679082402368347175e+03,1.447680141381741059e+01
7.249065055683292028e-03,2.507373178785535469e-08,2.616943348456454288e+01,5.245228447601733990e+01,8.679082402368347175e+03,1.447680141381741059e+01
7.248154088955965565e-03,2.507726138563952991e-08,2.616686357603281721e+01,5.245225884340542422e+01,8.679441554634302520e+03,1.447899867067322255e+01
7.248154088955965565e-03,2.507726138563952991e-08,2.616686357603281721e+01,5.245225884340542422e+01,8.679441554634302520e+03,1.447899867067322255e+01
7.248154088955965565e-03,2.507726138563952991e-08,2.616686357603281721e+01,5.245225884340542422e+01,8.679441554634302520e+03,1.447899867067322255e+01
7.248154088955965565e-03,2.507726138563952991e-08,2.616686357603281721e+01,5.245225884340542422e+01,8.679441554634302520e+03,1.447899867067322255e+01
7.248154088955965565e-03,2.507726138563952991e-08,2.616686357603281721e+01,5.245225884340542422e+01,8.679441554634302520e+03,1.447899867067322255e+01
7.248154088955965565e-03,2.507726138563952991e-08,2.616686357603281721e+01,5.245225884340542422e+01,8.679441554634302520e+03,1.447899867067322255e+01
7.247779875075749043e-03,2.507856502883367261e-08,2.616588135794580694e+01,5.245212027685473544e+01,8.679548839478555237e+03,1.447973520529572689e+01
7.247709146702694880e-03,2.507882768606419253e-08,2.616575877212915202e+01,5.245209923349791836e+01,8.679600976184676256e+03,1.447993686178341655e+01
7.247709146702694880e-03,2.507882768606419253e-08,2.616575877212915202e+01,5.245209923349791836e+01,8.679600976184676256e+03,1.447993686178341655e+01
7.247709146702694880e-03,2.507882768606419253e-08,2.616575877212915202e+01,5.245209923349791836e+01,8.679600976184676256e+03,1.447993686178341655e+01
7.247709146702694880e-03,2.507882768606419253e-08,2.616575877212915202e+01,5.245209923349791836e+01,8.679600976184676256e+03,1.447993686178341655e+01
7.247835896211591265e-03,2.507851005500137479e-08,2.616605180292597055e+01,5.245227739421726909e+01,8.679513273808142912e+03,1.447947409694732634e+01
7.246334598657098829e-03,2.508269995136515554e-08,2.616290333002620727e+01,5.245072232458021233e+01,8.680097981900524246e+03,1.448146166627710762e+01
7.246654481986519215e-03,2.508195576121952792e-08,2.616619128498621549e+01,5.245281423768544471e+01,8.680596937777707353e+03,1.448085790458471500e+01
7.246654481986519215e-03,2.508195576121952792e-08,2.616619128498621549e+01,5.245281423768544471e+01,8.680596937777707353e+03,1.448085790458471500e+01
7.249088181082725089e-03,2.507510471064038801e-08,2.617023441415957663e+01,5.245462130753247720e+01,8.679396432983317936e+03,1.447770957738504194e+01
7.248977844201779860e-03,2.507562315151857174e-08,2.617016926067613625e+01,5.245469152482344555e+01,8.679554472854830237e+03,1.447825643718905475e+01
7.248977844201779860e-03,2.507562315151857174e-08,2.617016926067613625e+01,5.245469152482344555e+01,8.679554472854830237e+03,1.447825643718905475e+01
7.248977844201779860e-03,2.507562315151857174e-08,2.617016926067613625e+01,5.245469152482344555e+01,8.679554472854830237e+03,1.447825643718905475e+01
7.248977844201779860e-03,2.507562315151857174e-08,2.617016926067613625e+01,5.245469152482344555e+01,8.679554472854830237e+03,1.447825643718905475e+01
7.248977844201779860e-03,2.507562315151857174e-08,2.617016926067613625e+01,5.245469152482344555e+01,8.679554472854830237e+03,1.447825643718905475e+01
7.248977844201779860e-03,2.507562315151857174e-08,2.617016926067613625e+01,5.245469152482344555e+01,8.679554472854830237e+03,1.447825643718905475e+01
7.248977844201779860e-03,2.507562315151857174e-08,2.617016926067613625e+01,5.245469152482344555e+01,8.679554472854830237e+03,1.447825643718905475e+01
7.248977844201779860e-03,2.507562315151857174e-08,2.617016926067613625e+01,5.245469152482344555e+01,8.679554472854830237e+03,1.447825643718905475e+01
7.248977844201779860e-03,2.507562315151857174e-08,2.617016926067613625e+01,5.245469152482344555e+01,8.679554472854830237e+03,1.447825643718905475e+01
7.248977844201779860e-03,2.507562315151857174e-08,2.617016926067613625e+01,5.245469152482344555e+01,8.679554472854830237e+03,1.447825643718905475e+01
7.249400149761470180e-03,2.507236248314458618e-08,2.616891343999271413e+01,5.244790844850511746e+01,8.677608930837192020e+03,1.447709528351479058e+01
7.249400149761470180e-03,2.507236248314458618e-08,2.616891343999271413e+01,5.244790844850511746e+01,8.677608930837192020e+03,1.447709528351479058e+01
7.249400149761470180e-03,2.507236248314458618e-08,2.616891343999271413e+01,5.244790844850511746e+01,8.677608930837192020e+03,1.447709528351479058e+01
7.249400149761470180e-03,2.507236248314458618e-08,2.616891343999271413e+01,5.244790844850511746e+01,8.677608930837192020e+03,1.447709528351479058e+01
7.249400149761470180e-03,2.507236248314458618e-08,2.616891343999271413e+01,5.244790844850511746e+01,8.677608930837192020e+03,1.447709528351479058e+01
7.249400149761470180e-03,2.507236248314458618e-08,2.616891343999271413e+01,5.244790844850511746e+01,8.677608930837192020e+03,1.447709528351479058e+01
7.249400149761470180e-03,2.507236248314458618e-08,2.616891343999271413e+01,5.244790844850511746e+01,8.677608930837192020e+03,1.447709528351479058e+01
7.247313832726537917e-03,2.507328369402867417e-08,2.616660466268673702e+01,5.244468837931645311e+01,8.678163240654173933e+03,1.447785136260811534e+01
7.247313832726537917e-03,2.507328369402867417e-08,2.616660466268673702e+01,5.244468837931645311e+01,8.678163240654173933e+03,1.447785136260811534e+01
7.247313832726537917e-03,2.507328369402867417e-08,2.616660466268673702e+01,5.244468837931645311e+01,8.678163240654173933e+03,1.447785136260811534e+01
7.247313832726537917e-03,2.507328369402867417e-08,2.616660466268673702e+01,5.244468837931645311e+01,8.678163240654173933e+03,1.447785136260811534e+01
7.247313832726537917e-03,2.507328369402867417e-08,2.616660466268673702e+01,5.244468837931645311e+01,8.678163240654173933e+03,1.447785136260811534e+01
7.249161166051018047e-03,2.506131909082780714e-08,2.618239067226042849e+01,5.245581946564328035e+01,8.676648825183978261e+03,1.445510835625527868e+01
7.249239481821280993e-03,2.506186435790998934e-08,2.618194757289877472e+01,5.245688570833770825e+01,8.676740052981440385e+03,1.445563375916909621e+01
7.249239481821280993e-03,2.506186435790998934e-08,2.618194757289877472e+01,5.245688570833770825e+01,8.676740052981440385e+03,1.445563375916909621e+01
7.249239481821280993e-03,2.506186435790998934e-08,2.618194757289877472e+01,5.245688570833770825e+01,8.676740052981440385e+03,1.445563375916909621e+01
7.249239481821280993e-03,2.506186435790998934e-08,2.618194757289877472e+01,5.245688570833770825e+01,8.676740052981440385e+03,1.445563375916909621e+01
7.249239481821280993e-03,2.506186435790998934e-08,2.618194757289877472e+01,5.245688570833770825e+01,8.676740052981440385e+03,1.445563375916909621e+01
7.249239481821280993e-03,2.506186435790998934e-08,2.618194757289877472e+01,5.245688570833770825e+01,8.676740052981440385e+03,1.445563375916909621e+01
7.249356816023706275e-03,2.506241390174298629e-08,2.618160453147581634e+01,5.245744214284921725e+01,8.676923897192093136e+03,1.445632642454498118e+01
7.249356816023706275e-03,2.506241390174298629e-08,2.618160453147581634e+01,5.245744214284921725e+01,8.676923897192093136e+03,1.445632642454498118e+01
7.245043951137152168e-03,2.503681805278497173e-08,2.619940441641622897e+01,5.243394032405213778e+01,8.668467541760926906e+03,1.442465312362340590e+01
7.245043951137152168e-03,2.503681805278497173e-08,2.619940441641622897e+01,5.243394032405213778e+01,8.668467541760926906e+03,1.442465312362340590e+01
7.245043951137152168e-03,2.503681805278497173e-08,2.619940441641622897e+01,5.243394032405213778e+01,8.668467541760926906e+03,1.442465312362340590e+01
7.245043951137152168e-03,2.503681805278497173e-08,2.619940441641622897e+01,5.243394032405213778e+01,8.668467541760926906e+03,1.442465312362340590e+01
7.267617221066864121e-03,2.502503351675802062e-08,2.623923754756029680e+01,5.236727993267394510e+01,8.658212532657327756e+03,1.443867612237846387e+01
7.267617221066864121e-03,2.502503351675802062e-08,2.623923754756029680e+01,5.236727993267394510e+01,8.658212532657327756e+03,1.443867612237846387e+01
7.267617221066864121e-03,2.502503351675802062e-08,2.623923754756029680e+01,5.236727993267394510e+01,8.658212532657327756e+03,1.443867612237846387e+01
7.267617221066864121e-03,2.502503351675802062e-08,2.623923754756029680e+01,5.236727993267394510e+01,8.658212532657327756e+03,1.443867612237846387e+01
7.267617221066864121e-03,2.502503351675802062e-08,2.623923754756029680e+01,5.236727993267394510e+01,8.658212532657327756e+03,1.443867612237846387e+01
7.267617221066864121e-03,2.502503351675802062e-08,2.623923754756029680e+01,5.236727993267394510e+01,8.658212532657327756e+03,1.443867612237846387e+01
7.267617221066864121e-03,2.502503351675802062e-08,2.623923754756029680e+01,5.236727993267394510e+01,8.658212532657327756e+03,1.443867612237846387e+01
7.267617221066864121e-03,2.502503351675802062e-08,2.623923754756029680e+01,5.236727993267394510e+01,8.658212532657327756e+03,1.443867612237846387e+01
7.267617221066864121e-03,2.502503351675802062e-08,2.623923754756029680e+01,5.236727993267394510e+01,8.658212532657327756e+03,1.443867612237846387e+01
7.267617221066864121e-03,2.502503351675802062e-08,2.623923754756029680e+01,5.236727993267394510e+01,8.658212532657327756e+03,1.443867612237846387e+01
7.267617221066864121e-03,2.502503351675802062e-08,2.623923754756029680e+01,5.236727993267394510e+01,8.658212532657327756e+03,1.443867612237846387e+01
7.267617221066864121e-03,2.502503351675802062e-08,2.623923754756029680e+01,5.236727993267394510e+01,8.658212532657327756e+03,1.443867612237846387e+01
7.267617221066864121e-03,2.502503351675802062e-08,2.623923754756029680e+01,5.236727993267394510e+01,8.658212532657327756e+03,1.443867612237846387e+01
7.299415108531502432e-03,2.497062027207955947e-08,2.628677116519489232e+01,5.240818132144491415e+01,8.644227730403821624e+03,1.436733476299931311e+01
7.299415108531502432e-03,2.497062027207955947e-08,2.628677116519489232e+01,5.240818132144491415e+01,8.644227730403821624e+03,1.436733476299931311e+01
7.299415108531502432e-03,2.497062027207955947e-08,2.628677116519489232e+01,5.240818132144491415e+01,8.644227730403821624e+03,1.436733476299931311e+01
7.249929824143011223e-03,2.507161134834500562e-08,2.617070307311860233e+01,5.245390871310371494e+01,8.678518561163758932e+03,1.447378186999906369e+01
7.249957417610629687e-03,2.507158899816122626e-08,2.617071269136562606e+01,5.245381340311192986e+01,8.678536598774573577e+03,1.447373163890050130e+01
7.249957417610629687e-03,2.507158899816122626e-08,2.617071269136562606e+01,5.245381340311192986e+01,8.678536598774573577e+03,1.447373163890050130e+01
7.250068516632826067e-03,2.507178610106802326e-08,2.617041553145845967e+01,5.245362284772767225e+01,8.678476164768188028e+03,1.447380052290850116e+01
7.250068516632826067e-03,2.507178610106802326e-08,2.617041553145845967e+01,5.245362284772767225e+01,8.678476164768188028e+03,1.447380052290850116e+01
7.250068516632826067e-03,2.507178610106802326e-08,2.617041553145845967e+01,5.245362284772767225e+01,8.678476164768188028e+03,1.447380052290850116e+01
7.250068516632826067e-03,2.507178610106802326e-08,2.617041553145845967e+01,5.245362284772767225e+01,8.678476164768188028e+03,1.447380052290850116e+01
7.250064059506900783e-03,2.507178115941630314e-08,2.617042296706198812e+01,5.245364618723058214e+01,8.678474539704517156e+03,1.447380379961470176e+01
7.250064059506900783e-03,2.507178115941630314e-08,2.617042296706198812e+01,5.245364618723058214e+01,8.678474539704517156e+03,1.447380379961470176e+01
7.250041989408683059e-03,2.507172194022949247e-08,2.617038650719916504e+01,5.245380763039604943e+01,8.678336016595314504e+03,1.447404227514404695e+01
7.250041989408683059e-03,2.507172194022949247e-08,2.617038650719916504e+01,5.245380763039604943e+01,8.678336016595314504e+03,1.447404227514404695e+01
7.250041989408683059e-03,2.507172194022949247e-08,2.617038650719916504e+01,5.245380763039604943e+01,8.678336016595314504e+03,1.447404227514404695e+01
7.250041989408683059e-03,2.507172194022949247e-08,2.617038650719916504e+01,5.245380763039604943e+01,8.678336016595314504e+03,1.447404227514404695e+01
7.250041989408683059e-03,2.507172194022949247e-08,2.617038650719916504e+01,5.245380763039604943e+01,8.678336016595314504e+03,1.447404227514404695e+01
7.250041989408683059e-03,2.507172194022949247e-08,2.617038650719916504e+01,5.245380763039604943e+01,8.678336016595314504e+03,1.447404227514404695e+01
7.250041989408683059e-03,2.507172194022949247e-08,2.617038650719916504e+01,5.245380763039604943e+01,8.678336016595314504e+03,1.447404227514404695e+01
7.250041989408683059e-03,2.507172194022949247e-08,2.617038650719916504e+01,5.245380763039604943e+01,8.678336016595314504e+03,1.447404227514404695e+01
7.250041989408683059e-03,2.507172194022949247e-08,2.617038650719916504e+01,5.245380763039604943e+01,8.678336016595314504e+03,1.447404227514404695e+01
7.250041989408683059e-03,2.507172194022949247e-08,2.617038650719916504e+01,5.245380763039604943e+01,8.678336016595314504e+03,1.447404227514404695e+01
7.250041989408683059e-03,2.507172194022949247e-08,2.617038650719916504e+01,5.245380763039604943e+01,8.678336016595314504e+03,1.447404227514404695e+01
7.250041989408683059e-03,2.507172194022949247e-08,2.617038650719916504e+01,5.245380763039604943e+01,8.678336016595314504e+03,1.447404227514404695e+01
7.250041989408683059e-03,2.507172194022949247e-08,2.617038650719916504e+01,5.245380763039604943e+01,8.678336016595314504e+03,1.447404227514404695e+01
7.250041989408683059e-03,2.507172194022949247e-08,2.617038650719916504e+01,5.245380763039604943e+01,8.678336016595314504e+03,1.447404227514404695e+01
7.250041989408683059e-03,2.507172194022949247e-08,2.617038650719916504e+01,5.245380763039604943e+01,8.678336016595314504e+03,1.447404227514404695e+01
7.250041989408683059e-03,2.507172194022949247e-08,2.617038650719916504e+01,5.245380763039604943e+01,8.678336016595314504e+03,1.447404227514404695e+01
7.250041989408683059e-03,2.507172194022949247e-08,2.617038650719916504e+01,5.245380763039604943e+01,8.678336016595314504e+03,1.447404227514404695e+01
7.250041989408683059e-03,2.507172194022949247e-08,2.617038650719916504e+01,5.245380763039604943e+01,8.678336016595314504e+03,1.447404227514404695e+01
7.250041989408683059e-03,2.507172194022949247e-08,2.617038650719916504e+01,5.245380763039604943e+01,8.678336016595314504e+03,1.447404227514404695e+01
7.250041989408683059e-03,2.507172194022949247e-08,2.617038650719916504e+01,5.245380763039604943e+01,8.678336016595314504e+03,1.447404227514404695e+01
7.250041989408683059e-03,2.507172194022949247e-08,2.617038650719916504e+01,5.245380763039604943e+01,8.678336016595314504e+03,1.447404227514404695e+01
7.250041989408683059e-03,2.507172194022949247e-08,2.617038650719916504e+01,5.245380763039604943e+01,8.678336016595314504e+03,1.447404227514404695e+01
7.250041989408683059e-03,2.507172194022949247e-08,2.617038650719916504e+01,5.245380763039604943e+01,8.678336016595314504e+03,1.447404227514404695e+01
7.250041989408683059e-03,2.507172194022949247e-08,2.617038650719916504e+01,5.245380763039604943e+01,8.678336016595314504e+03,1.447404227514404695e+01
7.250041989408683059e-03,2.507172194022949247e-08,2.617038650719916504e+01,5.245380763039604943e+01,8.678336016595314504e+03,1.447404227514404695e+01
7.250041989408683059e-03,2.507172194022949247e-08,2.617038650719916504e+01,5.245380763039604943e+01,8.678336016595314504e+03,1.447404227514404695e+01
7.249234840986684171e-03,2.507359009793745170e-08,2.616837103541032405e+01,5.245229788777400870e+01,8.678861860226739736e+03,1.447716146495602096e+01
7.248835941062205940e-03,2.507501378319945450e-08,2.616678501472890161e+01,5.245098856131026110e+01,8.679241847435770978e+03,1.447953023310460985e+01
7.247367051413835214e-03,2.507560785542173935e-08,2.616046468915434176e+01,5.244580235687994474e+01,8.679021802610684972e+03,1.448155716207761934e+01
7.247367051413835214e-03,2.507560785542173935e-08,2.616046468915434176e+01,5.244580235687994474e+01,8.679021802610684972e+03,1.448155716207761934e+01
7.247367051413835214e-03,2.507560785542173935e-08,2.616046468915434176e+01,5.244580235687994474e+01,8.679021802610684972e+03,1.448155716207761934e+01
7.247367051413835214e-03,2.507560785542173935e-08,2.616046468915434176e+01,5.244580235687994474e+01,8.679021802610684972e+03,1.448155716207761934e+01
7.247367051413835214e-03,2.507560785542173935e-08,2.616046468915434176e+01,5.244580235687994474e+01,8.679021802610684972e+03,1.448155716207761934e+01
7.247367051413835214e-03,2.507560785542173935e-08,2.616046468915434176e+01,5.244580235687994474e+01,8.679021802610684972e+03,1.448155716207761934e+01
7.247367051413835214e-03,2.507560785542173935e-08,2.616046468915434176e+01,5.244580235687994474e+01,8.679021802610684972e+03,1.448155716207761934e+01
7.251743086095554895e-03,2.507449412836137001e-08,2.616314480037985035e+01,5.245291540493239779e+01,8.678163442847033366e+03,1.448126975147179252e+01
7.252638870989486751e-03,2.507307922188421555e-08,2.616476935964533723e+01,5.245382391091752083e+01,8.677932116394847981e+03,1.448045522264228779e+01
7.252682278525383192e-03,2.507312043345372267e-08,2.616547439397613317e+01,5.245444100564156997e+01,8.678099140482510848e+03,1.448052909842529345e+01
7.252682278525383192e-03,2.507312043345372267e-08,2.616547439397613317e+01,5.245444100564156997e+01,8.678099140482510848e+03,1.448052909842529345e+01
7.252682278525383192e-03,2.507312043345372267e-08,2.616547439397613317e+01,5.245444100564156997e+01,8.678099140482510848e+03,1.448052909842529345e+01
7.252682278525383192e-03,2.507312043345372267e-08,2.616547439397613317e+01,5.245444100564156997e+01,8.678099140482510848e+03,1.448052909842529345e+01
7.252682278525383192e-03,2.507312043345372267e-08,2.616547439397613317e+01,5.245444100564156997e+01,8.678099140482510848e+03,1.448052909842529345e+01
7.252682278525383192e-03,2.507312043345372267e-08,2.616547439397613317e+01,5.245444100564156997e+01,8.678099140482510848e+03,1.448052909842529345e+01
7.252682278525383192e-03,2.507312043345372267e-08,2.616547439397613317e+01,5.245444100564156997e+01,8.678099140482510848e+03,1.448052909842529345e+01
7.252796714743767366e-03,2.507259906462190393e-08,2.616717914011938007e+01,5.245569350187791002e+01,8.678231480585973259e+03,1.447945681146179808e+01
7.253096941349154551e-03,2.507237992164138222e-08,2.616431882665241204e+01,5.245388363200206072e+01,8.677453703289655095e+03,1.447940162401152264e+01
7.253096941349154551e-03,2.507237992164138222e-08,2.616431882665241204e+01,5.245388363200206072e+01,8.677453703289655095e+03,1.447940162401152264e+01
7.253261180132858713e-03,2.507254426831014584e-08,2.616389731691522158e+01,5.245394229514943163e+01,8.677423352853311371e+03,1.447975001333318090e+01
7.253261180132858713e-03,2.507254426831014584e-08,2.616389731691522158e+01,5.245394229514943163e+01,8.677423352853311371e+03,1.447975001333318090e+01
7.253261180132858713e-03,2.507254426831014584e-08,2.616389731691522158e+01,5.245394229514943163e+01,8.677423352853311371e+03,1.447975001333318090e+01
7.289890342426063458e-03,2.498672897864138957e-08,2.636965980652298924e+01,5.260934170721862557e+01,8.681834442853591099e+03,1.430593879204425534e+01
7.289890342426063458e-03,2.498672897864138957e-08,2.636965980652298924e+01,5.260934170721862557e+01,8.681834442853591099e+03,1.430593879204425534e+01
7.309083049791484377e-03,2.499083888734702035e-08,2.640332714026247629e+01,5.269876730083056771e+01,8.690852558676573608e+03,1.427515678907620078e+01
7.309083049791484377e-03,2.499083888734702035e-08,2.640332714026247629e+01,5.269876730083056771e+01,8.690852558676573608e+03,1.427515678907620078e+01
7.309083049791484377e-03,2.499083888734702035e-08,2.640332714026247629e+01,5.269876730083056771e+01,8.690852558676573608e+03,1.427515678907620078e+01
7.309083049791484377e-03,2.499083888734702035e-08,2.640332714026247629e+01,5.269876730083056771e+01,8.690852558676573608e+03,1.427515678907620078e+01
7.309083049791484377e-03,2.499083888734702035e-08,2.640332714026247629e+01,5.269876730083056771e+01,8.690852558676573608e+03,1.427515678907620078e+01
7.309083049791484377e-03,2.499083888734702035e-08,2.640332714026247629e+01,5.269876730083056771e+01,8.690852558676573608e+03,1.427515678907620078e+01
7.309083049791484377e-03,2.499083888734702035e-08,2.640332714026247629e+01,5.269876730083056771e+01,8.690852558676573608e+03,1.427515678907620078e+01
7.309083049791484377e-03,2.499083888734702035e-08,2.640332714026247629e+01,5.269876730083056771e+01,8.690852558676573608e+03,1.427515678907620078e+01
7.309083049791484377e-03,2.499083888734702035e-08,2.640332714026247629e+01,5.269876730083056771e+01,8.690852558676573608e+03,1.427515678907620078e+01
7.309083049791484377e-03,2.499083888734702035e-08,2.640332714026247629e+01,5.269876730083056771e+01,8.690852558676573608e+03,1.427515678907620078e+01
7.309083049791484377e-03,2.499083888734702035e-08,2.640332714026247629e+01,5.269876730083056771e+01,8.690852558676573608e+03,1.427515678907620078e+01
7.309083049791484377e-03,2.499083888734702035e-08,2.640332714026247629e+01,5.269876730083056771e+01,8.690852558676573608e+03,1.427515678907620078e+01
7.518916749442011542e-03,2.468239739490716465e-08,2.670219429585223736e+01,5.277245211291807436e+01,8.552343089054145821e+03,1.398368026638637396e+01
7.518916749442011542e-03,2.468239739490716465e-08,2.670219429585223736e+01,5.277245211291807436e+01,8.552343089054145821e+03,1.398368026638637396e+01
7.518916749442011542e-03,2.468239739490716465e-08,2.670219429585223736e+01,5.277245211291807436e+01,8.552343089054145821e+03,1.398368026638637396e+01
7.518916749442011542e-03,2.468239739490716465e-08,2.670219429585223736e+01,5.277245211291807436e+01,8.552343089054145821e+03,1.398368026638637396e+01
7.518916749442011542e-03,2.468239739490716465e-08,2.670219429585223736e+01,5.277245211291807436e+01,8.552343089054145821e+03,1.398368026638637396e+01
7.518916749442011542e-03,2.468239739490716465e-08,2.670219429585223736e+01,5.277245211291807436e+01,8.552343089054145821e+03,1.398368026638637396e+01
7.518916749442011542e-03,2.468239739490716465e-08,2.670219429585223736e+01,5.277245211291807436e+01,8.552343089054145821e+03,1.398368026638637396e+01
7.634091877977342705e-03,2.455369908801723772e-08,2.693897496549296378e+01,5.298021960949565567e+01,8.506133921371781980e+03,1.381165693127939953e+01
7.634091877977342705e-03,2.455369908801723772e-08,2.693897496549296378e+01,5.298021960949565567e+01,8.506133921371781980e+03,1.381165693127939953e+01
7.634091877977342705e-03,2.455369908801723772e-08,2.693897496549296378e+01,5.298021960949565567e+01,8.506133921371781980e+03,1.381165693127939953e+01
7.634091877977342705e-03,2.455369908801723772e-08,2.693897496549296378e+01,5.298021960949565567e+01,8.506133921371781980e+03,1.381165693127939953e+01
7.634091877977342705e-03,2.455369908801723772e-08,2.693897496549296378e+01,5.298021960949565567e+01,8.506133921371781980e+03,1.381165693127939953e+01
7.634091877977342705e-03,2.455369908801723772e-08,2.693897496549296378e+01,5.298021960949565567e+01,8.506133921371781980e+03,1.381165693127939953e+01
7.634091877977342705e-03,2.455369908801723772e-08,2.693897496549296378e+01,5.298021960949565567e+01,8.506133921371781980e+03,1.381165693127939953e+01
7.634091877977342705e-03,2.455369908801723772e-08,2.693897496549296378e+01,5.298021960949565567e+01,8.506133921371781980e+03,1.381165693127939953e+01
7.634091877977342705e-03,2.455369908801723772e-08,2.693897496549296378e+01,5.298021960949565567e+01,8.506133921371781980e+03,1.381165693127939953e+01
7.634091877977342705e-03,2.455369908801723772e-08,2.693897496549296378e+01,5.298021960949565567e+01,8.506133921371781980e+03,1.381165693127939953e+01
7.249667429596968679e-03,2.507212944871101787e-08,2.617086328944159135e+01,5.245483721969049640e+01,8.678380055750911197e+03,1.447420166297863098e+01
7.249667429596968679e-03,2.507212944871101787e-08,2.617086328944159135e+01,5.245483721969049640e+01,8.678380055750911197e+03,1.447420166297863098e+01
7.249586525274596960e-03,2.507241845763894975e-08,2.617103913271540350e+01,5.245532722487769206e+01,8.678441754421155565e+03,1.447432872418851879e+01
7.249586525274596960e-03,2.507241845763894975e-08,2.617103913271540350e+01,5.245532722487769206e+01,8.678441754421155565e+03,1.447432872418851879e+01
7.249586525274596960e-03,2.507241845763894975e-08,2.617103913271540350e+01,5.245532722487769206e+01,8.678441754421155565e+03,1.447432872418851879e+01
7.249586525274596960e-03,2.507241845763894975e-08,2.617103913271540350e+01,5.245532722487769206e+01,8.678441754421155565e+03,1.447432872418851879e+01
7.249586525274596960e-03,2.507241845763894975e-08,2.617103913271540350e+01,5.245532722487769206e+01,8.678441754421155565e+03,1.447432872418851879e+01
7.249586525274596960e-03,2.507241845763894975e-08,2.617103913271540350e+01,5.245532722487769206e+01,8.678441754421155565e+03,1.447432872418851879e+01
7.249586525274596960e-03,2.507241845763894975e-08,2.617103913271540350e+01,5.245532722487769206e+01,8.678441754421155565e+03,1.447432872418851879e+01
7.249586525274596960e-03,2.507241845763894975e-08,2.617103913271540350e+01,5.245532722487769206e+01,8.678441754421155565e+03,1.447432872418851879e+01
7.249586525274596960e-03,2.507241845763894975e-08,2.617103913271540350e+01,5.245532722487769206e+01,8.678441754421155565e+03,1.447432872418851879e+01
7.249586525274596960e-03,2.507241845763894975e-08,2.617103913271540350e+01,5.245532722487769206e+01,8.678441754421155565e+03,1.447432872418851879e+01
7.249586525274596960e-03,2.507241845763894975e-08,2.617103913271540350e+01,5.245532722487769206e+01,8.678441754421155565e+03,1.447432872418851879e+01
7.249586525274596960e-03,2.507241845763894975e-08,2.617103913271540350e+01,5.245532722487769206e+01,8.678441754421155565e+03,1.447432872418851879e+01
7.249586525274596960e-03,2.507241845763894975e-08,2.617103913271540350e+01,5.245532722487769206e+01,8.678441754421155565e+03,1.447432872418851879e+01
7.249586525274596960e-03,2.507241845763894975e-08,2.617103913271540350e+01,5.245532722487769206e+01,8.678441754421155565e+03,1.447432872418851879e+01
7.249586525274596960e-03,2.507241845763894975e-08,2.617103913271540350e+01,5.245532722487769206e+01,8.678441754421155565e+03,1.447432872418851879e+01
7.254881164233907206e-03,2.506154928021898807e-08,2.618610381418770316e+01,5.246924269065737434e+01,8.674879095914402569e+03,1.445390051835026668e+01
7.254881164233907206e-03,2.506154928021898807e-08,2.618610381418770316e+01,5.246924269065737434e+01,8.674879095914402569e+03,1.445390051835026668e+01
7.254881164233907206e-03,2.506154928021898807e-08,2.618610381418770316e+01,5.246924269065737434e+01,8.674879095914402569e+03,1.445390051835026668e+01
7.254881164233907206e-03,2.506154928021898807e-08,2.618610381418770316e+01,5.246924269065737434e+01,8.674879095914402569e+03,1.445390051835026668e+01
7.254881164233907206e-03,2.506154928021898807e-08,2.618610381418770316e+01,5.246924269065737434e+01,8.674879095914402569e+03,1.445390051835026668e+01
7.254881164233907206e-03,2.506154928021898807e-08,2.618610381418770316e+01,5.246924269065737434e+01,8.674879095914402569e+03,1.445390051835026668e+01
7.254881164233907206e-03,2.506154928021898807e-08,2.618610381418770316e+01,5.246924269065737434e+01,8.674879095914402569e+03,1.445390051835026668e+01
7.254881164233907206e-03,2.506154928021898807e-08,2.618610381418770316e+01,5.246924269065737434e+01,8.674879095914402569e+03,1.445390051835026668e+01
7.254881164233907206e-03,2.506154928021898807e-08,2.618610381418770316e+01,5.246924269065737434e+01,8.674879095914402569e+03,1.445390051835026668e+01
7.254881164233907206e-03,2.506154928021898807e-08,2.618610381418770316e+01,5.246924269065737434e+01,8.674879095914402569e+03,1.445390051835026668e+01
7.254881164233907206e-03,2.506154928021898807e-08,2.618610381418770316e+01,5.246924269065737434e+01,8.674879095914402569e+03,1.445390051835026668e+01
7.254881164233907206e-03,2.506154928021898807e-08,2.618610381418770316e+01,5.246924269065737434e+01,8.674879095914402569e+03,1.445390051835026668e+01
7.254881164233907206e-03,2.506154928021898807e-08,2.618610381418770316e+01,5.246924269065737434e+01,8.674879095914402569e+03,1.445390051835026668e+01
7.254881164233907206e-03,2.506154928021898807e-08,2.618610381418770316e+01,5.246924269065737434e+01,8.674879095914402569e+03,1.445390051835026668e+01
7.254881164233907206e-03,2.506154928021898807e-08,2.618610381418770316e+01,5.246924269065737434e+01,8.674879095914402569e+03,1.445390051835026668e+01
7.254881164233907206e-03,2.506154928021898807e-08,2.618610381418770316e+01,5.246924269065737434e+01,8.674879095914402569e+03,1.445390051835026668e+01
7.254881164233907206e-03,2.506154928021898807e-08,2.618610381418770316e+01,5.246924269065737434e+01,8.674879095914402569e+03,1.445390051835026668e+01
7.254881164233907206e-03,2.506154928021898807e-08,2.618610381418770316e+01,5.246924269065737434e+01,8.674879095914402569e+03,1.445390051835026668e+01
7.249899369891040293e-03,2.506388917368598816e-08,2.617761983378624535e+01,5.245939504748132975e+01,8.675439856692086323e+03,1.445965450865303659e+01
7.252356746934389073e-03,2.505051023135650772e-08,2.619301550779370302e+01,5.246695613740253350e+01,8.670986500833565515e+03,1.443819132570076036e+01
7.243200894640652344e-03,2.505531533612282973e-08,2.615490415482575770e+01,5.246526853784984468e+01,8.673446167436894029e+03,1.443827818297072341e+01
7.243200894640652344e-03,2.505531533612282973e-08,2.615490415482575770e+01,5.246526853784984468e+01,8.673446167436894029e+03,1.443827818297072341e+01
7.243163035198956108e-03,2.505461769655421430e-08,2.615524075042207031e+01,5.246569948579717391e+01,8.673233997336204993e+03,1.443706125677374352e+01
7.243163035198956108e-03,2.505461769655421430e-08,2.615524075042207031e+01,5.246569948579717391e+01,8.673233997336204993e+03,1.443706125677374352e+01
7.240708338266008300e-03,2.505299920394616353e-08,2.614519026407027624e+01,5.246890784532958207e+01,8.672938722962879183e+03,1.443401315147445807e+01
7.240708338266008300e-03,2.505299920394616353e-08,2.614519026407027624e+01,5.246890784532958207e+01,8.672938722962879183e+03,1.443401315147445807e+01
7.240708338266008300e-03,2.505299920394616353e-08,2.614519026407027624e+01,5.246890784532958207e+01,8.672938722962879183e+03,1.443401315147445807e+01
7.240708338266008300e-03,2.505299920394616353e-08,2.614519026407027624e+01,5.246890784532958207e+01,8.672938722962879183e+03,1.443401315147445807e+01
7.240708338266008300e-03,2.505299920394616353e-08,2.614519026407027624e+01,5.246890784532958207e+01,8.672938722962879183e+03,1.443401315147445807e+01
7.240708338266008300e-03,2.505299920394616353e-08,2.614519026407027624e+01,5.246890784532958207e+01,8.672938722962879183e+03,1.443401315147445807e+01
7.230652108379655683e-03,2.504554186431040172e-08,2.609942730967190627e+01,5.248621770492178484e+01,8.665023192892174848e+03,1.440070236711132878e+01
7.230652108379655683e-03,2.504554186431040172e-08,2.609942730967190627e+01,5.248621770492178484e+01,8.665023192892174848e+03,1.440070236711132878e+01
7.230652108379655683e-03,2.504554186431040172e-08,2.609942730967190627e+01,5.248621770492178484e+01,8.665023192892174848e+03,1.440070236711132878e+01
7.230652108379655683e-03,2.504554186431040172e-08,2.609942730967190627e+01,5.248621770492178484e+01,8.665023192892174848e+03,1.440070236711132878e+01
7.210030560459385583e-03,2.503885477520634321e-08,2.603706458992298778e+01,5.248750896275834066e+01,8.657976128141346635e+03,1.436679635774935448e+01
7.193146997466106328e-03,2.494324672085364475e-08,2.595421385834296402e+01,5.250615924598985629e+01,8.617239535019454706e+03,1.415251146198633414e+01
7.193146997466106328e-03,2.494324672085364475e-08,2.595421385834296402e+01,5.250615924598985629e+01,8.617239535019454706e+03,1.415251146198633414e+01
7.193146997466106328e-03,2.494324672085364475e-08,2.595421385834296402e+01,5.250615924598985629e+01,8.617239535019454706e+03,1.415251146198633414e+01
7.193146997466106328e-03,2.494324672085364475e-08,2.595421385834296402e+01,5.250615924598985629e+01,8.617239535019454706e+03,1.415251146198633414e+01
7.193146997466106328e-03,2.494324672085364475e-08,2.595421385834296402e+01,5.250615924598985629e+01,8.617239535019454706e+03,1.415251146198633414e+01
7.193146997466106328e-03,2.494324672085364475e-08,2.595421385834296402e+01,5.250615924598985629e+01,8.617239535019454706e+03,1.415251146198633414e+01
7.193146997466106328e-03,2.494324672085364475e-08,2.595421385834296402e+01,5.250615924598985629e+01,8.617239535019454706e+03,1.415251146198633414e+01
7.193146997466106328e-03,2.494324672085364475e-08,2.595421385834296402e+01,5.250615924598985629e+01,8.617239535019454706e+03,1.415251146198633414e+01
7.193146997466106328e-03,2.494324672085364475e-08,2.595421385834296402e+01,5.250615924598985629e+01,8.617239535019454706e+03,1.415251146198633414e+01
7.193146997466106328e-03,2.494324672085364475e-08,2.595421385834296402e+01,5.250615924598985629e+01,8.617239535019454706e+03,1.415251146198633414e+01
7.193146997466106328e-03,2.494324672085364475e-08,2.595421385834296402e+01,5.250615924598985629e+01,8.617239535019454706e+03,1.415251146198633414e+01
7.193146997466106328e-03,2.494324672085364475e-08,2.595421385834296402e+01,5.250615924598985629e+01,8.617239535019454706e+03,1.415251146198633414e+01
7.193146997466106328e-03,2.494324672085364475e-08,2.595421385834296402e+01,5.250615924598985629e+01,8.617239535019454706e+03,1.415251146198633414e+01
7.193146997466106328e-03,2.494324672085364475e-08,2.595421385834296402e+01,5.250615924598985629e+01,8.617239535019454706e+03,1.415251146198633414e+01
7.193146997466106328e-03,2.494324672085364475e-08,2.595421385834296402e+01,5.250615924598985629e+01,8.617239535019454706e+03,1.415251146198633414e+01
7.193146997466106328e-03,2.494324672085364475e-08,2.595421385834296402e+01,5.250615924598985629e+01,8.617239535019454706e+03,1.415251146198633414e+01
7.193146997466106328e-03,2.494324672085364475e-08,2.595421385834296402e+01,5.250615924598985629e+01,8.617239535019454706e+03,1.415251146198633414e+01
7.193146997466106328e-03,2.494324672085364475e-08,2.595421385834296402e+01,5.250615924598985629e+01,8.617239535019454706e+03,1.415251146198633414e+01
7.193146997466106328e-03,2.494324672085364475e-08,2.595421385834296402e+01,5.250615924598985629e+01,8.617239535019454706e+03,1.415251146198633414e+01
7.166547846395259977e-03,2.480991255680190905e-08,2.587059411233139983e+01,5.259095919788045137e+01,8.567423026412610852e+03,1.384770043821171903e+01
7.166547846395259977e-03,2.480991255680190905e-08,2.587059411233139983e+01,5.259095919788045137e+01,8.567423026412610852e+03,1.384770043821171903e+01
7.166547846395259977e-03,2.480991255680190905e-08,2.587059411233139983e+01,5.259095919788045137e+01,8.567423026412610852e+03,1.384770043821171903e+01
7.166547846395259977e-03,2.480991255680190905e-08,2.587059411233139983e+01,5.259095919788045137e+01,8.567423026412610852e+03,1.384770043821171903e+01
7.166547846395259977e-03,2.480991255680190905e-08,2.587059411233139983e+01,5.259095919788045137e+01,8.567423026412610852e+03,1.384770043821171903e+01
7.166547846395259977e-03,2.480991255680190905e-08,2.587059411233139983e+01,5.259095919788045137e+01,8.567423026412610852e+03,1.384770043821171903e+01
7.166547846395259977e-03,2.480991255680190905e-08,2.587059411233139983e+01,5.259095919788045137e+01,8.567423026412610852e+03,1.384770043821171903e+01
7.166547846395259977e-03,2.480991255680190905e-08,2.587059411233139983e+01,5.259095919788045137e+01,8.567423026412610852e+03,1.384770043821171903e+01
7.166547846395259977e-03,2.480991255680190905e-08,2.587059411233139983e+01,5.259095919788045137e+01,8.567423026412610852e+03,1.384770043821171903e+01
7.166547846395259977e-03,2.480991255680190905e-08,2.587059411233139983e+01,5.259095919788045137e+01,8.567423026412610852e+03,1.384770043821171903e+01
7.166547846395259977e-03,2.480991255680190905e-08,2.587059411233139983e+01,5.259095919788045137e+01,8.567423026412610852e+03,1.384770043821171903e+01
7.166547846395259977e-03,2.480991255680190905e-08,2.587059411233139983e+01,5.259095919788045137e+01,8.567423026412610852e+03,1.384770043821171903e+01
7.166557571624751488e-03,2.480993508916049883e-08,2.587063107649691673e+01,5.259094391505286836e+01,8.567433725724782562e+03,1.384775941485311002e+01
7.166557571624751488e-03,2.480993508916049883e-08,2.587063107649691673e+01,5.259094391505286836e+01,8.567433725724782562e+03,1.384775941485311002e+01
7.166557571624751488e-03,2.480993508916049883e-08,2.587063107649691673e+01,5.259094391505286836e+01,8.567433725724782562e+03,1.384775941485311002e+01
7.166557571624751488e-03,2.480993508916049883e-08,2.587063107649691673e+01,5.259094391505286836e+01,8.567433725724782562e+03,1.384775941485311002e+01
7.166557571624751488e-03,2.480993508916049883e-08,2.587063107649691673e+01,5.259094391505286836e+01,8.567433725724782562e+03,1.384775941485311002e+01
7.166557571624751488e-03,2.480993508916049883e-08,2.587063107649691673e+01,5.259094391505286836e+01,8.567433725724782562e+03,1.384775941485311002e+01
7.166557571624751488e-03,2.480993508916049883e-08,2.587063107649691673e+01,5.259094391505286836e+01,8.567433725724782562e+03,1.384775941485311002e+01
7.249802174119425111e-03,2.507151373305347878e-08,2.617057492808990204e+01,5.245424777749944667e+01,8.678316387163435138e+03,1.447403693264892333e+01
7.249787517624283438e-03,2.507151534082110891e-08,2.617057955282461634e+01,5.245427828018104321e+01,8.678284159538929089e+03,1.447406214035712146e+01
7.249787517624283438e-03,2.507151534082110891e-08,2.617057955282461634e+01,5.245427828018104321e+01,8.678284159538929089e+03,1.447406214035712146e+01
7.249762988154918007e-03,2.507147168061539932e-08,2.617012111471912661e+01,5.245373485930331015e+01,8.678224820673958675e+03,1.447410612440606137e+01
7.249762988154918007e-03,2.507147168061539932e-08,2.617012111471912661e+01,5.245373485930331015e+01,8.678224820673958675e+03,1.447410612440606137e+01
7.249762988154918007e-03,2.507147168061539932e-08,2.617012111471912661e+01,5.245373485930331015e+01,8.678224820673958675e+03,1.447410612440606137e+01
7.249762988154918007e-03,2.507147168061539932e-08,2.617012111471912661e+01,5.245373485930331015e+01,8.678224820673958675e+03,1.447410612440606137e+01
7.249762988154918007e-03,2.507147168061539932e-08,2.617012111471912661e+01,5.245373485930331015e+01,8.678224820673958675e+03,1.447410612440606137e+01
7.249762988154918007e-03,2.507147168061539932e-08,2.617012111471912661e+01,5.245373485930331015e+01,8.678224820673958675e+03,1.447410612440606137e+01
7.249762988154918007e-03,2.507147168061539932e-08,2.617012111471912661e+01,5.245373485930331015e+01,8.678224820673958675e+03,1.447410612440606137e+01
7.249762988154918007e-03,2.507147168061539932e-08,2.617012111471912661e+01,5.245373485930331015e+01,8.678224820673958675e+03,1.447410612440606137e+01
7.249762988154918007e-03,2.507147168061539932e-08,2.617012111471912661e+01,5.245373485930331015e+01,8.678224820673958675e+03,1.447410612440606137e+01
7.249762988154918007e-03,2.507147168061539932e-08,2.617012111471912661e+01,5.245373485930331015e+01,8.678224820673958675e+03,1.447410612440606137e+01
7.249824367136858440e-03,2.507114237749139548e-08,2.616980181383478410e+01,5.245318100811969941e+01,8.678149367242554945e+03,1.447402869972455619e+01
7.249824367136858440e-03,2.507114237749139548e-08,2.616980181383478410e+01,5.245318100811969941e+01,8.678149367242554945e+03,1.447402869972455619e+01
7.249824367136858440e-03,2.507114237749139548e-08,2.616980181383478410e+01,5.245318100811969941e+01,8.678149367242554945e+03,1.447402869972455619e+01
7.249824367136858440e-03,2.507114237749139548e-08,2.616980181383478410e+01,5.245318100811969941e+01,8.678149367242554945e+03,1.447402869972455619e+01
7.249824367136858440e-03,2.507114237749139548e-08,2.616980181383478410e+01,5.245318100811969941e+01,8.678149367242554945e+03,1.447402869972455619e+01
7.249824367136858440e-03,2.507114237749139548e-08,2.616980181383478410e+01,5.245318100811969941e+01,8.678149367242554945e+03,1.447402869972455619e+01
7.249824367136858440e-03,2.507114237749139548e-08,2.616980181383478410e+01,5.245318100811969941e+01,8.678149367242554945e+03,1.447402869972455619e+01
7.249824662668662330e-03,2.507114312889193410e-08,2.616980437992213737e+01,5.245318356620777678e+01,8.678150149202589091e+03,1.447402844500432906e+01
7.249824662668662330e-03,2.507114312889193410e-08,2.616980437992213737e+01,5.245318356620777678e+01,8.678150149202589091e+03,1.447402844500432906e+01
7.249824662668662330e-03,2.507114312889193410e-08,2.616980437992213737e+01,5.245318356620777678e+01,8.678150149202589091e+03,1.447402844500432906e+01
7.249824662668662330e-03,2.507114312889193410e-08,2.616980437992213737e+01,5.245318356620777678e+01,8.678150149202589091e+03,1.447402844500432906e+01
7.249824662668662330e-03,2.507114312889193410e-08,2.616980437992213737e+01,5.245318356620777678e+01,8.678150149202589091e+03,1.447402844500432906e+01
7.249824662668662330e-03,2.507114312889193410e-08,2.616980437992213737e+01,5.245318356620777678e+01,8.678150149202589091e+03,1.447402844500432906e+01
7.249824662668662330e-03,2.507114312889193410e-08,2.616980437992213737e+01,5.245318356620777678e+01,8.678150149202589091e+03,1.447402844500432906e+01
7.249824662668662330e-03,2.507114312889193410e-08,2.616980437992213737e+01,5.245318356620777678e+01,8.678150149202589091e+03,1.447402844500432906e+01
7.249824662668662330e-03,2.507114312889193410e-08,2.616980437992213737e+01,5.245318356620777678e+01,8.678150149202589091e+03,1.447402844500432906e+01
7.249824662668662330e-03,2.507114312889193410e-08,2.616980437992213737e+01,5.245318356620777678e+01,8.678150149202589091e+03,1.447402844500432906e+01
7.249824662668662330e-03,2.507114312889193410e-08,2.616980437992213737e+01,5.245318356620777678e+01,8.678150149202589091e+03,1.447402844500432906e+01
7.249824662668662330e-03,2.507114312889193410e-08,2.616980437992213737e+01,5.245318356620777678e+01,8.678150149202589091e+03,1.447402844500432906e+01
7.249824662668662330e-03,2.507114312889193410e-08,2.616980437992213737e+01,5.245318356620777678e+01,8.678150149202589091e+03,1.447402844500432906e+01
7.249824662668662330e-03,2.507114312889193410e-08,2.616980437992213737e+01,5.245318356620777678e+01,8.678150149202589091e+03,1.447402844500432906e+01
7.249824662668662330e-03,2.507114312889193410e-08,2.616980437992213737e+01,5.245318356620777678e+01,8.678150149202589091e+03,1.447402844500432906e+01
7.249824662668662330e-03,2.507114312889193410e-08,2.616980437992213737e+01,5.245318356620777678e+01,8.678150149202589091e+03,1.447402844500432906e+01
7.249824662668662330e-03,2.507114312889193410e-08,2.616980437992213737e+01,5.245318356620777678e+01,8.678150149202589091e+03,1.447402844500432906e+01
7.249824662668662330e-03,2.507114312889193410e-08,2.616980437992213737e+01,5.245318356620777678e+01,8.678150149202589091e+03,1.447402844500432906e+01
7.249824662668662330e-03,2.507114312889193410e-08,2.616980437992213737e+01,5.245318356620777678e+01,8.678150149202589091e+03,1.447402844500432906e+01
7.249824662668662330e-03,2.507114312889193410e-08,2.616980437992213737e+01,5.245318356620777678e+01,8.678150149202589091e+03,1.447402844500432906e+01
7.254374993583785625e-03,2.507648255706547220e-08,2.618281061686992928e+01,5.246449155070786929e+01,8.682256232987796466e+03,1.448494225166508897e+01
7.254374993583785625e-03,2.507648255706547220e-08,2.618281061686992928e+01,5.246449155070786929e+01,8.682256232987796466e+03,1.448494225166508897e+01
7.254374993583785625e-03,2.507648255706547220e-08,2.618281061686992928e+01,5.246449155070786929e+01,8.682256232987796466e+03,1.448494225166508897e+01
7.254904413118977782e-03,2.508388132910503314e-08,2.617219429336335423e+01,5.245674806791024025e+01,8.683275289712457379e+03,1.450021899072713438e+01
7.257497812217364452e-03,2.508798089986379140e-08,2.618488072309818548e+01,5.246688529429618342e+01,8.686295260927599884e+03,1.450237533982557991e+01
7.257497812217364452e-03,2.508798089986379140e-08,2.618488072309818548e+01,5.246688529429618342e+01,8.686295260927599884e+03,1.450237533982557991e+01
7.257497812217364452e-03,2.508798089986379140e-08,2.618488072309818548e+01,5.246688529429618342e+01,8.686295260927599884e+03,1.450237533982557991e+01
7.257497812217364452e-03,2.508798089986379140e-08,2.618488072309818548e+01,5.246688529429618342e+01,8.686295260927599884e+03,1.450237533982557991e+01
7.257497812217364452e-03,2.508798089986379140e-08,2.618488072309818548e+01,5.246688529429618342e+01,8.686295260927599884e+03,1.450237533982557991e+01
7.257497812217364452e-03,2.508798089986379140e-08,2.618488072309818548e+01,5.246688529429618342e+01,8.686295260927599884e+03,1.450237533982557991e+01
7.257497812217364452e-03,2.508798089986379140e-08,2.618488072309818548e+01,5.246688529429618342e+01,8.686295260927599884e+03,1.450237533982557991e+01
7.257497812217364452e-03,2.508798089986379140e-08,2.618488072309818548e+01,5.246688529429618342e+01,8.686295260927599884e+03,1.450237533982557991e+01
7.257497812217364452e-03,2.508798089986379140e-08,2.618488072309818548e+01,5.246688529429618342e+01,8.686295260927599884e+03,1.450237533982557991e+01
7.257497812217364452e-03,2.508798089986379140e-08,2.618488072309818548e+01,5.246688529429618342e+01,8.686295260927599884e+03,1.450237533982557991e+01
7.257497812217364452e-03,2.508798089986379140e-08,2.618488072309818548e+01,5.246688529429618342e+01,8.686295260927599884e+03,1.450237533982557991e+01
7.257497812217364452e-03,2.508798089986379140e-08,2.618488072309818548e+01,5.246688529429618342e+01,8.686295260927599884e+03,1.450237533982557991e+01
7.257497812217364452e-03,2.508798089986379140e-08,2.618488072309818548e+01,5.246688529429618342e+01,8.686295260927599884e+03,1.450237533982557991e+01
7.257497812217364452e-03,2.508798089986379140e-08,2.618488072309818548e+01,5.246688529429618342e+01,8.686295260927599884e+03,1.450237533982557991e+01
7.257497812217364452e-03,2.508798089986379140e-08,2.618488072309818548e+01,5.246688529429618342e+01,8.686295260927599884e+03,1.450237533982557991e+01
7.257497812217364452e-03,2.508798089986379140e-08,2.618488072309818548e+01,5.246688529429618342e+01,8.686295260927599884e+03,1.450237533982557991e+01
7.257497812217364452e-03,2.508798089986379140e-08,2.618488072309818548e+01,5.246688529429618342e+01,8.686295260927599884e+03,1.450237533982557991e+01
7.266340358012406651e-03,2.510073244584443897e-08,2.620073900534123723e+01,5.248614078807663930e+01,8.693353050018416980e+03,1.452367474955009641e+01
7.266340358012406651e-03,2.510073244584443897e-08,2.620073900534123723e+01,5.248614078807663930e+01,8.693353050018416980e+03,1.452367474955009641e+01
7.266340358012406651e-03,2.510073244584443897e-08,2.620073900534123723e+01,5.248614078807663930e+01,8.693353050018416980e+03,1.452367474955009641e+01
7.266340358012406651e-03,2.510073244584443897e-08,2.620073900534123723e+01,5.248614078807663930e+01,8.693353050018416980e+03,1.452367474955009641e+01
7.266340358012406651e-03,2.510073244584443897e-08,2.620073900534123723e+01,5.248614078807663930e+01,8.693353050018416980e+03,1.452367474955009641e+01
7.266340358012406651e-03,2.510073244584443897e-08,2.620073900534123723e+01,5.248614078807663930e+01,8.693353050018416980e+03,1.452367474955009641e+01
7.266340358012406651e-03,2.510073244584443897e-08,2.620073900534123723e+01,5.248614078807663930e+01,8.693353050018416980e+03,1.452367474955009641e+01
7.266340358012406651e-03,2.510073244584443897e-08,2.620073900534123723e+01,5.248614078807663930e+01,8.693353050018416980e+03,1.452367474955009641e+01
7.266340358012406651e-03,2.510073244584443897e-08,2.620073900534123723e+01,5.248614078807663930e+01,8.693353050018416980e+03,1.452367474955009641e+01
7.266340358012406651e-03,2.510073244584443897e-08,2.620073900534123723e+01,5.248614078807663930e+01,8.693353050018416980e+03,1.452367474955009641e+01
7.266340358012406651e-03,2.510073244584443897e-08,2.620073900534123723e+01,5.248614078807663930e+01,8.693353050018416980e+03,1.452367474955009641e+01
7.266340358012406651e-03,2.510073244584443897e-08,2.620073900534123723e+01,5.248614078807663930e+01,8.693353050018416980e+03,1.452367474955009641e+01
7.266340358012406651e-03,2.510073244584443897e-08,2.620073900534123723e+01,5.248614078807663930e+01,8.693353050018416980e+03,1.452367474955009641e+01
7.266340358012406651e-03,2.510073244584443897e-08,2.620073900534123723e+01,5.248614078807663930e+01,8.693353050018416980e+03,1.452367474955009641e+01
7.266340358012406651e-03,2.510073244584443897e-08,2.620073900534123723e+01,5.248614078807663930e+01,8.693353050018416980e+03,1.452367474955009641e+01
7.266340358012406651e-03,2.510073244584443897e-08,2.620073900534123723e+01,5.248614078807663930e+01,8.693353050018416980e+03,1.452367474955009641e+01
7.266340358012406651e-03,2.510073244584443897e-08,2.620073900534123723e+01,5.248614078807663930e+01,8.693353050018416980e+03,1.452367474955009641e+01
7.266340358012406651e-03,2.510073244584443897e-08,2.620073900534123723e+01,5.248614078807663930e+01,8.693353050018416980e+03,1.452367474955009641e+01
7.266340358012406651e-03,2.510073244584443897e-08,2.620073900534123723e+01,5.248614078807663930e+01,8.693353050018416980e+03,1.452367474955009641e+01
7.273716182112735865e-03,2.505084538879395343e-08,2.624978906568132686e+01,5.251068696499694255e+01,8.684192796576880937e+03,1.443958897875290326e+01
7.273716182112735865e-03,2.505084538879395343e-08,2.624978906568132686e+01,5.251068696499694255e+01,8.684192796576880937e+03,1.443958897875290326e+01
7.273716182112735865e-03,2.505084538879395343e-08,2.624978906568132686e+01,5.251068696499694255e+01,8.684192796576880937e+03,1.443958897875290326e+01
7.273716182112735865e-03,2.505084538879395343e-08,2.624978906568132686e+01,5.251068696499694255e+01,8.684192796576880937e+03,1.443958897875290326e+01
7.273716182112735865e-03,2.505084538879395343e-08,2.624978906568132686e+01,5.251068696499694255e+01,8.684192796576880937e+03,1.443958897875290326e+01
7.273716182112735865e-03,2.505084538879395343e-08,2.624978906568132686e+01,5.251068696499694255e+01,8.684192796576880937e+03,1.443958897875290326e+01
7.326032850755003455e-03,2.496449206954643992e-08,2.654268824136766014e+01,5.267289101855630662e+01,8.705382724454990239e+03,1.432266061722925343e+01
7.326032850755003455e-03,2.496449206954643992e-08,2.654268824136766014e+01,5.267289101855630662e+01,8.705382724454990239e+03,1.432266061722925343e+01
7.326032850755003455e-03,2.496449206954643992e-08,2.654268824136766014e+01,5.267289101855630662e+01,8.705382724454990239e+03,1.432266061722925343e+01
7.326032850755003455e-03,2.496449206954643992e-08,2.654268824136766014e+01,5.267289101855630662e+01,8.705382724454990239e+03,1.432266061722925343e+01
7.249763764352017657e-03,2.507192381220858693e-08,2.616863436974439239e+01,5.245459601641812952e+01,8.678321886103483848e+03,1.447340825683013499e+01
7.249763764352017657e-03,2.507192381220858693e-08,2.616863436974439239e+01,5.245459601641812952e+01,8.678321886103483848e+03,1.447340825683013499e+01
7.249763764352017657e-03,2.507192381220858693e-08,2.616863436974439239e+01,5.245459601641812952e+01,8.678321886103483848e+03,1.447340825683013499e+01
7.249763764352017657e-03,2.507192381220858693e-08,2.616863436974439239e+01,5.245459601641812952e+01,8.678321886103483848e+03,1.447340825683013499e+01
7.249763764352017657e-03,2.507192381220858693e-08,2.616863436974439239e+01,5.245459601641812952e+01,8.678321886103483848e+03,1.447340825683013499e+01
7.249763764352017657e-03,2.507192381220858693e-08,2.616863436974439239e+01,5.245459601641812952e+01,8.678321886103483848e+03,1.447340825683013499e+01
7.249763764352017657e-03,2.507192381220858693e-08,2.616863436974439239e+01,5.245459601641812952e+01,8.678321886103483848e+03,1.447340825683013499e+01
7.249763764352017657e-03,2.507192381220858693e-08,2.616863436974439239e+01,5.245459601641812952e+01,8.678321886103483848e+03,1.447340825683013499e+01
7.249763764352017657e-03,2.507192381220858693e-08,2.616863436974439239e+01,5.245459601641812952e+01,8.678321886103483848e+03,1.447340825683013499e+01
7.249765947273661450e-03,2.507192184906850547e-08,2.616870804068060963e+01,5.245459059279117042e+01,8.678324736628997925e+03,1.447342803705335967e+01
7.249765947273661450e-03,2.507192184906850547e-08,2.616870804068060963e+01,5.245459059279117042e+01,8.678324736628997925e+03,1.447342803705335967e+01
7.249765947273661450e-03,2.507192184906850547e-08,2.616870804068060963e+01,5.245459059279117042e+01,8.678324736628997925e+03,1.447342803705335967e+01
7.249765947273661450e-03,2.507192184906850547e-08,2.616870804068060963e+01,5.245459059279117042e+01,8.678324736628997925e+03,1.447342803705335967e+01
7.247720192307416549e-03,2.507666164244534523e-08,2.616276569512623595e+01,5.245119019108082625e+01,8.679657745973632700e+03,1.448081519174961507e+01
7.246867983381682227e-03,2.507857808112978870e-08,2.615967761710627926e+01,5.245016633480649659e+01,8.680156794525419173e+03,1.448347739538853141e+01
7.246867983381682227e-03,2.507857808112978870e-08,2.615967761710627926e+01,5.245016633480649659e+01,8.680156794525419173e+03,1.448347739538853141e+01
7.246867983381682227e-03,2.507857808112978870e-08,2.615967761710627926e+01,5.245016633480649659e+01,8.680156794525419173e+03,1.448347739538853141e+01
7.246867983381682227e-03,2.507857808112978870e-08,2.615967761710627926e+01,5.245016633480649659e+01,8.680156794525419173e+03,1.448347739538853141e+01
7.246867983381682227e-03,2.507857808112978870e-08,2.615967761710627926e+01,5.245016633480649659e+01,8.680156794525419173e+03,1.448347739538853141e+01
7.246940735728833217e-03,2.507840722378877679e-08,2.615994703658037324e+01,5.245026388658852312e+01,8.680112223104668374e+03,1.448324590359118247e+01
7.246940735728833217e-03,2.507840722378877679e-08,2.615994703658037324e+01,5.245026388658852312e+01,8.680112223104668374e+03,1.448324590359118247e+01
7.246940735728833217e-03,2.507840722378877679e-08,2.615994703658037324e+01,5.245026388658852312e+01,8.680112223104668374e+03,1.448324590359118247e+01
7.246940735728833217e-03,2.507840722378877679e-08,2.615994703658037324e+01,5.245026388658852312e+01,8.680112223104668374e+03,1.448324590359118247e+01
7.246940735728833217e-03,2.507840722378877679e-08,2.615994703658037324e+01,5.245026388658852312e+01,8.680112223104668374e+03,1.448324590359118247e+01
7.246940735728833217e-03,2.507840722378877679e-08,2.615994703658037324e+01,5.245026388658852312e+01,8.680112223104668374e+03,1.448324590359118247e+01
7.246940735728833217e-03,2.507840722378877679e-08,2.615994703658037324e+01,5.245026388658852312e+01,8.680112223104668374e+03,1.448324590359118247e+01
7.246940735728833217e-03,2.507840722378877679e-08,2.615994703658037324e+01,5.245026388658852312e+01,8.680112223104668374e+03,1.448324590359118247e+01
7.246932608723683639e-03,2.507844127206160888e-08,2.616006043060620456e+01,5.245037372687902177e+01,8.680157745528205851e+03,1.448327004592051814e+01
7.246932608723683639e-03,2.507844127206160888e-08,2.616006043060620456e+01,5.245037372687902177e+01,8.680157745528205851e+03,1.448327004592051814e+01
7.247372952522726682e-03,2.507744868775226018e-08,2.616130516241790005e+01,5.245106257198563071e+01,8.679882312060783079e+03,1.448172528351260091e+01
7.247372952522726682e-03,2.507744868775226018e-08,2.616130516241790005e+01,5.245106257198563071e+01,8.679882312060783079e+03,1.448172528351260091e+01
7.247372952522726682e-03,2.507744868775226018e-08,2.616130516241790005e+01,5.245106257198563071e+01,8.679882312060783079e+03,1.448172528351260091e+01
7.247372952522726682e-03,2.507744868775226018e-08,2.616130516241790005e+01,5.245106257198563071e+01,8.679882312060783079e+03,1.448172528351260091e+01
7.247372952522726682e-03,2.507744868775226018e-08,2.616130516241790005e+01,5.245106257198563071e+01,8.679882312060783079e+03,1.448172528351260091e+01
7.247353627390766724e-03,2.507776153550138722e-08,2.616167458660697065e+01,5.245156051285508170e+01,8.680057357414900252e+03,1.448193083121437930e+01
7.247353627390766724e-03,2.507776153550138722e-08,2.616167458660697065e+01,5.245156051285508170e+01,8.680057357414900252e+03,1.448193083121437930e+01
7.247353627390766724e-03,2.507776153550138722e-08,2.616167458660697065e+01,5.245156051285508170e+01,8.680057357414900252e+03,1.448193083121437930e+01
7.246560930424081511e-03,2.507943695483901842e-08,2.615782644364871601e+01,5.244988573859541248e+01,8.679979764157926184e+03,1.448345237550411646e+01
7.237688444466140909e-03,2.509828495824244269e-08,2.612536946113803538e+01,5.243179187665746355e+01,8.684597217868988082e+03,1.451328536099171274e+01
7.237688444466140909e-03,2.509828495824244269e-08,2.612536946113803538e+01,5.243179187665746355e+01,8.684597217868988082e+03,1.451328536099171274e+01
7.237688444466140909e-03,2.509828495824244269e-08,2.612536946113803538e+01,5.243179187665746355e+01,8.684597217868988082e+03,1.451328536099171274e+01
7.237688444466140909e-03,2.509828495824244269e-08,2.612536946113803538e+01,5.243179187665746355e+01,8.684597217868988082e+03,1.451328536099171274e+01
7.237688444466140909e-03,2.509828495824244269e-08,2.612536946113803538e+01,5.243179187665746355e+01,8.684597217868988082e+03,1.451328536099171274e+01
7.237688444466140909e-03,2.509828495824244269e-08,2.612536946113803538e+01,5.243179187665746355e+01,8.684597217868988082e+03,1.451328536099171274e+01
7.237688444466140909e-03,2.509828495824244269e-08,2.612536946113803538e+01,5.243179187665746355e+01,8.684597217868988082e+03,1.451328536099171274e+01
7.237688444466140909e-03,2.509828495824244269e-08,2.612536946113803538e+01,5.243179187665746355e+01,8.684597217868988082e+03,1.451328536099171274e+01
7.237688444466140909e-03,2.509828495824244269e-08,2.612536946113803538e+01,5.243179187665746355e+01,8.684597217868988082e+03,1.451328536099171274e+01
7.237688444466140909e-03,2.509828495824244269e-08,2.612536946113803538e+01,5.243179187665746355e+01,8.684597217868988082e+03,1.451328536099171274e+01
7.237688444466140909e-03,2.509828495824244269e-08,2.612536946113803538e+01,5.243179187665746355e+01,8.684597217868988082e+03,1.451328536099171274e+01
7.237688444466140909e-03,2.509828495824244269e-08,2.612536946113803538e+01,5.243179187665746355e+01,8.684597217868988082e+03,1.451328536099171274e+01
7.237688444466140909e-03,2.509828495824244269e-08,2.612536946113803538e+01,5.243179187665746355e+01,8.684597217868988082e+03,1.451328536099171274e+01
7.237688444466140909e-03,2.509828495824244269e-08,2.612536946113803538e+01,5.243179187665746355e+01,8.684597217868988082e+03,1.451328536099171274e+01
7.237688444466140909e-03,2.509828495824244269e-08,2.612536946113803538e+01,5.243179187665746355e+01,8.684597217868988082e+03,1.451328536099171274e+01
7.237688444466140909e-03,2.509828495824244269e-08,2.612536946113803538e+01,5.243179187665746355e+01,8.684597217868988082e+03,1.451328536099171274e+01
7.237688444466140909e-03,2.509828495824244269e-08,2.612536946113803538e+01,5.243179187665746355e+01,8.684597217868988082e+03,1.451328536099171274e+01
7.237688444466140909e-03,2.509828495824244269e-08,2.612536946113803538e+01,5.243179187665746355e+01,8.684597217868988082e+03,1.451328536099171274e+01
7.235250103874715615e-03,2.510462761397240325e-08,2.611492522486432932e+01,5.242852266598369226e+01,8.686229214079739904e+03,1.452228289197728905e+01
7.235250103874715615e-03,2.510462761397240325e-08,2.611492522486432932e+01,5.242852266598369226e+01,8.686229214079739904e+03,1.452228289197728905e+01
7.235250103874715615e-03,2.510462761397240325e-08,2.611492522486432932e+01,5.242852266598369226e+01,8.686229214079739904e+03,1.452228289197728905e+01
7.235250103874715615e-03,2.510462761397240325e-08,2.611492522486432932e+01,5.242852266598369226e+01,8.686229214079739904e+03,1.452228289197728905e+01
7.235250103874715615e-03,2.510462761397240325e-08,2.611492522486432932e+01,5.242852266598369226e+01,8.686229214079739904e+03,1.452228289197728905e+01
7.235250103874715615e-03,2.510462761397240325e-08,2.611492522486432932e+01,5.242852266598369226e+01,8.686229214079739904e+03,1.452228289197728905e+01
7.235250103874715615e-03,2.510462761397240325e-08,2.611492522486432932e+01,5.242852266598369226e+01,8.686229214079739904e+03,1.452228289197728905e+01
7.235250103874715615e-03,2.510462761397240325e-08,2.611492522486432932e+01,5.242852266598369226e+01,8.686229214079739904e+03,1.452228289197728905e+01
7.284576230529339613e-03,2.501723913442003422e-08,2.609568781011162031e+01,5.235354076975404780e+01,8.615511865350583321e+03,1.448480606866348097e+01
7.284576230529339613e-03,2.501723913442003422e-08,2.609568781011162031e+01,5.235354076975404780e+01,8.615511865350583321e+03,1.448480606866348097e+01
7.284576230529339613e-03,2.501723913442003422e-08,2.609568781011162031e+01,5.235354076975404780e+01,8.615511865350583321e+03,1.448480606866348097e+01
7.284576230529339613e-03,2.501723913442003422e-08,2.609568781011162031e+01,5.235354076975404780e+01,8.615511865350583321e+03,1.448480606866348097e+01
7.284576230529339613e-03,2.501723913442003422e-08,2.609568781011162031e+01,5.235354076975404780e+01,8.615511865350583321e+03,1.448480606866348097e+01
7.284576230529339613e-03,2.501723913442003422e-08,2.609568781011162031e+01,5.235354076975404780e+01,8.615511865350583321e+03,1.448480606866348097e+01
7.284576230529339613e-03,2.501723913442003422e-08,2.609568781011162031e+01,5.235354076975404780e+01,8.615511865350583321e+03,1.448480606866348097e+01
7.312596927646519696e-03,2.496768074507990882e-08,2.603431096298596614e+01,5.226592037670608448e+01,8.561849460615865610e+03,1.448838553827384779e+01
7.312596927646519696e-03,2.496768074507990882e-08,2.603431096298596614e+01,5.226592037670608448e+01,8.561849460615865610e+03,1.448838553827384779e+01
7.312596927646519696e-03,2.496768074507990882e-08,2.603431096298596614e+01,5.226592037670608448e+01,8.561849460615865610e+03,1.448838553827384779e+01
7.312596927646519696e-03,2.496768074507990882e-08,2.603431096298596614e+01,5.226592037670608448e+01,8.561849460615865610e+03,1.448838553827384779e+01
7.312596927646519696e-03,2.496768074507990882e-08,2.603431096298596614e+01,5.226592037670608448e+01,8.561849460615865610e+03,1.448838553827384779e+01
7.312596927646519696e-03,2.496768074507990882e-08,2.603431096298596614e+01,5.226592037670608448e+01,8.561849460615865610e+03,1.448838553827384779e+01
7.312596927646519696e-03,2.496768074507990882e-08,2.603431096298596614e+01,5.226592037670608448e+01,8.561849460615865610e+03,1.448838553827384779e+01
7.312596927646519696e-03,2.496768074507990882e-08,2.603431096298596614e+01,5.226592037670608448e+01,8.561849460615865610e+03,1.448838553827384779e+01
7.312596927646519696e-03,2.496768074507990882e-08,2.603431096298596614e+01,5.226592037670608448e+01,8.561849460615865610e+03,1.448838553827384779e+01
7.308137192571953315e-03,2.494410118199702680e-08,2.610360839759782792e+01,5.228809967806646597e+01,8.572555288665686021e+03,1.441648244809194956e+01
7.308137192571953315e-03,2.494410118199702680e-08,2.610360839759782792e+01,5.228809967806646597e+01,8.572555288665686021e+03,1.441648244809194956e+01
7.308137192571953315e-03,2.494410118199702680e-08,2.610360839759782792e+01,5.228809967806646597e+01,8.572555288665686021e+03,1.441648244809194956e+01
7.308137192571953315e-03,2.494410118199702680e-08,2.610360839759782792e+01,5.228809967806646597e+01,8.572555288665686021e+03,1.441648244809194956e+01
7.308137192571953315e-03,2.494410118199702680e-08,2.610360839759782792e+01,5.228809967806646597e+01,8.572555288665686021e+03,1.441648244809194956e+01
7.308137192571953315e-03,2.494410118199702680e-08,2.610360839759782792e+01,5.228809967806646597e+01,8.572555288665686021e+03,1.441648244809194956e+01
7.308132946442086331e-03,2.494410532658756056e-08,2.610359850371922263e+01,5.228810055349972430e+01,8.572556503272478949e+03,1.441648392494827391e+01
7.308132946442086331e-03,2.494410532658756056e-08,2.610359850371922263e+01,5.228810055349972430e+01,8.572556503272478949e+03,1.441648392494827391e+01
7.310195811476205910e-03,2.493535975570127551e-08,2.606964357979209623e+01,5.228367316159599909e+01,8.559734774464626753e+03,1.440278216047916082e+01
7.310195811476205910e-03,2.493535975570127551e-08,2.606964357979209623e+01,5.228367316159599909e+01,8.559734774464626753e+03,1.440278216047916082e+01
7.249900849066023313e-03,2.507176396379850864e-08,2.617072518426009609e+01,5.245430978696942503e+01,8.678435002901720509e+03,1.447412772248824631e+01
7.249900849066023313e-03,2.507176396379850864e-08,2.617072518426009609e+01,5.245430978696942503e+01,8.678435002901720509e+03,1.447412772248824631e+01
7.249900849066023313e-03,2.507176396379850864e-08,2.617072518426009609e+01,5.245430978696942503e+01,8.678435002901720509e+03,1.447412772248824631e+01
7.249900849066023313e-03,2.507176396379850864e-08,2.617072518426009609e+01,5.245430978696942503e+01,8.678435002901720509e+03,1.447412772248824631e+01
7.249900849066023313e-03,2.507176396379850864e-08,2.617072518426009609e+01,5.245430978696942503e+01,8.678435002901720509e+03,1.447412772248824631e+01
7.249900849066023313e-03,2.507176396379850864e-08,2.617072518426009609e+01,5.245430978696942503e+01,8.678435002901720509e+03,1.447412772248824631e+01
7.249900849066023313e-03,2.507176396379850864e-08,2.617072518426009609e+01,5.245430978696942503e+01,8.678435002901720509e+03,1.447412772248824631e+01
7.249900849066023313e-03,2.507176396379850864e-08,2.617072518426009609e+01,5.245430978696942503e+01,8.678435002901720509e+03,1.447412772248824631e+01
7.249900849066023313e-03,2.507176396379850864e-08,2.617072518426009609e+01,5.245430978696942503e+01,8.678435002901720509e+03,1.447412772248824631e+01
7.249900849066023313e-03,2.507176396379850864e-08,2.617072518426009609e+01,5.245430978696942503e+01,8.678435002901720509e+03,1.447412772248824631e+01
7.249900849066023313e-03,2.507176396379850864e-08,2.617072518426009609e+01,5.245430978696942503e+01,8.678435002901720509e+03,1.447412772248824631e+01
7.249900849066023313e-03,2.507176396379850864e-08,2.617072518426009609e+01,5.245430978696942503e+01,8.678435002901720509e+03,1.447412772248824631e+01
7.249900849066023313e-03,2.507176396379850864e-08,2.617072518426009609e+01,5.245430978696942503e+01,8.678435002901720509e+03,1.447412772248824631e+01
7.249900849066023313e-03,2.507176396379850864e-08,2.617072518426009609e+01,5.245430978696942503e+01,8.678435002901720509e+03,1.447412772248824631e+01
7.249900849066023313e-03,2.507176396379850864e-08,2.617072518426009609e+01,5.245430978696942503e+01,8.678435002901720509e+03,1.447412772248824631e+01
7.249900849066023313e-03,2.507176396379850864e-08,2.617072518426009609e+01,5.245430978696942503e+01,8.678435002901720509e+03,1.447412772248824631e+01
7.249900849066023313e-03,2.507176396379850864e-08,2.617072518426009609e+01,5.245430978696942503e+01,8.678435002901720509e+03,1.447412772248824631e+01
7.249900849066023313e-03,2.507176396379850864e-08,2.617072518426009609e+01,5.245430978696942503e+01,8.678435002901720509e+03,1.447412772248824631e+01
7.249900849066023313e-03,2.507176396379850864e-08,2.617072518426009609e+01,5.245430978696942503e+01,8.678435002901720509e+03,1.447412772248824631e+01
7.249900849066023313e-03,2.507176396379850864e-08,2.617072518426009609e+01,5.245430978696942503e+01,8.678435002901720509e+03,1.447412772248824631e+01
7.249900849066023313e-03,2.507176396379850864e-08,2.617072518426009609e+01,5.245430978696942503e+01,8.678435002901720509e+03,1.447412772248824631e+01
7.249900849066023313e-03,2.507176396379850864e-08,2.617072518426009609e+01,5.245430978696942503e+01,8.678435002901720509e+03,1.447412772248824631e+01
7.249900849066023313e-03,2.507176396379850864e-08,2.617072518426009609e+01,5.245430978696942503e+01,8.678435002901720509e+03,1.447412772248824631e+01
7.249900849066023313e-03,2.507176396379850864e-08,2.617072518426009609e+01,5.245430978696942503e+01,8.678435002901720509e+03,1.447412772248824631e+01
7.254048871172252312e-03,2.506178264689061556e-08,2.618108061651929219e+01,5.246189773235418841e+01,8.675557511314793373e+03,1.445773761150654835e+01
7.252133872900356180e-03,2.506653172996554414e-08,2.617596980156167774e+01,5.245803165358312015e+01,8.676885132385155885e+03,1.446552663924435578e+01
7.252133872900356180e-03,2.506653172996554414e-08,2.617596980156167774e+01,5.245803165358312015e+01,8.676885132385155885e+03,1.446552663924435578e+01
7.253961911936945839e-03,2.506248933572534351e-08,2.618016766098013548e+01,5.246110476929891320e+01,8.675733646350699928e+03,1.445877843585388689e+01
7.253961911936945839e-03,2.506248933572534351e-08,2.618016766098013548e+01,5.246110476929891320e+01,8.675733646350699928e+03,1.445877843585388689e+01
7.254706117183986995e-03,2.506093353865892337e-08,2.618203160812145569e+01,5.246252927673023692e+01,8.675299185301770194e+03,1.445603790372343589e+01
7.254706117183986995e-03,2.506093353865892337e-08,2.618203160812145569e+01,5.246252927673023692e+01,8.675299185301770194e+03,1.445603790372343589e+01
7.254706117183986995e-03,2.506093353865892337e-08,2.618203160812145569e+01,5.246252927673023692e+01,8.675299185301770194e+03,1.445603790372343589e+01
7.254706117183986995e-03,2.506093353865892337e-08,2.618203160812145569e+01,5.246252927673023692e+01,8.675299185301770194e+03,1.445603790372343589e+01
7.254706117183986995e-03,2.506093353865892337e-08,2.618203160812145569e+01,5.246252927673023692e+01,8.675299185301770194e+03,1.445603790372343589e+01
7.254706117183986995e-03,2.506093353865892337e-08,2.618203160812145569e+01,5.246252927673023692e+01,8.675299185301770194e+03,1.445603790372343589e+01
7.254706117183986995e-03,2.506093353865892337e-08,2.618203160812145569e+01,5.246252927673023692e+01,8.675299185301770194e+03,1.445603790372343589e+01
7.254706117183986995e-03,2.506093353865892337e-08,2.618203160812145569e+01,5.246252927673023692e+01,8.675299185301770194e+03,1.445603790372343589e+01
7.254115686354699853e-03,2.506278663919180978e-08,2.618089666228183887e+01,5.246116111231521728e+01,8.675921674576144142e+03,1.445922311951231087e+01
7.254115686354699853e-03,2.506278663919180978e-08,2.618089666228183887e+01,5.246116111231521728e+01,8.675921674576144142e+03,1.445922311951231087e+01
7.254115686354699853e-03,2.506278663919180978e-08,2.618089666228183887e+01,5.246116111231521728e+01,8.675921674576144142e+03,1.445922311951231087e+01
7.243937804636896814e-03,2.506173106716097104e-08,2.615542197558595916e+01,5.242816234977284040e+01,8.673612161360872051e+03,1.445334677999200856e+01
7.243796405918256735e-03,2.506249636615649661e-08,2.615512258061058759e+01,5.242848882553641943e+01,8.673878784819109569e+03,1.445473615684378466e+01
7.242718244856197370e-03,2.505013791333305159e-08,2.616257019199530376e+01,5.240725446814040822e+01,8.669449638473561208e+03,1.443463440267708187e+01
7.242718244856197370e-03,2.505013791333305159e-08,2.616257019199530376e+01,5.240725446814040822e+01,8.669449638473561208e+03,1.443463440267708187e+01
7.242718244856197370e-03,2.505013791333305159e-08,2.616257019199530376e+01,5.240725446814040822e+01,8.669449638473561208e+03,1.443463440267708187e+01
7.242718244856197370e-03,2.505013791333305159e-08,2.616257019199530376e+01,5.240725446814040822e+01,8.669449638473561208e+03,1.443463440267708187e+01
7.242228435827756557e-03,2.504891139734982553e-08,2.616206440742974237e+01,5.240441402432244900e+01,8.668924025187168809e+03,1.443218481685881827e+01
7.241450381862291757e-03,2.504412839801541209e-08,2.616092998043611928e+01,5.239452756771972020e+01,8.666896893893748711e+03,1.442401184475777853e+01
7.241450381862291757e-03,2.504412839801541209e-08,2.616092998043611928e+01,5.239452756771972020e+01,8.666896893893748711e+03,1.442401184475777853e+01
7.241450381862291757e-03,2.504412839801541209e-08,2.616092998043611928e+01,5.239452756771972020e+01,8.666896893893748711e+03,1.442401184475777853e+01
7.242246235149033852e-03,2.504468637073054446e-08,2.616155075512670081e+01,5.239663391944165483e+01,8.667267350899197481e+03,1.442660726806832017e+01
7.242246235149033852e-03,2.504468637073054446e-08,2.616155075512670081e+01,5.239663391944165483e+01,8.667267350899197481e+03,1.442660726806832017e+01
7.242246235149033852e-03,2.504468637073054446e-08,2.616155075512670081e+01,5.239663391944165483e+01,8.667267350899197481e+03,1.442660726806832017e+01
7.270216989178645596e-03,2.510235027117524005e-08,2.627977279661770993e+01,5.233467270687233253e+01,8.695744480250368724e+03,1.458427371846787501e+01
7.270216989178645596e-03,2.510235027117524005e-08,2.627977279661770993e+01,5.233467270687233253e+01,8.695744480250368724e+03,1.458427371846787501e+01
7.270216989178645596e-03,2.510235027117524005e-08,2.627977279661770993e+01,5.233467270687233253e+01,8.695744480250368724e+03,1.458427371846787501e+01
7.270216989178645596e-03,2.510235027117524005e-08,2.627977279661770993e+01,5.233467270687233253e+01,8.695744480250368724e+03,1.458427371846787501e+01
7.270216989178645596e-03,2.510235027117524005e-08,2.627977279661770993e+01,5.233467270687233253e+01,8.695744480250368724e+03,1.458427371846787501e+01
7.270216989178645596e-03,2.510235027117524005e-08,2.627977279661770993e+01,5.233467270687233253e+01,8.695744480250368724e+03,1.458427371846787501e+01
7.270216989178645596e-03,2.510235027117524005e-08,2.627977279661770993e+01,5.233467270687233253e+01,8.695744480250368724e+03,1.458427371846787501e+01
7.270216989178645596e-03,2.510235027117524005e-08,2.627977279661770993e+01,5.233467270687233253e+01,8.695744480250368724e+03,1.458427371846787501e+01
7.270216989178645596e-03,2.510235027117524005e-08,2.627977279661770993e+01,5.233467270687233253e+01,8.695744480250368724e+03,1.458427371846787501e+01
7.270216989178645596e-03,2.510235027117524005e-08,2.627977279661770993e+01,5.233467270687233253e+01,8.695744480250368724e+03,1.458427371846787501e+01
7.270216989178645596e-03,2.510235027117524005e-08,2.627977279661770993e+01,5.233467270687233253e+01,8.695744480250368724e+03,1.458427371846787501e+01
7.270216989178645596e-03,2.510235027117524005e-08,2.627977279661770993e+01,5.233467270687233253e+01,8.695744480250368724e+03,1.458427371846787501e+01
7.270216989178645596e-03,2.510235027117524005e-08,2.627977279661770993e+01,5.233467270687233253e+01,8.695744480250368724e+03,1.458427371846787501e+01
7.270216989178645596e-03,2.510235027117524005e-08,2.627977279661770993e+01,5.233467270687233253e+01,8.695744480250368724e+03,1.458427371846787501e+01
7.270216989178645596e-03,2.510235027117524005e-08,2.627977279661770993e+01,5.233467270687233253e+01,8.695744480250368724e+03,1.458427371846787501e+01
7.270216989178645596e-03,2.510235027117524005e-08,2.627977279661770993e+01,5.233467270687233253e+01,8.695744480250368724e+03,1.458427371846787501e+01
7.270216989178645596e-03,2.510235027117524005e-08,2.627977279661770993e+01,5.233467270687233253e+01,8.695744480250368724e+03,1.458427371846787501e+01
7.270216989178645596e-03,2.510235027117524005e-08,2.627977279661770993e+01,5.233467270687233253e+01,8.695744480250368724e+03,1.458427371846787501e+01
7.270216989178645596e-03,2.510235027117524005e-08,2.627977279661770993e+01,5.233467270687233253e+01,8.695744480250368724e+03,1.458427371846787501e+01
7.270216989178645596e-03,2.510235027117524005e-08,2.627977279661770993e+01,5.233467270687233253e+01,8.695744480250368724e+03,1.458427371846787501e+01
7.294144820743182420e-03,2.509401695441497149e-08,2.632904755212623016e+01,5.230892431535276188e+01,8.694730390173846899e+03,1.460436205659952158e+01
7.294144820743182420e-03,2.509401695441497149e-08,2.632904755212623016e+01,5.230892431535276188e+01,8.694730390173846899e+03,1.460436205659952158e+01
7.294144820743182420e-03,2.509401695441497149e-08,2.632904755212623016e+01,5.230892431535276188e+01,8.694730390173846899e+03,1.460436205659952158e+01
7.294144820743182420e-03,2.509401695441497149e-08,2.632904755212623016e+01,5.230892431535276188e+01,8.694730390173846899e+03,1.460436205659952158e+01
7.294144820743182420e-03,2.509401695441497149e-08,2.632904755212623016e+01,5.230892431535276188e+01,8.694730390173846899e+03,1.460436205659952158e+01
7.294144820743182420e-03,2.509401695441497149e-08,2.632904755212623016e+01,5.230892431535276188e+01,8.694730390173846899e+03,1.460436205659952158e+01
7.244240258356133243e-03,2.508075764710831991e-08,2.621273439371705294e+01,5.244243085112539404e+01,8.692915298922333022e+03,1.450331027489549918e+01
7.244240258356133243e-03,2.508075764710831991e-08,2.621273439371705294e+01,5.244243085112539404e+01,8.692915298922333022e+03,1.450331027489549918e+01
7.244240258356133243e-03,2.508075764710831991e-08,2.621273439371705294e+01,5.244243085112539404e+01,8.692915298922333022e+03,1.450331027489549918e+01
7.244240258356133243e-03,2.508075764710831991e-08,2.621273439371705294e+01,5.244243085112539404e+01,8.692915298922333022e+03,1.450331027489549918e+01
7.244240258356133243e-03,2.508075764710831991e-08,2.621273439371705294e+01,5.244243085112539404e+01,8.692915298922333022e+03,1.450331027489549918e+01
7.244240258356133243e-03,2.508075764710831991e-08,2.621273439371705294e+01,5.244243085112539404e+01,8.692915298922333022e+03,1.450331027489549918e+01
7.244240258356133243e-03,2.508075764710831991e-08,2.621273439371705294e+01,5.244243085112539404e+01,8.692915298922333022e+03,1.450331027489549918e+01
7.244240258356133243e-03,2.508075764710831991e-08,2.621273439371705294e+01,5.244243085112539404e+01,8.692915298922333022e+03,1.450331027489549918e+01
7.244240258356133243e-03,2.508075764710831991e-08,2.621273439371705294e+01,5.244243085112539404e+01,8.692915298922333022e+03,1.450331027489549918e+01
7.244240258356133243e-03,2.508075764710831991e-08,2.621273439371705294e+01,5.244243085112539404e+01,8.692915298922333022e+03,1.450331027489549918e+01
7.244240258356133243e-03,2.508075764710831991e-08,2.621273439371705294e+01,5.244243085112539404e+01,8.692915298922333022e+03,1.450331027489549918e+01
7.249633660140094617e-03,2.507189520670177840e-08,2.617045013025697386e+01,5.245428292761380362e+01,8.678196794138688347e+03,1.447388022590365431e+01
7.249633660140094617e-03,2.507189520670177840e-08,2.617045013025697386e+01,5.245428292761380362e+01,8.678196794138688347e+03,1.447388022590365431e+01
7.249677652455910858e-03,2.507140685458316438e-08,2.616990041285939839e+01,5.245330828004233581e+01,8.677968173387760544e+03,1.447346164481727371e+01
7.249677652455910858e-03,2.507140685458316438e-08,2.616990041285939839e+01,5.245330828004233581e+01,8.677968173387760544e+03,1.447346164481727371e+01
7.249677652455910858e-03,2.507140685458316438e-08,2.616990041285939839e+01,5.245330828004233581e+01,8.677968173387760544e+03,1.447346164481727371e+01
7.249677652455910858e-03,2.507140685458316438e-08,2.616990041285939839e+01,5.245330828004233581e+01,8.677968173387760544e+03,1.447346164481727371e+01
7.249677652455910858e-03,2.507140685458316438e-08,2.616990041285939839e+01,5.245330828004233581e+01,8.677968173387760544e+03,1.447346164481727371e+01
7.249677652455910858e-03,2.507140685458316438e-08,2.616990041285939839e+01,5.245330828004233581e+01,8.677968173387760544e+03,1.447346164481727371e+01
7.249677652455910858e-03,2.507140685458316438e-08,2.616990041285939839e+01,5.245330828004233581e+01,8.677968173387760544e+03,1.447346164481727371e+01
7.249677652455910858e-03,2.507140685458316438e-08,2.616990041285939839e+01,5.245330828004233581e+01,8.677968173387760544e+03,1.447346164481727371e+01
7.249677652455910858e-03,2.507140685458316438e-08,2.616990041285939839e+01,5.245330828004233581e+01,8.677968173387760544e+03,1.447346164481727371e+01
7.249677652455910858e-03,2.507140685458316438e-08,2.616990041285939839e+01,5.245330828004233581e+01,8.677968173387760544e+03,1.447346164481727371e+01
7.249677652455910858e-03,2.507140685458316438e-08,2.616990041285939839e+01,5.245330828004233581e+01,8.677968173387760544e+03,1.447346164481727371e+01
7.249658204254283596e-03,2.507142730239980533e-08,2.616988990364423984e+01,5.245329577186554104e+01,8.677971636577794925e+03,1.447345705553103201e+01
7.249658204254283596e-03,2.507142730239980533e-08,2.616988990364423984e+01,5.245329577186554104e+01,8.677971636577794925e+03,1.447345705553103201e+01
7.249658204254283596e-03,2.507142730239980533e-08,2.616988990364423984e+01,5.245329577186554104e+01,8.677971636577794925e+03,1.447345705553103201e+01
7.249658204254283596e-03,2.507142730239980533e-08,2.616988990364423984e+01,5.245329577186554104e+01,8.677971636577794925e+03,1.447345705553103201e+01
7.249658204254283596e-03,2.507142730239980533e-08,2.616988990364423984e+01,5.245329577186554104e+01,8.677971636577794925e+03,1.447345705553103201e+01
7.249658204254283596e-03,2.507142730239980533e-08,2.616988990364423984e+01,5.245329577186554104e+01,8.677971636577794925e+03,1.447345705553103201e+01
7.249658204254283596e-03,2.507142730239980533e-08,2.616988990364423984e+01,5.245329577186554104e+01,8.677971636577794925e+03,1.447345705553103201e+01
7.249658204254283596e-03,2.507142730239980533e-08,2.616988990364423984e+01,5.245329577186554104e+01,8.677971636577794925e+03,1.447345705553103201e+01
7.248336973137938476e-03,2.507432520768905854e-08,2.616642710524151028e+01,5.245055183857242298e+01,8.678779287150377058e+03,1.447838690329967193e+01
7.248315449221982495e-03,2.507429109543664164e-08,2.616639550411414206e+01,5.245033353231153228e+01,8.678751530602014100e+03,1.447836349076062135e+01
7.248315449221982495e-03,2.507429109543664164e-08,2.616639550411414206e+01,5.245033353231153228e+01,8.678751530602014100e+03,1.447836349076062135e+01
7.248315449221982495e-03,2.507429109543664164e-08,2.616639550411414206e+01,5.245033353231153228e+01,8.678751530602014100e+03,1.447836349076062135e+01
7.248315449221982495e-03,2.507429109543664164e-08,2.616639550411414206e+01,5.245033353231153228e+01,8.678751530602014100e+03,1.447836349076062135e+01
7.248315449221982495e-03,2.507429109543664164e-08,2.616639550411414206e+01,5.245033353231153228e+01,8.678751530602014100e+03,1.447836349076062135e+01
7.248315449221982495e-03,2.507429109543664164e-08,2.616639550411414206e+01,5.245033353231153228e+01,8.678751530602014100e+03,1.447836349076062135e+01
7.248315449221982495e-03,2.507429109543664164e-08,2.616639550411414206e+01,5.245033353231153228e+01,8.678751530602014100e+03,1.447836349076062135e+01
7.248315449221982495e-03,2.507429109543664164e-08,2.616639550411414206e+01,5.245033353231153228e+01,8.678751530602014100e+03,1.447836349076062135e+01
7.248315449221982495e-03,2.507429109543664164e-08,2.616639550411414206e+01,5.245033353231153228e+01,8.678751530602014100e+03,1.447836349076062135e+01
7.248098004479397449e-03,2.507457462195302729e-08,2.616564935441455830e+01,5.244986242205320082e+01,8.678687191854340199e+03,1.447872893333128097e+01
7.246675682159230310e-03,2.507725465965689303e-08,2.616149541090341302e+01,5.244606310780004321e+01,8.678868588428633302e+03,1.448252906834464682e+01
7.246675682159230310e-03,2.507725465965689303e-08,2.616149541090341302e+01,5.244606310780004321e+01,8.678868588428633302e+03,1.448252906834464682e+01
7.246675682159230310e-03,2.507725465965689303e-08,2.616149541090341302e+01,5.244606310780004321e+01,8.678868588428633302e+03,1.448252906834464682e+01
7.246675682159230310e-03,2.507725465965689303e-08,2.616149541090341302e+01,5.244606310780004321e+01,8.678868588428633302e+03,1.448252906834464682e+01
7.246998725880542461e-03,2.507209869367536162e-08,2.616016208706160384e+01,5.244165089908052835e+01,8.677704431020856646e+03,1.448354004212591484e+01
7.242943682771245742e-03,2.508095704274866519e-08,2.615288151623609636e+01,5.244261644330494221e+01,8.679120581834153199e+03,1.449325148475826097e+01
7.242943682771245742e-03,2.508095704274866519e-08,2.615288151623609636e+01,5.244261644330494221e+01,8.679120581834153199e+03,1.449325148475826097e+01
7.242943682771245742e-03,2.508095704274866519e-08,2.615288151623609636e+01,5.244261644330494221e+01,8.679120581834153199e+03,1.449325148475826097e+01
7.232511381793966729e-03,2.512896256749899265e-08,2.610705727668564080e+01,5.243225832505461881e+01,8.689564153663252000e+03,1.458055667680589806e+01
7.230780162224574072e-03,2.513310922247352037e-08,2.612755187141793556e+01,5.245857810638455021e+01,8.698479917398601174e+03,1.458332415859577402e+01
7.230780162224574072e-03,2.513310922247352037e-08,2.612755187141793556e+01,5.245857810638455021e+01,8.698479917398601174e+03,1.458332415859577402e+01
7.230780162224574072e-03,2.513310922247352037e-08,2.612755187141793556e+01,5.245857810638455021e+01,8.698479917398601174e+03,1.458332415859577402e+01
7.230780162224574072e-03,2.513310922247352037e-08,2.612755187141793556e+01,5.245857810638455021e+01,8.698479917398601174e+03,1.458332415859577402e+01
7.230780162224574072e-03,2.513310922247352037e-08,2.612755187141793556e+01,5.245857810638455021e+01,8.698479917398601174e+03,1.458332415859577402e+01
7.230780162224574072e-03,2.513310922247352037e-08,2.612755187141793556e+01,5.245857810638455021e+01,8.698479917398601174e+03,1.458332415859577402e+01
7.230780162224574072e-03,2.513310922247352037e-08,2.612755187141793556e+01,5.245857810638455021e+01,8.698479917398601174e+03,1.458332415859577402e+01
7.230780162224574072e-03,2.513310922247352037e-08,2.612755187141793556e+01,5.245857810638455021e+01,8.698479917398601174e+03,1.458332415859577402e+01
7.230780162224574072e-03,2.513310922247352037e-08,2.612755187141793556e+01,5.245857810638455021e+01,8.698479917398601174e+03,1.458332415859577402e+01
7.230780162224574072e-03,2.513310922247352037e-08,2.612755187141793556e+01,5.245857810638455021e+01,8.698479917398601174e+03,1.458332415859577402e+01
7.228594703297543111e-03,2.514414299204227364e-08,2.612824275659509965e+01,5.246706020262901404e+01,8.702879141783467276e+03,1.460556546128612077e+01
7.228594703297543111e-03,2.514414299204227364e-08,2.612824275659509965e+01,5.246706020262901404e+01,8.702879141783467276e+03,1.460556546128612077e+01
7.228594703297543111e-03,2.514414299204227364e-08,2.612824275659509965e+01,5.246706020262901404e+01,8.702879141783467276e+03,1.460556546128612077e+01
7.228594703297543111e-03,2.514414299204227364e-08,2.612824275659509965e+01,5.246706020262901404e+01,8.702879141783467276e+03,1.460556546128612077e+01
7.228735485347784553e-03,2.514417769489036847e-08,2.612930962752840713e+01,5.246955897513752376e+01,8.703300536476101115e+03,1.460338786603696626e+01
7.228735485347784553e-03,2.514417769489036847e-08,2.612930962752840713e+01,5.246955897513752376e+01,8.703300536476101115e+03,1.460338786603696626e+01
7.216771957564213115e-03,2.520553877117484618e-08,2.605497363219907925e+01,5.242382101404614758e+01,8.707416325328886160e+03,1.477009000294843233e+01
7.216771957564213115e-03,2.520553877117484618e-08,2.605497363219907925e+01,5.242382101404614758e+01,8.707416325328886160e+03,1.477009000294843233e+01
7.209070767069703477e-03,2.523421800151920274e-08,2.603185122133978524e+01,5.241297583428724494e+01,8.712799152302974107e+03,1.483690649021236929e+01
7.209070767069703477e-03,2.523421800151920274e-08,2.603185122133978524e+01,5.241297583428724494e+01,8.712799152302974107e+03,1.483690649021236929e+01
7.209070767069703477e-03,2.523421800151920274e-08,2.603185122133978524e+01,5.241297583428724494e+01,8.712799152302974107e+03,1.483690649021236929e+01
7.209070767069703477e-03,2.523421800151920274e-08,2.603185122133978524e+01,5.241297583428724494e+01,8.712799152302974107e+03,1.483690649021236929e+01
7.209070767069703477e-03,2.523421800151920274e-08,2.603185122133978524e+01,5.241297583428724494e+01,8.712799152302974107e+03,1.483690649021236929e+01
7.209070767069703477e-03,2.523421800151920274e-08,2.603185122133978524e+01,5.241297583428724494e+01,8.712799152302974107e+03,1.483690649021236929e+01
7.209070767069703477e-03,2.523421800151920274e-08,2.603185122133978524e+01,5.241297583428724494e+01,8.712799152302974107e+03,1.483690649021236929e+01
7.209070767069703477e-03,2.523421800151920274e-08,2.603185122133978524e+01,5.241297583428724494e+01,8.712799152302974107e+03,1.483690649021236929e+01
7.224770483787632501e-03,2.516132066507746762e-08,2.609800349569322009e+01,5.242388951061091262e+01,8.698603818677443996e+03,1.468820607254370181e+01
7.224770483787632501e-03,2.516132066507746762e-08,2.609800349569322009e+01,5.242388951061091262e+01,8.698603818677443996e+03,1.468820607254370181e+01
7.224770483787632501e-03,2.516132066507746762e-08,2.609800349569322009e+01,5.242388951061091262e+01,8.698603818677443996e+03,1.468820607254370181e+01
7.224770483787632501e-03,2.516132066507746762e-08,2.609800349569322009e+01,5.242388951061091262e+01,8.698603818677443996e+03,1.468820607254370181e+01
7.224770483787632501e-03,2.516132066507746762e-08,2.609800349569322009e+01,5.242388951061091262e+01,8.698603818677443996e+03,1.468820607254370181e+01
7.224770483787632501e-03,2.516132066507746762e-08,2.609800349569322009e+01,5.242388951061091262e+01,8.698603818677443996e+03,1.468820607254370181e+01
7.224770483787632501e-03,2.516132066507746762e-08,2.609800349569322009e+01,5.242388951061091262e+01,8.698603818677443996e+03,1.468820607254370181e+01
7.224770483787632501e-03,2.516132066507746762e-08,2.609800349569322009e+01,5.242388951061091262e+01,8.698603818677443996e+03,1.468820607254370181e+01
7.224770483787632501e-03,2.516132066507746762e-08,2.609800349569322009e+01,5.242388951061091262e+01,8.698603818677443996e+03,1.468820607254370181e+01
7.224770483787632501e-03,2.516132066507746762e-08,2.609800349569322009e+01,5.242388951061091262e+01,8.698603818677443996e+03,1.468820607254370181e+01
7.224770483787632501e-03,2.516132066507746762e-08,2.609800349569322009e+01,5.242388951061091262e+01,8.698603818677443996e+03,1.468820607254370181e+01
7.224770483787632501e-03,2.516132066507746762e-08,2.609800349569322009e+01,5.242388951061091262e+01,8.698603818677443996e+03,1.468820607254370181e+01
7.224770483787632501e-03,2.516132066507746762e-08,2.609800349569322009e+01,5.242388951061091262e+01,8.698603818677443996e+03,1.468820607254370181e+01
7.224770483787632501e-03,2.516132066507746762e-08,2.609800349569322009e+01,5.242388951061091262e+01,8.698603818677443996e+03,1.468820607254370181e+01
7.224770483787632501e-03,2.516132066507746762e-08,2.609800349569322009e+01,5.242388951061091262e+01,8.698603818677443996e+03,1.468820607254370181e+01
7.224770483787632501e-03,2.516132066507746762e-08,2.609800349569322009e+01,5.242388951061091262e+01,8.698603818677443996e+03,1.468820607254370181e+01
7.224770483787632501e-03,2.516132066507746762e-08,2.609800349569322009e+01,5.242388951061091262e+01,8.698603818677443996e+03,1.468820607254370181e+01
7.223882677875181381e-03,2.517158063934343366e-08,2.610625017656672853e+01,5.243115698637281241e+01,8.702401063979918035e+03,1.471909781040105436e+01
7.223882677875181381e-03,2.517158063934343366e-08,2.610625017656672853e+01,5.243115698637281241e+01,8.702401063979918035e+03,1.471909781040105436e+01
7.223882677875181381e-03,2.517158063934343366e-08,2.610625017656672853e+01,5.243115698637281241e+01,8.702401063979918035e+03,1.471909781040105436e+01
7.223882677875181381e-03,2.517158063934343366e-08,2.610625017656672853e+01,5.243115698637281241e+01,8.702401063979918035e+03,1.471909781040105436e+01
7.223882677875181381e-03,2.517158063934343366e-08,2.610625017656672853e+01,5.243115698637281241e+01,8.702401063979918035e+03,1.471909781040105436e+01
7.223882677875181381e-03,2.517158063934343366e-08,2.610625017656672853e+01,5.243115698637281241e+01,8.702401063979918035e+03,1.471909781040105436e+01
7.249854913082024940e-03,2.507149902364154673e-08,2.617062835336960447e+01,5.245418996653959454e+01,8.678322624395061212e+03,1.447406442770681423e+01
7.249854913082024940e-03,2.507149902364154673e-08,2.617062835336960447e+01,5.245418996653959454e+01,8.678322624395061212e+03,1.447406442770681423e+01
7.249854913082024940e-03,2.507149902364154673e-08,2.617062835336960447e+01,5.245418996653959454e+01,8.678322624395061212e+03,1.447406442770681423e+01
7.249854913082024940e-03,2.507149902364154673e-08,2.617062835336960447e+01,5.245418996653959454e+01,8.678322624395061212e+03,1.447406442770681423e+01
7.249854913082024940e-03,2.507149902364154673e-08,2.617062835336960447e+01,5.245418996653959454e+01,8.678322624395061212e+03,1.447406442770681423e+01
7.249854913082024940e-03,2.507149902364154673e-08,2.617062835336960447e+01,5.245418996653959454e+01,8.678322624395061212e+03,1.447406442770681423e+01
7.249854913082024940e-03,2.507149902364154673e-08,2.617062835336960447e+01,5.245418996653959454e+01,8.678322624395061212e+03,1.447406442770681423e+01
7.249854913082024940e-03,2.507149902364154673e-08,2.617062835336960447e+01,5.245418996653959454e+01,8.678322624395061212e+03,1.447406442770681423e+01
7.249854913082024940e-03,2.507149902364154673e-08,2.617062835336960447e+01,5.245418996653959454e+01,8.678322624395061212e+03,1.447406442770681423e+01
7.249854913082024940e-03,2.507149902364154673e-08,2.617062835336960447e+01,5.245418996653959454e+01,8.678322624395061212e+03,1.447406442770681423e+01
7.249854913082024940e-03,2.507149902364154673e-08,2.617062835336960447e+01,5.245418996653959454e+01,8.678322624395061212e+03,1.447406442770681423e+01
7.249854913082024940e-03,2.507149902364154673e-08,2.617062835336960447e+01,5.245418996653959454e+01,8.678322624395061212e+03,1.447406442770681423e+01
7.249854913082024940e-03,2.507149902364154673e-08,2.617062835336960447e+01,5.245418996653959454e+01,8.678322624395061212e+03,1.447406442770681423e+01
7.249854913082024940e-03,2.507149902364154673e-08,2.617062835336960447e+01,5.245418996653959454e+01,8.678322624395061212e+03,1.447406442770681423e+01
7.249854913082024940e-03,2.507149902364154673e-08,2.617062835336960447e+01,5.245418996653959454e+01,8.678322624395061212e+03,1.447406442770681423e+01
7.249854913082024940e-03,2.507149902364154673e-08,2.617062835336960447e+01,5.245418996653959454e+01,8.678322624395061212e+03,1.447406442770681423e+01
7.249854913082024940e-03,2.507149902364154673e-08,2.617062835336960447e+01,5.245418996653959454e+01,8.678322624395061212e+03,1.447406442770681423e+01
7.249854913082024940e-03,2.507149902364154673e-08,2.617062835336960447e+01,5.245418996653959454e+01,8.678322624395061212e+03,1.447406442770681423e+01
7.249854913082024940e-03,2.507149902364154673e-08,2.617062835336960447e+01,5.245418996653959454e+01,8.678322624395061212e+03,1.447406442770681423e+01
7.249854913082024940e-03,2.507149902364154673e-08,2.617062835336960447e+01,5.245418996653959454e+01,8.678322624395061212e+03,1.447406442770681423e+01
7.249854913082024940e-03,2.507149902364154673e-08,2.617062835336960447e+01,5.245418996653959454e+01,8.678322624395061212e+03,1.447406442770681423e+01
7.249854913082024940e-03,2.507149902364154673e-08,2.617062835336960447e+01,5.245418996653959454e+01,8.678322624395061212e+03,1.447406442770681423e+01
7.249854913082024940e-03,2.507149902364154673e-08,2.617062835336960447e+01,5.245418996653959454e+01,8.678322624395061212e+03,1.447406442770681423e+01
7.246956709662860305e-03,2.507724111109404306e-08,2.616170427938896736e+01,5.244550758528652779e+01,8.680309915919453488e+03,1.448571035524538608e+01
7.249759167514157644e-03,2.506958853135578825e-08,2.616776512918349695e+01,5.244872193430489205e+01,8.678269646291470053e+03,1.447458273324667744e+01
7.249793389467281378e-03,2.506847244117853808e-08,2.616693145676210364e+01,5.244626941497179473e+01,8.678287511700060350e+03,1.447454056521921650e+01
7.249793389467281378e-03,2.506847244117853808e-08,2.616693145676210364e+01,5.244626941497179473e+01,8.678287511700060350e+03,1.447454056521921650e+01
7.249793389467281378e-03,2.506847244117853808e-08,2.616693145676210364e+01,5.244626941497179473e+01,8.678287511700060350e+03,1.447454056521921650e+01
7.254051868601778252e-03,2.505193018593616522e-08,2.618892155624858020e+01,5.245520032660753174e+01,8.678203142642280000e+03,1.444964654477815813e+01
7.254051868601778252e-03,2.505193018593616522e-08,2.618892155624858020e+01,5.245520032660753174e+01,8.678203142642280000e+03,1.444964654477815813e+01
7.254051868601778252e-03,2.505193018593616522e-08,2.618892155624858020e+01,5.245520032660753174e+01,8.678203142642280000e+03,1.444964654477815813e+01
7.256266150612406159e-03,2.504619614691014315e-08,2.619720711759931575e+01,5.245752321920383565e+01,8.680227465814721654e+03,1.444581503975894066e+01
7.256266150612406159e-03,2.504619614691014315e-08,2.619720711759931575e+01,5.245752321920383565e+01,8.680227465814721654e+03,1.444581503975894066e+01
7.256163079469144309e-03,2.504660007904505253e-08,2.619678333708454687e+01,5.245746795437271714e+01,8.680197833431633626e+03,1.444626150752557692e+01
7.256146718390834444e-03,2.504665952896467697e-08,2.619672479731374182e+01,5.245746212031469469e+01,8.680197431664664691e+03,1.444632786606974406e+01
7.256146718390834444e-03,2.504665952896467697e-08,2.619672479731374182e+01,5.245746212031469469e+01,8.680197431664664691e+03,1.444632786606974406e+01
7.256191467679348750e-03,2.504695345097482749e-08,2.619665203045879309e+01,5.245753981721508552e+01,8.680423969936522553e+03,1.444715005694556886e+01
7.256191467679348750e-03,2.504695345097482749e-08,2.619665203045879309e+01,5.245753981721508552e+01,8.680423969936522553e+03,1.444715005694556886e+01
7.256191467679348750e-03,2.504695345097482749e-08,2.619665203045879309e+01,5.245753981721508552e+01,8.680423969936522553e+03,1.444715005694556886e+01
7.256191467679348750e-03,2.504695345097482749e-08,2.619665203045879309e+01,5.245753981721508552e+01,8.680423969936522553e+03,1.444715005694556886e+01
7.256191467679348750e-03,2.504695345097482749e-08,2.619665203045879309e+01,5.245753981721508552e+01,8.680423969936522553e+03,1.444715005694556886e+01
7.256191467679348750e-03,2.504695345097482749e-08,2.619665203045879309e+01,5.245753981721508552e+01,8.680423969936522553e+03,1.444715005694556886e+01
7.255829328319423829e-03,2.504712857642249763e-08,2.619472133244006784e+01,5.245714548402541766e+01,8.680858273849647958e+03,1.444748845349871935e+01
7.269606259478511232e-03,2.502115867530004163e-08,2.622777188995904751e+01,5.246595919882160075e+01,8.674867140207530610e+03,1.442614429028797041e+01
7.260315194584213150e-03,2.503322475998291978e-08,2.620212591486617981e+01,5.246568072717719389e+01,8.675312543832613301e+03,1.443149646526064522e+01
7.260315194584213150e-03,2.503322475998291978e-08,2.620212591486617981e+01,5.246568072717719389e+01,8.675312543832613301e+03,1.443149646526064522e+01
7.260315194584213150e-03,2.503322475998291978e-08,2.620212591486617981e+01,5.246568072717719389e+01,8.675312543832613301e+03,1.443149646526064522e+01
7.260315194584213150e-03,2.503322475998291978e-08,2.620212591486617981e+01,5.246568072717719389e+01,8.675312543832613301e+03,1.443149646526064522e+01
7.260315194584213150e-03,2.503322475998291978e-08,2.620212591486617981e+01,5.246568072717719389e+01,8.675312543832613301e+03,1.443149646526064522e+01
7.260315194584213150e-03,2.503322475998291978e-08,2.620212591486617981e+01,5.246568072717719389e+01,8.675312543832613301e+03,1.443149646526064522e+01
7.260315194584213150e-03,2.503322475998291978e-08,2.620212591486617981e+01,5.246568072717719389e+01,8.675312543832613301e+03,1.443149646526064522e+01
7.260315194584213150e-03,2.503322475998291978e-08,2.620212591486617981e+01,5.246568072717719389e+01,8.675312543832613301e+03,1.443149646526064522e+01
7.260315194584213150e-03,2.503322475998291978e-08,2.620212591486617981e+01,5.246568072717719389e+01,8.675312543832613301e+03,1.443149646526064522e+01
7.260315194584213150e-03,2.503322475998291978e-08,2.620212591486617981e+01,5.246568072717719389e+01,8.675312543832613301e+03,1.443149646526064522e+01
7.260315194584213150e-03,2.503322475998291978e-08,2.620212591486617981e+01,5.246568072717719389e+01,8.675312543832613301e+03,1.443149646526064522e+01
7.260315194584213150e-03,2.503322475998291978e-08,2.620212591486617981e+01,5.246568072717719389e+01,8.675312543832613301e+03,1.443149646526064522e+01
7.260315194584213150e-03,2.503322475998291978e-08,2.620212591486617981e+01,5.246568072717719389e+01,8.675312543832613301e+03,1.443149646526064522e+01
7.260315194584213150e-03,2.503322475998291978e-08,2.620212591486617981e+01,5.246568072717719389e+01,8.675312543832613301e+03,1.443149646526064522e+01
7.260315194584213150e-03,2.503322475998291978e-08,2.620212591486617981e+01,5.246568072717719389e+01,8.675312543832613301e+03,1.443149646526064522e+01
7.260315194584213150e-03,2.503322475998291978e-08,2.620212591486617981e+01,5.246568072717719389e+01,8.675312543832613301e+03,1.443149646526064522e+01
7.274656654094242315e-03,2.498051658435529344e-08,2.622843755660816711e+01,5.242961653311359527e+01,8.656506114298254033e+03,1.439047431412303979e+01
7.274656654094242315e-03,2.498051658435529344e-08,2.622843755660816711e+01,5.242961653311359527e+01,8.656506114298254033e+03,1.439047431412303979e+01
7.274656654094242315e-03,2.498051658435529344e-08,2.622843755660816711e+01,5.242961653311359527e+01,8.656506114298254033e+03,1.439047431412303979e+01
7.274656654094242315e-03,2.498051658435529344e-08,2.622843755660816711e+01,5.242961653311359527e+01,8.656506114298254033e+03,1.439047431412303979e+01
7.276046294082281519e-03,2.496105358819717642e-08,2.622792236935250898e+01,5.241137302865588055e+01,8.649489803713571746e+03,1.436905356430406222e+01
7.276046294082281519e-03,2.496105358819717642e-08,2.622792236935250898e+01,5.241137302865588055e+01,8.649489803713571746e+03,1.436905356430406222e+01
7.276046294082281519e-03,2.496105358819717642e-08,2.622792236935250898e+01,5.241137302865588055e+01,8.649489803713571746e+03,1.436905356430406222e+01
7.276046294082281519e-03,2.496105358819717642e-08,2.622792236935250898e+01,5.241137302865588055e+01,8.649489803713571746e+03,1.436905356430406222e+01
7.276046294082281519e-03,2.496105358819717642e-08,2.622792236935250898e+01,5.241137302865588055e+01,8.649489803713571746e+03,1.436905356430406222e+01
7.277975436127699822e-03,2.495743374265949158e-08,2.622945507684216082e+01,5.240949256052902427e+01,8.647591750862360641e+03,1.436674511261775322e+01
7.277975436127699822e-03,2.495743374265949158e-08,2.622945507684216082e+01,5.240949256052902427e+01,8.647591750862360641e+03,1.436674511261775322e+01
7.277975436127699822e-03,2.495743374265949158e-08,2.622945507684216082e+01,5.240949256052902427e+01,8.647591750862360641e+03,1.436674511261775322e+01
7.277975436127699822e-03,2.495743374265949158e-08,2.622945507684216082e+01,5.240949256052902427e+01,8.647591750862360641e+03,1.436674511261775322e+01
7.277975436127699822e-03,2.495743374265949158e-08,2.622945507684216082e+01,5.240949256052902427e+01,8.647591750862360641e+03,1.436674511261775322e+01
7.277975436127699822e-03,2.495743374265949158e-08,2.622945507684216082e+01,5.240949256052902427e+01,8.647591750862360641e+03,1.436674511261775322e+01
7.277975436127699822e-03,2.495743374265949158e-08,2.622945507684216082e+01,5.240949256052902427e+01,8.647591750862360641e+03,1.436674511261775322e+01
7.277975436127699822e-03,2.495743374265949158e-08,2.622945507684216082e+01,5.240949256052902427e+01,8.647591750862360641e+03,1.436674511261775322e+01
7.277975436127699822e-03,2.495743374265949158e-08,2.622945507684216082e+01,5.240949256052902427e+01,8.647591750862360641e+03,1.436674511261775322e+01
7.277975436127699822e-03,2.495743374265949158e-08,2.622945507684216082e+01,5.240949256052902427e+01,8.647591750862360641e+03,1.436674511261775322e+01
7.277975436127699822e-03,2.495743374265949158e-08,2.622945507684216082e+01,5.240949256052902427e+01,8.647591750862360641e+03,1.436674511261775322e+01
7.277975436127699822e-03,2.495743374265949158e-08,2.622945507684216082e+01,5.240949256052902427e+01,8.647591750862360641e+03,1.436674511261775322e+01
7.277975436127699822e-03,2.495743374265949158e-08,2.622945507684216082e+01,5.240949256052902427e+01,8.647591750862360641e+03,1.436674511261775322e+01
7.277975436127699822e-03,2.495743374265949158e-08,2.622945507684216082e+01,5.240949256052902427e+01,8.647591750862360641e+03,1.436674511261775322e+01
7.277975436127699822e-03,2.495743374265949158e-08,2.622945507684216082e+01,5.240949256052902427e+01,8.647591750862360641e+03,1.436674511261775322e+01
7.277975436127699822e-03,2.495743374265949158e-08,2.622945507684216082e+01,5.240949256052902427e+01,8.647591750862360641e+03,1.436674511261775322e+01
7.274479670072409379e-03,2.496966394309578399e-08,2.622813615374546714e+01,5.241636051156099541e+01,8.651564245079562170e+03,1.437590505837743748e+01
7.274479670072409379e-03,2.496966394309578399e-08,2.622813615374546714e+01,5.241636051156099541e+01,8.651564245079562170e+03,1.437590505837743748e+01
7.274479670072409379e-03,2.496966394309578399e-08,2.622813615374546714e+01,5.241636051156099541e+01,8.651564245079562170e+03,1.437590505837743748e+01
7.274479670072409379e-03,2.496966394309578399e-08,2.622813615374546714e+01,5.241636051156099541e+01,8.651564245079562170e+03,1.437590505837743748e+01
7.302422529848871628e-03,2.489125468993235943e-08,2.612468807422387229e+01,5.229931850058847687e+01,8.591017831237188147e+03,1.427860873320569368e+01
7.250118802925165432e-03,2.507107653632942793e-08,2.617196275223166424e+01,5.245539859761972679e+01,8.677633164592985850e+03,1.447315157562200127e+01
7.250118802925165432e-03,2.507107653632942793e-08,2.617196275223166424e+01,5.245539859761972679e+01,8.677633164592985850e+03,1.447315157562200127e+01
7.250051391738510966e-03,2.507126630413497049e-08,2.617130309711337688e+01,5.245519637588895989e+01,8.677949380402042152e+03,1.447361812229750377e+01
7.250051391738510966e-03,2.507126630413497049e-08,2.617130309711337688e+01,5.245519637588895989e+01,8.677949380402042152e+03,1.447361812229750377e+01
7.250051391738510966e-03,2.507126630413497049e-08,2.617130309711337688e+01,5.245519637588895989e+01,8.677949380402042152e+03,1.447361812229750377e+01
7.250056434654837678e-03,2.507125722135422592e-08,2.617131920908619946e+01,5.245523908353380449e+01,8.677935750253951483e+03,1.447360593077078228e+01
7.250056434654837678e-03,2.507125722135422592e-08,2.617131920908619946e+01,5.245523908353380449e+01,8.677935750253951483e+03,1.447360593077078228e+01
7.250056434654837678e-03,2.507125722135422592e-08,2.617131920908619946e+01,5.245523908353380449e+01,8.677935750253951483e+03,1.447360593077078228e+01
7.250056434654837678e-03,2.507125722135422592e-08,2.617131920908619946e+01,5.245523908353380449e+01,8.677935750253951483e+03,1.447360593077078228e+01
7.250056434654837678e-03,2.507125722135422592e-08,2.617131920908619946e+01,5.245523908353380449e+01,8.677935750253951483e+03,1.447360593077078228e+01
7.250056434654837678e-03,2.507125722135422592e-08,2.617131920908619946e+01,5.245523908353380449e+01,8.677935750253951483e+03,1.447360593077078228e+01
7.250056434654837678e-03,2.507125722135422592e-08,2.617131920908619946e+01,5.245523908353380449e+01,8.677935750253951483e+03,1.447360593077078228e+01
7.250056434654837678e-03,2.507125722135422592e-08,2.617131920908619946e+01,5.245523908353380449e+01,8.677935750253951483e+03,1.447360593077078228e+01
7.250056434654837678e-03,2.507125722135422592e-08,2.617131920908619946e+01,5.245523908353380449e+01,8.677935750253951483e+03,1.447360593077078228e+01
7.250056434654837678e-03,2.507125722135422592e-08,2.617131920908619946e+01,5.245523908353380449e+01,8.677935750253951483e+03,1.447360593077078228e+01
7.250056434654837678e-03,2.507125722135422592e-08,2.617131920908619946e+01,5.245523908353380449e+01,8.677935750253951483e+03,1.447360593077078228e+01
7.250056434654837678e-03,2.507125722135422592e-08,2.617131920908619946e+01,5.245523908353380449e+01,8.677935750253951483e+03,1.447360593077078228e+01
7.250056434654837678e-03,2.507125722135422592e-08,2.617131920908619946e+01,5.245523908353380449e+01,8.677935750253951483e+03,1.447360593077078228e+01
7.250056434654837678e-03,2.507125722135422592e-08,2.617131920908619946e+01,5.245523908353380449e+01,8.677935750253951483e+03,1.447360593077078228e+01
7.250056434654837678e-03,2.507125722135422592e-08,2.617131920908619946e+01,5.245523908353380449e+01,8.677935750253951483e+03,1.447360593077078228e+01
7.250056434654837678e-03,2.507125722135422592e-08,2.617131920908619946e+01,5.245523908353380449e+01,8.677935750253951483e+03,1.447360593077078228e+01
7.250056434654837678e-03,2.507125722135422592e-08,2.617131920908619946e+01,5.245523908353380449e+01,8.677935750253951483e+03,1.447360593077078228e+01
7.250056434654837678e-03,2.507125722135422592e-08,2.617131920908619946e+01,5.245523908353380449e+01,8.677935750253951483e+03,1.447360593077078228e+01
7.250056434654837678e-03,2.507125722135422592e-08,2.617131920908619946e+01,5.245523908353380449e+01,8.677935750253951483e+03,1.447360593077078228e+01
7.250056434654837678e-03,2.507125722135422592e-08,2.617131920908619946e+01,5.245523908353380449e+01,8.677935750253951483e+03,1.447360593077078228e+01
7.250056434654837678e-03,2.507125722135422592e-08,2.617131920908619946e+01,5.245523908353380449e+01,8.677935750253951483e+03,1.447360593077078228e+01
7.250056434654837678e-03,2.507125722135422592e-08,2.617131920908619946e+01,5.245523908353380449e+01,8.677935750253951483e+03,1.447360593077078228e+01
7.250056434654837678e-03,2.507125722135422592e-08,2.617131920908619946e+01,5.245523908353380449e+01,8.677935750253951483e+03,1.447360593077078228e+01
7.250056434654837678e-03,2.507125722135422592e-08,2.617131920908619946e+01,5.245523908353380449e+01,8.677935750253951483e+03,1.447360593077078228e+01
7.250056434654837678e-03,2.507125722135422592e-08,2.617131920908619946e+01,5.245523908353380449e+01,8.677935750253951483e+03,1.447360593077078228e+01
7.250056434654837678e-03,2.507125722135422592e-08,2.617131920908619946e+01,5.245523908353380449e+01,8.677935750253951483e+03,1.447360593077078228e+01
7.250056434654837678e-03,2.507125722135422592e-08,2.617131920908619946e+01,5.245523908353380449e+01,8.677935750253951483e+03,1.447360593077078228e+01
7.250056434654837678e-03,2.507125722135422592e-08,2.617131920908619946e+01,5.245523908353380449e+01,8.677935750253951483e+03,1.447360593077078228e+01
7.250056434654837678e-03,2.507125722135422592e-08,2.617131920908619946e+01,5.245523908353380449e+01,8.677935750253951483e+03,1.447360593077078228e+01
7.250056434654837678e-03,2.507125722135422592e-08,2.617131920908619946e+01,5.245523908353380449e+01,8.677935750253951483e+03,1.447360593077078228e+01
7.251505161535796128e-03,2.506516084168425960e-08,2.617158915986630774e+01,5.244884342414054856e+01,8.676665700475592530e+03,1.447068389875613903e+01
7.253833964627654125e-03,2.505704585897322835e-08,2.617508956872661230e+01,5.244706674722891648e+01,8.674958245784839164e+03,1.446585463816408534e+01
7.253833964627654125e-03,2.505704585897322835e-08,2.617508956872661230e+01,5.244706674722891648e+01,8.674958245784839164e+03,1.446585463816408534e+01
7.248824651637002237e-03,2.506204706742510120e-08,2.615726798857007296e+01,5.243490122009720267e+01,8.673546757014188188e+03,1.446907396359645936e+01
7.248837014354100536e-03,2.506227113853971959e-08,2.615753595111342733e+01,5.243527097997388609e+01,8.673661480341186689e+03,1.446922811616212812e+01
7.248149354333188396e-03,2.506071971675317700e-08,2.614377309821241013e+01,5.242391851347601062e+01,8.670362033634160980e+03,1.446890505120367898e+01
7.247938053969821444e-03,2.505937837298053021e-08,2.614048406482734421e+01,5.242030398208338937e+01,8.669370994000673818e+03,1.446827891622652906e+01
7.247938053969821444e-03,2.505937837298053021e-08,2.614048406482734421e+01,5.242030398208338937e+01,8.669370994000673818e+03,1.446827891622652906e+01
7.247938053969821444e-03,2.505937837298053021e-08,2.614048406482734421e+01,5.242030398208338937e+01,8.669370994000673818e+03,1.446827891622652906e+01
7.247938053969821444e-03,2.505937837298053021e-08,2.614048406482734421e+01,5.242030398208338937e+01,8.669370994000673818e+03,1.446827891622652906e+01
7.247938053969821444e-03,2.505937837298053021e-08,2.614048406482734421e+01,5.242030398208338937e+01,8.669370994000673818e+03,1.446827891622652906e+01
7.247938053969821444e-03,2.505937837298053021e-08,2.614048406482734421e+01,5.242030398208338937e+01,8.669370994000673818e+03,1.446827891622652906e+01
7.247938053969821444e-03,2.505937837298053021e-08,2.614048406482734421e+01,5.242030398208338937e+01,8.669370994000673818e+03,1.446827891622652906e+01
7.247938053969821444e-03,2.505937837298053021e-08,2.614048406482734421e+01,5.242030398208338937e+01,8.669370994000673818e+03,1.446827891622652906e+01
7.248233078382220612e-03,2.505861357995351824e-08,2.613396860805901767e+01,5.241532258156848911e+01,8.667502286541850481e+03,1.446830497518926961e+01
7.248233078382220612e-03,2.505861357995351824e-08,2.613396860805901767e+01,5.241532258156848911e+01,8.667502286541850481e+03,1.446830497518926961e+01
7.267856918040001279e-03,2.500326248051944485e-08,2.617290322127395896e+01,5.239305571473646950e+01,8.655289553712162160e+03,1.443673242921462396e+01
7.267856918040001279e-03,2.500326248051944485e-08,2.617290322127395896e+01,5.239305571473646950e+01,8.655289553712162160e+03,1.443673242921462396e+01
7.266020164444595732e-03,2.500803849881362318e-08,2.617695809938434692e+01,5.240101198167877072e+01,8.657912588539869830e+03,1.443646024684416140e+01
7.266020164444595732e-03,2.500803849881362318e-08,2.617695809938434692e+01,5.240101198167877072e+01,8.657912588539869830e+03,1.443646024684416140e+01
7.266020164444595732e-03,2.500803849881362318e-08,2.617695809938434692e+01,5.240101198167877072e+01,8.657912588539869830e+03,1.443646024684416140e+01
7.266020164444595732e-03,2.500803849881362318e-08,2.617695809938434692e+01,5.240101198167877072e+01,8.657912588539869830e+03,1.443646024684416140e+01
7.266020164444595732e-03,2.500803849881362318e-08,2.617695809938434692e+01,5.240101198167877072e+01,8.657912588539869830e+03,1.443646024684416140e+01
7.266020164444595732e-03,2.500803849881362318e-08,2.617695809938434692e+01,5.240101198167877072e+01,8.657912588539869830e+03,1.443646024684416140e+01
7.266020164444595732e-03,2.500803849881362318e-08,2.617695809938434692e+01,5.240101198167877072e+01,8.657912588539869830e+03,1.443646024684416140e+01
7.266081725163275537e-03,2.500779204842513618e-08,2.617698302063241655e+01,5.240080469486300530e+01,8.657832882157783388e+03,1.443631019827930828e+01
7.271275321793274973e-03,2.499169132213486243e-08,2.622704024282954194e+01,5.242025349650186428e+01,8.663623712159362185e+03,1.442316608616699014e+01
7.271275321793274973e-03,2.499169132213486243e-08,2.622704024282954194e+01,5.242025349650186428e+01,8.663623712159362185e+03,1.442316608616699014e+01
7.271275321793274973e-03,2.499169132213486243e-08,2.622704024282954194e+01,5.242025349650186428e+01,8.663623712159362185e+03,1.442316608616699014e+01
7.271275321793274973e-03,2.499169132213486243e-08,2.622704024282954194e+01,5.242025349650186428e+01,8.663623712159362185e+03,1.442316608616699014e+01
7.271275321793274973e-03,2.499169132213486243e-08,2.622704024282954194e+01,5.242025349650186428e+01,8.663623712159362185e+03,1.442316608616699014e+01
7.271275321793274973e-03,2.499169132213486243e-08,2.622704024282954194e+01,5.242025349650186428e+01,8.663623712159362185e+03,1.442316608616699014e+01
7.272281588757373814e-03,2.494982322295773447e-08,2.614019985280918590e+01,5.231355310776338285e+01,8.636265387647550597e+03,1.440886434247633474e+01
7.303988733388750744e-03,2.490573106399960101e-08,2.615924678976283246e+01,5.220868679097516463e+01,8.615292816339593628e+03,1.441497242125676870e+01
7.303988733388750744e-03,2.490573106399960101e-08,2.615924678976283246e+01,5.220868679097516463e+01,8.615292816339593628e+03,1.441497242125676870e+01
7.338711125002204266e-03,2.481140673738890306e-08,2.619523757793764673e+01,5.210770902196411924e+01,8.586096082502595891e+03,1.437053474412589438e+01
7.338711125002204266e-03,2.481140673738890306e-08,2.619523757793764673e+01,5.210770902196411924e+01,8.586096082502595891e+03,1.437053474412589438e+01
7.338711125002204266e-03,2.481140673738890306e-08,2.619523757793764673e+01,5.210770902196411924e+01,8.586096082502595891e+03,1.437053474412589438e+01
7.338711125002204266e-03,2.481140673738890306e-08,2.619523757793764673e+01,5.210770902196411924e+01,8.586096082502595891e+03,1.437053474412589438e+01
7.338711125002204266e-03,2.481140673738890306e-08,2.619523757793764673e+01,5.210770902196411924e+01,8.586096082502595891e+03,1.437053474412589438e+01
7.338711125002204266e-03,2.481140673738890306e-08,2.619523757793764673e+01,5.210770902196411924e+01,8.586096082502595891e+03,1.437053474412589438e+01
7.329709642151862291e-03,2.483914045751425183e-08,2.619472971270725026e+01,5.214912426849424065e+01,8.595135617447576806e+03,1.437683793749557459e+01
7.358423519680718818e-03,2.476084024211160734e-08,2.623132246337620899e+01,5.208040218982067415e+01,8.570536187007510307e+03,1.432460359761240554e+01
7.358423519680718818e-03,2.476084024211160734e-08,2.623132246337620899e+01,5.208040218982067415e+01,8.570536187007510307e+03,1.432460359761240554e+01
7.400325738048335253e-03,2.464984956867939910e-08,2.618823465157216290e+01,5.191341827385412699e+01,8.514355824923908585e+03,1.425571147719878518e+01
7.400325738048335253e-03,2.464984956867939910e-08,2.618823465157216290e+01,5.191341827385412699e+01,8.514355824923908585e+03,1.425571147719878518e+01
7.400325738048335253e-03,2.464984956867939910e-08,2.618823465157216290e+01,5.191341827385412699e+01,8.514355824923908585e+03,1.425571147719878518e+01
7.400325738048335253e-03,2.464984956867939910e-08,2.618823465157216290e+01,5.191341827385412699e+01,8.514355824923908585e+03,1.425571147719878518e+01
7.400325738048335253e-03,2.464984956867939910e-08,2.618823465157216290e+01,5.191341827385412699e+01,8.514355824923908585e+03,1.425571147719878518e+01
7.400325738048335253e-03,2.464984956867939910e-08,2.618823465157216290e+01,5.191341827385412699e+01,8.514355824923908585e+03,1.425571147719878518e+01
7.400325738048335253e-03,2.464984956867939910e-08,2.618823465157216290e+01,5.191341827385412699e+01,8.514355824923908585e+03,1.425571147719878518e+01
7.400325738048335253e-03,2.464984956867939910e-08,2.618823465157216290e+01,5.191341827385412699e+01,8.514355824923908585e+03,1.425571147719878518e+01
7.400325738048335253e-03,2.464984956867939910e-08,2.618823465157216290e+01,5.191341827385412699e+01,8.514355824923908585e+03,1.425571147719878518e+01
7.524635894921941244e-03,2.445399857383331726e-08,2.621970014350992528e+01,5.177562485815078475e+01,8.407135022680098700e+03,1.414520715799463702e+01
7.524635894921941244e-03,2.445399857383331726e-08,2.621970014350992528e+01,5.177562485815078475e+01,8.407135022680098700e+03,1.414520715799463702e+01
7.249805617591091773e-03,2.507127693908147208e-08,2.617041684562396853e+01,5.245371215580097157e+01,8.678315008080458938e+03,1.447393439676882920e+01
7.249805617591091773e-03,2.507127693908147208e-08,2.617041684562396853e+01,5.245371215580097157e+01,8.678315008080458938e+03,1.447393439676882920e+01
7.250634725234595193e-03,2.506921982588108999e-08,2.617275679796694376e+01,5.245545201993861895e+01,8.677805204910417160e+03,1.447061445570204086e+01
7.250634725234595193e-03,2.506921982588108999e-08,2.617275679796694376e+01,5.245545201993861895e+01,8.677805204910417160e+03,1.447061445570204086e+01
7.250634725234595193e-03,2.506921982588108999e-08,2.617275679796694376e+01,5.245545201993861895e+01,8.677805204910417160e+03,1.447061445570204086e+01
7.250634725234595193e-03,2.506921982588108999e-08,2.617275679796694376e+01,5.245545201993861895e+01,8.677805204910417160e+03,1.447061445570204086e+01
7.250634725234595193e-03,2.506921982588108999e-08,2.617275679796694376e+01,5.245545201993861895e+01,8.677805204910417160e+03,1.447061445570204086e+01
7.250634725234595193e-03,2.506921982588108999e-08,2.617275679796694376e+01,5.245545201993861895e+01,8.677805204910417160e+03,1.447061445570204086e+01
7.253943786142561315e-03,2.506228277672978198e-08,2.618171881217916663e+01,5.246224719504346723e+01,8.675830161603384113e+03,1.445831289110234508e+01
7.253590958625053334e-03,2.506308646387127567e-08,2.618075394702608349e+01,5.246153297570204899e+01,8.676059617159611662e+03,1.445968636598619028e+01
7.253740194829259337e-03,2.506272239297993157e-08,2.618022253039641356e+01,5.246120801170582126e+01,8.675732672278028986e+03,1.445907343244100574e+01
7.253740194829259337e-03,2.506272239297993157e-08,2.618022253039641356e+01,5.246120801170582126e+01,8.675732672278028986e+03,1.445907343244100574e+01
7.253671408059379419e-03,2.506287951665871324e-08,2.618005140186384239e+01,5.246108009822000184e+01,8.675781559362038024e+03,1.445934178691225469e+01
7.253671408059379419e-03,2.506287951665871324e-08,2.618005140186384239e+01,5.246108009822000184e+01,8.675781559362038024e+03,1.445934178691225469e+01
7.253617034104088007e-03,2.506300814798671447e-08,2.617991522125095472e+01,5.246097656124950959e+01,8.675817945008859169e+03,1.445955814819243379e+01
7.254436746881757353e-03,2.506386560628325283e-08,2.618165144755449703e+01,5.246314691159706456e+01,8.676064809227584192e+03,1.445999370322603639e+01
7.254436746881757353e-03,2.506386560628325283e-08,2.618165144755449703e+01,5.246314691159706456e+01,8.676064809227584192e+03,1.445999370322603639e+01
7.254299635156205919e-03,2.506371617992168038e-08,2.618136253995051987e+01,5.246277991993500933e+01,8.676021237758634015e+03,1.445991214062938646e+01
7.253615438593754780e-03,2.506297050361546718e-08,2.617992083796847425e+01,5.246094854201059121e+01,8.675803804213870535e+03,1.445950512172272795e+01
7.253615347172228181e-03,2.506297355643052342e-08,2.617992002533587481e+01,5.246094913451727848e+01,8.675804035520062826e+03,1.445950678297069558e+01
7.253595391008307164e-03,2.506281504870505762e-08,2.617886931660640570e+01,5.246013697526766606e+01,8.675636838526275824e+03,1.445980617825083669e+01
7.258508119117316158e-03,2.505109299351125479e-08,2.619072459241495920e+01,5.246692300366483863e+01,8.672213538231806524e+03,1.444128090678868226e+01
7.258508119117316158e-03,2.505109299351125479e-08,2.619072459241495920e+01,5.246692300366483863e+01,8.672213538231806524e+03,1.444128090678868226e+01
7.258508119117316158e-03,2.505109299351125479e-08,2.619072459241495920e+01,5.246692300366483863e+01,8.672213538231806524e+03,1.444128090678868226e+01
7.258508119117316158e-03,2.505109299351125479e-08,2.619072459241495920e+01,5.246692300366483863e+01,8.672213538231806524e+03,1.444128090678868226e+01
7.258508119117316158e-03,2.505109299351125479e-08,2.619072459241495920e+01,5.246692300366483863e+01,8.672213538231806524e+03,1.444128090678868226e+01
7.258508119117316158e-03,2.505109299351125479e-08,2.619072459241495920e+01,5.246692300366483863e+01,8.672213538231806524e+03,1.444128090678868226e+01
7.263724703586674214e-03,2.503876880703307586e-08,2.620277038133552949e+01,5.247459104712734757e+01,8.668538386552592783e+03,1.442164447974907837e+01
7.263724703586674214e-03,2.503876880703307586e-08,2.620277038133552949e+01,5.247459104712734757e+01,8.668538386552592783e+03,1.442164447974907837e+01
7.263724703586674214e-03,2.503876880703307586e-08,2.620277038133552949e+01,5.247459104712734757e+01,8.668538386552592783e+03,1.442164447974907837e+01
7.263724703586674214e-03,2.503876880703307586e-08,2.620277038133552949e+01,5.247459104712734757e+01,8.668538386552592783e+03,1.442164447974907837e+01
7.263724703586674214e-03,2.503876880703307586e-08,2.620277038133552949e+01,5.247459104712734757e+01,8.668538386552592783e+03,1.442164447974907837e+01
7.263724703586674214e-03,2.503876880703307586e-08,2.620277038133552949e+01,5.247459104712734757e+01,8.668538386552592783e+03,1.442164447974907837e+01
7.263724703586674214e-03,2.503876880703307586e-08,2.620277038133552949e+01,5.247459104712734757e+01,8.668538386552592783e+03,1.442164447974907837e+01
7.263724703586674214e-03,2.503876880703307586e-08,2.620277038133552949e+01,5.247459104712734757e+01,8.668538386552592783e+03,1.442164447974907837e+01
7.263724703586674214e-03,2.503876880703307586e-08,2.620277038133552949e+01,5.247459104712734757e+01,8.668538386552592783e+03,1.442164447974907837e+01
7.263724703586674214e-03,2.503876880703307586e-08,2.620277038133552949e+01,5.247459104712734757e+01,8.668538386552592783e+03,1.442164447974907837e+01
7.263724703586674214e-03,2.503876880703307586e-08,2.620277038133552949e+01,5.247459104712734757e+01,8.668538386552592783e+03,1.442164447974907837e+01
7.263724703586674214e-03,2.503876880703307586e-08,2.620277038133552949e+01,5.247459104712734757e+01,8.668538386552592783e+03,1.442164447974907837e+01
7.263724703586674214e-03,2.503876880703307586e-08,2.620277038133552949e+01,5.247459104712734757e+01,8.668538386552592783e+03,1.442164447974907837e+01
7.263724703586674214e-03,2.503876880703307586e-08,2.620277038133552949e+01,5.247459104712734757e+01,8.668538386552592783e+03,1.442164447974907837e+01
7.263724703586674214e-03,2.503876880703307586e-08,2.620277038133552949e+01,5.247459104712734757e+01,8.668538386552592783e+03,1.442164447974907837e+01
7.263724703586674214e-03,2.503876880703307586e-08,2.620277038133552949e+01,5.247459104712734757e+01,8.668538386552592783e+03,1.442164447974907837e+01
7.263724703586674214e-03,2.503876880703307586e-08,2.620277038133552949e+01,5.247459104712734757e+01,8.668538386552592783e+03,1.442164447974907837e+01
7.263724703586674214e-03,2.503876880703307586e-08,2.620277038133552949e+01,5.247459104712734757e+01,8.668538386552592783e+03,1.442164447974907837e+01
7.263724703586674214e-03,2.503876880703307586e-08,2.620277038133552949e+01,5.247459104712734757e+01,8.668538386552592783e+03,1.442164447974907837e+01
7.263724703586674214e-03,2.503876880703307586e-08,2.620277038133552949e+01,5.247459104712734757e+01,8.668538386552592783e+03,1.442164447974907837e+01
7.263724703586674214e-03,2.503876880703307586e-08,2.620277038133552949e+01,5.247459104712734757e+01,8.668538386552592783e+03,1.442164447974907837e+01
7.263724703586674214e-03,2.503876880703307586e-08,2.620277038133552949e+01,5.247459104712734757e+01,8.668538386552592783e+03,1.442164447974907837e+01
7.263724703586674214e-03,2.503876880703307586e-08,2.620277038133552949e+01,5.247459104712734757e+01,8.668538386552592783e+03,1.442164447974907837e+01
7.263724703586674214e-03,2.503876880703307586e-08,2.620277038133552949e+01,5.247459104712734757e+01,8.668538386552592783e+03,1.442164447974907837e+01
7.263724703586674214e-03,2.503876880703307586e-08,2.620277038133552949e+01,5.247459104712734757e+01,8.668538386552592783e+03,1.442164447974907837e+01
7.263724703586674214e-03,2.503876880703307586e-08,2.620277038133552949e+01,5.247459104712734757e+01,8.668538386552592783e+03,1.442164447974907837e+01
7.263724703586674214e-03,2.503876880703307586e-08,2.620277038133552949e+01,5.247459104712734757e+01,8.668538386552592783e+03,1.442164447974907837e+01
7.263724703586674214e-03,2.503876880703307586e-08,2.620277038133552949e+01,5.247459104712734757e+01,8.668538386552592783e+03,1.442164447974907837e+01
7.263724703586674214e-03,2.503876880703307586e-08,2.620277038133552949e+01,5.247459104712734757e+01,8.668538386552592783e+03,1.442164447974907837e+01
7.263724703586674214e-03,2.503876880703307586e-08,2.620277038133552949e+01,5.247459104712734757e+01,8.668538386552592783e+03,1.442164447974907837e+01
7.263724703586674214e-03,2.503876880703307586e-08,2.620277038133552949e+01,5.247459104712734757e+01,8.668538386552592783e+03,1.442164447974907837e+01
7.263724703586674214e-03,2.503876880703307586e-08,2.620277038133552949e+01,5.247459104712734757e+01,8.668538386552592783e+03,1.442164447974907837e+01
7.263724703586674214e-03,2.503876880703307586e-08,2.620277038133552949e+01,5.247459104712734757e+01,8.668538386552592783e+03,1.442164447974907837e+01
7.263724703586674214e-03,2.503876880703307586e-08,2.620277038133552949e+01,5.247459104712734757e+01,8.668538386552592783e+03,1.442164447974907837e+01
7.263724703586674214e-03,2.503876880703307586e-08,2.620277038133552949e+01,5.247459104712734757e+01,8.668538386552592783e+03,1.442164447974907837e+01
7.263724703586674214e-03,2.503876880703307586e-08,2.620277038133552949e+01,5.247459104712734757e+01,8.668538386552592783e+03,1.442164447974907837e+01
7.263724703586674214e-03,2.503876880703307586e-08,2.620277038133552949e+01,5.247459104712734757e+01,8.668538386552592783e+03,1.442164447974907837e+01
7.263724703586674214e-03,2.503876880703307586e-08,2.620277038133552949e+01,5.247459104712734757e+01,8.668538386552592783e+03,1.442164447974907837e+01
7.263724703586674214e-03,2.503876880703307586e-08,2.620277038133552949e+01,5.247459104712734757e+01,8.668538386552592783e+03,1.442164447974907837e+01
7.263724703586674214e-03,2.503876880703307586e-08,2.620277038133552949e+01,5.247459104712734757e+01,8.668538386552592783e+03,1.442164447974907837e+01
7.263724703586674214e-03,2.503876880703307586e-08,2.620277038133552949e+01,5.247459104712734757e+01,8.668538386552592783e+03,1.442164447974907837e+01
7.263724703586674214e-03,2.503876880703307586e-08,2.620277038133552949e+01,5.247459104712734757e+01,8.668538386552592783e+03,1.442164447974907837e+01
7.263724703586674214e-03,2.503876880703307586e-08,2.620277038133552949e+01,5.247459104712734757e+01,8.668538386552592783e+03,1.442164447974907837e+01
7.263724703586674214e-03,2.503876880703307586e-08,2.620277038133552949e+01,5.247459104712734757e+01,8.668538386552592783e+03,1.442164447974907837e+01
7.345103261792957500e-03,2.488902393686046320e-08,2.632437678804957315e+01,5.249879861635277933e+01,8.615933579039970937e+03,1.423978790254950333e+01
7.345103261792957500e-03,2.488902393686046320e-08,2.632437678804957315e+01,5.249879861635277933e+01,8.615933579039970937e+03,1.423978790254950333e+01
7.366765130143577284e-03,2.485653390033465824e-08,2.638705173678511429e+01,5.249433229561260106e+01,8.614880784784176285e+03,1.421839849897421004e+01
7.366765130143577284e-03,2.485653390033465824e-08,2.638705173678511429e+01,5.249433229561260106e+01,8.614880784784176285e+03,1.421839849897421004e+01
7.366765130143577284e-03,2.485653390033465824e-08,2.638705173678511429e+01,5.249433229561260106e+01,8.614880784784176285e+03,1.421839849897421004e+01
7.366765130143577284e-03,2.485653390033465824e-08,2.638705173678511429e+01,5.249433229561260106e+01,8.614880784784176285e+03,1.421839849897421004e+01
7.366765130143577284e-03,2.485653390033465824e-08,2.638705173678511429e+01,5.249433229561260106e+01,8.614880784784176285e+03,1.421839849897421004e+01
7.366765130143577284e-03,2.485653390033465824e-08,2.638705173678511429e+01,5.249433229561260106e+01,8.614880784784176285e+03,1.421839849897421004e+01
7.366765130143577284e-03,2.485653390033465824e-08,2.638705173678511429e+01,5.249433229561260106e+01,8.614880784784176285e+03,1.421839849897421004e+01
7.366765130143577284e-03,2.485653390033465824e-08,2.638705173678511429e+01,5.249433229561260106e+01,8.614880784784176285e+03,1.421839849897421004e+01
7.366765130143577284e-03,2.485653390033465824e-08,2.638705173678511429e+01,5.249433229561260106e+01,8.614880784784176285e+03,1.421839849897421004e+01
7.366765130143577284e-03,2.485653390033465824e-08,2.638705173678511429e+01,5.249433229561260106e+01,8.614880784784176285e+03,1.421839849897421004e+01
7.366765130143577284e-03,2.485653390033465824e-08,2.638705173678511429e+01,5.249433229561260106e+01,8.614880784784176285e+03,1.421839849897421004e+01
7.366765130143577284e-03,2.485653390033465824e-08,2.638705173678511429e+01,5.249433229561260106e+01,8.614880784784176285e+03,1.421839849897421004e+01
7.366765130143577284e-03,2.485653390033465824e-08,2.638705173678511429e+01,5.249433229561260106e+01,8.614880784784176285e+03,1.421839849897421004e+01
7.366765130143577284e-03,2.485653390033465824e-08,2.638705173678511429e+01,5.249433229561260106e+01,8.614880784784176285e+03,1.421839849897421004e+01
7.366765130143577284e-03,2.485653390033465824e-08,2.638705173678511429e+01,5.249433229561260106e+01,8.614880784784176285e+03,1.421839849897421004e+01
7.431565087244395088e-03,2.473402136380758765e-08,2.657992742418509380e+01,5.256052145826104294e+01,8.594447917793999295e+03,1.407162424300758552e+01
7.431565087244395088e-03,2.473402136380758765e-08,2.657992742418509380e+01,5.256052145826104294e+01,8.594447917793999295e+03,1.407162424300758552e+01
7.249906625016567553e-03,2.507174651511330252e-08,2.617068849434546607e+01,5.245381654416570427e+01,8.678377783329287922e+03,1.447398869367684249e+01
7.249906625016567553e-03,2.507174651511330252e-08,2.617068849434546607e+01,5.245381654416570427e+01,8.678377783329287922e+03,1.447398869367684249e+01
7.249906625016567553e-03,2.507174651511330252e-08,2.617068849434546607e+01,5.245381654416570427e+01,8.678377783329287922e+03,1.447398869367684249e+01
7.249906625016567553e-03,2.507174651511330252e-08,2.617068849434546607e+01,5.245381654416570427e+01,8.678377783329287922e+03,1.447398869367684249e+01
7.249906625016567553e-03,2.507174651511330252e-08,2.617068849434546607e+01,5.245381654416570427e+01,8.678377783329287922e+03,1.447398869367684249e+01
7.249906625016567553e-03,2.507174651511330252e-08,2.617068849434546607e+01,5.245381654416570427e+01,8.678377783329287922e+03,1.447398869367684249e+01
7.249906625016567553e-03,2.507174651511330252e-08,2.617068849434546607e+01,5.245381654416570427e+01,8.678377783329287922e+03,1.447398869367684249e+01
7.249906625016567553e-03,2.507174651511330252e-08,2.617068849434546607e+01,5.245381654416570427e+01,8.678377783329287922e+03,1.447398869367684249e+01
7.249906625016567553e-03,2.507174651511330252e-08,2.617068849434546607e+01,5.245381654416570427e+01,8.678377783329287922e+03,1.447398869367684249e+01
7.249906625016567553e-03,2.507174651511330252e-08,2.617068849434546607e+01,5.245381654416570427e+01,8.678377783329287922e+03,1.447398869367684249e+01
7.249906625016567553e-03,2.507174651511330252e-08,2.617068849434546607e+01,5.245381654416570427e+01,8.678377783329287922e+03,1.447398869367684249e+01
7.249906625016567553e-03,2.507174651511330252e-08,2.617068849434546607e+01,5.245381654416570427e+01,8.678377783329287922e+03,1.447398869367684249e+01
7.249906625016567553e-03,2.507174651511330252e-08,2.617068849434546607e+01,5.245381654416570427e+01,8.678377783329287922e+03,1.447398869367684249e+01
7.249906625016567553e-03,2.507174651511330252e-08,2.617068849434546607e+01,5.245381654416570427e+01,8.678377783329287922e+03,1.447398869367684249e+01
7.249906625016567553e-03,2.507174651511330252e-08,2.617068849434546607e+01,5.245381654416570427e+01,8.678377783329287922e+03,1.447398869367684249e+01
7.249906625016567553e-03,2.507174651511330252e-08,2.617068849434546607e+01,5.245381654416570427e+01,8.678377783329287922e+03,1.447398869367684249e+01
7.249906625016567553e-03,2.507174651511330252e-08,2.617068849434546607e+01,5.245381654416570427e+01,8.678377783329287922e+03,1.447398869367684249e+01
7.249906625016567553e-03,2.507174651511330252e-08,2.617068849434546607e+01,5.245381654416570427e+01,8.678377783329287922e+03,1.447398869367684249e+01
7.248769780149911211e-03,2.507473487344872432e-08,2.616779709837464907e+01,5.245171019947395763e+01,8.679184752854551334e+03,1.447856926119253984e+01
7.248769780149911211e-03,2.507473487344872432e-08,2.616779709837464907e+01,5.245171019947395763e+01,8.679184752854551334e+03,1.447856926119253984e+01
7.248769780149911211e-03,2.507473487344872432e-08,2.616779709837464907e+01,5.245171019947395763e+01,8.679184752854551334e+03,1.447856926119253984e+01
7.248769780149911211e-03,2.507473487344872432e-08,2.616779709837464907e+01,5.245171019947395763e+01,8.679184752854551334e+03,1.447856926119253984e+01
7.248769780149911211e-03,2.507473487344872432e-08,2.616779709837464907e+01,5.245171019947395763e+01,8.679184752854551334e+03,1.447856926119253984e+01
7.248776319744524438e-03,2.507471032962594662e-08,2.616782006818246842e+01,5.245171356893931147e+01,8.679182253789815150e+03,1.447854754516780673e+01
7.249015093180055831e-03,2.507492752387523125e-08,2.616855811863328896e+01,5.245242853496350932e+01,8.679405405762237933e+03,1.447864289864380716e+01
7.249950352121905216e-03,2.507335912619687542e-08,2.617244069065955969e+01,5.245340432970665034e+01,8.679086810248532856e+03,1.447656846562955479e+01
7.251007938529734249e-03,2.507275638408323914e-08,2.617635122010071669e+01,5.245539049481453731e+01,8.679303662658838221e+03,1.447540763343056014e+01
7.251007938529734249e-03,2.507275638408323914e-08,2.617635122010071669e+01,5.245539049481453731e+01,8.679303662658838221e+03,1.447540763343056014e+01
7.249434876122464420e-03,2.507748781988141520e-08,2.617189752431365335e+01,5.245031191636128653e+01,8.680860013140234514e+03,1.448450887877769588e+01
7.249434876122464420e-03,2.507748781988141520e-08,2.617189752431365335e+01,5.245031191636128653e+01,8.680860013140234514e+03,1.448450887877769588e+01
7.249434876122464420e-03,2.507748781988141520e-08,2.617189752431365335e+01,5.245031191636128653e+01,8.680860013140234514e+03,1.448450887877769588e+01
7.249434876122464420e-03,2.507748781988141520e-08,2.617189752431365335e+01,5.245031191636128653e+01,8.680860013140234514e+03,1.448450887877769588e+01
7.249434876122464420e-03,2.507748781988141520e-08,2.617189752431365335e+01,5.245031191636128653e+01,8.680860013140234514e+03,1.448450887877769588e+01
7.249434876122464420e-03,2.507748781988141520e-08,2.617189752431365335e+01,5.245031191636128653e+01,8.680860013140234514e+03,1.448450887877769588e+01
7.249434876122464420e-03,2.507748781988141520e-08,2.617189752431365335e+01,5.245031191636128653e+01,8.680860013140234514e+03,1.448450887877769588e+01
7.249434876122464420e-03,2.507748781988141520e-08,2.617189752431365335e+01,5.245031191636128653e+01,8.680860013140234514e+03,1.448450887877769588e+01
7.249434876122464420e-03,2.507748781988141520e-08,2.617189752431365335e+01,5.245031191636128653e+01,8.680860013140234514e+03,1.448450887877769588e+01
7.249434876122464420e-03,2.507748781988141520e-08,2.617189752431365335e+01,5.245031191636128653e+01,8.680860013140234514e+03,1.448450887877769588e+01
7.249373138234513174e-03,2.507706343830994414e-08,2.617160136324985586e+01,5.245107927229956601e+01,8.680599372453945762e+03,1.448329788002912899e+01
7.249373138234513174e-03,2.507706343830994414e-08,2.617160136324985586e+01,5.245107927229956601e+01,8.680599372453945762e+03,1.448329788002912899e+01
7.249373138234513174e-03,2.507706343830994414e-08,2.617160136324985586e+01,5.245107927229956601e+01,8.680599372453945762e+03,1.448329788002912899e+01
7.248341676582761330e-03,2.508010467037180878e-08,2.615004912501102652e+01,5.243460751467413417e+01,8.676800641476880628e+03,1.448845669503797318e+01
7.248341676582761330e-03,2.508010467037180878e-08,2.615004912501102652e+01,5.243460751467413417e+01,8.676800641476880628e+03,1.448845669503797318e+01
7.249412095898381467e-03,2.508968986866756017e-08,2.613352076912298827e+01,5.242499308437334804e+01,8.676491267227327626e+03,1.450755259367670646e+01
7.249412095898381467e-03,2.508968986866756017e-08,2.613352076912298827e+01,5.242499308437334804e+01,8.676491267227327626e+03,1.450755259367670646e+01
7.249412095898381467e-03,2.508968986866756017e-08,2.613352076912298827e+01,5.242499308437334804e+01,8.676491267227327626e+03,1.450755259367670646e+01
7.249412095898381467e-03,2.508968986866756017e-08,2.613352076912298827e+01,5.242499308437334804e+01,8.676491267227327626e+03,1.450755259367670646e+01
7.249412095898381467e-03,2.508968986866756017e-08,2.613352076912298827e+01,5.242499308437334804e+01,8.676491267227327626e+03,1.450755259367670646e+01
7.249412095898381467e-03,2.508968986866756017e-08,2.613352076912298827e+01,5.242499308437334804e+01,8.676491267227327626e+03,1.450755259367670646e+01
7.249412095898381467e-03,2.508968986866756017e-08,2.613352076912298827e+01,5.242499308437334804e+01,8.676491267227327626e+03,1.450755259367670646e+01
7.249412095898381467e-03,2.508968986866756017e-08,2.613352076912298827e+01,5.242499308437334804e+01,8.676491267227327626e+03,1.450755259367670646e+01
7.249412095898381467e-03,2.508968986866756017e-08,2.613352076912298827e+01,5.242499308437334804e+01,8.676491267227327626e+03,1.450755259367670646e+01
7.249412095898381467e-03,2.508968986866756017e-08,2.613352076912298827e+01,5.242499308437334804e+01,8.676491267227327626e+03,1.450755259367670646e+01
7.249412095898381467e-03,2.508968986866756017e-08,2.613352076912298827e+01,5.242499308437334804e+01,8.676491267227327626e+03,1.450755259367670646e+01
7.249412095898381467e-03,2.508968986866756017e-08,2.613352076912298827e+01,5.242499308437334804e+01,8.676491267227327626e+03,1.450755259367670646e+01
7.249412095898381467e-03,2.508968986866756017e-08,2.613352076912298827e+01,5.242499308437334804e+01,8.676491267227327626e+03,1.450755259367670646e+01
7.249412095898381467e-03,2.508968986866756017e-08,2.613352076912298827e+01,5.242499308437334804e+01,8.676491267227327626e+03,1.450755259367670646e+01
7.249412095898381467e-03,2.508968986866756017e-08,2.613352076912298827e+01,5.242499308437334804e+01,8.676491267227327626e+03,1.450755259367670646e+01
7.249412095898381467e-03,2.508968986866756017e-08,2.613352076912298827e+01,5.242499308437334804e+01,8.676491267227327626e+03,1.450755259367670646e+01
7.251538054859803413e-03,2.509098495083641573e-08,2.614844739476971469e+01,5.241574461277256347e+01,8.678459240564081483e+03,1.451538390476409468e+01
7.251538054859803413e-03,2.509098495083641573e-08,2.614844739476971469e+01,5.241574461277256347e+01,8.678459240564081483e+03,1.451538390476409468e+01
7.251538054859803413e-03,2.509098495083641573e-08,2.614844739476971469e+01,5.241574461277256347e+01,8.678459240564081483e+03,1.451538390476409468e+01
7.251538054859803413e-03,2.509098495083641573e-08,2.614844739476971469e+01,5.241574461277256347e+01,8.678459240564081483e+03,1.451538390476409468e+01
7.251538054859803413e-03,2.509098495083641573e-08,2.614844739476971469e+01,5.241574461277256347e+01,8.678459240564081483e+03,1.451538390476409468e+01
7.251538054859803413e-03,2.509098495083641573e-08,2.614844739476971469e+01,5.241574461277256347e+01,8.678459240564081483e+03,1.451538390476409468e+01
7.251538054859803413e-03,2.509098495083641573e-08,2.614844739476971469e+01,5.241574461277256347e+01,8.678459240564081483e+03,1.451538390476409468e+01
7.251538054859803413e-03,2.509098495083641573e-08,2.614844739476971469e+01,5.241574461277256347e+01,8.678459240564081483e+03,1.451538390476409468e+01
7.251538054859803413e-03,2.509098495083641573e-08,2.614844739476971469e+01,5.241574461277256347e+01,8.678459240564081483e+03,1.451538390476409468e+01
7.251423836333138057e-03,2.509090967396118032e-08,2.614804389031273857e+01,5.241520122620599409e+01,8.678344297153984371e+03,1.451531988303709575e+01
7.251423836333138057e-03,2.509090967396118032e-08,2.614804389031273857e+01,5.241520122620599409e+01,8.678344297153984371e+03,1.451531988303709575e+01
7.251423836333138057e-03,2.509090967396118032e-08,2.614804389031273857e+01,5.241520122620599409e+01,8.678344297153984371e+03,1.451531988303709575e+01
7.251423749580387240e-03,2.509090143395247642e-08,2.614806283819963184e+01,5.241525068227509365e+01,8.678347164959299334e+03,1.451529604820222730e+01
7.251423749580387240e-03,2.509090143395247642e-08,2.614806283819963184e+01,5.241525068227509365e+01,8.678347164959299334e+03,1.451529604820222730e+01
7.251423749580387240e-03,2.509090143395247642e-08,2.614806283819963184e+01,5.241525068227509365e+01,8.678347164959299334e+03,1.451529604820222730e+01
7.251423749580387240e-03,2.509090143395247642e-08,2.614806283819963184e+01,5.241525068227509365e+01,8.678347164959299334e+03,1.451529604820222730e+01
7.251423749580387240e-03,2.509090143395247642e-08,2.614806283819963184e+01,5.241525068227509365e+01,8.678347164959299334e+03,1.451529604820222730e+01
7.251423749580387240e-03,2.509090143395247642e-08,2.614806283819963184e+01,5.241525068227509365e+01,8.678347164959299334e+03,1.451529604820222730e+01
7.251423749580387240e-03,2.509090143395247642e-08,2.614806283819963184e+01,5.241525068227509365e+01,8.678347164959299334e+03,1.451529604820222730e+01
7.251423749580387240e-03,2.509090143395247642e-08,2.614806283819963184e+01,5.241525068227509365e+01,8.678347164959299334e+03,1.451529604820222730e+01
7.251423749580387240e-03,2.509090143395247642e-08,2.614806283819963184e+01,5.241525068227509365e+01,8.678347164959299334e+03,1.451529604820222730e+01
7.251423749580387240e-03,2.509090143395247642e-08,2.614806283819963184e+01,5.241525068227509365e+01,8.678347164959299334e+03,1.451529604820222730e+01
7.251423749580387240e-03,2.509090143395247642e-08,2.614806283819963184e+01,5.241525068227509365e+01,8.678347164959299334e+03,1.451529604820222730e+01
7.251423700851111417e-03,2.509090875725712949e-08,2.614805392993367406e+01,5.241522905056245207e+01,8.678346673554091467e+03,1.451531329375947799e+01
7.251423700851111417e-03,2.509090875725712949e-08,2.614805392993367406e+01,5.241522905056245207e+01,8.678346673554091467e+03,1.451531329375947799e+01
7.251423700851111417e-03,2.509090875725712949e-08,2.614805392993367406e+01,5.241522905056245207e+01,8.678346673554091467e+03,1.451531329375947799e+01
7.283119343558078045e-03,2.505059333292995581e-08,2.651963796075885682e+01,5.234191523342916241e+01,8.729859508293113322e+03,1.458398004346620702e+01
7.283119343558078045e-03,2.505059333292995581e-08,2.651963796075885682e+01,5.234191523342916241e+01,8.729859508293113322e+03,1.458398004346620702e+01
7.283119343558078045e-03,2.505059333292995581e-08,2.651963796075885682e+01,5.234191523342916241e+01,8.729859508293113322e+03,1.458398004346620702e+01
7.283119343558078045e-03,2.505059333292995581e-08,2.651963796075885682e+01,5.234191523342916241e+01,8.729859508293113322e+03,1.458398004346620702e+01
7.283119343558078045e-03,2.505059333292995581e-08,2.651963796075885682e+01,5.234191523342916241e+01,8.729859508293113322e+03,1.458398004346620702e+01
7.249869485576795718e-03,2.507158764731500103e-08,2.617070333072359034e+01,5.245406708785635885e+01,8.678364193072746275e+03,1.447410653145586679e+01
7.249869485576795718e-03,2.507158764731500103e-08,2.617070333072359034e+01,5.245406708785635885e+01,8.678364193072746275e+03,1.447410653145586679e+01
7.249869485576795718e-03,2.507158764731500103e-08,2.617070333072359034e+01,5.245406708785635885e+01,8.678364193072746275e+03,1.447410653145586679e+01
7.249869485576795718e-03,2.507158764731500103e-08,2.617070333072359034e+01,5.245406708785635885e+01,8.678364193072746275e+03,1.447410653145586679e+01
7.249869485576795718e-03,2.507158764731500103e-08,2.617070333072359034e+01,5.245406708785635885e+01,8.678364193072746275e+03,1.447410653145586679e+01
7.249869485576795718e-03,2.507158764731500103e-08,2.617070333072359034e+01,5.245406708785635885e+01,8.678364193072746275e+03,1.447410653145586679e+01
7.249869485576795718e-03,2.507158764731500103e-08,2.617070333072359034e+01,5.245406708785635885e+01,8.678364193072746275e+03,1.447410653145586679e+01
7.249904200576440597e-03,2.507185831376265479e-08,2.617144765986990151e+01,5.245501092505800500e+01,8.678488418633864057e+03,1.447411745139873140e+01
7.249904200576440597e-03,2.507185831376265479e-08,2.617144765986990151e+01,5.245501092505800500e+01,8.678488418633864057e+03,1.447411745139873140e+01
7.249904200576440597e-03,2.507185831376265479e-08,2.617144765986990151e+01,5.245501092505800500e+01,8.678488418633864057e+03,1.447411745139873140e+01
7.249904200576440597e-03,2.507185831376265479e-08,2.617144765986990151e+01,5.245501092505800500e+01,8.678488418633864057e+03,1.447411745139873140e+01
7.251470250825441458e-03,2.507170201589842998e-08,2.617471161708007443e+01,5.246021513481441900e+01,8.678787342547086155e+03,1.447297229073393510e+01
7.251470250825441458e-03,2.507170201589842998e-08,2.617471161708007443e+01,5.246021513481441900e+01,8.678787342547086155e+03,1.447297229073393510e+01
7.251470250825441458e-03,2.507170201589842998e-08,2.617471161708007443e+01,5.246021513481441900e+01,8.678787342547086155e+03,1.447297229073393510e+01
7.251470250825441458e-03,2.507170201589842998e-08,2.617471161708007443e+01,5.246021513481441900e+01,8.678787342547086155e+03,1.447297229073393510e+01
7.251470250825441458e-03,2.507170201589842998e-08,2.617471161708007443e+01,5.246021513481441900e+01,8.678787342547086155e+03,1.447297229073393510e+01
7.251470250825441458e-03,2.507170201589842998e-08,2.617471161708007443e+01,5.246021513481441900e+01,8.678787342547086155e+03,1.447297229073393510e+01
7.251470250825441458e-03,2.507170201589842998e-08,2.617471161708007443e+01,5.246021513481441900e+01,8.678787342547086155e+03,1.447297229073393510e+01
7.251470250825441458e-03,2.507170201589842998e-08,2.617471161708007443e+01,5.246021513481441900e+01,8.678787342547086155e+03,1.447297229073393510e+01
7.251470250825441458e-03,2.507170201589842998e-08,2.617471161708007443e+01,5.246021513481441900e+01,8.678787342547086155e+03,1.447297229073393510e+01
7.251470250825441458e-03,2.507170201589842998e-08,2.617471161708007443e+01,5.246021513481441900e+01,8.678787342547086155e+03,1.447297229073393510e+01
7.251470250825441458e-03,2.507170201589842998e-08,2.617471161708007443e+01,5.246021513481441900e+01,8.678787342547086155e+03,1.447297229073393510e+01
7.251470250825441458e-03,2.507170201589842998e-08,2.617471161708007443e+01,5.246021513481441900e+01,8.678787342547086155e+03,1.447297229073393510e+01
7.251470250825441458e-03,2.507170201589842998e-08,2.617471161708007443e+01,5.246021513481441900e+01,8.678787342547086155e+03,1.447297229073393510e+01
7.253838628468164962e-03,2.506773386627008205e-08,2.618031587182372277e+01,5.246589596918455101e+01,8.678320322517020031e+03,1.446867151725805378e+01
7.257555283240678910e-03,2.506412067865740585e-08,2.618974541377722787e+01,5.247640663525260152e+01,8.678305276134427913e+03,1.446337737760713793e+01
7.257887518975770537e-03,2.506381908940221382e-08,2.619060227562376397e+01,5.247740435943169501e+01,8.678311939319735757e+03,1.446292006092341964e+01
7.257887518975770537e-03,2.506381908940221382e-08,2.619060227562376397e+01,5.247740435943169501e+01,8.678311939319735757e+03,1.446292006092341964e+01
7.260782828749283088e-03,2.506429567859053611e-08,2.619717295524083411e+01,5.248736533285947559e+01,8.679918102612728035e+03,1.446542766423509185e+01
7.260782828749283088e-03,2.506429567859053611e-08,2.619717295524083411e+01,5.248736533285947559e+01,8.679918102612728035e+03,1.446542766423509185e+01
7.260782828749283088e-03,2.506429567859053611e-08,2.619717295524083411e+01,5.248736533285947559e+01,8.679918102612728035e+03,1.446542766423509185e+01
7.260986690162199615e-03,2.506368562292044454e-08,2.619884473094034760e+01,5.248697867397975614e+01,8.679570558163990427e+03,1.446465809908650968e+01
7.260986690162199615e-03,2.506368562292044454e-08,2.619884473094034760e+01,5.248697867397975614e+01,8.679570558163990427e+03,1.446465809908650968e+01
7.260986690162199615e-03,2.506368562292044454e-08,2.619884473094034760e+01,5.248697867397975614e+01,8.679570558163990427e+03,1.446465809908650968e+01
7.260986690162199615e-03,2.506368562292044454e-08,2.619884473094034760e+01,5.248697867397975614e+01,8.679570558163990427e+03,1.446465809908650968e+01
7.260986690162199615e-03,2.506368562292044454e-08,2.619884473094034760e+01,5.248697867397975614e+01,8.679570558163990427e+03,1.446465809908650968e+01
7.257292026746884478e-03,2.506327503924118933e-08,2.619041052499291666e+01,5.247486373089650158e+01,8.677887596684242453e+03,1.446201559116649982e+01
7.257292026746884478e-03,2.506327503924118933e-08,2.619041052499291666e+01,5.247486373089650158e+01,8.677887596684242453e+03,1.446201559116649982e+01
7.257292026746884478e-03,2.506327503924118933e-08,2.619041052499291666e+01,5.247486373089650158e+01,8.677887596684242453e+03,1.446201559116649982e+01
7.257292026746884478e-03,2.506327503924118933e-08,2.619041052499291666e+01,5.247486373089650158e+01,8.677887596684242453e+03,1.446201559116649982e+01
7.266817853988189260e-03,2.506080323822206926e-08,2.621105947303691153e+01,5.249811361382126051e+01,8.677419149072733489e+03,1.446241828018818509e+01
7.266735425375019791e-03,2.506082937574566527e-08,2.621090822976100654e+01,5.249788278660060570e+01,8.677420542010053396e+03,1.446245766723190940e+01
7.284888021886197496e-03,2.505732138021108741e-08,2.625680505153819766e+01,5.254511580735915999e+01,8.680633796048599834e+03,1.446308649249037970e+01
7.284888021886197496e-03,2.505732138021108741e-08,2.625680505153819766e+01,5.254511580735915999e+01,8.680633796048599834e+03,1.446308649249037970e+01
7.284888021886197496e-03,2.505732138021108741e-08,2.625680505153819766e+01,5.254511580735915999e+01,8.680633796048599834e+03,1.446308649249037970e+01
7.284888021886197496e-03,2.505732138021108741e-08,2.625680505153819766e+01,5.254511580735915999e+01,8.680633796048599834e+03,1.446308649249037970e+01
7.284888021886197496e-03,2.505732138021108741e-08,2.625680505153819766e+01,5.254511580735915999e+01,8.680633796048599834e+03,1.446308649249037970e+01
7.284888021886197496e-03,2.505732138021108741e-08,2.625680505153819766e+01,5.254511580735915999e+01,8.680633796048599834e+03,1.446308649249037970e+01
7.287841309899258796e-03,2.505546256335504215e-08,2.626443518354427908e+01,5.255223030099960368e+01,8.680697029028729958e+03,1.446123339771900973e+01
7.287841309899258796e-03,2.505546256335504215e-08,2.626443518354427908e+01,5.255223030099960368e+01,8.680697029028729958e+03,1.446123339771900973e+01
7.287841309899258796e-03,2.505546256335504215e-08,2.626443518354427908e+01,5.255223030099960368e+01,8.680697029028729958e+03,1.446123339771900973e+01
7.287841309899258796e-03,2.505546256335504215e-08,2.626443518354427908e+01,5.255223030099960368e+01,8.680697029028729958e+03,1.446123339771900973e+01
7.287841309899258796e-03,2.505546256335504215e-08,2.626443518354427908e+01,5.255223030099960368e+01,8.680697029028729958e+03,1.446123339771900973e+01
7.287841309899258796e-03,2.505546256335504215e-08,2.626443518354427908e+01,5.255223030099960368e+01,8.680697029028729958e+03,1.446123339771900973e+01
7.288649778942326782e-03,2.505488437094257236e-08,2.626677405734695725e+01,5.255354553771194048e+01,8.680744283704547342e+03,1.446097412596647125e+01
7.288649778942326782e-03,2.505488437094257236e-08,2.626677405734695725e+01,5.255354553771194048e+01,8.680744283704547342e+03,1.446097412596647125e+01
7.288649778942326782e-03,2.505488437094257236e-08,2.626677405734695725e+01,5.255354553771194048e+01,8.680744283704547342e+03,1.446097412596647125e+01
7.287711398864863549e-03,2.505556057998593335e-08,2.626405393240513320e+01,5.255153499161340136e+01,8.680831740914145485e+03,1.446159971654301657e+01
7.287711398864863549e-03,2.505556057998593335e-08,2.626405393240513320e+01,5.255153499161340136e+01,8.680831740914145485e+03,1.446159971654301657e+01
7.287711398864863549e-03,2.505556057998593335e-08,2.626405393240513320e+01,5.255153499161340136e+01,8.680831740914145485e+03,1.446159971654301657e+01
7.301982417309014865e-03,2.503143300084547784e-08,2.628796584807152570e+01,5.254472082327424687e+01,8.669974047194773448e+03,1.444857936655785835e+01
7.305180122389206936e-03,2.503279658069897910e-08,2.629266381764909966e+01,5.255341190786417371e+01,8.671410736427451411e+03,1.445161508245860027e+01
7.305180122389206936e-03,2.503279658069897910e-08,2.629266381764909966e+01,5.255341190786417371e+01,8.671410736427451411e+03,1.445161508245860027e+01
7.305180122389206936e-03,2.503279658069897910e-08,2.629266381764909966e+01,5.255341190786417371e+01,8.671410736427451411e+03,1.445161508245860027e+01
7.305180122389206936e-03,2.503279658069897910e-08,2.629266381764909966e+01,5.255341190786417371e+01,8.671410736427451411e+03,1.445161508245860027e+01
7.305180122389206936e-03,2.503279658069897910e-08,2.629266381764909966e+01,5.255341190786417371e+01,8.671410736427451411e+03,1.445161508245860027e+01
7.305180122389206936e-03,2.503279658069897910e-08,2.629266381764909966e+01,5.255341190786417371e+01,8.671410736427451411e+03,1.445161508245860027e+01
7.313790875038282853e-03,2.502537253495240632e-08,2.631805351801578041e+01,5.257137550718420016e+01,8.671191227098192030e+03,1.444526352783545953e+01
7.313790875038282853e-03,2.502537253495240632e-08,2.631805351801578041e+01,5.257137550718420016e+01,8.671191227098192030e+03,1.444526352783545953e+01
7.313790875038282853e-03,2.502537253495240632e-08,2.631805351801578041e+01,5.257137550718420016e+01,8.671191227098192030e+03,1.444526352783545953e+01
7.372423748467893043e-03,2.498313666183821932e-08,2.646872442323703112e+01,5.269293229659662359e+01,8.666210050357245564e+03,1.440243480540023135e+01
7.372423748467893043e-03,2.498313666183821932e-08,2.646872442323703112e+01,5.269293229659662359e+01,8.666210050357245564e+03,1.440243480540023135e+01
7.372423748467893043e-03,2.498313666183821932e-08,2.646872442323703112e+01,5.269293229659662359e+01,8.666210050357245564e+03,1.440243480540023135e+01
7.372423748467893043e-03,2.498313666183821932e-08,2.646872442323703112e+01,5.269293229659662359e+01,8.666210050357245564e+03,1.440243480540023135e+01
7.372423748467893043e-03,2.498313666183821932e-08,2.646872442323703112e+01,5.269293229659662359e+01,8.666210050357245564e+03,1.440243480540023135e+01
7.247394883104072393e-03,2.513536253644738219e-08,2.630049568521036463e+01,5.266054404968239311e+01,8.743527376166903196e+03,1.449291509024471480e+01
7.247394883104072393e-03,2.513536253644738219e-08,2.630049568521036463e+01,5.266054404968239311e+01,8.743527376166903196e+03,1.449291509024471480e+01
7.275913708281932409e-03,2.514308311670559463e-08,2.643706328754896973e+01,5.281431727143147725e+01,8.772307299926533233e+03,1.448866696884240213e+01
7.275913708281932409e-03,2.514308311670559463e-08,2.643706328754896973e+01,5.281431727143147725e+01,8.772307299926533233e+03,1.448866696884240213e+01
7.275913708281932409e-03,2.514308311670559463e-08,2.643706328754896973e+01,5.281431727143147725e+01,8.772307299926533233e+03,1.448866696884240213e+01
7.275913708281932409e-03,2.514308311670559463e-08,2.643706328754896973e+01,5.281431727143147725e+01,8.772307299926533233e+03,1.448866696884240213e+01
7.312131366259663583e-03,2.516865039585094111e-08,2.645634658089343461e+01,5.295300616989834452e+01,8.782166906040991307e+03,1.444627867632867080e+01
7.312131366259663583e-03,2.516865039585094111e-08,2.645634658089343461e+01,5.295300616989834452e+01,8.782166906040991307e+03,1.444627867632867080e+01
7.312131366259663583e-03,2.516865039585094111e-08,2.645634658089343461e+01,5.295300616989834452e+01,8.782166906040991307e+03,1.444627867632867080e+01
7.312131366259663583e-03,2.516865039585094111e-08,2.645634658089343461e+01,5.295300616989834452e+01,8.782166906040991307e+03,1.444627867632867080e+01
7.312131366259663583e-03,2.516865039585094111e-08,2.645634658089343461e+01,5.295300616989834452e+01,8.782166906040991307e+03,1.444627867632867080e+01
7.312131366259663583e-03,2.516865039585094111e-08,2.645634658089343461e+01,5.295300616989834452e+01,8.782166906040991307e+03,1.444627867632867080e+01
7.312131366259663583e-03,2.516865039585094111e-08,2.645634658089343461e+01,5.295300616989834452e+01,8.782166906040991307e+03,1.444627867632867080e+01
7.312131366259663583e-03,2.516865039585094111e-08,2.645634658089343461e+01,5.295300616989834452e+01,8.782166906040991307e+03,1.444627867632867080e+01
7.312131366259663583e-03,2.516865039585094111e-08,2.645634658089343461e+01,5.295300616989834452e+01,8.782166906040991307e+03,1.444627867632867080e+01
7.248683986567352674e-03,2.507406048019569917e-08,2.616725122509468804e+01,5.245135821296032219e+01,8.679004819011284781e+03,1.447842748669377144e+01
7.248683986567352674e-03,2.507406048019569917e-08,2.616725122509468804e+01,5.245135821296032219e+01,8.679004819011284781e+03,1.447842748669377144e+01
7.248683986567352674e-03,2.507406048019569917e-08,2.616725122509468804e+01,5.245135821296032219e+01,8.679004819011284781e+03,1.447842748669377144e+01
7.248165090320255605e-03,2.507504272558043132e-08,2.616579238539518570e+01,5.245031478962272331e+01,8.679270982973283026e+03,1.448031197907828371e+01
7.248165090320255605e-03,2.507504272558043132e-08,2.616579238539518570e+01,5.245031478962272331e+01,8.679270982973283026e+03,1.448031197907828371e+01
7.248165090320255605e-03,2.507504272558043132e-08,2.616579238539518570e+01,5.245031478962272331e+01,8.679270982973283026e+03,1.448031197907828371e+01
7.248165090320255605e-03,2.507504272558043132e-08,2.616579238539518570e+01,5.245031478962272331e+01,8.679270982973283026e+03,1.448031197907828371e+01
7.248165090320255605e-03,2.507504272558043132e-08,2.616579238539518570e+01,5.245031478962272331e+01,8.679270982973283026e+03,1.448031197907828371e+01
7.246457120833138185e-03,2.507798493962862647e-08,2.616144102665936444e+01,5.244687011352585415e+01,8.680300576710522364e+03,1.448616784650968903e+01
7.246457120833138185e-03,2.507798493962862647e-08,2.616144102665936444e+01,5.244687011352585415e+01,8.680300576710522364e+03,1.448616784650968903e+01
7.246457120833138185e-03,2.507798493962862647e-08,2.616144102665936444e+01,5.244687011352585415e+01,8.680300576710522364e+03,1.448616784650968903e+01
7.246127912568580375e-03,2.507858647096004581e-08,2.616054436223807755e+01,5.244615850700093773e+01,8.680489605960732661e+03,1.448732974800115159e+01
7.246127912568580375e-03,2.507858647096004581e-08,2.616054436223807755e+01,5.244615850700093773e+01,8.680489605960732661e+03,1.448732974800115159e+01
7.246127912568580375e-03,2.507858647096004581e-08,2.616054436223807755e+01,5.244615850700093773e+01,8.680489605960732661e+03,1.448732974800115159e+01
7.246127912568580375e-03,2.507858647096004581e-08,2.616054436223807755e+01,5.244615850700093773e+01,8.680489605960732661e+03,1.448732974800115159e+01
7.246127912568580375e-03,2.507858647096004581e-08,2.616054436223807755e+01,5.244615850700093773e+01,8.680489605960732661e+03,1.448732974800115159e+01
7.246452931589882941e-03,2.507797701610663978e-08,2.616143932378035686e+01,5.244686392991503965e+01,8.680300011137536785e+03,1.448615968095944595e+01
7.246452931589882941e-03,2.507797701610663978e-08,2.616143932378035686e+01,5.244686392991503965e+01,8.680300011137536785e+03,1.448615968095944595e+01
7.246452931589882941e-03,2.507797701610663978e-08,2.616143932378035686e+01,5.244686392991503965e+01,8.680300011137536785e+03,1.448615968095944595e+01
7.246452931589882941e-03,2.507797701610663978e-08,2.616143932378035686e+01,5.244686392991503965e+01,8.680300011137536785e+03,1.448615968095944595e+01
7.246452931589882941e-03,2.507797701610663978e-08,2.616143932378035686e+01,5.244686392991503965e+01,8.680300011137536785e+03,1.448615968095944595e+01
7.246452931589882941e-03,2.507797701610663978e-08,2.616143932378035686e+01,5.244686392991503965e+01,8.680300011137536785e+03,1.448615968095944595e+01
7.246452931589882941e-03,2.507797701610663978e-08,2.616143932378035686e+01,5.244686392991503965e+01,8.680300011137536785e+03,1.448615968095944595e+01
7.246452931589882941e-03,2.507797701610663978e-08,2.616143932378035686e+01,5.244686392991503965e+01,8.680300011137536785e+03,1.448615968095944595e+01
7.246452931589882941e-03,2.507797701610663978e-08,2.616143932378035686e+01,5.244686392991503965e+01,8.680300011137536785e+03,1.448615968095944595e+01
7.246452931589882941e-03,2.507797701610663978e-08,2.616143932378035686e+01,5.244686392991503965e+01,8.680300011137536785e+03,1.448615968095944595e+01
7.246452931589882941e-03,2.507797701610663978e-08,2.616143932378035686e+01,5.244686392991503965e+01,8.680300011137536785e+03,1.448615968095944595e+01
7.246452931589882941e-03,2.507797701610663978e-08,2.616143932378035686e+01,5.244686392991503965e+01,8.680300011137536785e+03,1.448615968095944595e+01
7.246452931589882941e-03,2.507797701610663978e-08,2.616143932378035686e+01,5.244686392991503965e+01,8.680300011137536785e+03,1.448615968095944595e+01
7.246452931589882941e-03,2.507797701610663978e-08,2.616143932378035686e+01,5.244686392991503965e+01,8.680300011137536785e+03,1.448615968095944595e+01
7.246452931589882941e-03,2.507797701610663978e-08,2.616143932378035686e+01,5.244686392991503965e+01,8.680300011137536785e+03,1.448615968095944595e+01
7.246452931589882941e-03,2.507797701610663978e-08,2.616143932378035686e+01,5.244686392991503965e+01,8.680300011137536785e+03,1.448615968095944595e+01
7.246452931589882941e-03,2.507797701610663978e-08,2.616143932378035686e+01,5.244686392991503965e+01,8.680300011137536785e+03,1.448615968095944595e+01
7.246452931589882941e-03,2.507797701610663978e-08,2.616143932378035686e+01,5.244686392991503965e+01,8.680300011137536785e+03,1.448615968095944595e+01
7.246452931589882941e-03,2.507797701610663978e-08,2.616143932378035686e+01,5.244686392991503965e+01,8.680300011137536785e+03,1.448615968095944595e+01
7.246452931589882941e-03,2.507797701610663978e-08,2.616143932378035686e+01,5.244686392991503965e+01,8.680300011137536785e+03,1.448615968095944595e+01
7.246452931589882941e-03,2.507797701610663978e-08,2.616143932378035686e+01,5.244686392991503965e+01,8.680300011137536785e+03,1.448615968095944595e+01
7.246452931589882941e-03,2.507797701610663978e-08,2.616143932378035686e+01,5.244686392991503965e+01,8.680300011137536785e+03,1.448615968095944595e+01
7.251818531820211286e-03,2.506556475412421366e-08,2.618352423188534672e+01,5.245608415030837790e+01,8.677672882485820082e+03,1.446959457536495464e+01
7.251818531820211286e-03,2.506556475412421366e-08,2.618352423188534672e+01,5.245608415030837790e+01,8.677672882485820082e+03,1.446959457536495464e+01
7.251818531820211286e-03,2.506556475412421366e-08,2.618352423188534672e+01,5.245608415030837790e+01,8.677672882485820082e+03,1.446959457536495464e+01
7.251818531820211286e-03,2.506556475412421366e-08,2.618352423188534672e+01,5.245608415030837790e+01,8.677672882485820082e+03,1.446959457536495464e+01
7.251818531820211286e-03,2.506556475412421366e-08,2.618352423188534672e+01,5.245608415030837790e+01,8.677672882485820082e+03,1.446959457536495464e+01
7.251818531820211286e-03,2.506556475412421366e-08,2.618352423188534672e+01,5.245608415030837790e+01,8.677672882485820082e+03,1.446959457536495464e+01
7.251818531820211286e-03,2.506556475412421366e-08,2.618352423188534672e+01,5.245608415030837790e+01,8.677672882485820082e+03,1.446959457536495464e+01
7.249946727637136476e-03,2.506838874308249092e-08,2.617459416233307579e+01,5.245403787228313774e+01,8.678889197179209077e+03,1.447354842984998058e+01
7.249946727637136476e-03,2.506838874308249092e-08,2.617459416233307579e+01,5.245403787228313774e+01,8.678889197179209077e+03,1.447354842984998058e+01
7.249946727637136476e-03,2.506838874308249092e-08,2.617459416233307579e+01,5.245403787228313774e+01,8.678889197179209077e+03,1.447354842984998058e+01
7.250388589133752171e-03,2.507037091459258396e-08,2.618210229167347336e+01,5.246146020141566169e+01,8.680984028235669030e+03,1.447470766185451474e+01
7.250388589133752171e-03,2.507037091459258396e-08,2.618210229167347336e+01,5.246146020141566169e+01,8.680984028235669030e+03,1.447470766185451474e+01
7.250340358510868645e-03,2.507047790007792104e-08,2.618462382371222930e+01,5.246333417365629970e+01,8.681663642152663670e+03,1.447483797362782809e+01
7.250340358510868645e-03,2.507047790007792104e-08,2.618462382371222930e+01,5.246333417365629970e+01,8.681663642152663670e+03,1.447483797362782809e+01
7.250340358510868645e-03,2.507047790007792104e-08,2.618462382371222930e+01,5.246333417365629970e+01,8.681663642152663670e+03,1.447483797362782809e+01
7.250340358510868645e-03,2.507047790007792104e-08,2.618462382371222930e+01,5.246333417365629970e+01,8.681663642152663670e+03,1.447483797362782809e+01
7.250340358510868645e-03,2.507047790007792104e-08,2.618462382371222930e+01,5.246333417365629970e+01,8.681663642152663670e+03,1.447483797362782809e+01
7.250340358510868645e-03,2.507047790007792104e-08,2.618462382371222930e+01,5.246333417365629970e+01,8.681663642152663670e+03,1.447483797362782809e+01
7.248130589782208512e-03,2.507386367196307507e-08,2.619528228979150342e+01,5.248201008548945623e+01,8.685442796572806401e+03,1.446801115002115878e+01
7.248130589782208512e-03,2.507386367196307507e-08,2.619528228979150342e+01,5.248201008548945623e+01,8.685442796572806401e+03,1.446801115002115878e+01
7.248130589782208512e-03,2.507386367196307507e-08,2.619528228979150342e+01,5.248201008548945623e+01,8.685442796572806401e+03,1.446801115002115878e+01
7.252423892775507197e-03,2.507585130871581642e-08,2.618985212318722944e+01,5.249099022111733603e+01,8.684983151933327463e+03,1.447648991397189278e+01
7.252423892775507197e-03,2.507585130871581642e-08,2.618985212318722944e+01,5.249099022111733603e+01,8.684983151933327463e+03,1.447648991397189278e+01
7.253361548181842637e-03,2.507323752544547873e-08,2.620302323168062486e+01,5.249864472428766504e+01,8.685212053319968618e+03,1.447263000481325435e+01
7.253361548181842637e-03,2.507323752544547873e-08,2.620302323168062486e+01,5.249864472428766504e+01,8.685212053319968618e+03,1.447263000481325435e+01
7.251215064611622567e-03,2.507108752194292094e-08,2.619368267031409658e+01,5.253435484109805031e+01,8.685248554333924403e+03,1.445807332767697417e+01
7.251215064611622567e-03,2.507108752194292094e-08,2.619368267031409658e+01,5.253435484109805031e+01,8.685248554333924403e+03,1.445807332767697417e+01
7.251215064611622567e-03,2.507108752194292094e-08,2.619368267031409658e+01,5.253435484109805031e+01,8.685248554333924403e+03,1.445807332767697417e+01
7.251215064611622567e-03,2.507108752194292094e-08,2.619368267031409658e+01,5.253435484109805031e+01,8.685248554333924403e+03,1.445807332767697417e+01
7.251215064611622567e-03,2.507108752194292094e-08,2.619368267031409658e+01,5.253435484109805031e+01,8.685248554333924403e+03,1.445807332767697417e+01
7.251215064611622567e-03,2.507108752194292094e-08,2.619368267031409658e+01,5.253435484109805031e+01,8.685248554333924403e+03,1.445807332767697417e+01
7.251215064611622567e-03,2.507108752194292094e-08,2.619368267031409658e+01,5.253435484109805031e+01,8.685248554333924403e+03,1.445807332767697417e+01
7.251215064611622567e-03,2.507108752194292094e-08,2.619368267031409658e+01,5.253435484109805031e+01,8.685248554333924403e+03,1.445807332767697417e+01
7.251215064611622567e-03,2.507108752194292094e-08,2.619368267031409658e+01,5.253435484109805031e+01,8.685248554333924403e+03,1.445807332767697417e+01
7.251215064611622567e-03,2.507108752194292094e-08,2.619368267031409658e+01,5.253435484109805031e+01,8.685248554333924403e+03,1.445807332767697417e+01
7.237609416019467022e-03,2.507054611787841958e-08,2.617306062190637661e+01,5.255042891999686816e+01,8.687448417261584837e+03,1.444354788860937866e+01
7.237609416019467022e-03,2.507054611787841958e-08,2.617306062190637661e+01,5.255042891999686816e+01,8.687448417261584837e+03,1.444354788860937866e+01
7.237609416019467022e-03,2.507054611787841958e-08,2.617306062190637661e+01,5.255042891999686816e+01,8.687448417261584837e+03,1.444354788860937866e+01
7.237609416019467022e-03,2.507054611787841958e-08,2.617306062190637661e+01,5.255042891999686816e+01,8.687448417261584837e+03,1.444354788860937866e+01
7.237609416019467022e-03,2.507054611787841958e-08,2.617306062190637661e+01,5.255042891999686816e+01,8.687448417261584837e+03,1.444354788860937866e+01
7.237609416019467022e-03,2.507054611787841958e-08,2.617306062190637661e+01,5.255042891999686816e+01,8.687448417261584837e+03,1.444354788860937866e+01
7.237609416019467022e-03,2.507054611787841958e-08,2.617306062190637661e+01,5.255042891999686816e+01,8.687448417261584837e+03,1.444354788860937866e+01
7.237609416019467022e-03,2.507054611787841958e-08,2.617306062190637661e+01,5.255042891999686816e+01,8.687448417261584837e+03,1.444354788860937866e+01
7.237609416019467022e-03,2.507054611787841958e-08,2.617306062190637661e+01,5.255042891999686816e+01,8.687448417261584837e+03,1.444354788860937866e+01
7.237609416019467022e-03,2.507054611787841958e-08,2.617306062190637661e+01,5.255042891999686816e+01,8.687448417261584837e+03,1.444354788860937866e+01
7.237609416019467022e-03,2.507054611787841958e-08,2.617306062190637661e+01,5.255042891999686816e+01,8.687448417261584837e+03,1.444354788860937866e+01
7.135818682148457014e-03,2.524100759293423308e-08,2.609246821890987178e+01,5.254055494318038200e+01,8.736545385391618765e+03,1.461206777589369565e+01
7.135818682148457014e-03,2.524100759293423308e-08,2.609246821890987178e+01,5.254055494318038200e+01,8.736545385391618765e+03,1.461206777589369565e+01
7.203906941591026875e-03,2.516275730918619023e-08,2.633276739883671524e+01,5.257574523323993532e+01,8.738980585910217997e+03,1.455262395119147101e+01
7.201769441830895881e-03,2.516816038153264254e-08,2.632520584796151297e+01,5.257123386489084993e+01,8.737064744907784188e+03,1.455308952790136168e+01
7.201769441830895881e-03,2.516816038153264254e-08,2.632520584796151297e+01,5.257123386489084993e+01,8.737064744907784188e+03,1.455308952790136168e+01
7.201769441830895881e-03,2.516816038153264254e-08,2.632520584796151297e+01,5.257123386489084993e+01,8.737064744907784188e+03,1.455308952790136168e+01
7.249875782292216492e-03,2.507160861923000909e-08,2.617048371071982160e+01,5.245476398480890623e+01,8.678297308456243627e+03,1.447410284774689870e+01
7.249968976738474687e-03,2.507149831320693936e-08,2.617049663577860130e+01,5.245494914385552221e+01,8.678335996509295001e+03,1.447418853532400540e+01
7.249968976738474687e-03,2.507149831320693936e-08,2.617049663577860130e+01,5.245494914385552221e+01,8.678335996509295001e+03,1.447418853532400540e+01
7.249968976738474687e-03,2.507149831320693936e-08,2.617049663577860130e+01,5.245494914385552221e+01,8.678335996509295001e+03,1.447418853532400540e+01
7.249968976738474687e-03,2.507149831320693936e-08,2.617049663577860130e+01,5.245494914385552221e+01,8.678335996509295001e+03,1.447418853532400540e+01
7.249968976738474687e-03,2.507149831320693936e-08,2.617049663577860130e+01,5.245494914385552221e+01,8.678335996509295001e+03,1.447418853532400540e+01
7.249968976738474687e-03,2.507149831320693936e-08,2.617049663577860130e+01,5.245494914385552221e+01,8.678335996509295001e+03,1.447418853532400540e+01
7.249968976738474687e-03,2.507149831320693936e-08,2.617049663577860130e+01,5.245494914385552221e+01,8.678335996509295001e+03,1.447418853532400540e+01
7.249968976738474687e-03,2.507149831320693936e-08,2.617049663577860130e+01,5.245494914385552221e+01,8.678335996509295001e+03,1.447418853532400540e+01
7.249968976738474687e-03,2.507149831320693936e-08,2.617049663577860130e+01,5.245494914385552221e+01,8.678335996509295001e+03,1.447418853532400540e+01
7.249968976738474687e-03,2.507149831320693936e-08,2.617049663577860130e+01,5.245494914385552221e+01,8.678335996509295001e+03,1.447418853532400540e+01
7.249968976738474687e-03,2.507149831320693936e-08,2.617049663577860130e+01,5.245494914385552221e+01,8.678335996509295001e+03,1.447418853532400540e+01
7.249968976738474687e-03,2.507149831320693936e-08,2.617049663577860130e+01,5.245494914385552221e+01,8.678335996509295001e+03,1.447418853532400540e+01
7.249968976738474687e-03,2.507149831320693936e-08,2.617049663577860130e+01,5.245494914385552221e+01,8.678335996509295001e+03,1.447418853532400540e+01
7.249968976738474687e-03,2.507149831320693936e-08,2.617049663577860130e+01,5.245494914385552221e+01,8.678335996509295001e+03,1.447418853532400540e+01
7.249968976738474687e-03,2.507149831320693936e-08,2.617049663577860130e+01,5.245494914385552221e+01,8.678335996509295001e+03,1.447418853532400540e+01
7.249968976738474687e-03,2.507149831320693936e-08,2.617049663577860130e+01,5.245494914385552221e+01,8.678335996509295001e+03,1.447418853532400540e+01
7.249968976738474687e-03,2.507149831320693936e-08,2.617049663577860130e+01,5.245494914385552221e+01,8.678335996509295001e+03,1.447418853532400540e+01
7.249968976738474687e-03,2.507149831320693936e-08,2.617049663577860130e+01,5.245494914385552221e+01,8.678335996509295001e+03,1.447418853532400540e+01
7.249968976738474687e-03,2.507149831320693936e-08,2.617049663577860130e+01,5.245494914385552221e+01,8.678335996509295001e+03,1.447418853532400540e+01
7.249968976738474687e-03,2.507149831320693936e-08,2.617049663577860130e+01,5.245494914385552221e+01,8.678335996509295001e+03,1.447418853532400540e+01
7.249968976738474687e-03,2.507149831320693936e-08,2.617049663577860130e+01,5.245494914385552221e+01,8.678335996509295001e+03,1.447418853532400540e+01
7.249968976738474687e-03,2.507149831320693936e-08,2.617049663577860130e+01,5.245494914385552221e+01,8.678335996509295001e+03,1.447418853532400540e+01
7.249968976738474687e-03,2.507149831320693936e-08,2.617049663577860130e+01,5.245494914385552221e+01,8.678335996509295001e+03,1.447418853532400540e+01
7.249968976738474687e-03,2.507149831320693936e-08,2.617049663577860130e+01,5.245494914385552221e+01,8.678335996509295001e+03,1.447418853532400540e+01
7.249968976738474687e-03,2.507149831320693936e-08,2.617049663577860130e+01,5.245494914385552221e+01,8.678335996509295001e+03,1.447418853532400540e+01
7.249968976738474687e-03,2.507149831320693936e-08,2.617049663577860130e+01,5.245494914385552221e+01,8.678335996509295001e+03,1.447418853532400540e+01
7.249968976738474687e-03,2.507149831320693936e-08,2.617049663577860130e+01,5.245494914385552221e+01,8.678335996509295001e+03,1.447418853532400540e+01
7.249968976738474687e-03,2.507149831320693936e-08,2.617049663577860130e+01,5.245494914385552221e+01,8.678335996509295001e+03,1.447418853532400540e+01
7.249968976738474687e-03,2.507149831320693936e-08,2.617049663577860130e+01,5.245494914385552221e+01,8.678335996509295001e+03,1.447418853532400540e+01
7.249968976738474687e-03,2.507149831320693936e-08,2.617049663577860130e+01,5.245494914385552221e+01,8.678335996509295001e+03,1.447418853532400540e+01
7.249968976738474687e-03,2.507149831320693936e-08,2.617049663577860130e+01,5.245494914385552221e+01,8.678335996509295001e+03,1.447418853532400540e+01
7.249968976738474687e-03,2.507149831320693936e-08,2.617049663577860130e+01,5.245494914385552221e+01,8.678335996509295001e+03,1.447418853532400540e+01
7.249968976738474687e-03,2.507149831320693936e-08,2.617049663577860130e+01,5.245494914385552221e+01,8.678335996509295001e+03,1.447418853532400540e+01
7.249968976738474687e-03,2.507149831320693936e-08,2.617049663577860130e+01,5.245494914385552221e+01,8.678335996509295001e+03,1.447418853532400540e+01
7.249968976738474687e-03,2.507149831320693936e-08,2.617049663577860130e+01,5.245494914385552221e+01,8.678335996509295001e+03,1.447418853532400540e+01
7.249968976738474687e-03,2.507149831320693936e-08,2.617049663577860130e+01,5.245494914385552221e+01,8.678335996509295001e+03,1.447418853532400540e+01
7.249968976738474687e-03,2.507149831320693936e-08,2.617049663577860130e+01,5.245494914385552221e+01,8.678335996509295001e+03,1.447418853532400540e+01
7.249968976738474687e-03,2.507149831320693936e-08,2.617049663577860130e+01,5.245494914385552221e+01,8.678335996509295001e+03,1.447418853532400540e+01
7.249968976738474687e-03,2.507149831320693936e-08,2.617049663577860130e+01,5.245494914385552221e+01,8.678335996509295001e+03,1.447418853532400540e+01
7.249968976738474687e-03,2.507149831320693936e-08,2.617049663577860130e+01,5.245494914385552221e+01,8.678335996509295001e+03,1.447418853532400540e+01
7.249968976738474687e-03,2.507149831320693936e-08,2.617049663577860130e+01,5.245494914385552221e+01,8.678335996509295001e+03,1.447418853532400540e+01
7.249968976738474687e-03,2.507149831320693936e-08,2.617049663577860130e+01,5.245494914385552221e+01,8.678335996509295001e+03,1.447418853532400540e+01
7.249968976738474687e-03,2.507149831320693936e-08,2.617049663577860130e+01,5.245494914385552221e+01,8.678335996509295001e+03,1.447418853532400540e+01
7.250606511669564942e-03,2.506988753195213520e-08,2.617071237888804447e+01,5.245299394041330032e+01,8.677914018439341817e+03,1.447411889389332629e+01
7.250606511669564942e-03,2.506988753195213520e-08,2.617071237888804447e+01,5.245299394041330032e+01,8.677914018439341817e+03,1.447411889389332629e+01
7.250606511669564942e-03,2.506988753195213520e-08,2.617071237888804447e+01,5.245299394041330032e+01,8.677914018439341817e+03,1.447411889389332629e+01
7.250606511669564942e-03,2.506988753195213520e-08,2.617071237888804447e+01,5.245299394041330032e+01,8.677914018439341817e+03,1.447411889389332629e+01
7.250606511669564942e-03,2.506988753195213520e-08,2.617071237888804447e+01,5.245299394041330032e+01,8.677914018439341817e+03,1.447411889389332629e+01
7.250606511669564942e-03,2.506988753195213520e-08,2.617071237888804447e+01,5.245299394041330032e+01,8.677914018439341817e+03,1.447411889389332629e+01
7.250606511669564942e-03,2.506988753195213520e-08,2.617071237888804447e+01,5.245299394041330032e+01,8.677914018439341817e+03,1.447411889389332629e+01
7.250606511669564942e-03,2.506988753195213520e-08,2.617071237888804447e+01,5.245299394041330032e+01,8.677914018439341817e+03,1.447411889389332629e+01
7.250606511669564942e-03,2.506988753195213520e-08,2.617071237888804447e+01,5.245299394041330032e+01,8.677914018439341817e+03,1.447411889389332629e+01
7.250606511669564942e-03,2.506988753195213520e-08,2.617071237888804447e+01,5.245299394041330032e+01,8.677914018439341817e+03,1.447411889389332629e+01
7.250606511669564942e-03,2.506988753195213520e-08,2.617071237888804447e+01,5.245299394041330032e+01,8.677914018439341817e+03,1.447411889389332629e+01
7.250606511669564942e-03,2.506988753195213520e-08,2.617071237888804447e+01,5.245299394041330032e+01,8.677914018439341817e+03,1.447411889389332629e+01
7.250606511669564942e-03,2.506988753195213520e-08,2.617071237888804447e+01,5.245299394041330032e+01,8.677914018439341817e+03,1.447411889389332629e+01
7.250606511669564942e-03,2.506988753195213520e-08,2.617071237888804447e+01,5.245299394041330032e+01,8.677914018439341817e+03,1.447411889389332629e+01
7.250606511669564942e-03,2.506988753195213520e-08,2.617071237888804447e+01,5.245299394041330032e+01,8.677914018439341817e+03,1.447411889389332629e+01
7.250606511669564942e-03,2.506988753195213520e-08,2.617071237888804447e+01,5.245299394041330032e+01,8.677914018439341817e+03,1.447411889389332629e+01
7.234846825370968258e-03,2.504521273296344212e-08,2.606771815163065042e+01,5.249318015538900539e+01,8.649965130466991468e+03,1.437138101061571049e+01
7.235028463951559581e-03,2.504706823270430716e-08,2.606982561470222137e+01,5.248978063355227874e+01,8.651095331117921887e+03,1.437709727839741269e+01
7.235028463951559581e-03,2.504706823270430716e-08,2.606982561470222137e+01,5.248978063355227874e+01,8.651095331117921887e+03,1.437709727839741269e+01
7.235028463951559581e-03,2.504706823270430716e-08,2.606982561470222137e+01,5.248978063355227874e+01,8.651095331117921887e+03,1.437709727839741269e+01
7.255318299182484526e-03,2.503800535760545241e-08,2.606140455896706243e+01,5.244476234012363847e+01,8.633250501407361298e+03,1.437029491041679385e+01
7.255318299182484526e-03,2.503800535760545241e-08,2.606140455896706243e+01,5.244476234012363847e+01,8.633250501407361298e+03,1.437029491041679385e+01
7.255318299182484526e-03,2.503800535760545241e-08,2.606140455896706243e+01,5.244476234012363847e+01,8.633250501407361298e+03,1.437029491041679385e+01
7.255318299182484526e-03,2.503800535760545241e-08,2.606140455896706243e+01,5.244476234012363847e+01,8.633250501407361298e+03,1.437029491041679385e+01
7.246775325582994164e-03,2.498942934291414258e-08,2.595377449198461051e+01,5.241266996650213628e+01,8.586889943078072974e+03,1.425237026373090288e+01
7.246775325582994164e-03,2.498942934291414258e-08,2.595377449198461051e+01,5.241266996650213628e+01,8.586889943078072974e+03,1.425237026373090288e+01
7.144898655926661298e-03,2.534564301209276460e-08,2.542053241385076845e+01,5.256600329548766126e+01,8.652680833362852354e+03,1.464601101522177373e+01
7.144898655926661298e-03,2.534564301209276460e-08,2.542053241385076845e+01,5.256600329548766126e+01,8.652680833362852354e+03,1.464601101522177373e+01
7.144898655926661298e-03,2.534564301209276460e-08,2.542053241385076845e+01,5.256600329548766126e+01,8.652680833362852354e+03,1.464601101522177373e+01
7.144898655926661298e-03,2.534564301209276460e-08,2.542053241385076845e+01,5.256600329548766126e+01,8.652680833362852354e+03,1.464601101522177373e+01
7.144898655926661298e-03,2.534564301209276460e-08,2.542053241385076845e+01,5.256600329548766126e+01,8.652680833362852354e+03,1.464601101522177373e+01
7.144898655926661298e-03,2.534564301209276460e-08,2.542053241385076845e+01,5.256600329548766126e+01,8.652680833362852354e+03,1.464601101522177373e+01
7.144898655926661298e-03,2.534564301209276460e-08,2.542053241385076845e+01,5.256600329548766126e+01,8.652680833362852354e+03,1.464601101522177373e+01
7.144898655926661298e-03,2.534564301209276460e-08,2.542053241385076845e+01,5.256600329548766126e+01,8.652680833362852354e+03,1.464601101522177373e+01
7.144898655926661298e-03,2.534564301209276460e-08,2.542053241385076845e+01,5.256600329548766126e+01,8.652680833362852354e+03,1.464601101522177373e+01
7.144898655926661298e-03,2.534564301209276460e-08,2.542053241385076845e+01,5.256600329548766126e+01,8.652680833362852354e+03,1.464601101522177373e+01
7.144898655926661298e-03,2.534564301209276460e-08,2.542053241385076845e+01,5.256600329548766126e+01,8.652680833362852354e+03,1.464601101522177373e+01
7.144898655926661298e-03,2.534564301209276460e-08,2.542053241385076845e+01,5.256600329548766126e+01,8.652680833362852354e+03,1.464601101522177373e+01
7.144898655926661298e-03,2.534564301209276460e-08,2.542053241385076845e+01,5.256600329548766126e+01,8.652680833362852354e+03,1.464601101522177373e+01
7.144898655926661298e-03,2.534564301209276460e-08,2.542053241385076845e+01,5.256600329548766126e+01,8.652680833362852354e+03,1.464601101522177373e+01
7.144898655926661298e-03,2.534564301209276460e-08,2.542053241385076845e+01,5.256600329548766126e+01,8.652680833362852354e+03,1.464601101522177373e+01
7.144898655926661298e-03,2.534564301209276460e-08,2.542053241385076845e+01,5.256600329548766126e+01,8.652680833362852354e+03,1.464601101522177373e+01
7.144898655926661298e-03,2.534564301209276460e-08,2.542053241385076845e+01,5.256600329548766126e+01,8.652680833362852354e+03,1.464601101522177373e+01
7.144898655926661298e-03,2.534564301209276460e-08,2.542053241385076845e+01,5.256600329548766126e+01,8.652680833362852354e+03,1.464601101522177373e+01
7.144898655926661298e-03,2.534564301209276460e-08,2.542053241385076845e+01,5.256600329548766126e+01,8.652680833362852354e+03,1.464601101522177373e+01
7.144898655926661298e-03,2.534564301209276460e-08,2.542053241385076845e+01,5.256600329548766126e+01,8.652680833362852354e+03,1.464601101522177373e+01
7.249379139774725887e-03,2.507077723135242997e-08,2.617161164222373415e+01,5.245415759801755229e+01,8.678459990821724205e+03,1.447322818851931636e+01
7.249517413175692905e-03,2.507085530738226784e-08,2.617050336932254950e+01,5.245285784455219869e+01,8.678010927790957794e+03,1.447324526274383949e+01
7.249517413175692905e-03,2.507085530738226784e-08,2.617050336932254950e+01,5.245285784455219869e+01,8.678010927790957794e+03,1.447324526274383949e+01
7.249517413175692905e-03,2.507085530738226784e-08,2.617050336932254950e+01,5.245285784455219869e+01,8.678010927790957794e+03,1.447324526274383949e+01
7.249517413175692905e-03,2.507085530738226784e-08,2.617050336932254950e+01,5.245285784455219869e+01,8.678010927790957794e+03,1.447324526274383949e+01
7.249477732068631240e-03,2.507076089989398011e-08,2.617048078942553246e+01,5.245272105768393800e+01,8.677971155193414234e+03,1.447315293905464628e+01
7.249477732068631240e-03,2.507076089989398011e-08,2.617048078942553246e+01,5.245272105768393800e+01,8.677971155193414234e+03,1.447315293905464628e+01
7.249531867884353824e-03,2.507090017163579937e-08,2.617049590829459405e+01,5.245291992501152833e+01,8.678024594506057838e+03,1.447328745612120926e+01
7.247594288668890439e-03,2.507209598058831626e-08,2.616663373415503813e+01,5.244734646147958301e+01,8.678048165500023970e+03,1.447580816933391290e+01
7.247594288668890439e-03,2.507209598058831626e-08,2.616663373415503813e+01,5.244734646147958301e+01,8.678048165500023970e+03,1.447580816933391290e+01
7.247661960094583557e-03,2.507208215850671549e-08,2.616677387024254031e+01,5.244755857986821468e+01,8.678060330653937854e+03,1.447575765882668364e+01
7.247661960094583557e-03,2.507208215850671549e-08,2.616677387024254031e+01,5.244755857986821468e+01,8.678060330653937854e+03,1.447575765882668364e+01
7.247661960094583557e-03,2.507208215850671549e-08,2.616677387024254031e+01,5.244755857986821468e+01,8.678060330653937854e+03,1.447575765882668364e+01
7.247576580295009459e-03,2.507210903205072032e-08,2.616653245027255892e+01,5.244737492512234667e+01,8.678060913748386156e+03,1.447579715246078536e+01
7.247746038230954216e-03,2.507207927479105036e-08,2.616682050974353757e+01,5.244784030218139748e+01,8.678082612419493671e+03,1.447569764696169159e+01
7.246211185147482213e-03,2.507263684027560827e-08,2.616396263591271776e+01,5.244294072651485550e+01,8.677798368321806265e+03,1.447686243906721337e+01
7.246211185147482213e-03,2.507263684027560827e-08,2.616396263591271776e+01,5.244294072651485550e+01,8.677798368321806265e+03,1.447686243906721337e+01
7.246211185147482213e-03,2.507263684027560827e-08,2.616396263591271776e+01,5.244294072651485550e+01,8.677798368321806265e+03,1.447686243906721337e+01
7.246211185147482213e-03,2.507263684027560827e-08,2.616396263591271776e+01,5.244294072651485550e+01,8.677798368321806265e+03,1.447686243906721337e+01
7.246211185147482213e-03,2.507263684027560827e-08,2.616396263591271776e+01,5.244294072651485550e+01,8.677798368321806265e+03,1.447686243906721337e+01
7.246211185147482213e-03,2.507263684027560827e-08,2.616396263591271776e+01,5.244294072651485550e+01,8.677798368321806265e+03,1.447686243906721337e+01
7.246211185147482213e-03,2.507263684027560827e-08,2.616396263591271776e+01,5.244294072651485550e+01,8.677798368321806265e+03,1.447686243906721337e+01
7.246211185147482213e-03,2.507263684027560827e-08,2.616396263591271776e+01,5.244294072651485550e+01,8.677798368321806265e+03,1.447686243906721337e+01
7.246211185147482213e-03,2.507263684027560827e-08,2.616396263591271776e+01,5.244294072651485550e+01,8.677798368321806265e+03,1.447686243906721337e+01
7.246211185147482213e-03,2.507263684027560827e-08,2.616396263591271776e+01,5.244294072651485550e+01,8.677798368321806265e+03,1.447686243906721337e+01
7.246211185147482213e-03,2.507263684027560827e-08,2.616396263591271776e+01,5.244294072651485550e+01,8.677798368321806265e+03,1.447686243906721337e+01
7.242401906246875160e-03,2.507622080249921695e-08,2.615755644544086422e+01,5.243385317743761220e+01,8.678265109886362552e+03,1.448212652334823503e+01
7.242401906246875160e-03,2.507622080249921695e-08,2.615755644544086422e+01,5.243385317743761220e+01,8.678265109886362552e+03,1.448212652334823503e+01
7.242401906246875160e-03,2.507622080249921695e-08,2.615755644544086422e+01,5.243385317743761220e+01,8.678265109886362552e+03,1.448212652334823503e+01
7.242401906246875160e-03,2.507622080249921695e-08,2.615755644544086422e+01,5.243385317743761220e+01,8.678265109886362552e+03,1.448212652334823503e+01
7.242401906246875160e-03,2.507622080249921695e-08,2.615755644544086422e+01,5.243385317743761220e+01,8.678265109886362552e+03,1.448212652334823503e+01
7.242401906246875160e-03,2.507622080249921695e-08,2.615755644544086422e+01,5.243385317743761220e+01,8.678265109886362552e+03,1.448212652334823503e+01
7.242401906246875160e-03,2.507622080249921695e-08,2.615755644544086422e+01,5.243385317743761220e+01,8.678265109886362552e+03,1.448212652334823503e+01
7.243795830206063539e-03,2.507528970372048559e-08,2.616048885642321409e+01,5.243781485887380001e+01,8.678318835983998724e+03,1.448074671300612692e+01
7.243795830206063539e-03,2.507528970372048559e-08,2.616048885642321409e+01,5.243781485887380001e+01,8.678318835983998724e+03,1.448074671300612692e+01
7.243795830206063539e-03,2.507528970372048559e-08,2.616048885642321409e+01,5.243781485887380001e+01,8.678318835983998724e+03,1.448074671300612692e+01
7.239289559655345818e-03,2.508067889627536446e-08,2.615214129978566149e+01,5.242943399328405008e+01,8.679910448662614726e+03,1.448971384462356404e+01
7.239024695394180760e-03,2.507504297442083420e-08,2.616181976197018244e+01,5.243303120782898930e+01,8.680717479912262206e+03,1.447860441273836507e+01
7.239219353708753121e-03,2.507521526169752285e-08,2.616177215825702618e+01,5.243342360179310191e+01,8.680723847357608975e+03,1.447888144913594211e+01
7.234114243134540968e-03,2.507394611389572547e-08,2.615961848774933074e+01,5.242380783882708073e+01,8.680708564079082862e+03,1.447468349537306409e+01
7.234827652134071668e-03,2.507880321049192836e-08,2.615277746058871955e+01,5.242540166715586025e+01,8.681484751966941985e+03,1.448238172253115508e+01
7.234827652134071668e-03,2.507880321049192836e-08,2.615277746058871955e+01,5.242540166715586025e+01,8.681484751966941985e+03,1.448238172253115508e+01
7.234827652134071668e-03,2.507880321049192836e-08,2.615277746058871955e+01,5.242540166715586025e+01,8.681484751966941985e+03,1.448238172253115508e+01
7.234827652134071668e-03,2.507880321049192836e-08,2.615277746058871955e+01,5.242540166715586025e+01,8.681484751966941985e+03,1.448238172253115508e+01
7.234827652134071668e-03,2.507880321049192836e-08,2.615277746058871955e+01,5.242540166715586025e+01,8.681484751966941985e+03,1.448238172253115508e+01
7.234827652134071668e-03,2.507880321049192836e-08,2.615277746058871955e+01,5.242540166715586025e+01,8.681484751966941985e+03,1.448238172253115508e+01
7.234827652134071668e-03,2.507880321049192836e-08,2.615277746058871955e+01,5.242540166715586025e+01,8.681484751966941985e+03,1.448238172253115508e+01
7.234827652134071668e-03,2.507880321049192836e-08,2.615277746058871955e+01,5.242540166715586025e+01,8.681484751966941985e+03,1.448238172253115508e+01
7.234827652134071668e-03,2.507880321049192836e-08,2.615277746058871955e+01,5.242540166715586025e+01,8.681484751966941985e+03,1.448238172253115508e+01
7.234827652134071668e-03,2.507880321049192836e-08,2.615277746058871955e+01,5.242540166715586025e+01,8.681484751966941985e+03,1.448238172253115508e+01
7.234827652134071668e-03,2.507880321049192836e-08,2.615277746058871955e+01,5.242540166715586025e+01,8.681484751966941985e+03,1.448238172253115508e+01
7.234827652134071668e-03,2.507880321049192836e-08,2.615277746058871955e+01,5.242540166715586025e+01,8.681484751966941985e+03,1.448238172253115508e+01
7.234827652134071668e-03,2.507880321049192836e-08,2.615277746058871955e+01,5.242540166715586025e+01,8.681484751966941985e+03,1.448238172253115508e+01
7.234827652134071668e-03,2.507880321049192836e-08,2.615277746058871955e+01,5.242540166715586025e+01,8.681484751966941985e+03,1.448238172253115508e+01
7.234827652134071668e-03,2.507880321049192836e-08,2.615277746058871955e+01,5.242540166715586025e+01,8.681484751966941985e+03,1.448238172253115508e+01
7.234827652134071668e-03,2.507880321049192836e-08,2.615277746058871955e+01,5.242540166715586025e+01,8.681484751966941985e+03,1.448238172253115508e+01
7.234827652134071668e-03,2.507880321049192836e-08,2.615277746058871955e+01,5.242540166715586025e+01,8.681484751966941985e+03,1.448238172253115508e+01
7.234827652134071668e-03,2.507880321049192836e-08,2.615277746058871955e+01,5.242540166715586025e+01,8.681484751966941985e+03,1.448238172253115508e+01
7.234827652134071668e-03,2.507880321049192836e-08,2.615277746058871955e+01,5.242540166715586025e+01,8.681484751966941985e+03,1.448238172253115508e+01
7.234827652134071668e-03,2.507880321049192836e-08,2.615277746058871955e+01,5.242540166715586025e+01,8.681484751966941985e+03,1.448238172253115508e+01
7.234827652134071668e-03,2.507880321049192836e-08,2.615277746058871955e+01,5.242540166715586025e+01,8.681484751966941985e+03,1.448238172253115508e+01
7.234827652134071668e-03,2.507880321049192836e-08,2.615277746058871955e+01,5.242540166715586025e+01,8.681484751966941985e+03,1.448238172253115508e+01
7.234827652134071668e-03,2.507880321049192836e-08,2.615277746058871955e+01,5.242540166715586025e+01,8.681484751966941985e+03,1.448238172253115508e+01
7.234827652134071668e-03,2.507880321049192836e-08,2.615277746058871955e+01,5.242540166715586025e+01,8.681484751966941985e+03,1.448238172253115508e+01
7.234827652134071668e-03,2.507880321049192836e-08,2.615277746058871955e+01,5.242540166715586025e+01,8.681484751966941985e+03,1.448238172253115508e+01
7.234827652134071668e-03,2.507880321049192836e-08,2.615277746058871955e+01,5.242540166715586025e+01,8.681484751966941985e+03,1.448238172253115508e+01
7.221725490930847209e-03,2.509457794203753396e-08,2.610672340990636187e+01,5.242104958914426760e+01,8.681385612956986733e+03,1.449237083261820302e+01
7.221725490930847209e-03,2.509457794203753396e-08,2.610672340990636187e+01,5.242104958914426760e+01,8.681385612956986733e+03,1.449237083261820302e+01
7.220739405937908612e-03,2.509441937424788322e-08,2.610320425981213788e+01,5.242281357577558509e+01,8.681092870066939213e+03,1.449050161381969737e+01
7.220739405937908612e-03,2.509441937424788322e-08,2.610320425981213788e+01,5.242281357577558509e+01,8.681092870066939213e+03,1.449050161381969737e+01
7.220739405937908612e-03,2.509441937424788322e-08,2.610320425981213788e+01,5.242281357577558509e+01,8.681092870066939213e+03,1.449050161381969737e+01
7.220739405937908612e-03,2.509441937424788322e-08,2.610320425981213788e+01,5.242281357577558509e+01,8.681092870066939213e+03,1.449050161381969737e+01
7.220739405937908612e-03,2.509441937424788322e-08,2.610320425981213788e+01,5.242281357577558509e+01,8.681092870066939213e+03,1.449050161381969737e+01
7.220058983688853148e-03,2.508314071191911398e-08,2.610408250688530885e+01,5.242263190722952260e+01,8.678139641066938566e+03,1.445738295963656839e+01
7.220058983688853148e-03,2.508314071191911398e-08,2.610408250688530885e+01,5.242263190722952260e+01,8.678139641066938566e+03,1.445738295963656839e+01
7.220058983688853148e-03,2.508314071191911398e-08,2.610408250688530885e+01,5.242263190722952260e+01,8.678139641066938566e+03,1.445738295963656839e+01
7.220058983688853148e-03,2.508314071191911398e-08,2.610408250688530885e+01,5.242263190722952260e+01,8.678139641066938566e+03,1.445738295963656839e+01
7.220058983688853148e-03,2.508314071191911398e-08,2.610408250688530885e+01,5.242263190722952260e+01,8.678139641066938566e+03,1.445738295963656839e+01
7.191428476564526266e-03,2.513037924017704162e-08,2.600544746138034569e+01,5.240442319712693120e+01,8.682881934713093870e+03,1.449027288561177862e+01
7.189106017815539637e-03,2.513353965030056924e-08,2.598701616009187632e+01,5.239868792299741784e+01,8.677334401176878600e+03,1.448865398604725918e+01
6.969376028908617036e-03,2.544819020898184312e-08,2.550384384598910970e+01,5.213443242824035195e+01,8.764328831933671609e+03,1.484855727638211675e+01
6.969376028908617036e-03,2.544819020898184312e-08,2.550384384598910970e+01,5.213443242824035195e+01,8.764328831933671609e+03,1.484855727638211675e+01
6.957534074783925174e-03,2.546421182328067104e-08,2.547589690817737917e+01,5.212070229137729171e+01,8.767992395468350878e+03,1.486442838946535083e+01
6.957534074783925174e-03,2.546421182328067104e-08,2.547589690817737917e+01,5.212070229137729171e+01,8.767992395468350878e+03,1.486442838946535083e+01
6.970948520572243547e-03,2.544247922256026364e-08,2.552125968056573413e+01,5.213325153909167398e+01,8.764848975477287240e+03,1.484216029232152678e+01
6.970948520572243547e-03,2.544247922256026364e-08,2.552125968056573413e+01,5.213325153909167398e+01,8.764848975477287240e+03,1.484216029232152678e+01
6.970948520572243547e-03,2.544247922256026364e-08,2.552125968056573413e+01,5.213325153909167398e+01,8.764848975477287240e+03,1.484216029232152678e+01
6.970948520572243547e-03,2.544247922256026364e-08,2.552125968056573413e+01,5.213325153909167398e+01,8.764848975477287240e+03,1.484216029232152678e+01
6.970948520572243547e-03,2.544247922256026364e-08,2.552125968056573413e+01,5.213325153909167398e+01,8.764848975477287240e+03,1.484216029232152678e+01
6.970948520572243547e-03,2.544247922256026364e-08,2.552125968056573413e+01,5.213325153909167398e+01,8.764848975477287240e+03,1.484216029232152678e+01
7.249824135989125541e-03,2.507139044127092465e-08,2.617061654912374280e+01,5.245388826162258056e+01,8.678412825670524398e+03,1.447416763397633588e+01
7.249824135989125541e-03,2.507139044127092465e-08,2.617061654912374280e+01,5.245388826162258056e+01,8.678412825670524398e+03,1.447416763397633588e+01
7.249824135989125541e-03,2.507139044127092465e-08,2.617061654912374280e+01,5.245388826162258056e+01,8.678412825670524398e+03,1.447416763397633588e+01
7.249824135989125541e-03,2.507139044127092465e-08,2.617061654912374280e+01,5.245388826162258056e+01,8.678412825670524398e+03,1.447416763397633588e+01
7.249824135989125541e-03,2.507139044127092465e-08,2.617061654912374280e+01,5.245388826162258056e+01,8.678412825670524398e+03,1.447416763397633588e+01
7.249824135989125541e-03,2.507139044127092465e-08,2.617061654912374280e+01,5.245388826162258056e+01,8.678412825670524398e+03,1.447416763397633588e+01
7.249824135989125541e-03,2.507139044127092465e-08,2.617061654912374280e+01,5.245388826162258056e+01,8.678412825670524398e+03,1.447416763397633588e+01
7.249824135989125541e-03,2.507139044127092465e-08,2.617061654912374280e+01,5.245388826162258056e+01,8.678412825670524398e+03,1.447416763397633588e+01
7.249824135989125541e-03,2.507139044127092465e-08,2.617061654912374280e+01,5.245388826162258056e+01,8.678412825670524398e+03,1.447416763397633588e+01
7.249824135989125541e-03,2.507139044127092465e-08,2.617061654912374280e+01,5.245388826162258056e+01,8.678412825670524398e+03,1.447416763397633588e+01
7.249824135989125541e-03,2.507139044127092465e-08,2.617061654912374280e+01,5.245388826162258056e+01,8.678412825670524398e+03,1.447416763397633588e+01
7.249824135989125541e-03,2.507139044127092465e-08,2.617061654912374280e+01,5.245388826162258056e+01,8.678412825670524398e+03,1.447416763397633588e+01
7.249824135989125541e-03,2.507139044127092465e-08,2.617061654912374280e+01,5.245388826162258056e+01,8.678412825670524398e+03,1.447416763397633588e+01
7.249824135989125541e-03,2.507139044127092465e-08,2.617061654912374280e+01,5.245388826162258056e+01,8.678412825670524398e+03,1.447416763397633588e+01
7.249824135989125541e-03,2.507139044127092465e-08,2.617061654912374280e+01,5.245388826162258056e+01,8.678412825670524398e+03,1.447416763397633588e+01
7.249824135989125541e-03,2.507139044127092465e-08,2.617061654912374280e+01,5.245388826162258056e+01,8.678412825670524398e+03,1.447416763397633588e+01
7.249824135989125541e-03,2.507139044127092465e-08,2.617061654912374280e+01,5.245388826162258056e+01,8.678412825670524398e+03,1.447416763397633588e+01
7.249824135989125541e-03,2.507139044127092465e-08,2.617061654912374280e+01,5.245388826162258056e+01,8.678412825670524398e+03,1.447416763397633588e+01
7.253646882357903634e-03,2.506192053461561852e-08,2.618020033788063827e+01,5.246074475452147112e+01,8.675724248684859049e+03,1.445893376023467525e+01
7.253644227625909505e-03,2.506200917945147963e-08,2.618017674021242414e+01,5.246076195981311230e+01,8.675730965352171552e+03,1.445898199813548501e+01
7.253644227625909505e-03,2.506200917945147963e-08,2.618017674021242414e+01,5.246076195981311230e+01,8.675730965352171552e+03,1.445898199813548501e+01
7.253644227625909505e-03,2.506200917945147963e-08,2.618017674021242414e+01,5.246076195981311230e+01,8.675730965352171552e+03,1.445898199813548501e+01
7.253644227625909505e-03,2.506200917945147963e-08,2.618017674021242414e+01,5.246076195981311230e+01,8.675730965352171552e+03,1.445898199813548501e+01
7.253644227625909505e-03,2.506200917945147963e-08,2.618017674021242414e+01,5.246076195981311230e+01,8.675730965352171552e+03,1.445898199813548501e+01
7.253665858433077512e-03,2.506195747560700394e-08,2.618023547669514173e+01,5.246080486922038233e+01,8.675717270675037071e+03,1.445889685480884701e+01
7.253665858433077512e-03,2.506195747560700394e-08,2.618023547669514173e+01,5.246080486922038233e+01,8.675717270675037071e+03,1.445889685480884701e+01
7.253665858433077512e-03,2.506195747560700394e-08,2.618023547669514173e+01,5.246080486922038233e+01,8.675717270675037071e+03,1.445889685480884701e+01
7.256151873201390282e-03,2.504236906004330227e-08,2.619941192943078789e+01,5.246484679344295898e+01,8.672212736910047170e+03,1.442413818960951488e+01
7.256151873201390282e-03,2.504236906004330227e-08,2.619941192943078789e+01,5.246484679344295898e+01,8.672212736910047170e+03,1.442413818960951488e+01
7.256151873201390282e-03,2.504236906004330227e-08,2.619941192943078789e+01,5.246484679344295898e+01,8.672212736910047170e+03,1.442413818960951488e+01
7.253793068346403757e-03,2.503120260543414914e-08,2.620055298724886583e+01,5.245337503228531517e+01,8.668288703796824848e+03,1.440314237236011685e+01
7.253793068346403757e-03,2.503120260543414914e-08,2.620055298724886583e+01,5.245337503228531517e+01,8.668288703796824848e+03,1.440314237236011685e+01
7.253793068346403757e-03,2.503120260543414914e-08,2.620055298724886583e+01,5.245337503228531517e+01,8.668288703796824848e+03,1.440314237236011685e+01
7.253793068346403757e-03,2.503120260543414914e-08,2.620055298724886583e+01,5.245337503228531517e+01,8.668288703796824848e+03,1.440314237236011685e+01
7.253793068346403757e-03,2.503120260543414914e-08,2.620055298724886583e+01,5.245337503228531517e+01,8.668288703796824848e+03,1.440314237236011685e+01
7.253793068346403757e-03,2.503120260543414914e-08,2.620055298724886583e+01,5.245337503228531517e+01,8.668288703796824848e+03,1.440314237236011685e+01
7.253793068346403757e-03,2.503120260543414914e-08,2.620055298724886583e+01,5.245337503228531517e+01,8.668288703796824848e+03,1.440314237236011685e+01
7.253793068346403757e-03,2.503120260543414914e-08,2.620055298724886583e+01,5.245337503228531517e+01,8.668288703796824848e+03,1.440314237236011685e+01
7.253793068346403757e-03,2.503120260543414914e-08,2.620055298724886583e+01,5.245337503228531517e+01,8.668288703796824848e+03,1.440314237236011685e+01
7.253793068346403757e-03,2.503120260543414914e-08,2.620055298724886583e+01,5.245337503228531517e+01,8.668288703796824848e+03,1.440314237236011685e+01
7.253793068346403757e-03,2.503120260543414914e-08,2.620055298724886583e+01,5.245337503228531517e+01,8.668288703796824848e+03,1.440314237236011685e+01
7.253793068346403757e-03,2.503120260543414914e-08,2.620055298724886583e+01,5.245337503228531517e+01,8.668288703796824848e+03,1.440314237236011685e+01
7.253793068346403757e-03,2.503120260543414914e-08,2.620055298724886583e+01,5.245337503228531517e+01,8.668288703796824848e+03,1.440314237236011685e+01
7.253793068346403757e-03,2.503120260543414914e-08,2.620055298724886583e+01,5.245337503228531517e+01,8.668288703796824848e+03,1.440314237236011685e+01
7.253793068346403757e-03,2.503120260543414914e-08,2.620055298724886583e+01,5.245337503228531517e+01,8.668288703796824848e+03,1.440314237236011685e+01
7.253793068346403757e-03,2.503120260543414914e-08,2.620055298724886583e+01,5.245337503228531517e+01,8.668288703796824848e+03,1.440314237236011685e+01
7.253793068346403757e-03,2.503120260543414914e-08,2.620055298724886583e+01,5.245337503228531517e+01,8.668288703796824848e+03,1.440314237236011685e+01
7.253793068346403757e-03,2.503120260543414914e-08,2.620055298724886583e+01,5.245337503228531517e+01,8.668288703796824848e+03,1.440314237236011685e+01
7.253793068346403757e-03,2.503120260543414914e-08,2.620055298724886583e+01,5.245337503228531517e+01,8.668288703796824848e+03,1.440314237236011685e+01
7.253793068346403757e-03,2.503120260543414914e-08,2.620055298724886583e+01,5.245337503228531517e+01,8.668288703796824848e+03,1.440314237236011685e+01
7.253793068346403757e-03,2.503120260543414914e-08,2.620055298724886583e+01,5.245337503228531517e+01,8.668288703796824848e+03,1.440314237236011685e+01
7.253793068346403757e-03,2.503120260543414914e-08,2.620055298724886583e+01,5.245337503228531517e+01,8.668288703796824848e+03,1.440314237236011685e+01
7.253793068346403757e-03,2.503120260543414914e-08,2.620055298724886583e+01,5.245337503228531517e+01,8.668288703796824848e+03,1.440314237236011685e+01
7.253793068346403757e-03,2.503120260543414914e-08,2.620055298724886583e+01,5.245337503228531517e+01,8.668288703796824848e+03,1.440314237236011685e+01
7.253793068346403757e-03,2.503120260543414914e-08,2.620055298724886583e+01,5.245337503228531517e+01,8.668288703796824848e+03,1.440314237236011685e+01
7.253793068346403757e-03,2.503120260543414914e-08,2.620055298724886583e+01,5.245337503228531517e+01,8.668288703796824848e+03,1.440314237236011685e+01
7.253793068346403757e-03,2.503120260543414914e-08,2.620055298724886583e+01,5.245337503228531517e+01,8.668288703796824848e+03,1.440314237236011685e+01
7.253793068346403757e-03,2.503120260543414914e-08,2.620055298724886583e+01,5.245337503228531517e+01,8.668288703796824848e+03,1.440314237236011685e+01
7.253793068346403757e-03,2.503120260543414914e-08,2.620055298724886583e+01,5.245337503228531517e+01,8.668288703796824848e+03,1.440314237236011685e+01
7.253793068346403757e-03,2.503120260543414914e-08,2.620055298724886583e+01,5.245337503228531517e+01,8.668288703796824848e+03,1.440314237236011685e+01
7.253793068346403757e-03,2.503120260543414914e-08,2.620055298724886583e+01,5.245337503228531517e+01,8.668288703796824848e+03,1.440314237236011685e+01
7.253793068346403757e-03,2.503120260543414914e-08,2.620055298724886583e+01,5.245337503228531517e+01,8.668288703796824848e+03,1.440314237236011685e+01
7.271192429874807732e-03,2.497280228913795011e-08,2.631325759089788008e+01,5.252597896434180313e+01,8.666332828802354925e+03,1.428832464118997692e+01
7.545356400369194853e-03,2.471583292187023099e-08,2.724361932223264304e+01,5.252640607082615531e+01,8.683783609908241488e+03,1.425270450410121725e+01
7.545356400369194853e-03,2.471583292187023099e-08,2.724361932223264304e+01,5.252640607082615531e+01,8.683783609908241488e+03,1.425270450410121725e+01
7.545356400369194853e-03,2.471583292187023099e-08,2.724361932223264304e+01,5.252640607082615531e+01,8.683783609908241488e+03,1.425270450410121725e+01
7.545356400369194853e-03,2.471583292187023099e-08,2.724361932223264304e+01,5.252640607082615531e+01,8.683783609908241488e+03,1.425270450410121725e+01
7.545356400369194853e-03,2.471583292187023099e-08,2.724361932223264304e+01,5.252640607082615531e+01,8.683783609908241488e+03,1.425270450410121725e+01
7.545356400369194853e-03,2.471583292187023099e-08,2.724361932223264304e+01,5.252640607082615531e+01,8.683783609908241488e+03,1.425270450410121725e+01
7.545356400369194853e-03,2.471583292187023099e-08,2.724361932223264304e+01,5.252640607082615531e+01,8.683783609908241488e+03,1.425270450410121725e+01
7.545356400369194853e-03,2.471583292187023099e-08,2.724361932223264304e+01,5.252640607082615531e+01,8.683783609908241488e+03,1.425270450410121725e+01
7.647526002644378616e-03,2.466967448942491179e-08,2.776637998548866904e+01,5.273040829774090099e+01,8.731496985718798896e+03,1.419598160870326176e+01
7.647526002644378616e-03,2.466967448942491179e-08,2.776637998548866904e+01,5.273040829774090099e+01,8.731496985718798896e+03,1.419598160870326176e+01
7.647526002644378616e-03,2.466967448942491179e-08,2.776637998548866904e+01,5.273040829774090099e+01,8.731496985718798896e+03,1.419598160870326176e+01
7.859231504070586863e-03,2.445442973057561114e-08,2.863012344143793442e+01,5.289383465468149836e+01,8.754927363418069945e+03,1.402086934946467522e+01
7.859231504070586863e-03,2.445442973057561114e-08,2.863012344143793442e+01,5.289383465468149836e+01,8.754927363418069945e+03,1.402086934946467522e+01
7.859231504070586863e-03,2.445442973057561114e-08,2.863012344143793442e+01,5.289383465468149836e+01,8.754927363418069945e+03,1.402086934946467522e+01
7.859231504070586863e-03,2.445442973057561114e-08,2.863012344143793442e+01,5.289383465468149836e+01,8.754927363418069945e+03,1.402086934946467522e+01
7.859231504070586863e-03,2.445442973057561114e-08,2.863012344143793442e+01,5.289383465468149836e+01,8.754927363418069945e+03,1.402086934946467522e+01
7.859231504070586863e-03,2.445442973057561114e-08,2.863012344143793442e+01,5.289383465468149836e+01,8.754927363418069945e+03,1.402086934946467522e+01
7.859538428601450452e-03,2.445430339126635833e-08,2.863178017863177871e+01,5.289447700221256810e+01,8.755085701355779747e+03,1.402071818065994258e+01
7.859538428601450452e-03,2.445430339126635833e-08,2.863178017863177871e+01,5.289447700221256810e+01,8.755085701355779747e+03,1.402071818065994258e+01
7.859538428601450452e-03,2.445430339126635833e-08,2.863178017863177871e+01,5.289447700221256810e+01,8.755085701355779747e+03,1.402071818065994258e+01
7.859538428601450452e-03,2.445430339126635833e-08,2.863178017863177871e+01,5.289447700221256810e+01,8.755085701355779747e+03,1.402071818065994258e+01
7.817791952945791004e-03,2.449887110780531280e-08,2.849584443769285258e+01,5.287976100887117070e+01,8.759979254847910852e+03,1.405063274309885202e+01
7.817791952945791004e-03,2.449887110780531280e-08,2.849584443769285258e+01,5.287976100887117070e+01,8.759979254847910852e+03,1.405063274309885202e+01
7.817791952945791004e-03,2.449887110780531280e-08,2.849584443769285258e+01,5.287976100887117070e+01,8.759979254847910852e+03,1.405063274309885202e+01
7.817791952945791004e-03,2.449887110780531280e-08,2.849584443769285258e+01,5.287976100887117070e+01,8.759979254847910852e+03,1.405063274309885202e+01
7.817791952945791004e-03,2.449887110780531280e-08,2.849584443769285258e+01,5.287976100887117070e+01,8.759979254847910852e+03,1.405063274309885202e+01
7.817791952945791004e-03,2.449887110780531280e-08,2.849584443769285258e+01,5.287976100887117070e+01,8.759979254847910852e+03,1.405063274309885202e+01
7.249889650649531461e-03,2.507141966605720911e-08,2.617043518873536456e+01,5.245378176471032106e+01,8.678359513424811666e+03,1.447400131742482721e+01
7.249933824978321839e-03,2.507142067754222180e-08,2.617075224066890371e+01,5.245412846355505820e+01,8.678438988991760198e+03,1.447393435851993537e+01
7.249933824978321839e-03,2.507142067754222180e-08,2.617075224066890371e+01,5.245412846355505820e+01,8.678438988991760198e+03,1.447393435851993537e+01
7.249933824978321839e-03,2.507142067754222180e-08,2.617075224066890371e+01,5.245412846355505820e+01,8.678438988991760198e+03,1.447393435851993537e+01
7.249933824978321839e-03,2.507142067754222180e-08,2.617075224066890371e+01,5.245412846355505820e+01,8.678438988991760198e+03,1.447393435851993537e+01
7.249933824978321839e-03,2.507142067754222180e-08,2.617075224066890371e+01,5.245412846355505820e+01,8.678438988991760198e+03,1.447393435851993537e+01
7.249933824978321839e-03,2.507142067754222180e-08,2.617075224066890371e+01,5.245412846355505820e+01,8.678438988991760198e+03,1.447393435851993537e+01
7.249933824978321839e-03,2.507142067754222180e-08,2.617075224066890371e+01,5.245412846355505820e+01,8.678438988991760198e+03,1.447393435851993537e+01
7.249933824978321839e-03,2.507142067754222180e-08,2.617075224066890371e+01,5.245412846355505820e+01,8.678438988991760198e+03,1.447393435851993537e+01
7.249933824978321839e-03,2.507142067754222180e-08,2.617075224066890371e+01,5.245412846355505820e+01,8.678438988991760198e+03,1.447393435851993537e+01
7.249933824978321839e-03,2.507142067754222180e-08,2.617075224066890371e+01,5.245412846355505820e+01,8.678438988991760198e+03,1.447393435851993537e+01
7.249933824978321839e-03,2.507142067754222180e-08,2.617075224066890371e+01,5.245412846355505820e+01,8.678438988991760198e+03,1.447393435851993537e+01
7.249933824978321839e-03,2.507142067754222180e-08,2.617075224066890371e+01,5.245412846355505820e+01,8.678438988991760198e+03,1.447393435851993537e+01
7.249933824978321839e-03,2.507142067754222180e-08,2.617075224066890371e+01,5.245412846355505820e+01,8.678438988991760198e+03,1.447393435851993537e+01
7.249933824978321839e-03,2.507142067754222180e-08,2.617075224066890371e+01,5.245412846355505820e+01,8.678438988991760198e+03,1.447393435851993537e+01
7.249933824978321839e-03,2.507142067754222180e-08,2.617075224066890371e+01,5.245412846355505820e+01,8.678438988991760198e+03,1.447393435851993537e+01
7.249933824978321839e-03,2.507142067754222180e-08,2.617075224066890371e+01,5.245412846355505820e+01,8.678438988991760198e+03,1.447393435851993537e+01
7.249933824978321839e-03,2.507142067754222180e-08,2.617075224066890371e+01,5.245412846355505820e+01,8.678438988991760198e+03,1.447393435851993537e+01
7.249933824978321839e-03,2.507142067754222180e-08,2.617075224066890371e+01,5.245412846355505820e+01,8.678438988991760198e+03,1.447393435851993537e+01
7.249933824978321839e-03,2.507142067754222180e-08,2.617075224066890371e+01,5.245412846355505820e+01,8.678438988991760198e+03,1.447393435851993537e+01
7.249933824978321839e-03,2.507142067754222180e-08,2.617075224066890371e+01,5.245412846355505820e+01,8.678438988991760198e+03,1.447393435851993537e+01
7.249933824978321839e-03,2.507142067754222180e-08,2.617075224066890371e+01,5.245412846355505820e+01,8.678438988991760198e+03,1.447393435851993537e+01
7.249933824978321839e-03,2.507142067754222180e-08,2.617075224066890371e+01,5.245412846355505820e+01,8.678438988991760198e+03,1.447393435851993537e+01
7.249933824978321839e-03,2.507142067754222180e-08,2.617075224066890371e+01,5.245412846355505820e+01,8.678438988991760198e+03,1.447393435851993537e+01
7.249826650299701254e-03,2.507301212679294365e-08,2.617003897940803370e+01,5.245406361584618793e+01,8.678946218705768842e+03,1.447691215875048698e+01
7.249385379767059497e-03,2.507626476839962013e-08,2.616741202160095980e+01,5.245513871202646783e+01,8.679221095878403503e+03,1.447969694812875119e+01
7.247156823218752104e-03,2.508223758455021053e-08,2.615983221234622746e+01,5.244941754174659110e+01,8.680983347240098738e+03,1.449017617287800874e+01
7.247156823218752104e-03,2.508223758455021053e-08,2.615983221234622746e+01,5.244941754174659110e+01,8.680983347240098738e+03,1.449017617287800874e+01
7.247156823218752104e-03,2.508223758455021053e-08,2.615983221234622746e+01,5.244941754174659110e+01,8.680983347240098738e+03,1.449017617287800874e+01
7.247156823218752104e-03,2.508223758455021053e-08,2.615983221234622746e+01,5.244941754174659110e+01,8.680983347240098738e+03,1.449017617287800874e+01
7.247156823218752104e-03,2.508223758455021053e-08,2.615983221234622746e+01,5.244941754174659110e+01,8.680983347240098738e+03,1.449017617287800874e+01
7.247156823218752104e-03,2.508223758455021053e-08,2.615983221234622746e+01,5.244941754174659110e+01,8.680983347240098738e+03,1.449017617287800874e+01
7.247156823218752104e-03,2.508223758455021053e-08,2.615983221234622746e+01,5.244941754174659110e+01,8.680983347240098738e+03,1.449017617287800874e+01
7.247156823218752104e-03,2.508223758455021053e-08,2.615983221234622746e+01,5.244941754174659110e+01,8.680983347240098738e+03,1.449017617287800874e+01
7.247156823218752104e-03,2.508223758455021053e-08,2.615983221234622746e+01,5.244941754174659110e+01,8.680983347240098738e+03,1.449017617287800874e+01
7.247156823218752104e-03,2.508223758455021053e-08,2.615983221234622746e+01,5.244941754174659110e+01,8.680983347240098738e+03,1.449017617287800874e+01
7.247156823218752104e-03,2.508223758455021053e-08,2.615983221234622746e+01,5.244941754174659110e+01,8.680983347240098738e+03,1.449017617287800874e+01
7.247156823218752104e-03,2.508223758455021053e-08,2.615983221234622746e+01,5.244941754174659110e+01,8.680983347240098738e+03,1.449017617287800874e+01
7.246624235189474787e-03,2.508348134440537461e-08,2.615700429800023130e+01,5.244901815436326586e+01,8.681075637717032805e+03,1.449182985034880033e+01
7.246624235189474787e-03,2.508348134440537461e-08,2.615700429800023130e+01,5.244901815436326586e+01,8.681075637717032805e+03,1.449182985034880033e+01
7.246771409841265901e-03,2.508313763019198105e-08,2.615778575021743180e+01,5.244912852316043228e+01,8.681050133515844209e+03,1.449137284434383410e+01
7.246771409841265901e-03,2.508313763019198105e-08,2.615778575021743180e+01,5.244912852316043228e+01,8.681050133515844209e+03,1.449137284434383410e+01
7.246771409841265901e-03,2.508313763019198105e-08,2.615778575021743180e+01,5.244912852316043228e+01,8.681050133515844209e+03,1.449137284434383410e+01
7.246771409841265901e-03,2.508313763019198105e-08,2.615778575021743180e+01,5.244912852316043228e+01,8.681050133515844209e+03,1.449137284434383410e+01
7.244422218015003113e-03,2.509169553388654021e-08,2.614844766525586905e+01,5.244485099839718600e+01,8.683045462970523658e+03,1.450401566916170992e+01
7.244422218015003113e-03,2.509169553388654021e-08,2.614844766525586905e+01,5.244485099839718600e+01,8.683045462970523658e+03,1.450401566916170992e+01
7.244422218015003113e-03,2.509169553388654021e-08,2.614844766525586905e+01,5.244485099839718600e+01,8.683045462970523658e+03,1.450401566916170992e+01
7.244422218015003113e-03,2.509169553388654021e-08,2.614844766525586905e+01,5.244485099839718600e+01,8.683045462970523658e+03,1.450401566916170992e+01
7.234881131019413499e-03,2.509441063421947075e-08,2.612185349114912825e+01,5.242875360688007191e+01,8.680671193951773603e+03,1.450521458242959127e+01
7.234881131019413499e-03,2.509441063421947075e-08,2.612185349114912825e+01,5.242875360688007191e+01,8.680671193951773603e+03,1.450521458242959127e+01
7.234881131019413499e-03,2.509441063421947075e-08,2.612185349114912825e+01,5.242875360688007191e+01,8.680671193951773603e+03,1.450521458242959127e+01
7.237285207263209619e-03,2.509032310107428636e-08,2.612550270390180884e+01,5.242868937054880263e+01,8.679690949980489677e+03,1.450306493038640099e+01
7.237285207263209619e-03,2.509032310107428636e-08,2.612550270390180884e+01,5.242868937054880263e+01,8.679690949980489677e+03,1.450306493038640099e+01
7.232928500667423766e-03,2.509604024722249190e-08,2.609217823300929595e+01,5.240732698073600915e+01,8.675672226990112904e+03,1.451208573397893886e+01
7.232928500667423766e-03,2.509604024722249190e-08,2.609217823300929595e+01,5.240732698073600915e+01,8.675672226990112904e+03,1.451208573397893886e+01
7.232928500667423766e-03,2.509604024722249190e-08,2.609217823300929595e+01,5.240732698073600915e+01,8.675672226990112904e+03,1.451208573397893886e+01
7.238756645999447348e-03,2.508517295631307619e-08,2.611310783034045002e+01,5.242007194376155610e+01,8.674319377880472530e+03,1.449489686576985470e+01
7.238756645999447348e-03,2.508517295631307619e-08,2.611310783034045002e+01,5.242007194376155610e+01,8.674319377880472530e+03,1.449489686576985470e+01
7.238756645999447348e-03,2.508517295631307619e-08,2.611310783034045002e+01,5.242007194376155610e+01,8.674319377880472530e+03,1.449489686576985470e+01
7.238756645999447348e-03,2.508517295631307619e-08,2.611310783034045002e+01,5.242007194376155610e+01,8.674319377880472530e+03,1.449489686576985470e+01
7.238756645999447348e-03,2.508517295631307619e-08,2.611310783034045002e+01,5.242007194376155610e+01,8.674319377880472530e+03,1.449489686576985470e+01
7.238756645999447348e-03,2.508517295631307619e-08,2.611310783034045002e+01,5.242007194376155610e+01,8.674319377880472530e+03,1.449489686576985470e+01
7.238756645999447348e-03,2.508517295631307619e-08,2.611310783034045002e+01,5.242007194376155610e+01,8.674319377880472530e+03,1.449489686576985470e+01
7.238756645999447348e-03,2.508517295631307619e-08,2.611310783034045002e+01,5.242007194376155610e+01,8.674319377880472530e+03,1.449489686576985470e+01
7.238756645999447348e-03,2.508517295631307619e-08,2.611310783034045002e+01,5.242007194376155610e+01,8.674319377880472530e+03,1.449489686576985470e+01
7.238756645999447348e-03,2.508517295631307619e-08,2.611310783034045002e+01,5.242007194376155610e+01,8.674319377880472530e+03,1.449489686576985470e+01
7.238756645999447348e-03,2.508517295631307619e-08,2.611310783034045002e+01,5.242007194376155610e+01,8.674319377880472530e+03,1.449489686576985470e+01
7.238756645999447348e-03,2.508517295631307619e-08,2.611310783034045002e+01,5.242007194376155610e+01,8.674319377880472530e+03,1.449489686576985470e+01
7.238756645999447348e-03,2.508517295631307619e-08,2.611310783034045002e+01,5.242007194376155610e+01,8.674319377880472530e+03,1.449489686576985470e+01
7.238756645999447348e-03,2.508517295631307619e-08,2.611310783034045002e+01,5.242007194376155610e+01,8.674319377880472530e+03,1.449489686576985470e+01
7.238756645999447348e-03,2.508517295631307619e-08,2.611310783034045002e+01,5.242007194376155610e+01,8.674319377880472530e+03,1.449489686576985470e+01
7.238756645999447348e-03,2.508517295631307619e-08,2.611310783034045002e+01,5.242007194376155610e+01,8.674319377880472530e+03,1.449489686576985470e+01
7.238756645999447348e-03,2.508517295631307619e-08,2.611310783034045002e+01,5.242007194376155610e+01,8.674319377880472530e+03,1.449489686576985470e+01
7.231005384119397299e-03,2.510314073667612630e-08,2.603886959188716688e+01,5.237626857258000257e+01,8.665658989438967183e+03,1.451418271701809459e+01
7.231005384119397299e-03,2.510314073667612630e-08,2.603886959188716688e+01,5.237626857258000257e+01,8.665658989438967183e+03,1.451418271701809459e+01
7.231005384119397299e-03,2.510314073667612630e-08,2.603886959188716688e+01,5.237626857258000257e+01,8.665658989438967183e+03,1.451418271701809459e+01
7.231005384119397299e-03,2.510314073667612630e-08,2.603886959188716688e+01,5.237626857258000257e+01,8.665658989438967183e+03,1.451418271701809459e+01
7.231005384119397299e-03,2.510314073667612630e-08,2.603886959188716688e+01,5.237626857258000257e+01,8.665658989438967183e+03,1.451418271701809459e+01
7.219570073210205934e-03,2.514119295971533661e-08,2.594786166381596360e+01,5.234210946702661005e+01,8.662155698785305503e+03,1.456251168518277872e+01
7.219570073210205934e-03,2.514119295971533661e-08,2.594786166381596360e+01,5.234210946702661005e+01,8.662155698785305503e+03,1.456251168518277872e+01
7.219570073210205934e-03,2.514119295971533661e-08,2.594786166381596360e+01,5.234210946702661005e+01,8.662155698785305503e+03,1.456251168518277872e+01
7.219570073210205934e-03,2.514119295971533661e-08,2.594786166381596360e+01,5.234210946702661005e+01,8.662155698785305503e+03,1.456251168518277872e+01
7.219570073210205934e-03,2.514119295971533661e-08,2.594786166381596360e+01,5.234210946702661005e+01,8.662155698785305503e+03,1.456251168518277872e+01
7.219570073210205934e-03,2.514119295971533661e-08,2.594786166381596360e+01,5.234210946702661005e+01,8.662155698785305503e+03,1.456251168518277872e+01
7.219570073210205934e-03,2.514119295971533661e-08,2.594786166381596360e+01,5.234210946702661005e+01,8.662155698785305503e+03,1.456251168518277872e+01
7.219570073210205934e-03,2.514119295971533661e-08,2.594786166381596360e+01,5.234210946702661005e+01,8.662155698785305503e+03,1.456251168518277872e+01
7.219570073210205934e-03,2.514119295971533661e-08,2.594786166381596360e+01,5.234210946702661005e+01,8.662155698785305503e+03,1.456251168518277872e+01
7.219570073210205934e-03,2.514119295971533661e-08,2.594786166381596360e+01,5.234210946702661005e+01,8.662155698785305503e+03,1.456251168518277872e+01
7.219570073210205934e-03,2.514119295971533661e-08,2.594786166381596360e+01,5.234210946702661005e+01,8.662155698785305503e+03,1.456251168518277872e+01
7.219570073210205934e-03,2.514119295971533661e-08,2.594786166381596360e+01,5.234210946702661005e+01,8.662155698785305503e+03,1.456251168518277872e+01
7.249849871783373839e-03,2.507169565373988625e-08,2.617264945246645880e+01,5.245527214365072410e+01,8.678821120521688499e+03,1.447412338667486154e+01
7.249849871783373839e-03,2.507169565373988625e-08,2.617264945246645880e+01,5.245527214365072410e+01,8.678821120521688499e+03,1.447412338667486154e+01
7.249849871783373839e-03,2.507169565373988625e-08,2.617264945246645880e+01,5.245527214365072410e+01,8.678821120521688499e+03,1.447412338667486154e+01
7.249849871783373839e-03,2.507169565373988625e-08,2.617264945246645880e+01,5.245527214365072410e+01,8.678821120521688499e+03,1.447412338667486154e+01
7.249849871783373839e-03,2.507169565373988625e-08,2.617264945246645880e+01,5.245527214365072410e+01,8.678821120521688499e+03,1.447412338667486154e+01
7.249872002869155521e-03,2.507154337362984055e-08,2.617400154851974037e+01,5.245589058614008593e+01,8.679173674574742108e+03,1.447416076755450476e+01
7.249872002869155521e-03,2.507154337362984055e-08,2.617400154851974037e+01,5.245589058614008593e+01,8.679173674574742108e+03,1.447416076755450476e+01
7.249872002869155521e-03,2.507154337362984055e-08,2.617400154851974037e+01,5.245589058614008593e+01,8.679173674574742108e+03,1.447416076755450476e+01
7.249879298856100329e-03,2.507163740416024665e-08,2.617657481760951654e+01,5.245791665732091502e+01,8.679833223687272039e+03,1.447418628250311912e+01
7.249879298856100329e-03,2.507163740416024665e-08,2.617657481760951654e+01,5.245791665732091502e+01,8.679833223687272039e+03,1.447418628250311912e+01
7.250053773047776193e-03,2.507171938807489544e-08,2.619335590657865254e+01,5.246923779597965165e+01,8.683814420247512317e+03,1.447422537727334380e+01
7.250053773047776193e-03,2.507171938807489544e-08,2.619335590657865254e+01,5.246923779597965165e+01,8.683814420247512317e+03,1.447422537727334380e+01
7.250053773047776193e-03,2.507171938807489544e-08,2.619335590657865254e+01,5.246923779597965165e+01,8.683814420247512317e+03,1.447422537727334380e+01
7.250056125614042120e-03,2.507171995169729555e-08,2.619358497950105757e+01,5.246939016083453566e+01,8.683869838781685758e+03,1.447422722355669222e+01
7.250277944398055702e-03,2.507139003035811930e-08,2.620424090212198465e+01,5.247603387452772239e+01,8.686434887982859436e+03,1.447417928160470169e+01
7.250277305625821810e-03,2.507138985354228781e-08,2.620420879056727514e+01,5.247601334049039679e+01,8.686427401505785383e+03,1.447417894622117096e+01
7.250277305625821810e-03,2.507138985354228781e-08,2.620420879056727514e+01,5.247601334049039679e+01,8.686427401505785383e+03,1.447417894622117096e+01
7.250511414820336349e-03,2.507089645646582026e-08,2.620726863996256029e+01,5.247778820758384910e+01,8.686858045531520474e+03,1.447354082562339705e+01
7.250516262394000877e-03,2.507091222426234402e-08,2.620898410721119731e+01,5.247897670295957084e+01,8.687251836127346905e+03,1.447341710643387636e+01
7.250516262394000877e-03,2.507091222426234402e-08,2.620898410721119731e+01,5.247897670295957084e+01,8.687251836127346905e+03,1.447341710643387636e+01
7.250516262394000877e-03,2.507091222426234402e-08,2.620898410721119731e+01,5.247897670295957084e+01,8.687251836127346905e+03,1.447341710643387636e+01
7.250516262394000877e-03,2.507091222426234402e-08,2.620898410721119731e+01,5.247897670295957084e+01,8.687251836127346905e+03,1.447341710643387636e+01
7.250516262394000877e-03,2.507091222426234402e-08,2.620898410721119731e+01,5.247897670295957084e+01,8.687251836127346905e+03,1.447341710643387636e+01
7.250494097641633183e-03,2.507092885330315845e-08,2.620716738467870144e+01,5.247783228338862216e+01,8.686802563632232705e+03,1.447342620786906942e+01
7.250573957019221423e-03,2.507061208012684721e-08,2.620354642628575448e+01,5.247544981708649914e+01,8.685799029866770070e+03,1.447305779435069262e+01
7.250934792660497681e-03,2.507046962692983724e-08,2.620702154717464438e+01,5.247827380055151281e+01,8.686527326240420734e+03,1.447279769352378587e+01
7.250934792660497681e-03,2.507046962692983724e-08,2.620702154717464438e+01,5.247827380055151281e+01,8.686527326240420734e+03,1.447279769352378587e+01
7.250934792660497681e-03,2.507046962692983724e-08,2.620702154717464438e+01,5.247827380055151281e+01,8.686527326240420734e+03,1.447279769352378587e+01
7.250934792660497681e-03,2.507046962692983724e-08,2.620702154717464438e+01,5.247827380055151281e+01,8.686527326240420734e+03,1.447279769352378587e+01
7.251045449155066672e-03,2.507021799949345329e-08,2.620771382774023195e+01,5.247874833137784378e+01,8.686559065705745525e+03,1.447239417785655746e+01
7.250829138259379074e-03,2.507070791272785240e-08,2.620208713807904743e+01,5.247507657121708746e+01,8.685415042315005849e+03,1.447308953792639308e+01
7.252026508920639963e-03,2.506946625162458760e-08,2.622144829403998401e+01,5.248794388231785746e+01,8.688977250784282660e+03,1.447072624494390958e+01
7.252026508920639963e-03,2.506946625162458760e-08,2.622144829403998401e+01,5.248794388231785746e+01,8.688977250784282660e+03,1.447072624494390958e+01
7.252026508920639963e-03,2.506946625162458760e-08,2.622144829403998401e+01,5.248794388231785746e+01,8.688977250784282660e+03,1.447072624494390958e+01
7.252026508920639963e-03,2.506946625162458760e-08,2.622144829403998401e+01,5.248794388231785746e+01,8.688977250784282660e+03,1.447072624494390958e+01
7.252026508920639963e-03,2.506946625162458760e-08,2.622144829403998401e+01,5.248794388231785746e+01,8.688977250784282660e+03,1.447072624494390958e+01
7.252026508920639963e-03,2.506946625162458760e-08,2.622144829403998401e+01,5.248794388231785746e+01,8.688977250784282660e+03,1.447072624494390958e+01
7.252026508920639963e-03,2.506946625162458760e-08,2.622144829403998401e+01,5.248794388231785746e+01,8.688977250784282660e+03,1.447072624494390958e+01
7.252026508920639963e-03,2.506946625162458760e-08,2.622144829403998401e+01,5.248794388231785746e+01,8.688977250784282660e+03,1.447072624494390958e+01
7.252026508920639963e-03,2.506946625162458760e-08,2.622144829403998401e+01,5.248794388231785746e+01,8.688977250784282660e+03,1.447072624494390958e+01
7.252026508920639963e-03,2.506946625162458760e-08,2.622144829403998401e+01,5.248794388231785746e+01,8.688977250784282660e+03,1.447072624494390958e+01
7.252026508920639963e-03,2.506946625162458760e-08,2.622144829403998401e+01,5.248794388231785746e+01,8.688977250784282660e+03,1.447072624494390958e+01
7.252026508920639963e-03,2.506946625162458760e-08,2.622144829403998401e+01,5.248794388231785746e+01,8.688977250784282660e+03,1.447072624494390958e+01
7.252026508920639963e-03,2.506946625162458760e-08,2.622144829403998401e+01,5.248794388231785746e+01,8.688977250784282660e+03,1.447072624494390958e+01
7.257639732245098514e-03,2.508111715569293641e-08,2.625698135946781875e+01,5.253661245405223212e+01,8.700762226972363351e+03,1.449251210239179244e+01
7.257639732245098514e-03,2.508111715569293641e-08,2.625698135946781875e+01,5.253661245405223212e+01,8.700762226972363351e+03,1.449251210239179244e+01
7.258212554979151174e-03,2.507836947307365802e-08,2.625541926125401559e+01,5.253309026827082562e+01,8.699396734545834988e+03,1.448994060572777620e+01
7.258212554979151174e-03,2.507836947307365802e-08,2.625541926125401559e+01,5.253309026827082562e+01,8.699396734545834988e+03,1.448994060572777620e+01
7.258212554979151174e-03,2.507836947307365802e-08,2.625541926125401559e+01,5.253309026827082562e+01,8.699396734545834988e+03,1.448994060572777620e+01
7.258212554979151174e-03,2.507836947307365802e-08,2.625541926125401559e+01,5.253309026827082562e+01,8.699396734545834988e+03,1.448994060572777620e+01
7.258212554979151174e-03,2.507836947307365802e-08,2.625541926125401559e+01,5.253309026827082562e+01,8.699396734545834988e+03,1.448994060572777620e+01
7.258212554979151174e-03,2.507836947307365802e-08,2.625541926125401559e+01,5.253309026827082562e+01,8.699396734545834988e+03,1.448994060572777620e+01
7.258212554979151174e-03,2.507836947307365802e-08,2.625541926125401559e+01,5.253309026827082562e+01,8.699396734545834988e+03,1.448994060572777620e+01
7.258212554979151174e-03,2.507836947307365802e-08,2.625541926125401559e+01,5.253309026827082562e+01,8.699396734545834988e+03,1.448994060572777620e+01
7.258212554979151174e-03,2.507836947307365802e-08,2.625541926125401559e+01,5.253309026827082562e+01,8.699396734545834988e+03,1.448994060572777620e+01
7.258212554979151174e-03,2.507836947307365802e-08,2.625541926125401559e+01,5.253309026827082562e+01,8.699396734545834988e+03,1.448994060572777620e+01
7.266578108904688318e-03,2.508496696691542118e-08,2.633970450871911595e+01,5.261139739528456261e+01,8.720255920870533373e+03,1.450570592349983912e+01
7.266578108904688318e-03,2.508496696691542118e-08,2.633970450871911595e+01,5.261139739528456261e+01,8.720255920870533373e+03,1.450570592349983912e+01
7.266578108904688318e-03,2.508496696691542118e-08,2.633970450871911595e+01,5.261139739528456261e+01,8.720255920870533373e+03,1.450570592349983912e+01
7.266578108904688318e-03,2.508496696691542118e-08,2.633970450871911595e+01,5.261139739528456261e+01,8.720255920870533373e+03,1.450570592349983912e+01
7.221782349461852192e-03,2.511913040391229961e-08,2.636459185359842294e+01,5.261251577465787932e+01,8.754824984842654885e+03,1.455495057170602102e+01
7.221782349461852192e-03,2.511913040391229961e-08,2.636459185359842294e+01,5.261251577465787932e+01,8.754824984842654885e+03,1.455495057170602102e+01
7.221782349461852192e-03,2.511913040391229961e-08,2.636459185359842294e+01,5.261251577465787932e+01,8.754824984842654885e+03,1.455495057170602102e+01
7.221782349461852192e-03,2.511913040391229961e-08,2.636459185359842294e+01,5.261251577465787932e+01,8.754824984842654885e+03,1.455495057170602102e+01
7.221782349461852192e-03,2.511913040391229961e-08,2.636459185359842294e+01,5.261251577465787932e+01,8.754824984842654885e+03,1.455495057170602102e+01
7.221782349461852192e-03,2.511913040391229961e-08,2.636459185359842294e+01,5.261251577465787932e+01,8.754824984842654885e+03,1.455495057170602102e+01
7.221782349461852192e-03,2.511913040391229961e-08,2.636459185359842294e+01,5.261251577465787932e+01,8.754824984842654885e+03,1.455495057170602102e+01
7.221897881600807673e-03,2.511891621856316500e-08,2.636232839537660055e+01,5.261084917384831527e+01,8.754156338829396191e+03,1.455452666969654452e+01
7.221897881600807673e-03,2.511891621856316500e-08,2.636232839537660055e+01,5.261084917384831527e+01,8.754156338829396191e+03,1.455452666969654452e+01
7.221897881600807673e-03,2.511891621856316500e-08,2.636232839537660055e+01,5.261084917384831527e+01,8.754156338829396191e+03,1.455452666969654452e+01
7.221897881600807673e-03,2.511891621856316500e-08,2.636232839537660055e+01,5.261084917384831527e+01,8.754156338829396191e+03,1.455452666969654452e+01
7.221897881600807673e-03,2.511891621856316500e-08,2.636232839537660055e+01,5.261084917384831527e+01,8.754156338829396191e+03,1.455452666969654452e+01
7.221897881600807673e-03,2.511891621856316500e-08,2.636232839537660055e+01,5.261084917384831527e+01,8.754156338829396191e+03,1.455452666969654452e+01
7.221897881600807673e-03,2.511891621856316500e-08,2.636232839537660055e+01,5.261084917384831527e+01,8.754156338829396191e+03,1.455452666969654452e+01
7.221897881600807673e-03,2.511891621856316500e-08,2.636232839537660055e+01,5.261084917384831527e+01,8.754156338829396191e+03,1.455452666969654452e+01
7.231084819373716915e-03,2.510519524314787636e-08,2.636423056281229194e+01,5.259712730963968852e+01,8.745582015431853506e+03,1.453848865532178891e+01
7.231084819373716915e-03,2.510519524314787636e-08,2.636423056281229194e+01,5.259712730963968852e+01,8.745582015431853506e+03,1.453848865532178891e+01
7.231084819373716915e-03,2.510519524314787636e-08,2.636423056281229194e+01,5.259712730963968852e+01,8.745582015431853506e+03,1.453848865532178891e+01
7.231084819373716915e-03,2.510519524314787636e-08,2.636423056281229194e+01,5.259712730963968852e+01,8.745582015431853506e+03,1.453848865532178891e+01
7.231084819373716915e-03,2.510519524314787636e-08,2.636423056281229194e+01,5.259712730963968852e+01,8.745582015431853506e+03,1.453848865532178891e+01
7.225811473194146579e-03,2.510754685772389248e-08,2.641025200726343058e+01,5.262192179513451151e+01,8.758605071145531838e+03,1.454786164566617224e+01
7.225811473194146579e-03,2.510754685772389248e-08,2.641025200726343058e+01,5.262192179513451151e+01,8.758605071145531838e+03,1.454786164566617224e+01
7.225811473194146579e-03,2.510754685772389248e-08,2.641025200726343058e+01,5.262192179513451151e+01,8.758605071145531838e+03,1.454786164566617224e+01
7.225811473194146579e-03,2.510754685772389248e-08,2.641025200726343058e+01,5.262192179513451151e+01,8.758605071145531838e+03,1.454786164566617224e+01
7.225811473194146579e-03,2.510754685772389248e-08,2.641025200726343058e+01,5.262192179513451151e+01,8.758605071145531838e+03,1.454786164566617224e+01
7.225811473194146579e-03,2.510754685772389248e-08,2.641025200726343058e+01,5.262192179513451151e+01,8.758605071145531838e+03,1.454786164566617224e+01
7.225811473194146579e-03,2.510754685772389248e-08,2.641025200726343058e+01,5.262192179513451151e+01,8.758605071145531838e+03,1.454786164566617224e+01
7.225811473194146579e-03,2.510754685772389248e-08,2.641025200726343058e+01,5.262192179513451151e+01,8.758605071145531838e+03,1.454786164566617224e+01
7.225811473194146579e-03,2.510754685772389248e-08,2.641025200726343058e+01,5.262192179513451151e+01,8.758605071145531838e+03,1.454786164566617224e+01
7.225811473194146579e-03,2.510754685772389248e-08,2.641025200726343058e+01,5.262192179513451151e+01,8.758605071145531838e+03,1.454786164566617224e+01
7.249829643982971285e-03,2.507162501049660832e-08,2.617064541662962540e+01,5.245413690585127142e+01,8.678342892017697523e+03,1.447405850909342284e+01
7.249829643982971285e-03,2.507162501049660832e-08,2.617064541662962540e+01,5.245413690585127142e+01,8.678342892017697523e+03,1.447405850909342284e+01
7.249829643982971285e-03,2.507162501049660832e-08,2.617064541662962540e+01,5.245413690585127142e+01,8.678342892017697523e+03,1.447405850909342284e+01
7.249829643982971285e-03,2.507162501049660832e-08,2.617064541662962540e+01,5.245413690585127142e+01,8.678342892017697523e+03,1.447405850909342284e+01
7.249829643982971285e-03,2.507162501049660832e-08,2.617064541662962540e+01,5.245413690585127142e+01,8.678342892017697523e+03,1.447405850909342284e+01
7.249829643982971285e-03,2.507162501049660832e-08,2.617064541662962540e+01,5.245413690585127142e+01,8.678342892017697523e+03,1.447405850909342284e+01
7.249829643982971285e-03,2.507162501049660832e-08,2.617064541662962540e+01,5.245413690585127142e+01,8.678342892017697523e+03,1.447405850909342284e+01
7.249829643982971285e-03,2.507162501049660832e-08,2.617064541662962540e+01,5.245413690585127142e+01,8.678342892017697523e+03,1.447405850909342284e+01
7.249829643982971285e-03,2.507162501049660832e-08,2.617064541662962540e+01,5.245413690585127142e+01,8.678342892017697523e+03,1.447405850909342284e+01
7.249829643982971285e-03,2.507162501049660832e-08,2.617064541662962540e+01,5.245413690585127142e+01,8.678342892017697523e+03,1.447405850909342284e+01
7.249829643982971285e-03,2.507162501049660832e-08,2.617064541662962540e+01,5.245413690585127142e+01,8.678342892017697523e+03,1.447405850909342284e+01
7.249829643982971285e-03,2.507162501049660832e-08,2.617064541662962540e+01,5.245413690585127142e+01,8.678342892017697523e+03,1.447405850909342284e+01
7.249829643982971285e-03,2.507162501049660832e-08,2.617064541662962540e+01,5.245413690585127142e+01,8.678342892017697523e+03,1.447405850909342284e+01
7.249829643982971285e-03,2.507162501049660832e-08,2.617064541662962540e+01,5.245413690585127142e+01,8.678342892017697523e+03,1.447405850909342284e+01
7.249829643982971285e-03,2.507162501049660832e-08,2.617064541662962540e+01,5.245413690585127142e+01,8.678342892017697523e+03,1.447405850909342284e+01
7.249829643982971285e-03,2.507162501049660832e-08,2.617064541662962540e+01,5.245413690585127142e+01,8.678342892017697523e+03,1.447405850909342284e+01
7.249829643982971285e-03,2.507162501049660832e-08,2.617064541662962540e+01,5.245413690585127142e+01,8.678342892017697523e+03,1.447405850909342284e+01
7.249829643982971285e-03,2.507162501049660832e-08,2.617064541662962540e+01,5.245413690585127142e+01,8.678342892017697523e+03,1.447405850909342284e+01
7.249829643982971285e-03,2.507162501049660832e-08,2.617064541662962540e+01,5.245413690585127142e+01,8.678342892017697523e+03,1.447405850909342284e+01
7.249829643982971285e-03,2.507162501049660832e-08,2.617064541662962540e+01,5.245413690585127142e+01,8.678342892017697523e+03,1.447405850909342284e+01
7.249829643982971285e-03,2.507162501049660832e-08,2.617064541662962540e+01,5.245413690585127142e+01,8.678342892017697523e+03,1.447405850909342284e+01
7.249829643982971285e-03,2.507162501049660832e-08,2.617064541662962540e+01,5.245413690585127142e+01,8.678342892017697523e+03,1.447405850909342284e+01
7.249829643982971285e-03,2.507162501049660832e-08,2.617064541662962540e+01,5.245413690585127142e+01,8.678342892017697523e+03,1.447405850909342284e+01
7.249829643982971285e-03,2.507162501049660832e-08,2.617064541662962540e+01,5.245413690585127142e+01,8.678342892017697523e+03,1.447405850909342284e+01
7.249826326473762968e-03,2.507163685900301260e-08,2.617067026470249047e+01,5.245415158907194098e+01,8.678339294072771736e+03,1.447405187194971177e+01
7.249826326473762968e-03,2.507163685900301260e-08,2.617067026470249047e+01,5.245415158907194098e+01,8.678339294072771736e+03,1.447405187194971177e+01
7.249826326473762968e-03,2.507163685900301260e-08,2.617067026470249047e+01,5.245415158907194098e+01,8.678339294072771736e+03,1.447405187194971177e+01
7.249826326473762968e-03,2.507163685900301260e-08,2.617067026470249047e+01,5.245415158907194098e+01,8.678339294072771736e+03,1.447405187194971177e+01
7.249826326473762968e-03,2.507163685900301260e-08,2.617067026470249047e+01,5.245415158907194098e+01,8.678339294072771736e+03,1.447405187194971177e+01
7.249826326473762968e-03,2.507163685900301260e-08,2.617067026470249047e+01,5.245415158907194098e+01,8.678339294072771736e+03,1.447405187194971177e+01
7.249826326473762968e-03,2.507163685900301260e-08,2.617067026470249047e+01,5.245415158907194098e+01,8.678339294072771736e+03,1.447405187194971177e+01
7.249826326473762968e-03,2.507163685900301260e-08,2.617067026470249047e+01,5.245415158907194098e+01,8.678339294072771736e+03,1.447405187194971177e+01
7.249826326473762968e-03,2.507163685900301260e-08,2.617067026470249047e+01,5.245415158907194098e+01,8.678339294072771736e+03,1.447405187194971177e+01
7.249826326473762968e-03,2.507163685900301260e-08,2.617067026470249047e+01,5.245415158907194098e+01,8.678339294072771736e+03,1.447405187194971177e+01
7.249826326473762968e-03,2.507163685900301260e-08,2.617067026470249047e+01,5.245415158907194098e+01,8.678339294072771736e+03,1.447405187194971177e+01
7.249826326473762968e-03,2.507163685900301260e-08,2.617067026470249047e+01,5.245415158907194098e+01,8.678339294072771736e+03,1.447405187194971177e+01
7.249826326473762968e-03,2.507163685900301260e-08,2.617067026470249047e+01,5.245415158907194098e+01,8.678339294072771736e+03,1.447405187194971177e+01
7.249826326473762968e-03,2.507163685900301260e-08,2.617067026470249047e+01,5.245415158907194098e+01,8.678339294072771736e+03,1.447405187194971177e+01
7.249826326473762968e-03,2.507163685900301260e-08,2.617067026470249047e+01,5.245415158907194098e+01,8.678339294072771736e+03,1.447405187194971177e+01
7.249826326473762968e-03,2.507163685900301260e-08,2.617067026470249047e+01,5.245415158907194098e+01,8.678339294072771736e+03,1.447405187194971177e+01
7.249826326473762968e-03,2.507163685900301260e-08,2.617067026470249047e+01,5.245415158907194098e+01,8.678339294072771736e+03,1.447405187194971177e+01
7.249826326473762968e-03,2.507163685900301260e-08,2.617067026470249047e+01,5.245415158907194098e+01,8.678339294072771736e+03,1.447405187194971177e+01
7.249826326473762968e-03,2.507163685900301260e-08,2.617067026470249047e+01,5.245415158907194098e+01,8.678339294072771736e+03,1.447405187194971177e+01
7.249826326473762968e-03,2.507163685900301260e-08,2.617067026470249047e+01,5.245415158907194098e+01,8.678339294072771736e+03,1.447405187194971177e+01
7.244586114434647429e-03,2.507825055695566674e-08,2.616039934134737877e+01,5.244421174967552446e+01,8.680522929519100217e+03,1.448593879908190907e+01
7.244586114434647429e-03,2.507825055695566674e-08,2.616039934134737877e+01,5.244421174967552446e+01,8.680522929519100217e+03,1.448593879908190907e+01
7.244586114434647429e-03,2.507825055695566674e-08,2.616039934134737877e+01,5.244421174967552446e+01,8.680522929519100217e+03,1.448593879908190907e+01
7.244586114434647429e-03,2.507825055695566674e-08,2.616039934134737877e+01,5.244421174967552446e+01,8.680522929519100217e+03,1.448593879908190907e+01
7.244586114434647429e-03,2.507825055695566674e-08,2.616039934134737877e+01,5.244421174967552446e+01,8.680522929519100217e+03,1.448593879908190907e+01
7.244586114434647429e-03,2.507825055695566674e-08,2.616039934134737877e+01,5.244421174967552446e+01,8.680522929519100217e+03,1.448593879908190907e+01
7.244586114434647429e-03,2.507825055695566674e-08,2.616039934134737877e+01,5.244421174967552446e+01,8.680522929519100217e+03,1.448593879908190907e+01
7.244586114434647429e-03,2.507825055695566674e-08,2.616039934134737877e+01,5.244421174967552446e+01,8.680522929519100217e+03,1.448593879908190907e+01
7.244586114434647429e-03,2.507825055695566674e-08,2.616039934134737877e+01,5.244421174967552446e+01,8.680522929519100217e+03,1.448593879908190907e+01
7.244586114434647429e-03,2.507825055695566674e-08,2.616039934134737877e+01,5.244421174967552446e+01,8.680522929519100217e+03,1.448593879908190907e+01
7.244586114434647429e-03,2.507825055695566674e-08,2.616039934134737877e+01,5.244421174967552446e+01,8.680522929519100217e+03,1.448593879908190907e+01
7.244586114434647429e-03,2.507825055695566674e-08,2.616039934134737877e+01,5.244421174967552446e+01,8.680522929519100217e+03,1.448593879908190907e+01
7.244586114434647429e-03,2.507825055695566674e-08,2.616039934134737877e+01,5.244421174967552446e+01,8.680522929519100217e+03,1.448593879908190907e+01
7.244586114434647429e-03,2.507825055695566674e-08,2.616039934134737877e+01,5.244421174967552446e+01,8.680522929519100217e+03,1.448593879908190907e+01
7.244586114434647429e-03,2.507825055695566674e-08,2.616039934134737877e+01,5.244421174967552446e+01,8.680522929519100217e+03,1.448593879908190907e+01
7.244586114434647429e-03,2.507825055695566674e-08,2.616039934134737877e+01,5.244421174967552446e+01,8.680522929519100217e+03,1.448593879908190907e+01
7.244586114434647429e-03,2.507825055695566674e-08,2.616039934134737877e+01,5.244421174967552446e+01,8.680522929519100217e+03,1.448593879908190907e+01
7.244586114434647429e-03,2.507825055695566674e-08,2.616039934134737877e+01,5.244421174967552446e+01,8.680522929519100217e+03,1.448593879908190907e+01
7.244664796329692777e-03,2.507824610401886230e-08,2.616046076340149895e+01,5.244436333865402844e+01,8.680515180101614533e+03,1.448596746364790278e+01
7.244664796329692777e-03,2.507824610401886230e-08,2.616046076340149895e+01,5.244436333865402844e+01,8.680515180101614533e+03,1.448596746364790278e+01
7.244664796329692777e-03,2.507824610401886230e-08,2.616046076340149895e+01,5.244436333865402844e+01,8.680515180101614533e+03,1.448596746364790278e+01
7.244664796329692777e-03,2.507824610401886230e-08,2.616046076340149895e+01,5.244436333865402844e+01,8.680515180101614533e+03,1.448596746364790278e+01
7.244664796329692777e-03,2.507824610401886230e-08,2.616046076340149895e+01,5.244436333865402844e+01,8.680515180101614533e+03,1.448596746364790278e+01
7.244664796329692777e-03,2.507824610401886230e-08,2.616046076340149895e+01,5.244436333865402844e+01,8.680515180101614533e+03,1.448596746364790278e+01
7.244664796329692777e-03,2.507824610401886230e-08,2.616046076340149895e+01,5.244436333865402844e+01,8.680515180101614533e+03,1.448596746364790278e+01
7.244664796329692777e-03,2.507824610401886230e-08,2.616046076340149895e+01,5.244436333865402844e+01,8.680515180101614533e+03,1.448596746364790278e+01
7.244664796329692777e-03,2.507824610401886230e-08,2.616046076340149895e+01,5.244436333865402844e+01,8.680515180101614533e+03,1.448596746364790278e+01
7.244664796329692777e-03,2.507824610401886230e-08,2.616046076340149895e+01,5.244436333865402844e+01,8.680515180101614533e+03,1.448596746364790278e+01
7.244664796329692777e-03,2.507824610401886230e-08,2.616046076340149895e+01,5.244436333865402844e+01,8.680515180101614533e+03,1.448596746364790278e+01
7.244664796329692777e-03,2.507824610401886230e-08,2.616046076340149895e+01,5.244436333865402844e+01,8.680515180101614533e+03,1.448596746364790278e+01
7.244664796329692777e-03,2.507824610401886230e-08,2.616046076340149895e+01,5.244436333865402844e+01,8.680515180101614533e+03,1.448596746364790278e+01
7.244664796329692777e-03,2.507824610401886230e-08,2.616046076340149895e+01,5.244436333865402844e+01,8.680515180101614533e+03,1.448596746364790278e+01
7.294468880357085974e-03,2.487188311242353160e-08,2.631741027679266054e+01,5.235621855466470009e+01,8.605491170243434681e+03,1.419805834578211368e+01
7.294468880357085974e-03,2.487188311242353160e-08,2.631741027679266054e+01,5.235621855466470009e+01,8.605491170243434681e+03,1.419805834578211368e+01
7.294468880357085974e-03,2.487188311242353160e-08,2.631741027679266054e+01,5.235621855466470009e+01,8.605491170243434681e+03,1.419805834578211368e+01
7.294468880357085974e-03,2.487188311242353160e-08,2.631741027679266054e+01,5.235621855466470009e+01,8.605491170243434681e+03,1.419805834578211368e+01
7.294468880357085974e-03,2.487188311242353160e-08,2.631741027679266054e+01,5.235621855466470009e+01,8.605491170243434681e+03,1.419805834578211368e+01
7.294468880357085974e-03,2.487188311242353160e-08,2.631741027679266054e+01,5.235621855466470009e+01,8.605491170243434681e+03,1.419805834578211368e+01
7.294468880357085974e-03,2.487188311242353160e-08,2.631741027679266054e+01,5.235621855466470009e+01,8.605491170243434681e+03,1.419805834578211368e+01
7.294468880357085974e-03,2.487188311242353160e-08,2.631741027679266054e+01,5.235621855466470009e+01,8.605491170243434681e+03,1.419805834578211368e+01
7.294468880357085974e-03,2.487188311242353160e-08,2.631741027679266054e+01,5.235621855466470009e+01,8.605491170243434681e+03,1.419805834578211368e+01
7.294468880357085974e-03,2.487188311242353160e-08,2.631741027679266054e+01,5.235621855466470009e+01,8.605491170243434681e+03,1.419805834578211368e+01
7.294468880357085974e-03,2.487188311242353160e-08,2.631741027679266054e+01,5.235621855466470009e+01,8.605491170243434681e+03,1.419805834578211368e+01
7.300244116792784649e-03,2.485700259043216035e-08,2.631859703458438204e+01,5.234666879899694436e+01,8.598121347177626376e+03,1.418099953426946946e+01
7.021192666235121643e-03,2.515124398101449405e-08,2.699098877579692868e+01,5.266879009598594763e+01,9.126023026269198454e+03,1.424436777423982825e+01
7.021192666235121643e-03,2.515124398101449405e-08,2.699098877579692868e+01,5.266879009598594763e+01,9.126023026269198454e+03,1.424436777423982825e+01
7.249756724286725643e-03,2.507170392550112896e-08,2.617109641778863960e+01,5.245415958277653345e+01,8.678557580405391491e+03,1.447453254896009156e+01
7.249756724286725643e-03,2.507170392550112896e-08,2.617109641778863960e+01,5.245415958277653345e+01,8.678557580405391491e+03,1.447453254896009156e+01
7.249756724286725643e-03,2.507170392550112896e-08,2.617109641778863960e+01,5.245415958277653345e+01,8.678557580405391491e+03,1.447453254896009156e+01
7.249756724286725643e-03,2.507170392550112896e-08,2.617109641778863960e+01,5.245415958277653345e+01,8.678557580405391491e+03,1.447453254896009156e+01
7.249756724286725643e-03,2.507170392550112896e-08,2.617109641778863960e+01,5.245415958277653345e+01,8.678557580405391491e+03,1.447453254896009156e+01
7.249756724286725643e-03,2.507170392550112896e-08,2.617109641778863960e+01,5.245415958277653345e+01,8.678557580405391491e+03,1.447453254896009156e+01
7.249756724286725643e-03,2.507170392550112896e-08,2.617109641778863960e+01,5.245415958277653345e+01,8.678557580405391491e+03,1.447453254896009156e+01
7.249756724286725643e-03,2.507170392550112896e-08,2.617109641778863960e+01,5.245415958277653345e+01,8.678557580405391491e+03,1.447453254896009156e+01
7.249756724286725643e-03,2.507170392550112896e-08,2.617109641778863960e+01,5.245415958277653345e+01,8.678557580405391491e+03,1.447453254896009156e+01
7.249756724286725643e-03,2.507170392550112896e-08,2.617109641778863960e+01,5.245415958277653345e+01,8.678557580405391491e+03,1.447453254896009156e+01
7.249756724286725643e-03,2.507170392550112896e-08,2.617109641778863960e+01,5.245415958277653345e+01,8.678557580405391491e+03,1.447453254896009156e+01
7.249756724286725643e-03,2.507170392550112896e-08,2.617109641778863960e+01,5.245415958277653345e+01,8.678557580405391491e+03,1.447453254896009156e+01
7.249756724286725643e-03,2.507170392550112896e-08,2.617109641778863960e+01,5.245415958277653345e+01,8.678557580405391491e+03,1.447453254896009156e+01
7.249756724286725643e-03,2.507170392550112896e-08,2.617109641778863960e+01,5.245415958277653345e+01,8.678557580405391491e+03,1.447453254896009156e+01
7.247128055240030682e-03,2.507730759113926339e-08,2.616475475863007816e+01,5.244806254607317442e+01,8.680656389371473779e+03,1.448560019141660327e+01
7.247128055240030682e-03,2.507730759113926339e-08,2.616475475863007816e+01,5.244806254607317442e+01,8.680656389371473779e+03,1.448560019141660327e+01
7.247128055240030682e-03,2.507730759113926339e-08,2.616475475863007816e+01,5.244806254607317442e+01,8.680656389371473779e+03,1.448560019141660327e+01
7.247128055240030682e-03,2.507730759113926339e-08,2.616475475863007816e+01,5.244806254607317442e+01,8.680656389371473779e+03,1.448560019141660327e+01
7.247128055240030682e-03,2.507730759113926339e-08,2.616475475863007816e+01,5.244806254607317442e+01,8.680656389371473779e+03,1.448560019141660327e+01
7.247128055240030682e-03,2.507730759113926339e-08,2.616475475863007816e+01,5.244806254607317442e+01,8.680656389371473779e+03,1.448560019141660327e+01
7.247128055240030682e-03,2.507730759113926339e-08,2.616475475863007816e+01,5.244806254607317442e+01,8.680656389371473779e+03,1.448560019141660327e+01
7.247128710803315763e-03,2.507730619645300833e-08,2.616475618148352922e+01,5.244806403161359754e+01,8.680655817535696769e+03,1.448559730962135994e+01
7.247128710803315763e-03,2.507730619645300833e-08,2.616475618148352922e+01,5.244806403161359754e+01,8.680655817535696769e+03,1.448559730962135994e+01
7.247173946977668139e-03,2.507721595371851633e-08,2.616485209821039248e+01,5.244815904159335673e+01,8.680617650473435788e+03,1.448541385533469494e+01
7.247173946977668139e-03,2.507721595371851633e-08,2.616485209821039248e+01,5.244815904159335673e+01,8.680617650473435788e+03,1.448541385533469494e+01
7.247173946977668139e-03,2.507721595371851633e-08,2.616485209821039248e+01,5.244815904159335673e+01,8.680617650473435788e+03,1.448541385533469494e+01
7.247173946977668139e-03,2.507721595371851633e-08,2.616485209821039248e+01,5.244815904159335673e+01,8.680617650473435788e+03,1.448541385533469494e+01
7.247173946977668139e-03,2.507721595371851633e-08,2.616485209821039248e+01,5.244815904159335673e+01,8.680617650473435788e+03,1.448541385533469494e+01
7.247173946977668139e-03,2.507721595371851633e-08,2.616485209821039248e+01,5.244815904159335673e+01,8.680617650473435788e+03,1.448541385533469494e+01
7.247173946977668139e-03,2.507721595371851633e-08,2.616485209821039248e+01,5.244815904159335673e+01,8.680617650473435788e+03,1.448541385533469494e+01
7.247173946977668139e-03,2.507721595371851633e-08,2.616485209821039248e+01,5.244815904159335673e+01,8.680617650473435788e+03,1.448541385533469494e+01
7.247173946977668139e-03,2.507721595371851633e-08,2.616485209821039248e+01,5.244815904159335673e+01,8.680617650473435788e+03,1.448541385533469494e+01
7.247173946977668139e-03,2.507721595371851633e-08,2.616485209821039248e+01,5.244815904159335673e+01,8.680617650473435788e+03,1.448541385533469494e+01
7.247395776194352941e-03,2.507724621823141727e-08,2.616521871625975493e+01,5.244881390419197942e+01,8.680748302904024968e+03,1.448560132465636840e+01
7.247395776194352941e-03,2.507724621823141727e-08,2.616521871625975493e+01,5.244881390419197942e+01,8.680748302904024968e+03,1.448560132465636840e+01
7.247395776194352941e-03,2.507724621823141727e-08,2.616521871625975493e+01,5.244881390419197942e+01,8.680748302904024968e+03,1.448560132465636840e+01
7.247395776194352941e-03,2.507724621823141727e-08,2.616521871625975493e+01,5.244881390419197942e+01,8.680748302904024968e+03,1.448560132465636840e+01
7.247395776194352941e-03,2.507724621823141727e-08,2.616521871625975493e+01,5.244881390419197942e+01,8.680748302904024968e+03,1.448560132465636840e+01
7.247395776194352941e-03,2.507724621823141727e-08,2.616521871625975493e+01,5.244881390419197942e+01,8.680748302904024968e+03,1.448560132465636840e+01
7.247395776194352941e-03,2.507724621823141727e-08,2.616521871625975493e+01,5.244881390419197942e+01,8.680748302904024968e+03,1.448560132465636840e+01
7.245429861554818218e-03,2.507675809538696672e-08,2.616439034987632084e+01,5.244511467952766282e+01,8.680742425399399508e+03,1.448398602570403781e+01
7.245429861554818218e-03,2.507675809538696672e-08,2.616439034987632084e+01,5.244511467952766282e+01,8.680742425399399508e+03,1.448398602570403781e+01
7.244592568371348469e-03,2.507914703433734883e-08,2.616194794493399201e+01,5.244414541143721209e+01,8.680733090918642120e+03,1.448693084699955946e+01
7.244592568371348469e-03,2.507914703433734883e-08,2.616194794493399201e+01,5.244414541143721209e+01,8.680733090918642120e+03,1.448693084699955946e+01
7.244592568371348469e-03,2.507914703433734883e-08,2.616194794493399201e+01,5.244414541143721209e+01,8.680733090918642120e+03,1.448693084699955946e+01
7.245006937294039273e-03,2.506599518354028641e-08,2.616611495623939732e+01,5.243972601479574536e+01,8.676165187206584960e+03,1.446140187812352274e+01
7.245006937294039273e-03,2.506599518354028641e-08,2.616611495623939732e+01,5.243972601479574536e+01,8.676165187206584960e+03,1.446140187812352274e+01
7.245006937294039273e-03,2.506599518354028641e-08,2.616611495623939732e+01,5.243972601479574536e+01,8.676165187206584960e+03,1.446140187812352274e+01
7.245006937294039273e-03,2.506599518354028641e-08,2.616611495623939732e+01,5.243972601479574536e+01,8.676165187206584960e+03,1.446140187812352274e+01
7.245006937294039273e-03,2.506599518354028641e-08,2.616611495623939732e+01,5.243972601479574536e+01,8.676165187206584960e+03,1.446140187812352274e+01
7.245006937294039273e-03,2.506599518354028641e-08,2.616611495623939732e+01,5.243972601479574536e+01,8.676165187206584960e+03,1.446140187812352274e+01
7.245006937294039273e-03,2.506599518354028641e-08,2.616611495623939732e+01,5.243972601479574536e+01,8.676165187206584960e+03,1.446140187812352274e+01
7.241155049673253345e-03,2.505995621613032635e-08,2.620924686354924660e+01,5.245777511721970399e+01,8.684153460962512327e+03,1.444027928309790987e+01
7.241155049673253345e-03,2.505995621613032635e-08,2.620924686354924660e+01,5.245777511721970399e+01,8.684153460962512327e+03,1.444027928309790987e+01
7.241155049673253345e-03,2.505995621613032635e-08,2.620924686354924660e+01,5.245777511721970399e+01,8.684153460962512327e+03,1.444027928309790987e+01
7.241155049673253345e-03,2.505995621613032635e-08,2.620924686354924660e+01,5.245777511721970399e+01,8.684153460962512327e+03,1.444027928309790987e+01
7.241155049673253345e-03,2.505995621613032635e-08,2.620924686354924660e+01,5.245777511721970399e+01,8.684153460962512327e+03,1.444027928309790987e+01
7.235421972765623821e-03,2.506797408069485178e-08,2.621138162546209927e+01,5.245540577522835690e+01,8.686805132189085271e+03,1.444291282649464137e+01
7.235421972765623821e-03,2.506797408069485178e-08,2.621138162546209927e+01,5.245540577522835690e+01,8.686805132189085271e+03,1.444291282649464137e+01
7.235421972765623821e-03,2.506797408069485178e-08,2.621138162546209927e+01,5.245540577522835690e+01,8.686805132189085271e+03,1.444291282649464137e+01
7.235421972765623821e-03,2.506797408069485178e-08,2.621138162546209927e+01,5.245540577522835690e+01,8.686805132189085271e+03,1.444291282649464137e+01
7.235421972765623821e-03,2.506797408069485178e-08,2.621138162546209927e+01,5.245540577522835690e+01,8.686805132189085271e+03,1.444291282649464137e+01
7.235421972765623821e-03,2.506797408069485178e-08,2.621138162546209927e+01,5.245540577522835690e+01,8.686805132189085271e+03,1.444291282649464137e+01
7.235421972765623821e-03,2.506797408069485178e-08,2.621138162546209927e+01,5.245540577522835690e+01,8.686805132189085271e+03,1.444291282649464137e+01
7.253206766463842804e-03,2.502823373851220672e-08,2.621912301002558721e+01,5.244369684473200266e+01,8.673037380998881417e+03,1.441908404699241331e+01
7.253689835870402204e-03,2.502800324876720581e-08,2.621992067594784359e+01,5.244393681561675891e+01,8.672596347467895612e+03,1.441900965662638789e+01
7.253689835870402204e-03,2.502800324876720581e-08,2.621992067594784359e+01,5.244393681561675891e+01,8.672596347467895612e+03,1.441900965662638789e+01
7.253689835870402204e-03,2.502800324876720581e-08,2.621992067594784359e+01,5.244393681561675891e+01,8.672596347467895612e+03,1.441900965662638789e+01
7.253689835870402204e-03,2.502800324876720581e-08,2.621992067594784359e+01,5.244393681561675891e+01,8.672596347467895612e+03,1.441900965662638789e+01
7.253689835870402204e-03,2.502800324876720581e-08,2.621992067594784359e+01,5.244393681561675891e+01,8.672596347467895612e+03,1.441900965662638789e+01
7.253689835870402204e-03,2.502800324876720581e-08,2.621992067594784359e+01,5.244393681561675891e+01,8.672596347467895612e+03,1.441900965662638789e+01
7.253689835870402204e-03,2.502800324876720581e-08,2.621992067594784359e+01,5.244393681561675891e+01,8.672596347467895612e+03,1.441900965662638789e+01
7.253689835870402204e-03,2.502800324876720581e-08,2.621992067594784359e+01,5.244393681561675891e+01,8.672596347467895612e+03,1.441900965662638789e+01
7.253689835870402204e-03,2.502800324876720581e-08,2.621992067594784359e+01,5.244393681561675891e+01,8.672596347467895612e+03,1.441900965662638789e+01
7.253689835870402204e-03,2.502800324876720581e-08,2.621992067594784359e+01,5.244393681561675891e+01,8.672596347467895612e+03,1.441900965662638789e+01
7.253689835870402204e-03,2.502800324876720581e-08,2.621992067594784359e+01,5.244393681561675891e+01,8.672596347467895612e+03,1.441900965662638789e+01
7.253689835870402204e-03,2.502800324876720581e-08,2.621992067594784359e+01,5.244393681561675891e+01,8.672596347467895612e+03,1.441900965662638789e+01
7.253689835870402204e-03,2.502800324876720581e-08,2.621992067594784359e+01,5.244393681561675891e+01,8.672596347467895612e+03,1.441900965662638789e+01
7.258327703977975054e-03,2.502457057181894536e-08,2.622295924067439898e+01,5.244732347693651775e+01,8.669962761208096708e+03,1.441695190384784375e+01
7.258327703977975054e-03,2.502457057181894536e-08,2.622295924067439898e+01,5.244732347693651775e+01,8.669962761208096708e+03,1.441695190384784375e+01
7.259052096245145747e-03,2.502378056566247131e-08,2.622230867317496816e+01,5.244672052210546553e+01,8.669140417526949022e+03,1.441645251135468975e+01
7.259052096245145747e-03,2.502378056566247131e-08,2.622230867317496816e+01,5.244672052210546553e+01,8.669140417526949022e+03,1.441645251135468975e+01
7.259052096245145747e-03,2.502378056566247131e-08,2.622230867317496816e+01,5.244672052210546553e+01,8.669140417526949022e+03,1.441645251135468975e+01
7.259052096245145747e-03,2.502378056566247131e-08,2.622230867317496816e+01,5.244672052210546553e+01,8.669140417526949022e+03,1.441645251135468975e+01
7.259052096245145747e-03,2.502378056566247131e-08,2.622230867317496816e+01,5.244672052210546553e+01,8.669140417526949022e+03,1.441645251135468975e+01
7.259052096245145747e-03,2.502378056566247131e-08,2.622230867317496816e+01,5.244672052210546553e+01,8.669140417526949022e+03,1.441645251135468975e+01
7.179275186096305619e-03,2.514238547102384647e-08,2.641704828307560504e+01,5.259996032453748427e+01,8.837086059777426271e+03,1.448231053017331682e+01
7.069929520756467432e-03,2.531471895185517184e-08,2.669050186915938028e+01,5.287051351384860709e+01,9.071860639702470507e+03,1.453934432007809896e+01
7.069929520756467432e-03,2.531471895185517184e-08,2.669050186915938028e+01,5.287051351384860709e+01,9.071860639702470507e+03,1.453934432007809896e+01
7.069929520756467432e-03,2.531471895185517184e-08,2.669050186915938028e+01,5.287051351384860709e+01,9.071860639702470507e+03,1.453934432007809896e+01
7.249884419667434327e-03,2.507166041607734912e-08,2.617088925640014807e+01,5.245422323322458169e+01,8.678349011804641123e+03,1.447417331638024329e+01
7.249884419667434327e-03,2.507166041607734912e-08,2.617088925640014807e+01,5.245422323322458169e+01,8.678349011804641123e+03,1.447417331638024329e+01
7.249884419667434327e-03,2.507166041607734912e-08,2.617088925640014807e+01,5.245422323322458169e+01,8.678349011804641123e+03,1.447417331638024329e+01
7.249884419667434327e-03,2.507166041607734912e-08,2.617088925640014807e+01,5.245422323322458169e+01,8.678349011804641123e+03,1.447417331638024329e+01
7.249884419667434327e-03,2.507166041607734912e-08,2.617088925640014807e+01,5.245422323322458169e+01,8.678349011804641123e+03,1.447417331638024329e+01
7.249884419667434327e-03,2.507166041607734912e-08,2.617088925640014807e+01,5.245422323322458169e+01,8.678349011804641123e+03,1.447417331638024329e+01
7.249884419667434327e-03,2.507166041607734912e-08,2.617088925640014807e+01,5.245422323322458169e+01,8.678349011804641123e+03,1.447417331638024329e+01
7.249884419667434327e-03,2.507166041607734912e-08,2.617088925640014807e+01,5.245422323322458169e+01,8.678349011804641123e+03,1.447417331638024329e+01
7.249884419667434327e-03,2.507166041607734912e-08,2.617088925640014807e+01,5.245422323322458169e+01,8.678349011804641123e+03,1.447417331638024329e+01
7.249836973986384554e-03,2.507307627372237951e-08,2.616880081844631434e+01,5.245646998937039029e+01,8.678180952321594305e+03,1.447473122469039630e+01
7.248025943061111795e-03,2.507788365259752391e-08,2.616350093477879923e+01,5.245427090312273322e+01,8.679317596876908283e+03,1.448200480932907475e+01
7.248059106205568050e-03,2.507778185651100536e-08,2.616362271996895572e+01,5.245426340716326052e+01,8.679308108234552492e+03,1.448190987460342427e+01
7.248059106205568050e-03,2.507778185651100536e-08,2.616362271996895572e+01,5.245426340716326052e+01,8.679308108234552492e+03,1.448190987460342427e+01
7.248059106205568050e-03,2.507778185651100536e-08,2.616362271996895572e+01,5.245426340716326052e+01,8.679308108234552492e+03,1.448190987460342427e+01
7.248059106205568050e-03,2.507778185651100536e-08,2.616362271996895572e+01,5.245426340716326052e+01,8.679308108234552492e+03,1.448190987460342427e+01
7.248059106205568050e-03,2.507778185651100536e-08,2.616362271996895572e+01,5.245426340716326052e+01,8.679308108234552492e+03,1.448190987460342427e+01
7.248059106205568050e-03,2.507778185651100536e-08,2.616362271996895572e+01,5.245426340716326052e+01,8.679308108234552492e+03,1.448190987460342427e+01
7.248059106205568050e-03,2.507778185651100536e-08,2.616362271996895572e+01,5.245426340716326052e+01,8.679308108234552492e+03,1.448190987460342427e+01
7.248059106205568050e-03,2.507778185651100536e-08,2.616362271996895572e+01,5.245426340716326052e+01,8.679308108234552492e+03,1.448190987460342427e+01
7.247446800387353887e-03,2.508021585737563243e-08,2.616122300291975122e+01,5.245463398273174960e+01,8.679819985144773455e+03,1.448514831899578681e+01
7.247737725804047695e-03,2.507925621531613715e-08,2.616158912821959248e+01,5.245402177697501855e+01,8.679554630117712804e+03,1.448430250983081180e+01
7.247770769894465621e-03,2.507913298422160441e-08,2.616173403083852378e+01,5.245402200256645386e+01,8.679535107591171254e+03,1.448413473886920499e+01
7.247770769894465621e-03,2.507913298422160441e-08,2.616173403083852378e+01,5.245402200256645386e+01,8.679535107591171254e+03,1.448413473886920499e+01
7.247770769894465621e-03,2.507913298422160441e-08,2.616173403083852378e+01,5.245402200256645386e+01,8.679535107591171254e+03,1.448413473886920499e+01
7.247770769894465621e-03,2.507913298422160441e-08,2.616173403083852378e+01,5.245402200256645386e+01,8.679535107591171254e+03,1.448413473886920499e+01
7.247770769894465621e-03,2.507913298422160441e-08,2.616173403083852378e+01,5.245402200256645386e+01,8.679535107591171254e+03,1.448413473886920499e+01
7.247770769894465621e-03,2.507913298422160441e-08,2.616173403083852378e+01,5.245402200256645386e+01,8.679535107591171254e+03,1.448413473886920499e+01
7.247770769894465621e-03,2.507913298422160441e-08,2.616173403083852378e+01,5.245402200256645386e+01,8.679535107591171254e+03,1.448413473886920499e+01
7.247770769894465621e-03,2.507913298422160441e-08,2.616173403083852378e+01,5.245402200256645386e+01,8.679535107591171254e+03,1.448413473886920499e+01
7.247770769894465621e-03,2.507913298422160441e-08,2.616173403083852378e+01,5.245402200256645386e+01,8.679535107591171254e+03,1.448413473886920499e+01
7.247770769894465621e-03,2.507913298422160441e-08,2.616173403083852378e+01,5.245402200256645386e+01,8.679535107591171254e+03,1.448413473886920499e+01
7.247770769894465621e-03,2.507913298422160441e-08,2.616173403083852378e+01,5.245402200256645386e+01,8.679535107591171254e+03,1.448413473886920499e+01
7.247216246339610937e-03,2.508111072254129566e-08,2.615939903213669382e+01,5.245419521953546393e+01,8.679824987965817854e+03,1.448681142917783227e+01
7.247216246339610937e-03,2.508111072254129566e-08,2.615939903213669382e+01,5.245419521953546393e+01,8.679824987965817854e+03,1.448681142917783227e+01
7.247216246339610937e-03,2.508111072254129566e-08,2.615939903213669382e+01,5.245419521953546393e+01,8.679824987965817854e+03,1.448681142917783227e+01
7.247216246339610937e-03,2.508111072254129566e-08,2.615939903213669382e+01,5.245419521953546393e+01,8.679824987965817854e+03,1.448681142917783227e+01
7.247216246339610937e-03,2.508111072254129566e-08,2.615939903213669382e+01,5.245419521953546393e+01,8.679824987965817854e+03,1.448681142917783227e+01
7.247216246339610937e-03,2.508111072254129566e-08,2.615939903213669382e+01,5.245419521953546393e+01,8.679824987965817854e+03,1.448681142917783227e+01
7.247216246339610937e-03,2.508111072254129566e-08,2.615939903213669382e+01,5.245419521953546393e+01,8.679824987965817854e+03,1.448681142917783227e+01
7.247216246339610937e-03,2.508111072254129566e-08,2.615939903213669382e+01,5.245419521953546393e+01,8.679824987965817854e+03,1.448681142917783227e+01
7.247216246339610937e-03,2.508111072254129566e-08,2.615939903213669382e+01,5.245419521953546393e+01,8.679824987965817854e+03,1.448681142917783227e+01
7.247216246339610937e-03,2.508111072254129566e-08,2.615939903213669382e+01,5.245419521953546393e+01,8.679824987965817854e+03,1.448681142917783227e+01
7.247216246339610937e-03,2.508111072254129566e-08,2.615939903213669382e+01,5.245419521953546393e+01,8.679824987965817854e+03,1.448681142917783227e+01
7.247216246339610937e-03,2.508111072254129566e-08,2.615939903213669382e+01,5.245419521953546393e+01,8.679824987965817854e+03,1.448681142917783227e+01
7.247216246339610937e-03,2.508111072254129566e-08,2.615939903213669382e+01,5.245419521953546393e+01,8.679824987965817854e+03,1.448681142917783227e+01
7.247216246339610937e-03,2.508111072254129566e-08,2.615939903213669382e+01,5.245419521953546393e+01,8.679824987965817854e+03,1.448681142917783227e+01
7.247216246339610937e-03,2.508111072254129566e-08,2.615939903213669382e+01,5.245419521953546393e+01,8.679824987965817854e+03,1.448681142917783227e+01
7.247216246339610937e-03,2.508111072254129566e-08,2.615939903213669382e+01,5.245419521953546393e+01,8.679824987965817854e+03,1.448681142917783227e+01
7.247216246339610937e-03,2.508111072254129566e-08,2.615939903213669382e+01,5.245419521953546393e+01,8.679824987965817854e+03,1.448681142917783227e+01
7.247216246339610937e-03,2.508111072254129566e-08,2.615939903213669382e+01,5.245419521953546393e+01,8.679824987965817854e+03,1.448681142917783227e+01
7.247216246339610937e-03,2.508111072254129566e-08,2.615939903213669382e+01,5.245419521953546393e+01,8.679824987965817854e+03,1.448681142917783227e+01
7.247216246339610937e-03,2.508111072254129566e-08,2.615939903213669382e+01,5.245419521953546393e+01,8.679824987965817854e+03,1.448681142917783227e+01
7.247216246339610937e-03,2.508111072254129566e-08,2.615939903213669382e+01,5.245419521953546393e+01,8.679824987965817854e+03,1.448681142917783227e+01
7.247216246339610937e-03,2.508111072254129566e-08,2.615939903213669382e+01,5.245419521953546393e+01,8.679824987965817854e+03,1.448681142917783227e+01
7.236144843915390604e-03,2.510139969706260978e-08,2.607916287065629746e+01,5.241195569395865306e+01,8.672603325183337802e+03,1.450982301787938233e+01
7.236144843915390604e-03,2.510139969706260978e-08,2.607916287065629746e+01,5.241195569395865306e+01,8.672603325183337802e+03,1.450982301787938233e+01
7.236144843915390604e-03,2.510139969706260978e-08,2.607916287065629746e+01,5.241195569395865306e+01,8.672603325183337802e+03,1.450982301787938233e+01
7.236144843915390604e-03,2.510139969706260978e-08,2.607916287065629746e+01,5.241195569395865306e+01,8.672603325183337802e+03,1.450982301787938233e+01
7.236144843915390604e-03,2.510139969706260978e-08,2.607916287065629746e+01,5.241195569395865306e+01,8.672603325183337802e+03,1.450982301787938233e+01
7.236511743965707774e-03,2.509138764820053290e-08,2.608629185031573883e+01,5.240599437020265583e+01,8.671995881930910400e+03,1.450197527737911685e+01
7.236511743965707774e-03,2.509138764820053290e-08,2.608629185031573883e+01,5.240599437020265583e+01,8.671995881930910400e+03,1.450197527737911685e+01
7.235968011152737328e-03,2.509287077564482850e-08,2.608838764386498354e+01,5.240847402907508723e+01,8.673184783828157379e+03,1.450304424257530123e+01
7.235968011152737328e-03,2.509287077564482850e-08,2.608838764386498354e+01,5.240847402907508723e+01,8.673184783828157379e+03,1.450304424257530123e+01
7.235968011152737328e-03,2.509287077564482850e-08,2.608838764386498354e+01,5.240847402907508723e+01,8.673184783828157379e+03,1.450304424257530123e+01
7.235968011152737328e-03,2.509287077564482850e-08,2.608838764386498354e+01,5.240847402907508723e+01,8.673184783828157379e+03,1.450304424257530123e+01
7.235968011152737328e-03,2.509287077564482850e-08,2.608838764386498354e+01,5.240847402907508723e+01,8.673184783828157379e+03,1.450304424257530123e+01
7.235968011152737328e-03,2.509287077564482850e-08,2.608838764386498354e+01,5.240847402907508723e+01,8.673184783828157379e+03,1.450304424257530123e+01
7.235968011152737328e-03,2.509287077564482850e-08,2.608838764386498354e+01,5.240847402907508723e+01,8.673184783828157379e+03,1.450304424257530123e+01
7.235968011152737328e-03,2.509287077564482850e-08,2.608838764386498354e+01,5.240847402907508723e+01,8.673184783828157379e+03,1.450304424257530123e+01
7.235968011152737328e-03,2.509287077564482850e-08,2.608838764386498354e+01,5.240847402907508723e+01,8.673184783828157379e+03,1.450304424257530123e+01
7.235968011152737328e-03,2.509287077564482850e-08,2.608838764386498354e+01,5.240847402907508723e+01,8.673184783828157379e+03,1.450304424257530123e+01
7.235968011152737328e-03,2.509287077564482850e-08,2.608838764386498354e+01,5.240847402907508723e+01,8.673184783828157379e+03,1.450304424257530123e+01
7.235968011152737328e-03,2.509287077564482850e-08,2.608838764386498354e+01,5.240847402907508723e+01,8.673184783828157379e+03,1.450304424257530123e+01
7.232077170379517736e-03,2.509669262584822711e-08,2.608370620029005948e+01,5.240522426520269761e+01,8.675231978207828433e+03,1.450615092442642506e+01
7.116741030712817051e-03,2.528998389117194797e-08,2.610701320193318509e+01,5.253692686242492726e+01,8.818869640603110383e+03,1.457399871581367812e+01
7.116741030712817051e-03,2.528998389117194797e-08,2.610701320193318509e+01,5.253692686242492726e+01,8.818869640603110383e+03,1.457399871581367812e+01
7.116741030712817051e-03,2.528998389117194797e-08,2.610701320193318509e+01,5.253692686242492726e+01,8.818869640603110383e+03,1.457399871581367812e+01
7.116741030712817051e-03,2.528998389117194797e-08,2.610701320193318509e+01,5.253692686242492726e+01,8.818869640603110383e+03,1.457399871581367812e+01
7.112324432191734387e-03,2.530059648381972994e-08,2.610173985695864829e+01,5.254148281745492000e+01,8.824307484435190418e+03,1.458358739563895767e+01
7.112324432191734387e-03,2.530059648381972994e-08,2.610173985695864829e+01,5.254148281745492000e+01,8.824307484435190418e+03,1.458358739563895767e+01
7.123146823736521173e-03,2.528474513680702684e-08,2.610613035372256263e+01,5.253724145252726885e+01,8.813739220489191212e+03,1.457689651053305369e+01
7.123146823736521173e-03,2.528474513680702684e-08,2.610613035372256263e+01,5.253724145252726885e+01,8.813739220489191212e+03,1.457689651053305369e+01
7.105557463741148105e-03,2.531480251764652221e-08,2.609053157899537823e+01,5.255116142614589592e+01,8.831600738245162574e+03,1.458772051836061578e+01
7.105557463741148105e-03,2.531480251764652221e-08,2.609053157899537823e+01,5.255116142614589592e+01,8.831600738245162574e+03,1.458772051836061578e+01
7.100294048636226173e-03,2.531973731337149873e-08,2.606824087167856163e+01,5.253490757935309574e+01,8.829005044500960139e+03,1.459749690397769761e+01
7.100294048636226173e-03,2.531973731337149873e-08,2.606824087167856163e+01,5.253490757935309574e+01,8.829005044500960139e+03,1.459749690397769761e+01
7.100294048636226173e-03,2.531973731337149873e-08,2.606824087167856163e+01,5.253490757935309574e+01,8.829005044500960139e+03,1.459749690397769761e+01
7.100294048636226173e-03,2.531973731337149873e-08,2.606824087167856163e+01,5.253490757935309574e+01,8.829005044500960139e+03,1.459749690397769761e+01
7.100294048636226173e-03,2.531973731337149873e-08,2.606824087167856163e+01,5.253490757935309574e+01,8.829005044500960139e+03,1.459749690397769761e+01
7.100294048636226173e-03,2.531973731337149873e-08,2.606824087167856163e+01,5.253490757935309574e+01,8.829005044500960139e+03,1.459749690397769761e+01
7.250013061848218851e-03,2.507114602253321071e-08,2.617183514251013321e+01,5.245305756508246020e+01,8.678365389358261382e+03,1.447472312663279048e+01
7.250044656969686745e-03,2.507100932730233486e-08,2.617211986960460735e+01,5.245280257461814699e+01,8.678358284724783516e+03,1.447486309511730873e+01
7.250044656969686745e-03,2.507100932730233486e-08,2.617211986960460735e+01,5.245280257461814699e+01,8.678358284724783516e+03,1.447486309511730873e+01
7.250044656969686745e-03,2.507100932730233486e-08,2.617211986960460735e+01,5.245280257461814699e+01,8.678358284724783516e+03,1.447486309511730873e+01
7.250045074929205302e-03,2.507100806631465864e-08,2.617212380794523341e+01,5.245279845178829703e+01,8.678358260575430904e+03,1.447486524183077705e+01
7.250045074929205302e-03,2.507100806631465864e-08,2.617212380794523341e+01,5.245279845178829703e+01,8.678358260575430904e+03,1.447486524183077705e+01
7.250045074929205302e-03,2.507100806631465864e-08,2.617212380794523341e+01,5.245279845178829703e+01,8.678358260575430904e+03,1.447486524183077705e+01
7.250045074929205302e-03,2.507100806631465864e-08,2.617212380794523341e+01,5.245279845178829703e+01,8.678358260575430904e+03,1.447486524183077705e+01
7.250045074929205302e-03,2.507100806631465864e-08,2.617212380794523341e+01,5.245279845178829703e+01,8.678358260575430904e+03,1.447486524183077705e+01
7.250045074929205302e-03,2.507100806631465864e-08,2.617212380794523341e+01,5.245279845178829703e+01,8.678358260575430904e+03,1.447486524183077705e+01
7.250245989940178222e-03,2.507065255189429080e-08,2.617224680867579778e+01,5.245325215808583863e+01,8.678655138007474307e+03,1.447511358615851584e+01
7.250305508374282198e-03,2.507088844784654609e-08,2.617187221697385269e+01,5.245375572884274362e+01,8.678665492605636246e+03,1.447548165370149142e+01
7.250237562775957434e-03,2.507096148917823355e-08,2.617165290850563864e+01,5.245375311521264905e+01,8.678610303136174480e+03,1.447530937996244838e+01
7.250237562775957434e-03,2.507096148917823355e-08,2.617165290850563864e+01,5.245375311521264905e+01,8.678610303136174480e+03,1.447530937996244838e+01
7.250411907019655572e-03,2.507057278538197433e-08,2.617207920297952128e+01,5.245339732768599106e+01,8.678778456201151130e+03,1.447608070365155086e+01
7.250411907019655572e-03,2.507057278538197433e-08,2.617207920297952128e+01,5.245339732768599106e+01,8.678778456201151130e+03,1.447608070365155086e+01
7.250411907019655572e-03,2.507057278538197433e-08,2.617207920297952128e+01,5.245339732768599106e+01,8.678778456201151130e+03,1.447608070365155086e+01
7.250411907019655572e-03,2.507057278538197433e-08,2.617207920297952128e+01,5.245339732768599106e+01,8.678778456201151130e+03,1.447608070365155086e+01
7.250411907019655572e-03,2.507057278538197433e-08,2.617207920297952128e+01,5.245339732768599106e+01,8.678778456201151130e+03,1.447608070365155086e+01
7.250411030187570334e-03,2.507057436983495640e-08,2.617207704386282430e+01,5.245339844136701402e+01,8.678777800293286418e+03,1.447607765833091698e+01
7.250451681085103885e-03,2.507030762801358742e-08,2.616500413939857239e+01,5.244831222219734457e+01,8.677080116932991587e+03,1.447641622504498038e+01
7.251760040352344186e-03,2.506742541939640467e-08,2.616618955565522242e+01,5.244741881244498671e+01,8.675970665726059451e+03,1.447420760343458923e+01
7.251760040352344186e-03,2.506742541939640467e-08,2.616618955565522242e+01,5.244741881244498671e+01,8.675970665726059451e+03,1.447420760343458923e+01
7.252343499214500971e-03,2.506600147173297504e-08,2.616587080343393623e+01,5.244657923155616430e+01,8.675342941325328866e+03,1.447335929980150304e+01
7.252343499214500971e-03,2.506600147173297504e-08,2.616587080343393623e+01,5.244657923155616430e+01,8.675342941325328866e+03,1.447335929980150304e+01
7.254121027387039344e-03,2.506234569948956243e-08,2.616563935558885134e+01,5.244492325398513799e+01,8.673839800980171276e+03,1.447115244640648335e+01
7.255511193847351444e-03,2.505998733530159195e-08,2.617240322831647958e+01,5.244879185416113643e+01,8.674439764879323775e+03,1.446930630160135856e+01
7.255511193847351444e-03,2.505998733530159195e-08,2.617240322831647958e+01,5.244879185416113643e+01,8.674439764879323775e+03,1.446930630160135856e+01
7.262122815626746893e-03,2.504878018768338416e-08,2.620457834646778039e+01,5.246718465157999134e+01,8.677292183861087324e+03,1.446053410893848579e+01
7.262122815626746893e-03,2.504878018768338416e-08,2.620457834646778039e+01,5.246718465157999134e+01,8.677292183861087324e+03,1.446053410893848579e+01
7.262122815626746893e-03,2.504878018768338416e-08,2.620457834646778039e+01,5.246718465157999134e+01,8.677292183861087324e+03,1.446053410893848579e+01
7.262122815626746893e-03,2.504878018768338416e-08,2.620457834646778039e+01,5.246718465157999134e+01,8.677292183861087324e+03,1.446053410893848579e+01
7.262122815626746893e-03,2.504878018768338416e-08,2.620457834646778039e+01,5.246718465157999134e+01,8.677292183861087324e+03,1.446053410893848579e+01
7.262122815626746893e-03,2.504878018768338416e-08,2.620457834646778039e+01,5.246718465157999134e+01,8.677292183861087324e+03,1.446053410893848579e+01
7.262122815626746893e-03,2.504878018768338416e-08,2.620457834646778039e+01,5.246718465157999134e+01,8.677292183861087324e+03,1.446053410893848579e+01
7.262122815626746893e-03,2.504878018768338416e-08,2.620457834646778039e+01,5.246718465157999134e+01,8.677292183861087324e+03,1.446053410893848579e+01
7.262122815626746893e-03,2.504878018768338416e-08,2.620457834646778039e+01,5.246718465157999134e+01,8.677292183861087324e+03,1.446053410893848579e+01
7.262122815626746893e-03,2.504878018768338416e-08,2.620457834646778039e+01,5.246718465157999134e+01,8.677292183861087324e+03,1.446053410893848579e+01
7.262122815626746893e-03,2.504878018768338416e-08,2.620457834646778039e+01,5.246718465157999134e+01,8.677292183861087324e+03,1.446053410893848579e+01
7.262122815626746893e-03,2.504878018768338416e-08,2.620457834646778039e+01,5.246718465157999134e+01,8.677292183861087324e+03,1.446053410893848579e+01
7.262122815626746893e-03,2.504878018768338416e-08,2.620457834646778039e+01,5.246718465157999134e+01,8.677292183861087324e+03,1.446053410893848579e+01
7.262122815626746893e-03,2.504878018768338416e-08,2.620457834646778039e+01,5.246718465157999134e+01,8.677292183861087324e+03,1.446053410893848579e+01
7.261225143220245183e-03,2.504980825991190864e-08,2.620078353106877955e+01,5.246484581135280933e+01,8.677034986846409083e+03,1.446140915429939611e+01
7.261225143220245183e-03,2.504980825991190864e-08,2.620078353106877955e+01,5.246484581135280933e+01,8.677034986846409083e+03,1.446140915429939611e+01
7.261326850178812138e-03,2.504968436693775433e-08,2.620227850393684932e+01,5.246575964635813705e+01,8.677247560951136620e+03,1.446114328691598594e+01
7.263108836566298764e-03,2.504507760363419339e-08,2.620955569865762413e+01,5.246814635678678940e+01,8.677077407593111275e+03,1.445740702280588152e+01
7.267754232449827149e-03,2.503267655709400203e-08,2.622943068847767378e+01,5.247449569067576647e+01,8.676698605190074886e+03,1.444720319374821749e+01
7.263154034932857786e-03,2.504411359469164016e-08,2.622057711720932360e+01,5.247377614968498705e+01,8.679489312002773659e+03,1.445738647577075042e+01
7.263475177575333917e-03,2.504284374618914613e-08,2.622105479352864066e+01,5.247243987465500936e+01,8.679020534238379696e+03,1.445678525582294327e+01
7.263475177575333917e-03,2.504284374618914613e-08,2.622105479352864066e+01,5.247243987465500936e+01,8.679020534238379696e+03,1.445678525582294327e+01
7.263475177575333917e-03,2.504284374618914613e-08,2.622105479352864066e+01,5.247243987465500936e+01,8.679020534238379696e+03,1.445678525582294327e+01
7.264013303668777344e-03,2.504136417977612487e-08,2.622259302094602873e+01,5.247266753326742617e+01,8.678701349729470166e+03,1.445471651372436739e+01
7.264013303668777344e-03,2.504136417977612487e-08,2.622259302094602873e+01,5.247266753326742617e+01,8.678701349729470166e+03,1.445471651372436739e+01
7.264013303668777344e-03,2.504136417977612487e-08,2.622259302094602873e+01,5.247266753326742617e+01,8.678701349729470166e+03,1.445471651372436739e+01
7.264013303668777344e-03,2.504136417977612487e-08,2.622259302094602873e+01,5.247266753326742617e+01,8.678701349729470166e+03,1.445471651372436739e+01
7.264013303668777344e-03,2.504136417977612487e-08,2.622259302094602873e+01,5.247266753326742617e+01,8.678701349729470166e+03,1.445471651372436739e+01
7.267221663757743137e-03,2.504312706881524836e-08,2.622835089347008264e+01,5.248320857751953383e+01,8.678967761837755461e+03,1.445553247770980398e+01
7.267221663757743137e-03,2.504312706881524836e-08,2.622835089347008264e+01,5.248320857751953383e+01,8.678967761837755461e+03,1.445553247770980398e+01
7.267221663757743137e-03,2.504312706881524836e-08,2.622835089347008264e+01,5.248320857751953383e+01,8.678967761837755461e+03,1.445553247770980398e+01
7.267221663757743137e-03,2.504312706881524836e-08,2.622835089347008264e+01,5.248320857751953383e+01,8.678967761837755461e+03,1.445553247770980398e+01
7.267221663757743137e-03,2.504312706881524836e-08,2.622835089347008264e+01,5.248320857751953383e+01,8.678967761837755461e+03,1.445553247770980398e+01
7.267221663757743137e-03,2.504312706881524836e-08,2.622835089347008264e+01,5.248320857751953383e+01,8.678967761837755461e+03,1.445553247770980398e+01
7.267221663757743137e-03,2.504312706881524836e-08,2.622835089347008264e+01,5.248320857751953383e+01,8.678967761837755461e+03,1.445553247770980398e+01
7.267221663757743137e-03,2.504312706881524836e-08,2.622835089347008264e+01,5.248320857751953383e+01,8.678967761837755461e+03,1.445553247770980398e+01
7.270369951221114513e-03,2.504067437665052216e-08,2.623002746859778256e+01,5.248595533613858066e+01,8.678194083394291738e+03,1.445677946269163705e+01
7.270369951221114513e-03,2.504067437665052216e-08,2.623002746859778256e+01,5.248595533613858066e+01,8.678194083394291738e+03,1.445677946269163705e+01
7.270369951221114513e-03,2.504067437665052216e-08,2.623002746859778256e+01,5.248595533613858066e+01,8.678194083394291738e+03,1.445677946269163705e+01
7.273055941918673759e-03,2.504115011605558452e-08,2.626019613443633816e+01,5.249330071887147398e+01,8.686229082987581933e+03,1.447224849891598097e+01
7.273055941918673759e-03,2.504115011605558452e-08,2.626019613443633816e+01,5.249330071887147398e+01,8.686229082987581933e+03,1.447224849891598097e+01
7.273055941918673759e-03,2.504115011605558452e-08,2.626019613443633816e+01,5.249330071887147398e+01,8.686229082987581933e+03,1.447224849891598097e+01
7.273055941918673759e-03,2.504115011605558452e-08,2.626019613443633816e+01,5.249330071887147398e+01,8.686229082987581933e+03,1.447224849891598097e+01
7.273055941918673759e-03,2.504115011605558452e-08,2.626019613443633816e+01,5.249330071887147398e+01,8.686229082987581933e+03,1.447224849891598097e+01
7.273055941918673759e-03,2.504115011605558452e-08,2.626019613443633816e+01,5.249330071887147398e+01,8.686229082987581933e+03,1.447224849891598097e+01
7.273055941918673759e-03,2.504115011605558452e-08,2.626019613443633816e+01,5.249330071887147398e+01,8.686229082987581933e+03,1.447224849891598097e+01
7.273055941918673759e-03,2.504115011605558452e-08,2.626019613443633816e+01,5.249330071887147398e+01,8.686229082987581933e+03,1.447224849891598097e+01
7.273055941918673759e-03,2.504115011605558452e-08,2.626019613443633816e+01,5.249330071887147398e+01,8.686229082987581933e+03,1.447224849891598097e+01
7.389950706597993822e-03,2.493958993126796345e-08,2.619153233709980100e+01,5.245264750580870583e+01,8.583586982047509082e+03,1.443730312843412378e+01
7.389950706597993822e-03,2.493958993126796345e-08,2.619153233709980100e+01,5.245264750580870583e+01,8.583586982047509082e+03,1.443730312843412378e+01
7.389950706597993822e-03,2.493958993126796345e-08,2.619153233709980100e+01,5.245264750580870583e+01,8.583586982047509082e+03,1.443730312843412378e+01
7.389950706597993822e-03,2.493958993126796345e-08,2.619153233709980100e+01,5.245264750580870583e+01,8.583586982047509082e+03,1.443730312843412378e+01
7.389950706597993822e-03,2.493958993126796345e-08,2.619153233709980100e+01,5.245264750580870583e+01,8.583586982047509082e+03,1.443730312843412378e+01
7.389950706597993822e-03,2.493958993126796345e-08,2.619153233709980100e+01,5.245264750580870583e+01,8.583586982047509082e+03,1.443730312843412378e+01
7.389950706597993822e-03,2.493958993126796345e-08,2.619153233709980100e+01,5.245264750580870583e+01,8.583586982047509082e+03,1.443730312843412378e+01
7.389950706597993822e-03,2.493958993126796345e-08,2.619153233709980100e+01,5.245264750580870583e+01,8.583586982047509082e+03,1.443730312843412378e+01
7.389950706597993822e-03,2.493958993126796345e-08,2.619153233709980100e+01,5.245264750580870583e+01,8.583586982047509082e+03,1.443730312843412378e+01
7.389950706597993822e-03,2.493958993126796345e-08,2.619153233709980100e+01,5.245264750580870583e+01,8.583586982047509082e+03,1.443730312843412378e+01
7.512950750140027362e-03,2.479693063617527304e-08,2.637134701438666085e+01,5.253589099717284938e+01,8.529074693937212942e+03,1.431644326179147164e+01
7.641268559367007246e-03,2.475402141509390350e-08,2.640234835932305302e+01,5.263927381063925282e+01,8.485530133644437228e+03,1.438482333011784853e+01
7.641268559367007246e-03,2.475402141509390350e-08,2.640234835932305302e+01,5.263927381063925282e+01,8.485530133644437228e+03,1.438482333011784853e+01
7.641268559367007246e-03,2.475402141509390350e-08,2.640234835932305302e+01,5.263927381063925282e+01,8.485530133644437228e+03,1.438482333011784853e+01
7.249829255003238312e-03,2.507127397898913727e-08,2.616984076341120158e+01,5.245297330790205592e+01,8.678220231838811742e+03,1.447409387648014523e+01
7.249829255003238312e-03,2.507127397898913727e-08,2.616984076341120158e+01,5.245297330790205592e+01,8.678220231838811742e+03,1.447409387648014523e+01
7.249829255003238312e-03,2.507127397898913727e-08,2.616984076341120158e+01,5.245297330790205592e+01,8.678220231838811742e+03,1.447409387648014523e+01
7.249829255003238312e-03,2.507127397898913727e-08,2.616984076341120158e+01,5.245297330790205592e+01,8.678220231838811742e+03,1.447409387648014523e+01
7.249829255003238312e-03,2.507127397898913727e-08,2.616984076341120158e+01,5.245297330790205592e+01,8.678220231838811742e+03,1.447409387648014523e+01
7.249829255003238312e-03,2.507127397898913727e-08,2.616984076341120158e+01,5.245297330790205592e+01,8.678220231838811742e+03,1.447409387648014523e+01
7.249829255003238312e-03,2.507127397898913727e-08,2.616984076341120158e+01,5.245297330790205592e+01,8.678220231838811742e+03,1.447409387648014523e+01
7.249827540300691694e-03,2.507126350651437779e-08,2.616982197589659265e+01,5.245295461984301966e+01,8.678216740138377645e+03,1.447409620760129734e+01
7.249827540300691694e-03,2.507126350651437779e-08,2.616982197589659265e+01,5.245295461984301966e+01,8.678216740138377645e+03,1.447409620760129734e+01
7.249827540300691694e-03,2.507126350651437779e-08,2.616982197589659265e+01,5.245295461984301966e+01,8.678216740138377645e+03,1.447409620760129734e+01
7.249827540300691694e-03,2.507126350651437779e-08,2.616982197589659265e+01,5.245295461984301966e+01,8.678216740138377645e+03,1.447409620760129734e+01
7.249827540300691694e-03,2.507126350651437779e-08,2.616982197589659265e+01,5.245295461984301966e+01,8.678216740138377645e+03,1.447409620760129734e+01
7.249827540300691694e-03,2.507126350651437779e-08,2.616982197589659265e+01,5.245295461984301966e+01,8.678216740138377645e+03,1.447409620760129734e+01
7.249827540300691694e-03,2.507126350651437779e-08,2.616982197589659265e+01,5.245295461984301966e+01,8.678216740138377645e+03,1.447409620760129734e+01
7.249827540300691694e-03,2.507126350651437779e-08,2.616982197589659265e+01,5.245295461984301966e+01,8.678216740138377645e+03,1.447409620760129734e+01
7.249827540300691694e-03,2.507126350651437779e-08,2.616982197589659265e+01,5.245295461984301966e+01,8.678216740138377645e+03,1.447409620760129734e+01
7.249827540300691694e-03,2.507126350651437779e-08,2.616982197589659265e+01,5.245295461984301966e+01,8.678216740138377645e+03,1.447409620760129734e+01
7.249827540300691694e-03,2.507126350651437779e-08,2.616982197589659265e+01,5.245295461984301966e+01,8.678216740138377645e+03,1.447409620760129734e+01
7.249827540300691694e-03,2.507126350651437779e-08,2.616982197589659265e+01,5.245295461984301966e+01,8.678216740138377645e+03,1.447409620760129734e+01
7.249827540300691694e-03,2.507126350651437779e-08,2.616982197589659265e+01,5.245295461984301966e+01,8.678216740138377645e+03,1.447409620760129734e+01
7.249827540300691694e-03,2.507126350651437779e-08,2.616982197589659265e+01,5.245295461984301966e+01,8.678216740138377645e+03,1.447409620760129734e+01
7.249827540300691694e-03,2.507126350651437779e-08,2.616982197589659265e+01,5.245295461984301966e+01,8.678216740138377645e+03,1.447409620760129734e+01
7.249827540300691694e-03,2.507126350651437779e-08,2.616982197589659265e+01,5.245295461984301966e+01,8.678216740138377645e+03,1.447409620760129734e+01
7.249827540300691694e-03,2.507126350651437779e-08,2.616982197589659265e+01,5.245295461984301966e+01,8.678216740138377645e+03,1.447409620760129734e+01
7.251260249248102016e-03,2.506789011664716492e-08,2.617245104173347059e+01,5.245498101586708373e+01,8.677180135579779744e+03,1.446989229121836829e+01
7.251260249248102016e-03,2.506789011664716492e-08,2.617245104173347059e+01,5.245498101586708373e+01,8.677180135579779744e+03,1.446989229121836829e+01
7.251260249248102016e-03,2.506789011664716492e-08,2.617245104173347059e+01,5.245498101586708373e+01,8.677180135579779744e+03,1.446989229121836829e+01
7.251260249248102016e-03,2.506789011664716492e-08,2.617245104173347059e+01,5.245498101586708373e+01,8.677180135579779744e+03,1.446989229121836829e+01
7.253547718762525139e-03,2.506614911674193754e-08,2.617742064149246417e+01,5.246052239553162622e+01,8.676650660611872809e+03,1.446555179585645945e+01
7.253547718762525139e-03,2.506614911674193754e-08,2.617742064149246417e+01,5.246052239553162622e+01,8.676650660611872809e+03,1.446555179585645945e+01
7.253547718762525139e-03,2.506614911674193754e-08,2.617742064149246417e+01,5.246052239553162622e+01,8.676650660611872809e+03,1.446555179585645945e+01
7.253514725076889123e-03,2.506628219618928633e-08,2.617738067384035361e+01,5.246052160814181065e+01,8.676690891353127881e+03,1.446567469659866134e+01
7.253475402474169123e-03,2.506625279214630268e-08,2.617733035473616354e+01,5.246042066786199598e+01,8.676665869244226997e+03,1.446559056498966278e+01
7.253475402474169123e-03,2.506625279214630268e-08,2.617733035473616354e+01,5.246042066786199598e+01,8.676665869244226997e+03,1.446559056498966278e+01
7.253475402474169123e-03,2.506625279214630268e-08,2.617733035473616354e+01,5.246042066786199598e+01,8.676665869244226997e+03,1.446559056498966278e+01
7.253475402474169123e-03,2.506625279214630268e-08,2.617733035473616354e+01,5.246042066786199598e+01,8.676665869244226997e+03,1.446559056498966278e+01
7.253475402474169123e-03,2.506625279214630268e-08,2.617733035473616354e+01,5.246042066786199598e+01,8.676665869244226997e+03,1.446559056498966278e+01
7.253475402474169123e-03,2.506625279214630268e-08,2.617733035473616354e+01,5.246042066786199598e+01,8.676665869244226997e+03,1.446559056498966278e+01
7.253475447813749304e-03,2.506625271840563923e-08,2.617733043459122300e+01,5.246042075386390025e+01,8.676665842278167474e+03,1.446559044301157826e+01
7.259923097024992798e-03,2.506267582602178194e-08,2.619198158524950415e+01,5.247519041266534856e+01,8.676965435645333855e+03,1.446079602518989660e+01
7.262705862950255900e-03,2.506197171087284141e-08,2.619712318750369207e+01,5.248066954447867261e+01,8.676657964761725452e+03,1.446062720748213515e+01
7.262705862950255900e-03,2.506197171087284141e-08,2.619712318750369207e+01,5.248066954447867261e+01,8.676657964761725452e+03,1.446062720748213515e+01
7.262697358835944715e-03,2.506200571801467341e-08,2.619702155415978595e+01,5.248068667770329654e+01,8.676674795529899711e+03,1.446066735319529073e+01
7.262652017668495656e-03,2.506276921615293158e-08,2.619660158592078147e+01,5.248141645078715811e+01,8.677105479870508134e+03,1.446144166259811925e+01
7.266675559045560930e-03,2.505786424265111802e-08,2.621032982187504246e+01,5.249473478827701456e+01,8.677459693463060830e+03,1.445407055553947373e+01
7.266675559045560930e-03,2.505786424265111802e-08,2.621032982187504246e+01,5.249473478827701456e+01,8.677459693463060830e+03,1.445407055553947373e+01
7.266675559045560930e-03,2.505786424265111802e-08,2.621032982187504246e+01,5.249473478827701456e+01,8.677459693463060830e+03,1.445407055553947373e+01
7.266675559045560930e-03,2.505786424265111802e-08,2.621032982187504246e+01,5.249473478827701456e+01,8.677459693463060830e+03,1.445407055553947373e+01
7.266675559045560930e-03,2.505786424265111802e-08,2.621032982187504246e+01,5.249473478827701456e+01,8.677459693463060830e+03,1.445407055553947373e+01
7.266675559045560930e-03,2.505786424265111802e-08,2.621032982187504246e+01,5.249473478827701456e+01,8.677459693463060830e+03,1.445407055553947373e+01
7.265295238272796198e-03,2.505673700750562795e-08,2.620412849479200545e+01,5.248405679729886941e+01,8.676829610477492679e+03,1.445762472457764325e+01
7.264044414783174704e-03,2.505710451446006592e-08,2.620460927816946750e+01,5.248363853382173971e+01,8.677272198077884241e+03,1.445730957950814854e+01
7.264044414783174704e-03,2.505710451446006592e-08,2.620460927816946750e+01,5.248363853382173971e+01,8.677272198077884241e+03,1.445730957950814854e+01
7.268233837387051005e-03,2.503738004921570110e-08,2.621723280224905395e+01,5.249435445893641372e+01,8.671507173196434451e+03,1.442856500966865241e+01
7.276040889229206006e-03,2.502431128551619775e-08,2.621749598427804173e+01,5.249050398678230067e+01,8.662514831112192041e+03,1.441947624029280739e+01
7.276040889229206006e-03,2.502431128551619775e-08,2.621749598427804173e+01,5.249050398678230067e+01,8.662514831112192041e+03,1.441947624029280739e+01
7.276040889229206006e-03,2.502431128551619775e-08,2.621749598427804173e+01,5.249050398678230067e+01,8.662514831112192041e+03,1.441947624029280739e+01
7.276040889229206006e-03,2.502431128551619775e-08,2.621749598427804173e+01,5.249050398678230067e+01,8.662514831112192041e+03,1.441947624029280739e+01
7.276040889229206006e-03,2.502431128551619775e-08,2.621749598427804173e+01,5.249050398678230067e+01,8.662514831112192041e+03,1.441947624029280739e+01
7.271252891164524737e-03,2.502935188357665319e-08,2.619402477607035706e+01,5.250222858728176334e+01,8.670953822596839018e+03,1.442176206788590953e+01
7.271252891164524737e-03,2.502935188357665319e-08,2.619402477607035706e+01,5.250222858728176334e+01,8.670953822596839018e+03,1.442176206788590953e+01
7.271252891164524737e-03,2.502935188357665319e-08,2.619402477607035706e+01,5.250222858728176334e+01,8.670953822596839018e+03,1.442176206788590953e+01
7.271252891164524737e-03,2.502935188357665319e-08,2.619402477607035706e+01,5.250222858728176334e+01,8.670953822596839018e+03,1.442176206788590953e+01
7.271252891164524737e-03,2.502935188357665319e-08,2.619402477607035706e+01,5.250222858728176334e+01,8.670953822596839018e+03,1.442176206788590953e+01
7.271252891164524737e-03,2.502935188357665319e-08,2.619402477607035706e+01,5.250222858728176334e+01,8.670953822596839018e+03,1.442176206788590953e+01
7.271252891164524737e-03,2.502935188357665319e-08,2.619402477607035706e+01,5.250222858728176334e+01,8.670953822596839018e+03,1.442176206788590953e+01
7.271252891164524737e-03,2.502935188357665319e-08,2.619402477607035706e+01,5.250222858728176334e+01,8.670953822596839018e+03,1.442176206788590953e+01
7.271252891164524737e-03,2.502935188357665319e-08,2.619402477607035706e+01,5.250222858728176334e+01,8.670953822596839018e+03,1.442176206788590953e+01
7.271252891164524737e-03,2.502935188357665319e-08,2.619402477607035706e+01,5.250222858728176334e+01,8.670953822596839018e+03,1.442176206788590953e+01
7.271252891164524737e-03,2.502935188357665319e-08,2.619402477607035706e+01,5.250222858728176334e+01,8.670953822596839018e+03,1.442176206788590953e+01
7.271252891164524737e-03,2.502935188357665319e-08,2.619402477607035706e+01,5.250222858728176334e+01,8.670953822596839018e+03,1.442176206788590953e+01
7.271252891164524737e-03,2.502935188357665319e-08,2.619402477607035706e+01,5.250222858728176334e+01,8.670953822596839018e+03,1.442176206788590953e+01
7.292229427357024667e-03,2.499097001519109149e-08,2.622044867291048220e+01,5.254777678684146025e+01,8.663442478086368283e+03,1.437147296194503099e+01
7.326514950521220010e-03,2.492453668978362731e-08,2.624272899115555191e+01,5.255894153022105542e+01,8.645349531269659565e+03,1.429984844702906344e+01
7.326514950521220010e-03,2.492453668978362731e-08,2.624272899115555191e+01,5.255894153022105542e+01,8.645349531269659565e+03,1.429984844702906344e+01
7.345075757493388716e-03,2.489438447778435363e-08,2.625719012884892933e+01,5.256070584178043958e+01,8.636650581558118574e+03,1.427024772993518376e+01
7.345075757493388716e-03,2.489438447778435363e-08,2.625719012884892933e+01,5.256070584178043958e+01,8.636650581558118574e+03,1.427024772993518376e+01
7.345075757493388716e-03,2.489438447778435363e-08,2.625719012884892933e+01,5.256070584178043958e+01,8.636650581558118574e+03,1.427024772993518376e+01
7.345075757493388716e-03,2.489438447778435363e-08,2.625719012884892933e+01,5.256070584178043958e+01,8.636650581558118574e+03,1.427024772993518376e+01
7.345075757493388716e-03,2.489438447778435363e-08,2.625719012884892933e+01,5.256070584178043958e+01,8.636650581558118574e+03,1.427024772993518376e+01
7.345075757493388716e-03,2.489438447778435363e-08,2.625719012884892933e+01,5.256070584178043958e+01,8.636650581558118574e+03,1.427024772993518376e+01
7.345075757493388716e-03,2.489438447778435363e-08,2.625719012884892933e+01,5.256070584178043958e+01,8.636650581558118574e+03,1.427024772993518376e+01
7.345075757493388716e-03,2.489438447778435363e-08,2.625719012884892933e+01,5.256070584178043958e+01,8.636650581558118574e+03,1.427024772993518376e+01
7.345075757493388716e-03,2.489438447778435363e-08,2.625719012884892933e+01,5.256070584178043958e+01,8.636650581558118574e+03,1.427024772993518376e+01
7.345075757493388716e-03,2.489438447778435363e-08,2.625719012884892933e+01,5.256070584178043958e+01,8.636650581558118574e+03,1.427024772993518376e+01
7.345075757493388716e-03,2.489438447778435363e-08,2.625719012884892933e+01,5.256070584178043958e+01,8.636650581558118574e+03,1.427024772993518376e+01
7.345075757493388716e-03,2.489438447778435363e-08,2.625719012884892933e+01,5.256070584178043958e+01,8.636650581558118574e+03,1.427024772993518376e+01
7.345075757493388716e-03,2.489438447778435363e-08,2.625719012884892933e+01,5.256070584178043958e+01,8.636650581558118574e+03,1.427024772993518376e+01
7.345075757493388716e-03,2.489438447778435363e-08,2.625719012884892933e+01,5.256070584178043958e+01,8.636650581558118574e+03,1.427024772993518376e+01
7.352220634553398131e-03,2.488602332071050922e-08,2.629566323871235412e+01,5.261747167937848957e+01,8.652445889394986807e+03,1.424332715369706115e+01
7.249817811551087163e-03,2.507191625702613669e-08,2.617069085294935249e+01,5.245437624554789835e+01,8.678310416028520194e+03,1.447406923477351448e+01
7.249817811551087163e-03,2.507191625702613669e-08,2.617069085294935249e+01,5.245437624554789835e+01,8.678310416028520194e+03,1.447406923477351448e+01
7.249817811551087163e-03,2.507191625702613669e-08,2.617069085294935249e+01,5.245437624554789835e+01,8.678310416028520194e+03,1.447406923477351448e+01
7.249817811551087163e-03,2.507191625702613669e-08,2.617069085294935249e+01,5.245437624554789835e+01,8.678310416028520194e+03,1.447406923477351448e+01
7.249817811551087163e-03,2.507191625702613669e-08,2.617069085294935249e+01,5.245437624554789835e+01,8.678310416028520194e+03,1.447406923477351448e+01
7.249817811551087163e-03,2.507191625702613669e-08,2.617069085294935249e+01,5.245437624554789835e+01,8.678310416028520194e+03,1.447406923477351448e+01
7.249817811551087163e-03,2.507191625702613669e-08,2.617069085294935249e+01,5.245437624554789835e+01,8.678310416028520194e+03,1.447406923477351448e+01
7.249817811551087163e-03,2.507191625702613669e-08,2.617069085294935249e+01,5.245437624554789835e+01,8.678310416028520194e+03,1.447406923477351448e+01
7.249817811551087163e-03,2.507191625702613669e-08,2.617069085294935249e+01,5.245437624554789835e+01,8.678310416028520194e+03,1.447406923477351448e+01
7.249817811551087163e-03,2.507191625702613669e-08,2.617069085294935249e+01,5.245437624554789835e+01,8.678310416028520194e+03,1.447406923477351448e+01
7.249817811551087163e-03,2.507191625702613669e-08,2.617069085294935249e+01,5.245437624554789835e+01,8.678310416028520194e+03,1.447406923477351448e+01
7.249817811551087163e-03,2.507191625702613669e-08,2.617069085294935249e+01,5.245437624554789835e+01,8.678310416028520194e+03,1.447406923477351448e+01
7.249817811551087163e-03,2.507191625702613669e-08,2.617069085294935249e+01,5.245437624554789835e+01,8.678310416028520194e+03,1.447406923477351448e+01
7.249817811551087163e-03,2.507191625702613669e-08,2.617069085294935249e+01,5.245437624554789835e+01,8.678310416028520194e+03,1.447406923477351448e+01
7.249817811551087163e-03,2.507191625702613669e-08,2.617069085294935249e+01,5.245437624554789835e+01,8.678310416028520194e+03,1.447406923477351448e+01
7.249817811551087163e-03,2.507191625702613669e-08,2.617069085294935249e+01,5.245437624554789835e+01,8.678310416028520194e+03,1.447406923477351448e+01
7.249817811551087163e-03,2.507191625702613669e-08,2.617069085294935249e+01,5.245437624554789835e+01,8.678310416028520194e+03,1.447406923477351448e+01
7.253606972937478095e-03,2.506277146314540037e-08,2.618023815258793263e+01,5.246149445158348357e+01,8.675559132838749065e+03,1.445873855011621778e+01
7.253606972937478095e-03,2.506277146314540037e-08,2.618023815258793263e+01,5.246149445158348357e+01,8.675559132838749065e+03,1.445873855011621778e+01
7.253606972937478095e-03,2.506277146314540037e-08,2.618023815258793263e+01,5.246149445158348357e+01,8.675559132838749065e+03,1.445873855011621778e+01
7.253606972937478095e-03,2.506277146314540037e-08,2.618023815258793263e+01,5.246149445158348357e+01,8.675559132838749065e+03,1.445873855011621778e+01
7.253606972937478095e-03,2.506277146314540037e-08,2.618023815258793263e+01,5.246149445158348357e+01,8.675559132838749065e+03,1.445873855011621778e+01
7.256069295811300342e-03,2.505653865756425566e-08,2.618691139600436202e+01,5.246660017758093630e+01,8.673778648528772464e+03,1.444829927565541539e+01
7.253554565895965235e-03,2.506241738042007281e-08,2.618002278328391697e+01,5.246119825001817105e+01,8.675538345647069946e+03,1.445865230998093587e+01
7.253554565895965235e-03,2.506241738042007281e-08,2.618002278328391697e+01,5.246119825001817105e+01,8.675538345647069946e+03,1.445865230998093587e+01
7.253219571755301076e-03,2.506319359839777729e-08,2.617996195529336489e+01,5.246121428231862893e+01,8.675783458518857515e+03,1.445889082126897840e+01
7.253199724087657126e-03,2.506324032169379723e-08,2.617996394801720328e+01,5.246122177530639874e+01,8.675798197836518739e+03,1.445889838213619427e+01
7.253176810782320690e-03,2.506304328527050376e-08,2.617990961201513045e+01,5.246119326890109846e+01,8.675697955781353812e+03,1.445883894755049148e+01
7.251078476749335533e-03,2.506269755722315902e-08,2.617514585110787806e+01,5.245397043741706256e+01,8.674533292134779913e+03,1.445702057734309776e+01
7.251078476749335533e-03,2.506269755722315902e-08,2.617514585110787806e+01,5.245397043741706256e+01,8.674533292134779913e+03,1.445702057734309776e+01
7.249650620635855920e-03,2.506339215924338527e-08,2.617243513725409443e+01,5.245060084724704552e+01,8.674231746488001590e+03,1.445740751541045377e+01
7.249650620635855920e-03,2.506339215924338527e-08,2.617243513725409443e+01,5.245060084724704552e+01,8.674231746488001590e+03,1.445740751541045377e+01
7.249650620635855920e-03,2.506339215924338527e-08,2.617243513725409443e+01,5.245060084724704552e+01,8.674231746488001590e+03,1.445740751541045377e+01
7.249148551949738048e-03,2.506469832923677938e-08,2.617055516563772954e+01,5.245007527102483635e+01,8.673776662598502298e+03,1.445828810835988953e+01
7.249148551949738048e-03,2.506469832923677938e-08,2.617055516563772954e+01,5.245007527102483635e+01,8.673776662598502298e+03,1.445828810835988953e+01
7.250014079568259905e-03,2.506246565729454523e-08,2.617379175570866323e+01,5.245098920058501335e+01,8.674570856450185602e+03,1.445680771299463352e+01
7.249500523375371555e-03,2.506233606892684709e-08,2.617284365892069076e+01,5.244940163415022738e+01,8.674258456280767859e+03,1.445595028383304559e+01
7.249500523375371555e-03,2.506233606892684709e-08,2.617284365892069076e+01,5.244940163415022738e+01,8.674258456280767859e+03,1.445595028383304559e+01
7.249489784522927110e-03,2.506244411139140594e-08,2.617285237040030665e+01,5.244947875917711855e+01,8.674304287330158331e+03,1.445609969353090563e+01
7.250346210697632479e-03,2.505935133961690297e-08,2.618465409099661301e+01,5.245631823693354789e+01,8.674097541402763454e+03,1.444597868545501385e+01
7.250346210697632479e-03,2.505935133961690297e-08,2.618465409099661301e+01,5.245631823693354789e+01,8.674097541402763454e+03,1.444597868545501385e+01
7.250346210697632479e-03,2.505935133961690297e-08,2.618465409099661301e+01,5.245631823693354789e+01,8.674097541402763454e+03,1.444597868545501385e+01
7.256651913877612721e-03,2.504000369060151175e-08,2.621419932352115367e+01,5.246852480194891655e+01,8.668878499233882394e+03,1.441260881124953919e+01
7.256651913877612721e-03,2.504000369060151175e-08,2.621419932352115367e+01,5.246852480194891655e+01,8.668878499233882394e+03,1.441260881124953919e+01
7.256651913877612721e-03,2.504000369060151175e-08,2.621419932352115367e+01,5.246852480194891655e+01,8.668878499233882394e+03,1.441260881124953919e+01
7.256651913877612721e-03,2.504000369060151175e-08,2.621419932352115367e+01,5.246852480194891655e+01,8.668878499233882394e+03,1.441260881124953919e+01
7.256651913877612721e-03,2.504000369060151175e-08,2.621419932352115367e+01,5.246852480194891655e+01,8.668878499233882394e+03,1.441260881124953919e+01
7.256651913877612721e-03,2.504000369060151175e-08,2.621419932352115367e+01,5.246852480194891655e+01,8.668878499233882394e+03,1.441260881124953919e+01
7.256651913877612721e-03,2.504000369060151175e-08,2.621419932352115367e+01,5.246852480194891655e+01,8.668878499233882394e+03,1.441260881124953919e+01
7.256651913877612721e-03,2.504000369060151175e-08,2.621419932352115367e+01,5.246852480194891655e+01,8.668878499233882394e+03,1.441260881124953919e+01
7.256651913877612721e-03,2.504000369060151175e-08,2.621419932352115367e+01,5.246852480194891655e+01,8.668878499233882394e+03,1.441260881124953919e+01
7.288287443361007693e-03,2.494163397866018121e-08,2.628113541704659539e+01,5.246929843769606094e+01,8.635462620900116235e+03,1.428522457902058207e+01
7.288287443361007693e-03,2.494163397866018121e-08,2.628113541704659539e+01,5.246929843769606094e+01,8.635462620900116235e+03,1.428522457902058207e+01
7.288287443361007693e-03,2.494163397866018121e-08,2.628113541704659539e+01,5.246929843769606094e+01,8.635462620900116235e+03,1.428522457902058207e+01
7.288287443361007693e-03,2.494163397866018121e-08,2.628113541704659539e+01,5.246929843769606094e+01,8.635462620900116235e+03,1.428522457902058207e+01
7.288287443361007693e-03,2.494163397866018121e-08,2.628113541704659539e+01,5.246929843769606094e+01,8.635462620900116235e+03,1.428522457902058207e+01
7.288287443361007693e-03,2.494163397866018121e-08,2.628113541704659539e+01,5.246929843769606094e+01,8.635462620900116235e+03,1.428522457902058207e+01
7.288287443361007693e-03,2.494163397866018121e-08,2.628113541704659539e+01,5.246929843769606094e+01,8.635462620900116235e+03,1.428522457902058207e+01
7.319457940386835809e-03,2.486028484800024247e-08,2.637304214228691990e+01,5.241475332471483028e+01,8.605369785977880383e+03,1.419067820019292547e+01
7.319457940386835809e-03,2.486028484800024247e-08,2.637304214228691990e+01,5.241475332471483028e+01,8.605369785977880383e+03,1.419067820019292547e+01
7.319457940386835809e-03,2.486028484800024247e-08,2.637304214228691990e+01,5.241475332471483028e+01,8.605369785977880383e+03,1.419067820019292547e+01
7.319457940386835809e-03,2.486028484800024247e-08,2.637304214228691990e+01,5.241475332471483028e+01,8.605369785977880383e+03,1.419067820019292547e+01
7.328934796326801865e-03,2.482972731532977971e-08,2.640193383867379850e+01,5.240383109598791833e+01,8.595029764807301035e+03,1.415165878186530612e+01
7.352627176836084438e-03,2.462947805425635982e-08,2.651101524486988126e+01,5.225554670315420935e+01,8.519762204492188175e+03,1.385962754872153013e+01
7.352804818364755413e-03,2.462881487134884315e-08,2.651164303748521078e+01,5.225533918191658955e+01,8.519533631940059422e+03,1.385869519443774678e+01
7.352804818364755413e-03,2.462881487134884315e-08,2.651164303748521078e+01,5.225533918191658955e+01,8.519533631940059422e+03,1.385869519443774678e+01
7.352804818364755413e-03,2.462881487134884315e-08,2.651164303748521078e+01,5.225533918191658955e+01,8.519533631940059422e+03,1.385869519443774678e+01
7.352804818364755413e-03,2.462881487134884315e-08,2.651164303748521078e+01,5.225533918191658955e+01,8.519533631940059422e+03,1.385869519443774678e+01
7.352804818364755413e-03,2.462881487134884315e-08,2.651164303748521078e+01,5.225533918191658955e+01,8.519533631940059422e+03,1.385869519443774678e+01
7.352418559215305460e-03,2.463047009534014634e-08,2.651043521486216292e+01,5.225638993027828150e+01,8.520153372812821544e+03,1.386091100071594617e+01
7.352418559215305460e-03,2.463047009534014634e-08,2.651043521486216292e+01,5.225638993027828150e+01,8.520153372812821544e+03,1.386091100071594617e+01
7.352418559215305460e-03,2.463047009534014634e-08,2.651043521486216292e+01,5.225638993027828150e+01,8.520153372812821544e+03,1.386091100071594617e+01
7.352418559215305460e-03,2.463047009534014634e-08,2.651043521486216292e+01,5.225638993027828150e+01,8.520153372812821544e+03,1.386091100071594617e+01
7.351227901220808159e-03,2.464045991464143794e-08,2.649611146321991839e+01,5.225667411401165197e+01,8.521393855745256587e+03,1.387922392297657304e+01
7.351227901220808159e-03,2.464045991464143794e-08,2.649611146321991839e+01,5.225667411401165197e+01,8.521393855745256587e+03,1.387922392297657304e+01
7.351227901220808159e-03,2.464045991464143794e-08,2.649611146321991839e+01,5.225667411401165197e+01,8.521393855745256587e+03,1.387922392297657304e+01
7.351227901220808159e-03,2.464045991464143794e-08,2.649611146321991839e+01,5.225667411401165197e+01,8.521393855745256587e+03,1.387922392297657304e+01
7.350375714616854544e-03,2.463389976595743011e-08,2.650287226381113115e+01,5.225235792469256779e+01,8.520026561801196294e+03,1.386715543738019818e+01
7.350375714616854544e-03,2.463389976595743011e-08,2.650287226381113115e+01,5.225235792469256779e+01,8.520026561801196294e+03,1.386715543738019818e+01
7.350375714616854544e-03,2.463389976595743011e-08,2.650287226381113115e+01,5.225235792469256779e+01,8.520026561801196294e+03,1.386715543738019818e+01
7.350375714616854544e-03,2.463389976595743011e-08,2.650287226381113115e+01,5.225235792469256779e+01,8.520026561801196294e+03,1.386715543738019818e+01
7.430157321208478820e-03,2.428784906892537082e-08,2.687699005452471113e+01,5.222443533896604606e+01,8.431196513326054628e+03,1.335786625056255339e+01
7.430157321208478820e-03,2.428784906892537082e-08,2.687699005452471113e+01,5.222443533896604606e+01,8.431196513326054628e+03,1.335786625056255339e+01
7.430157321208478820e-03,2.428784906892537082e-08,2.687699005452471113e+01,5.222443533896604606e+01,8.431196513326054628e+03,1.335786625056255339e+01
7.430157321208478820e-03,2.428784906892537082e-08,2.687699005452471113e+01,5.222443533896604606e+01,8.431196513326054628e+03,1.335786625056255339e+01
7.430157321208478820e-03,2.428784906892537082e-08,2.687699005452471113e+01,5.222443533896604606e+01,8.431196513326054628e+03,1.335786625056255339e+01
7.430157321208478820e-03,2.428784906892537082e-08,2.687699005452471113e+01,5.222443533896604606e+01,8.431196513326054628e+03,1.335786625056255339e+01
7.430157321208478820e-03,2.428784906892537082e-08,2.687699005452471113e+01,5.222443533896604606e+01,8.431196513326054628e+03,1.335786625056255339e+01
7.430157321208478820e-03,2.428784906892537082e-08,2.687699005452471113e+01,5.222443533896604606e+01,8.431196513326054628e+03,1.335786625056255339e+01
7.430157321208478820e-03,2.428784906892537082e-08,2.687699005452471113e+01,5.222443533896604606e+01,8.431196513326054628e+03,1.335786625056255339e+01
7.249770079499930943e-03,2.507176276898292230e-08,2.617064018728359898e+01,5.245421552465993642e+01,8.678301775245312456e+03,1.447404045371947490e+01
7.249770079499930943e-03,2.507176276898292230e-08,2.617064018728359898e+01,5.245421552465993642e+01,8.678301775245312456e+03,1.447404045371947490e+01
7.249770079499930943e-03,2.507176276898292230e-08,2.617064018728359898e+01,5.245421552465993642e+01,8.678301775245312456e+03,1.447404045371947490e+01
7.249770079499930943e-03,2.507176276898292230e-08,2.617064018728359898e+01,5.245421552465993642e+01,8.678301775245312456e+03,1.447404045371947490e+01
7.249770079499930943e-03,2.507176276898292230e-08,2.617064018728359898e+01,5.245421552465993642e+01,8.678301775245312456e+03,1.447404045371947490e+01
7.249770079499930943e-03,2.507176276898292230e-08,2.617064018728359898e+01,5.245421552465993642e+01,8.678301775245312456e+03,1.447404045371947490e+01
7.249770079499930943e-03,2.507176276898292230e-08,2.617064018728359898e+01,5.245421552465993642e+01,8.678301775245312456e+03,1.447404045371947490e+01
7.249770079499930943e-03,2.507176276898292230e-08,2.617064018728359898e+01,5.245421552465993642e+01,8.678301775245312456e+03,1.447404045371947490e+01
7.249770079499930943e-03,2.507176276898292230e-08,2.617064018728359898e+01,5.245421552465993642e+01,8.678301775245312456e+03,1.447404045371947490e+01
7.249770079499930943e-03,2.507176276898292230e-08,2.617064018728359898e+01,5.245421552465993642e+01,8.678301775245312456e+03,1.447404045371947490e+01
7.249770079499930943e-03,2.507176276898292230e-08,2.617064018728359898e+01,5.245421552465993642e+01,8.678301775245312456e+03,1.447404045371947490e+01
7.249770079499930943e-03,2.507176276898292230e-08,2.617064018728359898e+01,5.245421552465993642e+01,8.678301775245312456e+03,1.447404045371947490e+01
7.249770079499930943e-03,2.507176276898292230e-08,2.617064018728359898e+01,5.245421552465993642e+01,8.678301775245312456e+03,1.447404045371947490e+01
7.249770079499930943e-03,2.507176276898292230e-08,2.617064018728359898e+01,5.245421552465993642e+01,8.678301775245312456e+03,1.447404045371947490e+01
7.249770079499930943e-03,2.507176276898292230e-08,2.617064018728359898e+01,5.245421552465993642e+01,8.678301775245312456e+03,1.447404045371947490e+01
7.249770079499930943e-03,2.507176276898292230e-08,2.617064018728359898e+01,5.245421552465993642e+01,8.678301775245312456e+03,1.447404045371947490e+01
7.249770079499930943e-03,2.507176276898292230e-08,2.617064018728359898e+01,5.245421552465993642e+01,8.678301775245312456e+03,1.447404045371947490e+01
7.249677647958193555e-03,2.507183705852442670e-08,2.617055054799522296e+01,5.245418959509123624e+01,8.678361501463592504e+03,1.447412674144145761e+01
7.249677647958193555e-03,2.507183705852442670e-08,2.617055054799522296e+01,5.245418959509123624e+01,8.678361501463592504e+03,1.447412674144145761e+01
7.249653444292718935e-03,2.507192967441039371e-08,2.617066819651480714e+01,5.245438901618832972e+01,8.678384877112024697e+03,1.447413167191768757e+01
7.249653444292718935e-03,2.507192967441039371e-08,2.617066819651480714e+01,5.245438901618832972e+01,8.678384877112024697e+03,1.447413167191768757e+01
7.249653444292718935e-03,2.507192967441039371e-08,2.617066819651480714e+01,5.245438901618832972e+01,8.678384877112024697e+03,1.447413167191768757e+01
7.249653444292718935e-03,2.507192967441039371e-08,2.617066819651480714e+01,5.245438901618832972e+01,8.678384877112024697e+03,1.447413167191768757e+01
7.249653444292718935e-03,2.507192967441039371e-08,2.617066819651480714e+01,5.245438901618832972e+01,8.678384877112024697e+03,1.447413167191768757e+01
7.249653444292718935e-03,2.507192967441039371e-08,2.617066819651480714e+01,5.245438901618832972e+01,8.678384877112024697e+03,1.447413167191768757e+01
7.249653444292718935e-03,2.507192967441039371e-08,2.617066819651480714e+01,5.245438901618832972e+01,8.678384877112024697e+03,1.447413167191768757e+01
7.249653444292718935e-03,2.507192967441039371e-08,2.617066819651480714e+01,5.245438901618832972e+01,8.678384877112024697e+03,1.447413167191768757e+01
7.249653444292718935e-03,2.507192967441039371e-08,2.617066819651480714e+01,5.245438901618832972e+01,8.678384877112024697e+03,1.447413167191768757e+01
7.245597039945485610e-03,2.507820306590517176e-08,2.615236937025936825e+01,5.244965089138346315e+01,8.680618510683458226e+03,1.448192957478747012e+01
7.245597039945485610e-03,2.507820306590517176e-08,2.615236937025936825e+01,5.244965089138346315e+01,8.680618510683458226e+03,1.448192957478747012e+01
7.244480401554860734e-03,2.507890221258895210e-08,2.614353206860323198e+01,5.245070752113724666e+01,8.680619119928109285e+03,1.447946233666450233e+01
7.244480401554860734e-03,2.507890221258895210e-08,2.614353206860323198e+01,5.245070752113724666e+01,8.680619119928109285e+03,1.447946233666450233e+01
7.244480401554860734e-03,2.507890221258895210e-08,2.614353206860323198e+01,5.245070752113724666e+01,8.680619119928109285e+03,1.447946233666450233e+01
7.244480401554860734e-03,2.507890221258895210e-08,2.614353206860323198e+01,5.245070752113724666e+01,8.680619119928109285e+03,1.447946233666450233e+01
7.244480401554860734e-03,2.507890221258895210e-08,2.614353206860323198e+01,5.245070752113724666e+01,8.680619119928109285e+03,1.447946233666450233e+01
7.244480401554860734e-03,2.507890221258895210e-08,2.614353206860323198e+01,5.245070752113724666e+01,8.680619119928109285e+03,1.447946233666450233e+01
7.244480401554860734e-03,2.507890221258895210e-08,2.614353206860323198e+01,5.245070752113724666e+01,8.680619119928109285e+03,1.447946233666450233e+01
7.244480401554860734e-03,2.507890221258895210e-08,2.614353206860323198e+01,5.245070752113724666e+01,8.680619119928109285e+03,1.447946233666450233e+01
7.244480401554860734e-03,2.507890221258895210e-08,2.614353206860323198e+01,5.245070752113724666e+01,8.680619119928109285e+03,1.447946233666450233e+01
7.244480401554860734e-03,2.507890221258895210e-08,2.614353206860323198e+01,5.245070752113724666e+01,8.680619119928109285e+03,1.447946233666450233e+01
7.244480401554860734e-03,2.507890221258895210e-08,2.614353206860323198e+01,5.245070752113724666e+01,8.680619119928109285e+03,1.447946233666450233e+01
7.244480401554860734e-03,2.507890221258895210e-08,2.614353206860323198e+01,5.245070752113724666e+01,8.680619119928109285e+03,1.447946233666450233e+01
7.244756386494951260e-03,2.507864543415772714e-08,2.614434377528619535e+01,5.245116166484938702e+01,8.680559049080296973e+03,1.447917658337331126e+01
7.244756386494951260e-03,2.507864543415772714e-08,2.614434377528619535e+01,5.245116166484938702e+01,8.680559049080296973e+03,1.447917658337331126e+01
7.244756386494951260e-03,2.507864543415772714e-08,2.614434377528619535e+01,5.245116166484938702e+01,8.680559049080296973e+03,1.447917658337331126e+01
7.244756386494951260e-03,2.507864543415772714e-08,2.614434377528619535e+01,5.245116166484938702e+01,8.680559049080296973e+03,1.447917658337331126e+01
7.244756386494951260e-03,2.507864543415772714e-08,2.614434377528619535e+01,5.245116166484938702e+01,8.680559049080296973e+03,1.447917658337331126e+01
7.244779028844831707e-03,2.507750194692182323e-08,2.614631052952898571e+01,5.245012810302113593e+01,8.680161876793330521e+03,1.447756935516560617e+01
7.244726209903670777e-03,2.507244320463610921e-08,2.615000127995192258e+01,5.244501353049087555e+01,8.677601874272577334e+03,1.447003356312079170e+01
7.244726209903670777e-03,2.507244320463610921e-08,2.615000127995192258e+01,5.244501353049087555e+01,8.677601874272577334e+03,1.447003356312079170e+01
7.244726209903670777e-03,2.507244320463610921e-08,2.615000127995192258e+01,5.244501353049087555e+01,8.677601874272577334e+03,1.447003356312079170e+01
7.220435947030423574e-03,2.508205944831346720e-08,2.608545211567469124e+01,5.238442517293811562e+01,8.675850487396579410e+03,1.447501688220489591e+01
7.205819838076192238e-03,2.508786318822947345e-08,2.604658350166656788e+01,5.234790307776498253e+01,8.674793959934857412e+03,1.447802439548163989e+01
7.205823176574431381e-03,2.508787144189044595e-08,2.604659547200062875e+01,5.234792055235228503e+01,8.674798076698334626e+03,1.447804303887862076e+01
7.205823176574431381e-03,2.508787144189044595e-08,2.604659547200062875e+01,5.234792055235228503e+01,8.674798076698334626e+03,1.447804303887862076e+01
7.205823176574431381e-03,2.508787144189044595e-08,2.604659547200062875e+01,5.234792055235228503e+01,8.674798076698334626e+03,1.447804303887862076e+01
7.167669624428158262e-03,2.512645144735392063e-08,2.593755125000669537e+01,5.226509621539020145e+01,8.674435560819192688e+03,1.451093357610867152e+01
7.167669624428158262e-03,2.512645144735392063e-08,2.593755125000669537e+01,5.226509621539020145e+01,8.674435560819192688e+03,1.451093357610867152e+01
7.167669624428158262e-03,2.512645144735392063e-08,2.593755125000669537e+01,5.226509621539020145e+01,8.674435560819192688e+03,1.451093357610867152e+01
7.167669624428158262e-03,2.512645144735392063e-08,2.593755125000669537e+01,5.226509621539020145e+01,8.674435560819192688e+03,1.451093357610867152e+01
7.178344514549366354e-03,2.511655268732227312e-08,2.597054531182403636e+01,5.228757781820583972e+01,8.673768062283836116e+03,1.450327558209393075e+01
7.178344514549366354e-03,2.511655268732227312e-08,2.597054531182403636e+01,5.228757781820583972e+01,8.673768062283836116e+03,1.450327558209393075e+01
7.178344514549366354e-03,2.511655268732227312e-08,2.597054531182403636e+01,5.228757781820583972e+01,8.673768062283836116e+03,1.450327558209393075e+01
7.178344514549366354e-03,2.511655268732227312e-08,2.597054531182403636e+01,5.228757781820583972e+01,8.673768062283836116e+03,1.450327558209393075e+01
7.178344514549366354e-03,2.511655268732227312e-08,2.597054531182403636e+01,5.228757781820583972e+01,8.673768062283836116e+03,1.450327558209393075e+01
7.178344514549366354e-03,2.511655268732227312e-08,2.597054531182403636e+01,5.228757781820583972e+01,8.673768062283836116e+03,1.450327558209393075e+01
7.178344514549366354e-03,2.511655268732227312e-08,2.597054531182403636e+01,5.228757781820583972e+01,8.673768062283836116e+03,1.450327558209393075e+01
7.178344514549366354e-03,2.511655268732227312e-08,2.597054531182403636e+01,5.228757781820583972e+01,8.673768062283836116e+03,1.450327558209393075e+01
7.178344514549366354e-03,2.511655268732227312e-08,2.597054531182403636e+01,5.228757781820583972e+01,8.673768062283836116e+03,1.450327558209393075e+01
7.178344514549366354e-03,2.511655268732227312e-08,2.597054531182403636e+01,5.228757781820583972e+01,8.673768062283836116e+03,1.450327558209393075e+01
7.178344514549366354e-03,2.511655268732227312e-08,2.597054531182403636e+01,5.228757781820583972e+01,8.673768062283836116e+03,1.450327558209393075e+01
7.178344514549366354e-03,2.511655268732227312e-08,2.597054531182403636e+01,5.228757781820583972e+01,8.673768062283836116e+03,1.450327558209393075e+01
7.178344514549366354e-03,2.511655268732227312e-08,2.597054531182403636e+01,5.228757781820583972e+01,8.673768062283836116e+03,1.450327558209393075e+01
7.178344514549366354e-03,2.511655268732227312e-08,2.597054531182403636e+01,5.228757781820583972e+01,8.673768062283836116e+03,1.450327558209393075e+01
7.178344514549366354e-03,2.511655268732227312e-08,2.597054531182403636e+01,5.228757781820583972e+01,8.673768062283836116e+03,1.450327558209393075e+01
7.178344514549366354e-03,2.511655268732227312e-08,2.597054531182403636e+01,5.228757781820583972e+01,8.673768062283836116e+03,1.450327558209393075e+01
7.178344514549366354e-03,2.511655268732227312e-08,2.597054531182403636e+01,5.228757781820583972e+01,8.673768062283836116e+03,1.450327558209393075e+01
7.178344514549366354e-03,2.511655268732227312e-08,2.597054531182403636e+01,5.228757781820583972e+01,8.673768062283836116e+03,1.450327558209393075e+01
7.178344514549366354e-03,2.511655268732227312e-08,2.597054531182403636e+01,5.228757781820583972e+01,8.673768062283836116e+03,1.450327558209393075e+01
7.178344514549366354e-03,2.511655268732227312e-08,2.597054531182403636e+01,5.228757781820583972e+01,8.673768062283836116e+03,1.450327558209393075e+01
7.178344514549366354e-03,2.511655268732227312e-08,2.597054531182403636e+01,5.228757781820583972e+01,8.673768062283836116e+03,1.450327558209393075e+01
7.178344514549366354e-03,2.511655268732227312e-08,2.597054531182403636e+01,5.228757781820583972e+01,8.673768062283836116e+03,1.450327558209393075e+01
7.178344514549366354e-03,2.511655268732227312e-08,2.597054531182403636e+01,5.228757781820583972e+01,8.673768062283836116e+03,1.450327558209393075e+01
7.182355057804333878e-03,2.512830606088960532e-08,2.595628656229582276e+01,5.229451440005369989e+01,8.673343075729790144e+03,1.453165714116586038e+01
7.182355057804333878e-03,2.512830606088960532e-08,2.595628656229582276e+01,5.229451440005369989e+01,8.673343075729790144e+03,1.453165714116586038e+01
7.182355057804333878e-03,2.512830606088960532e-08,2.595628656229582276e+01,5.229451440005369989e+01,8.673343075729790144e+03,1.453165714116586038e+01
7.182355057804333878e-03,2.512830606088960532e-08,2.595628656229582276e+01,5.229451440005369989e+01,8.673343075729790144e+03,1.453165714116586038e+01
7.182355057804333878e-03,2.512830606088960532e-08,2.595628656229582276e+01,5.229451440005369989e+01,8.673343075729790144e+03,1.453165714116586038e+01
7.182355057804333878e-03,2.512830606088960532e-08,2.595628656229582276e+01,5.229451440005369989e+01,8.673343075729790144e+03,1.453165714116586038e+01
7.144751379967080769e-03,2.518595184907906016e-08,2.603486473069242280e+01,5.235917339507349766e+01,8.723560857530330395e+03,1.456700274887933055e+01
7.249821137348917872e-03,2.507166365290745772e-08,2.617071334214644907e+01,5.245417299665606947e+01,8.678335964579069696e+03,1.447404280403459254e+01
7.249821137348917872e-03,2.507166365290745772e-08,2.617071334214644907e+01,5.245417299665606947e+01,8.678335964579069696e+03,1.447404280403459254e+01
7.249821137348917872e-03,2.507166365290745772e-08,2.617071334214644907e+01,5.245417299665606947e+01,8.678335964579069696e+03,1.447404280403459254e+01
7.249821137348917872e-03,2.507166365290745772e-08,2.617071334214644907e+01,5.245417299665606947e+01,8.678335964579069696e+03,1.447404280403459254e+01
7.249821137348917872e-03,2.507166365290745772e-08,2.617071334214644907e+01,5.245417299665606947e+01,8.678335964579069696e+03,1.447404280403459254e+01
7.249821137348917872e-03,2.507166365290745772e-08,2.617071334214644907e+01,5.245417299665606947e+01,8.678335964579069696e+03,1.447404280403459254e+01
7.249821137348917872e-03,2.507166365290745772e-08,2.617071334214644907e+01,5.245417299665606947e+01,8.678335964579069696e+03,1.447404280403459254e+01
7.249821137348917872e-03,2.507166365290745772e-08,2.617071334214644907e+01,5.245417299665606947e+01,8.678335964579069696e+03,1.447404280403459254e+01
7.249821137348917872e-03,2.507166365290745772e-08,2.617071334214644907e+01,5.245417299665606947e+01,8.678335964579069696e+03,1.447404280403459254e+01
7.249821137348917872e-03,2.507166365290745772e-08,2.617071334214644907e+01,5.245417299665606947e+01,8.678335964579069696e+03,1.447404280403459254e+01
7.249821137348917872e-03,2.507166365290745772e-08,2.617071334214644907e+01,5.245417299665606947e+01,8.678335964579069696e+03,1.447404280403459254e+01
7.249821137348917872e-03,2.507166365290745772e-08,2.617071334214644907e+01,5.245417299665606947e+01,8.678335964579069696e+03,1.447404280403459254e+01
7.249821137348917872e-03,2.507166365290745772e-08,2.617071334214644907e+01,5.245417299665606947e+01,8.678335964579069696e+03,1.447404280403459254e+01
7.249821137348917872e-03,2.507166365290745772e-08,2.617071334214644907e+01,5.245417299665606947e+01,8.678335964579069696e+03,1.447404280403459254e+01
7.249821137348917872e-03,2.507166365290745772e-08,2.617071334214644907e+01,5.245417299665606947e+01,8.678335964579069696e+03,1.447404280403459254e+01
7.249821137348917872e-03,2.507166365290745772e-08,2.617071334214644907e+01,5.245417299665606947e+01,8.678335964579069696e+03,1.447404280403459254e+01
7.249821137348917872e-03,2.507166365290745772e-08,2.617071334214644907e+01,5.245417299665606947e+01,8.678335964579069696e+03,1.447404280403459254e+01
7.249821137348917872e-03,2.507166365290745772e-08,2.617071334214644907e+01,5.245417299665606947e+01,8.678335964579069696e+03,1.447404280403459254e+01
7.249821137348917872e-03,2.507166365290745772e-08,2.617071334214644907e+01,5.245417299665606947e+01,8.678335964579069696e+03,1.447404280403459254e+01
7.249821130174143209e-03,2.507165541764417319e-08,2.617070918494556864e+01,5.245417458779822084e+01,8.678333658519193705e+03,1.447404147602157742e+01
7.249821130174143209e-03,2.507165541764417319e-08,2.617070918494556864e+01,5.245417458779822084e+01,8.678333658519193705e+03,1.447404147602157742e+01
7.249821130174143209e-03,2.507165541764417319e-08,2.617070918494556864e+01,5.245417458779822084e+01,8.678333658519193705e+03,1.447404147602157742e+01
7.249821130174143209e-03,2.507165541764417319e-08,2.617070918494556864e+01,5.245417458779822084e+01,8.678333658519193705e+03,1.447404147602157742e+01
7.249821130174143209e-03,2.507165541764417319e-08,2.617070918494556864e+01,5.245417458779822084e+01,8.678333658519193705e+03,1.447404147602157742e+01
7.249821130174143209e-03,2.507165541764417319e-08,2.617070918494556864e+01,5.245417458779822084e+01,8.678333658519193705e+03,1.447404147602157742e+01
7.249821130174143209e-03,2.507165541764417319e-08,2.617070918494556864e+01,5.245417458779822084e+01,8.678333658519193705e+03,1.447404147602157742e+01
7.249821130174143209e-03,2.507165541764417319e-08,2.617070918494556864e+01,5.245417458779822084e+01,8.678333658519193705e+03,1.447404147602157742e+01
7.249821130174143209e-03,2.507165541764417319e-08,2.617070918494556864e+01,5.245417458779822084e+01,8.678333658519193705e+03,1.447404147602157742e+01
7.249821130174143209e-03,2.507165541764417319e-08,2.617070918494556864e+01,5.245417458779822084e+01,8.678333658519193705e+03,1.447404147602157742e+01
7.249586789534608403e-03,2.507352212335066507e-08,2.616979124054018868e+01,5.245399122904776590e+01,8.678846774605686733e+03,1.447708428161181970e+01
7.249601929332984314e-03,2.507358332774503857e-08,2.616975512086816025e+01,5.245410632820119901e+01,8.678825664967807825e+03,1.447713691993220664e+01
7.249601929332984314e-03,2.507358332774503857e-08,2.616975512086816025e+01,5.245410632820119901e+01,8.678825664967807825e+03,1.447713691993220664e+01
7.249601929332984314e-03,2.507358332774503857e-08,2.616975512086816025e+01,5.245410632820119901e+01,8.678825664967807825e+03,1.447713691993220664e+01
7.249601929332984314e-03,2.507358332774503857e-08,2.616975512086816025e+01,5.245410632820119901e+01,8.678825664967807825e+03,1.447713691993220664e+01
7.249601929332984314e-03,2.507358332774503857e-08,2.616975512086816025e+01,5.245410632820119901e+01,8.678825664967807825e+03,1.447713691993220664e+01
7.252660179914303257e-03,2.506505680932635687e-08,2.617616728546458305e+01,5.245727260180274953e+01,8.677635453313811013e+03,1.447309185400532527e+01
7.252660179914303257e-03,2.506505680932635687e-08,2.617616728546458305e+01,5.245727260180274953e+01,8.677635453313811013e+03,1.447309185400532527e+01
7.252903791839233720e-03,2.506437186485310213e-08,2.617657185248594232e+01,5.245745337857569979e+01,8.677515398314984850e+03,1.447277705968347838e+01
7.252724372986287145e-03,2.506451709022484906e-08,2.617562744986917522e+01,5.245670084359842633e+01,8.677416440103881541e+03,1.447288742368746917e+01
7.252724372986287145e-03,2.506451709022484906e-08,2.617562744986917522e+01,5.245670084359842633e+01,8.677416440103881541e+03,1.447288742368746917e+01
7.252724372986287145e-03,2.506451709022484906e-08,2.617562744986917522e+01,5.245670084359842633e+01,8.677416440103881541e+03,1.447288742368746917e+01
7.247505563589511438e-03,2.507123760577335632e-08,2.613323275114794342e+01,5.242508966770190426e+01,8.673990949035405720e+03,1.449439749322051085e+01
7.247505563589511438e-03,2.507123760577335632e-08,2.613323275114794342e+01,5.242508966770190426e+01,8.673990949035405720e+03,1.449439749322051085e+01
7.247499791625394705e-03,2.507217193681629167e-08,2.613598113572439274e+01,5.242779529603386379e+01,8.674652567157163503e+03,1.449405974728453117e+01
7.247499791625394705e-03,2.507217193681629167e-08,2.613598113572439274e+01,5.242779529603386379e+01,8.674652567157163503e+03,1.449405974728453117e+01
7.245329503826736413e-03,2.507666047799670069e-08,2.613770825494183114e+01,5.242847458452472864e+01,8.676414118474796851e+03,1.449587946630511581e+01
7.245329503826736413e-03,2.507666047799670069e-08,2.613770825494183114e+01,5.242847458452472864e+01,8.676414118474796851e+03,1.449587946630511581e+01
7.245329503826736413e-03,2.507666047799670069e-08,2.613770825494183114e+01,5.242847458452472864e+01,8.676414118474796851e+03,1.449587946630511581e+01
7.245329503826736413e-03,2.507666047799670069e-08,2.613770825494183114e+01,5.242847458452472864e+01,8.676414118474796851e+03,1.449587946630511581e+01
7.245329503826736413e-03,2.507666047799670069e-08,2.613770825494183114e+01,5.242847458452472864e+01,8.676414118474796851e+03,1.449587946630511581e+01
7.245329503826736413e-03,2.507666047799670069e-08,2.613770825494183114e+01,5.242847458452472864e+01,8.676414118474796851e+03,1.449587946630511581e+01
7.245329503826736413e-03,2.507666047799670069e-08,2.613770825494183114e+01,5.242847458452472864e+01,8.676414118474796851e+03,1.449587946630511581e+01
7.245329503826736413e-03,2.507666047799670069e-08,2.613770825494183114e+01,5.242847458452472864e+01,8.676414118474796851e+03,1.449587946630511581e+01
7.245329503826736413e-03,2.507666047799670069e-08,2.613770825494183114e+01,5.242847458452472864e+01,8.676414118474796851e+03,1.449587946630511581e+01
7.245329503826736413e-03,2.507666047799670069e-08,2.613770825494183114e+01,5.242847458452472864e+01,8.676414118474796851e+03,1.449587946630511581e+01
7.245329503826736413e-03,2.507666047799670069e-08,2.613770825494183114e+01,5.242847458452472864e+01,8.676414118474796851e+03,1.449587946630511581e+01
7.245319063743375226e-03,2.507668940966779624e-08,2.613768466276727409e+01,5.242847463429210819e+01,8.676424271994081209e+03,1.449590677071559242e+01
7.245319063743375226e-03,2.507668940966779624e-08,2.613768466276727409e+01,5.242847463429210819e+01,8.676424271994081209e+03,1.449590677071559242e+01
7.245319063743375226e-03,2.507668940966779624e-08,2.613768466276727409e+01,5.242847463429210819e+01,8.676424271994081209e+03,1.449590677071559242e+01
7.245319063743375226e-03,2.507668940966779624e-08,2.613768466276727409e+01,5.242847463429210819e+01,8.676424271994081209e+03,1.449590677071559242e+01
7.245319063743375226e-03,2.507668940966779624e-08,2.613768466276727409e+01,5.242847463429210819e+01,8.676424271994081209e+03,1.449590677071559242e+01
7.245319063743375226e-03,2.507668940966779624e-08,2.613768466276727409e+01,5.242847463429210819e+01,8.676424271994081209e+03,1.449590677071559242e+01
7.245319063743375226e-03,2.507668940966779624e-08,2.613768466276727409e+01,5.242847463429210819e+01,8.676424271994081209e+03,1.449590677071559242e+01
7.246795567108407429e-03,2.507413728266287917e-08,2.614547120236927924e+01,5.243163100748826366e+01,8.676935505801477120e+03,1.449478094819419205e+01
7.246795567108407429e-03,2.507413728266287917e-08,2.614547120236927924e+01,5.243163100748826366e+01,8.676935505801477120e+03,1.449478094819419205e+01
7.246795567108407429e-03,2.507413728266287917e-08,2.614547120236927924e+01,5.243163100748826366e+01,8.676935505801477120e+03,1.449478094819419205e+01
7.246795567108407429e-03,2.507413728266287917e-08,2.614547120236927924e+01,5.243163100748826366e+01,8.676935505801477120e+03,1.449478094819419205e+01
7.246795567108407429e-03,2.507413728266287917e-08,2.614547120236927924e+01,5.243163100748826366e+01,8.676935505801477120e+03,1.449478094819419205e+01
7.246795567108407429e-03,2.507413728266287917e-08,2.614547120236927924e+01,5.243163100748826366e+01,8.676935505801477120e+03,1.449478094819419205e+01
7.246795567108407429e-03,2.507413728266287917e-08,2.614547120236927924e+01,5.243163100748826366e+01,8.676935505801477120e+03,1.449478094819419205e+01
7.246795567108407429e-03,2.507413728266287917e-08,2.614547120236927924e+01,5.243163100748826366e+01,8.676935505801477120e+03,1.449478094819419205e+01
7.246795567108407429e-03,2.507413728266287917e-08,2.614547120236927924e+01,5.243163100748826366e+01,8.676935505801477120e+03,1.449478094819419205e+01
7.252733803204048334e-03,2.508254236604949678e-08,2.618431423753842680e+01,5.242143525285817418e+01,8.687256583755801330e+03,1.452946315693110790e+01
7.252733803204048334e-03,2.508254236604949678e-08,2.618431423753842680e+01,5.242143525285817418e+01,8.687256583755801330e+03,1.452946315693110790e+01
7.252733803204048334e-03,2.508254236604949678e-08,2.618431423753842680e+01,5.242143525285817418e+01,8.687256583755801330e+03,1.452946315693110790e+01
7.252733803204048334e-03,2.508254236604949678e-08,2.618431423753842680e+01,5.242143525285817418e+01,8.687256583755801330e+03,1.452946315693110790e+01
7.252733803204048334e-03,2.508254236604949678e-08,2.618431423753842680e+01,5.242143525285817418e+01,8.687256583755801330e+03,1.452946315693110790e+01
7.252733803204048334e-03,2.508254236604949678e-08,2.618431423753842680e+01,5.242143525285817418e+01,8.687256583755801330e+03,1.452946315693110790e+01
7.252733803204048334e-03,2.508254236604949678e-08,2.618431423753842680e+01,5.242143525285817418e+01,8.687256583755801330e+03,1.452946315693110790e+01
7.252733803204048334e-03,2.508254236604949678e-08,2.618431423753842680e+01,5.242143525285817418e+01,8.687256583755801330e+03,1.452946315693110790e+01
7.252733803204048334e-03,2.508254236604949678e-08,2.618431423753842680e+01,5.242143525285817418e+01,8.687256583755801330e+03,1.452946315693110790e+01
7.252733803204048334e-03,2.508254236604949678e-08,2.618431423753842680e+01,5.242143525285817418e+01,8.687256583755801330e+03,1.452946315693110790e+01
7.252733803204048334e-03,2.508254236604949678e-08,2.618431423753842680e+01,5.242143525285817418e+01,8.687256583755801330e+03,1.452946315693110790e+01
7.252733803204048334e-03,2.508254236604949678e-08,2.618431423753842680e+01,5.242143525285817418e+01,8.687256583755801330e+03,1.452946315693110790e+01
7.252733803204048334e-03,2.508254236604949678e-08,2.618431423753842680e+01,5.242143525285817418e+01,8.687256583755801330e+03,1.452946315693110790e+01
7.252733803204048334e-03,2.508254236604949678e-08,2.618431423753842680e+01,5.242143525285817418e+01,8.687256583755801330e+03,1.452946315693110790e+01
7.252733803204048334e-03,2.508254236604949678e-08,2.618431423753842680e+01,5.242143525285817418e+01,8.687256583755801330e+03,1.452946315693110790e+01
7.252733803204048334e-03,2.508254236604949678e-08,2.618431423753842680e+01,5.242143525285817418e+01,8.687256583755801330e+03,1.452946315693110790e+01
7.252733803204048334e-03,2.508254236604949678e-08,2.618431423753842680e+01,5.242143525285817418e+01,8.687256583755801330e+03,1.452946315693110790e+01
7.252733803204048334e-03,2.508254236604949678e-08,2.618431423753842680e+01,5.242143525285817418e+01,8.687256583755801330e+03,1.452946315693110790e+01
7.250031154301574653e-03,2.507182935874504490e-08,2.617054617329016608e+01,5.245407764546218488e+01,8.678146503975740416e+03,1.447391835807330018e+01
7.250031154301574653e-03,2.507182935874504490e-08,2.617054617329016608e+01,5.245407764546218488e+01,8.678146503975740416e+03,1.447391835807330018e+01
7.250031154301574653e-03,2.507182935874504490e-08,2.617054617329016608e+01,5.245407764546218488e+01,8.678146503975740416e+03,1.447391835807330018e+01
7.250031154301574653e-03,2.507182935874504490e-08,2.617054617329016608e+01,5.245407764546218488e+01,8.678146503975740416e+03,1.447391835807330018e+01
7.250031154301574653e-03,2.507182935874504490e-08,2.617054617329016608e+01,5.245407764546218488e+01,8.678146503975740416e+03,1.447391835807330018e+01
7.250031154301574653e-03,2.507182935874504490e-08,2.617054617329016608e+01,5.245407764546218488e+01,8.678146503975740416e+03,1.447391835807330018e+01
7.250031154301574653e-03,2.507182935874504490e-08,2.617054617329016608e+01,5.245407764546218488e+01,8.678146503975740416e+03,1.447391835807330018e+01
7.250031154301574653e-03,2.507182935874504490e-08,2.617054617329016608e+01,5.245407764546218488e+01,8.678146503975740416e+03,1.447391835807330018e+01
7.250031154301574653e-03,2.507182935874504490e-08,2.617054617329016608e+01,5.245407764546218488e+01,8.678146503975740416e+03,1.447391835807330018e+01
7.250031154301574653e-03,2.507182935874504490e-08,2.617054617329016608e+01,5.245407764546218488e+01,8.678146503975740416e+03,1.447391835807330018e+01
7.250031154301574653e-03,2.507182935874504490e-08,2.617054617329016608e+01,5.245407764546218488e+01,8.678146503975740416e+03,1.447391835807330018e+01
7.250031154301574653e-03,2.507182935874504490e-08,2.617054617329016608e+01,5.245407764546218488e+01,8.678146503975740416e+03,1.447391835807330018e+01
7.250031154301574653e-03,2.507182935874504490e-08,2.617054617329016608e+01,5.245407764546218488e+01,8.678146503975740416e+03,1.447391835807330018e+01
7.250031154301574653e-03,2.507182935874504490e-08,2.617054617329016608e+01,5.245407764546218488e+01,8.678146503975740416e+03,1.447391835807330018e+01
7.250031154301574653e-03,2.507182935874504490e-08,2.617054617329016608e+01,5.245407764546218488e+01,8.678146503975740416e+03,1.447391835807330018e+01
7.250031154301574653e-03,2.507182935874504490e-08,2.617054617329016608e+01,5.245407764546218488e+01,8.678146503975740416e+03,1.447391835807330018e+01
7.250031154301574653e-03,2.507182935874504490e-08,2.617054617329016608e+01,5.245407764546218488e+01,8.678146503975740416e+03,1.447391835807330018e+01
7.250031154301574653e-03,2.507182935874504490e-08,2.617054617329016608e+01,5.245407764546218488e+01,8.678146503975740416e+03,1.447391835807330018e+01
7.250031154301574653e-03,2.507182935874504490e-08,2.617054617329016608e+01,5.245407764546218488e+01,8.678146503975740416e+03,1.447391835807330018e+01
7.250031154301574653e-03,2.507182935874504490e-08,2.617054617329016608e+01,5.245407764546218488e+01,8.678146503975740416e+03,1.447391835807330018e+01
7.250031154301574653e-03,2.507182935874504490e-08,2.617054617329016608e+01,5.245407764546218488e+01,8.678146503975740416e+03,1.447391835807330018e+01
7.250031154301574653e-03,2.507182935874504490e-08,2.617054617329016608e+01,5.245407764546218488e+01,8.678146503975740416e+03,1.447391835807330018e+01
7.250031154301574653e-03,2.507182935874504490e-08,2.617054617329016608e+01,5.245407764546218488e+01,8.678146503975740416e+03,1.447391835807330018e+01
7.250031154301574653e-03,2.507182935874504490e-08,2.617054617329016608e+01,5.245407764546218488e+01,8.678146503975740416e+03,1.447391835807330018e+01
7.250031154301574653e-03,2.507182935874504490e-08,2.617054617329016608e+01,5.245407764546218488e+01,8.678146503975740416e+03,1.447391835807330018e+01
7.250031154301574653e-03,2.507182935874504490e-08,2.617054617329016608e+01,5.245407764546218488e+01,8.678146503975740416e+03,1.447391835807330018e+01
7.254524326658471148e-03,2.506470942884097534e-08,2.618161127455217851e+01,5.246238327223384346e+01,8.675516513950942681e+03,1.445946285043086910e+01
7.267203953561791885e-03,2.505576923514589048e-08,2.620707627416990704e+01,5.249358037564456225e+01,8.673493825959749302e+03,1.443969442437051853e+01
7.267203953561791885e-03,2.505576923514589048e-08,2.620707627416990704e+01,5.249358037564456225e+01,8.673493825959749302e+03,1.443969442437051853e+01
7.267203953561791885e-03,2.505576923514589048e-08,2.620707627416990704e+01,5.249358037564456225e+01,8.673493825959749302e+03,1.443969442437051853e+01
7.267203953561791885e-03,2.505576923514589048e-08,2.620707627416990704e+01,5.249358037564456225e+01,8.673493825959749302e+03,1.443969442437051853e+01
7.267203953561791885e-03,2.505576923514589048e-08,2.620707627416990704e+01,5.249358037564456225e+01,8.673493825959749302e+03,1.443969442437051853e+01
7.267203953561791885e-03,2.505576923514589048e-08,2.620707627416990704e+01,5.249358037564456225e+01,8.673493825959749302e+03,1.443969442437051853e+01
7.267203953561791885e-03,2.505576923514589048e-08,2.620707627416990704e+01,5.249358037564456225e+01,8.673493825959749302e+03,1.443969442437051853e+01
7.267203953561791885e-03,2.505576923514589048e-08,2.620707627416990704e+01,5.249358037564456225e+01,8.673493825959749302e+03,1.443969442437051853e+01
7.278855106335094249e-03,2.503351467808436270e-08,2.622534754855726291e+01,5.250288692774974919e+01,8.665979541251037517e+03,1.441135969337857681e+01
7.278855106335094249e-03,2.503351467808436270e-08,2.622534754855726291e+01,5.250288692774974919e+01,8.665979541251037517e+03,1.441135969337857681e+01
7.278855106335094249e-03,2.503351467808436270e-08,2.622534754855726291e+01,5.250288692774974919e+01,8.665979541251037517e+03,1.441135969337857681e+01
7.278855106335094249e-03,2.503351467808436270e-08,2.622534754855726291e+01,5.250288692774974919e+01,8.665979541251037517e+03,1.441135969337857681e+01
7.284158932402595016e-03,2.502846631648273069e-08,2.623787910165831860e+01,5.251914420692391161e+01,8.664085082853876884e+03,1.439662321932947897e+01
7.284158932402595016e-03,2.502846631648273069e-08,2.623787910165831860e+01,5.251914420692391161e+01,8.664085082853876884e+03,1.439662321932947897e+01
7.284158932402595016e-03,2.502846631648273069e-08,2.623787910165831860e+01,5.251914420692391161e+01,8.664085082853876884e+03,1.439662321932947897e+01
7.284158932402595016e-03,2.502846631648273069e-08,2.623787910165831860e+01,5.251914420692391161e+01,8.664085082853876884e+03,1.439662321932947897e+01
7.284158932402595016e-03,2.502846631648273069e-08,2.623787910165831860e+01,5.251914420692391161e+01,8.664085082853876884e+03,1.439662321932947897e+01
7.284158932402595016e-03,2.502846631648273069e-08,2.623787910165831860e+01,5.251914420692391161e+01,8.664085082853876884e+03,1.439662321932947897e+01
7.284158932402595016e-03,2.502846631648273069e-08,2.623787910165831860e+01,5.251914420692391161e+01,8.664085082853876884e+03,1.439662321932947897e+01
7.284158932402595016e-03,2.502846631648273069e-08,2.623787910165831860e+01,5.251914420692391161e+01,8.664085082853876884e+03,1.439662321932947897e+01
7.284158932402595016e-03,2.502846631648273069e-08,2.623787910165831860e+01,5.251914420692391161e+01,8.664085082853876884e+03,1.439662321932947897e+01
7.284158932402595016e-03,2.502846631648273069e-08,2.623787910165831860e+01,5.251914420692391161e+01,8.664085082853876884e+03,1.439662321932947897e+01
7.284158932402595016e-03,2.502846631648273069e-08,2.623787910165831860e+01,5.251914420692391161e+01,8.664085082853876884e+03,1.439662321932947897e+01
7.284158932402595016e-03,2.502846631648273069e-08,2.623787910165831860e+01,5.251914420692391161e+01,8.664085082853876884e+03,1.439662321932947897e+01
7.284158932402595016e-03,2.502846631648273069e-08,2.623787910165831860e+01,5.251914420692391161e+01,8.664085082853876884e+03,1.439662321932947897e+01
7.284158932402595016e-03,2.502846631648273069e-08,2.623787910165831860e+01,5.251914420692391161e+01,8.664085082853876884e+03,1.439662321932947897e+01
7.284158932402595016e-03,2.502846631648273069e-08,2.623787910165831860e+01,5.251914420692391161e+01,8.664085082853876884e+03,1.439662321932947897e+01
7.284158932402595016e-03,2.502846631648273069e-08,2.623787910165831860e+01,5.251914420692391161e+01,8.664085082853876884e+03,1.439662321932947897e+01
7.284158932402595016e-03,2.502846631648273069e-08,2.623787910165831860e+01,5.251914420692391161e+01,8.664085082853876884e+03,1.439662321932947897e+01
7.284158932402595016e-03,2.502846631648273069e-08,2.623787910165831860e+01,5.251914420692391161e+01,8.664085082853876884e+03,1.439662321932947897e+01
7.284158932402595016e-03,2.502846631648273069e-08,2.623787910165831860e+01,5.251914420692391161e+01,8.664085082853876884e+03,1.439662321932947897e+01
7.284158932402595016e-03,2.502846631648273069e-08,2.623787910165831860e+01,5.251914420692391161e+01,8.664085082853876884e+03,1.439662321932947897e+01
7.292656735851635492e-03,2.504698033897255622e-08,2.620563682608293732e+01,5.253409035567102592e+01,8.662239520948840436e+03,1.441457411022520851e+01
7.292656735851635492e-03,2.504698033897255622e-08,2.620563682608293732e+01,5.253409035567102592e+01,8.662239520948840436e+03,1.441457411022520851e+01
7.292656735851635492e-03,2.504698033897255622e-08,2.620563682608293732e+01,5.253409035567102592e+01,8.662239520948840436e+03,1.441457411022520851e+01
7.292656735851635492e-03,2.504698033897255622e-08,2.620563682608293732e+01,5.253409035567102592e+01,8.662239520948840436e+03,1.441457411022520851e+01
7.292656735851635492e-03,2.504698033897255622e-08,2.620563682608293732e+01,5.253409035567102592e+01,8.662239520948840436e+03,1.441457411022520851e+01
7.292656735851635492e-03,2.504698033897255622e-08,2.620563682608293732e+01,5.253409035567102592e+01,8.662239520948840436e+03,1.441457411022520851e+01
7.292656735851635492e-03,2.504698033897255622e-08,2.620563682608293732e+01,5.253409035567102592e+01,8.662239520948840436e+03,1.441457411022520851e+01
7.294468417757937750e-03,2.504252278325326005e-08,2.619967050013264043e+01,5.255019669254835435e+01,8.659544612603685891e+03,1.440098243262404587e+01
7.294468417757937750e-03,2.504252278325326005e-08,2.619967050013264043e+01,5.255019669254835435e+01,8.659544612603685891e+03,1.440098243262404587e+01
7.294468417757937750e-03,2.504252278325326005e-08,2.619967050013264043e+01,5.255019669254835435e+01,8.659544612603685891e+03,1.440098243262404587e+01
7.294468417757937750e-03,2.504252278325326005e-08,2.619967050013264043e+01,5.255019669254835435e+01,8.659544612603685891e+03,1.440098243262404587e+01
7.294468417757937750e-03,2.504252278325326005e-08,2.619967050013264043e+01,5.255019669254835435e+01,8.659544612603685891e+03,1.440098243262404587e+01
7.294468417757937750e-03,2.504252278325326005e-08,2.619967050013264043e+01,5.255019669254835435e+01,8.659544612603685891e+03,1.440098243262404587e+01
7.294468417757937750e-03,2.504252278325326005e-08,2.619967050013264043e+01,5.255019669254835435e+01,8.659544612603685891e+03,1.440098243262404587e+01
7.294468417757937750e-03,2.504252278325326005e-08,2.619967050013264043e+01,5.255019669254835435e+01,8.659544612603685891e+03,1.440098243262404587e+01
7.294468417757937750e-03,2.504252278325326005e-08,2.619967050013264043e+01,5.255019669254835435e+01,8.659544612603685891e+03,1.440098243262404587e+01
7.294468417757937750e-03,2.504252278325326005e-08,2.619967050013264043e+01,5.255019669254835435e+01,8.659544612603685891e+03,1.440098243262404587e+01
7.210714246271701829e-03,2.514304458261768604e-08,2.567609393594993605e+01,5.251001570335392188e+01,8.612302131118372927e+03,1.442715480492372038e+01
7.210714246271701829e-03,2.514304458261768604e-08,2.567609393594993605e+01,5.251001570335392188e+01,8.612302131118372927e+03,1.442715480492372038e+01
7.210714246271701829e-03,2.514304458261768604e-08,2.567609393594993605e+01,5.251001570335392188e+01,8.612302131118372927e+03,1.442715480492372038e+01
7.210714246271701829e-03,2.514304458261768604e-08,2.567609393594993605e+01,5.251001570335392188e+01,8.612302131118372927e+03,1.442715480492372038e+01
7.210714246271701829e-03,2.514304458261768604e-08,2.567609393594993605e+01,5.251001570335392188e+01,8.612302131118372927e+03,1.442715480492372038e+01
7.210714246271701829e-03,2.514304458261768604e-08,2.567609393594993605e+01,5.251001570335392188e+01,8.612302131118372927e+03,1.442715480492372038e+01
7.210714246271701829e-03,2.514304458261768604e-08,2.567609393594993605e+01,5.251001570335392188e+01,8.612302131118372927e+03,1.442715480492372038e+01
7.210714246271701829e-03,2.514304458261768604e-08,2.567609393594993605e+01,5.251001570335392188e+01,8.612302131118372927e+03,1.442715480492372038e+01
7.210714246271701829e-03,2.514304458261768604e-08,2.567609393594993605e+01,5.251001570335392188e+01,8.612302131118372927e+03,1.442715480492372038e+01
7.210714246271701829e-03,2.514304458261768604e-08,2.567609393594993605e+01,5.251001570335392188e+01,8.612302131118372927e+03,1.442715480492372038e+01
7.210714246271701829e-03,2.514304458261768604e-08,2.567609393594993605e+01,5.251001570335392188e+01,8.612302131118372927e+03,1.442715480492372038e+01
7.210714246271701829e-03,2.514304458261768604e-08,2.567609393594993605e+01,5.251001570335392188e+01,8.612302131118372927e+03,1.442715480492372038e+01
7.240282294651376009e-03,2.524002759848749882e-08,2.537239787393892598e+01,5.239006371512002858e+01,8.555410254674812677e+03,1.457262265017293679e+01
7.240282294651376009e-03,2.524002759848749882e-08,2.537239787393892598e+01,5.239006371512002858e+01,8.555410254674812677e+03,1.457262265017293679e+01
7.249969483862478935e-03,2.507164079241103718e-08,2.617077914811646977e+01,5.245402971845841478e+01,8.678259763181820745e+03,1.447408334533180962e+01
7.249969483862478935e-03,2.507164079241103718e-08,2.617077914811646977e+01,5.245402971845841478e+01,8.678259763181820745e+03,1.447408334533180962e+01
7.249969483862478935e-03,2.507164079241103718e-08,2.617077914811646977e+01,5.245402971845841478e+01,8.678259763181820745e+03,1.447408334533180962e+01
7.249969483862478935e-03,2.507164079241103718e-08,2.617077914811646977e+01,5.245402971845841478e+01,8.678259763181820745e+03,1.447408334533180962e+01
7.249969483862478935e-03,2.507164079241103718e-08,2.617077914811646977e+01,5.245402971845841478e+01,8.678259763181820745e+03,1.447408334533180962e+01
7.249969483862478935e-03,2.507164079241103718e-08,2.617077914811646977e+01,5.245402971845841478e+01,8.678259763181820745e+03,1.447408334533180962e+01
7.249969483862478935e-03,2.507164079241103718e-08,2.617077914811646977e+01,5.245402971845841478e+01,8.678259763181820745e+03,1.447408334533180962e+01
7.249969483862478935e-03,2.507164079241103718e-08,2.617077914811646977e+01,5.245402971845841478e+01,8.678259763181820745e+03,1.447408334533180962e+01
7.249969483862478935e-03,2.507164079241103718e-08,2.617077914811646977e+01,5.245402971845841478e+01,8.678259763181820745e+03,1.447408334533180962e+01
7.249969483862478935e-03,2.507164079241103718e-08,2.617077914811646977e+01,5.245402971845841478e+01,8.678259763181820745e+03,1.447408334533180962e+01
7.249969483862478935e-03,2.507164079241103718e-08,2.617077914811646977e+01,5.245402971845841478e+01,8.678259763181820745e+03,1.447408334533180962e+01
7.249969483862478935e-03,2.507164079241103718e-08,2.617077914811646977e+01,5.245402971845841478e+01,8.678259763181820745e+03,1.447408334533180962e+01
7.249969483862478935e-03,2.507164079241103718e-08,2.617077914811646977e+01,5.245402971845841478e+01,8.678259763181820745e+03,1.447408334533180962e+01
7.249969483862478935e-03,2.507164079241103718e-08,2.617077914811646977e+01,5.245402971845841478e+01,8.678259763181820745e+03,1.447408334533180962e+01
7.249969483862478935e-03,2.507164079241103718e-08,2.617077914811646977e+01,5.245402971845841478e+01,8.678259763181820745e+03,1.447408334533180962e+01
7.249969483862478935e-03,2.507164079241103718e-08,2.617077914811646977e+01,5.245402971845841478e+01,8.678259763181820745e+03,1.447408334533180962e+01
7.249969483862478935e-03,2.507164079241103718e-08,2.617077914811646977e+01,5.245402971845841478e+01,8.678259763181820745e+03,1.447408334533180962e+01
7.249969483862478935e-03,2.507164079241103718e-08,2.617077914811646977e+01,5.245402971845841478e+01,8.678259763181820745e+03,1.447408334533180962e+01
7.249969483862478935e-03,2.507164079241103718e-08,2.617077914811646977e+01,5.245402971845841478e+01,8.678259763181820745e+03,1.447408334533180962e+01
7.249969483862478935e-03,2.507164079241103718e-08,2.617077914811646977e+01,5.245402971845841478e+01,8.678259763181820745e+03,1.447408334533180962e+01
7.249969483862478935e-03,2.507164079241103718e-08,2.617077914811646977e+01,5.245402971845841478e+01,8.678259763181820745e+03,1.447408334533180962e+01
7.249969483862478935e-03,2.507164079241103718e-08,2.617077914811646977e+01,5.245402971845841478e+01,8.678259763181820745e+03,1.447408334533180962e+01
7.249969483862478935e-03,2.507164079241103718e-08,2.617077914811646977e+01,5.245402971845841478e+01,8.678259763181820745e+03,1.447408334533180962e+01
7.249969483862478935e-03,2.507164079241103718e-08,2.617077914811646977e+01,5.245402971845841478e+01,8.678259763181820745e+03,1.447408334533180962e+01
7.249969483862478935e-03,2.507164079241103718e-08,2.617077914811646977e+01,5.245402971845841478e+01,8.678259763181820745e+03,1.447408334533180962e+01
7.249969483862478935e-03,2.507164079241103718e-08,2.617077914811646977e+01,5.245402971845841478e+01,8.678259763181820745e+03,1.447408334533180962e+01
7.249391211104475041e-03,2.507283902002634427e-08,2.616880614990935072e+01,5.245241686825584537e+01,8.678567471400854629e+03,1.447649255337432628e+01
7.249391211104475041e-03,2.507283902002634427e-08,2.616880614990935072e+01,5.245241686825584537e+01,8.678567471400854629e+03,1.447649255337432628e+01
7.249391211104475041e-03,2.507283902002634427e-08,2.616880614990935072e+01,5.245241686825584537e+01,8.678567471400854629e+03,1.447649255337432628e+01
7.249977919192145473e-03,2.507190932370337031e-08,2.618259992477365117e+01,5.246175501517093664e+01,8.681401214541894660e+03,1.447503874400095647e+01
7.249921418910583622e-03,2.507182610181740540e-08,2.618189998444256261e+01,5.246112337107227575e+01,8.681244051231013145e+03,1.447499149799998897e+01
7.249921418910583622e-03,2.507182610181740540e-08,2.618189998444256261e+01,5.246112337107227575e+01,8.681244051231013145e+03,1.447499149799998897e+01
7.249916645603712330e-03,2.507183662995969296e-08,2.618186140172311838e+01,5.246110452858234652e+01,8.681241500925691071e+03,1.447500410531826454e+01
7.249916645603712330e-03,2.507183662995969296e-08,2.618186140172311838e+01,5.246110452858234652e+01,8.681241500925691071e+03,1.447500410531826454e+01
7.249916645603712330e-03,2.507183662995969296e-08,2.618186140172311838e+01,5.246110452858234652e+01,8.681241500925691071e+03,1.447500410531826454e+01
7.249916645603712330e-03,2.507183662995969296e-08,2.618186140172311838e+01,5.246110452858234652e+01,8.681241500925691071e+03,1.447500410531826454e+01
7.253014510320413000e-03,2.506580544658339925e-08,2.618915952944956871e+01,5.246351680097780701e+01,8.680611247315364380e+03,1.447107451167043557e+01
7.256352897333850221e-03,2.506051091552560750e-08,2.622501098243068895e+01,5.248902901142169242e+01,8.685980331641470912e+03,1.446133283037497286e+01
7.256352897333850221e-03,2.506051091552560750e-08,2.622501098243068895e+01,5.248902901142169242e+01,8.685980331641470912e+03,1.446133283037497286e+01
7.256352897333850221e-03,2.506051091552560750e-08,2.622501098243068895e+01,5.248902901142169242e+01,8.685980331641470912e+03,1.446133283037497286e+01
7.256352897333850221e-03,2.506051091552560750e-08,2.622501098243068895e+01,5.248902901142169242e+01,8.685980331641470912e+03,1.446133283037497286e+01
7.256352897333850221e-03,2.506051091552560750e-08,2.622501098243068895e+01,5.248902901142169242e+01,8.685980331641470912e+03,1.446133283037497286e+01
7.256352897333850221e-03,2.506051091552560750e-08,2.622501098243068895e+01,5.248902901142169242e+01,8.685980331641470912e+03,1.446133283037497286e+01
7.269178723701781066e-03,2.504012679391004018e-08,2.631788624347107586e+01,5.253631798123311825e+01,8.693665214616441517e+03,1.444064403761163717e+01
7.269178723701781066e-03,2.504012679391004018e-08,2.631788624347107586e+01,5.253631798123311825e+01,8.693665214616441517e+03,1.444064403761163717e+01
7.269178723701781066e-03,2.504012679391004018e-08,2.631788624347107586e+01,5.253631798123311825e+01,8.693665214616441517e+03,1.444064403761163717e+01
7.269178723701781066e-03,2.504012679391004018e-08,2.631788624347107586e+01,5.253631798123311825e+01,8.693665214616441517e+03,1.444064403761163717e+01
7.269178723701781066e-03,2.504012679391004018e-08,2.631788624347107586e+01,5.253631798123311825e+01,8.693665214616441517e+03,1.444064403761163717e+01
7.270134199012940820e-03,2.503926246426869536e-08,2.632588238033874362e+01,5.254153472324653507e+01,8.694757975712223924e+03,1.443940406773495155e+01
7.270134199012940820e-03,2.503926246426869536e-08,2.632588238033874362e+01,5.254153472324653507e+01,8.694757975712223924e+03,1.443940406773495155e+01
7.270134199012940820e-03,2.503926246426869536e-08,2.632588238033874362e+01,5.254153472324653507e+01,8.694757975712223924e+03,1.443940406773495155e+01
7.270134199012940820e-03,2.503926246426869536e-08,2.632588238033874362e+01,5.254153472324653507e+01,8.694757975712223924e+03,1.443940406773495155e+01
7.270134199012940820e-03,2.503926246426869536e-08,2.632588238033874362e+01,5.254153472324653507e+01,8.694757975712223924e+03,1.443940406773495155e+01
7.270134199012940820e-03,2.503926246426869536e-08,2.632588238033874362e+01,5.254153472324653507e+01,8.694757975712223924e+03,1.443940406773495155e+01
7.270134199012940820e-03,2.503926246426869536e-08,2.632588238033874362e+01,5.254153472324653507e+01,8.694757975712223924e+03,1.443940406773495155e+01
7.270134199012940820e-03,2.503926246426869536e-08,2.632588238033874362e+01,5.254153472324653507e+01,8.694757975712223924e+03,1.443940406773495155e+01
7.270134199012940820e-03,2.503926246426869536e-08,2.632588238033874362e+01,5.254153472324653507e+01,8.694757975712223924e+03,1.443940406773495155e+01
7.270134199012940820e-03,2.503926246426869536e-08,2.632588238033874362e+01,5.254153472324653507e+01,8.694757975712223924e+03,1.443940406773495155e+01
7.270134199012940820e-03,2.503926246426869536e-08,2.632588238033874362e+01,5.254153472324653507e+01,8.694757975712223924e+03,1.443940406773495155e+01
7.270134199012940820e-03,2.503926246426869536e-08,2.632588238033874362e+01,5.254153472324653507e+01,8.694757975712223924e+03,1.443940406773495155e+01
7.270134199012940820e-03,2.503926246426869536e-08,2.632588238033874362e+01,5.254153472324653507e+01,8.694757975712223924e+03,1.443940406773495155e+01
7.270134199012940820e-03,2.503926246426869536e-08,2.632588238033874362e+01,5.254153472324653507e+01,8.694757975712223924e+03,1.443940406773495155e+01
7.270134199012940820e-03,2.503926246426869536e-08,2.632588238033874362e+01,5.254153472324653507e+01,8.694757975712223924e+03,1.443940406773495155e+01
7.270134199012940820e-03,2.503926246426869536e-08,2.632588238033874362e+01,5.254153472324653507e+01,8.694757975712223924e+03,1.443940406773495155e+01
7.270134199012940820e-03,2.503926246426869536e-08,2.632588238033874362e+01,5.254153472324653507e+01,8.694757975712223924e+03,1.443940406773495155e+01
7.270134199012940820e-03,2.503926246426869536e-08,2.632588238033874362e+01,5.254153472324653507e+01,8.694757975712223924e+03,1.443940406773495155e+01
7.270134199012940820e-03,2.503926246426869536e-08,2.632588238033874362e+01,5.254153472324653507e+01,8.694757975712223924e+03,1.443940406773495155e+01
7.270134199012940820e-03,2.503926246426869536e-08,2.632588238033874362e+01,5.254153472324653507e+01,8.694757975712223924e+03,1.443940406773495155e+01
7.270134199012940820e-03,2.503926246426869536e-08,2.632588238033874362e+01,5.254153472324653507e+01,8.694757975712223924e+03,1.443940406773495155e+01
7.270134199012940820e-03,2.503926246426869536e-08,2.632588238033874362e+01,5.254153472324653507e+01,8.694757975712223924e+03,1.443940406773495155e+01
7.270134199012940820e-03,2.503926246426869536e-08,2.632588238033874362e+01,5.254153472324653507e+01,8.694757975712223924e+03,1.443940406773495155e+01
7.270134199012940820e-03,2.503926246426869536e-08,2.632588238033874362e+01,5.254153472324653507e+01,8.694757975712223924e+03,1.443940406773495155e+01
7.141423667198106701e-03,2.515198156333394210e-08,2.630773844158429497e+01,5.250700830144391063e+01,8.791284754319754938e+03,1.451670001378572117e+01
7.110788964901641925e-03,2.518557679563496006e-08,2.635767115918613612e+01,5.255088361975741407e+01,8.833580536683410173e+03,1.452184487704226079e+01
7.110788964901641925e-03,2.518557679563496006e-08,2.635767115918613612e+01,5.255088361975741407e+01,8.833580536683410173e+03,1.452184487704226079e+01
7.110788964901641925e-03,2.518557679563496006e-08,2.635767115918613612e+01,5.255088361975741407e+01,8.833580536683410173e+03,1.452184487704226079e+01
7.137197751188776619e-03,2.515210587522934021e-08,2.634616124609328125e+01,5.255200674317109844e+01,8.810835206496692990e+03,1.449285041316813327e+01
7.150437064952025468e-03,2.514335352579107864e-08,2.632494332175265228e+01,5.254078499488192477e+01,8.795388709407550778e+03,1.449169703545705445e+01
7.150787960009987766e-03,2.514301571804458004e-08,2.632044876739544037e+01,5.253758754338097958e+01,8.793846007901200210e+03,1.449184284144899770e+01
7.150787960009987766e-03,2.514301571804458004e-08,2.632044876739544037e+01,5.253758754338097958e+01,8.793846007901200210e+03,1.449184284144899770e+01
7.150787960009987766e-03,2.514301571804458004e-08,2.632044876739544037e+01,5.253758754338097958e+01,8.793846007901200210e+03,1.449184284144899770e+01
7.099957838838949313e-03,2.519578356435438190e-08,2.615374836179521623e+01,5.251074578695329365e+01,8.796778775110295101e+03,1.452804160177625015e+01
7.097871506444065025e-03,2.520771518849750931e-08,2.614628289695946961e+01,5.251785029549461115e+01,8.801027191536168175e+03,1.453544991870145608e+01
7.097871506444065025e-03,2.520771518849750931e-08,2.614628289695946961e+01,5.251785029549461115e+01,8.801027191536168175e+03,1.453544991870145608e+01
7.052255172093216742e-03,2.531601701930616915e-08,2.613934370382822436e+01,5.251891665035022072e+01,8.864109377265831426e+03,1.462522520912912150e+01
7.052255172093216742e-03,2.531601701930616915e-08,2.613934370382822436e+01,5.251891665035022072e+01,8.864109377265831426e+03,1.462522520912912150e+01
7.052255172093216742e-03,2.531601701930616915e-08,2.613934370382822436e+01,5.251891665035022072e+01,8.864109377265831426e+03,1.462522520912912150e+01
6.886776173076787980e-03,2.551358114973194784e-08,2.605281851509164781e+01,5.251254891573455552e+01,8.993189984372216713e+03,1.474279766592472818e+01
6.886776173076787980e-03,2.551358114973194784e-08,2.605281851509164781e+01,5.251254891573455552e+01,8.993189984372216713e+03,1.474279766592472818e+01
6.886776173076787980e-03,2.551358114973194784e-08,2.605281851509164781e+01,5.251254891573455552e+01,8.993189984372216713e+03,1.474279766592472818e+01
7.249836820035985251e-03,2.507185811234339809e-08,2.617110001037420020e+01,5.245441450547080819e+01,8.678417284481100069e+03,1.447407025160985405e+01
7.249836820035985251e-03,2.507185811234339809e-08,2.617110001037420020e+01,5.245441450547080819e+01,8.678417284481100069e+03,1.447407025160985405e+01
7.249836820035985251e-03,2.507185811234339809e-08,2.617110001037420020e+01,5.245441450547080819e+01,8.678417284481100069e+03,1.447407025160985405e+01
7.249836820035985251e-03,2.507185811234339809e-08,2.617110001037420020e+01,5.245441450547080819e+01,8.678417284481100069e+03,1.447407025160985405e+01
7.249836820035985251e-03,2.507185811234339809e-08,2.617110001037420020e+01,5.245441450547080819e+01,8.678417284481100069e+03,1.447407025160985405e+01
7.249836820035985251e-03,2.507185811234339809e-08,2.617110001037420020e+01,5.245441450547080819e+01,8.678417284481100069e+03,1.447407025160985405e+01
7.249836820035985251e-03,2.507185811234339809e-08,2.617110001037420020e+01,5.245441450547080819e+01,8.678417284481100069e+03,1.447407025160985405e+01
7.249836820035985251e-03,2.507185811234339809e-08,2.617110001037420020e+01,5.245441450547080819e+01,8.678417284481100069e+03,1.447407025160985405e+01
7.249836820035985251e-03,2.507185811234339809e-08,2.617110001037420020e+01,5.245441450547080819e+01,8.678417284481100069e+03,1.447407025160985405e+01
7.249836820035985251e-03,2.507185811234339809e-08,2.617110001037420020e+01,5.245441450547080819e+01,8.678417284481100069e+03,1.447407025160985405e+01
7.249836820035985251e-03,2.507185811234339809e-08,2.617110001037420020e+01,5.245441450547080819e+01,8.678417284481100069e+03,1.447407025160985405e+01
7.249836820035985251e-03,2.507185811234339809e-08,2.617110001037420020e+01,5.245441450547080819e+01,8.678417284481100069e+03,1.447407025160985405e+01
7.249836820035985251e-03,2.507185811234339809e-08,2.617110001037420020e+01,5.245441450547080819e+01,8.678417284481100069e+03,1.447407025160985405e+01
7.249836820035985251e-03,2.507185811234339809e-08,2.617110001037420020e+01,5.245441450547080819e+01,8.678417284481100069e+03,1.447407025160985405e+01
7.249836820035985251e-03,2.507185811234339809e-08,2.617110001037420020e+01,5.245441450547080819e+01,8.678417284481100069e+03,1.447407025160985405e+01
7.249836820035985251e-03,2.507185811234339809e-08,2.617110001037420020e+01,5.245441450547080819e+01,8.678417284481100069e+03,1.447407025160985405e+01
7.249836820035985251e-03,2.507185811234339809e-08,2.617110001037420020e+01,5.245441450547080819e+01,8.678417284481100069e+03,1.447407025160985405e+01
7.249836820035985251e-03,2.507185811234339809e-08,2.617110001037420020e+01,5.245441450547080819e+01,8.678417284481100069e+03,1.447407025160985405e+01
7.249836820035985251e-03,2.507185811234339809e-08,2.617110001037420020e+01,5.245441450547080819e+01,8.678417284481100069e+03,1.447407025160985405e+01
7.249836820035985251e-03,2.507185811234339809e-08,2.617110001037420020e+01,5.245441450547080819e+01,8.678417284481100069e+03,1.447407025160985405e+01
7.249836820035985251e-03,2.507185811234339809e-08,2.617110001037420020e+01,5.245441450547080819e+01,8.678417284481100069e+03,1.447407025160985405e+01
7.249836820035985251e-03,2.507185811234339809e-08,2.617110001037420020e+01,5.245441450547080819e+01,8.678417284481100069e+03,1.447407025160985405e+01
7.249836820035985251e-03,2.507185811234339809e-08,2.617110001037420020e+01,5.245441450547080819e+01,8.678417284481100069e+03,1.447407025160985405e+01
7.252703116274483199e-03,2.506279248012480122e-08,2.618562806023134826e+01,5.246358442870938887e+01,8.677965044372091143e+03,1.445827398702741107e+01
7.251871523725208178e-03,2.506315887987598629e-08,2.619110440768115566e+01,5.246591533337149116e+01,8.680336079228241942e+03,1.445790445381034317e+01
7.251871523725208178e-03,2.506315887987598629e-08,2.619110440768115566e+01,5.246591533337149116e+01,8.680336079228241942e+03,1.445790445381034317e+01
7.251871523725208178e-03,2.506315887987598629e-08,2.619110440768115566e+01,5.246591533337149116e+01,8.680336079228241942e+03,1.445790445381034317e+01
7.251871523725208178e-03,2.506315887987598629e-08,2.619110440768115566e+01,5.246591533337149116e+01,8.680336079228241942e+03,1.445790445381034317e+01
7.251871523725208178e-03,2.506315887987598629e-08,2.619110440768115566e+01,5.246591533337149116e+01,8.680336079228241942e+03,1.445790445381034317e+01
7.251878048189629167e-03,2.506313309037290004e-08,2.619116010154750285e+01,5.246595043768065381e+01,8.680339426615848424e+03,1.445785497481113069e+01
7.252116873173525963e-03,2.506223468220212723e-08,2.619260561055938297e+01,5.246673689102227911e+01,8.680379630449040633e+03,1.445659695917746745e+01
7.252116873173525963e-03,2.506223468220212723e-08,2.619260561055938297e+01,5.246673689102227911e+01,8.680379630449040633e+03,1.445659695917746745e+01
7.252116873173525963e-03,2.506223468220212723e-08,2.619260561055938297e+01,5.246673689102227911e+01,8.680379630449040633e+03,1.445659695917746745e+01
7.252116873173525963e-03,2.506223468220212723e-08,2.619260561055938297e+01,5.246673689102227911e+01,8.680379630449040633e+03,1.445659695917746745e+01
7.252128384628088974e-03,2.506219016487762740e-08,2.619261737955935843e+01,5.246671038750026383e+01,8.680379109839464945e+03,1.445656760647623607e+01
7.252727169200609732e-03,2.506151206680804583e-08,2.619689265845470416e+01,5.246979909003039921e+01,8.681601198961940099e+03,1.445599861551509235e+01
7.252600365457374972e-03,2.506206313271302945e-08,2.619689888462492888e+01,5.247025673725300976e+01,8.681653270560887904e+03,1.445635743845933163e+01
7.250777780725940411e-03,2.506334608509852355e-08,2.618748953510917943e+01,5.246349959247803696e+01,8.680584475028828820e+03,1.445813162873511537e+01
7.247053194077948853e-03,2.506055076346029662e-08,2.618955781390499737e+01,5.246126484985455818e+01,8.682315778764144852e+03,1.445124461169573848e+01
7.247053194077948853e-03,2.506055076346029662e-08,2.618955781390499737e+01,5.246126484985455818e+01,8.682315778764144852e+03,1.445124461169573848e+01
7.247053194077948853e-03,2.506055076346029662e-08,2.618955781390499737e+01,5.246126484985455818e+01,8.682315778764144852e+03,1.445124461169573848e+01
7.247053194077948853e-03,2.506055076346029662e-08,2.618955781390499737e+01,5.246126484985455818e+01,8.682315778764144852e+03,1.445124461169573848e+01
7.247053194077948853e-03,2.506055076346029662e-08,2.618955781390499737e+01,5.246126484985455818e+01,8.682315778764144852e+03,1.445124461169573848e+01
7.247053194077948853e-03,2.506055076346029662e-08,2.618955781390499737e+01,5.246126484985455818e+01,8.682315778764144852e+03,1.445124461169573848e+01
7.248273255588228922e-03,2.505094653597263721e-08,2.621360141223120266e+01,5.246663113898166841e+01,8.683248869643646685e+03,1.443643269413227870e+01
7.248273255588228922e-03,2.505094653597263721e-08,2.621360141223120266e+01,5.246663113898166841e+01,8.683248869643646685e+03,1.443643269413227870e+01
7.248273255588228922e-03,2.505094653597263721e-08,2.621360141223120266e+01,5.246663113898166841e+01,8.683248869643646685e+03,1.443643269413227870e+01
7.248273255588228922e-03,2.505094653597263721e-08,2.621360141223120266e+01,5.246663113898166841e+01,8.683248869643646685e+03,1.443643269413227870e+01
7.248824750627497725e-03,2.505610831225752225e-08,2.620252384780006594e+01,5.247042766576328177e+01,8.681966019852992758e+03,1.444218037733930515e+01
7.248824750627497725e-03,2.505610831225752225e-08,2.620252384780006594e+01,5.247042766576328177e+01,8.681966019852992758e+03,1.444218037733930515e+01
7.248824750627497725e-03,2.505610831225752225e-08,2.620252384780006594e+01,5.247042766576328177e+01,8.681966019852992758e+03,1.444218037733930515e+01
7.248824750627497725e-03,2.505610831225752225e-08,2.620252384780006594e+01,5.247042766576328177e+01,8.681966019852992758e+03,1.444218037733930515e+01
7.249567208736849150e-03,2.505091502314448689e-08,2.621335406681876279e+01,5.247242512760053046e+01,8.681473940324247451e+03,1.443401929471714951e+01
7.249567208736849150e-03,2.505091502314448689e-08,2.621335406681876279e+01,5.247242512760053046e+01,8.681473940324247451e+03,1.443401929471714951e+01
7.249567208736849150e-03,2.505091502314448689e-08,2.621335406681876279e+01,5.247242512760053046e+01,8.681473940324247451e+03,1.443401929471714951e+01
7.249567208736849150e-03,2.505091502314448689e-08,2.621335406681876279e+01,5.247242512760053046e+01,8.681473940324247451e+03,1.443401929471714951e+01
7.249567208736849150e-03,2.505091502314448689e-08,2.621335406681876279e+01,5.247242512760053046e+01,8.681473940324247451e+03,1.443401929471714951e+01
7.249567208736849150e-03,2.505091502314448689e-08,2.621335406681876279e+01,5.247242512760053046e+01,8.681473940324247451e+03,1.443401929471714951e+01
7.249567208736849150e-03,2.505091502314448689e-08,2.621335406681876279e+01,5.247242512760053046e+01,8.681473940324247451e+03,1.443401929471714951e+01
7.249567208736849150e-03,2.505091502314448689e-08,2.621335406681876279e+01,5.247242512760053046e+01,8.681473940324247451e+03,1.443401929471714951e+01
7.249567208736849150e-03,2.505091502314448689e-08,2.621335406681876279e+01,5.247242512760053046e+01,8.681473940324247451e+03,1.443401929471714951e+01
7.249567208736849150e-03,2.505091502314448689e-08,2.621335406681876279e+01,5.247242512760053046e+01,8.681473940324247451e+03,1.443401929471714951e+01
7.249567208736849150e-03,2.505091502314448689e-08,2.621335406681876279e+01,5.247242512760053046e+01,8.681473940324247451e+03,1.443401929471714951e+01
7.249567208736849150e-03,2.505091502314448689e-08,2.621335406681876279e+01,5.247242512760053046e+01,8.681473940324247451e+03,1.443401929471714951e+01
7.249567208736849150e-03,2.505091502314448689e-08,2.621335406681876279e+01,5.247242512760053046e+01,8.681473940324247451e+03,1.443401929471714951e+01
7.237844783443683414e-03,2.511575575704074178e-08,2.611429658492543027e+01,5.246485450357627656e+01,8.693138665320437212e+03,1.451152749928967722e+01
7.255958151429589206e-03,2.509333684933585746e-08,2.616232085964785270e+01,5.248874268755789529e+01,8.687268630858150573e+03,1.449533185914516942e+01
7.255958151429589206e-03,2.509333684933585746e-08,2.616232085964785270e+01,5.248874268755789529e+01,8.687268630858150573e+03,1.449533185914516942e+01
7.255958151429589206e-03,2.509333684933585746e-08,2.616232085964785270e+01,5.248874268755789529e+01,8.687268630858150573e+03,1.449533185914516942e+01
7.254796038717240339e-03,2.509470999317856996e-08,2.615918830453187383e+01,5.248707682770384508e+01,8.687593314663674391e+03,1.449634382024523838e+01
7.254796038717240339e-03,2.509470999317856996e-08,2.615918830453187383e+01,5.248707682770384508e+01,8.687593314663674391e+03,1.449634382024523838e+01
7.254796038717240339e-03,2.509470999317856996e-08,2.615918830453187383e+01,5.248707682770384508e+01,8.687593314663674391e+03,1.449634382024523838e+01
7.254796038717240339e-03,2.509470999317856996e-08,2.615918830453187383e+01,5.248707682770384508e+01,8.687593314663674391e+03,1.449634382024523838e+01
7.254754880290512770e-03,2.509466351731093574e-08,2.615905252206267306e+01,5.248619980569062449e+01,8.687480432962223858e+03,1.449657492784679391e+01
7.254754880290512770e-03,2.509466351731093574e-08,2.615905252206267306e+01,5.248619980569062449e+01,8.687480432962223858e+03,1.449657492784679391e+01
7.254754880290512770e-03,2.509466351731093574e-08,2.615905252206267306e+01,5.248619980569062449e+01,8.687480432962223858e+03,1.449657492784679391e+01
7.254754880290512770e-03,2.509466351731093574e-08,2.615905252206267306e+01,5.248619980569062449e+01,8.687480432962223858e+03,1.449657492784679391e+01
7.254754880290512770e-03,2.509466351731093574e-08,2.615905252206267306e+01,5.248619980569062449e+01,8.687480432962223858e+03,1.449657492784679391e+01
7.254754880290512770e-03,2.509466351731093574e-08,2.615905252206267306e+01,5.248619980569062449e+01,8.687480432962223858e+03,1.449657492784679391e+01
7.254754880290512770e-03,2.509466351731093574e-08,2.615905252206267306e+01,5.248619980569062449e+01,8.687480432962223858e+03,1.449657492784679391e+01
7.254754880290512770e-03,2.509466351731093574e-08,2.615905252206267306e+01,5.248619980569062449e+01,8.687480432962223858e+03,1.449657492784679391e+01
7.254754880290512770e-03,2.509466351731093574e-08,2.615905252206267306e+01,5.248619980569062449e+01,8.687480432962223858e+03,1.449657492784679391e+01
7.255574952103812335e-03,2.509958250005713901e-08,2.614881129113980762e+01,5.251249632010859614e+01,8.687571245828767132e+03,1.448325405563891266e+01
7.255574952103812335e-03,2.509958250005713901e-08,2.614881129113980762e+01,5.251249632010859614e+01,8.687571245828767132e+03,1.448325405563891266e+01
7.255574952103812335e-03,2.509958250005713901e-08,2.614881129113980762e+01,5.251249632010859614e+01,8.687571245828767132e+03,1.448325405563891266e+01
7.255574952103812335e-03,2.509958250005713901e-08,2.614881129113980762e+01,5.251249632010859614e+01,8.687571245828767132e+03,1.448325405563891266e+01
7.255574952103812335e-03,2.509958250005713901e-08,2.614881129113980762e+01,5.251249632010859614e+01,8.687571245828767132e+03,1.448325405563891266e+01
7.255574952103812335e-03,2.509958250005713901e-08,2.614881129113980762e+01,5.251249632010859614e+01,8.687571245828767132e+03,1.448325405563891266e+01
7.255574952103812335e-03,2.509958250005713901e-08,2.614881129113980762e+01,5.251249632010859614e+01,8.687571245828767132e+03,1.448325405563891266e+01
7.255574952103812335e-03,2.509958250005713901e-08,2.614881129113980762e+01,5.251249632010859614e+01,8.687571245828767132e+03,1.448325405563891266e+01
7.249895519343970730e-03,2.507159996121034719e-08,2.617065508918276251e+01,5.245456001786614308e+01,8.678377568233414422e+03,1.447394449334017530e+01
7.249895519343970730e-03,2.507159996121034719e-08,2.617065508918276251e+01,5.245456001786614308e+01,8.678377568233414422e+03,1.447394449334017530e+01
7.249895519343970730e-03,2.507159996121034719e-08,2.617065508918276251e+01,5.245456001786614308e+01,8.678377568233414422e+03,1.447394449334017530e+01
7.249895519343970730e-03,2.507159996121034719e-08,2.617065508918276251e+01,5.245456001786614308e+01,8.678377568233414422e+03,1.447394449334017530e+01
7.249895519343970730e-03,2.507159996121034719e-08,2.617065508918276251e+01,5.245456001786614308e+01,8.678377568233414422e+03,1.447394449334017530e+01
7.249880658668450724e-03,2.507157781962644708e-08,2.617072893143835088e+01,5.245460657741727317e+01,8.678407671338918590e+03,1.447393863119168422e+01
7.249880658668450724e-03,2.507157781962644708e-08,2.617072893143835088e+01,5.245460657741727317e+01,8.678407671338918590e+03,1.447393863119168422e+01
7.249880658668450724e-03,2.507157781962644708e-08,2.617072893143835088e+01,5.245460657741727317e+01,8.678407671338918590e+03,1.447393863119168422e+01
7.249880658668450724e-03,2.507157781962644708e-08,2.617072893143835088e+01,5.245460657741727317e+01,8.678407671338918590e+03,1.447393863119168422e+01
7.249880658668450724e-03,2.507157781962644708e-08,2.617072893143835088e+01,5.245460657741727317e+01,8.678407671338918590e+03,1.447393863119168422e+01
7.249880658668450724e-03,2.507157781962644708e-08,2.617072893143835088e+01,5.245460657741727317e+01,8.678407671338918590e+03,1.447393863119168422e+01
7.249880658668450724e-03,2.507157781962644708e-08,2.617072893143835088e+01,5.245460657741727317e+01,8.678407671338918590e+03,1.447393863119168422e+01
7.249880658668450724e-03,2.507157781962644708e-08,2.617072893143835088e+01,5.245460657741727317e+01,8.678407671338918590e+03,1.447393863119168422e+01
7.252287249725180261e-03,2.506153950015161572e-08,2.617710974040779348e+01,5.245743007598931484e+01,8.675395462603964916e+03,1.445875215579909501e+01
7.252270503459611571e-03,2.506159946664969507e-08,2.617706297078228062e+01,5.245741101978712351e+01,8.675412379321311164e+03,1.445884258970353997e+01
7.252270503459611571e-03,2.506159946664969507e-08,2.617706297078228062e+01,5.245741101978712351e+01,8.675412379321311164e+03,1.445884258970353997e+01
7.252256758271425144e-03,2.506148959381029593e-08,2.617705773250738588e+01,5.245731146165756797e+01,8.675371979143859789e+03,1.445869678206176978e+01
7.252256758271425144e-03,2.506148959381029593e-08,2.617705773250738588e+01,5.245731146165756797e+01,8.675371979143859789e+03,1.445869678206176978e+01
7.252256758271425144e-03,2.506148959381029593e-08,2.617705773250738588e+01,5.245731146165756797e+01,8.675371979143859789e+03,1.445869678206176978e+01
7.252942250864484637e-03,2.506095008220596944e-08,2.617799991320468322e+01,5.245835440074228728e+01,8.675195554049932980e+03,1.445846950949430187e+01
7.251757658120424645e-03,2.505623709047936354e-08,2.617829492701964611e+01,5.245568961284836718e+01,8.674095200768269933e+03,1.444892477389263696e+01
7.251757658120424645e-03,2.505623709047936354e-08,2.617829492701964611e+01,5.245568961284836718e+01,8.674095200768269933e+03,1.444892477389263696e+01
7.251757658120424645e-03,2.505623709047936354e-08,2.617829492701964611e+01,5.245568961284836718e+01,8.674095200768269933e+03,1.444892477389263696e+01
7.251757658120424645e-03,2.505623709047936354e-08,2.617829492701964611e+01,5.245568961284836718e+01,8.674095200768269933e+03,1.444892477389263696e+01
7.251757658120424645e-03,2.505623709047936354e-08,2.617829492701964611e+01,5.245568961284836718e+01,8.674095200768269933e+03,1.444892477389263696e+01
7.251757658120424645e-03,2.505623709047936354e-08,2.617829492701964611e+01,5.245568961284836718e+01,8.674095200768269933e+03,1.444892477389263696e+01
7.251757658120424645e-03,2.505623709047936354e-08,2.617829492701964611e+01,5.245568961284836718e+01,8.674095200768269933e+03,1.444892477389263696e+01
7.251757658120424645e-03,2.505623709047936354e-08,2.617829492701964611e+01,5.245568961284836718e+01,8.674095200768269933e+03,1.444892477389263696e+01
7.251757658120424645e-03,2.505623709047936354e-08,2.617829492701964611e+01,5.245568961284836718e+01,8.674095200768269933e+03,1.444892477389263696e+01
7.251757658120424645e-03,2.505623709047936354e-08,2.617829492701964611e+01,5.245568961284836718e+01,8.674095200768269933e+03,1.444892477389263696e+01
7.251757658120424645e-03,2.505623709047936354e-08,2.617829492701964611e+01,5.245568961284836718e+01,8.674095200768269933e+03,1.444892477389263696e+01
7.251757658120424645e-03,2.505623709047936354e-08,2.617829492701964611e+01,5.245568961284836718e+01,8.674095200768269933e+03,1.444892477389263696e+01
7.251757658120424645e-03,2.505623709047936354e-08,2.617829492701964611e+01,5.245568961284836718e+01,8.674095200768269933e+03,1.444892477389263696e+01
7.251757658120424645e-03,2.505623709047936354e-08,2.617829492701964611e+01,5.245568961284836718e+01,8.674095200768269933e+03,1.444892477389263696e+01
7.251435843827124146e-03,2.505797658425672562e-08,2.617964210826085036e+01,5.245281896232410190e+01,8.675178635659574866e+03,1.445393089476904080e+01
7.251435843827124146e-03,2.505797658425672562e-08,2.617964210826085036e+01,5.245281896232410190e+01,8.675178635659574866e+03,1.445393089476904080e+01
7.246101094567415982e-03,2.506621857034553645e-08,2.616621250842554147e+01,5.244734961521725580e+01,8.678449375512785991e+03,1.446173269268500938e+01
7.247055799774021825e-03,2.506596726511947978e-08,2.616827744033832204e+01,5.244969795511604360e+01,8.678401414561130878e+03,1.446175684375064030e+01
7.247009257718514501e-03,2.506594717289950243e-08,2.616810862231862345e+01,5.244974366868915183e+01,8.678393987156838193e+03,1.446158032259345738e+01
7.247009257718514501e-03,2.506594717289950243e-08,2.616810862231862345e+01,5.244974366868915183e+01,8.678393987156838193e+03,1.446158032259345738e+01
7.248740943914015571e-03,2.506577995499054550e-08,2.617115415244403209e+01,5.245315555369533200e+01,8.678244000479440729e+03,1.446194726671337882e+01
7.237157603655891905e-03,2.508661058309296415e-08,2.614941001777153673e+01,5.244961323791103780e+01,8.689797592898086805e+03,1.448041872887177384e+01
7.237157603655891905e-03,2.508661058309296415e-08,2.614941001777153673e+01,5.244961323791103780e+01,8.689797592898086805e+03,1.448041872887177384e+01
7.237157603655891905e-03,2.508661058309296415e-08,2.614941001777153673e+01,5.244961323791103780e+01,8.689797592898086805e+03,1.448041872887177384e+01
7.237157603655891905e-03,2.508661058309296415e-08,2.614941001777153673e+01,5.244961323791103780e+01,8.689797592898086805e+03,1.448041872887177384e+01
7.237146213373682295e-03,2.508656074870134929e-08,2.614946822332435872e+01,5.244967294406148994e+01,8.689849280252157769e+03,1.448034158192934662e+01
7.237146213373682295e-03,2.508656074870134929e-08,2.614946822332435872e+01,5.244967294406148994e+01,8.689849280252157769e+03,1.448034158192934662e+01
7.237146213373682295e-03,2.508656074870134929e-08,2.614946822332435872e+01,5.244967294406148994e+01,8.689849280252157769e+03,1.448034158192934662e+01
7.221265393307034659e-03,2.511995338502983845e-08,2.620421907759489599e+01,5.251598375668799434e+01,8.723662976854162480e+03,1.448887945218633533e+01
7.221265393307034659e-03,2.511995338502983845e-08,2.620421907759489599e+01,5.251598375668799434e+01,8.723662976854162480e+03,1.448887945218633533e+01
7.221265393307034659e-03,2.511995338502983845e-08,2.620421907759489599e+01,5.251598375668799434e+01,8.723662976854162480e+03,1.448887945218633533e+01
7.221265393307034659e-03,2.511995338502983845e-08,2.620421907759489599e+01,5.251598375668799434e+01,8.723662976854162480e+03,1.448887945218633533e+01
7.221265393307034659e-03,2.511995338502983845e-08,2.620421907759489599e+01,5.251598375668799434e+01,8.723662976854162480e+03,1.448887945218633533e+01
7.221265393307034659e-03,2.511995338502983845e-08,2.620421907759489599e+01,5.251598375668799434e+01,8.723662976854162480e+03,1.448887945218633533e+01
7.213154760020293495e-03,2.513017726901628187e-08,2.621536804582022029e+01,5.252164588890917685e+01,8.735492292325836388e+03,1.449312973260022908e+01
7.213154760020293495e-03,2.513017726901628187e-08,2.621536804582022029e+01,5.252164588890917685e+01,8.735492292325836388e+03,1.449312973260022908e+01
7.213154760020293495e-03,2.513017726901628187e-08,2.621536804582022029e+01,5.252164588890917685e+01,8.735492292325836388e+03,1.449312973260022908e+01
7.213154760020293495e-03,2.513017726901628187e-08,2.621536804582022029e+01,5.252164588890917685e+01,8.735492292325836388e+03,1.449312973260022908e+01
7.213154760020293495e-03,2.513017726901628187e-08,2.621536804582022029e+01,5.252164588890917685e+01,8.735492292325836388e+03,1.449312973260022908e+01
7.173115646782995090e-03,2.521374071676005404e-08,2.619877617473234110e+01,5.257273032465071338e+01,8.795357877204232864e+03,1.454986886424112313e+01
7.090096993435939139e-03,2.536710414101527740e-08,2.617239015711640704e+01,5.265281440158921100e+01,8.900628886658534611e+03,1.463464432336122378e+01
7.090096993435939139e-03,2.536710414101527740e-08,2.617239015711640704e+01,5.265281440158921100e+01,8.900628886658534611e+03,1.463464432336122378e+01
7.090096993435939139e-03,2.536710414101527740e-08,2.617239015711640704e+01,5.265281440158921100e+01,8.900628886658534611e+03,1.463464432336122378e+01
7.090096993435939139e-03,2.536710414101527740e-08,2.617239015711640704e+01,5.265281440158921100e+01,8.900628886658534611e+03,1.463464432336122378e+01
7.090096993435939139e-03,2.536710414101527740e-08,2.617239015711640704e+01,5.265281440158921100e+01,8.900628886658534611e+03,1.463464432336122378e+01
7.090096993435939139e-03,2.536710414101527740e-08,2.617239015711640704e+01,5.265281440158921100e+01,8.900628886658534611e+03,1.463464432336122378e+01
7.090096993435939139e-03,2.536710414101527740e-08,2.617239015711640704e+01,5.265281440158921100e+01,8.900628886658534611e+03,1.463464432336122378e+01
7.090096993435939139e-03,2.536710414101527740e-08,2.617239015711640704e+01,5.265281440158921100e+01,8.900628886658534611e+03,1.463464432336122378e+01
7.090096993435939139e-03,2.536710414101527740e-08,2.617239015711640704e+01,5.265281440158921100e+01,8.900628886658534611e+03,1.463464432336122378e+01
7.090096993435939139e-03,2.536710414101527740e-08,2.617239015711640704e+01,5.265281440158921100e+01,8.900628886658534611e+03,1.463464432336122378e+01
7.089041199202237957e-03,2.536912050082481562e-08,2.617300542977615763e+01,5.265460535632686856e+01,8.902313875596457365e+03,1.463561104818226255e+01
7.089303726767358892e-03,2.536856484241219099e-08,2.617286481481935922e+01,5.265413800444623149e+01,8.901863205870215097e+03,1.463531765944086338e+01
7.089720461410751497e-03,2.536776210027855921e-08,2.617223675500998681e+01,5.265300765597988430e+01,8.900938343537851324e+03,1.463536434857658719e+01
7.090918568766819106e-03,2.536614977821127360e-08,2.617678766959356906e+01,5.265379457418671194e+01,8.900882128660803573e+03,1.463398611752397294e+01
7.090918568766819106e-03,2.536614977821127360e-08,2.617678766959356906e+01,5.265379457418671194e+01,8.900882128660803573e+03,1.463398611752397294e+01
7.090918568766819106e-03,2.536614977821127360e-08,2.617678766959356906e+01,5.265379457418671194e+01,8.900882128660803573e+03,1.463398611752397294e+01
7.090918568766819106e-03,2.536614977821127360e-08,2.617678766959356906e+01,5.265379457418671194e+01,8.900882128660803573e+03,1.463398611752397294e+01
7.090918568766819106e-03,2.536614977821127360e-08,2.617678766959356906e+01,5.265379457418671194e+01,8.900882128660803573e+03,1.463398611752397294e+01
7.090918568766819106e-03,2.536614977821127360e-08,2.617678766959356906e+01,5.265379457418671194e+01,8.900882128660803573e+03,1.463398611752397294e+01
7.090918568766819106e-03,2.536614977821127360e-08,2.617678766959356906e+01,5.265379457418671194e+01,8.900882128660803573e+03,1.463398611752397294e+01
7.090918568766819106e-03,2.536614977821127360e-08,2.617678766959356906e+01,5.265379457418671194e+01,8.900882128660803573e+03,1.463398611752397294e+01
7.090918568766819106e-03,2.536614977821127360e-08,2.617678766959356906e+01,5.265379457418671194e+01,8.900882128660803573e+03,1.463398611752397294e+01
7.090918568766819106e-03,2.536614977821127360e-08,2.617678766959356906e+01,5.265379457418671194e+01,8.900882128660803573e+03,1.463398611752397294e+01
6.964801782157772209e-03,2.559267857791616004e-08,2.640728481482770817e+01,5.296672756205012433e+01,9.145706944724433924e+03,1.470567211730352319e+01
6.964801782157772209e-03,2.559267857791616004e-08,2.640728481482770817e+01,5.296672756205012433e+01,9.145706944724433924e+03,1.470567211730352319e+01
6.964801782157772209e-03,2.559267857791616004e-08,2.640728481482770817e+01,5.296672756205012433e+01,9.145706944724433924e+03,1.470567211730352319e+01
6.964801782157772209e-03,2.559267857791616004e-08,2.640728481482770817e+01,5.296672756205012433e+01,9.145706944724433924e+03,1.470567211730352319e+01
6.964801782157772209e-03,2.559267857791616004e-08,2.640728481482770817e+01,5.296672756205012433e+01,9.145706944724433924e+03,1.470567211730352319e+01
6.964801782157772209e-03,2.559267857791616004e-08,2.640728481482770817e+01,5.296672756205012433e+01,9.145706944724433924e+03,1.470567211730352319e+01
6.964801782157772209e-03,2.559267857791616004e-08,2.640728481482770817e+01,5.296672756205012433e+01,9.145706944724433924e+03,1.470567211730352319e+01
7.249925167754918409e-03,2.507165063919263359e-08,2.617088633706121215e+01,5.245436516060948406e+01,8.678310018191561539e+03,1.447393664980962846e+01
7.249925167754918409e-03,2.507165063919263359e-08,2.617088633706121215e+01,5.245436516060948406e+01,8.678310018191561539e+03,1.447393664980962846e+01
7.249925167754918409e-03,2.507165063919263359e-08,2.617088633706121215e+01,5.245436516060948406e+01,8.678310018191561539e+03,1.447393664980962846e+01
7.249925167754918409e-03,2.507165063919263359e-08,2.617088633706121215e+01,5.245436516060948406e+01,8.678310018191561539e+03,1.447393664980962846e+01
7.249925167754918409e-03,2.507165063919263359e-08,2.617088633706121215e+01,5.245436516060948406e+01,8.678310018191561539e+03,1.447393664980962846e+01
7.249925167754918409e-03,2.507165063919263359e-08,2.617088633706121215e+01,5.245436516060948406e+01,8.678310018191561539e+03,1.447393664980962846e+01
7.249925167754918409e-03,2.507165063919263359e-08,2.617088633706121215e+01,5.245436516060948406e+01,8.678310018191561539e+03,1.447393664980962846e+01
7.249925167754918409e-03,2.507165063919263359e-08,2.617088633706121215e+01,5.245436516060948406e+01,8.678310018191561539e+03,1.447393664980962846e+01
7.249925167754918409e-03,2.507165063919263359e-08,2.617088633706121215e+01,5.245436516060948406e+01,8.678310018191561539e+03,1.447393664980962846e+01
7.249925167754918409e-03,2.507165063919263359e-08,2.617088633706121215e+01,5.245436516060948406e+01,8.678310018191561539e+03,1.447393664980962846e+01
7.249925167754918409e-03,2.507165063919263359e-08,2.617088633706121215e+01,5.245436516060948406e+01,8.678310018191561539e+03,1.447393664980962846e+01
7.249925167754918409e-03,2.507165063919263359e-08,2.617088633706121215e+01,5.245436516060948406e+01,8.678310018191561539e+03,1.447393664980962846e+01
7.249925167754918409e-03,2.507165063919263359e-08,2.617088633706121215e+01,5.245436516060948406e+01,8.678310018191561539e+03,1.447393664980962846e+01
7.249925167754918409e-03,2.507165063919263359e-08,2.617088633706121215e+01,5.245436516060948406e+01,8.678310018191561539e+03,1.447393664980962846e+01
7.249925167754918409e-03,2.507165063919263359e-08,2.617088633706121215e+01,5.245436516060948406e+01,8.678310018191561539e+03,1.447393664980962846e+01
7.249925167754918409e-03,2.507165063919263359e-08,2.617088633706121215e+01,5.245436516060948406e+01,8.678310018191561539e+03,1.447393664980962846e+01
7.249925167754918409e-03,2.507165063919263359e-08,2.617088633706121215e+01,5.245436516060948406e+01,8.678310018191561539e+03,1.447393664980962846e+01
7.249925167754918409e-03,2.507165063919263359e-08,2.617088633706121215e+01,5.245436516060948406e+01,8.678310018191561539e+03,1.447393664980962846e+01
7.249905078051802933e-03,2.507166081877133092e-08,2.617082120996579420e+01,5.245430893132227368e+01,8.678271297764134943e+03,1.447393587147028171e+01
7.249905078051802933e-03,2.507166081877133092e-08,2.617082120996579420e+01,5.245430893132227368e+01,8.678271297764134943e+03,1.447393587147028171e+01
7.249905078051802933e-03,2.507166081877133092e-08,2.617082120996579420e+01,5.245430893132227368e+01,8.678271297764134943e+03,1.447393587147028171e+01
7.249905078051802933e-03,2.507166081877133092e-08,2.617082120996579420e+01,5.245430893132227368e+01,8.678271297764134943e+03,1.447393587147028171e+01
7.249905078051802933e-03,2.507166081877133092e-08,2.617082120996579420e+01,5.245430893132227368e+01,8.678271297764134943e+03,1.447393587147028171e+01
7.249905078051802933e-03,2.507166081877133092e-08,2.617082120996579420e+01,5.245430893132227368e+01,8.678271297764134943e+03,1.447393587147028171e+01
7.249905078051802933e-03,2.507166081877133092e-08,2.617082120996579420e+01,5.245430893132227368e+01,8.678271297764134943e+03,1.447393587147028171e+01
7.248515340877469994e-03,2.507789779784330702e-08,2.617060540338639640e+01,5.245675410666819971e+01,8.680469126151068849e+03,1.448091772493673979e+01
7.248468806783233201e-03,2.507830061899417899e-08,2.616970306229031706e+01,5.245633847196912569e+01,8.680321868473927680e+03,1.448119730145612216e+01
7.248467292205440157e-03,2.507917347050762617e-08,2.617397493277407960e+01,5.246002745750745078e+01,8.681533288747265033e+03,1.448155879882052588e+01
7.248271684770355577e-03,2.507966769110613605e-08,2.617379195395229274e+01,5.246038454725477607e+01,8.681705006506907011e+03,1.448203258224936896e+01
7.247104724443160714e-03,2.508520969207067805e-08,2.616811792628352151e+01,5.245832455947968498e+01,8.682744758243743490e+03,1.449170306980134448e+01
7.247104724443160714e-03,2.508520969207067805e-08,2.616811792628352151e+01,5.245832455947968498e+01,8.682744758243743490e+03,1.449170306980134448e+01
7.247104724443160714e-03,2.508520969207067805e-08,2.616811792628352151e+01,5.245832455947968498e+01,8.682744758243743490e+03,1.449170306980134448e+01
7.251735579744832474e-03,2.507225043407788729e-08,2.617777657307432548e+01,5.246286015971061545e+01,8.678780799899517660e+03,1.447213223273199212e+01
7.251735579744832474e-03,2.507225043407788729e-08,2.617777657307432548e+01,5.246286015971061545e+01,8.678780799899517660e+03,1.447213223273199212e+01
7.251735579744832474e-03,2.507225043407788729e-08,2.617777657307432548e+01,5.246286015971061545e+01,8.678780799899517660e+03,1.447213223273199212e+01
7.251735579744832474e-03,2.507225043407788729e-08,2.617777657307432548e+01,5.246286015971061545e+01,8.678780799899517660e+03,1.447213223273199212e+01
7.251735579744832474e-03,2.507225043407788729e-08,2.617777657307432548e+01,5.246286015971061545e+01,8.678780799899517660e+03,1.447213223273199212e+01
7.251734365445903704e-03,2.507225275223068917e-08,2.617777380473809146e+01,5.246285775951143648e+01,8.678781233729228916e+03,1.447213431666579631e+01
7.251734365445903704e-03,2.507225275223068917e-08,2.617777380473809146e+01,5.246285775951143648e+01,8.678781233729228916e+03,1.447213431666579631e+01
7.251734365445903704e-03,2.507225275223068917e-08,2.617777380473809146e+01,5.246285775951143648e+01,8.678781233729228916e+03,1.447213431666579631e+01
7.251734365445903704e-03,2.507225275223068917e-08,2.617777380473809146e+01,5.246285775951143648e+01,8.678781233729228916e+03,1.447213431666579631e+01
7.251734365445903704e-03,2.507225275223068917e-08,2.617777380473809146e+01,5.246285775951143648e+01,8.678781233729228916e+03,1.447213431666579631e+01
7.251734365445903704e-03,2.507225275223068917e-08,2.617777380473809146e+01,5.246285775951143648e+01,8.678781233729228916e+03,1.447213431666579631e+01
7.251734365445903704e-03,2.507225275223068917e-08,2.617777380473809146e+01,5.246285775951143648e+01,8.678781233729228916e+03,1.447213431666579631e+01
7.251734365445903704e-03,2.507225275223068917e-08,2.617777380473809146e+01,5.246285775951143648e+01,8.678781233729228916e+03,1.447213431666579631e+01
7.251734365445903704e-03,2.507225275223068917e-08,2.617777380473809146e+01,5.246285775951143648e+01,8.678781233729228916e+03,1.447213431666579631e+01
7.251734365445903704e-03,2.507225275223068917e-08,2.617777380473809146e+01,5.246285775951143648e+01,8.678781233729228916e+03,1.447213431666579631e+01
7.251734365445903704e-03,2.507225275223068917e-08,2.617777380473809146e+01,5.246285775951143648e+01,8.678781233729228916e+03,1.447213431666579631e+01
7.244440434915446966e-03,2.508578126671065081e-08,2.613934316134683655e+01,5.245768641058146642e+01,8.684309369613376475e+03,1.448913594456064757e+01
7.244440434915446966e-03,2.508578126671065081e-08,2.613934316134683655e+01,5.245768641058146642e+01,8.684309369613376475e+03,1.448913594456064757e+01
7.244432651380621618e-03,2.508686276060747632e-08,2.613852522592923577e+01,5.245860881246733243e+01,8.684878577143485018e+03,1.449056987319271705e+01
7.244432651380621618e-03,2.508686276060747632e-08,2.613852522592923577e+01,5.245860881246733243e+01,8.684878577143485018e+03,1.449056987319271705e+01
7.244432651380621618e-03,2.508686276060747632e-08,2.613852522592923577e+01,5.245860881246733243e+01,8.684878577143485018e+03,1.449056987319271705e+01
7.244432651380621618e-03,2.508686276060747632e-08,2.613852522592923577e+01,5.245860881246733243e+01,8.684878577143485018e+03,1.449056987319271705e+01
7.244432651380621618e-03,2.508686276060747632e-08,2.613852522592923577e+01,5.245860881246733243e+01,8.684878577143485018e+03,1.449056987319271705e+01
7.244432651380621618e-03,2.508686276060747632e-08,2.613852522592923577e+01,5.245860881246733243e+01,8.684878577143485018e+03,1.449056987319271705e+01
7.244432651380621618e-03,2.508686276060747632e-08,2.613852522592923577e+01,5.245860881246733243e+01,8.684878577143485018e+03,1.449056987319271705e+01
7.249897068771125885e-03,2.508289805600009860e-08,2.615438268052769644e+01,5.247036324947133323e+01,8.684366183780608480e+03,1.448689933454896916e+01
7.249897068771125885e-03,2.508289805600009860e-08,2.615438268052769644e+01,5.247036324947133323e+01,8.684366183780608480e+03,1.448689933454896916e+01
7.249897068771125885e-03,2.508289805600009860e-08,2.615438268052769644e+01,5.247036324947133323e+01,8.684366183780608480e+03,1.448689933454896916e+01
7.249897068771125885e-03,2.508289805600009860e-08,2.615438268052769644e+01,5.247036324947133323e+01,8.684366183780608480e+03,1.448689933454896916e+01
7.249897068771125885e-03,2.508289805600009860e-08,2.615438268052769644e+01,5.247036324947133323e+01,8.684366183780608480e+03,1.448689933454896916e+01
7.248981881877581204e-03,2.508681598115460465e-08,2.615127198879758552e+01,5.247251277764132027e+01,8.685256627472126638e+03,1.448963818736756970e+01
7.228347612947688683e-03,2.512003648934707441e-08,2.606481277482208370e+01,5.239462679248896393e+01,8.683325533512164839e+03,1.456443129954151594e+01
7.228347612947688683e-03,2.512003648934707441e-08,2.606481277482208370e+01,5.239462679248896393e+01,8.683325533512164839e+03,1.456443129954151594e+01
7.228347612947688683e-03,2.512003648934707441e-08,2.606481277482208370e+01,5.239462679248896393e+01,8.683325533512164839e+03,1.456443129954151594e+01
7.228347612947688683e-03,2.512003648934707441e-08,2.606481277482208370e+01,5.239462679248896393e+01,8.683325533512164839e+03,1.456443129954151594e+01
7.228347612947688683e-03,2.512003648934707441e-08,2.606481277482208370e+01,5.239462679248896393e+01,8.683325533512164839e+03,1.456443129954151594e+01
7.228347612947688683e-03,2.512003648934707441e-08,2.606481277482208370e+01,5.239462679248896393e+01,8.683325533512164839e+03,1.456443129954151594e+01
7.228347612947688683e-03,2.512003648934707441e-08,2.606481277482208370e+01,5.239462679248896393e+01,8.683325533512164839e+03,1.456443129954151594e+01
7.228347612947688683e-03,2.512003648934707441e-08,2.606481277482208370e+01,5.239462679248896393e+01,8.683325533512164839e+03,1.456443129954151594e+01
7.228347612947688683e-03,2.512003648934707441e-08,2.606481277482208370e+01,5.239462679248896393e+01,8.683325533512164839e+03,1.456443129954151594e+01
7.228347612947688683e-03,2.512003648934707441e-08,2.606481277482208370e+01,5.239462679248896393e+01,8.683325533512164839e+03,1.456443129954151594e+01
7.228347612947688683e-03,2.512003648934707441e-08,2.606481277482208370e+01,5.239462679248896393e+01,8.683325533512164839e+03,1.456443129954151594e+01
7.228347612947688683e-03,2.512003648934707441e-08,2.606481277482208370e+01,5.239462679248896393e+01,8.683325533512164839e+03,1.456443129954151594e+01
7.228347612947688683e-03,2.512003648934707441e-08,2.606481277482208370e+01,5.239462679248896393e+01,8.683325533512164839e+03,1.456443129954151594e+01
7.228347612947688683e-03,2.512003648934707441e-08,2.606481277482208370e+01,5.239462679248896393e+01,8.683325533512164839e+03,1.456443129954151594e+01
7.228347612947688683e-03,2.512003648934707441e-08,2.606481277482208370e+01,5.239462679248896393e+01,8.683325533512164839e+03,1.456443129954151594e+01
7.228347612947688683e-03,2.512003648934707441e-08,2.606481277482208370e+01,5.239462679248896393e+01,8.683325533512164839e+03,1.456443129954151594e+01
7.228347612947688683e-03,2.512003648934707441e-08,2.606481277482208370e+01,5.239462679248896393e+01,8.683325533512164839e+03,1.456443129954151594e+01
7.228347612947688683e-03,2.512003648934707441e-08,2.606481277482208370e+01,5.239462679248896393e+01,8.683325533512164839e+03,1.456443129954151594e+01
7.228347612947688683e-03,2.512003648934707441e-08,2.606481277482208370e+01,5.239462679248896393e+01,8.683325533512164839e+03,1.456443129954151594e+01
7.228347612947688683e-03,2.512003648934707441e-08,2.606481277482208370e+01,5.239462679248896393e+01,8.683325533512164839e+03,1.456443129954151594e+01
7.228347612947688683e-03,2.512003648934707441e-08,2.606481277482208370e+01,5.239462679248896393e+01,8.683325533512164839e+03,1.456443129954151594e+01
7.228347612947688683e-03,2.512003648934707441e-08,2.606481277482208370e+01,5.239462679248896393e+01,8.683325533512164839e+03,1.456443129954151594e+01
7.226082268163863502e-03,2.512716902360309077e-08,2.605320403577015398e+01,5.239077666571314751e+01,8.684375403365102102e+03,1.457543403018830119e+01
7.226082268163863502e-03,2.512716902360309077e-08,2.605320403577015398e+01,5.239077666571314751e+01,8.684375403365102102e+03,1.457543403018830119e+01
7.226082268163863502e-03,2.512716902360309077e-08,2.605320403577015398e+01,5.239077666571314751e+01,8.684375403365102102e+03,1.457543403018830119e+01
7.226082268163863502e-03,2.512716902360309077e-08,2.605320403577015398e+01,5.239077666571314751e+01,8.684375403365102102e+03,1.457543403018830119e+01
7.226082268163863502e-03,2.512716902360309077e-08,2.605320403577015398e+01,5.239077666571314751e+01,8.684375403365102102e+03,1.457543403018830119e+01
7.249903353729784429e-03,2.507149395485356605e-08,2.617063938952021473e+01,5.245368615428839121e+01,8.678291386073206013e+03,1.447409533962363959e+01
7.249903353729784429e-03,2.507149395485356605e-08,2.617063938952021473e+01,5.245368615428839121e+01,8.678291386073206013e+03,1.447409533962363959e+01
7.249900406734615700e-03,2.507149154123309682e-08,2.617060246127006096e+01,5.245366487137610534e+01,8.678280163178213115e+03,1.447409767145457238e+01
7.249788413317350029e-03,2.507172068584102678e-08,2.617029203786344738e+01,5.245344868238507985e+01,8.678344097885104929e+03,1.447449860347717276e+01
7.249788413317350029e-03,2.507172068584102678e-08,2.617029203786344738e+01,5.245344868238507985e+01,8.678344097885104929e+03,1.447449860347717276e+01
7.249788413317350029e-03,2.507172068584102678e-08,2.617029203786344738e+01,5.245344868238507985e+01,8.678344097885104929e+03,1.447449860347717276e+01
7.249788413317350029e-03,2.507172068584102678e-08,2.617029203786344738e+01,5.245344868238507985e+01,8.678344097885104929e+03,1.447449860347717276e+01
7.249788413317350029e-03,2.507172068584102678e-08,2.617029203786344738e+01,5.245344868238507985e+01,8.678344097885104929e+03,1.447449860347717276e+01
7.249788413317350029e-03,2.507172068584102678e-08,2.617029203786344738e+01,5.245344868238507985e+01,8.678344097885104929e+03,1.447449860347717276e+01
7.249788413317350029e-03,2.507172068584102678e-08,2.617029203786344738e+01,5.245344868238507985e+01,8.678344097885104929e+03,1.447449860347717276e+01
7.249788413317350029e-03,2.507172068584102678e-08,2.617029203786344738e+01,5.245344868238507985e+01,8.678344097885104929e+03,1.447449860347717276e+01
7.249788413317350029e-03,2.507172068584102678e-08,2.617029203786344738e+01,5.245344868238507985e+01,8.678344097885104929e+03,1.447449860347717276e+01
7.249788413317350029e-03,2.507172068584102678e-08,2.617029203786344738e+01,5.245344868238507985e+01,8.678344097885104929e+03,1.447449860347717276e+01
7.249788413317350029e-03,2.507172068584102678e-08,2.617029203786344738e+01,5.245344868238507985e+01,8.678344097885104929e+03,1.447449860347717276e+01
7.249788413317350029e-03,2.507172068584102678e-08,2.617029203786344738e+01,5.245344868238507985e+01,8.678344097885104929e+03,1.447449860347717276e+01
7.249788413317350029e-03,2.507172068584102678e-08,2.617029203786344738e+01,5.245344868238507985e+01,8.678344097885104929e+03,1.447449860347717276e+01
7.249788413317350029e-03,2.507172068584102678e-08,2.617029203786344738e+01,5.245344868238507985e+01,8.678344097885104929e+03,1.447449860347717276e+01
7.249788413317350029e-03,2.507172068584102678e-08,2.617029203786344738e+01,5.245344868238507985e+01,8.678344097885104929e+03,1.447449860347717276e+01
7.249788413317350029e-03,2.507172068584102678e-08,2.617029203786344738e+01,5.245344868238507985e+01,8.678344097885104929e+03,1.447449860347717276e+01
7.249788413317350029e-03,2.507172068584102678e-08,2.617029203786344738e+01,5.245344868238507985e+01,8.678344097885104929e+03,1.447449860347717276e+01
7.249788413317350029e-03,2.507172068584102678e-08,2.617029203786344738e+01,5.245344868238507985e+01,8.678344097885104929e+03,1.447449860347717276e+01
7.249788413317350029e-03,2.507172068584102678e-08,2.617029203786344738e+01,5.245344868238507985e+01,8.678344097885104929e+03,1.447449860347717276e+01
7.249788413317350029e-03,2.507172068584102678e-08,2.617029203786344738e+01,5.245344868238507985e+01,8.678344097885104929e+03,1.447449860347717276e+01
7.249788413317350029e-03,2.507172068584102678e-08,2.617029203786344738e+01,5.245344868238507985e+01,8.678344097885104929e+03,1.447449860347717276e+01
7.249788413317350029e-03,2.507172068584102678e-08,2.617029203786344738e+01,5.245344868238507985e+01,8.678344097885104929e+03,1.447449860347717276e+01
7.249788413317350029e-03,2.507172068584102678e-08,2.617029203786344738e+01,5.245344868238507985e+01,8.678344097885104929e+03,1.447449860347717276e+01
7.249788413317350029e-03,2.507172068584102678e-08,2.617029203786344738e+01,5.245344868238507985e+01,8.678344097885104929e+03,1.447449860347717276e+01
7.249788413317350029e-03,2.507172068584102678e-08,2.617029203786344738e+01,5.245344868238507985e+01,8.678344097885104929e+03,1.447449860347717276e+01
7.249788413317350029e-03,2.507172068584102678e-08,2.617029203786344738e+01,5.245344868238507985e+01,8.678344097885104929e+03,1.447449860347717276e+01
7.249788413317350029e-03,2.507172068584102678e-08,2.617029203786344738e+01,5.245344868238507985e+01,8.678344097885104929e+03,1.447449860347717276e+01
7.249109024512868406e-03,2.507487685486947246e-08,2.616732360551249670e+01,5.245316946517336731e+01,8.678366567209561254e+03,1.447846411892447271e+01
7.249109024512868406e-03,2.507487685486947246e-08,2.616732360551249670e+01,5.245316946517336731e+01,8.678366567209561254e+03,1.447846411892447271e+01
7.249109024512868406e-03,2.507487685486947246e-08,2.616732360551249670e+01,5.245316946517336731e+01,8.678366567209561254e+03,1.447846411892447271e+01
7.249212102950710994e-03,2.507444341754013572e-08,2.616818978486985969e+01,5.245363445351574683e+01,8.678435560621601326e+03,1.447771403796557266e+01
7.249220369894604325e-03,2.507448802970991896e-08,2.616882699840017068e+01,5.245409743853761597e+01,8.678606836392244077e+03,1.447777613954134424e+01
7.249220369894604325e-03,2.507448802970991896e-08,2.616882699840017068e+01,5.245409743853761597e+01,8.678606836392244077e+03,1.447777613954134424e+01
7.249220369894604325e-03,2.507448802970991896e-08,2.616882699840017068e+01,5.245409743853761597e+01,8.678606836392244077e+03,1.447777613954134424e+01
7.249220369894604325e-03,2.507448802970991896e-08,2.616882699840017068e+01,5.245409743853761597e+01,8.678606836392244077e+03,1.447777613954134424e+01
7.249220369894604325e-03,2.507448802970991896e-08,2.616882699840017068e+01,5.245409743853761597e+01,8.678606836392244077e+03,1.447777613954134424e+01
7.249220369894604325e-03,2.507448802970991896e-08,2.616882699840017068e+01,5.245409743853761597e+01,8.678606836392244077e+03,1.447777613954134424e+01
7.249220369894604325e-03,2.507448802970991896e-08,2.616882699840017068e+01,5.245409743853761597e+01,8.678606836392244077e+03,1.447777613954134424e+01
7.249220369894604325e-03,2.507448802970991896e-08,2.616882699840017068e+01,5.245409743853761597e+01,8.678606836392244077e+03,1.447777613954134424e+01
7.249220369894604325e-03,2.507448802970991896e-08,2.616882699840017068e+01,5.245409743853761597e+01,8.678606836392244077e+03,1.447777613954134424e+01
7.250762057595568945e-03,2.506823923036795760e-08,2.618228024332730186e+01,5.245913111222786540e+01,8.679879728510743007e+03,1.447238137040348782e+01
7.250762057595568945e-03,2.506823923036795760e-08,2.618228024332730186e+01,5.245913111222786540e+01,8.679879728510743007e+03,1.447238137040348782e+01
7.250762057595568945e-03,2.506823923036795760e-08,2.618228024332730186e+01,5.245913111222786540e+01,8.679879728510743007e+03,1.447238137040348782e+01
7.250762057595568945e-03,2.506823923036795760e-08,2.618228024332730186e+01,5.245913111222786540e+01,8.679879728510743007e+03,1.447238137040348782e+01
7.262131984063386128e-03,2.504218209318678162e-08,2.623179187132473089e+01,5.248287915138877224e+01,8.675785986997076179e+03,1.443696120487951795e+01
7.262131984063386128e-03,2.504218209318678162e-08,2.623179187132473089e+01,5.248287915138877224e+01,8.675785986997076179e+03,1.443696120487951795e+01
7.262131984063386128e-03,2.504218209318678162e-08,2.623179187132473089e+01,5.248287915138877224e+01,8.675785986997076179e+03,1.443696120487951795e+01
7.263822035301755950e-03,2.503992574542576388e-08,2.623923234480439959e+01,5.248694015603436469e+01,8.675992346492832439e+03,1.443450178113313420e+01
7.263822035301755950e-03,2.503992574542576388e-08,2.623923234480439959e+01,5.248694015603436469e+01,8.675992346492832439e+03,1.443450178113313420e+01
7.263815149428461647e-03,2.503998837777867048e-08,2.623934571622835676e+01,5.248710056620574704e+01,8.676027729717059628e+03,1.443449797357665076e+01
7.274339643025700720e-03,2.501622942976633006e-08,2.629407122379061690e+01,5.251424781157584931e+01,8.674527502666587679e+03,1.440305747896738886e+01
7.274339643025700720e-03,2.501622942976633006e-08,2.629407122379061690e+01,5.251424781157584931e+01,8.674527502666587679e+03,1.440305747896738886e+01
7.274339643025700720e-03,2.501622942976633006e-08,2.629407122379061690e+01,5.251424781157584931e+01,8.674527502666587679e+03,1.440305747896738886e+01
7.274339643025700720e-03,2.501622942976633006e-08,2.629407122379061690e+01,5.251424781157584931e+01,8.674527502666587679e+03,1.440305747896738886e+01
7.274339643025700720e-03,2.501622942976633006e-08,2.629407122379061690e+01,5.251424781157584931e+01,8.674527502666587679e+03,1.440305747896738886e+01
7.262298328471111786e-03,2.498080264111970785e-08,2.632117858837843727e+01,5.248063457059944170e+01,8.668844516898521761e+03,1.435045116328048742e+01
7.262298328471111786e-03,2.498080264111970785e-08,2.632117858837843727e+01,5.248063457059944170e+01,8.668844516898521761e+03,1.435045116328048742e+01
7.262298328471111786e-03,2.498080264111970785e-08,2.632117858837843727e+01,5.248063457059944170e+01,8.668844516898521761e+03,1.435045116328048742e+01
7.262298328471111786e-03,2.498080264111970785e-08,2.632117858837843727e+01,5.248063457059944170e+01,8.668844516898521761e+03,1.435045116328048742e+01
7.262298328471111786e-03,2.498080264111970785e-08,2.632117858837843727e+01,5.248063457059944170e+01,8.668844516898521761e+03,1.435045116328048742e+01
7.262298328471111786e-03,2.498080264111970785e-08,2.632117858837843727e+01,5.248063457059944170e+01,8.668844516898521761e+03,1.435045116328048742e+01
7.262298328471111786e-03,2.498080264111970785e-08,2.632117858837843727e+01,5.248063457059944170e+01,8.668844516898521761e+03,1.435045116328048742e+01
7.262298328471111786e-03,2.498080264111970785e-08,2.632117858837843727e+01,5.248063457059944170e+01,8.668844516898521761e+03,1.435045116328048742e+01
7.262298328471111786e-03,2.498080264111970785e-08,2.632117858837843727e+01,5.248063457059944170e+01,8.668844516898521761e+03,1.435045116328048742e+01
7.262298328471111786e-03,2.498080264111970785e-08,2.632117858837843727e+01,5.248063457059944170e+01,8.668844516898521761e+03,1.435045116328048742e+01
7.264499935920583872e-03,2.499314851802067911e-08,2.630867931015550809e+01,5.248322804811109421e+01,8.672401627989018380e+03,1.437530862183470681e+01
7.264499935920583872e-03,2.499314851802067911e-08,2.630867931015550809e+01,5.248322804811109421e+01,8.672401627989018380e+03,1.437530862183470681e+01
7.264499935920583872e-03,2.499314851802067911e-08,2.630867931015550809e+01,5.248322804811109421e+01,8.672401627989018380e+03,1.437530862183470681e+01
7.264499935920583872e-03,2.499314851802067911e-08,2.630867931015550809e+01,5.248322804811109421e+01,8.672401627989018380e+03,1.437530862183470681e+01
7.264499935920583872e-03,2.499314851802067911e-08,2.630867931015550809e+01,5.248322804811109421e+01,8.672401627989018380e+03,1.437530862183470681e+01
7.264499935920583872e-03,2.499314851802067911e-08,2.630867931015550809e+01,5.248322804811109421e+01,8.672401627989018380e+03,1.437530862183470681e+01
7.264499935920583872e-03,2.499314851802067911e-08,2.630867931015550809e+01,5.248322804811109421e+01,8.672401627989018380e+03,1.437530862183470681e+01
7.065440542993111500e-03,2.518618402128148154e-08,2.553478851604479516e+01,5.233901140674413455e+01,8.643449170983014483e+03,1.450258487334612845e+01
7.065440542993111500e-03,2.518618402128148154e-08,2.553478851604479516e+01,5.233901140674413455e+01,8.643449170983014483e+03,1.450258487334612845e+01
7.065440542993111500e-03,2.518618402128148154e-08,2.553478851604479516e+01,5.233901140674413455e+01,8.643449170983014483e+03,1.450258487334612845e+01
7.065440542993111500e-03,2.518618402128148154e-08,2.553478851604479516e+01,5.233901140674413455e+01,8.643449170983014483e+03,1.450258487334612845e+01
7.065440542993111500e-03,2.518618402128148154e-08,2.553478851604479516e+01,5.233901140674413455e+01,8.643449170983014483e+03,1.450258487334612845e+01
7.065440542993111500e-03,2.518618402128148154e-08,2.553478851604479516e+01,5.233901140674413455e+01,8.643449170983014483e+03,1.450258487334612845e+01
7.065440542993111500e-03,2.518618402128148154e-08,2.553478851604479516e+01,5.233901140674413455e+01,8.643449170983014483e+03,1.450258487334612845e+01
7.065440542993111500e-03,2.518618402128148154e-08,2.553478851604479516e+01,5.233901140674413455e+01,8.643449170983014483e+03,1.450258487334612845e+01
7.065440542993111500e-03,2.518618402128148154e-08,2.553478851604479516e+01,5.233901140674413455e+01,8.643449170983014483e+03,1.450258487334612845e+01
7.065440542993111500e-03,2.518618402128148154e-08,2.553478851604479516e+01,5.233901140674413455e+01,8.643449170983014483e+03,1.450258487334612845e+01
7.065440542993111500e-03,2.518618402128148154e-08,2.553478851604479516e+01,5.233901140674413455e+01,8.643449170983014483e+03,1.450258487334612845e+01
7.065440542993111500e-03,2.518618402128148154e-08,2.553478851604479516e+01,5.233901140674413455e+01,8.643449170983014483e+03,1.450258487334612845e+01
7.065440542993111500e-03,2.518618402128148154e-08,2.553478851604479516e+01,5.233901140674413455e+01,8.643449170983014483e+03,1.450258487334612845e+01
7.065440542993111500e-03,2.518618402128148154e-08,2.553478851604479516e+01,5.233901140674413455e+01,8.643449170983014483e+03,1.450258487334612845e+01
7.065440542993111500e-03,2.518618402128148154e-08,2.553478851604479516e+01,5.233901140674413455e+01,8.643449170983014483e+03,1.450258487334612845e+01
7.249835031234377544e-03,2.507168009562488296e-08,2.617058057281328587e+01,5.245403357875557049e+01,8.678323856109833287e+03,1.447404076314753141e+01
7.249835031234377544e-03,2.507168009562488296e-08,2.617058057281328587e+01,5.245403357875557049e+01,8.678323856109833287e+03,1.447404076314753141e+01
7.249835031234377544e-03,2.507168009562488296e-08,2.617058057281328587e+01,5.245403357875557049e+01,8.678323856109833287e+03,1.447404076314753141e+01
7.249835031234377544e-03,2.507168009562488296e-08,2.617058057281328587e+01,5.245403357875557049e+01,8.678323856109833287e+03,1.447404076314753141e+01
7.249835031234377544e-03,2.507168009562488296e-08,2.617058057281328587e+01,5.245403357875557049e+01,8.678323856109833287e+03,1.447404076314753141e+01
7.249835031234377544e-03,2.507168009562488296e-08,2.617058057281328587e+01,5.245403357875557049e+01,8.678323856109833287e+03,1.447404076314753141e+01
7.249835031234377544e-03,2.507168009562488296e-08,2.617058057281328587e+01,5.245403357875557049e+01,8.678323856109833287e+03,1.447404076314753141e+01
7.249835031234377544e-03,2.507168009562488296e-08,2.617058057281328587e+01,5.245403357875557049e+01,8.678323856109833287e+03,1.447404076314753141e+01
7.249835031234377544e-03,2.507168009562488296e-08,2.617058057281328587e+01,5.245403357875557049e+01,8.678323856109833287e+03,1.447404076314753141e+01
7.249835031234377544e-03,2.507168009562488296e-08,2.617058057281328587e+01,5.245403357875557049e+01,8.678323856109833287e+03,1.447404076314753141e+01
7.249835031234377544e-03,2.507168009562488296e-08,2.617058057281328587e+01,5.245403357875557049e+01,8.678323856109833287e+03,1.447404076314753141e+01
7.249835031234377544e-03,2.507168009562488296e-08,2.617058057281328587e+01,5.245403357875557049e+01,8.678323856109833287e+03,1.447404076314753141e+01
7.249835031234377544e-03,2.507168009562488296e-08,2.617058057281328587e+01,5.245403357875557049e+01,8.678323856109833287e+03,1.447404076314753141e+01
7.249835031234377544e-03,2.507168009562488296e-08,2.617058057281328587e+01,5.245403357875557049e+01,8.678323856109833287e+03,1.447404076314753141e+01
7.249835031234377544e-03,2.507168009562488296e-08,2.617058057281328587e+01,5.245403357875557049e+01,8.678323856109833287e+03,1.447404076314753141e+01
7.249835031234377544e-03,2.507168009562488296e-08,2.617058057281328587e+01,5.245403357875557049e+01,8.678323856109833287e+03,1.447404076314753141e+01
7.249835031234377544e-03,2.507168009562488296e-08,2.617058057281328587e+01,5.245403357875557049e+01,8.678323856109833287e+03,1.447404076314753141e+01
7.249764274744588746e-03,2.507170077949080285e-08,2.617047607051308233e+01,5.245403561028862782e+01,8.678357586059277310e+03,1.447401835375467272e+01
7.249764274744588746e-03,2.507170077949080285e-08,2.617047607051308233e+01,5.245403561028862782e+01,8.678357586059277310e+03,1.447401835375467272e+01
7.249764274744588746e-03,2.507170077949080285e-08,2.617047607051308233e+01,5.245403561028862782e+01,8.678357586059277310e+03,1.447401835375467272e+01
7.249764274744588746e-03,2.507170077949080285e-08,2.617047607051308233e+01,5.245403561028862782e+01,8.678357586059277310e+03,1.447401835375467272e+01
7.249764274744588746e-03,2.507170077949080285e-08,2.617047607051308233e+01,5.245403561028862782e+01,8.678357586059277310e+03,1.447401835375467272e+01
7.249764274744588746e-03,2.507170077949080285e-08,2.617047607051308233e+01,5.245403561028862782e+01,8.678357586059277310e+03,1.447401835375467272e+01
7.249764274744588746e-03,2.507170077949080285e-08,2.617047607051308233e+01,5.245403561028862782e+01,8.678357586059277310e+03,1.447401835375467272e+01
7.249764274744588746e-03,2.507170077949080285e-08,2.617047607051308233e+01,5.245403561028862782e+01,8.678357586059277310e+03,1.447401835375467272e+01
7.249764274744588746e-03,2.507170077949080285e-08,2.617047607051308233e+01,5.245403561028862782e+01,8.678357586059277310e+03,1.447401835375467272e+01
7.249764274744588746e-03,2.507170077949080285e-08,2.617047607051308233e+01,5.245403561028862782e+01,8.678357586059277310e+03,1.447401835375467272e+01
7.249764274744588746e-03,2.507170077949080285e-08,2.617047607051308233e+01,5.245403561028862782e+01,8.678357586059277310e+03,1.447401835375467272e+01
7.249764274744588746e-03,2.507170077949080285e-08,2.617047607051308233e+01,5.245403561028862782e+01,8.678357586059277310e+03,1.447401835375467272e+01
7.249764274744588746e-03,2.507170077949080285e-08,2.617047607051308233e+01,5.245403561028862782e+01,8.678357586059277310e+03,1.447401835375467272e+01
7.249764274744588746e-03,2.507170077949080285e-08,2.617047607051308233e+01,5.245403561028862782e+01,8.678357586059277310e+03,1.447401835375467272e+01
7.249764274744588746e-03,2.507170077949080285e-08,2.617047607051308233e+01,5.245403561028862782e+01,8.678357586059277310e+03,1.447401835375467272e+01
7.249764274744588746e-03,2.507170077949080285e-08,2.617047607051308233e+01,5.245403561028862782e+01,8.678357586059277310e+03,1.447401835375467272e+01
7.249764274744588746e-03,2.507170077949080285e-08,2.617047607051308233e+01,5.245403561028862782e+01,8.678357586059277310e+03,1.447401835375467272e+01
7.249764274744588746e-03,2.507170077949080285e-08,2.617047607051308233e+01,5.245403561028862782e+01,8.678357586059277310e+03,1.447401835375467272e+01
7.249764274744588746e-03,2.507170077949080285e-08,2.617047607051308233e+01,5.245403561028862782e+01,8.678357586059277310e+03,1.447401835375467272e+01
7.249764274744588746e-03,2.507170077949080285e-08,2.617047607051308233e+01,5.245403561028862782e+01,8.678357586059277310e+03,1.447401835375467272e+01
7.249764274744588746e-03,2.507170077949080285e-08,2.617047607051308233e+01,5.245403561028862782e+01,8.678357586059277310e+03,1.447401835375467272e+01
7.249764274744588746e-03,2.507170077949080285e-08,2.617047607051308233e+01,5.245403561028862782e+01,8.678357586059277310e+03,1.447401835375467272e+01
7.249764274744588746e-03,2.507170077949080285e-08,2.617047607051308233e+01,5.245403561028862782e+01,8.678357586059277310e+03,1.447401835375467272e+01
7.249764274744588746e-03,2.507170077949080285e-08,2.617047607051308233e+01,5.245403561028862782e+01,8.678357586059277310e+03,1.447401835375467272e+01
7.249764274744588746e-03,2.507170077949080285e-08,2.617047607051308233e+01,5.245403561028862782e+01,8.678357586059277310e+03,1.447401835375467272e+01
7.249764274744588746e-03,2.507170077949080285e-08,2.617047607051308233e+01,5.245403561028862782e+01,8.678357586059277310e+03,1.447401835375467272e+01
7.249764274744588746e-03,2.507170077949080285e-08,2.617047607051308233e+01,5.245403561028862782e+01,8.678357586059277310e+03,1.447401835375467272e+01
7.249764274744588746e-03,2.507170077949080285e-08,2.617047607051308233e+01,5.245403561028862782e+01,8.678357586059277310e+03,1.447401835375467272e+01
7.249764274744588746e-03,2.507170077949080285e-08,2.617047607051308233e+01,5.245403561028862782e+01,8.678357586059277310e+03,1.447401835375467272e+01
7.249764274744588746e-03,2.507170077949080285e-08,2.617047607051308233e+01,5.245403561028862782e+01,8.678357586059277310e+03,1.447401835375467272e+01
7.249764274744588746e-03,2.507170077949080285e-08,2.617047607051308233e+01,5.245403561028862782e+01,8.678357586059277310e+03,1.447401835375467272e+01
7.249764274744588746e-03,2.507170077949080285e-08,2.617047607051308233e+01,5.245403561028862782e+01,8.678357586059277310e+03,1.447401835375467272e+01
7.249764274744588746e-03,2.507170077949080285e-08,2.617047607051308233e+01,5.245403561028862782e+01,8.678357586059277310e+03,1.447401835375467272e+01
7.249764274744588746e-03,2.507170077949080285e-08,2.617047607051308233e+01,5.245403561028862782e+01,8.678357586059277310e+03,1.447401835375467272e+01
7.249764274744588746e-03,2.507170077949080285e-08,2.617047607051308233e+01,5.245403561028862782e+01,8.678357586059277310e+03,1.447401835375467272e+01
7.249764274744588746e-03,2.507170077949080285e-08,2.617047607051308233e+01,5.245403561028862782e+01,8.678357586059277310e+03,1.447401835375467272e+01
7.249764274744588746e-03,2.507170077949080285e-08,2.617047607051308233e+01,5.245403561028862782e+01,8.678357586059277310e+03,1.447401835375467272e+01
7.249764274744588746e-03,2.507170077949080285e-08,2.617047607051308233e+01,5.245403561028862782e+01,8.678357586059277310e+03,1.447401835375467272e+01
7.249764274744588746e-03,2.507170077949080285e-08,2.617047607051308233e+01,5.245403561028862782e+01,8.678357586059277310e+03,1.447401835375467272e+01
7.249764274744588746e-03,2.507170077949080285e-08,2.617047607051308233e+01,5.245403561028862782e+01,8.678357586059277310e+03,1.447401835375467272e+01
7.249764274744588746e-03,2.507170077949080285e-08,2.617047607051308233e+01,5.245403561028862782e+01,8.678357586059277310e+03,1.447401835375467272e+01
7.249764274744588746e-03,2.507170077949080285e-08,2.617047607051308233e+01,5.245403561028862782e+01,8.678357586059277310e+03,1.447401835375467272e+01
7.249764274744588746e-03,2.507170077949080285e-08,2.617047607051308233e+01,5.245403561028862782e+01,8.678357586059277310e+03,1.447401835375467272e+01
7.249764274744588746e-03,2.507170077949080285e-08,2.617047607051308233e+01,5.245403561028862782e+01,8.678357586059277310e+03,1.447401835375467272e+01
7.249764274744588746e-03,2.507170077949080285e-08,2.617047607051308233e+01,5.245403561028862782e+01,8.678357586059277310e+03,1.447401835375467272e+01
7.249764274744588746e-03,2.507170077949080285e-08,2.617047607051308233e+01,5.245403561028862782e+01,8.678357586059277310e+03,1.447401835375467272e+01
7.249764274744588746e-03,2.507170077949080285e-08,2.617047607051308233e+01,5.245403561028862782e+01,8.678357586059277310e+03,1.447401835375467272e+01
7.251015490429020723e-03,2.507009577311600765e-08,2.617293295044137835e+01,5.245640804632215293e+01,8.677828509310273148e+03,1.447108929175544745e+01
7.251015490429020723e-03,2.507009577311600765e-08,2.617293295044137835e+01,5.245640804632215293e+01,8.677828509310273148e+03,1.447108929175544745e+01
7.251015490429020723e-03,2.507009577311600765e-08,2.617293295044137835e+01,5.245640804632215293e+01,8.677828509310273148e+03,1.447108929175544745e+01
7.251015490429020723e-03,2.507009577311600765e-08,2.617293295044137835e+01,5.245640804632215293e+01,8.677828509310273148e+03,1.447108929175544745e+01
7.251015490429020723e-03,2.507009577311600765e-08,2.617293295044137835e+01,5.245640804632215293e+01,8.677828509310273148e+03,1.447108929175544745e+01
7.251015490429020723e-03,2.507009577311600765e-08,2.617293295044137835e+01,5.245640804632215293e+01,8.677828509310273148e+03,1.447108929175544745e+01
7.252087824007481982e-03,2.507506242322663396e-08,2.616732935426431794e+01,5.245573963929735584e+01,8.678413281411294520e+03,1.448063971408735462e+01
7.251515209744806637e-03,2.507716014841922551e-08,2.616478804058652585e+01,5.245586680676782265e+01,8.679269528485658157e+03,1.448296408189398043e+01
7.251515209744806637e-03,2.507716014841922551e-08,2.616478804058652585e+01,5.245586680676782265e+01,8.679269528485658157e+03,1.448296408189398043e+01
7.251515209744806637e-03,2.507716014841922551e-08,2.616478804058652585e+01,5.245586680676782265e+01,8.679269528485658157e+03,1.448296408189398043e+01
7.251515209744806637e-03,2.507716014841922551e-08,2.616478804058652585e+01,5.245586680676782265e+01,8.679269528485658157e+03,1.448296408189398043e+01
7.251515209744806637e-03,2.507716014841922551e-08,2.616478804058652585e+01,5.245586680676782265e+01,8.679269528485658157e+03,1.448296408189398043e+01
7.251515209744806637e-03,2.507716014841922551e-08,2.616478804058652585e+01,5.245586680676782265e+01,8.679269528485658157e+03,1.448296408189398043e+01
7.251515209744806637e-03,2.507716014841922551e-08,2.616478804058652585e+01,5.245586680676782265e+01,8.679269528485658157e+03,1.448296408189398043e+01
7.251515209744806637e-03,2.507716014841922551e-08,2.616478804058652585e+01,5.245586680676782265e+01,8.679269528485658157e+03,1.448296408189398043e+01
7.251515209744806637e-03,2.507716014841922551e-08,2.616478804058652585e+01,5.245586680676782265e+01,8.679269528485658157e+03,1.448296408189398043e+01
7.251515209744806637e-03,2.507716014841922551e-08,2.616478804058652585e+01,5.245586680676782265e+01,8.679269528485658157e+03,1.448296408189398043e+01
7.251515209744806637e-03,2.507716014841922551e-08,2.616478804058652585e+01,5.245586680676782265e+01,8.679269528485658157e+03,1.448296408189398043e+01
7.251515209744806637e-03,2.507716014841922551e-08,2.616478804058652585e+01,5.245586680676782265e+01,8.679269528485658157e+03,1.448296408189398043e+01
7.251515209744806637e-03,2.507716014841922551e-08,2.616478804058652585e+01,5.245586680676782265e+01,8.679269528485658157e+03,1.448296408189398043e+01
7.251515209744806637e-03,2.507716014841922551e-08,2.616478804058652585e+01,5.245586680676782265e+01,8.679269528485658157e+03,1.448296408189398043e+01
7.251515209744806637e-03,2.507716014841922551e-08,2.616478804058652585e+01,5.245586680676782265e+01,8.679269528485658157e+03,1.448296408189398043e+01
7.251515209744806637e-03,2.507716014841922551e-08,2.616478804058652585e+01,5.245586680676782265e+01,8.679269528485658157e+03,1.448296408189398043e+01
7.419187755680710546e-03,2.486493841855302738e-08,2.569979505443188827e+01,5.208489659910980407e+01,8.339972673060785382e+03,1.443233097603218518e+01
7.419187755680710546e-03,2.486493841855302738e-08,2.569979505443188827e+01,5.208489659910980407e+01,8.339972673060785382e+03,1.443233097603218518e+01
7.419187755680710546e-03,2.486493841855302738e-08,2.569979505443188827e+01,5.208489659910980407e+01,8.339972673060785382e+03,1.443233097603218518e+01
7.249781345643769963e-03,2.507141718610933856e-08,2.616965786046438325e+01,5.245293174190445029e+01,8.678164659163458055e+03,1.447416548785919410e+01
7.249705592139884386e-03,2.507136952069272072e-08,2.616904844987858070e+01,5.245246333446819875e+01,8.678085975650879845e+03,1.447420904290672183e+01
7.249705592139884386e-03,2.507136952069272072e-08,2.616904844987858070e+01,5.245246333446819875e+01,8.678085975650879845e+03,1.447420904290672183e+01
7.249705592139884386e-03,2.507136952069272072e-08,2.616904844987858070e+01,5.245246333446819875e+01,8.678085975650879845e+03,1.447420904290672183e+01
7.249705592139884386e-03,2.507136952069272072e-08,2.616904844987858070e+01,5.245246333446819875e+01,8.678085975650879845e+03,1.447420904290672183e+01
7.249705592139884386e-03,2.507136952069272072e-08,2.616904844987858070e+01,5.245246333446819875e+01,8.678085975650879845e+03,1.447420904290672183e+01
7.249700361555241890e-03,2.507135767984192926e-08,2.616898146123357805e+01,5.245240268012899776e+01,8.678075013389499873e+03,1.447421264614260394e+01
7.249700361555241890e-03,2.507135767984192926e-08,2.616898146123357805e+01,5.245240268012899776e+01,8.678075013389499873e+03,1.447421264614260394e+01
7.249700361555241890e-03,2.507135767984192926e-08,2.616898146123357805e+01,5.245240268012899776e+01,8.678075013389499873e+03,1.447421264614260394e+01
7.249700361555241890e-03,2.507135767984192926e-08,2.616898146123357805e+01,5.245240268012899776e+01,8.678075013389499873e+03,1.447421264614260394e+01
7.249674323800013066e-03,2.507138859433651083e-08,2.616884389053344506e+01,5.245229914262218784e+01,8.678061146119942350e+03,1.447423320753548559e+01
7.249674323800013066e-03,2.507138859433651083e-08,2.616884389053344506e+01,5.245229914262218784e+01,8.678061146119942350e+03,1.447423320753548559e+01
7.249674323800013066e-03,2.507138859433651083e-08,2.616884389053344506e+01,5.245229914262218784e+01,8.678061146119942350e+03,1.447423320753548559e+01
7.249674323800013066e-03,2.507138859433651083e-08,2.616884389053344506e+01,5.245229914262218784e+01,8.678061146119942350e+03,1.447423320753548559e+01
7.249674323800013066e-03,2.507138859433651083e-08,2.616884389053344506e+01,5.245229914262218784e+01,8.678061146119942350e+03,1.447423320753548559e+01
7.249674323800013066e-03,2.507138859433651083e-08,2.616884389053344506e+01,5.245229914262218784e+01,8.678061146119942350e+03,1.447423320753548559e+01
7.249674323800013066e-03,2.507138859433651083e-08,2.616884389053344506e+01,5.245229914262218784e+01,8.678061146119942350e+03,1.447423320753548559e+01
7.249674323800013066e-03,2.507138859433651083e-08,2.616884389053344506e+01,5.245229914262218784e+01,8.678061146119942350e+03,1.447423320753548559e+01
7.249674323800013066e-03,2.507138859433651083e-08,2.616884389053344506e+01,5.245229914262218784e+01,8.678061146119942350e+03,1.447423320753548559e+01
7.249674323800013066e-03,2.507138859433651083e-08,2.616884389053344506e+01,5.245229914262218784e+01,8.678061146119942350e+03,1.447423320753548559e+01
7.249674323800013066e-03,2.507138859433651083e-08,2.616884389053344506e+01,5.245229914262218784e+01,8.678061146119942350e+03,1.447423320753548559e+01
7.249674323800013066e-03,2.507138859433651083e-08,2.616884389053344506e+01,5.245229914262218784e+01,8.678061146119942350e+03,1.447423320753548559e+01
7.249674323800013066e-03,2.507138859433651083e-08,2.616884389053344506e+01,5.245229914262218784e+01,8.678061146119942350e+03,1.447423320753548559e+01
7.249743200196662532e-03,2.507127613562701008e-08,2.616928392818004312e+01,5.245270433373610786e+01,8.678101922195253792e+03,1.447413939654214055e+01
7.249743200196662532e-03,2.507127613562701008e-08,2.616928392818004312e+01,5.245270433373610786e+01,8.678101922195253792e+03,1.447413939654214055e+01
7.249743200196662532e-03,2.507127613562701008e-08,2.616928392818004312e+01,5.245270433373610786e+01,8.678101922195253792e+03,1.447413939654214055e+01
7.249743200196662532e-03,2.507127613562701008e-08,2.616928392818004312e+01,5.245270433373610786e+01,8.678101922195253792e+03,1.447413939654214055e+01
7.249743200196662532e-03,2.507127613562701008e-08,2.616928392818004312e+01,5.245270433373610786e+01,8.678101922195253792e+03,1.447413939654214055e+01
7.249743200196662532e-03,2.507127613562701008e-08,2.616928392818004312e+01,5.245270433373610786e+01,8.678101922195253792e+03,1.447413939654214055e+01
7.249743200196662532e-03,2.507127613562701008e-08,2.616928392818004312e+01,5.245270433373610786e+01,8.678101922195253792e+03,1.447413939654214055e+01
7.249743200196662532e-03,2.507127613562701008e-08,2.616928392818004312e+01,5.245270433373610786e+01,8.678101922195253792e+03,1.447413939654214055e+01
7.249743200196662532e-03,2.507127613562701008e-08,2.616928392818004312e+01,5.245270433373610786e+01,8.678101922195253792e+03,1.447413939654214055e+01
7.250048360440428628e-03,2.506512996687824388e-08,2.616669751757622109e+01,5.245507220886799615e+01,8.675373111373606662e+03,1.446388406294243545e+01
7.241319135438712730e-03,2.506628423528894324e-08,2.614103629633402903e+01,5.242958895988897439e+01,8.672020294061227105e+03,1.446326554257816177e+01
7.241452782481601000e-03,2.506640205919416631e-08,2.614149969930072359e+01,5.242998469147723739e+01,8.672130121524065544e+03,1.446348938454894295e+01
7.242485949828550776e-03,2.506552941948735263e-08,2.614544699265183425e+01,5.243234885506782206e+01,8.672445763631123555e+03,1.446249925254151414e+01
7.244576981502544137e-03,2.506506659041775896e-08,2.615452100131768276e+01,5.243997890249202243e+01,8.673290484026778358e+03,1.446169651175582516e+01
7.244576981502544137e-03,2.506506659041775896e-08,2.615452100131768276e+01,5.243997890249202243e+01,8.673290484026778358e+03,1.446169651175582516e+01
7.244576981502544137e-03,2.506506659041775896e-08,2.615452100131768276e+01,5.243997890249202243e+01,8.673290484026778358e+03,1.446169651175582516e+01
7.244576981502544137e-03,2.506506659041775896e-08,2.615452100131768276e+01,5.243997890249202243e+01,8.673290484026778358e+03,1.446169651175582516e+01
7.244680316630786564e-03,2.506510400730229074e-08,2.615509821991765449e+01,5.244039378776808746e+01,8.673507279873660082e+03,1.446169157465293864e+01
7.244680316630786564e-03,2.506510400730229074e-08,2.615509821991765449e+01,5.244039378776808746e+01,8.673507279873660082e+03,1.446169157465293864e+01
7.244680316630786564e-03,2.506510400730229074e-08,2.615509821991765449e+01,5.244039378776808746e+01,8.673507279873660082e+03,1.446169157465293864e+01
7.244680316630786564e-03,2.506510400730229074e-08,2.615509821991765449e+01,5.244039378776808746e+01,8.673507279873660082e+03,1.446169157465293864e+01
7.244680316630786564e-03,2.506510400730229074e-08,2.615509821991765449e+01,5.244039378776808746e+01,8.673507279873660082e+03,1.446169157465293864e+01
7.244680316630786564e-03,2.506510400730229074e-08,2.615509821991765449e+01,5.244039378776808746e+01,8.673507279873660082e+03,1.446169157465293864e+01
7.244680316630786564e-03,2.506510400730229074e-08,2.615509821991765449e+01,5.244039378776808746e+01,8.673507279873660082e+03,1.446169157465293864e+01
7.244680316630786564e-03,2.506510400730229074e-08,2.615509821991765449e+01,5.244039378776808746e+01,8.673507279873660082e+03,1.446169157465293864e+01
7.244680316630786564e-03,2.506510400730229074e-08,2.615509821991765449e+01,5.244039378776808746e+01,8.673507279873660082e+03,1.446169157465293864e+01
7.244680316630786564e-03,2.506510400730229074e-08,2.615509821991765449e+01,5.244039378776808746e+01,8.673507279873660082e+03,1.446169157465293864e+01
7.244587314756802468e-03,2.506538180273189870e-08,2.615478271440510838e+01,5.244028337530455985e+01,8.673575197640904662e+03,1.446210375095473744e+01
7.244587314756802468e-03,2.506538180273189870e-08,2.615478271440510838e+01,5.244028337530455985e+01,8.673575197640904662e+03,1.446210375095473744e+01
7.238631022794025059e-03,2.506973420018724073e-08,2.613784055984250898e+01,5.242694411838382962e+01,8.673896091851107485e+03,1.446525397943866054e+01
7.238631022794025059e-03,2.506973420018724073e-08,2.613784055984250898e+01,5.242694411838382962e+01,8.673896091851107485e+03,1.446525397943866054e+01
7.238631022794025059e-03,2.506973420018724073e-08,2.613784055984250898e+01,5.242694411838382962e+01,8.673896091851107485e+03,1.446525397943866054e+01
7.238631022794025059e-03,2.506973420018724073e-08,2.613784055984250898e+01,5.242694411838382962e+01,8.673896091851107485e+03,1.446525397943866054e+01
7.238631022794025059e-03,2.506973420018724073e-08,2.613784055984250898e+01,5.242694411838382962e+01,8.673896091851107485e+03,1.446525397943866054e+01
7.228880047666762058e-03,2.509458861322661991e-08,2.609751918756068534e+01,5.240992372505069596e+01,8.677510430701431687e+03,1.450540959721164924e+01
7.228880047666762058e-03,2.509458861322661991e-08,2.609751918756068534e+01,5.240992372505069596e+01,8.677510430701431687e+03,1.450540959721164924e+01
7.228880047666762058e-03,2.509458861322661991e-08,2.609751918756068534e+01,5.240992372505069596e+01,8.677510430701431687e+03,1.450540959721164924e+01
7.214568304813173162e-03,2.512340246099436137e-08,2.614218883699103912e+01,5.245725652045918963e+01,8.702368163455512331e+03,1.452684333154385676e+01
7.179129922845122608e-03,2.519776106309994932e-08,2.607077130609816251e+01,5.244344908373311398e+01,8.723811703739402219e+03,1.462066894795090377e+01
7.179129922845122608e-03,2.519776106309994932e-08,2.607077130609816251e+01,5.244344908373311398e+01,8.723811703739402219e+03,1.462066894795090377e+01
7.179129922845122608e-03,2.519776106309994932e-08,2.607077130609816251e+01,5.244344908373311398e+01,8.723811703739402219e+03,1.462066894795090377e+01
7.179129922845122608e-03,2.519776106309994932e-08,2.607077130609816251e+01,5.244344908373311398e+01,8.723811703739402219e+03,1.462066894795090377e+01
7.179165833949375207e-03,2.519773141377097773e-08,2.607063480483994411e+01,5.244328509652535786e+01,8.723758500736434144e+03,1.462072507856502668e+01
7.179165833949375207e-03,2.519773141377097773e-08,2.607063480483994411e+01,5.244328509652535786e+01,8.723758500736434144e+03,1.462072507856502668e+01
7.179165833949375207e-03,2.519773141377097773e-08,2.607063480483994411e+01,5.244328509652535786e+01,8.723758500736434144e+03,1.462072507856502668e+01
7.179165833949375207e-03,2.519773141377097773e-08,2.607063480483994411e+01,5.244328509652535786e+01,8.723758500736434144e+03,1.462072507856502668e+01
7.166822471861913901e-03,2.522048071809339755e-08,2.605692336460975156e+01,5.244542425255247764e+01,8.732379325320993303e+03,1.464395817252847287e+01
7.166822471861913901e-03,2.522048071809339755e-08,2.605692336460975156e+01,5.244542425255247764e+01,8.732379325320993303e+03,1.464395817252847287e+01
7.166822471861913901e-03,2.522048071809339755e-08,2.605692336460975156e+01,5.244542425255247764e+01,8.732379325320993303e+03,1.464395817252847287e+01
7.166822471861913901e-03,2.522048071809339755e-08,2.605692336460975156e+01,5.244542425255247764e+01,8.732379325320993303e+03,1.464395817252847287e+01
7.166822471861913901e-03,2.522048071809339755e-08,2.605692336460975156e+01,5.244542425255247764e+01,8.732379325320993303e+03,1.464395817252847287e+01
7.166822471861913901e-03,2.522048071809339755e-08,2.605692336460975156e+01,5.244542425255247764e+01,8.732379325320993303e+03,1.464395817252847287e+01
7.166822471861913901e-03,2.522048071809339755e-08,2.605692336460975156e+01,5.244542425255247764e+01,8.732379325320993303e+03,1.464395817252847287e+01
7.166822471861913901e-03,2.522048071809339755e-08,2.605692336460975156e+01,5.244542425255247764e+01,8.732379325320993303e+03,1.464395817252847287e+01
7.166822471861913901e-03,2.522048071809339755e-08,2.605692336460975156e+01,5.244542425255247764e+01,8.732379325320993303e+03,1.464395817252847287e+01
7.166822471861913901e-03,2.522048071809339755e-08,2.605692336460975156e+01,5.244542425255247764e+01,8.732379325320993303e+03,1.464395817252847287e+01
7.166822471861913901e-03,2.522048071809339755e-08,2.605692336460975156e+01,5.244542425255247764e+01,8.732379325320993303e+03,1.464395817252847287e+01
7.166822471861913901e-03,2.522048071809339755e-08,2.605692336460975156e+01,5.244542425255247764e+01,8.732379325320993303e+03,1.464395817252847287e+01
7.166822471861913901e-03,2.522048071809339755e-08,2.605692336460975156e+01,5.244542425255247764e+01,8.732379325320993303e+03,1.464395817252847287e+01
7.166822471861913901e-03,2.522048071809339755e-08,2.605692336460975156e+01,5.244542425255247764e+01,8.732379325320993303e+03,1.464395817252847287e+01
7.094944131918506230e-03,2.539901277512466606e-08,2.627585592587173835e+01,5.269197783238980293e+01,8.867784004622073553e+03,1.480899693788462912e+01
7.094944131918506230e-03,2.539901277512466606e-08,2.627585592587173835e+01,5.269197783238980293e+01,8.867784004622073553e+03,1.480899693788462912e+01
7.094944131918506230e-03,2.539901277512466606e-08,2.627585592587173835e+01,5.269197783238980293e+01,8.867784004622073553e+03,1.480899693788462912e+01
7.094944131918506230e-03,2.539901277512466606e-08,2.627585592587173835e+01,5.269197783238980293e+01,8.867784004622073553e+03,1.480899693788462912e+01
7.094944131918506230e-03,2.539901277512466606e-08,2.627585592587173835e+01,5.269197783238980293e+01,8.867784004622073553e+03,1.480899693788462912e+01
7.094944131918506230e-03,2.539901277512466606e-08,2.627585592587173835e+01,5.269197783238980293e+01,8.867784004622073553e+03,1.480899693788462912e+01
7.094944131918506230e-03,2.539901277512466606e-08,2.627585592587173835e+01,5.269197783238980293e+01,8.867784004622073553e+03,1.480899693788462912e+01
7.249881107334899336e-03,2.507157300847948204e-08,2.617075904257930929e+01,5.245375426772002214e+01,8.678409648414921321e+03,1.447402980518557314e+01
7.249881107334899336e-03,2.507157300847948204e-08,2.617075904257930929e+01,5.245375426772002214e+01,8.678409648414921321e+03,1.447402980518557314e+01
7.249881107334899336e-03,2.507157300847948204e-08,2.617075904257930929e+01,5.245375426772002214e+01,8.678409648414921321e+03,1.447402980518557314e+01
7.249881107334899336e-03,2.507157300847948204e-08,2.617075904257930929e+01,5.245375426772002214e+01,8.678409648414921321e+03,1.447402980518557314e+01
7.249881107334899336e-03,2.507157300847948204e-08,2.617075904257930929e+01,5.245375426772002214e+01,8.678409648414921321e+03,1.447402980518557314e+01
7.249881107334899336e-03,2.507157300847948204e-08,2.617075904257930929e+01,5.245375426772002214e+01,8.678409648414921321e+03,1.447402980518557314e+01
7.249881107334899336e-03,2.507157300847948204e-08,2.617075904257930929e+01,5.245375426772002214e+01,8.678409648414921321e+03,1.447402980518557314e+01
7.249881107334899336e-03,2.507157300847948204e-08,2.617075904257930929e+01,5.245375426772002214e+01,8.678409648414921321e+03,1.447402980518557314e+01
7.249881107334899336e-03,2.507157300847948204e-08,2.617075904257930929e+01,5.245375426772002214e+01,8.678409648414921321e+03,1.447402980518557314e+01
7.249881107334899336e-03,2.507157300847948204e-08,2.617075904257930929e+01,5.245375426772002214e+01,8.678409648414921321e+03,1.447402980518557314e+01
7.249861672647970115e-03,2.507155026618975184e-08,2.617042763937736183e+01,5.245333074693613185e+01,8.678382499191560782e+03,1.447401002219609190e+01
7.249861672647970115e-03,2.507155026618975184e-08,2.617042763937736183e+01,5.245333074693613185e+01,8.678382499191560782e+03,1.447401002219609190e+01
7.249861672647970115e-03,2.507155026618975184e-08,2.617042763937736183e+01,5.245333074693613185e+01,8.678382499191560782e+03,1.447401002219609190e+01
7.249861672647970115e-03,2.507155026618975184e-08,2.617042763937736183e+01,5.245333074693613185e+01,8.678382499191560782e+03,1.447401002219609190e+01
7.249861672647970115e-03,2.507155026618975184e-08,2.617042763937736183e+01,5.245333074693613185e+01,8.678382499191560782e+03,1.447401002219609190e+01
7.249870512683347437e-03,2.507164692148874218e-08,2.617057593875703958e+01,5.245336622948335048e+01,8.678437743639336986e+03,1.447400559632574968e+01
7.249870512683347437e-03,2.507164692148874218e-08,2.617057593875703958e+01,5.245336622948335048e+01,8.678437743639336986e+03,1.447400559632574968e+01
7.249870512683347437e-03,2.507164692148874218e-08,2.617057593875703958e+01,5.245336622948335048e+01,8.678437743639336986e+03,1.447400559632574968e+01
7.249870512683347437e-03,2.507164692148874218e-08,2.617057593875703958e+01,5.245336622948335048e+01,8.678437743639336986e+03,1.447400559632574968e+01
7.249870512683347437e-03,2.507164692148874218e-08,2.617057593875703958e+01,5.245336622948335048e+01,8.678437743639336986e+03,1.447400559632574968e+01
7.249870512683347437e-03,2.507164692148874218e-08,2.617057593875703958e+01,5.245336622948335048e+01,8.678437743639336986e+03,1.447400559632574968e+01
7.249870512683347437e-03,2.507164692148874218e-08,2.617057593875703958e+01,5.245336622948335048e+01,8.678437743639336986e+03,1.447400559632574968e+01
7.249870512683347437e-03,2.507164692148874218e-08,2.617057593875703958e+01,5.245336622948335048e+01,8.678437743639336986e+03,1.447400559632574968e+01
7.249870512683347437e-03,2.507164692148874218e-08,2.617057593875703958e+01,5.245336622948335048e+01,8.678437743639336986e+03,1.447400559632574968e+01
7.249870512683347437e-03,2.507164692148874218e-08,2.617057593875703958e+01,5.245336622948335048e+01,8.678437743639336986e+03,1.447400559632574968e+01
7.249870512683347437e-03,2.507164692148874218e-08,2.617057593875703958e+01,5.245336622948335048e+01,8.678437743639336986e+03,1.447400559632574968e+01
7.249870512683347437e-03,2.507164692148874218e-08,2.617057593875703958e+01,5.245336622948335048e+01,8.678437743639336986e+03,1.447400559632574968e+01
7.249870512683347437e-03,2.507164692148874218e-08,2.617057593875703958e+01,5.245336622948335048e+01,8.678437743639336986e+03,1.447400559632574968e+01
7.249870512683347437e-03,2.507164692148874218e-08,2.617057593875703958e+01,5.245336622948335048e+01,8.678437743639336986e+03,1.447400559632574968e+01
7.249870512683347437e-03,2.507164692148874218e-08,2.617057593875703958e+01,5.245336622948335048e+01,8.678437743639336986e+03,1.447400559632574968e+01
7.249870512683347437e-03,2.507164692148874218e-08,2.617057593875703958e+01,5.245336622948335048e+01,8.678437743639336986e+03,1.447400559632574968e+01
7.249870512683347437e-03,2.507164692148874218e-08,2.617057593875703958e+01,5.245336622948335048e+01,8.678437743639336986e+03,1.447400559632574968e+01
7.249870512683347437e-03,2.507164692148874218e-08,2.617057593875703958e+01,5.245336622948335048e+01,8.678437743639336986e+03,1.447400559632574968e+01
7.249870512683347437e-03,2.507164692148874218e-08,2.617057593875703958e+01,5.245336622948335048e+01,8.678437743639336986e+03,1.447400559632574968e+01
7.249870512683347437e-03,2.507164692148874218e-08,2.617057593875703958e+01,5.245336622948335048e+01,8.678437743639336986e+03,1.447400559632574968e+01
7.249870512683347437e-03,2.507164692148874218e-08,2.617057593875703958e+01,5.245336622948335048e+01,8.678437743639336986e+03,1.447400559632574968e+01
7.249870512683347437e-03,2.507164692148874218e-08,2.617057593875703958e+01,5.245336622948335048e+01,8.678437743639336986e+03,1.447400559632574968e+01
7.249870512683347437e-03,2.507164692148874218e-08,2.617057593875703958e+01,5.245336622948335048e+01,8.678437743639336986e+03,1.447400559632574968e+01
7.249870512683347437e-03,2.507164692148874218e-08,2.617057593875703958e+01,5.245336622948335048e+01,8.678437743639336986e+03,1.447400559632574968e+01
7.249870512683347437e-03,2.507164692148874218e-08,2.617057593875703958e+01,5.245336622948335048e+01,8.678437743639336986e+03,1.447400559632574968e+01
7.249870512683347437e-03,2.507164692148874218e-08,2.617057593875703958e+01,5.245336622948335048e+01,8.678437743639336986e+03,1.447400559632574968e+01
7.249870512683347437e-03,2.507164692148874218e-08,2.617057593875703958e+01,5.245336622948335048e+01,8.678437743639336986e+03,1.447400559632574968e+01
7.249870512683347437e-03,2.507164692148874218e-08,2.617057593875703958e+01,5.245336622948335048e+01,8.678437743639336986e+03,1.447400559632574968e+01
7.249870512683347437e-03,2.507164692148874218e-08,2.617057593875703958e+01,5.245336622948335048e+01,8.678437743639336986e+03,1.447400559632574968e+01
7.249870512683347437e-03,2.507164692148874218e-08,2.617057593875703958e+01,5.245336622948335048e+01,8.678437743639336986e+03,1.447400559632574968e+01
7.249870512683347437e-03,2.507164692148874218e-08,2.617057593875703958e+01,5.245336622948335048e+01,8.678437743639336986e+03,1.447400559632574968e+01
7.264543052762873106e-03,2.506468305559977666e-08,2.618791235089901548e+01,5.248060085232913963e+01,8.675472857373075385e+03,1.446585705027067092e+01
7.264543052762873106e-03,2.506468305559977666e-08,2.618791235089901548e+01,5.248060085232913963e+01,8.675472857373075385e+03,1.446585705027067092e+01
7.279095565326112495e-03,2.506437537803231221e-08,2.621192289671570919e+01,5.251000850158340683e+01,8.676909819146994778e+03,1.446890243887301430e+01
7.274663895472406952e-03,2.506541337621772942e-08,2.620394679620999412e+01,5.250164063018480221e+01,8.676998867631404210e+03,1.446904798359284428e+01
7.277944238261484927e-03,2.506464498018942380e-08,2.620985097680944875e+01,5.250783492953640064e+01,8.676932948224315624e+03,1.446894024204680562e+01
7.277944238261484927e-03,2.506464498018942380e-08,2.620985097680944875e+01,5.250783492953640064e+01,8.676932948224315624e+03,1.446894024204680562e+01
7.280567403487004166e-03,2.506282378907651512e-08,2.620380830201347777e+01,5.250448351010215475e+01,8.673955523868671662e+03,1.446615499384861536e+01
7.280567403487004166e-03,2.506282378907651512e-08,2.620380830201347777e+01,5.250448351010215475e+01,8.673955523868671662e+03,1.446615499384861536e+01
7.296992695624578314e-03,2.505810689121628599e-08,2.622154187152845140e+01,5.253131663552770902e+01,8.671616708554653087e+03,1.446197730663987180e+01
7.343832060339871778e-03,2.502664878639009323e-08,2.629719695655031231e+01,5.260948481385506170e+01,8.661452432609758034e+03,1.442187423379533406e+01
7.343832060339871778e-03,2.502664878639009323e-08,2.629719695655031231e+01,5.260948481385506170e+01,8.661452432609758034e+03,1.442187423379533406e+01
7.343832060339871778e-03,2.502664878639009323e-08,2.629719695655031231e+01,5.260948481385506170e+01,8.661452432609758034e+03,1.442187423379533406e+01
7.343832060339871778e-03,2.502664878639009323e-08,2.629719695655031231e+01,5.260948481385506170e+01,8.661452432609758034e+03,1.442187423379533406e+01
7.343832060339871778e-03,2.502664878639009323e-08,2.629719695655031231e+01,5.260948481385506170e+01,8.661452432609758034e+03,1.442187423379533406e+01
7.343832060339871778e-03,2.502664878639009323e-08,2.629719695655031231e+01,5.260948481385506170e+01,8.661452432609758034e+03,1.442187423379533406e+01
7.343832060339871778e-03,2.502664878639009323e-08,2.629719695655031231e+01,5.260948481385506170e+01,8.661452432609758034e+03,1.442187423379533406e+01
7.457055944115690768e-03,2.487993708166112780e-08,2.635168968264531486e+01,5.259064198655196520e+01,8.559396829838538906e+03,1.433026031438460812e+01
7.457055944115690768e-03,2.487993708166112780e-08,2.635168968264531486e+01,5.259064198655196520e+01,8.559396829838538906e+03,1.433026031438460812e+01
7.457055944115690768e-03,2.487993708166112780e-08,2.635168968264531486e+01,5.259064198655196520e+01,8.559396829838538906e+03,1.433026031438460812e+01
7.457055944115690768e-03,2.487993708166112780e-08,2.635168968264531486e+01,5.259064198655196520e+01,8.559396829838538906e+03,1.433026031438460812e+01
7.457055944115690768e-03,2.487993708166112780e-08,2.635168968264531486e+01,5.259064198655196520e+01,8.559396829838538906e+03,1.433026031438460812e+01
7.457055944115690768e-03,2.487993708166112780e-08,2.635168968264531486e+01,5.259064198655196520e+01,8.559396829838538906e+03,1.433026031438460812e+01
7.457055944115690768e-03,2.487993708166112780e-08,2.635168968264531486e+01,5.259064198655196520e+01,8.559396829838538906e+03,1.433026031438460812e+01
7.457055944115690768e-03,2.487993708166112780e-08,2.635168968264531486e+01,5.259064198655196520e+01,8.559396829838538906e+03,1.433026031438460812e+01
7.457055944115690768e-03,2.487993708166112780e-08,2.635168968264531486e+01,5.259064198655196520e+01,8.559396829838538906e+03,1.433026031438460812e+01
7.457055944115690768e-03,2.487993708166112780e-08,2.635168968264531486e+01,5.259064198655196520e+01,8.559396829838538906e+03,1.433026031438460812e+01
7.457055944115690768e-03,2.487993708166112780e-08,2.635168968264531486e+01,5.259064198655196520e+01,8.559396829838538906e+03,1.433026031438460812e+01
7.457055944115690768e-03,2.487993708166112780e-08,2.635168968264531486e+01,5.259064198655196520e+01,8.559396829838538906e+03,1.433026031438460812e+01
7.457055944115690768e-03,2.487993708166112780e-08,2.635168968264531486e+01,5.259064198655196520e+01,8.559396829838538906e+03,1.433026031438460812e+01
7.457055944115690768e-03,2.487993708166112780e-08,2.635168968264531486e+01,5.259064198655196520e+01,8.559396829838538906e+03,1.433026031438460812e+01
7.457055944115690768e-03,2.487993708166112780e-08,2.635168968264531486e+01,5.259064198655196520e+01,8.559396829838538906e+03,1.433026031438460812e+01
7.457055944115690768e-03,2.487993708166112780e-08,2.635168968264531486e+01,5.259064198655196520e+01,8.559396829838538906e+03,1.433026031438460812e+01
7.457055944115690768e-03,2.487993708166112780e-08,2.635168968264531486e+01,5.259064198655196520e+01,8.559396829838538906e+03,1.433026031438460812e+01
7.457055944115690768e-03,2.487993708166112780e-08,2.635168968264531486e+01,5.259064198655196520e+01,8.559396829838538906e+03,1.433026031438460812e+01
7.457055944115690768e-03,2.487993708166112780e-08,2.635168968264531486e+01,5.259064198655196520e+01,8.559396829838538906e+03,1.433026031438460812e+01
7.457055944115690768e-03,2.487993708166112780e-08,2.635168968264531486e+01,5.259064198655196520e+01,8.559396829838538906e+03,1.433026031438460812e+01
7.457055944115690768e-03,2.487993708166112780e-08,2.635168968264531486e+01,5.259064198655196520e+01,8.559396829838538906e+03,1.433026031438460812e+01
7.457055944115690768e-03,2.487993708166112780e-08,2.635168968264531486e+01,5.259064198655196520e+01,8.559396829838538906e+03,1.433026031438460812e+01
7.457055944115690768e-03,2.487993708166112780e-08,2.635168968264531486e+01,5.259064198655196520e+01,8.559396829838538906e+03,1.433026031438460812e+01
7.457055944115690768e-03,2.487993708166112780e-08,2.635168968264531486e+01,5.259064198655196520e+01,8.559396829838538906e+03,1.433026031438460812e+01
7.457055944115690768e-03,2.487993708166112780e-08,2.635168968264531486e+01,5.259064198655196520e+01,8.559396829838538906e+03,1.433026031438460812e+01
7.484115568016584674e-03,2.470768990820950358e-08,2.664837277188022213e+01,5.270480475128728415e+01,8.564397885132178999e+03,1.403369036975356821e+01
7.484115568016584674e-03,2.470768990820950358e-08,2.664837277188022213e+01,5.270480475128728415e+01,8.564397885132178999e+03,1.403369036975356821e+01
7.484115568016584674e-03,2.470768990820950358e-08,2.664837277188022213e+01,5.270480475128728415e+01,8.564397885132178999e+03,1.403369036975356821e+01
7.249881271551589061e-03,2.507171622328448239e-08,2.617064750233690162e+01,5.245412121252052629e+01,8.678395024765328344e+03,1.447413929489287021e+01
7.249881271551589061e-03,2.507171622328448239e-08,2.617064750233690162e+01,5.245412121252052629e+01,8.678395024765328344e+03,1.447413929489287021e+01
7.249881271551589061e-03,2.507171622328448239e-08,2.617064750233690162e+01,5.245412121252052629e+01,8.678395024765328344e+03,1.447413929489287021e+01
7.249881271551589061e-03,2.507171622328448239e-08,2.617064750233690162e+01,5.245412121252052629e+01,8.678395024765328344e+03,1.447413929489287021e+01
7.249881271551589061e-03,2.507171622328448239e-08,2.617064750233690162e+01,5.245412121252052629e+01,8.678395024765328344e+03,1.447413929489287021e+01
7.249881271551589061e-03,2.507171622328448239e-08,2.617064750233690162e+01,5.245412121252052629e+01,8.678395024765328344e+03,1.447413929489287021e+01
7.249881271551589061e-03,2.507171622328448239e-08,2.617064750233690162e+01,5.245412121252052629e+01,8.678395024765328344e+03,1.447413929489287021e+01
7.249881271551589061e-03,2.507171622328448239e-08,2.617064750233690162e+01,5.245412121252052629e+01,8.678395024765328344e+03,1.447413929489287021e+01
7.249881271551589061e-03,2.507171622328448239e-08,2.617064750233690162e+01,5.245412121252052629e+01,8.678395024765328344e+03,1.447413929489287021e+01
7.249881271551589061e-03,2.507171622328448239e-08,2.617064750233690162e+01,5.245412121252052629e+01,8.678395024765328344e+03,1.447413929489287021e+01
7.249881271551589061e-03,2.507171622328448239e-08,2.617064750233690162e+01,5.245412121252052629e+01,8.678395024765328344e+03,1.447413929489287021e+01
7.249881271551589061e-03,2.507171622328448239e-08,2.617064750233690162e+01,5.245412121252052629e+01,8.678395024765328344e+03,1.447413929489287021e+01
7.249881271551589061e-03,2.507171622328448239e-08,2.617064750233690162e+01,5.245412121252052629e+01,8.678395024765328344e+03,1.447413929489287021e+01
7.249881271551589061e-03,2.507171622328448239e-08,2.617064750233690162e+01,5.245412121252052629e+01,8.678395024765328344e+03,1.447413929489287021e+01
7.249881271551589061e-03,2.507171622328448239e-08,2.617064750233690162e+01,5.245412121252052629e+01,8.678395024765328344e+03,1.447413929489287021e+01
7.249881271551589061e-03,2.507171622328448239e-08,2.617064750233690162e+01,5.245412121252052629e+01,8.678395024765328344e+03,1.447413929489287021e+01
7.249881271551589061e-03,2.507171622328448239e-08,2.617064750233690162e+01,5.245412121252052629e+01,8.678395024765328344e+03,1.447413929489287021e+01
7.249876675561438971e-03,2.507173089358901576e-08,2.617069428815772980e+01,5.245415153689548049e+01,8.678397326262454953e+03,1.447413215628239236e+01
7.249876675561438971e-03,2.507173089358901576e-08,2.617069428815772980e+01,5.245415153689548049e+01,8.678397326262454953e+03,1.447413215628239236e+01
7.249876675561438971e-03,2.507173089358901576e-08,2.617069428815772980e+01,5.245415153689548049e+01,8.678397326262454953e+03,1.447413215628239236e+01
7.249876675561438971e-03,2.507173089358901576e-08,2.617069428815772980e+01,5.245415153689548049e+01,8.678397326262454953e+03,1.447413215628239236e+01
7.249876675561438971e-03,2.507173089358901576e-08,2.617069428815772980e+01,5.245415153689548049e+01,8.678397326262454953e+03,1.447413215628239236e+01
7.249876675561438971e-03,2.507173089358901576e-08,2.617069428815772980e+01,5.245415153689548049e+01,8.678397326262454953e+03,1.447413215628239236e+01
7.249288404076836660e-03,2.507292414636879662e-08,2.616942316198080931e+01,5.245284848684322299e+01,8.678880692091803212e+03,1.447658543369830930e+01
7.249288404076836660e-03,2.507292414636879662e-08,2.616942316198080931e+01,5.245284848684322299e+01,8.678880692091803212e+03,1.447658543369830930e+01
7.249288404076836660e-03,2.507292414636879662e-08,2.616942316198080931e+01,5.245284848684322299e+01,8.678880692091803212e+03,1.447658543369830930e+01
7.249288404076836660e-03,2.507292414636879662e-08,2.616942316198080931e+01,5.245284848684322299e+01,8.678880692091803212e+03,1.447658543369830930e+01
7.249420597094722966e-03,2.507285027251750567e-08,2.617018774127062386e+01,5.245272776459947295e+01,8.679078505380193747e+03,1.447650646613494096e+01
7.249420597094722966e-03,2.507285027251750567e-08,2.617018774127062386e+01,5.245272776459947295e+01,8.679078505380193747e+03,1.447650646613494096e+01
7.249420597094722966e-03,2.507285027251750567e-08,2.617018774127062386e+01,5.245272776459947295e+01,8.679078505380193747e+03,1.447650646613494096e+01
7.249420597094722966e-03,2.507285027251750567e-08,2.617018774127062386e+01,5.245272776459947295e+01,8.679078505380193747e+03,1.447650646613494096e+01
7.249420597094722966e-03,2.507285027251750567e-08,2.617018774127062386e+01,5.245272776459947295e+01,8.679078505380193747e+03,1.447650646613494096e+01
7.249420597094722966e-03,2.507285027251750567e-08,2.617018774127062386e+01,5.245272776459947295e+01,8.679078505380193747e+03,1.447650646613494096e+01
7.249420597094722966e-03,2.507285027251750567e-08,2.617018774127062386e+01,5.245272776459947295e+01,8.679078505380193747e+03,1.447650646613494096e+01
7.249420597094722966e-03,2.507285027251750567e-08,2.617018774127062386e+01,5.245272776459947295e+01,8.679078505380193747e+03,1.447650646613494096e+01
7.249420597094722966e-03,2.507285027251750567e-08,2.617018774127062386e+01,5.245272776459947295e+01,8.679078505380193747e+03,1.447650646613494096e+01
7.249420597094722966e-03,2.507285027251750567e-08,2.617018774127062386e+01,5.245272776459947295e+01,8.679078505380193747e+03,1.447650646613494096e+01
7.249420597094722966e-03,2.507285027251750567e-08,2.617018774127062386e+01,5.245272776459947295e+01,8.679078505380193747e+03,1.447650646613494096e+01
7.249420597094722966e-03,2.507285027251750567e-08,2.617018774127062386e+01,5.245272776459947295e+01,8.679078505380193747e+03,1.447650646613494096e+01
7.249420597094722966e-03,2.507285027251750567e-08,2.617018774127062386e+01,5.245272776459947295e+01,8.679078505380193747e+03,1.447650646613494096e+01
7.249420597094722966e-03,2.507285027251750567e-08,2.617018774127062386e+01,5.245272776459947295e+01,8.679078505380193747e+03,1.447650646613494096e+01
7.249420597094722966e-03,2.507285027251750567e-08,2.617018774127062386e+01,5.245272776459947295e+01,8.679078505380193747e+03,1.447650646613494096e+01
7.249278989832389289e-03,2.507327380670271748e-08,2.617001932716168255e+01,5.245223081314444613e+01,8.679336528734917010e+03,1.447736329648150111e+01
7.238996308858947244e-03,2.509465549576305029e-08,2.614001693741453636e+01,5.243997714360800444e+01,8.681458925181395898e+03,1.449287616687143121e+01
7.238996308858947244e-03,2.509465549576305029e-08,2.614001693741453636e+01,5.243997714360800444e+01,8.681458925181395898e+03,1.449287616687143121e+01
7.238996308858947244e-03,2.509465549576305029e-08,2.614001693741453636e+01,5.243997714360800444e+01,8.681458925181395898e+03,1.449287616687143121e+01
7.238996308858947244e-03,2.509465549576305029e-08,2.614001693741453636e+01,5.243997714360800444e+01,8.681458925181395898e+03,1.449287616687143121e+01
7.228099585226292756e-03,2.511523460307237601e-08,2.609217231364977607e+01,5.243746201486506919e+01,8.679455454934441150e+03,1.449974392358309139e+01
7.227998320817433618e-03,2.511597383863526677e-08,2.609377226684351214e+01,5.243835581735147144e+01,8.680148013374149741e+03,1.450102266606748458e+01
7.227998320817433618e-03,2.511597383863526677e-08,2.609377226684351214e+01,5.243835581735147144e+01,8.680148013374149741e+03,1.450102266606748458e+01
7.227998320817433618e-03,2.511597383863526677e-08,2.609377226684351214e+01,5.243835581735147144e+01,8.680148013374149741e+03,1.450102266606748458e+01
7.227998320817433618e-03,2.511597383863526677e-08,2.609377226684351214e+01,5.243835581735147144e+01,8.680148013374149741e+03,1.450102266606748458e+01
7.227998320817433618e-03,2.511597383863526677e-08,2.609377226684351214e+01,5.243835581735147144e+01,8.680148013374149741e+03,1.450102266606748458e+01
7.227998320817433618e-03,2.511597383863526677e-08,2.609377226684351214e+01,5.243835581735147144e+01,8.680148013374149741e+03,1.450102266606748458e+01
7.227998320817433618e-03,2.511597383863526677e-08,2.609377226684351214e+01,5.243835581735147144e+01,8.680148013374149741e+03,1.450102266606748458e+01
7.227998320817433618e-03,2.511597383863526677e-08,2.609377226684351214e+01,5.243835581735147144e+01,8.680148013374149741e+03,1.450102266606748458e+01
7.227998320817433618e-03,2.511597383863526677e-08,2.609377226684351214e+01,5.243835581735147144e+01,8.680148013374149741e+03,1.450102266606748458e+01
7.227998320817433618e-03,2.511597383863526677e-08,2.609377226684351214e+01,5.243835581735147144e+01,8.680148013374149741e+03,1.450102266606748458e+01
7.227998320817433618e-03,2.511597383863526677e-08,2.609377226684351214e+01,5.243835581735147144e+01,8.680148013374149741e+03,1.450102266606748458e+01
7.227998320817433618e-03,2.511597383863526677e-08,2.609377226684351214e+01,5.243835581735147144e+01,8.680148013374149741e+03,1.450102266606748458e+01
7.227998320817433618e-03,2.511597383863526677e-08,2.609377226684351214e+01,5.243835581735147144e+01,8.680148013374149741e+03,1.450102266606748458e+01
7.227998320817433618e-03,2.511597383863526677e-08,2.609377226684351214e+01,5.243835581735147144e+01,8.680148013374149741e+03,1.450102266606748458e+01
7.227998320817433618e-03,2.511597383863526677e-08,2.609377226684351214e+01,5.243835581735147144e+01,8.680148013374149741e+03,1.450102266606748458e+01
7.227998320817433618e-03,2.511597383863526677e-08,2.609377226684351214e+01,5.243835581735147144e+01,8.680148013374149741e+03,1.450102266606748458e+01
7.227998320817433618e-03,2.511597383863526677e-08,2.609377226684351214e+01,5.243835581735147144e+01,8.680148013374149741e+03,1.450102266606748458e+01
7.227998320817433618e-03,2.511597383863526677e-08,2.609377226684351214e+01,5.243835581735147144e+01,8.680148013374149741e+03,1.450102266606748458e+01
7.227998320817433618e-03,2.511597383863526677e-08,2.609377226684351214e+01,5.243835581735147144e+01,8.680148013374149741e+03,1.450102266606748458e+01
7.227998320817433618e-03,2.511597383863526677e-08,2.609377226684351214e+01,5.243835581735147144e+01,8.680148013374149741e+03,1.450102266606748458e+01
7.227998320817433618e-03,2.511597383863526677e-08,2.609377226684351214e+01,5.243835581735147144e+01,8.680148013374149741e+03,1.450102266606748458e+01
7.280557578576219921e-03,2.502216260084154001e-08,2.606426339616162835e+01,5.235791918502342668e+01,8.598640806215827979e+03,1.445108078054937373e+01
7.280557578576219921e-03,2.502216260084154001e-08,2.606426339616162835e+01,5.235791918502342668e+01,8.598640806215827979e+03,1.445108078054937373e+01
7.280557578576219921e-03,2.502216260084154001e-08,2.606426339616162835e+01,5.235791918502342668e+01,8.598640806215827979e+03,1.445108078054937373e+01
7.280557578576219921e-03,2.502216260084154001e-08,2.606426339616162835e+01,5.235791918502342668e+01,8.598640806215827979e+03,1.445108078054937373e+01
7.304231595320431411e-03,2.497434375724594869e-08,2.598007779240322890e+01,5.224691741229919728e+01,8.532378226932940379e+03,1.443266888526115999e+01
7.304231595320431411e-03,2.497434375724594869e-08,2.598007779240322890e+01,5.224691741229919728e+01,8.532378226932940379e+03,1.443266888526115999e+01
7.304231595320431411e-03,2.497434375724594869e-08,2.598007779240322890e+01,5.224691741229919728e+01,8.532378226932940379e+03,1.443266888526115999e+01
7.304231595320431411e-03,2.497434375724594869e-08,2.598007779240322890e+01,5.224691741229919728e+01,8.532378226932940379e+03,1.443266888526115999e+01
7.304231595320431411e-03,2.497434375724594869e-08,2.598007779240322890e+01,5.224691741229919728e+01,8.532378226932940379e+03,1.443266888526115999e+01
7.323182658896402845e-03,2.494824731764071567e-08,2.584745202420443277e+01,5.218496441997555024e+01,8.468212022971640181e+03,1.442957241999220130e+01
7.323182658896402845e-03,2.494824731764071567e-08,2.584745202420443277e+01,5.218496441997555024e+01,8.468212022971640181e+03,1.442957241999220130e+01
7.323182658896402845e-03,2.494824731764071567e-08,2.584745202420443277e+01,5.218496441997555024e+01,8.468212022971640181e+03,1.442957241999220130e+01
7.323182658896402845e-03,2.494824731764071567e-08,2.584745202420443277e+01,5.218496441997555024e+01,8.468212022971640181e+03,1.442957241999220130e+01
7.436989570988543526e-03,2.476786668315314601e-08,2.572984086416767724e+01,5.205370942134755552e+01,8.287671712767205463e+03,1.429949308707035982e+01
7.521447795703974613e-03,2.462751568903171085e-08,2.552785514436936509e+01,5.188903094706326868e+01,8.113859794271166720e+03,1.419716995257105552e+01
7.521447795703974613e-03,2.462751568903171085e-08,2.552785514436936509e+01,5.188903094706326868e+01,8.113859794271166720e+03,1.419716995257105552e+01
7.521447795703974613e-03,2.462751568903171085e-08,2.552785514436936509e+01,5.188903094706326868e+01,8.113859794271166720e+03,1.419716995257105552e+01
7.521447795703974613e-03,2.462751568903171085e-08,2.552785514436936509e+01,5.188903094706326868e+01,8.113859794271166720e+03,1.419716995257105552e+01
7.521447795703974613e-03,2.462751568903171085e-08,2.552785514436936509e+01,5.188903094706326868e+01,8.113859794271166720e+03,1.419716995257105552e+01
7.521447795703974613e-03,2.462751568903171085e-08,2.552785514436936509e+01,5.188903094706326868e+01,8.113859794271166720e+03,1.419716995257105552e+01
7.521447795703974613e-03,2.462751568903171085e-08,2.552785514436936509e+01,5.188903094706326868e+01,8.113859794271166720e+03,1.419716995257105552e+01
7.249820920780641539e-03,2.507141507535237846e-08,2.617058785867898862e+01,5.245422102478647020e+01,8.678266357180727937e+03,1.447400271844670705e+01
7.249820920780641539e-03,2.507141507535237846e-08,2.617058785867898862e+01,5.245422102478647020e+01,8.678266357180727937e+03,1.447400271844670705e+01
7.249820920780641539e-03,2.507141507535237846e-08,2.617058785867898862e+01,5.245422102478647020e+01,8.678266357180727937e+03,1.447400271844670705e+01
7.249820920780641539e-03,2.507141507535237846e-08,2.617058785867898862e+01,5.245422102478647020e+01,8.678266357180727937e+03,1.447400271844670705e+01
7.249820920780641539e-03,2.507141507535237846e-08,2.617058785867898862e+01,5.245422102478647020e+01,8.678266357180727937e+03,1.447400271844670705e+01
7.249820920780641539e-03,2.507141507535237846e-08,2.617058785867898862e+01,5.245422102478647020e+01,8.678266357180727937e+03,1.447400271844670705e+01
7.249820920780641539e-03,2.507141507535237846e-08,2.617058785867898862e+01,5.245422102478647020e+01,8.678266357180727937e+03,1.447400271844670705e+01
7.249820920780641539e-03,2.507141507535237846e-08,2.617058785867898862e+01,5.245422102478647020e+01,8.678266357180727937e+03,1.447400271844670705e+01
7.249820920780641539e-03,2.507141507535237846e-08,2.617058785867898862e+01,5.245422102478647020e+01,8.678266357180727937e+03,1.447400271844670705e+01
7.249820920780641539e-03,2.507141507535237846e-08,2.617058785867898862e+01,5.245422102478647020e+01,8.678266357180727937e+03,1.447400271844670705e+01
7.249820920780641539e-03,2.507141507535237846e-08,2.617058785867898862e+01,5.245422102478647020e+01,8.678266357180727937e+03,1.447400271844670705e+01
7.249820920780641539e-03,2.507141507535237846e-08,2.617058785867898862e+01,5.245422102478647020e+01,8.678266357180727937e+03,1.447400271844670705e+01
7.249820920780641539e-03,2.507141507535237846e-08,2.617058785867898862e+01,5.245422102478647020e+01,8.678266357180727937e+03,1.447400271844670705e+01
7.249820920780641539e-03,2.507141507535237846e-08,2.617058785867898862e+01,5.245422102478647020e+01,8.678266357180727937e+03,1.447400271844670705e+01
7.249820920780641539e-03,2.507141507535237846e-08,2.617058785867898862e+01,5.245422102478647020e+01,8.678266357180727937e+03,1.447400271844670705e+01
7.249820920780641539e-03,2.507141507535237846e-08,2.617058785867898862e+01,5.245422102478647020e+01,8.678266357180727937e+03,1.447400271844670705e+01
7.249820920780641539e-03,2.507141507535237846e-08,2.617058785867898862e+01,5.245422102478647020e+01,8.678266357180727937e+03,1.447400271844670705e+01
7.249820920780641539e-03,2.507141507535237846e-08,2.617058785867898862e+01,5.245422102478647020e+01,8.678266357180727937e+03,1.447400271844670705e+01
7.249820920780641539e-03,2.507141507535237846e-08,2.617058785867898862e+01,5.245422102478647020e+01,8.678266357180727937e+03,1.447400271844670705e+01
7.249820920780641539e-03,2.507141507535237846e-08,2.617058785867898862e+01,5.245422102478647020e+01,8.678266357180727937e+03,1.447400271844670705e+01
7.249820920780641539e-03,2.507141507535237846e-08,2.617058785867898862e+01,5.245422102478647020e+01,8.678266357180727937e+03,1.447400271844670705e+01
7.249820920780641539e-03,2.507141507535237846e-08,2.617058785867898862e+01,5.245422102478647020e+01,8.678266357180727937e+03,1.447400271844670705e+01
7.249820920780641539e-03,2.507141507535237846e-08,2.617058785867898862e+01,5.245422102478647020e+01,8.678266357180727937e+03,1.447400271844670705e+01
7.249820920780641539e-03,2.507141507535237846e-08,2.617058785867898862e+01,5.245422102478647020e+01,8.678266357180727937e+03,1.447400271844670705e+01
7.249820920780641539e-03,2.507141507535237846e-08,2.617058785867898862e+01,5.245422102478647020e+01,8.678266357180727937e+03,1.447400271844670705e+01
7.249820920780641539e-03,2.507141507535237846e-08,2.617058785867898862e+01,5.245422102478647020e+01,8.678266357180727937e+03,1.447400271844670705e+01
7.249820920780641539e-03,2.507141507535237846e-08,2.617058785867898862e+01,5.245422102478647020e+01,8.678266357180727937e+03,1.447400271844670705e+01
7.249820920780641539e-03,2.507141507535237846e-08,2.617058785867898862e+01,5.245422102478647020e+01,8.678266357180727937e+03,1.447400271844670705e+01
7.249820920780641539e-03,2.507141507535237846e-08,2.617058785867898862e+01,5.245422102478647020e+01,8.678266357180727937e+03,1.447400271844670705e+01
7.249082394525309565e-03,2.507276967278619787e-08,2.616800717382339059e+01,5.245164674319990183e+01,8.678696809830749771e+03,1.447688893691660006e+01
7.248765308057017291e-03,2.507346459230901177e-08,2.616723941428846700e+01,5.245099019987129196e+01,8.678930363092613334e+03,1.447811116029163792e+01
7.248913337764854338e-03,2.507319264190700877e-08,2.616751710429279854e+01,5.245120627455804652e+01,8.678989207756771066e+03,1.447802813328475757e+01
7.248913337764854338e-03,2.507319264190700877e-08,2.616751710429279854e+01,5.245120627455804652e+01,8.678989207756771066e+03,1.447802813328475757e+01
7.247695049080348471e-03,2.507740649922975823e-08,2.616648465311453009e+01,5.245444673825658555e+01,8.679989771530923463e+03,1.448066765472602491e+01
7.247695049080348471e-03,2.507740649922975823e-08,2.616648465311453009e+01,5.245444673825658555e+01,8.679989771530923463e+03,1.448066765472602491e+01
7.247543209787827255e-03,2.508203873735681977e-08,2.617443171515350997e+01,5.246346256477792735e+01,8.682616962343392515e+03,1.448321158439624057e+01
7.247543209787827255e-03,2.508203873735681977e-08,2.617443171515350997e+01,5.246346256477792735e+01,8.682616962343392515e+03,1.448321158439624057e+01
7.247543209787827255e-03,2.508203873735681977e-08,2.617443171515350997e+01,5.246346256477792735e+01,8.682616962343392515e+03,1.448321158439624057e+01
7.247431265686520886e-03,2.508760756362179446e-08,2.618456291459270702e+01,5.247470697134873063e+01,8.685868846060651776e+03,1.448621378344500954e+01
7.247431265686520886e-03,2.508760756362179446e-08,2.618456291459270702e+01,5.247470697134873063e+01,8.685868846060651776e+03,1.448621378344500954e+01
7.247431265686520886e-03,2.508760756362179446e-08,2.618456291459270702e+01,5.247470697134873063e+01,8.685868846060651776e+03,1.448621378344500954e+01
7.247431265686520886e-03,2.508760756362179446e-08,2.618456291459270702e+01,5.247470697134873063e+01,8.685868846060651776e+03,1.448621378344500954e+01
7.247431265686520886e-03,2.508760756362179446e-08,2.618456291459270702e+01,5.247470697134873063e+01,8.685868846060651776e+03,1.448621378344500954e+01
7.247390409260329874e-03,2.508988482462162122e-08,2.618811984826519179e+01,5.247909547399537189e+01,8.687200292438908946e+03,1.448766068523004868e+01
7.247390409260329874e-03,2.508988482462162122e-08,2.618811984826519179e+01,5.247909547399537189e+01,8.687200292438908946e+03,1.448766068523004868e+01
7.246213952959379423e-03,2.509744430803461111e-08,2.619015838516872918e+01,5.248606553652071227e+01,8.689756883512567583e+03,1.449299750767370476e+01
7.242414897751851127e-03,2.512637541088310615e-08,2.618970282353069479e+01,5.256026938689854688e+01,8.709860414089507685e+03,1.449632232519495290e+01
7.242414897751851127e-03,2.512637541088310615e-08,2.618970282353069479e+01,5.256026938689854688e+01,8.709860414089507685e+03,1.449632232519495290e+01
7.242414897751851127e-03,2.512637541088310615e-08,2.618970282353069479e+01,5.256026938689854688e+01,8.709860414089507685e+03,1.449632232519495290e+01
7.242414897751851127e-03,2.512637541088310615e-08,2.618970282353069479e+01,5.256026938689854688e+01,8.709860414089507685e+03,1.449632232519495290e+01
7.242414897751851127e-03,2.512637541088310615e-08,2.618970282353069479e+01,5.256026938689854688e+01,8.709860414089507685e+03,1.449632232519495290e+01
7.242414897751851127e-03,2.512637541088310615e-08,2.618970282353069479e+01,5.256026938689854688e+01,8.709860414089507685e+03,1.449632232519495290e+01
7.242414897751851127e-03,2.512637541088310615e-08,2.618970282353069479e+01,5.256026938689854688e+01,8.709860414089507685e+03,1.449632232519495290e+01
7.242414897751851127e-03,2.512637541088310615e-08,2.618970282353069479e+01,5.256026938689854688e+01,8.709860414089507685e+03,1.449632232519495290e+01
7.234781253991181410e-03,2.514566738777842514e-08,2.617514701565008650e+01,5.257693306971984981e+01,8.721408492802007459e+03,1.451021828401623637e+01
7.234781253991181410e-03,2.514566738777842514e-08,2.617514701565008650e+01,5.257693306971984981e+01,8.721408492802007459e+03,1.451021828401623637e+01
7.234781253991181410e-03,2.514566738777842514e-08,2.617514701565008650e+01,5.257693306971984981e+01,8.721408492802007459e+03,1.451021828401623637e+01
7.234781253991181410e-03,2.514566738777842514e-08,2.617514701565008650e+01,5.257693306971984981e+01,8.721408492802007459e+03,1.451021828401623637e+01
7.234781253991181410e-03,2.514566738777842514e-08,2.617514701565008650e+01,5.257693306971984981e+01,8.721408492802007459e+03,1.451021828401623637e+01
7.234781253991181410e-03,2.514566738777842514e-08,2.617514701565008650e+01,5.257693306971984981e+01,8.721408492802007459e+03,1.451021828401623637e+01
7.234781253991181410e-03,2.514566738777842514e-08,2.617514701565008650e+01,5.257693306971984981e+01,8.721408492802007459e+03,1.451021828401623637e+01
7.234781253991181410e-03,2.514566738777842514e-08,2.617514701565008650e+01,5.257693306971984981e+01,8.721408492802007459e+03,1.451021828401623637e+01
7.234781253991181410e-03,2.514566738777842514e-08,2.617514701565008650e+01,5.257693306971984981e+01,8.721408492802007459e+03,1.451021828401623637e+01
7.234781253991181410e-03,2.514566738777842514e-08,2.617514701565008650e+01,5.257693306971984981e+01,8.721408492802007459e+03,1.451021828401623637e+01
7.106653798306473979e-03,2.530390985173540311e-08,2.607145587293870292e+01,5.256883974058075637e+01,8.818511414590706408e+03,1.461754145064901955e+01
7.106653798306473979e-03,2.530390985173540311e-08,2.607145587293870292e+01,5.256883974058075637e+01,8.818511414590706408e+03,1.461754145064901955e+01
7.087728570825316439e-03,2.533609338926327442e-08,2.606452856030435328e+01,5.259251401723742703e+01,8.839076760983194617e+03,1.463481668152370574e+01
7.087728570825316439e-03,2.533609338926327442e-08,2.606452856030435328e+01,5.259251401723742703e+01,8.839076760983194617e+03,1.463481668152370574e+01
7.066094612823163937e-03,2.536410429811152003e-08,2.605918897088007924e+01,5.261948150642052013e+01,8.861709309939773448e+03,1.462631217507522585e+01
7.066094612823163937e-03,2.536410429811152003e-08,2.605918897088007924e+01,5.261948150642052013e+01,8.861709309939773448e+03,1.462631217507522585e+01
7.066094612823163937e-03,2.536410429811152003e-08,2.605918897088007924e+01,5.261948150642052013e+01,8.861709309939773448e+03,1.462631217507522585e+01
7.066094612823163937e-03,2.536410429811152003e-08,2.605918897088007924e+01,5.261948150642052013e+01,8.861709309939773448e+03,1.462631217507522585e+01
7.069286815973578782e-03,2.535930726488022331e-08,2.605538608169987214e+01,5.261205747427394641e+01,8.856976717543764607e+03,1.462648836653258932e+01
7.069286815973578782e-03,2.535930726488022331e-08,2.605538608169987214e+01,5.261205747427394641e+01,8.856976717543764607e+03,1.462648836653258932e+01
7.074495772703285126e-03,2.535130747846405521e-08,2.605908403529741690e+01,5.260656720086821991e+01,8.852051080755838484e+03,1.462368975484714539e+01
7.065335490035258743e-03,2.536350470743436578e-08,2.605224396112087604e+01,5.261240577962543341e+01,8.859809046889846286e+03,1.462855036095222161e+01
7.056045803651691574e-03,2.537770849657900140e-08,2.604562378836702408e+01,5.262202219774798806e+01,8.868571336555953167e+03,1.463354822796117816e+01
7.056045803651691574e-03,2.537770849657900140e-08,2.604562378836702408e+01,5.262202219774798806e+01,8.868571336555953167e+03,1.463354822796117816e+01
7.054335861712794989e-03,2.538038179797472990e-08,2.604324053980915465e+01,5.262287199198723897e+01,8.869910250612654636e+03,1.463499227912586242e+01
7.054335861712794989e-03,2.538038179797472990e-08,2.604324053980915465e+01,5.262287199198723897e+01,8.869910250612654636e+03,1.463499227912586242e+01
7.072443964577226558e-03,2.535270462231448138e-08,2.605624812170545468e+01,5.260422065519212964e+01,8.852867605829589593e+03,1.462520609678288963e+01
7.072711905438623138e-03,2.535232576029556446e-08,2.605625005142316297e+01,5.260376615457592919e+01,8.852520910527278829e+03,1.462525965316554100e+01
7.072711905438623138e-03,2.535232576029556446e-08,2.605625005142316297e+01,5.260376615457592919e+01,8.852520910527278829e+03,1.462525965316554100e+01
7.072711905438623138e-03,2.535232576029556446e-08,2.605625005142316297e+01,5.260376615457592919e+01,8.852520910527278829e+03,1.462525965316554100e+01
7.072711905438623138e-03,2.535232576029556446e-08,2.605625005142316297e+01,5.260376615457592919e+01,8.852520910527278829e+03,1.462525965316554100e+01
7.072711905438623138e-03,2.535232576029556446e-08,2.605625005142316297e+01,5.260376615457592919e+01,8.852520910527278829e+03,1.462525965316554100e+01
7.067918550923578749e-03,2.535945286396889867e-08,2.606215153215038072e+01,5.261489554809002556e+01,8.859646110191757543e+03,1.462493990513627473e+01
7.067918550923578749e-03,2.535945286396889867e-08,2.606215153215038072e+01,5.261489554809002556e+01,8.859646110191757543e+03,1.462493990513627473e+01
7.067918550923578749e-03,2.535945286396889867e-08,2.606215153215038072e+01,5.261489554809002556e+01,8.859646110191757543e+03,1.462493990513627473e+01
7.060639230682909905e-03,2.537605070703486969e-08,2.606475360473840652e+01,5.263933235004381572e+01,8.872726059283051654e+03,1.463047364362346769e+01
7.249921823074676440e-03,2.507162065352837872e-08,2.617145334421775971e+01,5.245464155270783380e+01,8.678466526175983745e+03,1.447407125053620014e+01
7.249921823074676440e-03,2.507162065352837872e-08,2.617145334421775971e+01,5.245464155270783380e+01,8.678466526175983745e+03,1.447407125053620014e+01
7.249921823074676440e-03,2.507162065352837872e-08,2.617145334421775971e+01,5.245464155270783380e+01,8.678466526175983745e+03,1.447407125053620014e+01
7.249921823074676440e-03,2.507162065352837872e-08,2.617145334421775971e+01,5.245464155270783380e+01,8.678466526175983745e+03,1.447407125053620014e+01
7.249921823074676440e-03,2.507162065352837872e-08,2.617145334421775971e+01,5.245464155270783380e+01,8.678466526175983745e+03,1.447407125053620014e+01
7.249921823074676440e-03,2.507162065352837872e-08,2.617145334421775971e+01,5.245464155270783380e+01,8.678466526175983745e+03,1.447407125053620014e+01
7.249921823074676440e-03,2.507162065352837872e-08,2.617145334421775971e+01,5.245464155270783380e+01,8.678466526175983745e+03,1.447407125053620014e+01
7.249921823074676440e-03,2.507162065352837872e-08,2.617145334421775971e+01,5.245464155270783380e+01,8.678466526175983745e+03,1.447407125053620014e+01
7.249921823074676440e-03,2.507162065352837872e-08,2.617145334421775971e+01,5.245464155270783380e+01,8.678466526175983745e+03,1.447407125053620014e+01
7.249921823074676440e-03,2.507162065352837872e-08,2.617145334421775971e+01,5.245464155270783380e+01,8.678466526175983745e+03,1.447407125053620014e+01
7.249921823074676440e-03,2.507162065352837872e-08,2.617145334421775971e+01,5.245464155270783380e+01,8.678466526175983745e+03,1.447407125053620014e+01
7.249921823074676440e-03,2.507162065352837872e-08,2.617145334421775971e+01,5.245464155270783380e+01,8.678466526175983745e+03,1.447407125053620014e+01
7.249921823074676440e-03,2.507162065352837872e-08,2.617145334421775971e+01,5.245464155270783380e+01,8.678466526175983745e+03,1.447407125053620014e+01
7.249921823074676440e-03,2.507162065352837872e-08,2.617145334421775971e+01,5.245464155270783380e+01,8.678466526175983745e+03,1.447407125053620014e+01
7.249921823074676440e-03,2.507162065352837872e-08,2.617145334421775971e+01,5.245464155270783380e+01,8.678466526175983745e+03,1.447407125053620014e+01
7.249921823074676440e-03,2.507162065352837872e-08,2.617145334421775971e+01,5.245464155270783380e+01,8.678466526175983745e+03,1.447407125053620014e+01
7.249921823074676440e-03,2.507162065352837872e-08,2.617145334421775971e+01,5.245464155270783380e+01,8.678466526175983745e+03,1.447407125053620014e+01
7.253707250721400102e-03,2.506246217477659443e-08,2.618124958128652580e+01,5.246178872754704514e+01,8.675837398786137783e+03,1.445897391841545421e+01
7.253707250721400102e-03,2.506246217477659443e-08,2.618124958128652580e+01,5.246178872754704514e+01,8.675837398786137783e+03,1.445897391841545421e+01
7.253479001019375733e-03,2.506380347590754132e-08,2.618214376133177623e+01,5.246268904204160322e+01,8.676357003144135888e+03,1.445946609255068260e+01
7.253479001019375733e-03,2.506380347590754132e-08,2.618214376133177623e+01,5.246268904204160322e+01,8.676357003144135888e+03,1.445946609255068260e+01
7.253454868924378955e-03,2.506387321740973115e-08,2.618216373882847492e+01,5.246270714484149522e+01,8.676383378499216633e+03,1.445949199585303901e+01
7.253454868924378955e-03,2.506387321740973115e-08,2.618216373882847492e+01,5.246270714484149522e+01,8.676383378499216633e+03,1.445949199585303901e+01
7.253454868924378955e-03,2.506387321740973115e-08,2.618216373882847492e+01,5.246270714484149522e+01,8.676383378499216633e+03,1.445949199585303901e+01
7.254501475839663684e-03,2.506225543058036270e-08,2.618624146963545485e+01,5.246666707952711306e+01,8.675849444576862879e+03,1.445522261850908841e+01
7.254501475839663684e-03,2.506225543058036270e-08,2.618624146963545485e+01,5.246666707952711306e+01,8.675849444576862879e+03,1.445522261850908841e+01
7.254501475839663684e-03,2.506225543058036270e-08,2.618624146963545485e+01,5.246666707952711306e+01,8.675849444576862879e+03,1.445522261850908841e+01
7.254501475839663684e-03,2.506225543058036270e-08,2.618624146963545485e+01,5.246666707952711306e+01,8.675849444576862879e+03,1.445522261850908841e+01
7.254501475839663684e-03,2.506225543058036270e-08,2.618624146963545485e+01,5.246666707952711306e+01,8.675849444576862879e+03,1.445522261850908841e+01
7.254501475839663684e-03,2.506225543058036270e-08,2.618624146963545485e+01,5.246666707952711306e+01,8.675849444576862879e+03,1.445522261850908841e+01
7.254501475839663684e-03,2.506225543058036270e-08,2.618624146963545485e+01,5.246666707952711306e+01,8.675849444576862879e+03,1.445522261850908841e+01
7.254501475839663684e-03,2.506225543058036270e-08,2.618624146963545485e+01,5.246666707952711306e+01,8.675849444576862879e+03,1.445522261850908841e+01
7.254501475839663684e-03,2.506225543058036270e-08,2.618624146963545485e+01,5.246666707952711306e+01,8.675849444576862879e+03,1.445522261850908841e+01
7.254501475839663684e-03,2.506225543058036270e-08,2.618624146963545485e+01,5.246666707952711306e+01,8.675849444576862879e+03,1.445522261850908841e+01
7.254501475839663684e-03,2.506225543058036270e-08,2.618624146963545485e+01,5.246666707952711306e+01,8.675849444576862879e+03,1.445522261850908841e+01
7.254501475839663684e-03,2.506225543058036270e-08,2.618624146963545485e+01,5.246666707952711306e+01,8.675849444576862879e+03,1.445522261850908841e+01
7.254501475839663684e-03,2.506225543058036270e-08,2.618624146963545485e+01,5.246666707952711306e+01,8.675849444576862879e+03,1.445522261850908841e+01
7.254501475839663684e-03,2.506225543058036270e-08,2.618624146963545485e+01,5.246666707952711306e+01,8.675849444576862879e+03,1.445522261850908841e+01
7.254501475839663684e-03,2.506225543058036270e-08,2.618624146963545485e+01,5.246666707952711306e+01,8.675849444576862879e+03,1.445522261850908841e+01
7.254501475839663684e-03,2.506225543058036270e-08,2.618624146963545485e+01,5.246666707952711306e+01,8.675849444576862879e+03,1.445522261850908841e+01
7.254501475839663684e-03,2.506225543058036270e-08,2.618624146963545485e+01,5.246666707952711306e+01,8.675849444576862879e+03,1.445522261850908841e+01
7.254501475839663684e-03,2.506225543058036270e-08,2.618624146963545485e+01,5.246666707952711306e+01,8.675849444576862879e+03,1.445522261850908841e+01
7.254501475839663684e-03,2.506225543058036270e-08,2.618624146963545485e+01,5.246666707952711306e+01,8.675849444576862879e+03,1.445522261850908841e+01
7.254501475839663684e-03,2.506225543058036270e-08,2.618624146963545485e+01,5.246666707952711306e+01,8.675849444576862879e+03,1.445522261850908841e+01
7.254501475839663684e-03,2.506225543058036270e-08,2.618624146963545485e+01,5.246666707952711306e+01,8.675849444576862879e+03,1.445522261850908841e+01
7.254501475839663684e-03,2.506225543058036270e-08,2.618624146963545485e+01,5.246666707952711306e+01,8.675849444576862879e+03,1.445522261850908841e+01
7.254501475839663684e-03,2.506225543058036270e-08,2.618624146963545485e+01,5.246666707952711306e+01,8.675849444576862879e+03,1.445522261850908841e+01
7.254501475839663684e-03,2.506225543058036270e-08,2.618624146963545485e+01,5.246666707952711306e+01,8.675849444576862879e+03,1.445522261850908841e+01
7.254501475839663684e-03,2.506225543058036270e-08,2.618624146963545485e+01,5.246666707952711306e+01,8.675849444576862879e+03,1.445522261850908841e+01
7.253187700341522971e-03,2.506882362582118500e-08,2.618265149794439850e+01,5.246689008602609761e+01,8.675970836813539790e+03,1.446059225730076214e+01
7.253187700341522971e-03,2.506882362582118500e-08,2.618265149794439850e+01,5.246689008602609761e+01,8.675970836813539790e+03,1.446059225730076214e+01
7.253187700341522971e-03,2.506882362582118500e-08,2.618265149794439850e+01,5.246689008602609761e+01,8.675970836813539790e+03,1.446059225730076214e+01
7.255545415922351644e-03,2.506745439302607466e-08,2.618101902977097950e+01,5.246983365299226421e+01,8.671261476005007353e+03,1.444881105922635989e+01
7.255545415922351644e-03,2.506745439302607466e-08,2.618101902977097950e+01,5.246983365299226421e+01,8.671261476005007353e+03,1.444881105922635989e+01
7.255545415922351644e-03,2.506745439302607466e-08,2.618101902977097950e+01,5.246983365299226421e+01,8.671261476005007353e+03,1.444881105922635989e+01
7.255545415922351644e-03,2.506745439302607466e-08,2.618101902977097950e+01,5.246983365299226421e+01,8.671261476005007353e+03,1.444881105922635989e+01
7.255728161891029579e-03,2.506956773869867715e-08,2.619053225826743159e+01,5.249271073439047797e+01,8.670218528890269226e+03,1.442904385045528493e+01
7.255728161891029579e-03,2.506956773869867715e-08,2.619053225826743159e+01,5.249271073439047797e+01,8.670218528890269226e+03,1.442904385045528493e+01
7.255728161891029579e-03,2.506956773869867715e-08,2.619053225826743159e+01,5.249271073439047797e+01,8.670218528890269226e+03,1.442904385045528493e+01
7.255728161891029579e-03,2.506956773869867715e-08,2.619053225826743159e+01,5.249271073439047797e+01,8.670218528890269226e+03,1.442904385045528493e+01
7.255728161891029579e-03,2.506956773869867715e-08,2.619053225826743159e+01,5.249271073439047797e+01,8.670218528890269226e+03,1.442904385045528493e+01
7.255728161891029579e-03,2.506956773869867715e-08,2.619053225826743159e+01,5.249271073439047797e+01,8.670218528890269226e+03,1.442904385045528493e+01
7.255728161891029579e-03,2.506956773869867715e-08,2.619053225826743159e+01,5.249271073439047797e+01,8.670218528890269226e+03,1.442904385045528493e+01
7.255728161891029579e-03,2.506956773869867715e-08,2.619053225826743159e+01,5.249271073439047797e+01,8.670218528890269226e+03,1.442904385045528493e+01
7.255728161891029579e-03,2.506956773869867715e-08,2.619053225826743159e+01,5.249271073439047797e+01,8.670218528890269226e+03,1.442904385045528493e+01
7.255728161891029579e-03,2.506956773869867715e-08,2.619053225826743159e+01,5.249271073439047797e+01,8.670218528890269226e+03,1.442904385045528493e+01
7.255728161891029579e-03,2.506956773869867715e-08,2.619053225826743159e+01,5.249271073439047797e+01,8.670218528890269226e+03,1.442904385045528493e+01
7.255728161891029579e-03,2.506956773869867715e-08,2.619053225826743159e+01,5.249271073439047797e+01,8.670218528890269226e+03,1.442904385045528493e+01
7.255728161891029579e-03,2.506956773869867715e-08,2.619053225826743159e+01,5.249271073439047797e+01,8.670218528890269226e+03,1.442904385045528493e+01
7.255728161891029579e-03,2.506956773869867715e-08,2.619053225826743159e+01,5.249271073439047797e+01,8.670218528890269226e+03,1.442904385045528493e+01
7.255728161891029579e-03,2.506956773869867715e-08,2.619053225826743159e+01,5.249271073439047797e+01,8.670218528890269226e+03,1.442904385045528493e+01
7.255728161891029579e-03,2.506956773869867715e-08,2.619053225826743159e+01,5.249271073439047797e+01,8.670218528890269226e+03,1.442904385045528493e+01
7.255728161891029579e-03,2.506956773869867715e-08,2.619053225826743159e+01,5.249271073439047797e+01,8.670218528890269226e+03,1.442904385045528493e+01
7.255728161891029579e-03,2.506956773869867715e-08,2.619053225826743159e+01,5.249271073439047797e+01,8.670218528890269226e+03,1.442904385045528493e+01
7.255728161891029579e-03,2.506956773869867715e-08,2.619053225826743159e+01,5.249271073439047797e+01,8.670218528890269226e+03,1.442904385045528493e+01
7.255728161891029579e-03,2.506956773869867715e-08,2.619053225826743159e+01,5.249271073439047797e+01,8.670218528890269226e+03,1.442904385045528493e+01
7.255322086713963080e-03,2.507132656483930653e-08,2.618968907519866463e+01,5.248304087158778941e+01,8.672526745634186227e+03,1.444261884606819990e+01
7.255322086713963080e-03,2.507132656483930653e-08,2.618968907519866463e+01,5.248304087158778941e+01,8.672526745634186227e+03,1.444261884606819990e+01
7.255322086713963080e-03,2.507132656483930653e-08,2.618968907519866463e+01,5.248304087158778941e+01,8.672526745634186227e+03,1.444261884606819990e+01
7.256569675331489555e-03,2.506506744690282298e-08,2.620302002205201219e+01,5.250474664378639744e+01,8.670665516060127629e+03,1.441944505505540164e+01
7.256569675331489555e-03,2.506506744690282298e-08,2.620302002205201219e+01,5.250474664378639744e+01,8.670665516060127629e+03,1.441944505505540164e+01
7.256569675331489555e-03,2.506506744690282298e-08,2.620302002205201219e+01,5.250474664378639744e+01,8.670665516060127629e+03,1.441944505505540164e+01
7.256569675331489555e-03,2.506506744690282298e-08,2.620302002205201219e+01,5.250474664378639744e+01,8.670665516060127629e+03,1.441944505505540164e+01
7.332431131101668081e-03,2.487865815396251941e-08,2.674119503186359381e+01,5.246370853083946884e+01,8.682746799968546838e+03,1.426947873188168181e+01
7.332431131101668081e-03,2.487865815396251941e-08,2.674119503186359381e+01,5.246370853083946884e+01,8.682746799968546838e+03,1.426947873188168181e+01
7.332431131101668081e-03,2.487865815396251941e-08,2.674119503186359381e+01,5.246370853083946884e+01,8.682746799968546838e+03,1.426947873188168181e+01
7.487153895486357673e-03,2.462049002383350085e-08,2.706576781009402310e+01,5.232926983076070826e+01,8.532720307632200274e+03,1.406201426768653739e+01
7.487153895486357673e-03,2.462049002383350085e-08,2.706576781009402310e+01,5.232926983076070826e+01,8.532720307632200274e+03,1.406201426768653739e+01
7.487153895486357673e-03,2.462049002383350085e-08,2.706576781009402310e+01,5.232926983076070826e+01,8.532720307632200274e+03,1.406201426768653739e+01
7.487153895486357673e-03,2.462049002383350085e-08,2.706576781009402310e+01,5.232926983076070826e+01,8.532720307632200274e+03,1.406201426768653739e+01
7.249825545750449712e-03,2.507179123114776792e-08,2.617056837031008598e+01,5.245393880805306708e+01,8.678328429558709104e+03,1.447404642080185155e+01
7.249825545750449712e-03,2.507179123114776792e-08,2.617056837031008598e+01,5.245393880805306708e+01,8.678328429558709104e+03,1.447404642080185155e+01
7.249825545750449712e-03,2.507179123114776792e-08,2.617056837031008598e+01,5.245393880805306708e+01,8.678328429558709104e+03,1.447404642080185155e+01
7.249825067592276066e-03,2.507181062489407692e-08,2.617055938100113011e+01,5.245391569518417185e+01,8.678326742163319068e+03,1.447404501040981195e+01
7.249825067592276066e-03,2.507181062489407692e-08,2.617055938100113011e+01,5.245391569518417185e+01,8.678326742163319068e+03,1.447404501040981195e+01
7.249825067592276066e-03,2.507181062489407692e-08,2.617055938100113011e+01,5.245391569518417185e+01,8.678326742163319068e+03,1.447404501040981195e+01
7.249883025728597573e-03,2.507167199285913087e-08,2.617074972039850778e+01,5.245424720872652813e+01,8.678228794703689346e+03,1.447393501709032471e+01
7.249883025728597573e-03,2.507167199285913087e-08,2.617074972039850778e+01,5.245424720872652813e+01,8.678228794703689346e+03,1.447393501709032471e+01
7.249883025728597573e-03,2.507167199285913087e-08,2.617074972039850778e+01,5.245424720872652813e+01,8.678228794703689346e+03,1.447393501709032471e+01
7.249883025728597573e-03,2.507167199285913087e-08,2.617074972039850778e+01,5.245424720872652813e+01,8.678228794703689346e+03,1.447393501709032471e+01
7.249883025728597573e-03,2.507167199285913087e-08,2.617074972039850778e+01,5.245424720872652813e+01,8.678228794703689346e+03,1.447393501709032471e+01
7.249883025728597573e-03,2.507167199285913087e-08,2.617074972039850778e+01,5.245424720872652813e+01,8.678228794703689346e+03,1.447393501709032471e+01
7.249883025728597573e-03,2.507167199285913087e-08,2.617074972039850778e+01,5.245424720872652813e+01,8.678228794703689346e+03,1.447393501709032471e+01
7.249883025728597573e-03,2.507167199285913087e-08,2.617074972039850778e+01,5.245424720872652813e+01,8.678228794703689346e+03,1.447393501709032471e+01
7.249883025728597573e-03,2.507167199285913087e-08,2.617074972039850778e+01,5.245424720872652813e+01,8.678228794703689346e+03,1.447393501709032471e+01
7.249883025728597573e-03,2.507167199285913087e-08,2.617074972039850778e+01,5.245424720872652813e+01,8.678228794703689346e+03,1.447393501709032471e+01
7.249883025728597573e-03,2.507167199285913087e-08,2.617074972039850778e+01,5.245424720872652813e+01,8.678228794703689346e+03,1.447393501709032471e+01
7.249883025728597573e-03,2.507167199285913087e-08,2.617074972039850778e+01,5.245424720872652813e+01,8.678228794703689346e+03,1.447393501709032471e+01
7.249883025728597573e-03,2.507167199285913087e-08,2.617074972039850778e+01,5.245424720872652813e+01,8.678228794703689346e+03,1.447393501709032471e+01
7.249883025728597573e-03,2.507167199285913087e-08,2.617074972039850778e+01,5.245424720872652813e+01,8.678228794703689346e+03,1.447393501709032471e+01
7.249883025728597573e-03,2.507167199285913087e-08,2.617074972039850778e+01,5.245424720872652813e+01,8.678228794703689346e+03,1.447393501709032471e+01
7.249070715427264992e-03,2.507316490196509679e-08,2.616854466254860156e+01,5.245249837981481278e+01,8.678719278038266566e+03,1.447682921522159916e+01
7.249068165145093785e-03,2.507316645705751148e-08,2.616853810785278611e+01,5.245249017751287113e+01,8.678719205686020359e+03,1.447683331567683318e+01
7.249068165145093785e-03,2.507316645705751148e-08,2.616853810785278611e+01,5.245249017751287113e+01,8.678719205686020359e+03,1.447683331567683318e+01
7.246388757321431569e-03,2.507944050588516728e-08,2.616223892782971561e+01,5.244839090767292333e+01,8.680568188126831956e+03,1.448694879292056648e+01
7.246381076891224814e-03,2.507961566415853058e-08,2.616233462722411574e+01,5.244857366153497225e+01,8.680600284487823956e+03,1.448704323784946268e+01
7.246381076891224814e-03,2.507961566415853058e-08,2.616233462722411574e+01,5.244857366153497225e+01,8.680600284487823956e+03,1.448704323784946268e+01
7.237832266686002741e-03,2.509803066794544002e-08,2.615289909632209131e+01,5.244836911251256595e+01,8.686379582851559462e+03,1.450369089423461411e+01
7.237832266686002741e-03,2.509803066794544002e-08,2.615289909632209131e+01,5.244836911251256595e+01,8.686379582851559462e+03,1.450369089423461411e+01
7.234650650265976937e-03,2.511323515153490903e-08,2.614965516540073764e+01,5.245848363540986270e+01,8.692036802449283641e+03,1.451873212434978377e+01
7.234650650265976937e-03,2.511323515153490903e-08,2.614965516540073764e+01,5.245848363540986270e+01,8.692036802449283641e+03,1.451873212434978377e+01
7.234650650265976937e-03,2.511323515153490903e-08,2.614965516540073764e+01,5.245848363540986270e+01,8.692036802449283641e+03,1.451873212434978377e+01
7.234650650265976937e-03,2.511323515153490903e-08,2.614965516540073764e+01,5.245848363540986270e+01,8.692036802449283641e+03,1.451873212434978377e+01
7.226767663746256135e-03,2.513343784388696544e-08,2.614353559551817341e+01,5.246117794244655386e+01,8.699717462650918606e+03,1.453882174684139628e+01
7.226767663746256135e-03,2.513343784388696544e-08,2.614353559551817341e+01,5.246117794244655386e+01,8.699717462650918606e+03,1.453882174684139628e+01
7.227082829221462452e-03,2.513235472406482664e-08,2.614322598237038520e+01,5.246017280426747220e+01,8.699265849878198424e+03,1.453825829712175022e+01
7.227082829221462452e-03,2.513235472406482664e-08,2.614322598237038520e+01,5.246017280426747220e+01,8.699265849878198424e+03,1.453825829712175022e+01
7.227082829221462452e-03,2.513235472406482664e-08,2.614322598237038520e+01,5.246017280426747220e+01,8.699265849878198424e+03,1.453825829712175022e+01
7.227082829221462452e-03,2.513235472406482664e-08,2.614322598237038520e+01,5.246017280426747220e+01,8.699265849878198424e+03,1.453825829712175022e+01
7.224671034892055609e-03,2.514028107733829927e-08,2.614640968455966075e+01,5.246773929675368464e+01,8.702939865313483097e+03,1.454311161311989586e+01
7.224671034892055609e-03,2.514028107733829927e-08,2.614640968455966075e+01,5.246773929675368464e+01,8.702939865313483097e+03,1.454311161311989586e+01
7.224671034892055609e-03,2.514028107733829927e-08,2.614640968455966075e+01,5.246773929675368464e+01,8.702939865313483097e+03,1.454311161311989586e+01
7.224671034892055609e-03,2.514028107733829927e-08,2.614640968455966075e+01,5.246773929675368464e+01,8.702939865313483097e+03,1.454311161311989586e+01
7.224671034892055609e-03,2.514028107733829927e-08,2.614640968455966075e+01,5.246773929675368464e+01,8.702939865313483097e+03,1.454311161311989586e+01
7.224671034892055609e-03,2.514028107733829927e-08,2.614640968455966075e+01,5.246773929675368464e+01,8.702939865313483097e+03,1.454311161311989586e+01
7.224671034892055609e-03,2.514028107733829927e-08,2.614640968455966075e+01,5.246773929675368464e+01,8.702939865313483097e+03,1.454311161311989586e+01
7.224671034892055609e-03,2.514028107733829927e-08,2.614640968455966075e+01,5.246773929675368464e+01,8.702939865313483097e+03,1.454311161311989586e+01
7.224671034892055609e-03,2.514028107733829927e-08,2.614640968455966075e+01,5.246773929675368464e+01,8.702939865313483097e+03,1.454311161311989586e+01
7.224671034892055609e-03,2.514028107733829927e-08,2.614640968455966075e+01,5.246773929675368464e+01,8.702939865313483097e+03,1.454311161311989586e+01
7.224671034892055609e-03,2.514028107733829927e-08,2.614640968455966075e+01,5.246773929675368464e+01,8.702939865313483097e+03,1.454311161311989586e+01
7.224671034892055609e-03,2.514028107733829927e-08,2.614640968455966075e+01,5.246773929675368464e+01,8.702939865313483097e+03,1.454311161311989586e+01
7.224671034892055609e-03,2.514028107733829927e-08,2.614640968455966075e+01,5.246773929675368464e+01,8.702939865313483097e+03,1.454311161311989586e+01
7.224671034892055609e-03,2.514028107733829927e-08,2.614640968455966075e+01,5.246773929675368464e+01,8.702939865313483097e+03,1.454311161311989586e+01
7.224671034892055609e-03,2.514028107733829927e-08,2.614640968455966075e+01,5.246773929675368464e+01,8.702939865313483097e+03,1.454311161311989586e+01
7.182147234486408426e-03,2.514715788190416595e-08,2.596921183764023056e+01,5.253189237547225332e+01,8.675530780909099121e+03,1.442821915769949115e+01
7.182147234486408426e-03,2.514715788190416595e-08,2.596921183764023056e+01,5.253189237547225332e+01,8.675530780909099121e+03,1.442821915769949115e+01
7.183830982207812903e-03,2.511581693314954188e-08,2.596691402759061162e+01,5.252795000120569568e+01,8.666576774593493610e+03,1.438564311000173568e+01
7.183830982207812903e-03,2.511581693314954188e-08,2.596691402759061162e+01,5.252795000120569568e+01,8.666576774593493610e+03,1.438564311000173568e+01
7.127834300157494772e-03,2.512463691967644306e-08,2.576411823110174737e+01,5.265486719543111604e+01,8.647534878572847447e+03,1.425707528181533768e+01
7.127834300157494772e-03,2.512463691967644306e-08,2.576411823110174737e+01,5.265486719543111604e+01,8.647534878572847447e+03,1.425707528181533768e+01
7.127834300157494772e-03,2.512463691967644306e-08,2.576411823110174737e+01,5.265486719543111604e+01,8.647534878572847447e+03,1.425707528181533768e+01
7.006450486278897362e-03,2.518314258063432580e-08,2.543728428065402269e+01,5.274579555623288485e+01,8.636502967820595586e+03,1.413987176837819248e+01
6.983505627776392596e-03,2.520183033057747261e-08,2.536123037035818939e+01,5.276528056514636233e+01,8.633869733641979110e+03,1.412681692831704616e+01
6.983505627776392596e-03,2.520183033057747261e-08,2.536123037035818939e+01,5.276528056514636233e+01,8.633869733641979110e+03,1.412681692831704616e+01
6.983505627776392596e-03,2.520183033057747261e-08,2.536123037035818939e+01,5.276528056514636233e+01,8.633869733641979110e+03,1.412681692831704616e+01
6.983505627776392596e-03,2.520183033057747261e-08,2.536123037035818939e+01,5.276528056514636233e+01,8.633869733641979110e+03,1.412681692831704616e+01
6.983505627776392596e-03,2.520183033057747261e-08,2.536123037035818939e+01,5.276528056514636233e+01,8.633869733641979110e+03,1.412681692831704616e+01
6.983505627776392596e-03,2.520183033057747261e-08,2.536123037035818939e+01,5.276528056514636233e+01,8.633869733641979110e+03,1.412681692831704616e+01
6.983505627776392596e-03,2.520183033057747261e-08,2.536123037035818939e+01,5.276528056514636233e+01,8.633869733641979110e+03,1.412681692831704616e+01
6.983505627776392596e-03,2.520183033057747261e-08,2.536123037035818939e+01,5.276528056514636233e+01,8.633869733641979110e+03,1.412681692831704616e+01
6.983505627776392596e-03,2.520183033057747261e-08,2.536123037035818939e+01,5.276528056514636233e+01,8.633869733641979110e+03,1.412681692831704616e+01
6.978215372132151768e-03,2.520511080619831443e-08,2.534861783513780509e+01,5.277272065354685537e+01,8.634511961127891482e+03,1.412098573633795340e+01
6.978215372132151768e-03,2.520511080619831443e-08,2.534861783513780509e+01,5.277272065354685537e+01,8.634511961127891482e+03,1.412098573633795340e+01
6.978215372132151768e-03,2.520511080619831443e-08,2.534861783513780509e+01,5.277272065354685537e+01,8.634511961127891482e+03,1.412098573633795340e+01
6.978215372132151768e-03,2.520511080619831443e-08,2.534861783513780509e+01,5.277272065354685537e+01,8.634511961127891482e+03,1.412098573633795340e+01
6.846584942907138829e-03,2.530235677760227349e-08,2.507483205203026344e+01,5.298032159181757805e+01,8.664251681265961452e+03,1.397418505046872461e+01
6.846584942907138829e-03,2.530235677760227349e-08,2.507483205203026344e+01,5.298032159181757805e+01,8.664251681265961452e+03,1.397418505046872461e+01
6.846584942907138829e-03,2.530235677760227349e-08,2.507483205203026344e+01,5.298032159181757805e+01,8.664251681265961452e+03,1.397418505046872461e+01
6.846584942907138829e-03,2.530235677760227349e-08,2.507483205203026344e+01,5.298032159181757805e+01,8.664251681265961452e+03,1.397418505046872461e+01
6.846584942907138829e-03,2.530235677760227349e-08,2.507483205203026344e+01,5.298032159181757805e+01,8.664251681265961452e+03,1.397418505046872461e+01
6.846584942907138829e-03,2.530235677760227349e-08,2.507483205203026344e+01,5.298032159181757805e+01,8.664251681265961452e+03,1.397418505046872461e+01
6.846584942907138829e-03,2.530235677760227349e-08,2.507483205203026344e+01,5.298032159181757805e+01,8.664251681265961452e+03,1.397418505046872461e+01
6.846584942907138829e-03,2.530235677760227349e-08,2.507483205203026344e+01,5.298032159181757805e+01,8.664251681265961452e+03,1.397418505046872461e+01
6.846584942907138829e-03,2.530235677760227349e-08,2.507483205203026344e+01,5.298032159181757805e+01,8.664251681265961452e+03,1.397418505046872461e+01
6.846584942907138829e-03,2.530235677760227349e-08,2.507483205203026344e+01,5.298032159181757805e+01,8.664251681265961452e+03,1.397418505046872461e+01
6.846584942907138829e-03,2.530235677760227349e-08,2.507483205203026344e+01,5.298032159181757805e+01,8.664251681265961452e+03,1.397418505046872461e+01
6.846584942907138829e-03,2.530235677760227349e-08,2.507483205203026344e+01,5.298032159181757805e+01,8.664251681265961452e+03,1.397418505046872461e+01
6.846584942907138829e-03,2.530235677760227349e-08,2.507483205203026344e+01,5.298032159181757805e+01,8.664251681265961452e+03,1.397418505046872461e+01
6.846584942907138829e-03,2.530235677760227349e-08,2.507483205203026344e+01,5.298032159181757805e+01,8.664251681265961452e+03,1.397418505046872461e+01
6.846584942907138829e-03,2.530235677760227349e-08,2.507483205203026344e+01,5.298032159181757805e+01,8.664251681265961452e+03,1.397418505046872461e+01
7.250019541218973192e-03,2.507166170649416601e-08,2.617034942266642972e+01,5.245397184032147209e+01,8.678195122228158652e+03,1.447428484086648304e+01
7.250019541218973192e-03,2.507166170649416601e-08,2.617034942266642972e+01,5.245397184032147209e+01,8.678195122228158652e+03,1.447428484086648304e+01
7.250019541218973192e-03,2.507166170649416601e-08,2.617034942266642972e+01,5.245397184032147209e+01,8.678195122228158652e+03,1.447428484086648304e+01
7.250019541218973192e-03,2.507166170649416601e-08,2.617034942266642972e+01,5.245397184032147209e+01,8.678195122228158652e+03,1.447428484086648304e+01
7.250019541218973192e-03,2.507166170649416601e-08,2.617034942266642972e+01,5.245397184032147209e+01,8.678195122228158652e+03,1.447428484086648304e+01
7.250019541218973192e-03,2.507166170649416601e-08,2.617034942266642972e+01,5.245397184032147209e+01,8.678195122228158652e+03,1.447428484086648304e+01
7.250019541218973192e-03,2.507166170649416601e-08,2.617034942266642972e+01,5.245397184032147209e+01,8.678195122228158652e+03,1.447428484086648304e+01
7.250019541218973192e-03,2.507166170649416601e-08,2.617034942266642972e+01,5.245397184032147209e+01,8.678195122228158652e+03,1.447428484086648304e+01
7.250019541218973192e-03,2.507166170649416601e-08,2.617034942266642972e+01,5.245397184032147209e+01,8.678195122228158652e+03,1.447428484086648304e+01
7.250019541218973192e-03,2.507166170649416601e-08,2.617034942266642972e+01,5.245397184032147209e+01,8.678195122228158652e+03,1.447428484086648304e+01
7.250019541218973192e-03,2.507166170649416601e-08,2.617034942266642972e+01,5.245397184032147209e+01,8.678195122228158652e+03,1.447428484086648304e+01
7.250019541218973192e-03,2.507166170649416601e-08,2.617034942266642972e+01,5.245397184032147209e+01,8.678195122228158652e+03,1.447428484086648304e+01
7.250019541218973192e-03,2.507166170649416601e-08,2.617034942266642972e+01,5.245397184032147209e+01,8.678195122228158652e+03,1.447428484086648304e+01
7.250062682413233386e-03,2.507164469707547516e-08,2.617025642138679942e+01,5.245392523572250809e+01,8.678132752829709716e+03,1.447433025205536872e+01
7.250062682413233386e-03,2.507164469707547516e-08,2.617025642138679942e+01,5.245392523572250809e+01,8.678132752829709716e+03,1.447433025205536872e+01
7.250062682413233386e-03,2.507164469707547516e-08,2.617025642138679942e+01,5.245392523572250809e+01,8.678132752829709716e+03,1.447433025205536872e+01
7.250062682413233386e-03,2.507164469707547516e-08,2.617025642138679942e+01,5.245392523572250809e+01,8.678132752829709716e+03,1.447433025205536872e+01
7.250062682413233386e-03,2.507164469707547516e-08,2.617025642138679942e+01,5.245392523572250809e+01,8.678132752829709716e+03,1.447433025205536872e+01
7.250062682413233386e-03,2.507164469707547516e-08,2.617025642138679942e+01,5.245392523572250809e+01,8.678132752829709716e+03,1.447433025205536872e+01
7.250062682413233386e-03,2.507164469707547516e-08,2.617025642138679942e+01,5.245392523572250809e+01,8.678132752829709716e+03,1.447433025205536872e+01
7.250062682413233386e-03,2.507164469707547516e-08,2.617025642138679942e+01,5.245392523572250809e+01,8.678132752829709716e+03,1.447433025205536872e+01
7.250062682413233386e-03,2.507164469707547516e-08,2.617025642138679942e+01,5.245392523572250809e+01,8.678132752829709716e+03,1.447433025205536872e+01
7.250062682413233386e-03,2.507164469707547516e-08,2.617025642138679942e+01,5.245392523572250809e+01,8.678132752829709716e+03,1.447433025205536872e+01
7.250062682413233386e-03,2.507164469707547516e-08,2.617025642138679942e+01,5.245392523572250809e+01,8.678132752829709716e+03,1.447433025205536872e+01
7.250062682413233386e-03,2.507164469707547516e-08,2.617025642138679942e+01,5.245392523572250809e+01,8.678132752829709716e+03,1.447433025205536872e+01
7.250062682413233386e-03,2.507164469707547516e-08,2.617025642138679942e+01,5.245392523572250809e+01,8.678132752829709716e+03,1.447433025205536872e+01
7.250062682413233386e-03,2.507164469707547516e-08,2.617025642138679942e+01,5.245392523572250809e+01,8.678132752829709716e+03,1.447433025205536872e+01
7.250062682413233386e-03,2.507164469707547516e-08,2.617025642138679942e+01,5.245392523572250809e+01,8.678132752829709716e+03,1.447433025205536872e+01
7.250062682413233386e-03,2.507164469707547516e-08,2.617025642138679942e+01,5.245392523572250809e+01,8.678132752829709716e+03,1.447433025205536872e+01
7.250062682413233386e-03,2.507164469707547516e-08,2.617025642138679942e+01,5.245392523572250809e+01,8.678132752829709716e+03,1.447433025205536872e+01
7.250062682413233386e-03,2.507164469707547516e-08,2.617025642138679942e+01,5.245392523572250809e+01,8.678132752829709716e+03,1.447433025205536872e+01
7.250062682413233386e-03,2.507164469707547516e-08,2.617025642138679942e+01,5.245392523572250809e+01,8.678132752829709716e+03,1.447433025205536872e+01
7.249680446799215347e-03,2.507250266193418802e-08,2.618080779619246812e+01,5.246140124239597213e+01,8.681198050474116826e+03,1.447587145309700496e+01
7.250444290305795014e-03,2.507223703832037327e-08,2.619255943688146004e+01,5.246988530368478365e+01,8.683236417332567726e+03,1.447482803424961695e+01
7.250234774027398098e-03,2.507328108681009644e-08,2.618920307764307864e+01,5.246880642335037237e+01,8.682931183704195064e+03,1.447618063958043599e+01
7.250234774027398098e-03,2.507328108681009644e-08,2.618920307764307864e+01,5.246880642335037237e+01,8.682931183704195064e+03,1.447618063958043599e+01
7.258180026356269958e-03,2.505749867100998219e-08,2.621998698320576437e+01,5.248974266856210846e+01,8.680996199880983113e+03,1.445045179774763611e+01
7.258180026356269958e-03,2.505749867100998219e-08,2.621998698320576437e+01,5.248974266856210846e+01,8.680996199880983113e+03,1.445045179774763611e+01
7.258180026356269958e-03,2.505749867100998219e-08,2.621998698320576437e+01,5.248974266856210846e+01,8.680996199880983113e+03,1.445045179774763611e+01
7.258180026356269958e-03,2.505749867100998219e-08,2.621998698320576437e+01,5.248974266856210846e+01,8.680996199880983113e+03,1.445045179774763611e+01
7.258180026356269958e-03,2.505749867100998219e-08,2.621998698320576437e+01,5.248974266856210846e+01,8.680996199880983113e+03,1.445045179774763611e+01
7.258180026356269958e-03,2.505749867100998219e-08,2.621998698320576437e+01,5.248974266856210846e+01,8.680996199880983113e+03,1.445045179774763611e+01
7.258180026356269958e-03,2.505749867100998219e-08,2.621998698320576437e+01,5.248974266856210846e+01,8.680996199880983113e+03,1.445045179774763611e+01
7.258180026356269958e-03,2.505749867100998219e-08,2.621998698320576437e+01,5.248974266856210846e+01,8.680996199880983113e+03,1.445045179774763611e+01
7.258180026356269958e-03,2.505749867100998219e-08,2.621998698320576437e+01,5.248974266856210846e+01,8.680996199880983113e+03,1.445045179774763611e+01
7.258180026356269958e-03,2.505749867100998219e-08,2.621998698320576437e+01,5.248974266856210846e+01,8.680996199880983113e+03,1.445045179774763611e+01
7.258180026356269958e-03,2.505749867100998219e-08,2.621998698320576437e+01,5.248974266856210846e+01,8.680996199880983113e+03,1.445045179774763611e+01
7.258180026356269958e-03,2.505749867100998219e-08,2.621998698320576437e+01,5.248974266856210846e+01,8.680996199880983113e+03,1.445045179774763611e+01
7.256364418703637256e-03,2.505888048236756615e-08,2.620698139239774704e+01,5.247956414507266487e+01,8.679671785659564193e+03,1.445452114143125932e+01
7.256277643531646587e-03,2.505887763563096068e-08,2.620620157912448178e+01,5.247887854364429927e+01,8.679541898390789356e+03,1.445466808742221154e+01
7.256668789009019550e-03,2.505927295914237046e-08,2.620744613713069882e+01,5.248117079716416811e+01,8.679883977400624644e+03,1.445545032575883582e+01
7.256668789009019550e-03,2.505927295914237046e-08,2.620744613713069882e+01,5.248117079716416811e+01,8.679883977400624644e+03,1.445545032575883582e+01
7.254818334977706715e-03,2.506339175120321937e-08,2.619730891635397541e+01,5.247782166338292598e+01,8.680569377757134134e+03,1.446052975511645933e+01
7.254818334977706715e-03,2.506339175120321937e-08,2.619730891635397541e+01,5.247782166338292598e+01,8.680569377757134134e+03,1.446052975511645933e+01
7.254818334977706715e-03,2.506339175120321937e-08,2.619730891635397541e+01,5.247782166338292598e+01,8.680569377757134134e+03,1.446052975511645933e+01
7.254938323466216324e-03,2.506302832331198279e-08,2.619813329810146030e+01,5.247843347751753385e+01,8.680621850551540774e+03,1.445980738788743203e+01
7.248484002134557638e-03,2.504641081678845440e-08,2.616367022280745047e+01,5.253937359451094125e+01,8.674231793820299572e+03,1.440746933548159703e+01
7.248484002134557638e-03,2.504641081678845440e-08,2.616367022280745047e+01,5.253937359451094125e+01,8.674231793820299572e+03,1.440746933548159703e+01
7.248484002134557638e-03,2.504641081678845440e-08,2.616367022280745047e+01,5.253937359451094125e+01,8.674231793820299572e+03,1.440746933548159703e+01
7.248484002134557638e-03,2.504641081678845440e-08,2.616367022280745047e+01,5.253937359451094125e+01,8.674231793820299572e+03,1.440746933548159703e+01
7.212207681710774629e-03,2.504594051181790357e-08,2.612906462822965992e+01,5.254373692443622446e+01,8.684147597807392231e+03,1.440160481122117098e+01
7.188316705626086357e-03,2.506804256112704107e-08,2.608931331879404425e+01,5.259405271782521396e+01,8.692510543863922067e+03,1.439284299041675652e+01
7.188316705626086357e-03,2.506804256112704107e-08,2.608931331879404425e+01,5.259405271782521396e+01,8.692510543863922067e+03,1.439284299041675652e+01
7.188316705626086357e-03,2.506804256112704107e-08,2.608931331879404425e+01,5.259405271782521396e+01,8.692510543863922067e+03,1.439284299041675652e+01
7.188316705626086357e-03,2.506804256112704107e-08,2.608931331879404425e+01,5.259405271782521396e+01,8.692510543863922067e+03,1.439284299041675652e+01
7.188313134067226065e-03,2.506813509795407291e-08,2.608941350588546726e+01,5.259411778327761766e+01,8.692566461231575886e+03,1.439302225532424373e+01
7.188313134067226065e-03,2.506813509795407291e-08,2.608941350588546726e+01,5.259411778327761766e+01,8.692566461231575886e+03,1.439302225532424373e+01
7.188346300475431834e-03,2.506804782788305595e-08,2.608942165768913313e+01,5.259411830839618318e+01,8.692518890238879976e+03,1.439294374402267707e+01
7.188361041970716715e-03,2.506784025953228651e-08,2.608945181617724174e+01,5.259436070154674070e+01,8.692468849467079053e+03,1.439258108588561846e+01
7.183033849693527470e-03,2.507165085614159087e-08,2.608418108323523299e+01,5.259443582950874685e+01,8.695178374445891677e+03,1.439384287526702799e+01
7.183033849693527470e-03,2.507165085614159087e-08,2.608418108323523299e+01,5.259443582950874685e+01,8.695178374445891677e+03,1.439384287526702799e+01
7.183033849693527470e-03,2.507165085614159087e-08,2.608418108323523299e+01,5.259443582950874685e+01,8.695178374445891677e+03,1.439384287526702799e+01
7.183033849693527470e-03,2.507165085614159087e-08,2.608418108323523299e+01,5.259443582950874685e+01,8.695178374445891677e+03,1.439384287526702799e+01
7.184873615593732714e-03,2.506843807336075978e-08,2.609291566490768233e+01,5.261306613489125539e+01,8.696019703213107277e+03,1.438712665666217561e+01
7.184873615593732714e-03,2.506843807336075978e-08,2.609291566490768233e+01,5.261306613489125539e+01,8.696019703213107277e+03,1.438712665666217561e+01
7.184873615593732714e-03,2.506843807336075978e-08,2.609291566490768233e+01,5.261306613489125539e+01,8.696019703213107277e+03,1.438712665666217561e+01
7.184873615593732714e-03,2.506843807336075978e-08,2.609291566490768233e+01,5.261306613489125539e+01,8.696019703213107277e+03,1.438712665666217561e+01
7.189557052790469978e-03,2.506613152980634643e-08,2.608495640123339498e+01,5.259017715536570137e+01,8.690912429012056236e+03,1.439259130973352718e+01
7.189557052790469978e-03,2.506613152980634643e-08,2.608495640123339498e+01,5.259017715536570137e+01,8.690912429012056236e+03,1.439259130973352718e+01
7.189557052790469978e-03,2.506613152980634643e-08,2.608495640123339498e+01,5.259017715536570137e+01,8.690912429012056236e+03,1.439259130973352718e+01
7.189557052790469978e-03,2.506613152980634643e-08,2.608495640123339498e+01,5.259017715536570137e+01,8.690912429012056236e+03,1.439259130973352718e+01
7.189557052790469978e-03,2.506613152980634643e-08,2.608495640123339498e+01,5.259017715536570137e+01,8.690912429012056236e+03,1.439259130973352718e+01
7.189131659578968346e-03,2.506751942630465999e-08,2.608509135397659406e+01,5.258983946332880777e+01,8.691690136763194459e+03,1.439375904421470054e+01
7.189131659578968346e-03,2.506751942630465999e-08,2.608509135397659406e+01,5.258983946332880777e+01,8.691690136763194459e+03,1.439375904421470054e+01
7.189131659578968346e-03,2.506751942630465999e-08,2.608509135397659406e+01,5.258983946332880777e+01,8.691690136763194459e+03,1.439375904421470054e+01
7.172584279511320417e-03,2.501794373828662012e-08,2.607498624903661621e+01,5.266583851412414674e+01,8.686576364721779100e+03,1.424083859333814672e+01
7.172584279511320417e-03,2.501794373828662012e-08,2.607498624903661621e+01,5.266583851412414674e+01,8.686576364721779100e+03,1.424083859333814672e+01
7.172584279511320417e-03,2.501794373828662012e-08,2.607498624903661621e+01,5.266583851412414674e+01,8.686576364721779100e+03,1.424083859333814672e+01
7.172584279511320417e-03,2.501794373828662012e-08,2.607498624903661621e+01,5.266583851412414674e+01,8.686576364721779100e+03,1.424083859333814672e+01
7.172584279511320417e-03,2.501794373828662012e-08,2.607498624903661621e+01,5.266583851412414674e+01,8.686576364721779100e+03,1.424083859333814672e+01
7.249862345610491761e-03,2.507141891147464234e-08,2.617059585217684514e+01,5.245320891489977555e+01,8.678300745172142342e+03,1.447412699498281974e+01
7.249862345610491761e-03,2.507141891147464234e-08,2.617059585217684514e+01,5.245320891489977555e+01,8.678300745172142342e+03,1.447412699498281974e+01
7.249862345610491761e-03,2.507141891147464234e-08,2.617059585217684514e+01,5.245320891489977555e+01,8.678300745172142342e+03,1.447412699498281974e+01
7.249862345610491761e-03,2.507141891147464234e-08,2.617059585217684514e+01,5.245320891489977555e+01,8.678300745172142342e+03,1.447412699498281974e+01
7.249862345610491761e-03,2.507141891147464234e-08,2.617059585217684514e+01,5.245320891489977555e+01,8.678300745172142342e+03,1.447412699498281974e+01
7.249862345610491761e-03,2.507141891147464234e-08,2.617059585217684514e+01,5.245320891489977555e+01,8.678300745172142342e+03,1.447412699498281974e+01
7.249862345610491761e-03,2.507141891147464234e-08,2.617059585217684514e+01,5.245320891489977555e+01,8.678300745172142342e+03,1.447412699498281974e+01
7.249862345610491761e-03,2.507141891147464234e-08,2.617059585217684514e+01,5.245320891489977555e+01,8.678300745172142342e+03,1.447412699498281974e+01
7.249862345610491761e-03,2.507141891147464234e-08,2.617059585217684514e+01,5.245320891489977555e+01,8.678300745172142342e+03,1.447412699498281974e+01
7.249862345610491761e-03,2.507141891147464234e-08,2.617059585217684514e+01,5.245320891489977555e+01,8.678300745172142342e+03,1.447412699498281974e+01
7.249862345610491761e-03,2.507141891147464234e-08,2.617059585217684514e+01,5.245320891489977555e+01,8.678300745172142342e+03,1.447412699498281974e+01
7.249862345610491761e-03,2.507141891147464234e-08,2.617059585217684514e+01,5.245320891489977555e+01,8.678300745172142342e+03,1.447412699498281974e+01
7.249862345610491761e-03,2.507141891147464234e-08,2.617059585217684514e+01,5.245320891489977555e+01,8.678300745172142342e+03,1.447412699498281974e+01
7.249862345610491761e-03,2.507141891147464234e-08,2.617059585217684514e+01,5.245320891489977555e+01,8.678300745172142342e+03,1.447412699498281974e+01
7.249862345610491761e-03,2.507141891147464234e-08,2.617059585217684514e+01,5.245320891489977555e+01,8.678300745172142342e+03,1.447412699498281974e+01
7.249862345610491761e-03,2.507141891147464234e-08,2.617059585217684514e+01,5.245320891489977555e+01,8.678300745172142342e+03,1.447412699498281974e+01
7.253160332252646218e-03,2.506268382985057855e-08,2.617762404414762045e+01,5.245883299431631741e+01,8.675675503708946053e+03,1.446170464084064911e+01
7.254247046445943571e-03,2.505967343308286610e-08,2.617988700144825032e+01,5.246033340888129715e+01,8.674790995059387569e+03,1.445759936726142136e+01
7.254247046445943571e-03,2.505967343308286610e-08,2.617988700144825032e+01,5.246033340888129715e+01,8.674790995059387569e+03,1.445759936726142136e+01
7.254122686047535622e-03,2.506002117660237999e-08,2.617962224242662828e+01,5.246015018520535733e+01,8.674891793161898022e+03,1.445807819922647575e+01
7.255045783596271967e-03,2.505933879377819069e-08,2.618087313122288151e+01,5.246155510525119325e+01,8.674665547126971433e+03,1.445784624835599708e+01
7.255590741186373691e-03,2.505770221849121180e-08,2.618039589617248808e+01,5.246110516800386137e+01,8.674049610940459388e+03,1.445719987170135923e+01
7.255588548047197349e-03,2.505770570722619915e-08,2.618039205500583222e+01,5.246110092278252068e+01,8.674050486723714130e+03,1.445720446313423579e+01
7.255588548047197349e-03,2.505770570722619915e-08,2.618039205500583222e+01,5.246110092278252068e+01,8.674050486723714130e+03,1.445720446313423579e+01
7.255588548047197349e-03,2.505770570722619915e-08,2.618039205500583222e+01,5.246110092278252068e+01,8.674050486723714130e+03,1.445720446313423579e+01
7.255588548047197349e-03,2.505770570722619915e-08,2.618039205500583222e+01,5.246110092278252068e+01,8.674050486723714130e+03,1.445720446313423579e+01
7.255588548047197349e-03,2.505770570722619915e-08,2.618039205500583222e+01,5.246110092278252068e+01,8.674050486723714130e+03,1.445720446313423579e+01
7.255654845595956373e-03,2.505734552862778456e-08,2.617985682891450594e+01,5.246033796403312977e+01,8.673972835866004971e+03,1.445751413821515108e+01
7.255877792882069882e-03,2.505675412061575624e-08,2.618024292442422407e+01,5.246057799340752581e+01,8.673810426706884755e+03,1.445687637465689868e+01
7.255877792882069882e-03,2.505675412061575624e-08,2.618024292442422407e+01,5.246057799340752581e+01,8.673810426706884755e+03,1.445687637465689868e+01
7.255877792882069882e-03,2.505675412061575624e-08,2.618024292442422407e+01,5.246057799340752581e+01,8.673810426706884755e+03,1.445687637465689868e+01
7.254475067247213686e-03,2.505824874690769530e-08,2.617848453298773848e+01,5.245833113479058341e+01,8.673905299369174827e+03,1.445699597732123109e+01
7.254475067247213686e-03,2.505824874690769530e-08,2.617848453298773848e+01,5.245833113479058341e+01,8.673905299369174827e+03,1.445699597732123109e+01
7.262611555424967717e-03,2.504146998938344121e-08,2.620694887735930223e+01,5.246453731407630983e+01,8.668453267629347465e+03,1.443875682469436050e+01
7.262611555424967717e-03,2.504146998938344121e-08,2.620694887735930223e+01,5.246453731407630983e+01,8.668453267629347465e+03,1.443875682469436050e+01
7.263705107624186981e-03,2.503905428189230090e-08,2.621051718162907562e+01,5.246538469127290227e+01,8.667670127162968129e+03,1.443602541689706698e+01
7.263705107624186981e-03,2.503905428189230090e-08,2.621051718162907562e+01,5.246538469127290227e+01,8.667670127162968129e+03,1.443602541689706698e+01
7.258645906136619932e-03,2.504575245473237249e-08,2.619572432372697079e+01,5.245847025198974478e+01,8.669062155792627891e+03,1.444261071207349723e+01
7.258645906136619932e-03,2.504575245473237249e-08,2.619572432372697079e+01,5.245847025198974478e+01,8.669062155792627891e+03,1.444261071207349723e+01
7.258672379648872103e-03,2.504566597137503521e-08,2.619578209449878514e+01,5.245858543007737040e+01,8.669028358875752019e+03,1.444243428872486135e+01
7.263149275314358978e-03,2.503993954522937575e-08,2.619817805794509624e+01,5.245755422518815436e+01,8.663919785800277168e+03,1.443904484838182078e+01
7.263993967001064131e-03,2.504018403912420068e-08,2.620903300328630792e+01,5.245982379012421859e+01,8.664368819106144656e+03,1.443854423099312712e+01
7.263993967001064131e-03,2.504018403912420068e-08,2.620903300328630792e+01,5.245982379012421859e+01,8.664368819106144656e+03,1.443854423099312712e+01
7.263993967001064131e-03,2.504018403912420068e-08,2.620903300328630792e+01,5.245982379012421859e+01,8.664368819106144656e+03,1.443854423099312712e+01
7.263993967001064131e-03,2.504018403912420068e-08,2.620903300328630792e+01,5.245982379012421859e+01,8.664368819106144656e+03,1.443854423099312712e+01
7.263993967001064131e-03,2.504018403912420068e-08,2.620903300328630792e+01,5.245982379012421859e+01,8.664368819106144656e+03,1.443854423099312712e+01
7.263993967001064131e-03,2.504018403912420068e-08,2.620903300328630792e+01,5.245982379012421859e+01,8.664368819106144656e+03,1.443854423099312712e+01
7.263993967001064131e-03,2.504018403912420068e-08,2.620903300328630792e+01,5.245982379012421859e+01,8.664368819106144656e+03,1.443854423099312712e+01
7.257763213606389062e-03,2.504381237788688362e-08,2.620011010850845068e+01,5.244147470916469445e+01,8.664456651689539285e+03,1.445154562628112238e+01
7.257763213606389062e-03,2.504381237788688362e-08,2.620011010850845068e+01,5.244147470916469445e+01,8.664456651689539285e+03,1.445154562628112238e+01
7.257763213606389062e-03,2.504381237788688362e-08,2.620011010850845068e+01,5.244147470916469445e+01,8.664456651689539285e+03,1.445154562628112238e+01
7.257763213606389062e-03,2.504381237788688362e-08,2.620011010850845068e+01,5.244147470916469445e+01,8.664456651689539285e+03,1.445154562628112238e+01
7.267117480737679720e-03,2.502087313977742864e-08,2.622969775207264576e+01,5.245088514474964114e+01,8.656669587031361516e+03,1.442203152215736139e+01
7.267125226734245241e-03,2.502085989254684744e-08,2.622972272451197284e+01,5.245089164347153599e+01,8.656664916661015013e+03,1.442201980977263887e+01
7.267125226734245241e-03,2.502085989254684744e-08,2.622972272451197284e+01,5.245089164347153599e+01,8.656664916661015013e+03,1.442201980977263887e+01
7.267125226734245241e-03,2.502085989254684744e-08,2.622972272451197284e+01,5.245089164347153599e+01,8.656664916661015013e+03,1.442201980977263887e+01
7.267125226734245241e-03,2.502085989254684744e-08,2.622972272451197284e+01,5.245089164347153599e+01,8.656664916661015013e+03,1.442201980977263887e+01
7.267125226734245241e-03,2.502085989254684744e-08,2.622972272451197284e+01,5.245089164347153599e+01,8.656664916661015013e+03,1.442201980977263887e+01
7.266846767065886920e-03,2.501915716010293935e-08,2.622083957812594335e+01,5.244250926463146811e+01,8.653147319237052216e+03,1.442041171123367249e+01
7.267999004871334920e-03,2.501690924473763242e-08,2.623796305627604397e+01,5.245221018135503499e+01,8.654681501639619455e+03,1.441627466223941134e+01
7.267999004871334920e-03,2.501690924473763242e-08,2.623796305627604397e+01,5.245221018135503499e+01,8.654681501639619455e+03,1.441627466223941134e+01
7.267999004871334920e-03,2.501690924473763242e-08,2.623796305627604397e+01,5.245221018135503499e+01,8.654681501639619455e+03,1.441627466223941134e+01
7.267999004871334920e-03,2.501690924473763242e-08,2.623796305627604397e+01,5.245221018135503499e+01,8.654681501639619455e+03,1.441627466223941134e+01
7.267999004871334920e-03,2.501690924473763242e-08,2.623796305627604397e+01,5.245221018135503499e+01,8.654681501639619455e+03,1.441627466223941134e+01
7.267999004871334920e-03,2.501690924473763242e-08,2.623796305627604397e+01,5.245221018135503499e+01,8.654681501639619455e+03,1.441627466223941134e+01
7.267999004871334920e-03,2.501690924473763242e-08,2.623796305627604397e+01,5.245221018135503499e+01,8.654681501639619455e+03,1.441627466223941134e+01
7.267999004871334920e-03,2.501690924473763242e-08,2.623796305627604397e+01,5.245221018135503499e+01,8.654681501639619455e+03,1.441627466223941134e+01
7.267999004871334920e-03,2.501690924473763242e-08,2.623796305627604397e+01,5.245221018135503499e+01,8.654681501639619455e+03,1.441627466223941134e+01
7.267999004871334920e-03,2.501690924473763242e-08,2.623796305627604397e+01,5.245221018135503499e+01,8.654681501639619455e+03,1.441627466223941134e+01
7.267999004871334920e-03,2.501690924473763242e-08,2.623796305627604397e+01,5.245221018135503499e+01,8.654681501639619455e+03,1.441627466223941134e+01
7.267999004871334920e-03,2.501690924473763242e-08,2.623796305627604397e+01,5.245221018135503499e+01,8.654681501639619455e+03,1.441627466223941134e+01
7.267999004871334920e-03,2.501690924473763242e-08,2.623796305627604397e+01,5.245221018135503499e+01,8.654681501639619455e+03,1.441627466223941134e+01
7.267999004871334920e-03,2.501690924473763242e-08,2.623796305627604397e+01,5.245221018135503499e+01,8.654681501639619455e+03,1.441627466223941134e+01
7.267999004871334920e-03,2.501690924473763242e-08,2.623796305627604397e+01,5.245221018135503499e+01,8.654681501639619455e+03,1.441627466223941134e+01
7.267999004871334920e-03,2.501690924473763242e-08,2.623796305627604397e+01,5.245221018135503499e+01,8.654681501639619455e+03,1.441627466223941134e+01
7.267999004871334920e-03,2.501690924473763242e-08,2.623796305627604397e+01,5.245221018135503499e+01,8.654681501639619455e+03,1.441627466223941134e+01
7.267999004871334920e-03,2.501690924473763242e-08,2.623796305627604397e+01,5.245221018135503499e+01,8.654681501639619455e+03,1.441627466223941134e+01
7.267999004871334920e-03,2.501690924473763242e-08,2.623796305627604397e+01,5.245221018135503499e+01,8.654681501639619455e+03,1.441627466223941134e+01
7.267999004871334920e-03,2.501690924473763242e-08,2.623796305627604397e+01,5.245221018135503499e+01,8.654681501639619455e+03,1.441627466223941134e+01
7.267999004871334920e-03,2.501690924473763242e-08,2.623796305627604397e+01,5.245221018135503499e+01,8.654681501639619455e+03,1.441627466223941134e+01
7.267999004871334920e-03,2.501690924473763242e-08,2.623796305627604397e+01,5.245221018135503499e+01,8.654681501639619455e+03,1.441627466223941134e+01
7.267999004871334920e-03,2.501690924473763242e-08,2.623796305627604397e+01,5.245221018135503499e+01,8.654681501639619455e+03,1.441627466223941134e+01
7.267999004871334920e-03,2.501690924473763242e-08,2.623796305627604397e+01,5.245221018135503499e+01,8.654681501639619455e+03,1.441627466223941134e+01
7.267999004871334920e-03,2.501690924473763242e-08,2.623796305627604397e+01,5.245221018135503499e+01,8.654681501639619455e+03,1.441627466223941134e+01
7.267999004871334920e-03,2.501690924473763242e-08,2.623796305627604397e+01,5.245221018135503499e+01,8.654681501639619455e+03,1.441627466223941134e+01
7.267999004871334920e-03,2.501690924473763242e-08,2.623796305627604397e+01,5.245221018135503499e+01,8.654681501639619455e+03,1.441627466223941134e+01
7.267999004871334920e-03,2.501690924473763242e-08,2.623796305627604397e+01,5.245221018135503499e+01,8.654681501639619455e+03,1.441627466223941134e+01
7.267999004871334920e-03,2.501690924473763242e-08,2.623796305627604397e+01,5.245221018135503499e+01,8.654681501639619455e+03,1.441627466223941134e+01
7.267999004871334920e-03,2.501690924473763242e-08,2.623796305627604397e+01,5.245221018135503499e+01,8.654681501639619455e+03,1.441627466223941134e+01
7.267999004871334920e-03,2.501690924473763242e-08,2.623796305627604397e+01,5.245221018135503499e+01,8.654681501639619455e+03,1.441627466223941134e+01
7.249651701449610387e-03,2.507127590494242756e-08,2.616745096965045292e+01,5.245183183104497715e+01,8.677324203373558703e+03,1.447429628396940160e+01
7.249665809023119953e-03,2.507129940080154078e-08,2.616766287985711870e+01,5.245197062948642497e+01,8.677386788321196946e+03,1.447428330281231368e+01
7.249665809023119953e-03,2.507129940080154078e-08,2.616766287985711870e+01,5.245197062948642497e+01,8.677386788321196946e+03,1.447428330281231368e+01
7.249665809023119953e-03,2.507129940080154078e-08,2.616766287985711870e+01,5.245197062948642497e+01,8.677386788321196946e+03,1.447428330281231368e+01
7.249665809023119953e-03,2.507129940080154078e-08,2.616766287985711870e+01,5.245197062948642497e+01,8.677386788321196946e+03,1.447428330281231368e+01
7.249665809023119953e-03,2.507129940080154078e-08,2.616766287985711870e+01,5.245197062948642497e+01,8.677386788321196946e+03,1.447428330281231368e+01
7.249665809023119953e-03,2.507129940080154078e-08,2.616766287985711870e+01,5.245197062948642497e+01,8.677386788321196946e+03,1.447428330281231368e+01
7.249665809023119953e-03,2.507129940080154078e-08,2.616766287985711870e+01,5.245197062948642497e+01,8.677386788321196946e+03,1.447428330281231368e+01
7.249665809023119953e-03,2.507129940080154078e-08,2.616766287985711870e+01,5.245197062948642497e+01,8.677386788321196946e+03,1.447428330281231368e+01
7.249665809023119953e-03,2.507129940080154078e-08,2.616766287985711870e+01,5.245197062948642497e+01,8.677386788321196946e+03,1.447428330281231368e+01
7.249665809023119953e-03,2.507129940080154078e-08,2.616766287985711870e+01,5.245197062948642497e+01,8.677386788321196946e+03,1.447428330281231368e+01
7.249665809023119953e-03,2.507129940080154078e-08,2.616766287985711870e+01,5.245197062948642497e+01,8.677386788321196946e+03,1.447428330281231368e+01
7.249665809023119953e-03,2.507129940080154078e-08,2.616766287985711870e+01,5.245197062948642497e+01,8.677386788321196946e+03,1.447428330281231368e+01
7.249665809023119953e-03,2.507129940080154078e-08,2.616766287985711870e+01,5.245197062948642497e+01,8.677386788321196946e+03,1.447428330281231368e+01
7.249665809023119953e-03,2.507129940080154078e-08,2.616766287985711870e+01,5.245197062948642497e+01,8.677386788321196946e+03,1.447428330281231368e+01
7.249665809023119953e-03,2.507129940080154078e-08,2.616766287985711870e+01,5.245197062948642497e+01,8.677386788321196946e+03,1.447428330281231368e+01
7.249665809023119953e-03,2.507129940080154078e-08,2.616766287985711870e+01,5.245197062948642497e+01,8.677386788321196946e+03,1.447428330281231368e+01
7.249666347725805711e-03,2.507130504378481842e-08,2.616773759708530633e+01,5.245199141341181104e+01,8.677429451251920909e+03,1.447428013343756525e+01
7.249666347725805711e-03,2.507130504378481842e-08,2.616773759708530633e+01,5.245199141341181104e+01,8.677429451251920909e+03,1.447428013343756525e+01
7.248136918566279972e-03,2.507710373014766130e-08,2.616223480144116564e+01,5.244884971349969760e+01,8.678644797485643721e+03,1.448349135155357992e+01
7.248136918566279972e-03,2.507710373014766130e-08,2.616223480144116564e+01,5.244884971349969760e+01,8.678644797485643721e+03,1.448349135155357992e+01
7.248136918566279972e-03,2.507710373014766130e-08,2.616223480144116564e+01,5.244884971349969760e+01,8.678644797485643721e+03,1.448349135155357992e+01
7.248136918566279972e-03,2.507710373014766130e-08,2.616223480144116564e+01,5.244884971349969760e+01,8.678644797485643721e+03,1.448349135155357992e+01
7.246763597086704548e-03,2.508158584799719096e-08,2.615552571351888034e+01,5.244458033064825742e+01,8.678902398056081438e+03,1.449103302057815057e+01
7.240576892207122722e-03,2.510298056416896476e-08,2.611018458463482972e+01,5.241615129283316321e+01,8.676959548449083741e+03,1.453545608725641003e+01
7.243805968942310797e-03,2.509201363840949150e-08,2.613433096424000723e+01,5.243154036207083379e+01,8.678017503824316009e+03,1.451136226362020309e+01
7.243805968942310797e-03,2.509201363840949150e-08,2.613433096424000723e+01,5.243154036207083379e+01,8.678017503824316009e+03,1.451136226362020309e+01
7.243805968942310797e-03,2.509201363840949150e-08,2.613433096424000723e+01,5.243154036207083379e+01,8.678017503824316009e+03,1.451136226362020309e+01
7.243805968942310797e-03,2.509201363840949150e-08,2.613433096424000723e+01,5.243154036207083379e+01,8.678017503824316009e+03,1.451136226362020309e+01
7.243805968942310797e-03,2.509201363840949150e-08,2.613433096424000723e+01,5.243154036207083379e+01,8.678017503824316009e+03,1.451136226362020309e+01
7.240494287802409605e-03,2.510555012058328159e-08,2.610930043348210106e+01,5.241341333191761720e+01,8.676285703624314920e+03,1.453894541239384708e+01
7.240494287802409605e-03,2.510555012058328159e-08,2.610930043348210106e+01,5.241341333191761720e+01,8.676285703624314920e+03,1.453894541239384708e+01
7.240494287802409605e-03,2.510555012058328159e-08,2.610930043348210106e+01,5.241341333191761720e+01,8.676285703624314920e+03,1.453894541239384708e+01
7.240494287802409605e-03,2.510555012058328159e-08,2.610930043348210106e+01,5.241341333191761720e+01,8.676285703624314920e+03,1.453894541239384708e+01
7.240494287802409605e-03,2.510555012058328159e-08,2.610930043348210106e+01,5.241341333191761720e+01,8.676285703624314920e+03,1.453894541239384708e+01
7.240460978800561213e-03,2.510561769144034380e-08,2.610938337565070810e+01,5.241352907519887339e+01,8.676342432922490843e+03,1.453894511258981836e+01
7.240460978800561213e-03,2.510561769144034380e-08,2.610938337565070810e+01,5.241352907519887339e+01,8.676342432922490843e+03,1.453894511258981836e+01
7.235874192847575360e-03,2.512091267860661198e-08,2.606730742803926404e+01,5.238118912035995578e+01,8.672277899247323148e+03,1.457518436855512078e+01
7.235874192847575360e-03,2.512091267860661198e-08,2.606730742803926404e+01,5.238118912035995578e+01,8.672277899247323148e+03,1.457518436855512078e+01
7.235874192847575360e-03,2.512091267860661198e-08,2.606730742803926404e+01,5.238118912035995578e+01,8.672277899247323148e+03,1.457518436855512078e+01
7.235874192847575360e-03,2.512091267860661198e-08,2.606730742803926404e+01,5.238118912035995578e+01,8.672277899247323148e+03,1.457518436855512078e+01
7.235874192847575360e-03,2.512091267860661198e-08,2.606730742803926404e+01,5.238118912035995578e+01,8.672277899247323148e+03,1.457518436855512078e+01
7.235874192847575360e-03,2.512091267860661198e-08,2.606730742803926404e+01,5.238118912035995578e+01,8.672277899247323148e+03,1.457518436855512078e+01
7.235874192847575360e-03,2.512091267860661198e-08,2.606730742803926404e+01,5.238118912035995578e+01,8.672277899247323148e+03,1.457518436855512078e+01
7.235874192847575360e-03,2.512091267860661198e-08,2.606730742803926404e+01,5.238118912035995578e+01,8.672277899247323148e+03,1.457518436855512078e+01
7.235874192847575360e-03,2.512091267860661198e-08,2.606730742803926404e+01,5.238118912035995578e+01,8.672277899247323148e+03,1.457518436855512078e+01
7.235874192847575360e-03,2.512091267860661198e-08,2.606730742803926404e+01,5.238118912035995578e+01,8.672277899247323148e+03,1.457518436855512078e+01
7.235874192847575360e-03,2.512091267860661198e-08,2.606730742803926404e+01,5.238118912035995578e+01,8.672277899247323148e+03,1.457518436855512078e+01
7.235874192847575360e-03,2.512091267860661198e-08,2.606730742803926404e+01,5.238118912035995578e+01,8.672277899247323148e+03,1.457518436855512078e+01
7.235874192847575360e-03,2.512091267860661198e-08,2.606730742803926404e+01,5.238118912035995578e+01,8.672277899247323148e+03,1.457518436855512078e+01
7.235874192847575360e-03,2.512091267860661198e-08,2.606730742803926404e+01,5.238118912035995578e+01,8.672277899247323148e+03,1.457518436855512078e+01
7.235874192847575360e-03,2.512091267860661198e-08,2.606730742803926404e+01,5.238118912035995578e+01,8.672277899247323148e+03,1.457518436855512078e+01
7.235874192847575360e-03,2.512091267860661198e-08,2.606730742803926404e+01,5.238118912035995578e+01,8.672277899247323148e+03,1.457518436855512078e+01
7.235874192847575360e-03,2.512091267860661198e-08,2.606730742803926404e+01,5.238118912035995578e+01,8.672277899247323148e+03,1.457518436855512078e+01
7.235874192847575360e-03,2.512091267860661198e-08,2.606730742803926404e+01,5.238118912035995578e+01,8.672277899247323148e+03,1.457518436855512078e+01
7.235874192847575360e-03,2.512091267860661198e-08,2.606730742803926404e+01,5.238118912035995578e+01,8.672277899247323148e+03,1.457518436855512078e+01
7.235874192847575360e-03,2.512091267860661198e-08,2.606730742803926404e+01,5.238118912035995578e+01,8.672277899247323148e+03,1.457518436855512078e+01
7.231771212088588564e-03,2.513635106873606220e-08,2.605238389711860236e+01,5.237848535230359204e+01,8.674239544828134967e+03,1.459421296701476045e+01
7.231771212088588564e-03,2.513635106873606220e-08,2.605238389711860236e+01,5.237848535230359204e+01,8.674239544828134967e+03,1.459421296701476045e+01
7.231771212088588564e-03,2.513635106873606220e-08,2.605238389711860236e+01,5.237848535230359204e+01,8.674239544828134967e+03,1.459421296701476045e+01
7.231771212088588564e-03,2.513635106873606220e-08,2.605238389711860236e+01,5.237848535230359204e+01,8.674239544828134967e+03,1.459421296701476045e+01
7.228532801620625968e-03,2.519719002585287319e-08,2.591208560283435602e+01,5.231031499299633225e+01,8.663103143470958457e+03,1.472981479619734557e+01
7.228532801620625968e-03,2.519719002585287319e-08,2.591208560283435602e+01,5.231031499299633225e+01,8.663103143470958457e+03,1.472981479619734557e+01
7.228532801620625968e-03,2.519719002585287319e-08,2.591208560283435602e+01,5.231031499299633225e+01,8.663103143470958457e+03,1.472981479619734557e+01
7.228532801620625968e-03,2.519719002585287319e-08,2.591208560283435602e+01,5.231031499299633225e+01,8.663103143470958457e+03,1.472981479619734557e+01
7.228532801620625968e-03,2.519719002585287319e-08,2.591208560283435602e+01,5.231031499299633225e+01,8.663103143470958457e+03,1.472981479619734557e+01
7.228532801620625968e-03,2.519719002585287319e-08,2.591208560283435602e+01,5.231031499299633225e+01,8.663103143470958457e+03,1.472981479619734557e+01
7.228532801620625968e-03,2.519719002585287319e-08,2.591208560283435602e+01,5.231031499299633225e+01,8.663103143470958457e+03,1.472981479619734557e+01
7.228532801620625968e-03,2.519719002585287319e-08,2.591208560283435602e+01,5.231031499299633225e+01,8.663103143470958457e+03,1.472981479619734557e+01
7.214361778285004016e-03,2.524311888531351043e-08,2.586564102552909006e+01,5.229933761621544619e+01,8.675237247228948036e+03,1.479272560406295689e+01
7.214361778285004016e-03,2.524311888531351043e-08,2.586564102552909006e+01,5.229933761621544619e+01,8.675237247228948036e+03,1.479272560406295689e+01
7.214361778285004016e-03,2.524311888531351043e-08,2.586564102552909006e+01,5.229933761621544619e+01,8.675237247228948036e+03,1.479272560406295689e+01
7.214361778285004016e-03,2.524311888531351043e-08,2.586564102552909006e+01,5.229933761621544619e+01,8.675237247228948036e+03,1.479272560406295689e+01
7.214361778285004016e-03,2.524311888531351043e-08,2.586564102552909006e+01,5.229933761621544619e+01,8.675237247228948036e+03,1.479272560406295689e+01
7.214361778285004016e-03,2.524311888531351043e-08,2.586564102552909006e+01,5.229933761621544619e+01,8.675237247228948036e+03,1.479272560406295689e+01
7.214361778285004016e-03,2.524311888531351043e-08,2.586564102552909006e+01,5.229933761621544619e+01,8.675237247228948036e+03,1.479272560406295689e+01
7.214361778285004016e-03,2.524311888531351043e-08,2.586564102552909006e+01,5.229933761621544619e+01,8.675237247228948036e+03,1.479272560406295689e+01
7.214361778285004016e-03,2.524311888531351043e-08,2.586564102552909006e+01,5.229933761621544619e+01,8.675237247228948036e+03,1.479272560406295689e+01
7.214361778285004016e-03,2.524311888531351043e-08,2.586564102552909006e+01,5.229933761621544619e+01,8.675237247228948036e+03,1.479272560406295689e+01
7.214361778285004016e-03,2.524311888531351043e-08,2.586564102552909006e+01,5.229933761621544619e+01,8.675237247228948036e+03,1.479272560406295689e+01
7.214361778285004016e-03,2.524311888531351043e-08,2.586564102552909006e+01,5.229933761621544619e+01,8.675237247228948036e+03,1.479272560406295689e+01
7.214361778285004016e-03,2.524311888531351043e-08,2.586564102552909006e+01,5.229933761621544619e+01,8.675237247228948036e+03,1.479272560406295689e+01
7.214361778285004016e-03,2.524311888531351043e-08,2.586564102552909006e+01,5.229933761621544619e+01,8.675237247228948036e+03,1.479272560406295689e+01
7.214361778285004016e-03,2.524311888531351043e-08,2.586564102552909006e+01,5.229933761621544619e+01,8.675237247228948036e+03,1.479272560406295689e+01
7.214361778285004016e-03,2.524311888531351043e-08,2.586564102552909006e+01,5.229933761621544619e+01,8.675237247228948036e+03,1.479272560406295689e+01
7.214361778285004016e-03,2.524311888531351043e-08,2.586564102552909006e+01,5.229933761621544619e+01,8.675237247228948036e+03,1.479272560406295689e+01
7.214361778285004016e-03,2.524311888531351043e-08,2.586564102552909006e+01,5.229933761621544619e+01,8.675237247228948036e+03,1.479272560406295689e+01
7.214361778285004016e-03,2.524311888531351043e-08,2.586564102552909006e+01,5.229933761621544619e+01,8.675237247228948036e+03,1.479272560406295689e+01
7.214361778285004016e-03,2.524311888531351043e-08,2.586564102552909006e+01,5.229933761621544619e+01,8.675237247228948036e+03,1.479272560406295689e+01
7.214361778285004016e-03,2.524311888531351043e-08,2.586564102552909006e+01,5.229933761621544619e+01,8.675237247228948036e+03,1.479272560406295689e+01
7.250073343972841637e-03,2.507092630823370748e-08,2.617100053485800615e+01,5.245397475043864688e+01,8.678243718061621621e+03,1.447392598115192186e+01
7.250073343972841637e-03,2.507092630823370748e-08,2.617100053485800615e+01,5.245397475043864688e+01,8.678243718061621621e+03,1.447392598115192186e+01
7.250073343972841637e-03,2.507092630823370748e-08,2.617100053485800615e+01,5.245397475043864688e+01,8.678243718061621621e+03,1.447392598115192186e+01
7.250338361384979502e-03,2.507060692952124100e-08,2.617240731814433374e+01,5.245506391971808569e+01,8.678357390683118865e+03,1.447372200729947878e+01
7.250338361384979502e-03,2.507060692952124100e-08,2.617240731814433374e+01,5.245506391971808569e+01,8.678357390683118865e+03,1.447372200729947878e+01
7.250338361384979502e-03,2.507060692952124100e-08,2.617240731814433374e+01,5.245506391971808569e+01,8.678357390683118865e+03,1.447372200729947878e+01
7.250369886681037185e-03,2.507054363041866050e-08,2.617229955721968437e+01,5.245500804041328280e+01,8.678302215501413230e+03,1.447369234911221625e+01
7.250369886681037185e-03,2.507054363041866050e-08,2.617229955721968437e+01,5.245500804041328280e+01,8.678302215501413230e+03,1.447369234911221625e+01
7.250538412522414614e-03,2.507036274583204318e-08,2.617340943297255151e+01,5.245573504799560993e+01,8.678521330445310014e+03,1.447355091236038582e+01
7.250538412522414614e-03,2.507036274583204318e-08,2.617340943297255151e+01,5.245573504799560993e+01,8.678521330445310014e+03,1.447355091236038582e+01
7.250538412522414614e-03,2.507036274583204318e-08,2.617340943297255151e+01,5.245573504799560993e+01,8.678521330445310014e+03,1.447355091236038582e+01
7.250618747626067298e-03,2.507013788112872941e-08,2.617010465013679621e+01,5.245349722021968830e+01,8.677644280021437226e+03,1.447343911868926192e+01
7.250618747626067298e-03,2.507013788112872941e-08,2.617010465013679621e+01,5.245349722021968830e+01,8.677644280021437226e+03,1.447343911868926192e+01
7.250379572943319896e-03,2.507066890407297974e-08,2.617027969324346515e+01,5.245375970212083416e+01,8.677843187789625517e+03,1.447362727312495068e+01
7.250836486062073490e-03,2.506971899032947307e-08,2.616910831403535909e+01,5.245287953382855761e+01,8.677221072732929315e+03,1.447318414882065163e+01
7.250836486062073490e-03,2.506971899032947307e-08,2.616910831403535909e+01,5.245287953382855761e+01,8.677221072732929315e+03,1.447318414882065163e+01
7.251066341688957965e-03,2.506903223819579736e-08,2.615469440337881224e+01,5.244337367120542837e+01,8.673439773117621371e+03,1.447277527140496645e+01
7.251066341688957965e-03,2.506903223819579736e-08,2.615469440337881224e+01,5.244337367120542837e+01,8.673439773117621371e+03,1.447277527140496645e+01
7.250634515360318381e-03,2.507005947449355785e-08,2.615042248370183486e+01,5.244039639529370334e+01,8.673039279121323489e+03,1.447502495159218228e+01
7.250634515360318381e-03,2.507005947449355785e-08,2.615042248370183486e+01,5.244039639529370334e+01,8.673039279121323489e+03,1.447502495159218228e+01
7.250634515360318381e-03,2.507005947449355785e-08,2.615042248370183486e+01,5.244039639529370334e+01,8.673039279121323489e+03,1.447502495159218228e+01
7.250634515360318381e-03,2.507005947449355785e-08,2.615042248370183486e+01,5.244039639529370334e+01,8.673039279121323489e+03,1.447502495159218228e+01
7.250634515360318381e-03,2.507005947449355785e-08,2.615042248370183486e+01,5.244039639529370334e+01,8.673039279121323489e+03,1.447502495159218228e+01
7.250634515360318381e-03,2.507005947449355785e-08,2.615042248370183486e+01,5.244039639529370334e+01,8.673039279121323489e+03,1.447502495159218228e+01
7.250634515360318381e-03,2.507005947449355785e-08,2.615042248370183486e+01,5.244039639529370334e+01,8.673039279121323489e+03,1.447502495159218228e+01
7.248495089739698943e-03,2.507189677387646957e-08,2.613827090234964601e+01,5.242926255432989535e+01,8.671411024938142873e+03,1.447862972951626936e+01
7.248495089739698943e-03,2.507189677387646957e-08,2.613827090234964601e+01,5.242926255432989535e+01,8.671411024938142873e+03,1.447862972951626936e+01
7.248495089739698943e-03,2.507189677387646957e-08,2.613827090234964601e+01,5.242926255432989535e+01,8.671411024938142873e+03,1.447862972951626936e+01
7.248495089739698943e-03,2.507189677387646957e-08,2.613827090234964601e+01,5.242926255432989535e+01,8.671411024938142873e+03,1.447862972951626936e+01
7.248495089739698943e-03,2.507189677387646957e-08,2.613827090234964601e+01,5.242926255432989535e+01,8.671411024938142873e+03,1.447862972951626936e+01
7.248495089739698943e-03,2.507189677387646957e-08,2.613827090234964601e+01,5.242926255432989535e+01,8.671411024938142873e+03,1.447862972951626936e+01
7.246076332725508336e-03,2.507578262410366837e-08,2.611896689130932714e+01,5.241419862686142750e+01,8.669623287201196945e+03,1.448807190396202671e+01
7.246076332725508336e-03,2.507578262410366837e-08,2.611896689130932714e+01,5.241419862686142750e+01,8.669623287201196945e+03,1.448807190396202671e+01
7.246069086046350548e-03,2.507574039942293132e-08,2.611815027319673632e+01,5.241357024979772206e+01,8.669417964428992491e+03,1.448810870323867839e+01
7.246069086046350548e-03,2.507574039942293132e-08,2.611815027319673632e+01,5.241357024979772206e+01,8.669417964428992491e+03,1.448810870323867839e+01
7.245344797825166959e-03,2.507798274355441503e-08,2.610691653546333768e+01,5.240490678112695377e+01,8.668279365948257691e+03,1.449349723933700140e+01
7.245344797825166959e-03,2.507798274355441503e-08,2.610691653546333768e+01,5.240490678112695377e+01,8.668279365948257691e+03,1.449349723933700140e+01
7.245344797825166959e-03,2.507798274355441503e-08,2.610691653546333768e+01,5.240490678112695377e+01,8.668279365948257691e+03,1.449349723933700140e+01
7.245344797825166959e-03,2.507798274355441503e-08,2.610691653546333768e+01,5.240490678112695377e+01,8.668279365948257691e+03,1.449349723933700140e+01
7.245344797825166959e-03,2.507798274355441503e-08,2.610691653546333768e+01,5.240490678112695377e+01,8.668279365948257691e+03,1.449349723933700140e+01
7.245344797825166959e-03,2.507798274355441503e-08,2.610691653546333768e+01,5.240490678112695377e+01,8.668279365948257691e+03,1.449349723933700140e+01
7.245341670532272696e-03,2.507798874653081131e-08,2.610687956597577042e+01,5.240488205969458591e+01,8.668274828615478327e+03,1.449350880079471970e+01
7.245341670532272696e-03,2.507798874653081131e-08,2.610687956597577042e+01,5.240488205969458591e+01,8.668274828615478327e+03,1.449350880079471970e+01
7.245341670532272696e-03,2.507798874653081131e-08,2.610687956597577042e+01,5.240488205969458591e+01,8.668274828615478327e+03,1.449350880079471970e+01
7.254819988655737163e-03,2.504953610734596801e-08,2.608881105012041957e+01,5.237614454952168330e+01,8.652458652388457267e+03,1.447086767410622876e+01
7.254819988655737163e-03,2.504953610734596801e-08,2.608881105012041957e+01,5.237614454952168330e+01,8.652458652388457267e+03,1.447086767410622876e+01
7.254819988655737163e-03,2.504953610734596801e-08,2.608881105012041957e+01,5.237614454952168330e+01,8.652458652388457267e+03,1.447086767410622876e+01
7.254819988655737163e-03,2.504953610734596801e-08,2.608881105012041957e+01,5.237614454952168330e+01,8.652458652388457267e+03,1.447086767410622876e+01
7.254819988655737163e-03,2.504953610734596801e-08,2.608881105012041957e+01,5.237614454952168330e+01,8.652458652388457267e+03,1.447086767410622876e+01
7.253370297666174131e-03,2.504530507122837519e-08,2.602081814886554412e+01,5.232869042433163997e+01,8.635039380648873703e+03,1.446875857386341835e+01
7.253370297666174131e-03,2.504530507122837519e-08,2.602081814886554412e+01,5.232869042433163997e+01,8.635039380648873703e+03,1.446875857386341835e+01
7.253370297666174131e-03,2.504530507122837519e-08,2.602081814886554412e+01,5.232869042433163997e+01,8.635039380648873703e+03,1.446875857386341835e+01
7.253370297666174131e-03,2.504530507122837519e-08,2.602081814886554412e+01,5.232869042433163997e+01,8.635039380648873703e+03,1.446875857386341835e+01
7.253370297666174131e-03,2.504530507122837519e-08,2.602081814886554412e+01,5.232869042433163997e+01,8.635039380648873703e+03,1.446875857386341835e+01
7.253385352570040218e-03,2.504546064129138861e-08,2.602141485626173179e+01,5.232919396393989331e+01,8.635225836097926731e+03,1.446888108235630455e+01
7.253385352570040218e-03,2.504546064129138861e-08,2.602141485626173179e+01,5.232919396393989331e+01,8.635225836097926731e+03,1.446888108235630455e+01
7.253385352570040218e-03,2.504546064129138861e-08,2.602141485626173179e+01,5.232919396393989331e+01,8.635225836097926731e+03,1.446888108235630455e+01
7.253385352570040218e-03,2.504546064129138861e-08,2.602141485626173179e+01,5.232919396393989331e+01,8.635225836097926731e+03,1.446888108235630455e+01
7.253385352570040218e-03,2.504546064129138861e-08,2.602141485626173179e+01,5.232919396393989331e+01,8.635225836097926731e+03,1.446888108235630455e+01
7.253385352570040218e-03,2.504546064129138861e-08,2.602141485626173179e+01,5.232919396393989331e+01,8.635225836097926731e+03,1.446888108235630455e+01
7.253385352570040218e-03,2.504546064129138861e-08,2.602141485626173179e+01,5.232919396393989331e+01,8.635225836097926731e+03,1.446888108235630455e+01
7.253385352570040218e-03,2.504546064129138861e-08,2.602141485626173179e+01,5.232919396393989331e+01,8.635225836097926731e+03,1.446888108235630455e+01
7.253385352570040218e-03,2.504546064129138861e-08,2.602141485626173179e+01,5.232919396393989331e+01,8.635225836097926731e+03,1.446888108235630455e+01
7.253385352570040218e-03,2.504546064129138861e-08,2.602141485626173179e+01,5.232919396393989331e+01,8.635225836097926731e+03,1.446888108235630455e+01
7.253385352570040218e-03,2.504546064129138861e-08,2.602141485626173179e+01,5.232919396393989331e+01,8.635225836097926731e+03,1.446888108235630455e+01
7.253385352570040218e-03,2.504546064129138861e-08,2.602141485626173179e+01,5.232919396393989331e+01,8.635225836097926731e+03,1.446888108235630455e+01
7.253385352570040218e-03,2.504546064129138861e-08,2.602141485626173179e+01,5.232919396393989331e+01,8.635225836097926731e+03,1.446888108235630455e+01
7.253385352570040218e-03,2.504546064129138861e-08,2.602141485626173179e+01,5.232919396393989331e+01,8.635225836097926731e+03,1.446888108235630455e+01
7.253385352570040218e-03,2.504546064129138861e-08,2.602141485626173179e+01,5.232919396393989331e+01,8.635225836097926731e+03,1.446888108235630455e+01
7.253385352570040218e-03,2.504546064129138861e-08,2.602141485626173179e+01,5.232919396393989331e+01,8.635225836097926731e+03,1.446888108235630455e+01
7.253385352570040218e-03,2.504546064129138861e-08,2.602141485626173179e+01,5.232919396393989331e+01,8.635225836097926731e+03,1.446888108235630455e+01
7.253385352570040218e-03,2.504546064129138861e-08,2.602141485626173179e+01,5.232919396393989331e+01,8.635225836097926731e+03,1.446888108235630455e+01
7.253385352570040218e-03,2.504546064129138861e-08,2.602141485626173179e+01,5.232919396393989331e+01,8.635225836097926731e+03,1.446888108235630455e+01
7.253385352570040218e-03,2.504546064129138861e-08,2.602141485626173179e+01,5.232919396393989331e+01,8.635225836097926731e+03,1.446888108235630455e+01
7.253846418803235573e-03,2.503464192960975606e-08,2.597646375097550120e+01,5.227847477476682059e+01,8.621439059596681545e+03,1.446745487725154433e+01
7.253846418803235573e-03,2.503464192960975606e-08,2.597646375097550120e+01,5.227847477476682059e+01,8.621439059596681545e+03,1.446745487725154433e+01
7.253846418803235573e-03,2.503464192960975606e-08,2.597646375097550120e+01,5.227847477476682059e+01,8.621439059596681545e+03,1.446745487725154433e+01
7.253846418803235573e-03,2.503464192960975606e-08,2.597646375097550120e+01,5.227847477476682059e+01,8.621439059596681545e+03,1.446745487725154433e+01
7.253846418803235573e-03,2.503464192960975606e-08,2.597646375097550120e+01,5.227847477476682059e+01,8.621439059596681545e+03,1.446745487725154433e+01
7.253846418803235573e-03,2.503464192960975606e-08,2.597646375097550120e+01,5.227847477476682059e+01,8.621439059596681545e+03,1.446745487725154433e+01
7.241150273268016739e-03,2.503903759184111609e-08,2.583471638210379240e+01,5.219425048233811992e+01,8.595922133058133113e+03,1.447693167064514519e+01
7.241150273268016739e-03,2.503903759184111609e-08,2.583471638210379240e+01,5.219425048233811992e+01,8.595922133058133113e+03,1.447693167064514519e+01
7.241150273268016739e-03,2.503903759184111609e-08,2.583471638210379240e+01,5.219425048233811992e+01,8.595922133058133113e+03,1.447693167064514519e+01
7.241150273268016739e-03,2.503903759184111609e-08,2.583471638210379240e+01,5.219425048233811992e+01,8.595922133058133113e+03,1.447693167064514519e+01
7.241150273268016739e-03,2.503903759184111609e-08,2.583471638210379240e+01,5.219425048233811992e+01,8.595922133058133113e+03,1.447693167064514519e+01
7.241150273268016739e-03,2.503903759184111609e-08,2.583471638210379240e+01,5.219425048233811992e+01,8.595922133058133113e+03,1.447693167064514519e+01
7.241150273268016739e-03,2.503903759184111609e-08,2.583471638210379240e+01,5.219425048233811992e+01,8.595922133058133113e+03,1.447693167064514519e+01
7.241150273268016739e-03,2.503903759184111609e-08,2.583471638210379240e+01,5.219425048233811992e+01,8.595922133058133113e+03,1.447693167064514519e+01
7.241150273268016739e-03,2.503903759184111609e-08,2.583471638210379240e+01,5.219425048233811992e+01,8.595922133058133113e+03,1.447693167064514519e+01
7.241150273268016739e-03,2.503903759184111609e-08,2.583471638210379240e+01,5.219425048233811992e+01,8.595922133058133113e+03,1.447693167064514519e+01
7.249796330457289328e-03,2.507132639854617527e-08,2.617106154678856100e+01,5.245412184029511593e+01,8.678597742613870651e+03,1.447368487787934654e+01
7.249797377775545754e-03,2.507131987393508332e-08,2.617106315761931867e+01,5.245411602793642913e+01,8.678599511324066043e+03,1.447368067911854972e+01
7.249797377775545754e-03,2.507131987393508332e-08,2.617106315761931867e+01,5.245411602793642913e+01,8.678599511324066043e+03,1.447368067911854972e+01
7.249762717056297025e-03,2.507124357262474701e-08,2.617123348193507226e+01,5.245414735930867778e+01,8.678642512357242595e+03,1.447361091822012291e+01
7.249762717056297025e-03,2.507124357262474701e-08,2.617123348193507226e+01,5.245414735930867778e+01,8.678642512357242595e+03,1.447361091822012291e+01
7.249746639593772531e-03,2.507120512716599188e-08,2.617139497797911929e+01,5.245421518316025100e+01,8.678702638125063459e+03,1.447346519104868356e+01
7.249805535782741749e-03,2.507128903705013708e-08,2.617188252654853997e+01,5.245353294815364364e+01,8.678440191756773856e+03,1.447398790347352104e+01
7.249982100501733973e-03,2.507037856805921515e-08,2.617256246591553648e+01,5.245208649912619592e+01,8.678438931982400391e+03,1.447371314956804689e+01
7.249956630224713670e-03,2.506950570476102835e-08,2.617406807472564978e+01,5.245080396705079551e+01,8.678604796206069295e+03,1.447332424901265391e+01
7.249956630224713670e-03,2.506950570476102835e-08,2.617406807472564978e+01,5.245080396705079551e+01,8.678604796206069295e+03,1.447332424901265391e+01
7.249956630224713670e-03,2.506950570476102835e-08,2.617406807472564978e+01,5.245080396705079551e+01,8.678604796206069295e+03,1.447332424901265391e+01
7.249956630224713670e-03,2.506950570476102835e-08,2.617406807472564978e+01,5.245080396705079551e+01,8.678604796206069295e+03,1.447332424901265391e+01
7.249956630224713670e-03,2.506950570476102835e-08,2.617406807472564978e+01,5.245080396705079551e+01,8.678604796206069295e+03,1.447332424901265391e+01
7.250126106346580813e-03,2.506735852102634109e-08,2.617883279503291050e+01,5.244743878441082074e+01,8.678853710324006897e+03,1.447323200668829202e+01
7.250126106346580813e-03,2.506735852102634109e-08,2.617883279503291050e+01,5.244743878441082074e+01,8.678853710324006897e+03,1.447323200668829202e+01
7.250237606770542319e-03,2.506442136050399581e-08,2.618474970115567757e+01,5.244211012439104280e+01,8.679221096106206460e+03,1.447255329725120276e+01
7.250237606770542319e-03,2.506442136050399581e-08,2.618474970115567757e+01,5.244211012439104280e+01,8.679221096106206460e+03,1.447255329725120276e+01
7.250237606770542319e-03,2.506442136050399581e-08,2.618474970115567757e+01,5.244211012439104280e+01,8.679221096106206460e+03,1.447255329725120276e+01
7.250237606770542319e-03,2.506442136050399581e-08,2.618474970115567757e+01,5.244211012439104280e+01,8.679221096106206460e+03,1.447255329725120276e+01
7.250237606770542319e-03,2.506442136050399581e-08,2.618474970115567757e+01,5.244211012439104280e+01,8.679221096106206460e+03,1.447255329725120276e+01
7.250237606770542319e-03,2.506442136050399581e-08,2.618474970115567757e+01,5.244211012439104280e+01,8.679221096106206460e+03,1.447255329725120276e+01
7.250238632926655526e-03,2.506444957319450718e-08,2.618465501472099533e+01,5.244213985257023580e+01,8.679210832002931056e+03,1.447257181184426322e+01
7.250238632926655526e-03,2.506444957319450718e-08,2.618465501472099533e+01,5.244213985257023580e+01,8.679210832002931056e+03,1.447257181184426322e+01
7.250238632926655526e-03,2.506444957319450718e-08,2.618465501472099533e+01,5.244213985257023580e+01,8.679210832002931056e+03,1.447257181184426322e+01
7.250238632926655526e-03,2.506444957319450718e-08,2.618465501472099533e+01,5.244213985257023580e+01,8.679210832002931056e+03,1.447257181184426322e+01
7.250238632926655526e-03,2.506444957319450718e-08,2.618465501472099533e+01,5.244213985257023580e+01,8.679210832002931056e+03,1.447257181184426322e+01
7.250238632926655526e-03,2.506444957319450718e-08,2.618465501472099533e+01,5.244213985257023580e+01,8.679210832002931056e+03,1.447257181184426322e+01
7.250238632926655526e-03,2.506444957319450718e-08,2.618465501472099533e+01,5.244213985257023580e+01,8.679210832002931056e+03,1.447257181184426322e+01
7.250238632926655526e-03,2.506444957319450718e-08,2.618465501472099533e+01,5.244213985257023580e+01,8.679210832002931056e+03,1.447257181184426322e+01
7.250238632926655526e-03,2.506444957319450718e-08,2.618465501472099533e+01,5.244213985257023580e+01,8.679210832002931056e+03,1.447257181184426322e+01
7.250238632926655526e-03,2.506444957319450718e-08,2.618465501472099533e+01,5.244213985257023580e+01,8.679210832002931056e+03,1.447257181184426322e+01
7.250238632926655526e-03,2.506444957319450718e-08,2.618465501472099533e+01,5.244213985257023580e+01,8.679210832002931056e+03,1.447257181184426322e+01
7.250238632926655526e-03,2.506444957319450718e-08,2.618465501472099533e+01,5.244213985257023580e+01,8.679210832002931056e+03,1.447257181184426322e+01
7.250238632926655526e-03,2.506444957319450718e-08,2.618465501472099533e+01,5.244213985257023580e+01,8.679210832002931056e+03,1.447257181184426322e+01
7.250238632926655526e-03,2.506444957319450718e-08,2.618465501472099533e+01,5.244213985257023580e+01,8.679210832002931056e+03,1.447257181184426322e+01
7.250238632926655526e-03,2.506444957319450718e-08,2.618465501472099533e+01,5.244213985257023580e+01,8.679210832002931056e+03,1.447257181184426322e+01
7.250238632926655526e-03,2.506444957319450718e-08,2.618465501472099533e+01,5.244213985257023580e+01,8.679210832002931056e+03,1.447257181184426322e+01
7.250238632926655526e-03,2.506444957319450718e-08,2.618465501472099533e+01,5.244213985257023580e+01,8.679210832002931056e+03,1.447257181184426322e+01
7.250238632926655526e-03,2.506444957319450718e-08,2.618465501472099533e+01,5.244213985257023580e+01,8.679210832002931056e+03,1.447257181184426322e+01
7.250238632926655526e-03,2.506444957319450718e-08,2.618465501472099533e+01,5.244213985257023580e+01,8.679210832002931056e+03,1.447257181184426322e+01
7.250238632926655526e-03,2.506444957319450718e-08,2.618465501472099533e+01,5.244213985257023580e+01,8.679210832002931056e+03,1.447257181184426322e+01
7.250238632926655526e-03,2.506444957319450718e-08,2.618465501472099533e+01,5.244213985257023580e+01,8.679210832002931056e+03,1.447257181184426322e+01
7.250238632926655526e-03,2.506444957319450718e-08,2.618465501472099533e+01,5.244213985257023580e+01,8.679210832002931056e+03,1.447257181184426322e+01
7.250238632926655526e-03,2.506444957319450718e-08,2.618465501472099533e+01,5.244213985257023580e+01,8.679210832002931056e+03,1.447257181184426322e+01
7.255356789584524631e-03,2.506384742195443850e-08,2.621188069827928047e+01,5.244374651554726086e+01,8.684462170942259036e+03,1.448259030676777748e+01
7.255356789584524631e-03,2.506384742195443850e-08,2.621188069827928047e+01,5.244374651554726086e+01,8.684462170942259036e+03,1.448259030676777748e+01
7.255356789584524631e-03,2.506384742195443850e-08,2.621188069827928047e+01,5.244374651554726086e+01,8.684462170942259036e+03,1.448259030676777748e+01
7.255356789584524631e-03,2.506384742195443850e-08,2.621188069827928047e+01,5.244374651554726086e+01,8.684462170942259036e+03,1.448259030676777748e+01
7.265694294366027706e-03,2.506170546213557265e-08,2.625760645140345417e+01,5.244775680586759847e+01,8.692745353358313878e+03,1.450375423024708077e+01
7.265694294366027706e-03,2.506170546213557265e-08,2.625760645140345417e+01,5.244775680586759847e+01,8.692745353358313878e+03,1.450375423024708077e+01
7.265694294366027706e-03,2.506170546213557265e-08,2.625760645140345417e+01,5.244775680586759847e+01,8.692745353358313878e+03,1.450375423024708077e+01
7.265694294366027706e-03,2.506170546213557265e-08,2.625760645140345417e+01,5.244775680586759847e+01,8.692745353358313878e+03,1.450375423024708077e+01
7.265694294366027706e-03,2.506170546213557265e-08,2.625760645140345417e+01,5.244775680586759847e+01,8.692745353358313878e+03,1.450375423024708077e+01
7.265694294366027706e-03,2.506170546213557265e-08,2.625760645140345417e+01,5.244775680586759847e+01,8.692745353358313878e+03,1.450375423024708077e+01
7.287404296679368502e-03,2.513021301003138714e-08,2.640811013566108656e+01,5.237392492650295139e+01,8.743238344946763391e+03,1.471303115256496774e+01
7.287404296679368502e-03,2.513021301003138714e-08,2.640811013566108656e+01,5.237392492650295139e+01,8.743238344946763391e+03,1.471303115256496774e+01
7.287404296679368502e-03,2.513021301003138714e-08,2.640811013566108656e+01,5.237392492650295139e+01,8.743238344946763391e+03,1.471303115256496774e+01
7.287645578997984687e-03,2.513055864898636057e-08,2.640941943414356885e+01,5.237326338196070452e+01,8.743593637502253841e+03,1.471454509357707252e+01
7.287645578997984687e-03,2.513055864898636057e-08,2.640941943414356885e+01,5.237326338196070452e+01,8.743593637502253841e+03,1.471454509357707252e+01
7.305249197173993049e-03,2.515521446773218042e-08,2.652922746125129549e+01,5.231456790413565017e+01,8.775046572501913033e+03,1.483428712368881008e+01
7.305249197173993049e-03,2.515521446773218042e-08,2.652922746125129549e+01,5.231456790413565017e+01,8.775046572501913033e+03,1.483428712368881008e+01
7.305249197173993049e-03,2.515521446773218042e-08,2.652922746125129549e+01,5.231456790413565017e+01,8.775046572501913033e+03,1.483428712368881008e+01
7.305249197173993049e-03,2.515521446773218042e-08,2.652922746125129549e+01,5.231456790413565017e+01,8.775046572501913033e+03,1.483428712368881008e+01
7.305249197173993049e-03,2.515521446773218042e-08,2.652922746125129549e+01,5.231456790413565017e+01,8.775046572501913033e+03,1.483428712368881008e+01
7.305249197173993049e-03,2.515521446773218042e-08,2.652922746125129549e+01,5.231456790413565017e+01,8.775046572501913033e+03,1.483428712368881008e+01
7.313385150384494292e-03,2.516747134818272738e-08,2.658732696555497199e+01,5.230991362045688220e+01,8.793512317272115979e+03,1.489278764468972227e+01
7.313385150384494292e-03,2.516747134818272738e-08,2.658732696555497199e+01,5.230991362045688220e+01,8.793512317272115979e+03,1.489278764468972227e+01
7.307685502942364367e-03,2.516012979624075858e-08,2.654498859890802365e+01,5.232757239477766831e+01,8.782947318708060266e+03,1.485299899949083446e+01
7.307685502942364367e-03,2.516012979624075858e-08,2.654498859890802365e+01,5.232757239477766831e+01,8.782947318708060266e+03,1.485299899949083446e+01
7.307685502942364367e-03,2.516012979624075858e-08,2.654498859890802365e+01,5.232757239477766831e+01,8.782947318708060266e+03,1.485299899949083446e+01
7.307685502942364367e-03,2.516012979624075858e-08,2.654498859890802365e+01,5.232757239477766831e+01,8.782947318708060266e+03,1.485299899949083446e+01
7.307685502942364367e-03,2.516012979624075858e-08,2.654498859890802365e+01,5.232757239477766831e+01,8.782947318708060266e+03,1.485299899949083446e+01
7.307685502942364367e-03,2.516012979624075858e-08,2.654498859890802365e+01,5.232757239477766831e+01,8.782947318708060266e+03,1.485299899949083446e+01
7.307685502942364367e-03,2.516012979624075858e-08,2.654498859890802365e+01,5.232757239477766831e+01,8.782947318708060266e+03,1.485299899949083446e+01
7.307685502942364367e-03,2.516012979624075858e-08,2.654498859890802365e+01,5.232757239477766831e+01,8.782947318708060266e+03,1.485299899949083446e+01
7.307685502942364367e-03,2.516012979624075858e-08,2.654498859890802365e+01,5.232757239477766831e+01,8.782947318708060266e+03,1.485299899949083446e+01
7.311888432265818520e-03,2.516615682771544959e-08,2.658012549243590783e+01,5.231153018879955141e+01,8.792077968546229386e+03,1.488678588470378727e+01
7.267931327144103518e-03,2.513248896490190938e-08,2.641145884005126732e+01,5.241509296750845692e+01,8.758905237604840295e+03,1.471292513282682179e+01
7.267931327144103518e-03,2.513248896490190938e-08,2.641145884005126732e+01,5.241509296750845692e+01,8.758905237604840295e+03,1.471292513282682179e+01
7.267931327144103518e-03,2.513248896490190938e-08,2.641145884005126732e+01,5.241509296750845692e+01,8.758905237604840295e+03,1.471292513282682179e+01
7.267931327144103518e-03,2.513248896490190938e-08,2.641145884005126732e+01,5.241509296750845692e+01,8.758905237604840295e+03,1.471292513282682179e+01
7.267931327144103518e-03,2.513248896490190938e-08,2.641145884005126732e+01,5.241509296750845692e+01,8.758905237604840295e+03,1.471292513282682179e+01
7.267931327144103518e-03,2.513248896490190938e-08,2.641145884005126732e+01,5.241509296750845692e+01,8.758905237604840295e+03,1.471292513282682179e+01
7.267931327144103518e-03,2.513248896490190938e-08,2.641145884005126732e+01,5.241509296750845692e+01,8.758905237604840295e+03,1.471292513282682179e+01
7.267931327144103518e-03,2.513248896490190938e-08,2.641145884005126732e+01,5.241509296750845692e+01,8.758905237604840295e+03,1.471292513282682179e+01
7.267931327144103518e-03,2.513248896490190938e-08,2.641145884005126732e+01,5.241509296750845692e+01,8.758905237604840295e+03,1.471292513282682179e+01
7.400545524702864184e-03,2.498754899770579172e-08,2.665002581501418533e+01,5.229016856760417653e+01,8.697282449792799525e+03,1.477143423142188006e+01
7.400545524702864184e-03,2.498754899770579172e-08,2.665002581501418533e+01,5.229016856760417653e+01,8.697282449792799525e+03,1.477143423142188006e+01
7.557205454892410197e-03,2.467577606143751002e-08,2.658737473036194743e+01,5.193993142154187836e+01,8.490464537254232710e+03,1.462930304096730616e+01
7.557205454892410197e-03,2.467577606143751002e-08,2.658737473036194743e+01,5.193993142154187836e+01,8.490464537254232710e+03,1.462930304096730616e+01
7.249815518073032990e-03,2.507103294990287548e-08,2.616955244238928557e+01,5.245402696223200678e+01,8.678489704578736564e+03,1.447424415571636303e+01
7.249815518073032990e-03,2.507103294990287548e-08,2.616955244238928557e+01,5.245402696223200678e+01,8.678489704578736564e+03,1.447424415571636303e+01
7.249815518073032990e-03,2.507103294990287548e-08,2.616955244238928557e+01,5.245402696223200678e+01,8.678489704578736564e+03,1.447424415571636303e+01
7.249815518073032990e-03,2.507103294990287548e-08,2.616955244238928557e+01,5.245402696223200678e+01,8.678489704578736564e+03,1.447424415571636303e+01
7.249815518073032990e-03,2.507103294990287548e-08,2.616955244238928557e+01,5.245402696223200678e+01,8.678489704578736564e+03,1.447424415571636303e+01
7.249815518073032990e-03,2.507103294990287548e-08,2.616955244238928557e+01,5.245402696223200678e+01,8.678489704578736564e+03,1.447424415571636303e+01
7.249815518073032990e-03,2.507103294990287548e-08,2.616955244238928557e+01,5.245402696223200678e+01,8.678489704578736564e+03,1.447424415571636303e+01
7.249815518073032990e-03,2.507103294990287548e-08,2.616955244238928557e+01,5.245402696223200678e+01,8.678489704578736564e+03,1.447424415571636303e+01
7.249815518073032990e-03,2.507103294990287548e-08,2.616955244238928557e+01,5.245402696223200678e+01,8.678489704578736564e+03,1.447424415571636303e+01
7.249815518073032990e-03,2.507103294990287548e-08,2.616955244238928557e+01,5.245402696223200678e+01,8.678489704578736564e+03,1.447424415571636303e+01
7.249815518073032990e-03,2.507103294990287548e-08,2.616955244238928557e+01,5.245402696223200678e+01,8.678489704578736564e+03,1.447424415571636303e+01
7.249815518073032990e-03,2.507103294990287548e-08,2.616955244238928557e+01,5.245402696223200678e+01,8.678489704578736564e+03,1.447424415571636303e+01
7.249815518073032990e-03,2.507103294990287548e-08,2.616955244238928557e+01,5.245402696223200678e+01,8.678489704578736564e+03,1.447424415571636303e+01
7.249966917142328278e-03,2.507100731446912002e-08,2.617030593216134804e+01,5.245392872375905569e+01,8.678532967220522551e+03,1.447462627913381716e+01
7.250065135149892995e-03,2.506946409466861752e-08,2.617278800307709474e+01,5.245166993294022717e+01,8.678806920467384771e+03,1.447456853558106893e+01
7.250065135149892995e-03,2.506946409466861752e-08,2.617278800307709474e+01,5.245166993294022717e+01,8.678806920467384771e+03,1.447456853558106893e+01
7.250065135149892995e-03,2.506946409466861752e-08,2.617278800307709474e+01,5.245166993294022717e+01,8.678806920467384771e+03,1.447456853558106893e+01
7.250065135149892995e-03,2.506946409466861752e-08,2.617278800307709474e+01,5.245166993294022717e+01,8.678806920467384771e+03,1.447456853558106893e+01
7.250586140493396267e-03,2.506734471020073946e-08,2.617479541412650690e+01,5.245165373935618192e+01,8.678654975998839291e+03,1.447295991512073954e+01
7.250586140493396267e-03,2.506734471020073946e-08,2.617479541412650690e+01,5.245165373935618192e+01,8.678654975998839291e+03,1.447295991512073954e+01
7.250586140493396267e-03,2.506734471020073946e-08,2.617479541412650690e+01,5.245165373935618192e+01,8.678654975998839291e+03,1.447295991512073954e+01
7.250586140493396267e-03,2.506734471020073946e-08,2.617479541412650690e+01,5.245165373935618192e+01,8.678654975998839291e+03,1.447295991512073954e+01
7.250355859606232543e-03,2.506878349353463042e-08,2.617336806037110719e+01,5.245252732949341379e+01,8.678578729717261012e+03,1.447330389631883385e+01
7.250355859606232543e-03,2.506878349353463042e-08,2.617336806037110719e+01,5.245252732949341379e+01,8.678578729717261012e+03,1.447330389631883385e+01
7.250426224392293728e-03,2.506859360977782459e-08,2.617360851132146493e+01,5.245260297453944531e+01,8.678572771503078911e+03,1.447312947008161821e+01
7.250412104035926925e-03,2.506873499738602911e-08,2.617357385942682768e+01,5.245262675187854029e+01,8.678588023433110720e+03,1.447323149892928384e+01
7.250432930695794101e-03,2.506806566029882392e-08,2.616894031833894019e+01,5.244873244028192971e+01,8.677378419059128646e+03,1.447297634235656894e+01
7.250432930695794101e-03,2.506806566029882392e-08,2.616894031833894019e+01,5.244873244028192971e+01,8.677378419059128646e+03,1.447297634235656894e+01
7.250849275503223716e-03,2.506595957379402942e-08,2.616834894723999483e+01,5.244568618484391465e+01,8.676850265255270642e+03,1.447225629841294747e+01
7.251605054747240972e-03,2.506480666239444967e-08,2.617077796247571797e+01,5.244712821344018039e+01,8.676879912298178169e+03,1.447146957461339234e+01
7.251605054747240972e-03,2.506480666239444967e-08,2.617077796247571797e+01,5.244712821344018039e+01,8.676879912298178169e+03,1.447146957461339234e+01
7.253056817819806580e-03,2.505887162917698461e-08,2.617102754526001362e+01,5.244019081575562069e+01,8.675588345110119917e+03,1.446905786386627035e+01
7.253056817819806580e-03,2.505887162917698461e-08,2.617102754526001362e+01,5.244019081575562069e+01,8.675588345110119917e+03,1.446905786386627035e+01
7.253056817819806580e-03,2.505887162917698461e-08,2.617102754526001362e+01,5.244019081575562069e+01,8.675588345110119917e+03,1.446905786386627035e+01
7.253056817819806580e-03,2.505887162917698461e-08,2.617102754526001362e+01,5.244019081575562069e+01,8.675588345110119917e+03,1.446905786386627035e+01
7.253056817819806580e-03,2.505887162917698461e-08,2.617102754526001362e+01,5.244019081575562069e+01,8.675588345110119917e+03,1.446905786386627035e+01
7.253052119032714525e-03,2.505888992882578113e-08,2.617102675842070525e+01,5.244021056657525293e+01,8.675592295567577821e+03,1.446906494016386979e+01
7.253052119032714525e-03,2.505888992882578113e-08,2.617102675842070525e+01,5.244021056657525293e+01,8.675592295567577821e+03,1.446906494016386979e+01
7.256604680131181241e-03,2.505474468882619749e-08,2.617274132990162983e+01,5.243461062886881052e+01,8.673946709387830197e+03,1.447346399716943033e+01
7.256604680131181241e-03,2.505474468882619749e-08,2.617274132990162983e+01,5.243461062886881052e+01,8.673946709387830197e+03,1.447346399716943033e+01
7.256604680131181241e-03,2.505474468882619749e-08,2.617274132990162983e+01,5.243461062886881052e+01,8.673946709387830197e+03,1.447346399716943033e+01
7.256604680131181241e-03,2.505474468882619749e-08,2.617274132990162983e+01,5.243461062886881052e+01,8.673946709387830197e+03,1.447346399716943033e+01
7.256604680131181241e-03,2.505474468882619749e-08,2.617274132990162983e+01,5.243461062886881052e+01,8.673946709387830197e+03,1.447346399716943033e+01
7.256604680131181241e-03,2.505474468882619749e-08,2.617274132990162983e+01,5.243461062886881052e+01,8.673946709387830197e+03,1.447346399716943033e+01
7.256604680131181241e-03,2.505474468882619749e-08,2.617274132990162983e+01,5.243461062886881052e+01,8.673946709387830197e+03,1.447346399716943033e+01
7.256604680131181241e-03,2.505474468882619749e-08,2.617274132990162983e+01,5.243461062886881052e+01,8.673946709387830197e+03,1.447346399716943033e+01
7.256604680131181241e-03,2.505474468882619749e-08,2.617274132990162983e+01,5.243461062886881052e+01,8.673946709387830197e+03,1.447346399716943033e+01
7.256604680131181241e-03,2.505474468882619749e-08,2.617274132990162983e+01,5.243461062886881052e+01,8.673946709387830197e+03,1.447346399716943033e+01
7.256604680131181241e-03,2.505474468882619749e-08,2.617274132990162983e+01,5.243461062886881052e+01,8.673946709387830197e+03,1.447346399716943033e+01
7.256604680131181241e-03,2.505474468882619749e-08,2.617274132990162983e+01,5.243461062886881052e+01,8.673946709387830197e+03,1.447346399716943033e+01
7.256604680131181241e-03,2.505474468882619749e-08,2.617274132990162983e+01,5.243461062886881052e+01,8.673946709387830197e+03,1.447346399716943033e+01
7.256604680131181241e-03,2.505474468882619749e-08,2.617274132990162983e+01,5.243461062886881052e+01,8.673946709387830197e+03,1.447346399716943033e+01
7.255167697538298689e-03,2.506308670624381106e-08,2.616136629123887047e+01,5.242257869185284846e+01,8.673417628567232896e+03,1.448975543957458534e+01
7.255167697538298689e-03,2.506308670624381106e-08,2.616136629123887047e+01,5.242257869185284846e+01,8.673417628567232896e+03,1.448975543957458534e+01
7.255167697538298689e-03,2.506308670624381106e-08,2.616136629123887047e+01,5.242257869185284846e+01,8.673417628567232896e+03,1.448975543957458534e+01
7.255167697538298689e-03,2.506308670624381106e-08,2.616136629123887047e+01,5.242257869185284846e+01,8.673417628567232896e+03,1.448975543957458534e+01
7.255167697538298689e-03,2.506308670624381106e-08,2.616136629123887047e+01,5.242257869185284846e+01,8.673417628567232896e+03,1.448975543957458534e+01
7.255167697538298689e-03,2.506308670624381106e-08,2.616136629123887047e+01,5.242257869185284846e+01,8.673417628567232896e+03,1.448975543957458534e+01
7.255167697538298689e-03,2.506308670624381106e-08,2.616136629123887047e+01,5.242257869185284846e+01,8.673417628567232896e+03,1.448975543957458534e+01
7.255167697538298689e-03,2.506308670624381106e-08,2.616136629123887047e+01,5.242257869185284846e+01,8.673417628567232896e+03,1.448975543957458534e+01
7.255573918859634618e-03,2.506710506194558651e-08,2.619336352876101159e+01,5.244388247042077467e+01,8.682144363806821275e+03,1.449451649140462628e+01
7.255573918859634618e-03,2.506710506194558651e-08,2.619336352876101159e+01,5.244388247042077467e+01,8.682144363806821275e+03,1.449451649140462628e+01
7.255573918859634618e-03,2.506710506194558651e-08,2.619336352876101159e+01,5.244388247042077467e+01,8.682144363806821275e+03,1.449451649140462628e+01
7.255573918859634618e-03,2.506710506194558651e-08,2.619336352876101159e+01,5.244388247042077467e+01,8.682144363806821275e+03,1.449451649140462628e+01
7.255573918859634618e-03,2.506710506194558651e-08,2.619336352876101159e+01,5.244388247042077467e+01,8.682144363806821275e+03,1.449451649140462628e+01
7.248525240209954812e-03,2.507956981401231261e-08,2.616790670253960727e+01,5.244247173212209390e+01,8.681634750009339768e+03,1.449617692055766405e+01
7.245572451212738650e-03,2.506838254359189323e-08,2.618700022348947698e+01,5.246869036836049105e+01,8.684749401460470835e+03,1.447736953370507962e+01
7.245572451212738650e-03,2.506838254359189323e-08,2.618700022348947698e+01,5.246869036836049105e+01,8.684749401460470835e+03,1.447736953370507962e+01
7.245572451212738650e-03,2.506838254359189323e-08,2.618700022348947698e+01,5.246869036836049105e+01,8.684749401460470835e+03,1.447736953370507962e+01
7.250115665114795389e-03,2.506298618210234245e-08,2.621266946192566039e+01,5.248217544032041815e+01,8.686602383791128887e+03,1.447032980282098791e+01
7.250115665114795389e-03,2.506298618210234245e-08,2.621266946192566039e+01,5.248217544032041815e+01,8.686602383791128887e+03,1.447032980282098791e+01
7.249665947065585432e-03,2.505993900531971215e-08,2.621781582301562352e+01,5.248170434345922786e+01,8.686507141547315769e+03,1.446783179804582531e+01
7.249665947065585432e-03,2.505993900531971215e-08,2.621781582301562352e+01,5.248170434345922786e+01,8.686507141547315769e+03,1.446783179804582531e+01
7.249665947065585432e-03,2.505993900531971215e-08,2.621781582301562352e+01,5.248170434345922786e+01,8.686507141547315769e+03,1.446783179804582531e+01
7.249665947065585432e-03,2.505993900531971215e-08,2.621781582301562352e+01,5.248170434345922786e+01,8.686507141547315769e+03,1.446783179804582531e+01
7.289863414450546523e-03,2.501799368677392040e-08,2.637634706970058929e+01,5.250982835259121373e+01,8.691176125421012330e+03,1.443676998142821155e+01
7.289863414450546523e-03,2.501799368677392040e-08,2.637634706970058929e+01,5.250982835259121373e+01,8.691176125421012330e+03,1.443676998142821155e+01
7.288527644358555602e-03,2.502267759759818011e-08,2.636635885018162639e+01,5.250848500330546642e+01,8.691299540494021130e+03,1.444168346748411302e+01
7.288527644358555602e-03,2.502267759759818011e-08,2.636635885018162639e+01,5.250848500330546642e+01,8.691299540494021130e+03,1.444168346748411302e+01
7.288527644358555602e-03,2.502267759759818011e-08,2.636635885018162639e+01,5.250848500330546642e+01,8.691299540494021130e+03,1.444168346748411302e+01
7.300616707273069328e-03,2.500670942052205341e-08,2.642822410825342061e+01,5.250989494785536493e+01,8.699094149387614380e+03,1.445007930958616349e+01
7.300616707273069328e-03,2.500670942052205341e-08,2.642822410825342061e+01,5.250989494785536493e+01,8.699094149387614380e+03,1.445007930958616349e+01
7.316341698627938130e-03,2.500027930487829127e-08,2.650624065530572437e+01,5.253372150884570857e+01,8.710408826663784566e+03,1.446277166319477203e+01
7.316341698627938130e-03,2.500027930487829127e-08,2.650624065530572437e+01,5.253372150884570857e+01,8.710408826663784566e+03,1.446277166319477203e+01
7.316341698627938130e-03,2.500027930487829127e-08,2.650624065530572437e+01,5.253372150884570857e+01,8.710408826663784566e+03,1.446277166319477203e+01
7.316341698627938130e-03,2.500027930487829127e-08,2.650624065530572437e+01,5.253372150884570857e+01,8.710408826663784566e+03,1.446277166319477203e+01
7.316341698627938130e-03,2.500027930487829127e-08,2.650624065530572437e+01,5.253372150884570857e+01,8.710408826663784566e+03,1.446277166319477203e+01
7.316341698627938130e-03,2.500027930487829127e-08,2.650624065530572437e+01,5.253372150884570857e+01,8.710408826663784566e+03,1.446277166319477203e+01
7.316341698627938130e-03,2.500027930487829127e-08,2.650624065530572437e+01,5.253372150884570857e+01,8.710408826663784566e+03,1.446277166319477203e+01
7.316341698627938130e-03,2.500027930487829127e-08,2.650624065530572437e+01,5.253372150884570857e+01,8.710408826663784566e+03,1.446277166319477203e+01
7.249857538479930960e-03,2.507161871972268273e-08,2.617054298197842499e+01,5.245385698405423369e+01,8.678237383856632732e+03,1.447410688561482139e+01
7.249857538479930960e-03,2.507161871972268273e-08,2.617054298197842499e+01,5.245385698405423369e+01,8.678237383856632732e+03,1.447410688561482139e+01
7.249931660969229259e-03,2.507137756891893786e-08,2.617205169969999190e+01,5.245327284006373958e+01,8.678170591555786814e+03,1.447465912474300787e+01
7.249931660969229259e-03,2.507137756891893786e-08,2.617205169969999190e+01,5.245327284006373958e+01,8.678170591555786814e+03,1.447465912474300787e+01
7.249894623143079454e-03,2.507125772394418648e-08,2.617359528015832026e+01,5.245160906650861676e+01,8.678006420881516533e+03,1.447512622654446091e+01
7.249852927888311531e-03,2.507128638196226988e-08,2.617288520564032694e+01,5.245193559613633738e+01,8.677999070936793942e+03,1.447480633289852925e+01
7.249872798042978142e-03,2.507138278954920781e-08,2.617247223109978904e+01,5.245271601307584319e+01,8.678133888211907106e+03,1.447459432224429676e+01
7.249872798042978142e-03,2.507138278954920781e-08,2.617247223109978904e+01,5.245271601307584319e+01,8.678133888211907106e+03,1.447459432224429676e+01
7.249873254875542974e-03,2.507138181065868467e-08,2.617247401805725104e+01,5.245271665537130446e+01,8.678133584081011577e+03,1.447459279318389314e+01
7.249873254875542974e-03,2.507138181065868467e-08,2.617247401805725104e+01,5.245271665537130446e+01,8.678133584081011577e+03,1.447459279318389314e+01
7.250848679694887888e-03,2.507107937604861359e-08,2.617578419947145463e+01,5.245441223098479355e+01,8.678038572148945605e+03,1.447428400627080691e+01
7.250848679694887888e-03,2.507107937604861359e-08,2.617578419947145463e+01,5.245441223098479355e+01,8.678038572148945605e+03,1.447428400627080691e+01
7.250848679694887888e-03,2.507107937604861359e-08,2.617578419947145463e+01,5.245441223098479355e+01,8.678038572148945605e+03,1.447428400627080691e+01
7.250848679694887888e-03,2.507107937604861359e-08,2.617578419947145463e+01,5.245441223098479355e+01,8.678038572148945605e+03,1.447428400627080691e+01
7.250848679694887888e-03,2.507107937604861359e-08,2.617578419947145463e+01,5.245441223098479355e+01,8.678038572148945605e+03,1.447428400627080691e+01
7.250848679694887888e-03,2.507107937604861359e-08,2.617578419947145463e+01,5.245441223098479355e+01,8.678038572148945605e+03,1.447428400627080691e+01
7.250848679694887888e-03,2.507107937604861359e-08,2.617578419947145463e+01,5.245441223098479355e+01,8.678038572148945605e+03,1.447428400627080691e+01
7.250848679694887888e-03,2.507107937604861359e-08,2.617578419947145463e+01,5.245441223098479355e+01,8.678038572148945605e+03,1.447428400627080691e+01
7.251616199918026369e-03,2.507046809418834563e-08,2.618092027453971582e+01,5.245498741830738965e+01,8.677755610748030449e+03,1.447451397856020883e+01
7.251616199918026369e-03,2.507046809418834563e-08,2.618092027453971582e+01,5.245498741830738965e+01,8.677755610748030449e+03,1.447451397856020883e+01
7.251616199918026369e-03,2.507046809418834563e-08,2.618092027453971582e+01,5.245498741830738965e+01,8.677755610748030449e+03,1.447451397856020883e+01
7.251740569706155957e-03,2.507023098933463064e-08,2.618158828317755038e+01,5.245520677441388102e+01,8.677723835617298391e+03,1.447419325768510134e+01
7.251740569706155957e-03,2.507023098933463064e-08,2.618158828317755038e+01,5.245520677441388102e+01,8.677723835617298391e+03,1.447419325768510134e+01
7.251740569706155957e-03,2.507023098933463064e-08,2.618158828317755038e+01,5.245520677441388102e+01,8.677723835617298391e+03,1.447419325768510134e+01
7.252545446641979476e-03,2.506960413819431041e-08,2.618631026317581956e+01,5.245560041855495115e+01,8.677483823929365826e+03,1.447430610437839960e+01
7.257565821185777040e-03,2.506249707491865066e-08,2.620636727663427834e+01,5.246255133875623500e+01,8.674557969359033450e+03,1.446393957467629576e+01
7.265835494364683740e-03,2.504684498920981217e-08,2.624334949322530264e+01,5.247297471208117514e+01,8.669463126467875554e+03,1.444315590626875512e+01
7.265835494364683740e-03,2.504684498920981217e-08,2.624334949322530264e+01,5.247297471208117514e+01,8.669463126467875554e+03,1.444315590626875512e+01
7.265835494364683740e-03,2.504684498920981217e-08,2.624334949322530264e+01,5.247297471208117514e+01,8.669463126467875554e+03,1.444315590626875512e+01
7.265835494364683740e-03,2.504684498920981217e-08,2.624334949322530264e+01,5.247297471208117514e+01,8.669463126467875554e+03,1.444315590626875512e+01
7.265835494364683740e-03,2.504684498920981217e-08,2.624334949322530264e+01,5.247297471208117514e+01,8.669463126467875554e+03,1.444315590626875512e+01
7.265835494364683740e-03,2.504684498920981217e-08,2.624334949322530264e+01,5.247297471208117514e+01,8.669463126467875554e+03,1.444315590626875512e+01
7.266987804646937547e-03,2.504284615683281402e-08,2.625393271633919312e+01,5.246964861736618246e+01,8.667063834651904472e+03,1.443805275617357431e+01
7.266987804646937547e-03,2.504284615683281402e-08,2.625393271633919312e+01,5.246964861736618246e+01,8.667063834651904472e+03,1.443805275617357431e+01
7.266987804646937547e-03,2.504284615683281402e-08,2.625393271633919312e+01,5.246964861736618246e+01,8.667063834651904472e+03,1.443805275617357431e+01
7.266987804646937547e-03,2.504284615683281402e-08,2.625393271633919312e+01,5.246964861736618246e+01,8.667063834651904472e+03,1.443805275617357431e+01
7.266987804646937547e-03,2.504284615683281402e-08,2.625393271633919312e+01,5.246964861736618246e+01,8.667063834651904472e+03,1.443805275617357431e+01
7.266987804646937547e-03,2.504284615683281402e-08,2.625393271633919312e+01,5.246964861736618246e+01,8.667063834651904472e+03,1.443805275617357431e+01
7.267877255943849292e-03,2.504130771241446842e-08,2.625897791409542847e+01,5.247025549659883836e+01,8.666432781144249020e+03,1.443624372178821780e+01
7.267877255943849292e-03,2.504130771241446842e-08,2.625897791409542847e+01,5.247025549659883836e+01,8.666432781144249020e+03,1.443624372178821780e+01
7.267877255943849292e-03,2.504130771241446842e-08,2.625897791409542847e+01,5.247025549659883836e+01,8.666432781144249020e+03,1.443624372178821780e+01
7.267877255943849292e-03,2.504130771241446842e-08,2.625897791409542847e+01,5.247025549659883836e+01,8.666432781144249020e+03,1.443624372178821780e+01
7.267877255943849292e-03,2.504130771241446842e-08,2.625897791409542847e+01,5.247025549659883836e+01,8.666432781144249020e+03,1.443624372178821780e+01
7.269520250447047451e-03,2.503935159489212298e-08,2.627155953281986811e+01,5.247544819261189275e+01,8.665339131332411853e+03,1.443083162260467667e+01
7.269520250447047451e-03,2.503935159489212298e-08,2.627155953281986811e+01,5.247544819261189275e+01,8.665339131332411853e+03,1.443083162260467667e+01
7.269520250447047451e-03,2.503935159489212298e-08,2.627155953281986811e+01,5.247544819261189275e+01,8.665339131332411853e+03,1.443083162260467667e+01
7.269520250447047451e-03,2.503935159489212298e-08,2.627155953281986811e+01,5.247544819261189275e+01,8.665339131332411853e+03,1.443083162260467667e+01
7.269520250447047451e-03,2.503935159489212298e-08,2.627155953281986811e+01,5.247544819261189275e+01,8.665339131332411853e+03,1.443083162260467667e+01
7.269520250447047451e-03,2.503935159489212298e-08,2.627155953281986811e+01,5.247544819261189275e+01,8.665339131332411853e+03,1.443083162260467667e+01
7.269520250447047451e-03,2.503935159489212298e-08,2.627155953281986811e+01,5.247544819261189275e+01,8.665339131332411853e+03,1.443083162260467667e+01
7.269520250447047451e-03,2.503935159489212298e-08,2.627155953281986811e+01,5.247544819261189275e+01,8.665339131332411853e+03,1.443083162260467667e+01
7.299482745244172295e-03,2.498970222493251585e-08,2.631323452486066827e+01,5.245042959107796321e+01,8.629514030509604709e+03,1.439509826982199314e+01
7.299482745244172295e-03,2.498970222493251585e-08,2.631323452486066827e+01,5.245042959107796321e+01,8.629514030509604709e+03,1.439509826982199314e+01
7.299482745244172295e-03,2.498970222493251585e-08,2.631323452486066827e+01,5.245042959107796321e+01,8.629514030509604709e+03,1.439509826982199314e+01
7.288109419715148134e-03,2.501162525380074244e-08,2.627668174491626729e+01,5.246099698890187568e+01,8.641304647499828206e+03,1.441372290133850065e+01
7.288109419715148134e-03,2.501162525380074244e-08,2.627668174491626729e+01,5.246099698890187568e+01,8.641304647499828206e+03,1.441372290133850065e+01
7.288109419715148134e-03,2.501162525380074244e-08,2.627668174491626729e+01,5.246099698890187568e+01,8.641304647499828206e+03,1.441372290133850065e+01
7.288109419715148134e-03,2.501162525380074244e-08,2.627668174491626729e+01,5.246099698890187568e+01,8.641304647499828206e+03,1.441372290133850065e+01
7.288109419715148134e-03,2.501162525380074244e-08,2.627668174491626729e+01,5.246099698890187568e+01,8.641304647499828206e+03,1.441372290133850065e+01
7.288109419715148134e-03,2.501162525380074244e-08,2.627668174491626729e+01,5.246099698890187568e+01,8.641304647499828206e+03,1.441372290133850065e+01
7.288109419715148134e-03,2.501162525380074244e-08,2.627668174491626729e+01,5.246099698890187568e+01,8.641304647499828206e+03,1.441372290133850065e+01
7.288109419715148134e-03,2.501162525380074244e-08,2.627668174491626729e+01,5.246099698890187568e+01,8.641304647499828206e+03,1.441372290133850065e+01
7.288109419715148134e-03,2.501162525380074244e-08,2.627668174491626729e+01,5.246099698890187568e+01,8.641304647499828206e+03,1.441372290133850065e+01
7.288109419715148134e-03,2.501162525380074244e-08,2.627668174491626729e+01,5.246099698890187568e+01,8.641304647499828206e+03,1.441372290133850065e+01
7.288109419715148134e-03,2.501162525380074244e-08,2.627668174491626729e+01,5.246099698890187568e+01,8.641304647499828206e+03,1.441372290133850065e+01
7.288109419715148134e-03,2.501162525380074244e-08,2.627668174491626729e+01,5.246099698890187568e+01,8.641304647499828206e+03,1.441372290133850065e+01
7.283288018930369166e-03,2.501783683809467518e-08,2.626493990808615919e+01,5.246048820377702526e+01,8.645681892137872637e+03,1.441890274099324110e+01
7.283288018930369166e-03,2.501783683809467518e-08,2.626493990808615919e+01,5.246048820377702526e+01,8.645681892137872637e+03,1.441890274099324110e+01
7.277550470262985488e-03,2.502796824840426750e-08,2.624718602101277654e+01,5.245819886530093612e+01,8.649239983930749077e+03,1.442737388191319781e+01
7.106323634629149906e-03,2.523576767683243676e-08,2.561069149975621073e+01,5.241330938370026615e+01,8.626556257755992192e+03,1.454362183191955005e+01
6.946590051213162934e-03,2.551255948192146322e-08,2.516486358790348277e+01,5.258347486798270864e+01,8.635900726492427566e+03,1.465109503920124467e+01
6.946590051213162934e-03,2.551255948192146322e-08,2.516486358790348277e+01,5.258347486798270864e+01,8.635900726492427566e+03,1.465109503920124467e+01
6.946590051213162934e-03,2.551255948192146322e-08,2.516486358790348277e+01,5.258347486798270864e+01,8.635900726492427566e+03,1.465109503920124467e+01
6.700865966285966466e-03,2.589937510424611790e-08,2.449514977078924716e+01,5.249773519607755645e+01,8.674179877050251889e+03,1.496514605208863991e+01
6.700865966285966466e-03,2.589937510424611790e-08,2.449514977078924716e+01,5.249773519607755645e+01,8.674179877050251889e+03,1.496514605208863991e+01
6.700865966285966466e-03,2.589937510424611790e-08,2.449514977078924716e+01,5.249773519607755645e+01,8.674179877050251889e+03,1.496514605208863991e+01
6.700865966285966466e-03,2.589937510424611790e-08,2.449514977078924716e+01,5.249773519607755645e+01,8.674179877050251889e+03,1.496514605208863991e+01
6.700865966285966466e-03,2.589937510424611790e-08,2.449514977078924716e+01,5.249773519607755645e+01,8.674179877050251889e+03,1.496514605208863991e+01
6.700865966285966466e-03,2.589937510424611790e-08,2.449514977078924716e+01,5.249773519607755645e+01,8.674179877050251889e+03,1.496514605208863991e+01
6.700865966285966466e-03,2.589937510424611790e-08,2.449514977078924716e+01,5.249773519607755645e+01,8.674179877050251889e+03,1.496514605208863991e+01
6.700865966285966466e-03,2.589937510424611790e-08,2.449514977078924716e+01,5.249773519607755645e+01,8.674179877050251889e+03,1.496514605208863991e+01
6.760528721007694544e-03,2.565169118164222963e-08,2.473236162915144476e+01,5.269604598755596925e+01,8.670087672448828016e+03,1.454858941522121896e+01
6.760528721007694544e-03,2.565169118164222963e-08,2.473236162915144476e+01,5.269604598755596925e+01,8.670087672448828016e+03,1.454858941522121896e+01
6.760528721007694544e-03,2.565169118164222963e-08,2.473236162915144476e+01,5.269604598755596925e+01,8.670087672448828016e+03,1.454858941522121896e+01
6.760528721007694544e-03,2.565169118164222963e-08,2.473236162915144476e+01,5.269604598755596925e+01,8.670087672448828016e+03,1.454858941522121896e+01
6.760528721007694544e-03,2.565169118164222963e-08,2.473236162915144476e+01,5.269604598755596925e+01,8.670087672448828016e+03,1.454858941522121896e+01
6.760528721007694544e-03,2.565169118164222963e-08,2.473236162915144476e+01,5.269604598755596925e+01,8.670087672448828016e+03,1.454858941522121896e+01
6.760528721007694544e-03,2.565169118164222963e-08,2.473236162915144476e+01,5.269604598755596925e+01,8.670087672448828016e+03,1.454858941522121896e+01
6.760528721007694544e-03,2.565169118164222963e-08,2.473236162915144476e+01,5.269604598755596925e+01,8.670087672448828016e+03,1.454858941522121896e+01
6.760528721007694544e-03,2.565169118164222963e-08,2.473236162915144476e+01,5.269604598755596925e+01,8.670087672448828016e+03,1.454858941522121896e+01
7.249887991704027923e-03,2.507148199742505765e-08,2.617064367299952821e+01,5.245434798929676390e+01,8.678367336816276293e+03,1.447405844851055789e+01
7.249887991704027923e-03,2.507148199742505765e-08,2.617064367299952821e+01,5.245434798929676390e+01,8.678367336816276293e+03,1.447405844851055789e+01
7.249887991704027923e-03,2.507148199742505765e-08,2.617064367299952821e+01,5.245434798929676390e+01,8.678367336816276293e+03,1.447405844851055789e+01
7.249887991704027923e-03,2.507148199742505765e-08,2.617064367299952821e+01,5.245434798929676390e+01,8.678367336816276293e+03,1.447405844851055789e+01
7.249887991704027923e-03,2.507148199742505765e-08,2.617064367299952821e+01,5.245434798929676390e+01,8.678367336816276293e+03,1.447405844851055789e+01
7.249887991704027923e-03,2.507148199742505765e-08,2.617064367299952821e+01,5.245434798929676390e+01,8.678367336816276293e+03,1.447405844851055789e+01
7.249823244025191404e-03,2.507132489678709085e-08,2.617068776962514320e+01,5.245447025902764437e+01,8.678467215438991843e+03,1.447412180810730753e+01
7.249823244025191404e-03,2.507132489678709085e-08,2.617068776962514320e+01,5.245447025902764437e+01,8.678467215438991843e+03,1.447412180810730753e+01
7.249823244025191404e-03,2.507132489678709085e-08,2.617068776962514320e+01,5.245447025902764437e+01,8.678467215438991843e+03,1.447412180810730753e+01
7.249823244025191404e-03,2.507132489678709085e-08,2.617068776962514320e+01,5.245447025902764437e+01,8.678467215438991843e+03,1.447412180810730753e+01
7.249823244025191404e-03,2.507132489678709085e-08,2.617068776962514320e+01,5.245447025902764437e+01,8.678467215438991843e+03,1.447412180810730753e+01
7.249823244025191404e-03,2.507132489678709085e-08,2.617068776962514320e+01,5.245447025902764437e+01,8.678467215438991843e+03,1.447412180810730753e+01
7.249823244025191404e-03,2.507132489678709085e-08,2.617068776962514320e+01,5.245447025902764437e+01,8.678467215438991843e+03,1.447412180810730753e+01
7.249823244025191404e-03,2.507132489678709085e-08,2.617068776962514320e+01,5.245447025902764437e+01,8.678467215438991843e+03,1.447412180810730753e+01
7.249823244025191404e-03,2.507132489678709085e-08,2.617068776962514320e+01,5.245447025902764437e+01,8.678467215438991843e+03,1.447412180810730753e+01
7.249823244025191404e-03,2.507132489678709085e-08,2.617068776962514320e+01,5.245447025902764437e+01,8.678467215438991843e+03,1.447412180810730753e+01
7.249823244025191404e-03,2.507132489678709085e-08,2.617068776962514320e+01,5.245447025902764437e+01,8.678467215438991843e+03,1.447412180810730753e+01
7.249823244025191404e-03,2.507132489678709085e-08,2.617068776962514320e+01,5.245447025902764437e+01,8.678467215438991843e+03,1.447412180810730753e+01
7.249823244025191404e-03,2.507132489678709085e-08,2.617068776962514320e+01,5.245447025902764437e+01,8.678467215438991843e+03,1.447412180810730753e+01
7.249823244025191404e-03,2.507132489678709085e-08,2.617068776962514320e+01,5.245447025902764437e+01,8.678467215438991843e+03,1.447412180810730753e+01
7.249823244025191404e-03,2.507132489678709085e-08,2.617068776962514320e+01,5.245447025902764437e+01,8.678467215438991843e+03,1.447412180810730753e+01
7.249823244025191404e-03,2.507132489678709085e-08,2.617068776962514320e+01,5.245447025902764437e+01,8.678467215438991843e+03,1.447412180810730753e+01
7.249823244025191404e-03,2.507132489678709085e-08,2.617068776962514320e+01,5.245447025902764437e+01,8.678467215438991843e+03,1.447412180810730753e+01
7.249823244025191404e-03,2.507132489678709085e-08,2.617068776962514320e+01,5.245447025902764437e+01,8.678467215438991843e+03,1.447412180810730753e+01
7.249823244025191404e-03,2.507132489678709085e-08,2.617068776962514320e+01,5.245447025902764437e+01,8.678467215438991843e+03,1.447412180810730753e+01
7.249823244025191404e-03,2.507132489678709085e-08,2.617068776962514320e+01,5.245447025902764437e+01,8.678467215438991843e+03,1.447412180810730753e+01
7.249823244025191404e-03,2.507132489678709085e-08,2.617068776962514320e+01,5.245447025902764437e+01,8.678467215438991843e+03,1.447412180810730753e+01
7.249823244025191404e-03,2.507132489678709085e-08,2.617068776962514320e+01,5.245447025902764437e+01,8.678467215438991843e+03,1.447412180810730753e+01
7.249823244025191404e-03,2.507132489678709085e-08,2.617068776962514320e+01,5.245447025902764437e+01,8.678467215438991843e+03,1.447412180810730753e+01
7.249823244025191404e-03,2.507132489678709085e-08,2.617068776962514320e+01,5.245447025902764437e+01,8.678467215438991843e+03,1.447412180810730753e+01
7.249823244025191404e-03,2.507132489678709085e-08,2.617068776962514320e+01,5.245447025902764437e+01,8.678467215438991843e+03,1.447412180810730753e+01
7.249823244025191404e-03,2.507132489678709085e-08,2.617068776962514320e+01,5.245447025902764437e+01,8.678467215438991843e+03,1.447412180810730753e+01
7.249823244025191404e-03,2.507132489678709085e-08,2.617068776962514320e+01,5.245447025902764437e+01,8.678467215438991843e+03,1.447412180810730753e+01
7.249823244025191404e-03,2.507132489678709085e-08,2.617068776962514320e+01,5.245447025902764437e+01,8.678467215438991843e+03,1.447412180810730753e+01
7.249453229740435330e-03,2.507745112089467825e-08,2.615825182414102912e+01,5.246545680168142667e+01,8.677804844908707310e+03,1.447550270657709959e+01
7.249276506026073284e-03,2.508045306500039423e-08,2.615275682765521736e+01,5.247129750154130079e+01,8.677640551524693365e+03,1.447620422330778034e+01
7.249276506026073284e-03,2.508045306500039423e-08,2.615275682765521736e+01,5.247129750154130079e+01,8.677640551524693365e+03,1.447620422330778034e+01
7.249276506026073284e-03,2.508045306500039423e-08,2.615275682765521736e+01,5.247129750154130079e+01,8.677640551524693365e+03,1.447620422330778034e+01
7.251514199549204120e-03,2.508129010684599446e-08,2.614858151852515888e+01,5.248894179985424557e+01,8.675714121265851645e+03,1.447023635270628183e+01
7.251514199549204120e-03,2.508129010684599446e-08,2.614858151852515888e+01,5.248894179985424557e+01,8.675714121265851645e+03,1.447023635270628183e+01
7.251514199549204120e-03,2.508129010684599446e-08,2.614858151852515888e+01,5.248894179985424557e+01,8.675714121265851645e+03,1.447023635270628183e+01
7.251514199549204120e-03,2.508129010684599446e-08,2.614858151852515888e+01,5.248894179985424557e+01,8.675714121265851645e+03,1.447023635270628183e+01
7.251514199549204120e-03,2.508129010684599446e-08,2.614858151852515888e+01,5.248894179985424557e+01,8.675714121265851645e+03,1.447023635270628183e+01
7.251514199549204120e-03,2.508129010684599446e-08,2.614858151852515888e+01,5.248894179985424557e+01,8.675714121265851645e+03,1.447023635270628183e+01
7.251514199549204120e-03,2.508129010684599446e-08,2.614858151852515888e+01,5.248894179985424557e+01,8.675714121265851645e+03,1.447023635270628183e+01
7.251514199549204120e-03,2.508129010684599446e-08,2.614858151852515888e+01,5.248894179985424557e+01,8.675714121265851645e+03,1.447023635270628183e+01
7.251514199549204120e-03,2.508129010684599446e-08,2.614858151852515888e+01,5.248894179985424557e+01,8.675714121265851645e+03,1.447023635270628183e+01
7.251514199549204120e-03,2.508129010684599446e-08,2.614858151852515888e+01,5.248894179985424557e+01,8.675714121265851645e+03,1.447023635270628183e+01
7.251514199549204120e-03,2.508129010684599446e-08,2.614858151852515888e+01,5.248894179985424557e+01,8.675714121265851645e+03,1.447023635270628183e+01
7.251514199549204120e-03,2.508129010684599446e-08,2.614858151852515888e+01,5.248894179985424557e+01,8.675714121265851645e+03,1.447023635270628183e+01
7.251514199549204120e-03,2.508129010684599446e-08,2.614858151852515888e+01,5.248894179985424557e+01,8.675714121265851645e+03,1.447023635270628183e+01
7.251514199549204120e-03,2.508129010684599446e-08,2.614858151852515888e+01,5.248894179985424557e+01,8.675714121265851645e+03,1.447023635270628183e+01
7.251514199549204120e-03,2.508129010684599446e-08,2.614858151852515888e+01,5.248894179985424557e+01,8.675714121265851645e+03,1.447023635270628183e+01
7.252335843498426866e-03,2.508093168814414051e-08,2.616166848599987205e+01,5.249435740312810594e+01,8.678616817266838552e+03,1.447265288213552736e+01
7.252335843498426866e-03,2.508093168814414051e-08,2.616166848599987205e+01,5.249435740312810594e+01,8.678616817266838552e+03,1.447265288213552736e+01
7.252335843498426866e-03,2.508093168814414051e-08,2.616166848599987205e+01,5.249435740312810594e+01,8.678616817266838552e+03,1.447265288213552736e+01
7.251898645150012951e-03,2.508038210732706127e-08,2.616690969686278834e+01,5.249309534208117611e+01,8.679837620515583694e+03,1.447348145413749521e+01
7.251898645150012951e-03,2.508038210732706127e-08,2.616690969686278834e+01,5.249309534208117611e+01,8.679837620515583694e+03,1.447348145413749521e+01
7.251898645150012951e-03,2.508038210732706127e-08,2.616690969686278834e+01,5.249309534208117611e+01,8.679837620515583694e+03,1.447348145413749521e+01
7.251898645150012951e-03,2.508038210732706127e-08,2.616690969686278834e+01,5.249309534208117611e+01,8.679837620515583694e+03,1.447348145413749521e+01
7.251898645150012951e-03,2.508038210732706127e-08,2.616690969686278834e+01,5.249309534208117611e+01,8.679837620515583694e+03,1.447348145413749521e+01
7.251898645150012951e-03,2.508038210732706127e-08,2.616690969686278834e+01,5.249309534208117611e+01,8.679837620515583694e+03,1.447348145413749521e+01
7.251898645150012951e-03,2.508038210732706127e-08,2.616690969686278834e+01,5.249309534208117611e+01,8.679837620515583694e+03,1.447348145413749521e+01
7.251898645150012951e-03,2.508038210732706127e-08,2.616690969686278834e+01,5.249309534208117611e+01,8.679837620515583694e+03,1.447348145413749521e+01
7.251898645150012951e-03,2.508038210732706127e-08,2.616690969686278834e+01,5.249309534208117611e+01,8.679837620515583694e+03,1.447348145413749521e+01
7.251898645150012951e-03,2.508038210732706127e-08,2.616690969686278834e+01,5.249309534208117611e+01,8.679837620515583694e+03,1.447348145413749521e+01
7.251898645150012951e-03,2.508038210732706127e-08,2.616690969686278834e+01,5.249309534208117611e+01,8.679837620515583694e+03,1.447348145413749521e+01
7.251898645150012951e-03,2.508038210732706127e-08,2.616690969686278834e+01,5.249309534208117611e+01,8.679837620515583694e+03,1.447348145413749521e+01
7.251898645150012951e-03,2.508038210732706127e-08,2.616690969686278834e+01,5.249309534208117611e+01,8.679837620515583694e+03,1.447348145413749521e+01
7.251898645150012951e-03,2.508038210732706127e-08,2.616690969686278834e+01,5.249309534208117611e+01,8.679837620515583694e+03,1.447348145413749521e+01
7.251898645150012951e-03,2.508038210732706127e-08,2.616690969686278834e+01,5.249309534208117611e+01,8.679837620515583694e+03,1.447348145413749521e+01
7.251898645150012951e-03,2.508038210732706127e-08,2.616690969686278834e+01,5.249309534208117611e+01,8.679837620515583694e+03,1.447348145413749521e+01
7.251898645150012951e-03,2.508038210732706127e-08,2.616690969686278834e+01,5.249309534208117611e+01,8.679837620515583694e+03,1.447348145413749521e+01
7.251898645150012951e-03,2.508038210732706127e-08,2.616690969686278834e+01,5.249309534208117611e+01,8.679837620515583694e+03,1.447348145413749521e+01
7.251898645150012951e-03,2.508038210732706127e-08,2.616690969686278834e+01,5.249309534208117611e+01,8.679837620515583694e+03,1.447348145413749521e+01
7.251898645150012951e-03,2.508038210732706127e-08,2.616690969686278834e+01,5.249309534208117611e+01,8.679837620515583694e+03,1.447348145413749521e+01
7.251898645150012951e-03,2.508038210732706127e-08,2.616690969686278834e+01,5.249309534208117611e+01,8.679837620515583694e+03,1.447348145413749521e+01
7.251898645150012951e-03,2.508038210732706127e-08,2.616690969686278834e+01,5.249309534208117611e+01,8.679837620515583694e+03,1.447348145413749521e+01
7.251898645150012951e-03,2.508038210732706127e-08,2.616690969686278834e+01,5.249309534208117611e+01,8.679837620515583694e+03,1.447348145413749521e+01
7.251898645150012951e-03,2.508038210732706127e-08,2.616690969686278834e+01,5.249309534208117611e+01,8.679837620515583694e+03,1.447348145413749521e+01
7.251898645150012951e-03,2.508038210732706127e-08,2.616690969686278834e+01,5.249309534208117611e+01,8.679837620515583694e+03,1.447348145413749521e+01
7.251898645150012951e-03,2.508038210732706127e-08,2.616690969686278834e+01,5.249309534208117611e+01,8.679837620515583694e+03,1.447348145413749521e+01
7.251898645150012951e-03,2.508038210732706127e-08,2.616690969686278834e+01,5.249309534208117611e+01,8.679837620515583694e+03,1.447348145413749521e+01
7.272579939043258453e-03,2.504910799674206265e-08,2.641583649101247033e+01,5.248463681079523013e+01,8.713805295893758739e+03,1.449670161956215431e+01
7.272579939043258453e-03,2.504910799674206265e-08,2.641583649101247033e+01,5.248463681079523013e+01,8.713805295893758739e+03,1.449670161956215431e+01
7.286725713212361538e-03,2.501872119952845183e-08,2.638468142373474379e+01,5.249953050274074684e+01,8.698636140407967105e+03,1.445205671001188996e+01
7.424047426409749982e-03,2.482194645388022070e-08,2.667296280740453085e+01,5.248450951105097317e+01,8.651333021770586129e+03,1.426857724564766450e+01
7.424047426409749982e-03,2.482194645388022070e-08,2.667296280740453085e+01,5.248450951105097317e+01,8.651333021770586129e+03,1.426857724564766450e+01
7.424047426409749982e-03,2.482194645388022070e-08,2.667296280740453085e+01,5.248450951105097317e+01,8.651333021770586129e+03,1.426857724564766450e+01
7.424047426409749982e-03,2.482194645388022070e-08,2.667296280740453085e+01,5.248450951105097317e+01,8.651333021770586129e+03,1.426857724564766450e+01
