lamb, beta, k, delta, p, c, K
-1.581726485996582499e+00,-5.047655745058463594e+00,1.854994020254115750e+00,1.802807618167934667e+00,6.109058045617875576e-01,-7.299745451429712206e-02,4.767840060099503025e+06
-1.526022881300679757e+00,-5.001843385204256975e+00,1.791176386846047075e+00,1.811444672674150658e+00,5.872511291277582313e-01,-1.425033122213689718e-03,4.767840060099503025e+06
-1.667891622629690929e+00,-4.892807736919602135e+00,1.639102978102794594e+00,1.928098050946529529e+00,4.945198482750772229e-01,-3.452508832467138244e-02,4.767840060099503025e+06
-1.528836998573287254e+00,-4.619008826464357398e+00,1.793698238148500712e+00,2.289081992471388549e+00,6.275186358548358045e-01,8.542147565091461059e-02,4.767840060099503025e+06
-1.043245320338815008e+00,-4.514512726097288819e+00,2.347984277133707387e+00,1.991976172000463841e+00,2.315193572342121309e-01,1.287047473179072088e-01,4.767840060099503025e+06
-1.124666359631928403e+00,-5.173265193173271825e+00,2.406278731320553366e+00,1.528526175241935237e+00,5.447185166701061787e-01,2.435478407498486431e-01,4.767840060099503025e+06
-1.074131017535915333e+00,-5.364872796816148259e+00,2.453954084246457779e+00,1.782859881718291239e+00,9.070882082076358044e-01,1.792913011766477382e-01,4.767840060099503025e+06
-1.225720778494829188e+00,-5.533146840908642616e+00,2.275810840640091204e+00,1.506606774764391643e+00,8.922745713626715203e-01,1.966371798738126841e-01,4.767840060099503025e+06
-1.427568904275944295e+00,-5.613834427054825937e+00,2.635448050921733731e+00,1.598019068672472454e+00,9.848714046885435058e-01,8.974083501143814701e-02,4.767840060099503025e+06
-1.532646248849327320e+00,-5.629854192651918332e+00,2.585178560640787992e+00,1.686319998418537969e+00,1.137551292549696669e+00,1.986877895364448920e-01,4.767840060099503025e+06
-1.460757008277116409e+00,-5.559989752140817032e+00,2.213466998900726068e+00,1.737636929497089922e+00,1.056419479970934772e+00,1.043653062845185525e-01,4.767840060099503025e+06
-1.306840213047853361e+00,-5.492515525883536753e+00,2.299018385023142041e+00,1.700909778313115517e+00,9.684814114595260426e-01,9.868632255406771525e-02,4.767840060099503025e+06
-1.847523489735622526e+00,-5.600586346986617947e+00,2.707788551609747962e+00,1.528427999431204665e+00,8.924332367686460543e-01,1.213826701832023125e-01,4.767840060099503025e+06
-1.536765262407226995e+00,-5.285089282067568561e+00,2.588229701405012850e+00,1.649286448465833388e+00,6.288986102056991490e-01,1.029239079724614259e-02,4.767840060099503025e+06
-1.698349114885242095e+00,-5.286859238720824195e+00,2.721842469317595992e+00,1.538182853001521355e+00,6.288786562529973256e-01,1.983614315622433677e-01,4.767840060099503025e+06
-1.193563589814524928e+00,-5.141677853487932381e+00,2.638042564702237414e+00,1.601512669131433864e+00,5.113953564579457600e-01,1.032873101249495718e-01,4.767840060099503025e+06
-1.742371908034089811e+00,-5.220111572869051919e+00,2.120794344794182607e+00,1.591313353750277937e+00,6.278217179987553020e-01,1.624550700708043416e-01,4.767840060099503025e+06
-2.478071297537749462e+00,-5.495757035103312482e+00,5.710892150923647659e-01,2.678858880927836417e+00,2.168093207141613910e+00,4.283833124837925221e-01,4.767840060099503025e+06
-1.094018325330126551e+00,-4.995575880250242129e+00,4.297463932240659368e-01,2.620008732104902371e+00,1.508003347967333596e+00,1.542895369843171327e-01,4.767840060099503025e+06
-1.192247115639764932e+00,-5.088618657979814941e+00,5.764408000953881173e-01,2.393877709494550032e+00,1.376316006576966400e+00,1.696679474857090697e-01,4.767840060099503025e+06
-1.223313386975334982e+00,-5.172622899140091768e+00,5.406993938448660941e-01,2.324227458263782076e+00,1.374557040315966150e+00,1.257549005848726809e-01,4.767840060099503025e+06
-1.367666211778748142e+00,-5.247521641372320467e+00,4.856596658027043656e-01,2.204522271009356604e+00,1.326390126236465905e+00,1.201457438621967855e-01,4.767840060099503025e+06
-1.533205284679875824e+00,-5.286613579223971016e+00,6.151137646047082352e-01,2.173938896467864534e+00,1.323711948002227023e+00,1.166786223305488479e-01,4.767840060099503025e+06
-1.561777991894774509e+00,-5.071636964851046869e+00,1.081494724060051427e+00,2.263938548273138007e+00,1.144449475044618580e+00,1.766733304784399994e-02,4.767840060099503025e+06
-8.651158357394661547e-01,-4.539767571624316211e+00,3.010489479683087222e-01,2.562033838772367567e+00,1.011652314163430377e+00,8.939524343237192916e-04,4.767840060099503025e+06
-9.602180492736533957e-01,-4.761250754127596352e+00,6.219531344411435292e-01,2.299563740413606006e+00,9.316635104207141582e-01,2.578783324659100762e-02,4.767840060099503025e+06
-9.454164734565693173e-01,-4.827619571584344627e+00,1.128759372673622252e-01,2.091255275530484514e+00,9.581960412984935616e-01,1.661344708585472674e-01,4.767840060099503025e+06
-9.454164734565693173e-01,-4.827619571584344627e+00,1.128759372673622252e-01,2.091255275530484514e+00,9.581960412984935616e-01,1.661344708585472674e-01,4.767840060099503025e+06
-9.454164734565693173e-01,-4.827619571584344627e+00,1.128759372673622252e-01,2.091255275530484514e+00,9.581960412984935616e-01,1.661344708585472674e-01,4.767840060099503025e+06
-9.454164734565693173e-01,-4.827619571584344627e+00,1.128759372673622252e-01,2.091255275530484514e+00,9.581960412984935616e-01,1.661344708585472674e-01,4.767840060099503025e+06
-1.599277461051792582e+00,-5.003217468972705362e+00,3.507487727208697947e-01,1.903746197470944646e+00,9.083085691545312867e-01,1.810602268762612210e-01,4.767840060099503025e+06
-1.493427831010336160e+00,-4.981361377309115213e+00,3.042438132829574648e-01,1.929481309952063350e+00,9.108823947784914221e-01,1.658866262555562243e-01,4.767840060099503025e+06
-1.990393355732857916e+00,-5.170344524510427142e+00,5.548476678762606085e-01,1.656117949751190421e+00,7.797743982863485357e-01,1.844956124191657332e-01,4.767840060099503025e+06
-2.000181071614565820e+00,-5.145540593804410534e+00,5.245484577205198340e-01,1.698976784563642983e+00,7.929699343067122541e-01,1.749608455762827752e-01,4.767840060099503025e+06
-1.817783805069535186e+00,-4.790432307319625771e+00,3.013773568508233969e-01,1.880611788143192964e+00,5.815395153063728229e-01,9.541910845615664272e-02,4.767840060099503025e+06
-2.001150613239267351e+00,-5.121511594034580561e+00,5.820985228678841050e-01,1.603994042364407679e+00,6.576944593831554053e-01,2.176276196862838852e-01,4.767840060099503025e+06
-1.997476216888363965e+00,-5.096942719503610775e+00,4.684574347386734061e-01,1.609838203671150492e+00,6.499803115399961362e-01,2.200428774053049819e-01,4.767840060099503025e+06
-1.855770449064659822e+00,-4.994092520464632479e+00,2.769931485423764439e-01,1.588263382049687644e+00,5.334941855369225161e-01,2.133446884784562236e-01,4.767840060099503025e+06
-2.688593509421111527e+00,-5.205416077804025932e+00,7.117572615423161109e-01,1.971022656493066627e+00,1.051030710012795133e+00,1.906202294732019242e-01,4.767840060099503025e+06
-2.655007555529131480e+00,-5.237569026586424314e+00,7.151690526658556202e-01,1.900592567472551675e+00,1.028992043613114138e+00,2.076280807340433743e-01,4.767840060099503025e+06
-2.424070244996586965e+00,-5.249937576234578351e+00,4.390826924745083737e-01,2.118287532620612090e+00,1.258387890726833991e+00,1.649789951332012172e-01,4.767840060099503025e+06
-3.073443110564682890e+00,-5.481151464549665953e+00,7.493590732725537995e-01,1.740823800926159182e+00,1.143682709373419204e+00,2.507205370880519757e-01,4.767840060099503025e+06
-3.646754229682752424e+00,-5.426957452684662009e+00,4.799871366918768700e-01,1.693954824382758018e+00,1.079449287745848807e+00,2.586305835556697019e-01,4.767840060099503025e+06
-3.647076239188922209e+00,-5.425637180782757696e+00,4.681059551683945941e-01,1.693330492580352065e+00,1.078311676991412948e+00,2.586276942847025029e-01,4.767840060099503025e+06
-3.789349740007446510e+00,-5.543976533162469522e+00,4.658172844906903753e-01,1.717734870762128274e+00,1.227927123920000474e+00,2.596382591298243003e-01,4.767840060099503025e+06
-3.604746466799790827e+00,-5.543304862327084415e+00,6.920189523215095617e-01,1.637247155042096391e+00,1.148681348300487404e+00,2.789898134581643152e-01,4.767840060099503025e+06
-3.812194377331583617e+00,-5.490498920733697830e+00,6.861268610132450485e-01,2.080718466841469105e+00,1.510531512168123758e+00,2.278319598421980618e-01,4.767840060099503025e+06
-3.859831799377060335e+00,-5.556055316330942517e+00,7.796632414343142026e-01,2.010055184211498869e+00,1.485641926442726746e+00,1.866715683999204400e-01,4.767840060099503025e+06
-3.850111235411941557e+00,-5.542356174981078354e+00,7.937417188234463516e-01,2.044023220108207362e+00,1.502129349171784645e+00,1.807295440869320924e-01,4.767840060099503025e+06
-3.879345749781849761e+00,-5.551084323247907015e+00,7.541605026980713333e-01,2.045018060615625188e+00,1.514614804831180273e+00,1.795883945705908091e-01,4.767840060099503025e+06
-3.986605847894328924e+00,-5.505080302760450017e+00,5.604430583851474079e-01,2.249213473674680941e+00,1.637444535822493830e+00,1.228684478778008238e-01,4.767840060099503025e+06
-2.883816251997835423e+00,-5.517447484996695017e+00,6.059103201624602697e-01,1.857961747713529510e+00,1.314589885377062561e+00,1.869746270968160040e-01,4.767840060099503025e+06
-3.002352338607842341e+00,-5.502074699204363206e+00,4.939351587011826528e-01,1.962119163679073131e+00,1.398138705620851852e+00,1.738139594019030010e-01,4.767840060099503025e+06
-3.535034077468186098e+00,-5.435282329856653938e+00,5.103358787992389178e-01,2.085704057602380423e+00,1.405930896922064299e+00,1.094476492940711365e-01,4.767840060099503025e+06
-3.939295963508230081e+00,-5.552579914030806307e+00,8.290380678407002213e-01,1.811091646555053725e+00,1.283779923524065225e+00,1.273776764495696823e-01,4.767840060099503025e+06
-3.938160983345021293e+00,-5.532092360269595055e+00,7.767379865822821028e-01,1.858346332187855054e+00,1.303528201214949833e+00,1.181828729976137637e-01,4.767840060099503025e+06
-3.836095893965095982e+00,-5.307822929241682530e+00,9.686756997302492511e-01,1.816051957778451520e+00,1.029945614999491665e+00,9.244021172891370153e-02,4.767840060099503025e+06
-3.898387711039744019e+00,-5.460268363224211718e+00,6.312721323985971411e-01,1.987015708542919201e+00,1.360264516053598882e+00,1.442894337539207261e-01,4.767840060099503025e+06
-3.362208080883280825e+00,-5.307843292260156609e+00,7.736581975471344963e-01,2.067630142201026366e+00,1.249510960126461123e+00,1.528923311874140212e-01,4.767840060099503025e+06
-3.296886639473072034e+00,-5.021682388219236515e+00,4.705274079997984193e-01,2.525807612373644595e+00,1.372274588699282649e+00,6.959213435272082471e-02,4.767840060099503025e+06
-3.367947184751246326e+00,-5.097164707768417458e+00,5.907568321837903813e-01,2.465694955951266198e+00,1.380789905968781373e+00,4.989066172546952060e-02,4.767840060099503025e+06
-3.193753689000903062e+00,-5.245749775526782344e+00,7.196291976479685104e-01,2.387570673088813322e+00,1.475807745952928407e+00,1.121731188629113141e-01,4.767840060099503025e+06
-3.005599544126871248e+00,-5.190732495659553081e+00,3.882840258355821916e-01,2.424848885022929057e+00,1.455930476856508893e+00,4.020787228541677916e-02,4.767840060099503025e+06
-2.748612481526711449e+00,-5.193176367956806594e+00,3.995544971990488414e-01,2.121710873433346300e+00,1.190053601188406418e+00,7.947766063305866657e-02,4.767840060099503025e+06
-2.747591284008842116e+00,-5.056695377441410066e+00,3.653166107021708076e-01,2.157327428961461457e+00,1.074019476960682118e+00,3.141412975389112905e-02,4.767840060099503025e+06
-2.959268050737278166e+00,-4.982595418167451662e+00,3.638044039484646941e-01,2.253603511840281293e+00,1.067844168242048752e+00,-1.503915717400450269e-02,4.767840060099503025e+06
-3.169944869797718390e+00,-4.924849909671245030e+00,4.938867259970805002e-01,2.209079040176334718e+00,9.885657068295666816e-01,4.059207381973284345e-02,4.767840060099503025e+06
-2.922782099888255658e+00,-4.981571940801212683e+00,5.988963187092191109e-01,1.988027594404558451e+00,8.708248550262601695e-01,1.261133081603183492e-01,4.767840060099503025e+06
-2.860940508921395065e+00,-4.998340722451430018e+00,6.400336093325424969e-01,1.973484814656783826e+00,8.712889116840645265e-01,1.281788422680488204e-01,4.767840060099503025e+06
-2.828458738691547403e+00,-4.869752995894522485e+00,2.292466407838640308e-01,2.196544844057860324e+00,9.833795722928466709e-01,1.210265895800610447e-01,4.767840060099503025e+06
-2.783103995757607141e+00,-4.918639350224163209e+00,3.349634981086020424e-01,2.155413292376812340e+00,9.952857284512374170e-01,1.378393454549630137e-01,4.767840060099503025e+06
-2.606825005123829531e+00,-4.934345508377249168e+00,3.607561699747641182e-01,2.058023921931548372e+00,9.105327893412845652e-01,1.209447073885759338e-01,4.767840060099503025e+06
-2.606825005123829531e+00,-4.934345508377249168e+00,3.607561699747641182e-01,2.058023921931548372e+00,9.105327893412845652e-01,1.209447073885759338e-01,4.767840060099503025e+06
-2.606825005123829531e+00,-4.934345508377249168e+00,3.607561699747641182e-01,2.058023921931548372e+00,9.105327893412845652e-01,1.209447073885759338e-01,4.767840060099503025e+06
-2.606825005123829531e+00,-4.934345508377249168e+00,3.607561699747641182e-01,2.058023921931548372e+00,9.105327893412845652e-01,1.209447073885759338e-01,4.767840060099503025e+06
-2.606825005123829531e+00,-4.934345508377249168e+00,3.607561699747641182e-01,2.058023921931548372e+00,9.105327893412845652e-01,1.209447073885759338e-01,4.767840060099503025e+06
-2.657058567598402199e+00,-4.952188291058329916e+00,3.184182125632233351e-01,2.040331162323497871e+00,9.167926587750744316e-01,1.188331368276296235e-01,4.767840060099503025e+06
-2.660610938396977598e+00,-4.954866182129027408e+00,4.329872628879858354e-01,2.033988930077516244e+00,8.830456768452104033e-01,6.085270957845645423e-02,4.767840060099503025e+06
-2.660610938396977598e+00,-4.954866182129027408e+00,4.329872628879858354e-01,2.033988930077516244e+00,8.830456768452104033e-01,6.085270957845645423e-02,4.767840060099503025e+06
-2.563229447629598923e+00,-4.888696299771076781e+00,2.494755127183705401e-01,2.200233811339359136e+00,9.478515231165529631e-01,1.644193749972033824e-02,4.767840060099503025e+06
-2.256473336556263476e+00,-5.239639381089824077e+00,1.738705019677742047e-01,1.850062561578189158e+00,1.034225536548656788e+00,7.375058154942371047e-02,4.767840060099503025e+06
-2.257725364199352658e+00,-5.276725322291483167e+00,2.990511683320300484e-01,1.779431900149179846e+00,1.009195754281043023e+00,1.044759061649743193e-01,4.767840060099503025e+06
-2.283762869146068741e+00,-5.282430402560395422e+00,3.384839201314082668e-01,1.763820019806923822e+00,1.000085692269010673e+00,1.048851862670563406e-01,4.767840060099503025e+06
-2.253107721062536317e+00,-5.296486277822216593e+00,3.571178558690644156e-01,1.740585939428334727e+00,1.004166942239772542e+00,1.284242242240360987e-01,4.767840060099503025e+06
-2.341156491784001759e+00,-5.251309572311036789e+00,3.396425088871160014e-01,1.838550382876397382e+00,1.016637143183705128e+00,4.989989181503395876e-02,4.767840060099503025e+06
-2.321958562142724780e+00,-5.169012325495536686e+00,2.213954038818317649e-01,1.787901831024762522e+00,9.154236649318789887e-01,8.676704564648018980e-02,4.767840060099503025e+06
-2.292491272500683408e+00,-5.260455354845975151e+00,3.400445533452881586e-01,1.504610875209823284e+00,8.140035430316788778e-01,2.384512293438270092e-01,4.767840060099503025e+06
-2.087650705268029316e+00,-5.271551200682640825e+00,1.459868181979566970e-01,1.489752510440709887e+00,8.546330584667000130e-01,2.248818831985681665e-01,4.767840060099503025e+06
-2.081319205190310662e+00,-5.268468583686751749e+00,1.330772784180995760e-01,1.498536008391336161e+00,8.599591332819043199e-01,2.238696247284665264e-01,4.767840060099503025e+06
-2.674913959374476402e+00,-5.433600544360689177e+00,4.750357235281166268e-01,1.446526816222916567e+00,9.137901694978131095e-01,2.475615465624079192e-01,4.767840060099503025e+06
-1.041358149281093493e+00,-5.865777627720844656e+00,2.044915941303475648e+00,1.545880374550652636e+00,1.008082137307738435e+00,4.686839382469987214e-02,4.767840060099503025e+06
-1.041358149281093493e+00,-5.865777627720844656e+00,2.044915941303475648e+00,1.545880374550652636e+00,1.008082137307738435e+00,4.686839382469987214e-02,4.767840060099503025e+06
-1.041358149281093493e+00,-5.865777627720844656e+00,2.044915941303475648e+00,1.545880374550652636e+00,1.008082137307738435e+00,4.686839382469987214e-02,4.767840060099503025e+06
-1.060738962037237387e+00,-5.787245483342597474e+00,2.044725205754219566e+00,1.562896331977558839e+00,1.006170177735578264e+00,1.154247809241210065e-01,4.767840060099503025e+06
-1.060738962037237387e+00,-5.787245483342597474e+00,2.044725205754219566e+00,1.562896331977558839e+00,1.006170177735578264e+00,1.154247809241210065e-01,4.767840060099503025e+06
-1.060738962037237387e+00,-5.787245483342597474e+00,2.044725205754219566e+00,1.562896331977558839e+00,1.006170177735578264e+00,1.154247809241210065e-01,4.767840060099503025e+06
-1.191524135570013465e+00,-5.614715327199453654e+00,2.087132659376893073e+00,1.636803816585664428e+00,9.124083324854067589e-01,1.154476694723076402e-01,4.767840060099503025e+06
-1.191524135570013465e+00,-5.614715327199453654e+00,2.087132659376893073e+00,1.636803816585664428e+00,9.124083324854067589e-01,1.154476694723076402e-01,4.767840060099503025e+06
-1.191524135570013465e+00,-5.614715327199453654e+00,2.087132659376893073e+00,1.636803816585664428e+00,9.124083324854067589e-01,1.154476694723076402e-01,4.767840060099503025e+06
-1.128797136795998801e+00,-5.663629245558035485e+00,2.087806407076171045e+00,1.601574511141766077e+00,9.144281853895521728e-01,1.000716453867143141e-01,4.767840060099503025e+06
-1.125343453993809195e+00,-5.673383401564646711e+00,2.095125462339621158e+00,1.607820273084998419e+00,9.254361101313954840e-01,9.972104605644666053e-02,4.767840060099503025e+06
-1.137334399018509856e+00,-5.671888969444760065e+00,2.091800683514063675e+00,1.605086491977789853e+00,9.324969286372966071e-01,1.136400130793597807e-01,4.767840060099503025e+06
-1.137334399018509856e+00,-5.671888969444760065e+00,2.091800683514063675e+00,1.605086491977789853e+00,9.324969286372966071e-01,1.136400130793597807e-01,4.767840060099503025e+06
-1.137334399018509856e+00,-5.671888969444760065e+00,2.091800683514063675e+00,1.605086491977789853e+00,9.324969286372966071e-01,1.136400130793597807e-01,4.767840060099503025e+06
-1.137334399018509856e+00,-5.671888969444760065e+00,2.091800683514063675e+00,1.605086491977789853e+00,9.324969286372966071e-01,1.136400130793597807e-01,4.767840060099503025e+06
-1.137334399018509856e+00,-5.671888969444760065e+00,2.091800683514063675e+00,1.605086491977789853e+00,9.324969286372966071e-01,1.136400130793597807e-01,4.767840060099503025e+06
-1.137334399018509856e+00,-5.671888969444760065e+00,2.091800683514063675e+00,1.605086491977789853e+00,9.324969286372966071e-01,1.136400130793597807e-01,4.767840060099503025e+06
-1.137334399018509856e+00,-5.671888969444760065e+00,2.091800683514063675e+00,1.605086491977789853e+00,9.324969286372966071e-01,1.136400130793597807e-01,4.767840060099503025e+06
-1.137334399018509856e+00,-5.671888969444760065e+00,2.091800683514063675e+00,1.605086491977789853e+00,9.324969286372966071e-01,1.136400130793597807e-01,4.767840060099503025e+06
-1.137334399018509856e+00,-5.671888969444760065e+00,2.091800683514063675e+00,1.605086491977789853e+00,9.324969286372966071e-01,1.136400130793597807e-01,4.767840060099503025e+06
-1.137334399018509856e+00,-5.671888969444760065e+00,2.091800683514063675e+00,1.605086491977789853e+00,9.324969286372966071e-01,1.136400130793597807e-01,4.767840060099503025e+06
-8.553746984839416534e-01,-5.773817496266734572e+00,1.987963662461635694e+00,1.456968824520700645e+00,8.723556195406798608e-01,1.039291476690042820e-01,4.767840060099503025e+06
-8.553746984839416534e-01,-5.773817496266734572e+00,1.987963662461635694e+00,1.456968824520700645e+00,8.723556195406798608e-01,1.039291476690042820e-01,4.767840060099503025e+06
-8.553746984839416534e-01,-5.773817496266734572e+00,1.987963662461635694e+00,1.456968824520700645e+00,8.723556195406798608e-01,1.039291476690042820e-01,4.767840060099503025e+06
-8.553746984839416534e-01,-5.773817496266734572e+00,1.987963662461635694e+00,1.456968824520700645e+00,8.723556195406798608e-01,1.039291476690042820e-01,4.767840060099503025e+06
-1.275104195129009632e+00,-5.314466869597564092e+00,2.074941887511358107e+00,1.887357385503211304e+00,7.398023588112084825e-01,-1.106114092576150343e-01,4.767840060099503025e+06
-1.298034813818338407e+00,-5.310753805288645601e+00,2.039019984567645327e+00,1.878978888637561129e+00,7.371397073518911602e-01,-1.055230567656487151e-01,4.767840060099503025e+06
-2.283379644702772548e+00,-5.229096527763859470e+00,1.911438017347892870e+00,1.812703986303942250e+00,8.020819858746780495e-01,1.799088384416941688e-01,4.767840060099503025e+06
-3.171537343302014200e+00,-5.000830727269962139e+00,1.853378998542397182e+00,1.845144814629690710e+00,7.370396670136585282e-01,4.199028374255440177e-01,4.767840060099503025e+06
-3.856127502911622429e+00,-5.023268352886775645e+00,1.687950564800933639e+00,1.806198487121148721e+00,7.062880766305417168e-01,4.162191531654559351e-01,4.767840060099503025e+06
-3.684479227017402270e+00,-5.335941814853056187e+00,1.767736867622831110e+00,1.372129391444572022e+00,6.128020388484601844e-01,3.586261144822868174e-01,4.767840060099503025e+06
-3.698780740685437163e+00,-5.445231442120071819e+00,1.585087860827262496e+00,1.118371360047383911e+00,5.224416666465055981e-01,3.932128265591587346e-01,4.767840060099503025e+06
-3.983374472888992379e+00,-5.398607905899592829e+00,1.652077387016278598e+00,8.975486378358907835e-01,2.541045136980536467e-01,3.790587220065939622e-01,4.767840060099503025e+06
-3.983374472888992379e+00,-5.398607905899592829e+00,1.652077387016278598e+00,8.975486378358907835e-01,2.541045136980536467e-01,3.790587220065939622e-01,4.767840060099503025e+06
-3.831048686921654678e+00,-5.335748952106181164e+00,1.583633942205680434e+00,9.666708232080849506e-01,2.064728838594673821e-01,3.089190010699491840e-01,4.767840060099503025e+06
-3.388302235722965516e+00,-5.349532946137966150e+00,1.673261156677175565e+00,1.173441331564678336e+00,4.128002077709773676e-01,3.102881781730344457e-01,4.767840060099503025e+06
-3.841875739065658379e+00,-5.421274325560874630e+00,1.687620691518785687e+00,1.235463180965379326e+00,5.955433703468331341e-01,4.144154444684308713e-01,4.767840060099503025e+06
-3.937052998588627339e+00,-5.432711766595231140e+00,1.672178400005913224e+00,1.247223558595866866e+00,6.227034316608515141e-01,4.281299153193372509e-01,4.767840060099503025e+06
-3.930313982923845373e+00,-5.434060874874762526e+00,1.672818416216891313e+00,1.245671324066153440e+00,6.230625376816307792e-01,4.285363656380666852e-01,4.767840060099503025e+06
-3.832053917613873040e+00,-5.497363784533557229e+00,1.543238903232298620e+00,1.292843244500170297e+00,7.862757064590183420e-01,4.933904998128899599e-01,4.767840060099503025e+06
-3.726528966698877898e+00,-5.406002549650277267e+00,1.560272836602128788e+00,1.538191981644763784e+00,9.253776258318284764e-01,5.068397278920228066e-01,4.767840060099503025e+06
-3.294460478331181719e+00,-5.657743458591165009e+00,1.751479905685596083e+00,1.495150442073733821e+00,1.041408460385950585e+00,3.567209850348463385e-01,4.767840060099503025e+06
-3.617595141908561018e+00,-5.793185811166747357e+00,1.920389711917769304e+00,1.770541518637985812e+00,1.495964727423131357e+00,4.421444657782250820e-01,4.767840060099503025e+06
-3.102132103802903274e+00,-5.412852888086881364e+00,1.523943691574048742e+00,1.581290870530324355e+00,8.769802133618822548e-01,2.916582833478764680e-01,4.767840060099503025e+06
-2.823147279388408037e+00,-5.426236653637970697e+00,1.624517923684892562e+00,1.375264278532068118e+00,6.437424453924742718e-01,2.140894676072896963e-01,4.767840060099503025e+06
-2.247535261339153045e+00,-5.944804765390361290e+00,1.758338162078417088e+00,9.448733470545872537e-01,7.811226132458912730e-01,2.670424225148394504e-01,4.767840060099503025e+06
-2.609438033367928789e+00,-5.804706745441791327e+00,1.509067542175174026e+00,1.151909036373629291e+00,9.221328511689991236e-01,3.838400386917154017e-01,4.767840060099503025e+06
-2.848739791278553923e+00,-5.851580030802144172e+00,1.471248265846492487e+00,1.278747491614945275e+00,1.054555374127877254e+00,3.406754100100074512e-01,4.767840060099503025e+06
-2.998409855593670681e+00,-5.880973793939066496e+00,1.617690461750209696e+00,1.341575471879029813e+00,1.150365346310646686e+00,3.576791819843740949e-01,4.767840060099503025e+06
-2.793997701533527778e+00,-5.761734018074115227e+00,1.468925248443343046e+00,1.423892667805789936e+00,1.097245995070899038e+00,3.341323370907767210e-01,4.767840060099503025e+06
-2.668361568293535768e+00,-5.647784540800733666e+00,1.569809114198532862e+00,1.583043171245626990e+00,1.095756009200964609e+00,3.016714054614103024e-01,4.767840060099503025e+06
-2.519375187590256804e+00,-5.528496587487687464e+00,1.724235472440527772e+00,1.599860761672428078e+00,9.566107914141044333e-01,2.541132522105000735e-01,4.767840060099503025e+06
-2.958791839474641971e+00,-5.473755997667811179e+00,1.714363702657673016e+00,1.657365028752858294e+00,9.169018792095207093e-01,2.129595282551929869e-01,4.767840060099503025e+06
-2.887150059208819730e+00,-5.746233036834440533e+00,1.907328112395165087e+00,1.279880735284732785e+00,8.749994193221238836e-01,2.574430151617698725e-01,4.767840060099503025e+06
-2.647784006840505633e+00,-5.628514837909322388e+00,1.945332798053583723e+00,1.430999767654101973e+00,9.815178536157791456e-01,3.918213164417788108e-01,4.767840060099503025e+06
-3.049886492036588237e+00,-5.755256704083077324e+00,2.166242549350298141e+00,1.414010639378834533e+00,1.202445217812667444e+00,5.881887820277517109e-01,4.767840060099503025e+06
-3.248016326672694021e+00,-5.659985920779795343e+00,1.543841021026137739e+00,2.038422290904341239e+00,1.597061133000645450e+00,3.996351429960319779e-01,4.767840060099503025e+06
-3.708036898594386344e+00,-5.807456206545261956e+00,1.528203243742492390e+00,2.033917871990485349e+00,1.760360714443163221e+00,4.424470585189821392e-01,4.767840060099503025e+06
-3.562241844527858525e+00,-5.784666182141005919e+00,1.317251115427199970e+00,1.922116960434875566e+00,1.580656221828128372e+00,3.401193650564164339e-01,4.767840060099503025e+06
-3.456551691531465131e+00,-5.838931917400039140e+00,1.835772576517012755e+00,1.621055136346803760e+00,1.309960718778130806e+00,3.281785709565724907e-01,4.767840060099503025e+06
-3.886745926436662835e+00,-6.113085463912515394e+00,1.869837406620604492e+00,1.444628668266674687e+00,1.452142933816033654e+00,3.721049513734464020e-01,4.767840060099503025e+06
-3.613193814067173992e+00,-5.853625052217319435e+00,1.824729543857601222e+00,1.675682266960044409e+00,1.404545501229503834e+00,3.505481041210825599e-01,4.767840060099503025e+06
-3.567729094392519507e+00,-5.717205467868192947e+00,2.092539945276526758e+00,1.588999044180670950e+00,1.183813633730574022e+00,3.554803422558495130e-01,4.767840060099503025e+06
-3.842294180293877925e+00,-5.756986623450594642e+00,2.051402757991268366e+00,1.618893752063039537e+00,1.268830214870563022e+00,4.049257223405721140e-01,4.767840060099503025e+06
-3.842294180293877925e+00,-5.756986623450594642e+00,2.051402757991268366e+00,1.618893752063039537e+00,1.268830214870563022e+00,4.049257223405721140e-01,4.767840060099503025e+06
-3.816213551738893983e+00,-5.709393049798273445e+00,2.246376381231764086e+00,1.689796528443335610e+00,1.271181850803915658e+00,3.864831851477075197e-01,4.767840060099503025e+06
-3.449001939497408742e+00,-5.680305598931422395e+00,2.385018480978250199e+00,1.449875664432759947e+00,1.017703391651394007e+00,3.381901506013171854e-01,4.767840060099503025e+06
-3.778441958200470019e+00,-5.591256351254319412e+00,2.374032339696981797e+00,1.507644772091498719e+00,9.551146505842897927e-01,2.921487463311531196e-01,4.767840060099503025e+06
-3.950337560073693854e+00,-5.559456173400279866e+00,2.475709588123542915e+00,1.622274927468893679e+00,1.019795126336127122e+00,2.894127154021876591e-01,4.767840060099503025e+06
-3.959137868837399488e+00,-5.510235516233638720e+00,2.375070613794661778e+00,1.797437109615004580e+00,1.114797475118431969e+00,2.644157393407416956e-01,4.767840060099503025e+06
-3.878471933822697615e+00,-5.528978041216110029e+00,2.292946170279665186e+00,1.739034143747700156e+00,1.103006729606080594e+00,2.954078246729499591e-01,4.767840060099503025e+06
-3.866717648002067520e+00,-5.545358755836439002e+00,2.295719415654715156e+00,1.716783616974002946e+00,1.104085202883193562e+00,3.026587272917812821e-01,4.767840060099503025e+06
-3.833231919278552446e+00,-5.614397876143961241e+00,2.196133719634103532e+00,1.627351459714827975e+00,1.105514991736008090e+00,3.261794363264481911e-01,4.767840060099503025e+06
-3.719034930151096319e+00,-5.157655577494399068e+00,2.431909317504767909e+00,2.259089606681035534e+00,1.177130307222318484e+00,2.177526177093693782e-01,4.767840060099503025e+06
-3.873804268101462611e+00,-5.174236582283498365e+00,2.419132899173008777e+00,2.182407122978372804e+00,1.122806398974049547e+00,2.549109455700800386e-01,4.767840060099503025e+06
-3.293902081961002537e+00,-5.129599109181407712e+00,1.446480288176093421e+00,1.939685364010216295e+00,9.333907302991261146e-01,3.334872913812706452e-01,4.767840060099503025e+06
-3.409876776264566534e+00,-4.879724175236146877e+00,1.335359942488711926e+00,2.815125472219376590e+00,1.415897475282689832e+00,1.767902488634548464e-01,4.767840060099503025e+06
-3.582882216880160176e+00,-4.802663989890959328e+00,1.348806809737415513e+00,2.955008961945840618e+00,1.514963325020806106e+00,2.631314400960333422e-01,4.767840060099503025e+06
-3.301594619463636526e+00,-4.976195999006700177e+00,1.526797076986319501e+00,2.600392236317396133e+00,1.330955458866962760e+00,2.389932339489772017e-01,4.767840060099503025e+06
-3.477746950849795127e+00,-5.062524079326397697e+00,1.671536921440186063e+00,2.238790059009220013e+00,1.081823410653933948e+00,2.333882625670150035e-01,4.767840060099503025e+06
-3.910728731414542025e+00,-4.910436759583909350e+00,1.565105923559640511e+00,2.559090890692272247e+00,1.218736184504669584e+00,2.150939282369762340e-01,4.767840060099503025e+06
-3.912120796548660628e+00,-5.007991222995342717e+00,1.409410274311892142e+00,2.398096494980816118e+00,1.188442158884982724e+00,2.330669140787999249e-01,4.767840060099503025e+06
-3.912120796548660628e+00,-5.007991222995342717e+00,1.409410274311892142e+00,2.398096494980816118e+00,1.188442158884982724e+00,2.330669140787999249e-01,4.767840060099503025e+06
-3.710940148554000118e+00,-5.090988465746067781e+00,1.273741442617521535e+00,2.239000228433688289e+00,1.138274703781113839e+00,2.210067738699713624e-01,4.767840060099503025e+06
-3.750294606566750844e+00,-4.811545664958249091e+00,7.717375654230376192e-01,2.720137779963750724e+00,1.288288806939203557e+00,1.448607296588208249e-01,4.767840060099503025e+06
-3.645921837357075201e+00,-5.133723030618999594e+00,1.125821632972443087e+00,2.298273357438306519e+00,1.207419750979547013e+00,1.477892272600651036e-01,4.767840060099503025e+06
-3.664584131634064601e+00,-5.108612855785771956e+00,1.115300436969629549e+00,2.316524737519860544e+00,1.203998698618313767e+00,1.562137436803849311e-01,4.767840060099503025e+06
-3.659668379587424525e+00,-5.092027202355026816e+00,9.681331970670157272e-01,2.380876453498113499e+00,1.315560473857058543e+00,2.335834223744663873e-01,4.767840060099503025e+06
-3.758030703678301165e+00,-5.092976146096234835e+00,7.806788096734611493e-01,2.744968902312107772e+00,1.631558855700831145e+00,1.441397465797048527e-01,4.767840060099503025e+06
-3.875340388716789430e+00,-5.068081362354972974e+00,6.209121874507654848e-01,2.914467384732558841e+00,1.749907853701738070e+00,9.795461188364257277e-02,4.767840060099503025e+06
-1.413310128459709381e+00,-5.492451074530767308e+00,2.336924340430142077e+00,2.315963285027790697e+00,1.600507936998489811e+00,2.316544285817330739e-01,4.767840060099503025e+06
-1.468232874859292991e+00,-5.841736532370942925e+00,2.809656879142302888e+00,2.113632069599840957e+00,1.917408477576361570e+00,5.145249657197785709e-01,4.767840060099503025e+06
-1.361585530432113167e+00,-5.739635376853311044e+00,2.555886422715595518e+00,2.037135196700694983e+00,1.683314194066779290e+00,3.806473415847674291e-01,4.767840060099503025e+06
-1.197684244949619892e+00,-5.487206017580295914e+00,2.315196199787080911e+00,2.113311725562166732e+00,1.396447109727991132e+00,2.328669072483241786e-01,4.767840060099503025e+06
-1.213697208312137343e+00,-5.452122509259421435e+00,2.346822277195259154e+00,2.177671602326049616e+00,1.442082052971919159e+00,2.465993734278918437e-01,4.767840060099503025e+06
-1.184795678206675751e+00,-5.575220620277130834e+00,2.388240740029154097e+00,2.048968621169332316e+00,1.211559957365840878e+00,-1.475361540191577614e-01,4.767840060099503025e+06
-1.167932632397589376e+00,-5.591028348518629620e+00,2.322247241935966766e+00,1.963392427147306440e+00,1.156850878635309554e+00,-1.448368009163298331e-01,4.767840060099503025e+06
-1.312139893774583177e+00,-5.534246361341898179e+00,2.239610497823723456e+00,1.950233110327499908e+00,1.109365161263392796e+00,-1.032997116792717662e-01,4.767840060099503025e+06
-1.312139893774583177e+00,-5.534246361341898179e+00,2.239610497823723456e+00,1.950233110327499908e+00,1.109365161263392796e+00,-1.032997116792717662e-01,4.767840060099503025e+06
-1.312139893774583177e+00,-5.534246361341898179e+00,2.239610497823723456e+00,1.950233110327499908e+00,1.109365161263392796e+00,-1.032997116792717662e-01,4.767840060099503025e+06
-1.312139893774583177e+00,-5.534246361341898179e+00,2.239610497823723456e+00,1.950233110327499908e+00,1.109365161263392796e+00,-1.032997116792717662e-01,4.767840060099503025e+06
-1.312139893774583177e+00,-5.534246361341898179e+00,2.239610497823723456e+00,1.950233110327499908e+00,1.109365161263392796e+00,-1.032997116792717662e-01,4.767840060099503025e+06
-1.178919564488035254e+00,-5.603704119502193493e+00,2.230410879262094692e+00,1.992179511044935847e+00,1.182573759688565929e+00,-1.708267677497640191e-01,4.767840060099503025e+06
-1.178919564488035254e+00,-5.603704119502193493e+00,2.230410879262094692e+00,1.992179511044935847e+00,1.182573759688565929e+00,-1.708267677497640191e-01,4.767840060099503025e+06
-1.212543532606265462e+00,-5.599313971233192078e+00,2.211707150101478891e+00,1.993715308386922569e+00,1.190563910727773234e+00,-1.529767149279581684e-01,4.767840060099503025e+06
-1.212543532606265462e+00,-5.599313971233192078e+00,2.211707150101478891e+00,1.993715308386922569e+00,1.190563910727773234e+00,-1.529767149279581684e-01,4.767840060099503025e+06
-1.212543532606265462e+00,-5.599313971233192078e+00,2.211707150101478891e+00,1.993715308386922569e+00,1.190563910727773234e+00,-1.529767149279581684e-01,4.767840060099503025e+06
-1.212543532606265462e+00,-5.599313971233192078e+00,2.211707150101478891e+00,1.993715308386922569e+00,1.190563910727773234e+00,-1.529767149279581684e-01,4.767840060099503025e+06
-1.205988561943362569e+00,-5.611748189004636345e+00,2.216084496787217084e+00,1.995417873584200308e+00,1.198777061448546233e+00,-1.633667306142845277e-01,4.767840060099503025e+06
-1.205988561943362569e+00,-5.611748189004636345e+00,2.216084496787217084e+00,1.995417873584200308e+00,1.198777061448546233e+00,-1.633667306142845277e-01,4.767840060099503025e+06
-1.342750293831691533e+00,-5.345452203755842291e+00,1.751980134410637824e+00,1.924657558646904132e+00,1.006108393933636602e+00,3.251920150304171697e-02,4.767840060099503025e+06
-1.522927481888669554e+00,-5.348334791500947816e+00,1.923416051248331371e+00,2.006226397055336008e+00,1.074653554947175849e+00,5.008098642766023456e-02,4.767840060099503025e+06
-2.413829505686647892e+00,-5.456165149686301952e+00,1.730069799087779137e+00,2.215330983437012513e+00,1.403984403808634429e+00,1.210750506772838020e-01,4.767840060099503025e+06
-2.588742279771163446e+00,-5.473141413295635083e+00,1.729044473841288454e+00,2.511470509961731601e+00,1.626194145528215618e+00,-6.851976496009770656e-02,4.767840060099503025e+06
-1.956028762579336888e+00,-5.555967202379936687e+00,1.622204493845389894e+00,1.974088164544943735e+00,1.366414866597571942e+00,1.569510976928328305e-01,4.767840060099503025e+06
-2.037447266920986433e+00,-5.482771535728059753e+00,2.433649053952305685e+00,1.912247422738952540e+00,1.183784590581362650e+00,1.766420588129671843e-01,4.767840060099503025e+06
-1.785224495228325381e+00,-5.216590983090880762e+00,1.956663918353539477e+00,1.745822605071150058e+00,7.826228740566787412e-01,2.156404507443235030e-01,4.767840060099503025e+06
-1.670440650629863910e+00,-4.852638681037914736e+00,2.119830405869323808e+00,2.585445880772079263e+00,1.133816946154235561e+00,9.221031873274876389e-02,4.767840060099503025e+06
-1.593917259107509921e+00,-5.115606299119613176e+00,2.289332157073862284e+00,2.273977839028163750e+00,1.113490641107638623e+00,1.402989987594813193e-01,4.767840060099503025e+06
-1.438248353964959758e+00,-5.401401627046168663e+00,2.196679298984369311e+00,1.854091269324560587e+00,1.059881186848231183e+00,1.492444988669945349e-01,4.767840060099503025e+06
-1.722565314830776684e+00,-5.355157843791068295e+00,2.953387471707831224e+00,1.741909712228677964e+00,9.029189732263802615e-01,1.369391329210388752e-01,4.767840060099503025e+06
-1.952368577741113942e+00,-5.428066229962186462e+00,2.988573188371431932e+00,1.665683764034033176e+00,9.008595128035588040e-01,1.271035597189195676e-01,4.767840060099503025e+06
-1.966732412045824496e+00,-5.430011963859661783e+00,2.614329074475799430e+00,1.773093574885792556e+00,1.042942488287382119e+00,2.257805356518513551e-01,4.767840060099503025e+06
-2.437896610182904489e+00,-5.644451828181866304e+00,2.925522944364512323e+00,1.815526540870502359e+00,1.175246146594175256e+00,-7.776362096605371477e-03,4.767840060099503025e+06
-2.113024038676314387e+00,-5.547825038885871862e+00,2.380408843825151610e+00,1.710026595249086734e+00,1.025733034098297303e+00,5.991273701687890862e-02,4.767840060099503025e+06
-2.576386502461256889e+00,-6.268382941782366657e+00,2.583929743927077638e+00,1.350705371265690902e+00,1.428150234416226461e+00,1.333345872526377762e-01,4.767840060099503025e+06
-1.965880138262127153e+00,-5.897491556995970718e+00,2.077511804116737526e+00,1.295318359413137888e+00,1.053692987684738291e+00,1.909075788075355606e-01,4.767840060099503025e+06
-2.115266028118096830e+00,-5.677739617703744024e+00,1.889739025744733736e+00,1.217008694826224202e+00,7.574989805297640544e-01,1.999868804442546666e-01,4.767840060099503025e+06
-1.725366070025330600e+00,-5.596468285974129486e+00,2.262543137907224722e+00,1.007430446828260440e+00,4.555661358635901825e-01,1.738081897533676479e-01,4.767840060099503025e+06
-2.183897993783323166e+00,-5.482367739328173784e+00,2.221945615436586863e+00,1.159670777929793228e+00,4.371840018022473684e-01,6.702921674971373811e-02,4.767840060099503025e+06
-1.876284039725131025e+00,-5.506516419781146254e+00,2.158290246619439579e+00,1.266096498850309171e+00,5.370432983361328461e-01,-4.074898457986175782e-02,4.767840060099503025e+06
-2.292038508906171224e+00,-5.593391064485675024e+00,2.221969396034268129e+00,1.217832379976964141e+00,7.155251740228084634e-01,2.071688113184670943e-01,4.767840060099503025e+06
-1.871078225978500376e+00,-5.520283727672847363e+00,2.313059842447628078e+00,1.344686564010789454e+00,6.662144042449208436e-01,1.031424493291628608e-01,4.767840060099503025e+06
-1.830204788915520853e+00,-5.517329134182863193e+00,2.293736808709486930e+00,1.324091554550095085e+00,6.446825214903504353e-01,1.017510684010011213e-01,4.767840060099503025e+06
-1.830204788915520853e+00,-5.517329134182863193e+00,2.293736808709486930e+00,1.324091554550095085e+00,6.446825214903504353e-01,1.017510684010011213e-01,4.767840060099503025e+06
-1.154177476063316332e+00,-4.728382314104884188e+00,2.731191646848922794e+00,2.460993135493507289e+00,9.337161246644759549e-01,5.727983551193199796e-02,4.767840060099503025e+06
-1.239089953577902303e+00,-4.752876848337742821e+00,2.665572311153132645e+00,2.427378070193786819e+00,9.296472844723404627e-01,6.636340885563069003e-02,4.767840060099503025e+06
-9.013447197074930806e-01,-4.587749294014511037e+00,2.856540182719736087e+00,2.580036315487273413e+00,8.634170877064573091e-01,-2.368065928259255326e-02,4.767840060099503025e+06
-1.862181666406095726e+00,-5.041395383626360527e+00,2.368054477543624969e+00,1.920814427169677208e+00,8.484340968769059632e-01,2.974824319886663071e-01,4.767840060099503025e+06
-1.862181666406095726e+00,-5.041395383626360527e+00,2.368054477543624969e+00,1.920814427169677208e+00,8.484340968769059632e-01,2.974824319886663071e-01,4.767840060099503025e+06
-1.862181666406095726e+00,-5.041395383626360527e+00,2.368054477543624969e+00,1.920814427169677208e+00,8.484340968769059632e-01,2.974824319886663071e-01,4.767840060099503025e+06
-1.930889236511013962e+00,-5.000038537664314831e+00,2.369410254965324203e+00,1.964143686421567114e+00,8.715811028198634514e-01,3.265008319417669336e-01,4.767840060099503025e+06
-1.930889236511013962e+00,-5.000038537664314831e+00,2.369410254965324203e+00,1.964143686421567114e+00,8.715811028198634514e-01,3.265008319417669336e-01,4.767840060099503025e+06
-1.930889236511013962e+00,-5.000038537664314831e+00,2.369410254965324203e+00,1.964143686421567114e+00,8.715811028198634514e-01,3.265008319417669336e-01,4.767840060099503025e+06
-1.238751705044931484e+00,-4.622827369930798014e+00,2.639295358747086873e+00,2.274565927302839796e+00,6.531924364903947122e-01,6.111592480724403753e-02,4.767840060099503025e+06
-1.072294672609954258e+00,-4.245624989580859321e+00,2.888471216769958438e+00,2.735765499458550742e+00,6.527399205846026176e-01,-4.576060006625065624e-02,4.767840060099503025e+06
-1.305937691172206705e+00,-4.576935649544326523e+00,2.784766845907341359e+00,2.377017903344728289e+00,7.401033293102350363e-01,1.707250971758050295e-01,4.767840060099503025e+06
-1.305937691172206705e+00,-4.576935649544326523e+00,2.784766845907341359e+00,2.377017903344728289e+00,7.401033293102350363e-01,1.707250971758050295e-01,4.767840060099503025e+06
-1.426773468925216726e+00,-4.560176553504213359e+00,2.523197449197676967e+00,2.496118879210287744e+00,7.557007952007745999e-01,4.110558320918011876e-02,4.767840060099503025e+06
-2.051327259840510564e+00,-4.832122798847005463e+00,2.451823897045351419e+00,2.387387932072725150e+00,9.680828965114853801e-01,1.404815672874838162e-01,4.767840060099503025e+06
-1.799433333907062060e+00,-5.256234086669061334e+00,2.528177156647411827e+00,2.022247950243806436e+00,1.026142223776441709e+00,1.118255069484041520e-01,4.767840060099503025e+06
-1.907381825905618111e+00,-5.334273956099105263e+00,2.316166346557675837e+00,1.864526091929463503e+00,9.855126245445660071e-01,1.478329602555583933e-01,4.767840060099503025e+06
-2.510717059321924793e+00,-5.439373669048975124e+00,2.505101104863250328e+00,1.614943163628025147e+00,8.533848719707027852e-01,1.617514609201519127e-01,4.767840060099503025e+06
-2.442322634231945511e+00,-5.381514190370519479e+00,2.676990996414793766e+00,1.803690615771221584e+00,9.041586317520183824e-01,4.910228775010688773e-02,4.767840060099503025e+06
-2.714506624148946834e+00,-5.236430530473315414e+00,2.755623969224324288e+00,1.699760531456306234e+00,6.707701022150880377e-01,8.265893452490957749e-02,4.767840060099503025e+06
-3.232292387217387208e+00,-5.012317315587821120e+00,2.873634880116150647e+00,1.343475856553575376e+00,3.106629099942292971e-02,-7.761048564428751906e-02,4.767840060099503025e+06
-3.047485332240882805e+00,-5.106403757010047784e+00,2.766273433089937228e+00,1.625991881093090230e+00,5.331496548628456011e-01,2.124536894495077100e-01,4.767840060099503025e+06
-3.297754898610461005e+00,-5.488740035505175641e+00,2.737098638457932331e+00,1.032239458569863322e+00,3.345090430895978906e-01,1.244345031623382558e-01,4.767840060099503025e+06
-3.388199410916359788e+00,-5.400841468347812757e+00,2.909292198940739649e+00,1.112530915273456156e+00,2.729059325316855467e-01,5.699495661414338832e-02,4.767840060099503025e+06
-3.697573646814991122e+00,-5.471421968997606022e+00,2.929366292022929308e+00,1.011647449531193566e+00,2.867686179475602004e-01,9.552386083943983919e-02,4.767840060099503025e+06
-3.605696195170434049e+00,-5.469944922697119516e+00,2.572486264654863852e+00,9.857120192489805532e-01,3.034825310945879484e-01,1.620432845036107739e-01,4.767840060099503025e+06
-3.834228809368307900e+00,-5.248452911166052282e+00,2.308654476490633378e+00,1.119940986855171072e+00,1.776427688842681096e-01,1.365313473456511439e-01,4.767840060099503025e+06
-3.846432513927559693e+00,-5.170516163636814433e+00,2.346522574647960546e+00,1.023969301812102328e+00,-6.945731890753092941e-03,1.004841469358989103e-01,4.767840060099503025e+06
-3.358135383345496550e+00,-5.247118921444682726e+00,2.132767647654266074e+00,8.889411834193038375e-01,3.947798526172963118e-02,2.267728991498698665e-01,4.767840060099503025e+06
-3.773953560331865020e+00,-5.155723899201694493e+00,2.540096767287603807e+00,9.386311960167972313e-01,-4.874252639463666492e-02,1.482823633019344778e-01,4.767840060099503025e+06
-3.729899968944240474e+00,-5.161404167375707175e+00,2.419853830678188267e+00,9.841187393214549939e-01,1.341016405139017209e-02,1.712530346194491293e-01,4.767840060099503025e+06
-3.782381240762694219e+00,-5.311897997248102854e+00,2.538663625978066829e+00,1.130893019027335855e+00,2.744259874014780554e-01,1.970358425850604889e-01,4.767840060099503025e+06
-3.636508286613624019e+00,-5.136263286075221757e+00,2.319494495867121753e+00,1.312087889272088859e+00,2.663925637656942014e-01,1.771245615229421200e-01,4.767840060099503025e+06
-3.879078902950809038e+00,-5.057183956233746613e+00,2.177666644027367759e+00,1.226733523716865504e+00,1.054778383778925133e-01,1.539240055201980817e-01,4.767840060099503025e+06
-3.674232889433988625e+00,-5.231869138344154457e+00,2.083310146092602899e+00,1.068526820291621826e+00,1.549880277293300690e-01,1.866680785764381900e-01,4.767840060099503025e+06
-3.156773708982087090e+00,-5.352091994578661804e+00,2.089514589103716791e+00,1.074643559250466396e+00,3.195381076751762084e-01,2.501219309692608306e-01,4.767840060099503025e+06
-3.162387680516400401e+00,-5.356361833035320430e+00,2.094859964729433255e+00,1.069878455274579698e+00,3.216008580513299298e-01,2.526054228590754458e-01,4.767840060099503025e+06
-3.690181417945250342e+00,-5.330721286890862665e+00,2.011707802802589207e+00,1.026664423015007488e+00,2.486241727515645650e-01,2.281740626415003637e-01,4.767840060099503025e+06
-3.640858784753564503e+00,-5.068104874847848329e+00,2.717894762562943711e+00,7.156543659202928565e-01,-3.326710002235345742e-01,1.522835551533955889e-01,4.767840060099503025e+06
-3.600086747699901224e+00,-5.277962606881198226e+00,2.778894636834286835e+00,5.956559298864055885e-01,-1.670335775761520036e-01,2.101700377486701021e-01,4.767840060099503025e+06
-3.716199783103387499e+00,-5.242761693425649128e+00,2.796052858651899342e+00,5.935080246861552666e-01,-2.019684472035303546e-01,2.102342963562005840e-01,4.767840060099503025e+06
-3.785805285115241947e+00,-5.378174774214167897e+00,2.077179134893896162e+00,8.919837533195259516e-01,2.198776697432608396e-01,2.918685834287140235e-01,4.767840060099503025e+06
-3.545073146869889946e+00,-5.490503693593172585e+00,2.242688934545412849e+00,8.473484204365281380e-01,2.872476123311232254e-01,3.002321059607205300e-01,4.767840060099503025e+06
-3.248052695983695948e+00,-5.655883861155291292e+00,2.269125501292313274e+00,7.539571754202313292e-01,3.223839407627317466e-01,2.348721549046868251e-01,4.767840060099503025e+06
-3.248052695983695948e+00,-5.655883861155291292e+00,2.269125501292313274e+00,7.539571754202313292e-01,3.223839407627317466e-01,2.348721549046868251e-01,4.767840060099503025e+06
-8.320714349009050714e-01,-5.895608535981962106e+00,1.995228419085394611e+00,1.280532416219293479e+00,9.881810650881857061e-01,-6.858104872047382505e-02,4.767840060099503025e+06
-8.320714349009050714e-01,-5.895608535981962106e+00,1.995228419085394611e+00,1.280532416219293479e+00,9.881810650881857061e-01,-6.858104872047382505e-02,4.767840060099503025e+06
-8.320714349009050714e-01,-5.895608535981962106e+00,1.995228419085394611e+00,1.280532416219293479e+00,9.881810650881857061e-01,-6.858104872047382505e-02,4.767840060099503025e+06
-8.360036222854956289e-01,-5.760575469340095900e+00,1.460216429809524374e+00,9.701709446860159458e-01,6.440415300426871603e-01,8.504892168188826762e-02,4.767840060099503025e+06
-8.880618831846087691e-01,-5.712793150543879150e+00,2.042814057232198444e+00,1.032933630542828052e+00,6.152034794609815282e-01,1.390780841279398716e-01,4.767840060099503025e+06
-9.539409407514000128e-01,-5.288532574551787491e+00,1.381985745866026960e+00,1.183819335606726586e+00,3.716614872780275580e-01,1.903703742169668978e-01,4.767840060099503025e+06
-9.371247311362028709e-01,-4.924705290071510255e+00,1.013221447447760770e+00,1.266922473595524012e+00,1.026608968451239168e-01,2.407153212246311291e-01,4.767840060099503025e+06
-9.061595374840125672e-01,-5.091934403129622311e+00,1.064286453680401312e+00,1.436737368711501706e+00,4.009227429144726074e-01,2.160201884563701935e-01,4.767840060099503025e+06
-8.909778822350917782e-01,-5.268106740303923452e+00,9.817228902878634145e-01,9.642423222395251070e-01,1.938654871303524818e-01,1.971041068839294863e-01,4.767840060099503025e+06
-9.262444147873809541e-01,-5.296390971658698099e+00,9.430160585762257242e-01,1.162718169403497370e+00,3.854387812255971046e-01,1.552060109993616543e-01,4.767840060099503025e+06
-1.068359209819246480e+00,-5.172826722170287717e+00,6.095178367576237211e-01,9.945490849670988176e-01,1.705580305149602960e-01,2.503173478136374586e-01,4.767840060099503025e+06
-1.141408229657440820e+00,-5.139970987079352405e+00,7.430603577676393456e-01,8.817377744215172397e-01,7.618563951601498019e-02,3.416310174959585888e-01,4.767840060099503025e+06
-1.026681868646412976e+00,-5.208812067476395136e+00,8.879551704759673925e-01,9.104426395899503088e-01,1.767484002130567666e-01,3.779114419343450049e-01,4.767840060099503025e+06
-9.919763973717767858e-01,-5.191687602631348319e+00,7.987137620053910148e-01,8.738531758836610708e-01,1.469140993448448118e-01,3.970973336479290960e-01,4.767840060099503025e+06
-9.871337574831706707e-01,-5.191669178200433166e+00,6.496747470210944009e-01,8.924759736845752078e-01,1.609966309656825079e-01,3.961918199241698524e-01,4.767840060099503025e+06
-1.429146374787596097e+00,-5.258483139871565903e+00,7.129623437179509748e-01,1.088156766215634397e+00,3.720443710417770111e-01,3.414238096839988801e-01,4.767840060099503025e+06
-1.429146374787596097e+00,-5.258483139871565903e+00,7.129623437179509748e-01,1.088156766215634397e+00,3.720443710417770111e-01,3.414238096839988801e-01,4.767840060099503025e+06
-1.519327220126916345e+00,-5.460141090311547707e+00,8.119024973051809368e-01,1.029539819096784159e+00,5.121105304962536575e-01,3.468878587707984185e-01,4.767840060099503025e+06
-1.559904259052394382e+00,-5.527795115617909261e+00,6.310621072405122600e-01,9.349049557882558315e-01,4.670268736308053059e-01,3.012570775890676122e-01,4.767840060099503025e+06
-1.615098439764503624e+00,-5.573738922719724265e+00,8.768382337006184191e-01,1.254484264710765906e+00,7.806982531284778482e-01,2.965801901407898455e-01,4.767840060099503025e+06
-1.743700971879762252e+00,-5.492210337068731185e+00,8.224812156017283771e-01,1.375990725334874654e+00,8.185180574243420271e-01,3.158750010792878982e-01,4.767840060099503025e+06
-1.760213985733467323e+00,-5.500086308798922019e+00,7.651820397229183168e-01,1.414956099839728587e+00,8.612550765411417508e-01,3.226352383686194591e-01,4.767840060099503025e+06
-1.694231214283407283e+00,-5.525341375884328166e+00,8.178099085794435785e-01,1.550035635711758619e+00,1.001495292027531514e+00,3.023172505993638737e-01,4.767840060099503025e+06
-1.694231214283407283e+00,-5.525341375884328166e+00,8.178099085794435785e-01,1.550035635711758619e+00,1.001495292027531514e+00,3.023172505993638737e-01,4.767840060099503025e+06
-1.336567307989594333e+00,-5.588749914582993306e+00,1.276924608263988681e+00,1.245725528861628240e+00,7.171420114186799477e-01,2.497794394937729590e-01,4.767840060099503025e+06
-1.395508079699304238e+00,-5.710907898935457361e+00,1.253889802694302391e+00,1.151957462228777374e+00,7.291193291918892649e-01,2.161185468239946450e-01,4.767840060099503025e+06
-1.292338165148733786e+00,-5.639829656411831316e+00,1.328895743921416850e+00,1.284288040121084329e+00,8.383934889598454454e-01,2.881795355233356393e-01,4.767840060099503025e+06
-1.253158997088906546e+00,-5.634020049668012398e+00,1.180101990403716217e+00,1.292912014836093526e+00,8.474404668048738376e-01,3.379524313580796191e-01,4.767840060099503025e+06
-1.589294318466118128e+00,-5.532007065376988386e+00,1.173915085781246592e+00,1.719602884606745707e+00,1.117967479371898332e+00,2.834954304497669386e-01,4.767840060099503025e+06
-1.669023923977627000e+00,-5.329552874446649824e+00,1.248406950972475560e+00,1.720720901896388932e+00,8.593106305967208591e-01,2.005724083689112980e-01,4.767840060099503025e+06
-1.728255204287040048e+00,-5.259608793413972805e+00,1.038709391749322641e+00,1.802904413186905197e+00,8.831172397224618109e-01,1.970845165096090923e-01,4.767840060099503025e+06
-1.584697442514412469e+00,-5.648486618138865545e+00,8.779793993880271596e-01,1.287532135161443048e+00,8.497773767907231823e-01,2.858718698363881261e-01,4.767840060099503025e+06
-1.528746550590801778e+00,-5.517867276117341291e+00,1.175905159643871212e+00,1.341687976839326835e+00,7.303935997564714455e-01,2.421309672766741028e-01,4.767840060099503025e+06
-1.494542422540278803e+00,-5.511456882252457667e+00,1.158349274357973080e+00,1.329210210101443135e+00,7.096367329291671799e-01,2.358712177225332218e-01,4.767840060099503025e+06
-2.091092907386505217e+00,-5.562182863003640065e+00,9.620877782764593045e-01,1.893960290415421577e+00,1.313800596820465127e+00,2.871243012994705857e-01,4.767840060099503025e+06
-2.143592410576456775e+00,-5.657429730301723581e+00,1.092032057086606445e+00,1.747409475094271691e+00,1.274493922467450746e+00,2.457348335541991169e-01,4.767840060099503025e+06
-2.864578708811377439e+00,-5.656642598876891803e+00,5.406238423735605370e-01,1.869774573099358239e+00,1.454093667382553523e+00,2.980941458697736746e-01,4.767840060099503025e+06
-3.299194756931806971e+00,-5.759122676793802853e+00,6.161472576071409524e-01,1.909909074014088493e+00,1.570336419802145222e+00,2.881392035654855577e-01,4.767840060099503025e+06
-3.246017039826057271e+00,-5.747925084258884709e+00,6.393816504001739176e-01,1.908634110109635129e+00,1.566128447996170125e+00,2.992333213949202042e-01,4.767840060099503025e+06
-3.663521845043479885e+00,-5.544368693601843923e+00,4.898680051856911799e-01,2.423989760084439560e+00,1.782697457504384353e+00,1.894591106521119062e-01,4.767840060099503025e+06
-3.566926482649612762e+00,-5.265426038828200817e+00,9.421976050832678862e-01,1.604074502807112834e+00,8.240186438252902201e-01,3.342769339888895797e-01,4.767840060099503025e+06
-3.658566432021419068e+00,-5.206210645722046060e+00,5.228948983129737549e-01,1.637625150398321461e+00,8.367965485564049510e-01,3.561540645203921107e-01,4.767840060099503025e+06
-3.854225525246824269e+00,-5.156800508277514794e+00,6.121978525459260689e-01,1.717351902750732906e+00,8.482625594020976045e-01,3.453646115807221806e-01,4.767840060099503025e+06
-3.278515700082550666e+00,-5.181658759014870164e+00,5.762067037200365727e-01,1.642102903791534896e+00,8.095013093948819627e-01,3.322431116610703450e-01,4.767840060099503025e+06
-2.813894989014820158e+00,-5.164844127247295802e+00,7.363256984588758547e-01,1.316930401192693889e+00,5.054857948036799442e-01,4.129153482707553779e-01,4.767840060099503025e+06
-3.063741430627585416e+00,-5.193062530327278381e+00,7.936942237815576284e-01,1.190728067953558345e+00,4.306656460578238144e-01,4.676782379589708438e-01,4.767840060099503025e+06
-2.525671775543887776e+00,-5.276985309238522603e+00,1.202665162215504235e+00,1.140596074063023879e+00,4.415013555535317602e-01,4.443710376206780888e-01,4.767840060099503025e+06
-1.390889989099874491e+00,-5.160405574140435547e+00,6.064261383647696624e-01,1.321088266866894401e+00,5.362840271379930579e-01,4.738906075068068935e-01,4.767840060099503025e+06
-1.892767152328011404e+00,-5.170786706120045650e+00,5.094599501338986647e-01,1.398172582275477360e+00,6.563860232475740020e-01,4.641728804971640976e-01,4.767840060099503025e+06
-1.934916939937419755e+00,-5.173224357444991206e+00,5.490331667745698141e-01,1.386848647504445253e+00,6.458526426671141740e-01,4.649019629451839886e-01,4.767840060099503025e+06
-1.971176300411653592e+00,-5.188961310665454185e+00,6.029616661534216160e-01,1.364033487966777702e+00,6.388870304307615600e-01,4.654221117802698204e-01,4.767840060099503025e+06
-2.055389315749154733e+00,-4.809810343221688100e+00,5.289163041228606144e-01,1.519128702668518738e+00,4.220099075974377278e-01,4.808352825381580486e-01,4.767840060099503025e+06
-2.436600381068666721e+00,-5.187638743110126960e+00,5.968099007046876459e-01,1.379758540147400181e+00,7.223063811071515072e-01,5.916607370580244663e-01,4.767840060099503025e+06
-2.677807698150531657e+00,-5.094565828400286378e+00,6.258187200158289443e-01,1.412309721202078316e+00,7.313186656074132097e-01,7.073473139277829391e-01,4.767840060099503025e+06
-2.677807698150531657e+00,-5.094565828400286378e+00,6.258187200158289443e-01,1.412309721202078316e+00,7.313186656074132097e-01,7.073473139277829391e-01,4.767840060099503025e+06
-2.934546709342906290e+00,-5.347082470281321775e+00,8.181737809341116385e-01,1.404248325895836924e+00,9.075513086876729751e-01,6.491652777991683276e-01,4.767840060099503025e+06
-3.040887205995308040e+00,-5.048003251543256020e+00,7.251035689919536065e-01,1.561278208308021442e+00,7.079437702332059823e-01,5.660886479865041565e-01,4.767840060099503025e+06
-2.988737793125571418e+00,-4.979291165369762240e+00,8.626473570812900338e-01,1.549354972898088434e+00,6.070653067666740288e-01,5.355859835413385728e-01,4.767840060099503025e+06
-2.476373662868293302e+00,-4.929071114059609293e+00,5.889212285344285203e-01,1.755058887850554861e+00,7.173468002911687069e-01,4.527345858176531346e-01,4.767840060099503025e+06
-2.487974027104282726e+00,-5.024737626327093309e+00,9.946027237847616664e-01,1.728230063174836628e+00,6.631328304543756547e-01,3.013981272076527995e-01,4.767840060099503025e+06
-2.374536970354519827e+00,-5.004395780956374828e+00,1.526218981779655648e+00,1.963502533878363820e+00,7.500554292834500369e-01,2.189100092144032894e-01,4.767840060099503025e+06
-2.749716529951543365e+00,-4.717909069955838142e+00,1.687037803483911969e+00,2.317999904789075138e+00,8.049791412887583597e-01,2.716573899458119556e-01,4.767840060099503025e+06
-2.563983565275536947e+00,-5.128673145830182634e+00,2.143172261691693059e+00,1.826607240389857889e+00,7.886656019911110205e-01,3.072143061943169440e-01,4.767840060099503025e+06
-2.983302863729976551e+00,-5.425996444016226050e+00,2.337674018137464671e+00,1.390104078406788846e+00,6.951369439882070234e-01,3.346606809320431530e-01,4.767840060099503025e+06
-3.131210492398674994e+00,-5.347921649339720140e+00,2.484971331466293343e+00,1.496836234364445684e+00,6.766207713481409147e-01,2.828528824602987712e-01,4.767840060099503025e+06
-3.123323205543018233e+00,-5.376632961164617974e+00,2.330864672300390961e+00,1.551288122373311484e+00,8.286778693726097877e-01,3.746185663391924381e-01,4.767840060099503025e+06
-2.338435080779832642e+00,-5.393099167472886535e+00,1.963588950477836992e+00,1.818943630352388929e+00,1.081404375001890017e+00,3.651335500260660671e-01,4.767840060099503025e+06
-3.651695283954992988e+00,-5.377199236369495594e+00,1.663941020651737324e+00,1.703732503114520291e+00,1.035288941719028522e+00,5.029775499128887883e-01,4.767840060099503025e+06
-3.622260302197513049e+00,-5.399387376638547842e+00,1.664379780724389413e+00,1.663515375199191793e+00,1.024125173886655471e+00,5.046109870166088918e-01,4.767840060099503025e+06
-3.224481503311205088e+00,-5.375275457205870744e+00,1.558171256796628157e+00,1.538947729395861774e+00,9.125985671331089399e-01,5.319476746595764860e-01,4.767840060099503025e+06
-3.214643063495309150e+00,-5.309799141344641704e+00,1.294541463174083029e+00,1.519552110075162554e+00,7.885011791620072374e-01,4.352387221976653509e-01,4.767840060099503025e+06
-3.663474083162639339e+00,-5.227038114081985043e+00,1.356591898092562420e+00,1.870495810976677609e+00,1.041112113481781787e+00,4.775185107906244619e-01,4.767840060099503025e+06
-3.543164551522862915e+00,-5.293848011349116867e+00,1.439988273233011373e+00,1.725205939297009161e+00,9.817384808471163460e-01,4.824013980920979217e-01,4.767840060099503025e+06
-3.661711625062228137e+00,-5.212182439883623175e+00,1.214313844937928488e+00,1.811804506518295943e+00,9.648784256963858219e-01,4.552790935341469725e-01,4.767840060099503025e+06
-3.661711625062228137e+00,-5.212182439883623175e+00,1.214313844937928488e+00,1.811804506518295943e+00,9.648784256963858219e-01,4.552790935341469725e-01,4.767840060099503025e+06
-3.525273282635074334e+00,-5.423359004901098679e+00,1.641670215866774196e+00,1.426534662322122671e+00,8.474545582850439018e-01,4.931103140687329023e-01,4.767840060099503025e+06
-3.717434943114032553e+00,-5.452880725900294934e+00,1.790972277033127114e+00,1.389068402980182082e+00,7.806927540117064579e-01,4.200587298216705845e-01,4.767840060099503025e+06
-3.609139220512419755e+00,-5.329587512547079520e+00,1.953541047193413149e+00,1.418035862321949336e+00,6.754637514217363137e-01,4.239044062038183069e-01,4.767840060099503025e+06
-3.828501993018679439e+00,-5.041214033597694488e+00,1.777120688132596271e+00,1.274952515320463498e+00,3.037185518721936539e-01,5.083520981374661796e-01,4.767840060099503025e+06
-3.249423948796695605e+00,-5.238566154309322265e+00,1.827680218048104654e+00,1.180333465454584507e+00,4.027015822390604960e-01,4.743256925878946428e-01,4.767840060099503025e+06
-3.305696589104511141e+00,-5.059679939218741929e+00,2.067839580610095318e+00,1.410996050988331252e+00,3.696000642058741570e-01,3.877241885593897819e-01,4.767840060099503025e+06
-3.289640371152921627e+00,-5.070560169194154199e+00,2.046023204093536663e+00,1.397637435465915345e+00,3.751403042366470153e-01,3.942937774375566140e-01,4.767840060099503025e+06
-3.953087511798821563e+00,-5.464175908362035372e+00,1.566975942110959252e+00,1.311637330935858214e+00,6.710317267719474454e-01,3.336687753401726964e-01,4.767840060099503025e+06
-3.655087060361426943e+00,-5.503562574907605587e+00,1.461185616209171645e+00,1.260704913580599884e+00,6.892224386471951236e-01,3.661488179551686262e-01,4.767840060099503025e+06
-3.995553079405574692e+00,-5.618494910541555143e+00,1.302210819950021081e+00,1.109848559561654291e+00,6.685173414460793273e-01,3.702647820420740254e-01,4.767840060099503025e+06
-3.998685643301956638e+00,-5.582509528346328409e+00,1.314044113827066651e+00,1.064714550850580643e+00,5.966563497044543585e-01,3.866396188614915630e-01,4.767840060099503025e+06
-3.974262986228379813e+00,-5.554369671930173169e+00,1.343029277576320402e+00,1.091865265759034864e+00,6.048913809901982352e-01,4.094002941572105203e-01,4.767840060099503025e+06
-3.974262986228379813e+00,-5.554369671930173169e+00,1.343029277576320402e+00,1.091865265759034864e+00,6.048913809901982352e-01,4.094002941572105203e-01,4.767840060099503025e+06
-3.616001283008356104e+00,-5.475807882258151515e+00,1.354734937982307486e+00,1.248367845925278052e+00,6.958054926520811367e-01,4.338481390006533323e-01,4.767840060099503025e+06
-2.779065239365968498e+00,-5.590413191212980415e+00,1.634387233076721957e+00,1.193295857203103827e+00,6.723063876360659830e-01,3.008418925008701228e-01,4.767840060099503025e+06
-2.988058050427258472e+00,-4.552914916254907851e+00,2.267022207804733291e+00,2.696326661773454259e+00,8.848205858978450689e-01,-5.044241422246253936e-02,4.767840060099503025e+06
-2.634268748780473679e+00,-4.541641757031180227e+00,2.028958793829210183e+00,2.006907683835867928e+00,3.268272255951863992e-01,1.820170180509060598e-01,4.767840060099503025e+06
-3.363142182410676639e+00,-4.064558962332425196e+00,2.510977819857184379e+00,2.438349568781805310e+00,1.701108866761402716e-01,6.758597106763816753e-02,4.767840060099503025e+06
-1.960284662155863611e+00,-4.495664364879453423e+00,2.235188810479296517e+00,2.239676685132165890e+00,4.389866950551565283e-01,1.621911488338798057e-02,4.767840060099503025e+06
-2.358642865643595599e+00,-4.159894810680642152e+00,1.955645793970871793e+00,2.566887708049879535e+00,4.016498034850575216e-01,-1.120223370186620854e-01,4.767840060099503025e+06
-1.847701004320859042e+00,-4.618184536781830829e+00,2.060727438367527142e+00,2.213952581843862344e+00,4.959237360641920445e-01,-1.093478981375125003e-01,4.767840060099503025e+06
-1.603286000468005179e+00,-4.721476672584637768e+00,2.389987220002933288e+00,1.870780932821449527e+00,2.841009547910322564e-01,-6.209846362507104311e-02,4.767840060099503025e+06
-1.825006841502719857e+00,-4.851118608032463086e+00,2.639147273991751419e+00,1.905416653135592053e+00,4.691933346738923483e-01,4.277369281576698379e-02,4.767840060099503025e+06
-1.825006841502719857e+00,-4.851118608032463086e+00,2.639147273991751419e+00,1.905416653135592053e+00,4.691933346738923483e-01,4.277369281576698379e-02,4.767840060099503025e+06
-1.726708957958081214e+00,-4.633553617236928268e+00,2.788563303303914775e+00,1.660179677149863364e+00,-4.254339018968655850e-02,-6.650389864452918576e-02,4.767840060099503025e+06
-1.744433800286349756e+00,-4.774014990404739756e+00,2.498593525968408002e+00,1.605414726794933244e+00,8.366722238474244566e-02,-3.240076651395097651e-02,4.767840060099503025e+06
-1.741372575939667211e+00,-4.778419174790737856e+00,2.496804070239612372e+00,1.601889764631178936e+00,8.542706074171890762e-02,-3.194262190085041253e-02,4.767840060099503025e+06
-1.784570720704255153e+00,-4.666365172799511463e+00,2.550680684228380457e+00,1.668238943285416109e+00,1.560239330319190820e-02,-6.122799868040013083e-02,4.767840060099503025e+06
-1.756575543631619052e+00,-4.543813740605054718e+00,2.654767577399210765e+00,1.802868680189541717e+00,-1.087594655282023148e-02,-1.082080496875239828e-01,4.767840060099503025e+06
-1.551086064957802879e+00,-4.314302575028752251e+00,2.316611790631687207e+00,1.815527420314474671e+00,-2.707425934500542475e-01,-1.767592523187151987e-01,4.767840060099503025e+06
-1.551086064957802879e+00,-4.314302575028752251e+00,2.316611790631687207e+00,1.815527420314474671e+00,-2.707425934500542475e-01,-1.767592523187151987e-01,4.767840060099503025e+06
-1.551086064957802879e+00,-4.314302575028752251e+00,2.316611790631687207e+00,1.815527420314474671e+00,-2.707425934500542475e-01,-1.767592523187151987e-01,4.767840060099503025e+06
-1.551086064957802879e+00,-4.314302575028752251e+00,2.316611790631687207e+00,1.815527420314474671e+00,-2.707425934500542475e-01,-1.767592523187151987e-01,4.767840060099503025e+06
-1.679558144905492378e+00,-4.632598872594911654e+00,2.400913869100459674e+00,1.396307377982974884e+00,-2.503979216318966694e-01,-1.778433444352192638e-02,4.767840060099503025e+06
-1.801822392271333673e+00,-4.642371349669233815e+00,2.238267903697400474e+00,1.391716251077676159e+00,-2.744557207369515694e-01,-7.398818059709377781e-02,4.767840060099503025e+06
-1.876795172582019333e+00,-4.881125134871203031e+00,2.205210545921041820e+00,1.299322614809396814e+00,-8.284742045872378613e-02,1.037747161670815599e-02,4.767840060099503025e+06
-2.583060447733202203e+00,-4.572825845768127451e+00,2.279059014564118968e+00,1.058660419002658282e+00,-5.556597282611619448e-01,9.550189867688277379e-02,4.767840060099503025e+06
-2.901491958848585018e+00,-4.969331081313044685e+00,1.933146952778620031e+00,1.390704677125158106e+00,1.827945775580098742e-01,1.928660671202554744e-01,4.767840060099503025e+06
-3.255823756900368515e+00,-4.702501045073494979e+00,2.049286526972148970e+00,1.615360089093931695e+00,5.373887155348389122e-02,1.060696689257747682e-01,4.767840060099503025e+06
-2.917222881225984388e+00,-4.981431695458423903e+00,1.967325945899896400e+00,1.761752584893672813e+00,4.961756409850482941e-01,1.032018536990068763e-01,4.767840060099503025e+06
-2.034260250682929261e+00,-5.103465635965743985e+00,2.444344630842952171e+00,1.287788071636001730e+00,1.855788858208990422e-01,1.414699007683584697e-01,4.767840060099503025e+06
-2.479731153146009781e+00,-4.738232887050252806e+00,2.594431418202715278e+00,1.070379577596836995e+00,-3.049622152154182753e-01,2.980683747758430258e-01,4.767840060099503025e+06
-2.714295525967790113e+00,-5.204749044460265317e+00,1.802236662490857899e+00,1.361323737874535089e+00,4.448447665695358100e-01,2.822446428621889214e-01,4.767840060099503025e+06
-3.972064713485413012e+00,-4.296229094834978390e+00,1.670782109497363610e+00,1.397866511235792197e+00,-6.088778541227441998e-01,2.866340264723174491e-02,4.767840060099503025e+06
-3.709687313220906280e+00,-4.883430189173246561e+00,1.830783929823788014e+00,1.334174127807764121e+00,-1.332959151003065834e-03,1.553156620072675131e-01,4.767840060099503025e+06
-3.839343716275209317e+00,-4.867683039290101377e+00,1.854014060642325656e+00,1.409628636962731552e+00,5.544881474886642625e-02,1.735405335546345573e-01,4.767840060099503025e+06
-3.582676284238988096e+00,-5.022279051704779285e+00,1.643392373157261055e+00,1.326352870855998400e+00,1.764686920532255732e-01,2.130599240590126675e-01,4.767840060099503025e+06
-3.642960675711435226e+00,-4.788896645158664533e+00,1.834257366056558203e+00,1.441451900581729006e+00,-5.544798827620139869e-02,9.283163197686891688e-02,4.767840060099503025e+06
-2.783936150868493442e+00,-5.079917960250719844e+00,1.882075181391087648e+00,1.333865841235453598e+00,2.071734055953100839e-01,1.476535551819668779e-01,4.767840060099503025e+06
-2.495846603179319168e+00,-4.917446523208703901e+00,2.049827386731974510e+00,1.338589398605286807e+00,-4.169209341645219169e-02,1.187063812131050611e-02,4.767840060099503025e+06
-2.528172599780456942e+00,-5.203720128538438239e+00,1.523074274762958646e+00,1.144591971330632063e+00,1.874888305397107158e-01,1.795277309646630959e-01,4.767840060099503025e+06
-2.528172599780456942e+00,-5.203720128538438239e+00,1.523074274762958646e+00,1.144591971330632063e+00,1.874888305397107158e-01,1.795277309646630959e-01,4.767840060099503025e+06
-2.054719006227778699e+00,-5.259412543792510775e+00,1.774817387574258554e+00,7.629393340634531562e-01,-3.591834840548857599e-02,3.206669925896348250e-01,4.767840060099503025e+06
-2.296872016553783702e+00,-5.384605403984827454e+00,1.829617562200298586e+00,7.561344294507366115e-01,1.522930228390514396e-01,4.164757474260664116e-01,4.767840060099503025e+06
-2.260847605528825355e+00,-5.190423175760485286e+00,1.923492160355339875e+00,8.532142500138601982e-01,-3.757535991008253973e-03,3.481427416682940090e-01,4.767840060099503025e+06
-2.459656276250465901e+00,-5.201449931704139829e+00,1.881913290007225958e+00,7.451813992448859114e-01,-4.457069006201908046e-02,4.223497540960085006e-01,4.767840060099503025e+06
-2.759515477151802898e+00,-4.962710124778423548e+00,1.801632987452050028e+00,1.332520766695900694e+00,1.499540589086524878e-01,2.502506475384820295e-01,4.767840060099503025e+06
-2.553870971694973679e+00,-4.793585901749068512e+00,1.213237770572151764e+00,1.496133200359141879e+00,1.257100206522876462e-01,2.231455952334029380e-01,4.767840060099503025e+06
-3.891671452864327030e+00,-5.341761613271780895e+00,1.235755809644006442e+00,1.169516955644950285e+00,5.330491124452712004e-01,4.795322198702031136e-01,4.767840060099503025e+06
-3.998860965714404969e+00,-5.299270646386191608e+00,1.240767539541330899e+00,1.195380577315826587e+00,5.122318941321593044e-01,4.793475797080531398e-01,4.767840060099503025e+06
-3.933244498150467727e+00,-5.313749198689537323e+00,1.261922502345404595e+00,1.200738452561102676e+00,5.258029534434818242e-01,4.711058363120207981e-01,4.767840060099503025e+06
-3.670028877920143540e+00,-5.278798817025505130e+00,1.224434812384910920e+00,1.066941372482249850e+00,4.055259380024691107e-01,5.144860667962096734e-01,4.767840060099503025e+06
-3.486214131115530357e+00,-5.338624932914427745e+00,1.260448583427949520e+00,9.962096845059189576e-01,4.110350223089929145e-01,5.238307470139513811e-01,4.767840060099503025e+06
-3.710129055366135908e+00,-5.275890311668416821e+00,2.215728483913578906e+00,9.099213048059621167e-01,2.022208740771338498e-01,4.956085469703527813e-01,4.767840060099503025e+06
-3.095994934400824405e+00,-5.637254266397695446e+00,1.737630149728179640e+00,8.518248167754931544e-01,5.592369370222569636e-01,4.952424905925444376e-01,4.767840060099503025e+06
-2.318537013964983906e+00,-5.464506244549684588e+00,1.811362776536296959e+00,7.064679073564427148e-01,1.010091318686638928e-01,2.586921203431545857e-01,4.767840060099503025e+06
-2.131762499370542852e+00,-5.416671844790386992e+00,1.671150929145492903e+00,7.159673330310292183e-01,9.118461543175693240e-02,3.053822695581894786e-01,4.767840060099503025e+06
-2.131762499370542852e+00,-5.416671844790386992e+00,1.671150929145492903e+00,7.159673330310292183e-01,9.118461543175693240e-02,3.053822695581894786e-01,4.767840060099503025e+06
-1.980190894926340039e+00,-5.490987026782150338e+00,1.999916211266708377e+00,7.366010249708404567e-01,2.285029814430094008e-01,3.880025803075085600e-01,4.767840060099503025e+06
-1.970092351998082858e+00,-5.541059801377005378e+00,1.907162710175742237e+00,6.320623153633402325e-01,1.887163932463331584e-01,3.969868053139274378e-01,4.767840060099503025e+06
-1.894636394684305003e+00,-5.403128158911995271e+00,1.928405055803212420e+00,7.861243020723471808e-01,1.322838652557273287e-01,3.127503896853417453e-01,4.767840060099503025e+06
-1.766819419603936625e+00,-5.502912640496294472e+00,2.085932506215519400e+00,6.355019070022163152e-01,1.392861977745539770e-01,3.568643033166218892e-01,4.767840060099503025e+06
-2.167489852516026438e+00,-5.645732667817521033e+00,1.870793420424621489e+00,6.315135274209315863e-01,3.138062393138483785e-01,3.978144488809173263e-01,4.767840060099503025e+06
-2.191516096656529466e+00,-5.650259085962536787e+00,1.863236050396910315e+00,6.457109189016450035e-01,3.349162575082190729e-01,4.043249556097728847e-01,4.767840060099503025e+06
-2.243786689895228115e+00,-5.611049586138375567e+00,1.902404324972235550e+00,7.405793746054117888e-01,3.997118884067104583e-01,4.361197369965026938e-01,4.767840060099503025e+06
-2.259731634999364580e+00,-5.638492387156308183e+00,1.928824003707205526e+00,6.323595907263843685e-01,2.716219682325944351e-01,3.620493874799372014e-01,4.767840060099503025e+06
-2.161228997237087057e+00,-5.663280695162693945e+00,1.844736600873832177e+00,6.847172288129397266e-01,3.914546778171623664e-01,4.325538005731681679e-01,4.767840060099503025e+06
-1.736164301434556689e+00,-5.538394610795215556e+00,1.283754792555289681e+00,7.832503729146487181e-01,3.537361307309183633e-01,4.442182689115584115e-01,4.767840060099503025e+06
-1.858600470203602972e+00,-5.597053307950121237e+00,1.354672356911497344e+00,9.752860392375518606e-01,5.564005010394857953e-01,3.855444927610280903e-01,4.767840060099503025e+06
-2.326765585419502180e+00,-5.511119788931377883e+00,1.019295521402880711e+00,7.753145872194502353e-01,2.738117543907674367e-01,3.665745395245386118e-01,4.767840060099503025e+06
-2.398512624777619617e+00,-5.478106847493991793e+00,1.206426954481505165e+00,9.163237749667869636e-01,3.490661008444039815e-01,3.356865389462162508e-01,4.767840060099503025e+06
-2.434200629027956531e+00,-5.483945028581492132e+00,1.125937432872599731e+00,8.784210947652912882e-01,3.253488981882807218e-01,3.377917277180128020e-01,4.767840060099503025e+06
-2.193090669601942988e+00,-5.324185299459792908e+00,1.265414886024363028e+00,9.180007227746774801e-01,1.816856201496663825e-01,3.082097823876686071e-01,4.767840060099503025e+06
-2.428637856923835159e+00,-5.338863405974538345e+00,1.461924220912635963e+00,8.738795636316362136e-01,1.685191067817926602e-01,3.304403016670650617e-01,4.767840060099503025e+06
-2.218550534026118459e+00,-5.223701959034838360e+00,1.326086919648455487e+00,7.453201201862043046e-01,-7.134833062920153957e-02,3.202369763105852307e-01,4.767840060099503025e+06
-2.027936466892440670e+00,-5.391163360675052196e+00,1.195957577423935936e+00,7.306163871567284973e-01,1.243370608891377627e-01,3.574374571362912700e-01,4.767840060099503025e+06
-1.935578101731336043e+00,-5.400766796866486530e+00,1.220682631722481926e+00,7.784778779672026916e-01,1.530324100515377816e-01,3.227921629968700801e-01,4.767840060099503025e+06
-2.424488913431482651e+00,-5.411049915770869134e+00,1.306930413823957915e+00,8.054057174483284509e-01,1.903177300852976206e-01,3.450296483391155355e-01,4.767840060099503025e+06
-2.461117330809254877e+00,-5.444279578196346669e+00,1.254062497526169606e+00,7.817480860570256151e-01,2.297904726408918075e-01,3.960955298225284360e-01,4.767840060099503025e+06
-2.425834007632688305e+00,-5.444154080153410291e+00,1.166287630494148519e+00,8.417558573408181477e-01,3.135558952292113455e-01,4.176064589214536493e-01,4.767840060099503025e+06
-2.691878597393340566e+00,-5.429354583230201037e+00,1.164346522697987885e+00,7.257191161204648022e-01,2.371318367894472701e-01,4.907789234806378964e-01,4.767840060099503025e+06
-2.180074927341931534e+00,-5.624349206295597092e+00,1.374138385996157563e+00,6.413996401539333592e-01,3.484942781140445422e-01,4.694605526634066939e-01,4.767840060099503025e+06
-1.954079425667445857e+00,-5.626204787463312762e+00,1.202421817692231443e+00,7.240309522885137739e-01,4.156538390490235324e-01,4.170030728493616667e-01,4.767840060099503025e+06
-2.115119577550309327e+00,-5.650120043668765746e+00,1.400600562088427203e+00,7.832662268092003277e-01,4.665850654678894704e-01,4.120932476866150940e-01,4.767840060099503025e+06
-2.131953791669626952e+00,-5.588422485329052058e+00,1.337205972446976920e+00,8.324326150153312787e-01,4.409346307439935275e-01,4.027244480698040641e-01,4.767840060099503025e+06
-2.167613696137929313e+00,-5.587208007728130532e+00,8.629721360678206388e-01,7.313135950152430675e-01,4.993941612251049933e-01,5.833103940123788300e-01,4.767840060099503025e+06
-2.134748963387316234e+00,-5.597194866843702599e+00,8.841405752833578768e-01,7.196437206044667967e-01,4.990985609901379405e-01,5.885956701481458442e-01,4.767840060099503025e+06
-2.134748963387316234e+00,-5.597194866843702599e+00,8.841405752833578768e-01,7.196437206044667967e-01,4.990985609901379405e-01,5.885956701481458442e-01,4.767840060099503025e+06
-2.119312184375177210e+00,-5.592771705422577178e+00,8.845136965351551028e-01,7.253980045745037630e-01,4.862547666115237810e-01,5.734989810417714384e-01,4.767840060099503025e+06
-2.154372420990109838e+00,-5.585854844515253603e+00,9.062509978052541992e-01,7.073066801065107656e-01,4.682794139651609289e-01,5.784623978789802390e-01,4.767840060099503025e+06
-2.042408123877988757e+00,-5.504155076443966621e+00,1.065448430715246086e+00,8.273780947434650201e-01,3.722955426012677371e-01,4.514389708996319750e-01,4.767840060099503025e+06
-2.318112144301619715e+00,-5.523700991192923127e+00,1.094782630291758263e+00,8.673441472145448916e-01,4.261226284753324989e-01,4.579957076266352178e-01,4.767840060099503025e+06
-2.173909627343429296e+00,-5.433693667140892636e+00,1.632469308342550107e+00,8.791839231744611460e-01,3.457000617313527036e-01,4.698303789000177755e-01,4.767840060099503025e+06
-3.031537289797211265e+00,-4.859213910146506166e+00,1.013836553905601123e+00,1.442261282671335465e+00,3.580525767398612391e-01,5.442941032960855186e-01,4.767840060099503025e+06
-3.042669990676748260e+00,-4.807349766742551544e+00,1.007344951630450236e+00,1.469856705521007001e+00,3.383903377758593622e-01,5.572288295196717867e-01,4.767840060099503025e+06
-9.436664979637228168e-01,-5.740113326938805827e+00,1.969619492298303909e+00,1.343333342618270754e+00,9.860919121835183265e-01,1.712237181346094594e-01,4.767840060099503025e+06
-9.462119463987291867e-01,-5.677417507417551690e+00,1.858632759375338006e+00,1.289270731718132446e+00,9.449923140840793545e-01,1.833008906743570920e-01,4.767840060099503025e+06
-8.384161496849541484e-01,-5.290832238587661607e+00,1.324553653204976644e+00,1.438231160256837615e+00,7.041620345877050990e-01,1.953993038623196010e-01,4.767840060099503025e+06
-9.367512644948525757e-01,-5.580863158004177649e+00,1.441661525226829221e+00,1.330783514267504630e+00,8.054335272640570365e-01,7.811547319741796169e-02,4.767840060099503025e+06
-8.769867531739192756e-01,-5.578568517820863271e+00,1.480311161079854054e+00,1.281061277055625114e+00,7.877556458307253262e-01,1.227303647963340627e-01,4.767840060099503025e+06
-7.594089379567199316e-01,-5.641074127327137866e+00,1.459322937834739653e+00,1.240369745414517499e+00,7.874736497804728508e-01,5.629952190115594668e-02,4.767840060099503025e+06
-9.459660553771884750e-01,-5.802507537389574921e+00,1.759308699179169544e+00,1.032324485499951372e+00,8.173587921381380017e-01,2.519115034909961137e-01,4.767840060099503025e+06
-9.918794490308711076e-01,-5.416263552565883543e+00,1.100006091801380759e+00,5.605117591995467663e-01,-1.260400525753971324e-02,2.499162222305557624e-01,4.767840060099503025e+06
-2.016041567600066919e+00,-5.302158953358803828e+00,1.111434128322430492e+00,1.093586518082132031e+00,3.672947572529007276e-01,2.715274721336387032e-01,4.767840060099503025e+06
-2.150121149195257875e+00,-5.268024704758095034e+00,8.308246891733102046e-01,8.954398477928794398e-01,1.078560816503801312e-01,1.730410706148700073e-01,4.767840060099503025e+06
-1.809891085714374181e+00,-5.403210707538599777e+00,7.540770795201665599e-01,8.562365275702147338e-01,2.190959986488158484e-01,1.620542538810850752e-01,4.767840060099503025e+06
-1.730770433254989360e+00,-5.230875114967434847e+00,1.107771231418382518e+00,1.141336825227986296e+00,3.106895045763997665e-01,2.406376407488604041e-01,4.767840060099503025e+06
-9.381399178363349911e-01,-4.924134092777650906e+00,7.571586493644476556e-01,6.401228337903133170e-01,-3.103081518110610837e-01,3.526179091432842250e-01,4.767840060099503025e+06
-8.428383612682670556e-01,-4.820268780973385070e+00,6.969195608413680798e-01,8.861757614292402607e-01,-2.191814806133536297e-01,2.858652457264783675e-01,4.767840060099503025e+06
-8.312329410799078611e-01,-4.820135773530537904e+00,6.791128367310736991e-01,8.832970536053837973e-01,-2.178234734254395066e-01,2.902307312043021503e-01,4.767840060099503025e+06
-7.778429683758347757e-01,-4.827224401820971345e+00,5.866693835410341507e-01,7.951377580756626706e-01,-2.942359979410225090e-01,2.656756057092383161e-01,4.767840060099503025e+06
-9.405908117874061114e-01,-5.106208321379263282e+00,8.964118899565178822e-01,7.559316842218692933e-01,-7.696206302845465252e-02,2.568443881929996508e-01,4.767840060099503025e+06
-5.823966697405777992e-01,-4.790449170810812340e+00,4.647895713657523853e-01,4.761236485000783780e-01,-4.798136811303657101e-01,3.317680526172346323e-01,4.767840060099503025e+06
-7.932481244137271625e-01,-4.906585550549945829e+00,6.219408853549850402e-01,5.120157776150764395e-01,-3.696691231942859091e-01,3.260662991105439668e-01,4.767840060099503025e+06
-7.800538953866072989e-01,-4.880515711545490021e+00,5.879347975182294128e-01,4.942166728193518876e-01,-4.117453229616456767e-01,3.185856819359850767e-01,4.767840060099503025e+06
-7.519151949322852024e-01,-4.892101994986938429e+00,7.761371205090084047e-01,4.529946868471519394e-01,-4.326570779767618946e-01,3.254166975864691835e-01,4.767840060099503025e+06
-7.077119678949057580e-01,-4.928634558798629328e+00,7.650798350807805903e-01,3.739067748855017248e-01,-4.516498975114880965e-01,3.375375629239403819e-01,4.767840060099503025e+06
-5.963817158983049094e-01,-4.912315202513982015e+00,7.095651894023712325e-01,3.281881863164771707e-01,-4.942339438102569260e-01,3.358520339516810060e-01,4.767840060099503025e+06
-5.327270685893759072e-01,-4.902251653663790343e+00,8.089959006777871497e-01,3.111312197693663073e-01,-4.909468068669933238e-01,3.955321462448465053e-01,4.767840060099503025e+06
-7.090811275883097675e-01,-5.325232803699183393e+00,1.488822447182335251e+00,3.240009546556663622e-01,-1.085590163417989862e-01,4.128496253042111541e-01,4.767840060099503025e+06
-7.090811275883097675e-01,-5.325232803699183393e+00,1.488822447182335251e+00,3.240009546556663622e-01,-1.085590163417989862e-01,4.128496253042111541e-01,4.767840060099503025e+06
-1.194164193281756381e+00,-5.466249941118888067e+00,1.594634229712910800e+00,4.019569644025859922e-01,4.226635072809870053e-02,4.214580776676917218e-01,4.767840060099503025e+06
-1.221329736322410486e+00,-5.451012943395813437e+00,1.563256063814253194e+00,4.063729949239547334e-01,5.221857291512788102e-02,4.383459098358328809e-01,4.767840060099503025e+06
-1.305454079844331261e+00,-5.372607691387989881e+00,1.549996517751881964e+00,3.623356593838178430e-01,-3.545768536537052817e-02,5.424556937385206501e-01,4.767840060099503025e+06
-1.378781255902966407e+00,-5.366203482323292029e+00,1.560219672271137892e+00,4.573573525243481708e-01,2.959727890240393400e-02,5.264950918621162934e-01,4.767840060099503025e+06
-1.372116110871096417e+00,-5.356419169883598563e+00,1.552320970148926671e+00,4.596509766376944972e-01,2.389666898532960548e-02,5.281352108609291829e-01,4.767840060099503025e+06
-1.294650020360361475e+00,-5.380622310326533153e+00,1.508637398631050619e+00,4.790323308909059663e-01,7.181065247784401695e-02,5.471052300034660032e-01,4.767840060099503025e+06
-1.723225664432441295e+00,-5.538238650133231467e+00,1.526876944124396118e+00,5.050337968483562534e-01,2.106624090072212185e-01,5.040686111690397819e-01,4.767840060099503025e+06
-1.544878911958140311e+00,-5.429845080370419019e+00,1.362407764978782687e+00,4.772345968547444528e-01,5.287791706203015529e-02,4.573492316432872795e-01,4.767840060099503025e+06
-1.289383242495334869e+00,-5.415036516435742797e+00,1.349584365519477469e+00,4.396701814622625548e-01,1.733991400011802853e-02,4.639263786612326523e-01,4.767840060099503025e+06
-1.700346354333663434e+00,-5.509763431586913285e+00,1.390439633387981377e+00,4.580570161441999133e-01,5.737785108905035791e-02,3.682801591649315087e-01,4.767840060099503025e+06
-1.700346354333663434e+00,-5.509763431586913285e+00,1.390439633387981377e+00,4.580570161441999133e-01,5.737785108905035791e-02,3.682801591649315087e-01,4.767840060099503025e+06
-1.744897497988611823e+00,-5.423560233365087413e+00,1.398240687359283863e+00,6.367746069586248669e-01,1.038484933471928162e-01,3.595250805466541077e-01,4.767840060099503025e+06
-1.806888294021658847e+00,-5.254333088340176872e+00,1.254830252709701277e+00,5.813858197993378996e-01,-1.310022179656258334e-01,3.186588231860673082e-01,4.767840060099503025e+06
-1.806888294021658847e+00,-5.254333088340176872e+00,1.254830252709701277e+00,5.813858197993378996e-01,-1.310022179656258334e-01,3.186588231860673082e-01,4.767840060099503025e+06
-1.895106032652208450e+00,-5.279222198009243527e+00,1.362841784641430687e+00,6.466513680382800500e-01,-5.000824001766779325e-02,3.210343032185097867e-01,4.767840060099503025e+06
-1.916922167784736342e+00,-5.015875391046544785e+00,1.484669991967145108e+00,3.212615436281407444e-01,-4.941999130727630085e-01,4.662028953812780707e-01,4.767840060099503025e+06
-2.360302006067162672e+00,-5.558286947211330542e+00,1.276507631353188010e+00,1.227226861528686763e+00,7.174144512321121159e-01,3.036343686838333111e-01,4.767840060099503025e+06
-2.088479428496579082e+00,-6.070764537785895421e+00,1.242916486368574436e+00,7.319776660532595347e-01,8.868843800538159794e-01,4.730837147976069690e-01,4.767840060099503025e+06
-1.982333849910174139e+00,-6.098641635424779217e+00,1.146483229758368028e+00,7.088153059056370164e-01,9.038605533902748235e-01,4.828211647980675814e-01,4.767840060099503025e+06
-1.968653532933632544e+00,-5.996697804554100841e+00,1.772638382866278173e+00,1.074468365449149143e+00,9.557558415625129200e-01,1.613042959556534317e-01,4.767840060099503025e+06
-2.030896815506826325e+00,-5.739670721499320116e+00,1.195397236733285462e+00,1.621495490582747667e+00,1.239226756791259598e+00,2.055199246130279267e-01,4.767840060099503025e+06
-1.967338528307834178e+00,-5.595200684797559276e+00,1.034267799587616166e+00,1.728408720733012771e+00,1.182325078790458228e+00,1.191468519024342781e-01,4.767840060099503025e+06
-2.163290924313656660e+00,-5.547274777742856600e+00,1.076787465581987790e+00,1.769596559203927555e+00,1.184777268726272537e+00,1.612635720460137700e-01,4.767840060099503025e+06
-2.326913752104072142e+00,-5.531857826654961841e+00,7.582093163290181126e-01,2.060054381205058238e+00,1.513763719509020778e+00,2.054096175692090576e-01,4.767840060099503025e+06
-2.228896090525330997e+00,-5.490139178522473351e+00,6.297970456466602807e-01,2.176155292756142501e+00,1.585690243754539264e+00,1.743273496349108109e-01,4.767840060099503025e+06
-1.646179544218686397e+00,-5.265412113673124672e+00,1.988157807573500691e-01,2.626947892500442361e+00,1.801544621904420884e+00,9.677482041148030567e-02,4.767840060099503025e+06
-2.066967213200716635e+00,-5.338842798990628857e+00,2.903841971348118944e-01,2.420667592356952724e+00,1.676377507603930450e+00,1.206782048845214950e-01,4.767840060099503025e+06
-1.989502205464052542e+00,-5.333754005566778922e+00,2.787780781380937434e-01,2.438342504476306960e+00,1.690648076130983890e+00,1.212708039662638432e-01,4.767840060099503025e+06
-2.359926873944612424e+00,-5.372154502262481479e+00,4.339854517057950556e-01,1.950096463534177094e+00,1.333544808274465643e+00,3.002497393530628722e-01,4.767840060099503025e+06
-2.393084452355826564e+00,-5.325518781191879825e+00,3.134425783439331870e-01,2.063973877119255285e+00,1.381325128082344200e+00,2.735385089645863133e-01,4.767840060099503025e+06
-2.400143893687236574e+00,-5.461841190484645558e+00,4.824335271123391111e-01,1.989961037769695462e+00,1.398391415159405016e+00,2.672386020069492663e-01,4.767840060099503025e+06
-1.971688758819265530e+00,-5.483759147713950455e+00,6.391547734492400989e-01,1.839771762695485258e+00,1.277491743079581354e+00,3.018059593825156428e-01,4.767840060099503025e+06
-1.422749733261695848e+00,-5.458354761976160319e+00,7.688003316663858389e-01,2.046219322895359571e+00,1.404501522259063773e+00,2.394515401543807487e-01,4.767840060099503025e+06
-1.376424056343972468e+00,-5.454069999524319812e+00,7.045418088024335557e-01,2.074257236186058950e+00,1.429338457306774446e+00,2.356796817604829286e-01,4.767840060099503025e+06
-1.276629505733879899e+00,-5.487384018662382346e+00,7.791644993378258333e-01,1.915266203263747968e+00,1.333656321477287410e+00,2.645040468749010887e-01,4.767840060099503025e+06
-1.447748465960426500e+00,-5.482837245323814557e+00,7.098436706166550980e-01,2.110264973233083818e+00,1.464245493356486794e+00,2.025677676294179719e-01,4.767840060099503025e+06
-1.519659717847799962e+00,-5.473206321062429325e+00,8.067222971219356609e-01,2.028630717647961657e+00,1.379821862720399528e+00,2.088287050137034306e-01,4.767840060099503025e+06
-1.614897168252278581e+00,-5.380256634332457821e+00,7.984877607258321630e-01,2.417784164359857879e+00,1.633750909223171011e+00,5.979673476706159896e-02,4.767840060099503025e+06
-1.848237638024884832e+00,-5.347690347572218172e+00,8.375283456409137184e-01,2.315984391355979000e+00,1.437790769875088026e+00,-2.720185636974958854e-03,4.767840060099503025e+06
-2.027819012625606376e+00,-5.420734585373108594e+00,1.058999713537481790e+00,2.155052926176002970e+00,1.333374862356651924e+00,-1.974683361468321241e-02,4.767840060099503025e+06
-2.434005418422791056e+00,-5.440445676940689701e+00,1.992685331009557359e+00,1.535633334209907552e+00,8.137909773054918805e-01,1.921235003788851203e-01,4.767840060099503025e+06
-2.676417975898438328e+00,-5.584682306528669038e+00,1.669390932813628492e+00,1.543759526252288072e+00,9.406556143493782773e-01,8.342822570782310043e-02,4.767840060099503025e+06
-2.898765385874735756e+00,-5.617014879081289713e+00,1.380409890574270770e+00,5.233265526461369221e-01,3.996100073679698106e-01,6.375336412366190419e-01,4.767840060099503025e+06
-3.303125610122815914e+00,-5.733709929318293597e+00,1.877211072302009676e+00,5.472698474293842263e-01,5.000651283925563462e-01,6.118899344038002397e-01,4.767840060099503025e+06
-3.571187855751616791e+00,-5.638775587002936795e+00,1.834085076448586538e+00,5.469441107503622002e-01,5.060085773892937233e-01,7.379663934745281928e-01,4.767840060099503025e+06
-3.834786530732493315e+00,-5.701164797338791779e+00,1.860972417470428075e+00,4.644927760774506531e-01,6.085194209573239199e-01,8.848073379567567009e-01,4.767840060099503025e+06
-3.853782865810799318e+00,-5.708930636964492322e+00,1.776035858261984401e+00,4.040207879567859761e-01,6.185504730362321180e-01,9.477790266739898328e-01,4.767840060099503025e+06
-3.630055285956484301e+00,-5.610666832244072033e+00,1.797001233171053203e+00,5.179025837978195046e-01,6.445815361285753831e-01,9.671438336215506526e-01,4.767840060099503025e+06
-3.610901757311346216e+00,-5.596885792315675623e+00,1.913186099543114471e+00,5.021688400647329464e-01,6.294165234850163104e-01,9.872925406231586321e-01,4.767840060099503025e+06
-3.235667757044661030e+00,-5.664619298732008978e+00,1.982509022378330155e+00,5.345243747622696606e-01,7.272247480769018502e-01,1.000855202843677239e+00,4.767840060099503025e+06
-3.042770930879308278e+00,-5.582996248733350875e+00,1.712597518477897651e+00,5.858041373898396076e-01,6.332700782921700799e-01,9.355084772816602001e-01,4.767840060099503025e+06
-3.102374720942267849e+00,-5.379584244401396376e+00,1.119016192383097019e+00,4.595600712051944869e-01,5.338549980617821600e-01,1.161018343446420076e+00,4.767840060099503025e+06
-2.875507500992025456e+00,-5.463603588284069446e+00,1.215623466825195287e+00,4.970422083958748738e-01,5.920757117174564321e-01,1.100209177441989983e+00,4.767840060099503025e+06
-2.774492143808114264e+00,-5.515498409659934431e+00,1.258559185942626835e+00,5.120150950893179731e-01,5.815573892581363813e-01,1.012380662854268198e+00,4.767840060099503025e+06
-2.450764343451596439e+00,-5.585066321293455260e+00,1.364875330397757214e+00,5.612939568818122726e-01,7.419491547155995237e-01,1.077654568304299065e+00,4.767840060099503025e+06
-2.450764343451596439e+00,-5.585066321293455260e+00,1.364875330397757214e+00,5.612939568818122726e-01,7.419491547155995237e-01,1.077654568304299065e+00,4.767840060099503025e+06
-2.432516202383594450e+00,-5.548449893174674408e+00,1.416453802864783507e+00,4.834717800806105359e-01,6.849541215541361527e-01,1.123960911680729868e+00,4.767840060099503025e+06
-2.397057223457757846e+00,-5.589696669229498482e+00,1.266335693190364431e+00,6.117604062828290168e-01,7.767635470099399919e-01,1.068605370444214664e+00,4.767840060099503025e+06
-2.414836422700958440e+00,-5.588362933831720447e+00,1.279993293074452643e+00,6.285438300514806231e-01,7.773761821195924737e-01,1.053630526230211251e+00,4.767840060099503025e+06
-1.768780476850520422e+00,-5.511105009343800987e+00,1.321600140920550004e+00,6.320639276511318405e-01,8.019724562675517587e-01,1.162121476670480602e+00,4.767840060099503025e+06
-1.781230135282817706e+00,-5.506125457406296775e+00,1.243188013207874310e+00,6.303711935025636537e-01,8.323003938077973007e-01,1.204978102157670206e+00,4.767840060099503025e+06
-1.879676440914902047e+00,-5.502723020515338348e+00,1.100617175145578885e+00,6.481719212994774271e-01,7.633747359381635178e-01,1.091635863127385031e+00,4.767840060099503025e+06
-2.107878675455982620e+00,-5.549774320674523587e+00,1.214805701547163608e+00,5.957101579698039773e-01,7.546236497479286154e-01,1.104846983129788462e+00,4.767840060099503025e+06
-2.103526510400664407e+00,-5.549858020285735272e+00,1.217308040594178742e+00,5.990296107864738762e-01,7.553045655294772232e-01,1.101432325626876096e+00,4.767840060099503025e+06
-1.062367204265620035e+00,-5.804915472345185457e+00,1.993338030248845483e+00,1.338913419162526042e+00,1.013316547545080493e+00,1.253636624797796195e-01,4.767840060099503025e+06
-1.623104832802134023e+00,-5.269000885655712452e+00,2.249359057100169146e+00,1.862937458364851917e+00,9.428352451308548154e-01,2.457801561999907736e-01,4.767840060099503025e+06
-1.821959271509132838e+00,-5.394037708514383134e+00,2.283760749240939525e+00,2.138392984163920207e+00,1.267211953091280208e+00,1.558817042834868827e-01,4.767840060099503025e+06
-1.943188350950803223e+00,-5.807370112687051389e+00,1.933754861671558523e+00,1.902904608245729934e+00,1.520555774874861710e+00,2.857483603109186587e-01,4.767840060099503025e+06
-1.832672785045355468e+00,-5.678867821209752087e+00,1.929996180758607904e+00,1.892295070210005647e+00,1.389571144776096334e+00,2.879567401409608429e-01,4.767840060099503025e+06
-1.878765380147118247e+00,-5.657653401664611614e+00,1.867574642949668018e+00,1.906949688333710036e+00,1.360491546748346936e+00,2.260168951147829008e-01,4.767840060099503025e+06
-1.979725663725285578e+00,-5.504277543411023821e+00,1.836458064328287065e+00,1.896161311327569710e+00,1.213856472054144930e+00,2.512865934592597439e-01,4.767840060099503025e+06
-2.920394026460193970e+00,-5.333195037674366645e+00,1.427942608806563207e+00,2.288301609875311726e+00,1.376167207148408123e+00,2.071596300096599785e-01,4.767840060099503025e+06
-2.026126264420673451e+00,-5.344885874639307310e+00,1.636998505224296352e+00,2.013182407755078174e+00,1.128780732035217449e+00,1.410565535321491037e-01,4.767840060099503025e+06
-2.267232703344100209e+00,-5.389268691184257776e+00,1.206309884035924318e+00,2.076162056404854184e+00,1.286555346776302899e+00,2.695697328865691578e-01,4.767840060099503025e+06
-2.193186155089698719e+00,-5.332950320691057122e+00,1.088924606850555810e+00,2.231607990431953237e+00,1.322718045508167517e+00,1.678762766844771326e-01,4.767840060099503025e+06
-1.993836741305821780e+00,-5.321801649468358875e+00,1.121899590010205117e+00,2.001769606845542171e+00,1.121265780043733340e+00,1.584244743072513728e-01,4.767840060099503025e+06
-1.870273773652538996e+00,-4.836878095667274557e+00,5.135223234929161551e-01,2.007987275440897612e+00,7.067969496347872305e-01,2.224740931308137604e-01,4.767840060099503025e+06
-1.741377825385761025e+00,-5.012802339006642072e+00,7.172264003841509750e-01,2.041557579295007585e+00,8.766194411678703835e-01,8.089976176816576769e-02,4.767840060099503025e+06
-1.536667144934982909e+00,-4.833861173112738996e+00,1.392472781879177113e-01,2.109043466543519152e+00,7.798933913557570818e-01,9.266657386929333384e-04,4.767840060099503025e+06
-1.513855645581962284e+00,-5.288803534686681296e+00,7.179353673016605208e-01,1.454266623403450698e+00,6.539861059511058450e-01,1.275421711318746043e-01,4.767840060099503025e+06
-1.325346070842582602e+00,-5.374895926807768731e+00,8.896229065626336530e-01,1.552566668229765412e+00,8.141285109987427271e-01,1.507574309759456832e-01,4.767840060099503025e+06
-1.368172554025933074e+00,-5.480300719448462310e+00,8.700753740753143228e-01,1.652463966111840765e+00,1.007217997490995831e+00,1.137569679956947355e-01,4.767840060099503025e+06
-1.327139318671917145e+00,-5.345449775026334116e+00,1.040410413911047938e+00,1.554189415911503280e+00,7.729040465124671355e-01,1.487668529029554099e-01,4.767840060099503025e+06
-1.256965147373052982e+00,-5.380966842091714497e+00,1.217252324799400043e+00,1.498612930380457620e+00,7.320239792519027677e-01,1.531087418285648205e-01,4.767840060099503025e+06
-1.579322561309369766e+00,-5.322719384550972599e+00,6.277986835654425501e-01,1.697156293741083566e+00,9.348099641482501276e-01,2.297435840052154121e-01,4.767840060099503025e+06
-1.579322561309369766e+00,-5.322719384550972599e+00,6.277986835654425501e-01,1.697156293741083566e+00,9.348099641482501276e-01,2.297435840052154121e-01,4.767840060099503025e+06
-1.275950509006835265e+00,-5.387965459083938313e+00,5.548613945253439983e-01,1.685654454568792149e+00,1.011131782099842003e+00,2.552473720004443392e-01,4.767840060099503025e+06
-2.085083460766783858e+00,-5.556576885584155967e+00,8.019021478618579835e-01,1.550575410727168091e+00,1.125843802844639141e+00,4.270546455421737608e-01,4.767840060099503025e+06
-2.282813875056058706e+00,-5.811403232316353140e+00,1.098671180475444542e+00,1.174758644457836398e+00,1.023238896648731133e+00,4.750907747195198816e-01,4.767840060099503025e+06
-1.626565039499520360e+00,-5.831060670466811757e+00,8.868315286481205373e-01,1.242023953453119223e+00,1.163565839246191835e+00,5.348518310676533272e-01,4.767840060099503025e+06
-1.623983535067248241e+00,-5.831908556738894411e+00,8.762894763105378848e-01,1.247504405751902468e+00,1.171129304368964785e+00,5.367731301557518986e-01,4.767840060099503025e+06
-1.771546693803894401e+00,-5.536574981656950278e+00,9.136086831437491007e-01,1.323915455532778562e+00,8.946709581576836046e-01,5.044308160050077205e-01,4.767840060099503025e+06
-1.784416983598692497e+00,-5.532772378786539491e+00,8.938888442325489958e-01,1.316469012806780858e+00,8.917246378738983292e-01,5.187275288525348138e-01,4.767840060099503025e+06
-2.484307753175504008e+00,-5.684528386124821253e+00,9.703855956637209568e-01,1.289427902295650075e+00,9.118898634280103721e-01,3.335653670675312599e-01,4.767840060099503025e+06
-2.570894157813841119e+00,-5.734786589725713313e+00,9.065447703696103421e-01,1.229399243475900017e+00,9.129176036946800021e-01,3.550386533667725386e-01,4.767840060099503025e+06
-2.378598738591684025e+00,-5.651335096494150889e+00,1.133227165949540760e+00,1.247383365029431701e+00,8.878973804294482131e-01,4.122744696137731202e-01,4.767840060099503025e+06
-1.831328012696296970e+00,-5.456127376897416781e+00,5.183763067207785014e-01,1.401450488881206935e+00,8.970957243896001687e-01,4.055263425081687689e-01,4.767840060099503025e+06
-1.636658214420462221e+00,-5.233218005400168238e+00,5.086094833496869194e-01,1.666666607465678851e+00,8.833504679536871018e-01,3.020301117613068964e-01,4.767840060099503025e+06
-1.633480036869632057e+00,-5.345645369944504566e+00,3.279546233055967708e-01,1.661264593810173107e+00,1.034687535978882078e+00,3.372920281887656913e-01,4.767840060099503025e+06
-1.636765333137494505e+00,-5.431303434483741199e+00,4.855638927262785343e-01,1.690946654262605042e+00,1.131303651333634530e+00,3.223087803192920542e-01,4.767840060099503025e+06
-1.489349607844219658e+00,-5.362795518775638648e+00,4.320569820493513902e-01,1.833335871457102861e+00,1.185849333373324876e+00,2.870767867348376079e-01,4.767840060099503025e+06
-1.420993093311981426e+00,-5.319930524896789414e+00,3.836493348613389531e-01,1.838344143309107004e+00,1.154208262352082182e+00,2.963180927062831760e-01,4.767840060099503025e+06
-1.420993093311981426e+00,-5.319930524896789414e+00,3.836493348613389531e-01,1.838344143309107004e+00,1.154208262352082182e+00,2.963180927062831760e-01,4.767840060099503025e+06
-1.498067931356632521e+00,-5.250422364613650750e+00,5.142540367448119598e-01,1.820102951387838841e+00,1.024236327176317074e+00,2.501299216708499640e-01,4.767840060099503025e+06
-1.654715053410085179e+00,-5.066579475125247534e+00,5.167556354030058419e-01,1.687755249755605869e+00,6.813918179419210519e-01,1.829094963137149477e-01,4.767840060099503025e+06
-1.624025020015583021e+00,-5.096025898412597677e+00,2.926312870301404079e-01,1.672863062374185361e+00,7.248644770521323055e-01,1.926728624154257496e-01,4.767840060099503025e+06
-1.626054783515341828e+00,-5.092357890713392621e+00,2.849580782277487678e-01,1.673351611284421114e+00,7.218170223638049610e-01,1.916934970884643652e-01,4.767840060099503025e+06
-1.692169462268716451e+00,-5.146636448671845443e+00,3.713487603234519874e-01,1.628842709695246249e+00,7.551157583663753448e-01,2.240292899775735425e-01,4.767840060099503025e+06
-1.692169462268716451e+00,-5.146636448671845443e+00,3.713487603234519874e-01,1.628842709695246249e+00,7.551157583663753448e-01,2.240292899775735425e-01,4.767840060099503025e+06
-1.642454533584723819e+00,-5.130068791398611161e+00,3.572847777851059226e-01,1.649006586950974018e+00,7.577688441185836954e-01,2.198243074892087534e-01,4.767840060099503025e+06
-1.137083060410509106e+00,-4.560160957101768275e+00,2.735905048646391502e-01,1.833789313534080812e+00,3.895806477280739921e-01,2.098067450657111199e-01,4.767840060099503025e+06
-1.173646347211429131e+00,-4.569271118476308402e+00,3.171476191044382276e-01,1.823565804262020862e+00,3.862753839727498528e-01,2.111082044440381056e-01,4.767840060099503025e+06
-9.176520676858230807e-01,-4.451910891464924802e+00,2.414054356232109289e-01,1.878349287499696985e+00,2.997531245491084073e-01,1.510552249993298846e-01,4.767840060099503025e+06
-2.462807513784947222e+00,-5.327733241068915326e+00,4.346742642482528396e-01,1.410177543962967128e+00,7.670420128557554618e-01,3.341641271950513969e-01,4.767840060099503025e+06
-2.366187454571163862e+00,-5.299864810976322005e+00,4.562447171175825211e-01,1.405538252377181996e+00,7.449359606573006110e-01,3.581100731712977270e-01,4.767840060099503025e+06
-2.085392289465166193e+00,-5.455394129587161522e+00,5.605885343323842029e-01,1.221837012572991377e+00,6.691123848282061193e-01,3.325587148574841168e-01,4.767840060099503025e+06
-1.974697698089210363e+00,-5.438010693905420467e+00,7.621660606401825522e-01,1.286389601955208573e+00,7.308882820990426632e-01,3.622975512498750605e-01,4.767840060099503025e+06
-1.648586830627961186e+00,-5.511158572579811121e+00,7.726005299756645295e-01,1.266184903912354498e+00,6.694023071413550685e-01,2.258376931782587194e-01,4.767840060099503025e+06
-2.318047945225092388e+00,-5.461798714991043191e+00,1.526546956327958338e+00,1.356974210143053305e+00,6.516227722962096847e-01,1.865843236029245122e-01,4.767840060099503025e+06
-1.880595760224405222e+00,-5.478479770905864576e+00,1.645867805076824064e+00,1.160325773526126980e+00,4.504105672230714896e-01,1.305388062547905292e-01,4.767840060099503025e+06
-2.628227784630559061e+00,-5.456241118157209691e+00,1.733926625655658249e+00,9.417352907718239408e-01,2.656917917832474774e-01,1.797847114218955600e-01,4.767840060099503025e+06
-3.245983731035895214e+00,-5.434774614506473256e+00,1.913500284310430732e+00,1.205098139298771187e+00,4.961048339623084780e-01,2.236154441730655584e-01,4.767840060099503025e+06
-3.330284640370955618e+00,-5.566553094573912119e+00,1.718319922308172876e+00,1.103646879568406902e+00,5.556767274397372836e-01,2.359560733755255990e-01,4.767840060099503025e+06
-3.659784220806392874e+00,-5.641133300961862496e+00,8.368514565461442345e-01,1.063878094001673880e+00,5.805747504474921827e-01,1.902900415325963768e-01,4.767840060099503025e+06
-3.606380173938024125e+00,-5.641750303009353651e+00,8.415094771855351485e-01,1.060682715945527876e+00,5.786549514533561034e-01,1.893923074294125430e-01,4.767840060099503025e+06
-3.366919878806951871e+00,-5.601202597263700511e+00,1.325795636250414855e+00,1.159793801303649285e+00,6.014952285145753752e-01,1.798472652149463724e-01,4.767840060099503025e+06
-3.364424358128131232e+00,-5.806110845467213011e+00,1.744150846158176060e+00,1.058110101134746017e+00,7.935536637500574253e-01,3.063479299694112368e-01,4.767840060099503025e+06
-2.923370136523936846e+00,-5.674809367584621178e+00,1.052998937491236964e+00,8.042722846380961910e-01,3.749465881235298781e-01,1.445719464309262459e-01,4.767840060099503025e+06
-2.702978760006664150e+00,-5.568193095655077585e+00,1.279970211953315840e+00,9.195093267317817620e-01,4.097271218137875093e-01,2.020672456458931232e-01,4.767840060099503025e+06
-2.414977835979656540e+00,-5.501868813260773372e+00,8.499510205422535769e-01,9.073538673132036658e-01,3.008117610051375124e-01,1.131793872789647881e-01,4.767840060099503025e+06
-2.917935032596959744e+00,-5.358751932685783537e+00,1.158646755397705119e+00,6.988006921078115941e-01,-2.123635557500101051e-02,1.668694897581423364e-01,4.767840060099503025e+06
-2.112203030132000947e+00,-5.838212717039321653e+00,1.149986683613607230e+00,6.736880898704125098e-01,4.833993522817924826e-01,2.594234436470772565e-01,4.767840060099503025e+06
-2.686960822070949551e+00,-5.917706585408711639e+00,2.164157029047613534e+00,2.196714272594744166e-01,2.220150838225009027e-01,3.689046021526041219e-01,4.767840060099503025e+06
-3.011671185293293362e+00,-5.877675724618144137e+00,1.991054112887847172e+00,5.380541039538745407e-01,4.768457692943731674e-01,4.160447533205209325e-01,4.767840060099503025e+06
-2.288098640972381581e+00,-5.827553391018722273e+00,2.044947927319258785e+00,7.516192487648944986e-01,5.924878763347369848e-01,3.801625655160989492e-01,4.767840060099503025e+06
-2.580102481264656689e+00,-5.828652503552367747e+00,2.107565352123715208e+00,5.621795132086768731e-01,5.064603147322531695e-01,5.214882725009732933e-01,4.767840060099503025e+06
-2.530333070065369672e+00,-5.916099179996837876e+00,2.337484926028044807e+00,7.149238743805952367e-01,7.251449394823487049e-01,5.355394956634201842e-01,4.767840060099503025e+06
-2.542376621652602253e+00,-5.916532056629476344e+00,2.301361017841318191e+00,7.164445886883896719e-01,7.432917820420507082e-01,5.707106180224632563e-01,4.767840060099503025e+06
-2.616969819563185862e+00,-6.011777426651376821e+00,2.299741614805945300e+00,6.390824309733798003e-01,7.855042849774055425e-01,5.938107199016975368e-01,4.767840060099503025e+06
-2.202566420608777609e+00,-5.898525724137762438e+00,2.537083683605143136e+00,7.055684298486816219e-01,7.124657546596980806e-01,5.613609853021166440e-01,4.767840060099503025e+06
-2.187032669127719320e+00,-5.911672539821072547e+00,2.674635827863484749e+00,6.765045083383685043e-01,7.037287538546035393e-01,5.624636430764460293e-01,4.767840060099503025e+06
-2.741986238791784825e+00,-5.805457356435673510e+00,2.788224732684013496e+00,6.827652589880720546e-01,6.713715110010460840e-01,6.694272306358085567e-01,4.767840060099503025e+06
-2.520217760644189120e+00,-5.871912559518275287e+00,2.818560061017229224e+00,7.602694412241357558e-01,7.672595572398156483e-01,6.044937157689743712e-01,4.767840060099503025e+06
-2.520217760644189120e+00,-5.871912559518275287e+00,2.818560061017229224e+00,7.602694412241357558e-01,7.672595572398156483e-01,6.044937157689743712e-01,4.767840060099503025e+06
-1.866695970896078194e+00,-5.711808497953935415e+00,2.584143351953490875e+00,1.010840406022852411e+00,7.856791798686431072e-01,5.668451118726973714e-01,4.767840060099503025e+06
-1.856417021731588957e+00,-5.709489787736502286e+00,2.588291634072621861e+00,9.958462806272986301e-01,7.740484796838797976e-01,5.794529701621264905e-01,4.767840060099503025e+06
-2.052784226091011632e+00,-5.719709313874336232e+00,2.657681154408937374e+00,9.188253682242023546e-01,7.444454211273962008e-01,5.899556784015808075e-01,4.767840060099503025e+06
-2.918066562387692020e+00,-5.443500070550202352e+00,2.840136060645981786e+00,1.052487621729515155e+00,7.107061026879928356e-01,7.838507930619639241e-01,4.767840060099503025e+06
-2.949415372937742585e+00,-5.398548939498130750e+00,2.862601970656613481e+00,1.085219481524233309e+00,6.366095643662400549e-01,7.020384017307588209e-01,4.767840060099503025e+06
-2.520286448838565008e+00,-5.302131255974416923e+00,2.774184110393322023e+00,1.294868955804460819e+00,6.049743638786572175e-01,5.566902789229998261e-01,4.767840060099503025e+06
-2.413394332883561422e+00,-5.394621673971805365e+00,2.767891772679959228e+00,1.185352034288767342e+00,5.849458060812730009e-01,5.369227870598431984e-01,4.767840060099503025e+06
-2.400677509253155151e+00,-5.442039355243051268e+00,2.707751351128285133e+00,1.142582198446739028e+00,6.237515443416448147e-01,5.659337760899814107e-01,4.767840060099503025e+06
-2.300352376971833479e+00,-5.456692786893914793e+00,2.644851632532869701e+00,1.143848662436685037e+00,6.339240064424964682e-01,5.577758924814852914e-01,4.767840060099503025e+06
-2.212974227227741952e+00,-5.292610105914046237e+00,2.664645695631101319e+00,1.211584340022483941e+00,5.467162424826939038e-01,5.815127881858614955e-01,4.767840060099503025e+06
-9.897330912802585479e-01,-6.137097830359304673e+00,2.169282528058164239e+00,1.764856607786619236e+00,1.565789688995869788e+00,-5.733528362434950898e-01,4.767840060099503025e+06
-9.897330912802585479e-01,-6.137097830359304673e+00,2.169282528058164239e+00,1.764856607786619236e+00,1.565789688995869788e+00,-5.733528362434950898e-01,4.767840060099503025e+06
-9.897330912802585479e-01,-6.137097830359304673e+00,2.169282528058164239e+00,1.764856607786619236e+00,1.565789688995869788e+00,-5.733528362434950898e-01,4.767840060099503025e+06
-4.518637348261860254e-01,-6.622490006991877287e+00,2.433253166429010239e+00,1.778792174597384257e+00,2.029444661867263910e+00,-8.988604229962929848e-01,4.767840060099503025e+06
-4.518637348261860254e-01,-6.622490006991877287e+00,2.433253166429010239e+00,1.778792174597384257e+00,2.029444661867263910e+00,-8.988604229962929848e-01,4.767840060099503025e+06
-4.518637348261860254e-01,-6.622490006991877287e+00,2.433253166429010239e+00,1.778792174597384257e+00,2.029444661867263910e+00,-8.988604229962929848e-01,4.767840060099503025e+06
-5.412162445263380972e-01,-6.437357635806733036e+00,2.404829048758249321e+00,1.719597619156953305e+00,1.819122978382047284e+00,-7.624543869353277437e-01,4.767840060099503025e+06
-5.412162445263380972e-01,-6.437357635806733036e+00,2.404829048758249321e+00,1.719597619156953305e+00,1.819122978382047284e+00,-7.624543869353277437e-01,4.767840060099503025e+06
-5.412162445263380972e-01,-6.437357635806733036e+00,2.404829048758249321e+00,1.719597619156953305e+00,1.819122978382047284e+00,-7.624543869353277437e-01,4.767840060099503025e+06
-5.192512296466923472e-01,-6.487434252438310622e+00,2.396254310317333935e+00,1.710910239642038810e+00,1.856465889414999237e+00,-7.947630014869302428e-01,4.767840060099503025e+06
-5.192512296466923472e-01,-6.487434252438310622e+00,2.396254310317333935e+00,1.710910239642038810e+00,1.856465889414999237e+00,-7.947630014869302428e-01,4.767840060099503025e+06
-3.868437836422691234e-01,-6.511341905588551526e+00,2.400259213789118551e+00,1.828794716412450283e+00,1.948727656856838575e+00,-9.340971762253226229e-01,4.767840060099503025e+06
-3.868437836422691234e-01,-6.511341905588551526e+00,2.400259213789118551e+00,1.828794716412450283e+00,1.948727656856838575e+00,-9.340971762253226229e-01,4.767840060099503025e+06
-3.868437836422691234e-01,-6.511341905588551526e+00,2.400259213789118551e+00,1.828794716412450283e+00,1.948727656856838575e+00,-9.340971762253226229e-01,4.767840060099503025e+06
-3.868437836422691234e-01,-6.511341905588551526e+00,2.400259213789118551e+00,1.828794716412450283e+00,1.948727656856838575e+00,-9.340971762253226229e-01,4.767840060099503025e+06
-3.868437836422691234e-01,-6.511341905588551526e+00,2.400259213789118551e+00,1.828794716412450283e+00,1.948727656856838575e+00,-9.340971762253226229e-01,4.767840060099503025e+06
-3.868437836422691234e-01,-6.511341905588551526e+00,2.400259213789118551e+00,1.828794716412450283e+00,1.948727656856838575e+00,-9.340971762253226229e-01,4.767840060099503025e+06
-3.868437836422691234e-01,-6.511341905588551526e+00,2.400259213789118551e+00,1.828794716412450283e+00,1.948727656856838575e+00,-9.340971762253226229e-01,4.767840060099503025e+06
-3.868437836422691234e-01,-6.511341905588551526e+00,2.400259213789118551e+00,1.828794716412450283e+00,1.948727656856838575e+00,-9.340971762253226229e-01,4.767840060099503025e+06
-3.868437836422691234e-01,-6.511341905588551526e+00,2.400259213789118551e+00,1.828794716412450283e+00,1.948727656856838575e+00,-9.340971762253226229e-01,4.767840060099503025e+06
-3.868437836422691234e-01,-6.511341905588551526e+00,2.400259213789118551e+00,1.828794716412450283e+00,1.948727656856838575e+00,-9.340971762253226229e-01,4.767840060099503025e+06
-3.913193340789901109e-01,-6.505321015408982888e+00,2.398676325406180698e+00,1.828666295610121173e+00,1.941580660565949135e+00,-9.299532786780250193e-01,4.767840060099503025e+06
-3.913193340789901109e-01,-6.505321015408982888e+00,2.398676325406180698e+00,1.828666295610121173e+00,1.941580660565949135e+00,-9.299532786780250193e-01,4.767840060099503025e+06
-3.913193340789901109e-01,-6.505321015408982888e+00,2.398676325406180698e+00,1.828666295610121173e+00,1.941580660565949135e+00,-9.299532786780250193e-01,4.767840060099503025e+06
-3.913193340789901109e-01,-6.505321015408982888e+00,2.398676325406180698e+00,1.828666295610121173e+00,1.941580660565949135e+00,-9.299532786780250193e-01,4.767840060099503025e+06
-3.913193340789901109e-01,-6.505321015408982888e+00,2.398676325406180698e+00,1.828666295610121173e+00,1.941580660565949135e+00,-9.299532786780250193e-01,4.767840060099503025e+06
-3.913193340789901109e-01,-6.505321015408982888e+00,2.398676325406180698e+00,1.828666295610121173e+00,1.941580660565949135e+00,-9.299532786780250193e-01,4.767840060099503025e+06
-3.913193340789901109e-01,-6.505321015408982888e+00,2.398676325406180698e+00,1.828666295610121173e+00,1.941580660565949135e+00,-9.299532786780250193e-01,4.767840060099503025e+06
-3.913193340789901109e-01,-6.505321015408982888e+00,2.398676325406180698e+00,1.828666295610121173e+00,1.941580660565949135e+00,-9.299532786780250193e-01,4.767840060099503025e+06
-3.861485029981865935e-01,-6.513015216143497099e+00,2.408241910441137890e+00,1.828131719513965470e+00,1.946028563813449352e+00,-9.353894198198777765e-01,4.767840060099503025e+06
-3.861485029981865935e-01,-6.513015216143497099e+00,2.408241910441137890e+00,1.828131719513965470e+00,1.946028563813449352e+00,-9.353894198198777765e-01,4.767840060099503025e+06
-3.861485029981865935e-01,-6.513015216143497099e+00,2.408241910441137890e+00,1.828131719513965470e+00,1.946028563813449352e+00,-9.353894198198777765e-01,4.767840060099503025e+06
-3.847384742150374848e-01,-6.513650399139729430e+00,2.407938686217304003e+00,1.828424930114707747e+00,1.946826928450839045e+00,-9.360954291509713254e-01,4.767840060099503025e+06
-3.847384742150374848e-01,-6.513650399139729430e+00,2.407938686217304003e+00,1.828424930114707747e+00,1.946826928450839045e+00,-9.360954291509713254e-01,4.767840060099503025e+06
-3.847384742150374848e-01,-6.513650399139729430e+00,2.407938686217304003e+00,1.828424930114707747e+00,1.946826928450839045e+00,-9.360954291509713254e-01,4.767840060099503025e+06
-4.527239559787421541e-01,-6.490391233413574490e+00,2.421789945530320232e+00,1.819952009707509477e+00,1.922443614438296144e+00,-9.035422279987319616e-01,4.767840060099503025e+06
-4.527239559787421541e-01,-6.490391233413574490e+00,2.421789945530320232e+00,1.819952009707509477e+00,1.922443614438296144e+00,-9.035422279987319616e-01,4.767840060099503025e+06
-4.527239559787421541e-01,-6.490391233413574490e+00,2.421789945530320232e+00,1.819952009707509477e+00,1.922443614438296144e+00,-9.035422279987319616e-01,4.767840060099503025e+06
-4.545638382032197722e-01,-6.489179211994859919e+00,2.421554809050483481e+00,1.819687211000254212e+00,1.921164136154278168e+00,-9.022045456855871670e-01,4.767840060099503025e+06
-4.545638382032197722e-01,-6.489179211994859919e+00,2.421554809050483481e+00,1.819687211000254212e+00,1.921164136154278168e+00,-9.022045456855871670e-01,4.767840060099503025e+06
-4.545638382032197722e-01,-6.489179211994859919e+00,2.421554809050483481e+00,1.819687211000254212e+00,1.921164136154278168e+00,-9.022045456855871670e-01,4.767840060099503025e+06
-5.427886790536295969e-01,-6.441788775549491142e+00,2.348640303311939181e+00,1.822804636921567134e+00,1.889449901612904492e+00,-8.560431402310711979e-01,4.767840060099503025e+06
-5.427886790536295969e-01,-6.441788775549491142e+00,2.348640303311939181e+00,1.822804636921567134e+00,1.889449901612904492e+00,-8.560431402310711979e-01,4.767840060099503025e+06
-6.155552755838895607e-01,-6.511213480484213889e+00,2.427195923596367599e+00,1.894426222048070763e+00,2.016314910267771765e+00,-9.216067830133737315e-01,4.767840060099503025e+06
-6.155552755838895607e-01,-6.511213480484213889e+00,2.427195923596367599e+00,1.894426222048070763e+00,2.016314910267771765e+00,-9.216067830133737315e-01,4.767840060099503025e+06
-6.155552755838895607e-01,-6.511213480484213889e+00,2.427195923596367599e+00,1.894426222048070763e+00,2.016314910267771765e+00,-9.216067830133737315e-01,4.767840060099503025e+06
-6.155552755838895607e-01,-6.511213480484213889e+00,2.427195923596367599e+00,1.894426222048070763e+00,2.016314910267771765e+00,-9.216067830133737315e-01,4.767840060099503025e+06
-5.711408050377380086e-01,-6.524364253577731532e+00,2.445493348320887161e+00,1.906162943404661636e+00,2.035429696449784220e+00,-9.454349984106711346e-01,4.767840060099503025e+06
-5.711408050377380086e-01,-6.524364253577731532e+00,2.445493348320887161e+00,1.906162943404661636e+00,2.035429696449784220e+00,-9.454349984106711346e-01,4.767840060099503025e+06
-5.711408050377380086e-01,-6.524364253577731532e+00,2.445493348320887161e+00,1.906162943404661636e+00,2.035429696449784220e+00,-9.454349984106711346e-01,4.767840060099503025e+06
-5.863141935291076301e-01,-6.265564339806578786e+00,2.384104529851752474e+00,1.910191381971843683e+00,1.715825187251122097e+00,-9.229018288083027377e-01,4.767840060099503025e+06
-5.863141935291076301e-01,-6.265564339806578786e+00,2.384104529851752474e+00,1.910191381971843683e+00,1.715825187251122097e+00,-9.229018288083027377e-01,4.767840060099503025e+06
-1.430415051672382809e+00,-6.121602644221090905e+00,2.500743483795433875e+00,1.474139353285408571e+00,1.319486268728017109e+00,-4.442192084621380821e-01,4.767840060099503025e+06
-1.430415051672382809e+00,-6.121602644221090905e+00,2.500743483795433875e+00,1.474139353285408571e+00,1.319486268728017109e+00,-4.442192084621380821e-01,4.767840060099503025e+06
-1.430415051672382809e+00,-6.121602644221090905e+00,2.500743483795433875e+00,1.474139353285408571e+00,1.319486268728017109e+00,-4.442192084621380821e-01,4.767840060099503025e+06
-1.430415051672382809e+00,-6.121602644221090905e+00,2.500743483795433875e+00,1.474139353285408571e+00,1.319486268728017109e+00,-4.442192084621380821e-01,4.767840060099503025e+06
-1.430415051672382809e+00,-6.121602644221090905e+00,2.500743483795433875e+00,1.474139353285408571e+00,1.319486268728017109e+00,-4.442192084621380821e-01,4.767840060099503025e+06
-1.430415051672382809e+00,-6.121602644221090905e+00,2.500743483795433875e+00,1.474139353285408571e+00,1.319486268728017109e+00,-4.442192084621380821e-01,4.767840060099503025e+06
-1.430415051672382809e+00,-6.121602644221090905e+00,2.500743483795433875e+00,1.474139353285408571e+00,1.319486268728017109e+00,-4.442192084621380821e-01,4.767840060099503025e+06
-4.939230441550419570e-01,-6.296972641328681064e+00,2.192818251215027825e+00,2.116868269407645720e+00,1.910881905160482397e+00,-1.022787095413672631e+00,4.767840060099503025e+06
-4.939230441550419570e-01,-6.296972641328681064e+00,2.192818251215027825e+00,2.116868269407645720e+00,1.910881905160482397e+00,-1.022787095413672631e+00,4.767840060099503025e+06
-1.186920354204247019e+00,-6.040219215276692921e+00,2.363022803986049247e+00,1.796448736596542028e+00,1.460099139809935664e+00,-5.971959821353175490e-01,4.767840060099503025e+06
-6.648747455082968383e-01,-6.282653336688841073e+00,2.455897577797481635e+00,1.805376753057187145e+00,1.801661654075505270e+00,-5.332607992095581562e-01,4.767840060099503025e+06
-1.085509995202690092e+00,-6.195441224720517503e+00,2.479549943929280964e+00,1.737012902535148839e+00,1.681832284682375889e+00,-3.589681240446503940e-01,4.767840060099503025e+06
-1.085509995202690092e+00,-6.195441224720517503e+00,2.479549943929280964e+00,1.737012902535148839e+00,1.681832284682375889e+00,-3.589681240446503940e-01,4.767840060099503025e+06
-1.085509995202690092e+00,-6.195441224720517503e+00,2.479549943929280964e+00,1.737012902535148839e+00,1.681832284682375889e+00,-3.589681240446503940e-01,4.767840060099503025e+06
-1.208218674284791128e-01,-6.411388648219864095e+00,2.538884898269778922e+00,2.187258617126800253e+00,2.197662677480325399e+00,-7.014717700614053753e-01,4.767840060099503025e+06
-1.208218674284791128e-01,-6.411388648219864095e+00,2.538884898269778922e+00,2.187258617126800253e+00,2.197662677480325399e+00,-7.014717700614053753e-01,4.767840060099503025e+06
-1.208218674284791128e-01,-6.411388648219864095e+00,2.538884898269778922e+00,2.187258617126800253e+00,2.197662677480325399e+00,-7.014717700614053753e-01,4.767840060099503025e+06
-5.791595743892968828e-01,-6.242597990388219387e+00,2.455306269003778574e+00,1.670242204957915977e+00,1.655367144748789654e+00,-3.405926397517562432e-01,4.767840060099503025e+06
-1.621956698051155499e+00,-6.017047709204113914e+00,2.403989926232269259e+00,1.691984928315406478e+00,1.480785356368375494e+00,-1.395751601386448493e-01,4.767840060099503025e+06
-2.251519323140847462e+00,-5.880877380489217821e+00,2.373008970558182273e+00,1.705111552548385534e+00,1.375385977628559742e+00,-1.821589544318474863e-02,4.767840060099503025e+06
-2.251628057431191987e+00,-5.886796714035953393e+00,2.378162551807565528e+00,1.700419330004005136e+00,1.379063926406656648e+00,-1.291375844747810753e-02,4.767840060099503025e+06
-2.245481139505901336e+00,-5.829490409458001565e+00,2.380410974673559998e+00,1.707916699323968945e+00,1.326041202778708961e+00,-2.424043388313201763e-02,4.767840060099503025e+06
-2.245481139505901336e+00,-5.829490409458001565e+00,2.380410974673559998e+00,1.707916699323968945e+00,1.326041202778708961e+00,-2.424043388313201763e-02,4.767840060099503025e+06
-2.251648734522160744e+00,-5.842563359527737532e+00,2.377801375723920252e+00,1.717804650895134122e+00,1.346346297201217457e+00,-3.246949280168132113e-02,4.767840060099503025e+06
-2.044485126050628487e+00,-5.939947205688445031e+00,2.371050995856517574e+00,1.816304790122101886e+00,1.532142988218409219e+00,-5.881590001491940334e-02,4.767840060099503025e+06
-2.128612615024036536e+00,-5.910369642176235061e+00,2.360629192381310304e+00,1.850881092785329640e+00,1.501464606720843920e+00,-1.435566605261028306e-01,4.767840060099503025e+06
-2.128612615024036536e+00,-5.910369642176235061e+00,2.360629192381310304e+00,1.850881092785329640e+00,1.501464606720843920e+00,-1.435566605261028306e-01,4.767840060099503025e+06
-2.128612615024036536e+00,-5.910369642176235061e+00,2.360629192381310304e+00,1.850881092785329640e+00,1.501464606720843920e+00,-1.435566605261028306e-01,4.767840060099503025e+06
-2.361745754462623914e+00,-5.823481099201879729e+00,2.384355792701481125e+00,1.732980229175428377e+00,1.345831342998891067e+00,-4.036846779770209004e-02,4.767840060099503025e+06
-2.361745754462623914e+00,-5.823481099201879729e+00,2.384355792701481125e+00,1.732980229175428377e+00,1.345831342998891067e+00,-4.036846779770209004e-02,4.767840060099503025e+06
-2.361745754462623914e+00,-5.823481099201879729e+00,2.384355792701481125e+00,1.732980229175428377e+00,1.345831342998891067e+00,-4.036846779770209004e-02,4.767840060099503025e+06
-2.361745754462623914e+00,-5.823481099201879729e+00,2.384355792701481125e+00,1.732980229175428377e+00,1.345831342998891067e+00,-4.036846779770209004e-02,4.767840060099503025e+06
-2.031988074558781943e+00,-6.109257428523862110e+00,2.437662657800882204e+00,1.692568216261651770e+00,1.698477338109845025e+00,2.254166043106038408e-01,4.767840060099503025e+06
-2.243724922629053431e+00,-5.558853657376769952e+00,2.533193277570812363e+00,2.247455292870516264e+00,1.670755977003478110e+00,1.733976079435033679e-01,4.767840060099503025e+06
-2.243724922629053431e+00,-5.558853657376769952e+00,2.533193277570812363e+00,2.247455292870516264e+00,1.670755977003478110e+00,1.733976079435033679e-01,4.767840060099503025e+06
-2.243724922629053431e+00,-5.558853657376769952e+00,2.533193277570812363e+00,2.247455292870516264e+00,1.670755977003478110e+00,1.733976079435033679e-01,4.767840060099503025e+06
-2.907285565463058497e+00,-5.550117414841566621e+00,2.632440825052737576e+00,2.345665743662971536e+00,1.889652879430693266e+00,3.366559052690069054e-01,4.767840060099503025e+06
-2.907285565463058497e+00,-5.550117414841566621e+00,2.632440825052737576e+00,2.345665743662971536e+00,1.889652879430693266e+00,3.366559052690069054e-01,4.767840060099503025e+06
-1.224488943671421026e+00,-4.999977519799046810e+00,1.573164567955773974e+00,1.699073405717995477e+00,4.936643818170138864e-01,1.547308891864870029e-01,4.767840060099503025e+06
-1.448186270054288238e+00,-5.171707856712875362e+00,1.699113177836375055e+00,1.929111277546328829e+00,9.354633291943865725e-01,2.604663864345085900e-01,4.767840060099503025e+06
-1.253933053443700540e+00,-4.951853544689559072e+00,1.164280490309552052e+00,2.509172037254247201e+00,1.263106653826461923e+00,2.162547556240938529e-01,4.767840060099503025e+06
-1.420764032095690466e+00,-5.128948798012348043e+00,1.654779916795578121e+00,2.398907440682267023e+00,1.352885818601830437e+00,3.000053955702986497e-01,4.767840060099503025e+06
-1.347083131325375049e+00,-5.190494403761523934e+00,1.541157392299763451e+00,2.487363022278113345e+00,1.529309058782607034e+00,3.500332947054710653e-01,4.767840060099503025e+06
-1.362666984808156068e+00,-5.197425195044975688e+00,1.478733758864560599e+00,2.584743362977304670e+00,1.596338933073393251e+00,3.083755326557582888e-01,4.767840060099503025e+06
-1.799348628422219321e+00,-5.390984108590948232e+00,1.310406693837751435e+00,1.967527423521607588e+00,1.228314559966536601e+00,3.239309544341136271e-01,4.767840060099503025e+06
-1.533844701941490918e+00,-5.987882317274790367e+00,1.374646293896343519e+00,1.682710706801640477e+00,1.487707033906451759e+00,2.537784143643595502e-01,4.767840060099503025e+06
-2.125380599496882184e+00,-5.828447633065874101e+00,1.731734804004559702e+00,1.571430173926213314e+00,1.257018964203918898e+00,3.081486748705856149e-01,4.767840060099503025e+06
-2.188188893633041143e+00,-5.844319797053653787e+00,1.623551964591585683e+00,1.556209620604019905e+00,1.270757807552688856e+00,3.355660322681625063e-01,4.767840060099503025e+06
-1.947660970084562626e+00,-5.190980445699024060e+00,1.266131624232522013e+00,1.777827412883464797e+00,7.348820350813078939e-01,2.058144877146042551e-01,4.767840060099503025e+06
-1.502198723064542829e+00,-5.531509786534095419e+00,1.447502107950062733e+00,9.163702206823804985e-01,3.858152009214560474e-01,2.967553333937845705e-01,4.767840060099503025e+06
-1.621955324581562774e+00,-5.828478045791447570e+00,1.454911738143801259e+00,7.401001757864204000e-01,5.432826078395638358e-01,3.068761824479719347e-01,4.767840060099503025e+06
-1.626271050802069240e+00,-5.709091495786934978e+00,1.478557523541106589e+00,9.215062942151556191e-01,5.870209276644360319e-01,3.010280949362159064e-01,4.767840060099503025e+06
-1.554947403373923898e+00,-5.868812147879591379e+00,1.399994712226702021e+00,8.474233181413763916e-01,6.694796245095709919e-01,2.709171165251365587e-01,4.767840060099503025e+06
-1.554947403373923898e+00,-5.868812147879591379e+00,1.399994712226702021e+00,8.474233181413763916e-01,6.694796245095709919e-01,2.709171165251365587e-01,4.767840060099503025e+06
-1.531776235522307239e+00,-5.718546789562171107e+00,1.216091162793607960e+00,9.121057326920511965e-01,5.938246272588632024e-01,2.779348005655479237e-01,4.767840060099503025e+06
-1.531776235522307239e+00,-5.718546789562171107e+00,1.216091162793607960e+00,9.121057326920511965e-01,5.938246272588632024e-01,2.779348005655479237e-01,4.767840060099503025e+06
-1.224709025918554905e+00,-5.821929984806136105e+00,1.106019194264139971e+00,9.421131379802107908e-01,7.233788928374977889e-01,2.657411487646221815e-01,4.767840060099503025e+06
-1.293223331406693655e+00,-5.705358736931522401e+00,9.462915326322129950e-01,1.035838823336952208e+00,7.057649576528426394e-01,2.732396274466479813e-01,4.767840060099503025e+06
-1.350988092605109880e+00,-5.756421181008938071e+00,9.582061872381524292e-01,9.964134850212770234e-01,7.372547747166707799e-01,3.031422509473971627e-01,4.767840060099503025e+06
-1.356881242808059218e+00,-5.786617416799129998e+00,9.070732368306977378e-01,9.495870851952319391e-01,7.070383314602921576e-01,2.791976190621113796e-01,4.767840060099503025e+06
-1.297793146885736215e+00,-5.628986555798730862e+00,9.971648341469951937e-01,9.989653173874339931e-01,5.794318205719912740e-01,2.495789319041878951e-01,4.767840060099503025e+06
-1.183787396240682188e+00,-5.670289293273444109e+00,9.909807781505914903e-01,9.231069706600076863e-01,5.490953367119992823e-01,2.404553007354723881e-01,4.767840060099503025e+06
-1.134584672635546632e+00,-5.693911717898486380e+00,9.455583464172840902e-01,9.121339538942565550e-01,5.643672356031391724e-01,2.368765441618827516e-01,4.767840060099503025e+06
-1.621147952863067454e+00,-5.635240327318134845e+00,1.679576788047017377e+00,7.463148795684472203e-01,2.830231172051895783e-01,2.583728740260058387e-01,4.767840060099503025e+06
-1.911734609156722886e+00,-5.617724499382252823e+00,1.776828411038644973e+00,8.204237683494650657e-01,3.955509631317216113e-01,3.516801531746320264e-01,4.767840060099503025e+06
-1.940199700562917684e+00,-5.466753755187505170e+00,1.798175581431289416e+00,9.976631506930273563e-01,3.709771649254421932e-01,3.146964338396215921e-01,4.767840060099503025e+06
-2.330047353302071134e+00,-5.549810325284918910e+00,1.577470761873272398e+00,1.063860343904734052e+00,5.362813810254792868e-01,3.350132401578799213e-01,4.767840060099503025e+06
-2.571914216852754898e+00,-5.432986169609339555e+00,1.621879494012259837e+00,1.111249480916240762e+00,4.420313607042311577e-01,3.035101735045340199e-01,4.767840060099503025e+06
-2.590904116589446637e+00,-5.352148806686882310e+00,2.257757973264660656e+00,1.388690933391786064e+00,5.346524627948838759e-01,1.864246924993061549e-01,4.767840060099503025e+06
-2.354704299059495742e+00,-5.142487642418420712e+00,2.432650023053785304e+00,1.586047564445646429e+00,4.721190780399179276e-01,1.213431899271624481e-01,4.767840060099503025e+06
-1.911577214194009278e+00,-5.436039316395232746e+00,2.740940663319046955e+00,1.520025724396762090e+00,7.469404989926129446e-01,1.652996048266587858e-01,4.767840060099503025e+06
-1.702944167488187777e+00,-5.538959178534391903e+00,2.414022701655596403e+00,1.490736285077629786e+00,8.551812520217869640e-01,1.780896132876020888e-01,4.767840060099503025e+06
-1.297361797148683493e+00,-5.498041430417994313e+00,1.836380733140157373e+00,1.104436232702975307e+00,5.604471325700163264e-01,3.438505624871069366e-01,4.767840060099503025e+06
-1.779037954042440806e+00,-5.373635553349269678e+00,8.955836257933106337e-01,1.063512293026878774e+00,4.250127264619926182e-01,2.914481151483503951e-01,4.767840060099503025e+06
-1.333304385874587883e+00,-5.450996105679380754e+00,4.595591280695543457e-01,9.853541525402247370e-01,5.132357028034404411e-01,3.492367835461648862e-01,4.767840060099503025e+06
-1.057623387952629557e+00,-5.376656563982140646e+00,4.262974818954492484e-01,1.171203812167861846e+00,6.376972299854360982e-01,3.692788018938482630e-01,4.767840060099503025e+06
-1.097606295328784620e+00,-5.404922993221988214e+00,6.562016624486414207e-01,1.225128234349286638e+00,7.051263970489149990e-01,3.701164157208264305e-01,4.767840060099503025e+06
-1.153055216172694131e+00,-5.351653591549542455e+00,4.205337654336742670e-01,1.155505232471691013e+00,6.482502658852180577e-01,4.347363623873253258e-01,4.767840060099503025e+06
-1.153055216172694131e+00,-5.351653591549542455e+00,4.205337654336742670e-01,1.155505232471691013e+00,6.482502658852180577e-01,4.347363623873253258e-01,4.767840060099503025e+06
-1.320731428224846127e+00,-5.311939367764521691e+00,4.559214057343566884e-01,1.205753784775801973e+00,6.386339749646844366e-01,4.168908214766645637e-01,4.767840060099503025e+06
-1.320731428224846127e+00,-5.311939367764521691e+00,4.559214057343566884e-01,1.205753784775801973e+00,6.386339749646844366e-01,4.168908214766645637e-01,4.767840060099503025e+06
-1.280237520940336937e+00,-5.264291998242245363e+00,3.859792089084359556e-01,1.256885716047570600e+00,6.339483452646242911e-01,3.964130208903037245e-01,4.767840060099503025e+06
-1.268053143546769901e+00,-5.274427337342120659e+00,3.781043802409991272e-01,1.224991237783640941e+00,6.212316538721036618e-01,4.076527930479451611e-01,4.767840060099503025e+06
-1.345918592402581826e+00,-5.289669741235459632e+00,4.645169438592575695e-01,1.218725907833480449e+00,6.206402491378721908e-01,3.981701534259841080e-01,4.767840060099503025e+06
-1.345918592402581826e+00,-5.289669741235459632e+00,4.645169438592575695e-01,1.218725907833480449e+00,6.206402491378721908e-01,3.981701534259841080e-01,4.767840060099503025e+06
-1.603767402181334401e+00,-5.559922815504996230e+00,3.609861928956872301e-01,1.199002388131793495e+00,8.811050309539474323e-01,4.311124086226741925e-01,4.767840060099503025e+06
-1.682007599289327526e+00,-5.539958175446318300e+00,4.758948761428651864e-01,1.198521939320197349e+00,8.490983890808009305e-01,4.247819915855599038e-01,4.767840060099503025e+06
-1.701166663822723635e+00,-5.561640035306858465e+00,6.060367913630271275e-01,1.231567164951449689e+00,8.999737744847178256e-01,4.389666381600856870e-01,4.767840060099503025e+06
-1.701166663822723635e+00,-5.561640035306858465e+00,6.060367913630271275e-01,1.231567164951449689e+00,8.999737744847178256e-01,4.389666381600856870e-01,4.767840060099503025e+06
-1.664187878977418933e+00,-5.350593023008195281e+00,3.625122253840379893e-01,1.476073262965460486e+00,9.453401309428622890e-01,4.381230483583885005e-01,4.767840060099503025e+06
-1.410184970619367872e+00,-5.778253490062986053e+00,7.469787282899106318e-01,1.193435286188723188e+00,1.098693441909965207e+00,5.055793974643625344e-01,4.767840060099503025e+06
-1.322958673061558121e+00,-5.585451597689502279e+00,1.049682878934557140e+00,1.355123718113343756e+00,1.011706105311802606e+00,5.053343248545970612e-01,4.767840060099503025e+06
-1.514440885945256055e+00,-5.564197361953774568e+00,1.099218463252768618e+00,1.299404104995927955e+00,9.482080990816026400e-01,5.355272690989402173e-01,4.767840060099503025e+06
-1.399444082224026165e+00,-5.536403168107073114e+00,1.231260396928783640e+00,1.356610573260874419e+00,9.010154560635161847e-01,4.406596251277968834e-01,4.767840060099503025e+06
-1.174090760467102257e+00,-5.519864340241102951e+00,1.065596071593817973e+00,1.421988545694985229e+00,9.344562091668071613e-01,4.197539354059214856e-01,4.767840060099503025e+06
-1.174090760467102257e+00,-5.519864340241102951e+00,1.065596071593817973e+00,1.421988545694985229e+00,9.344562091668071613e-01,4.197539354059214856e-01,4.767840060099503025e+06
-1.109859063340154828e+00,-5.616931336052077839e+00,7.930592926571586876e-01,1.095870598424336873e+00,7.393840404994371784e-01,4.263380822329374542e-01,4.767840060099503025e+06
-1.431743614039788337e+00,-5.637993397113126193e+00,1.033173222031224192e+00,1.517252525604771307e+00,9.719220260494149111e-01,6.327297599867953704e-02,4.767840060099503025e+06
-1.149732178841284203e+00,-5.670133111650724089e+00,1.055783820346905211e+00,9.136916252786344561e-01,4.903419746941608537e-01,1.480954991528319886e-01,4.767840060099503025e+06
-1.649921774222256721e+00,-5.656258355699110396e+00,1.143326330743442032e+00,8.666576832574557354e-01,5.059430429320359579e-01,2.764674181455490376e-01,4.767840060099503025e+06
-2.020129117206582059e+00,-5.926854260025411492e+00,1.656384534114610840e+00,8.650742346459074916e-01,7.575184894012336745e-01,2.997577073750862797e-01,4.767840060099503025e+06
-1.371671998887848076e+00,-5.708856671308712549e+00,2.167630495931943013e+00,1.377644286473754587e+00,9.701410366153033760e-01,2.723551155412721192e-01,4.767840060099503025e+06
-1.315540354847836602e+00,-5.440961687811590508e+00,1.888217107280377061e+00,1.427682898071503503e+00,7.681935550082227282e-01,3.379099538246478351e-01,4.767840060099503025e+06
-1.237141560996998457e+00,-5.312569447715365101e+00,1.869055181606826821e+00,1.679300911855987177e+00,7.964737893734832319e-01,2.340829354435045029e-01,4.767840060099503025e+06
-1.644827807569191558e+00,-5.561555363890725801e+00,1.799267992715597897e+00,1.426819761041834500e+00,8.679117642294151835e-01,3.097393442523045382e-01,4.767840060099503025e+06
-2.070618125097097639e+00,-5.573061736891061990e+00,1.351904459917346646e+00,1.325244850438379807e+00,8.435121555141784633e-01,4.371965520545206818e-01,4.767840060099503025e+06
-2.043677714167563053e+00,-5.460265101609938831e+00,2.259023530978911065e+00,1.104163506311932386e+00,5.044885656802131635e-01,4.280937334168031239e-01,4.767840060099503025e+06
-1.600768407580796415e+00,-5.544955082080858411e+00,2.187707019860706037e+00,1.065697884813404439e+00,6.132349539081625167e-01,4.702026341618088523e-01,4.767840060099503025e+06
-1.633502739037563822e+00,-5.537833459704356365e+00,2.081760252151607204e+00,9.963988174817846044e-01,5.647933976731518424e-01,4.946045183060140404e-01,4.767840060099503025e+06
-1.890080088718087969e+00,-5.683773889712410821e+00,2.390012853525426362e+00,1.136305455251813701e+00,8.557032906933405014e-01,5.502157321697381809e-01,4.767840060099503025e+06
-2.064011482072001247e+00,-5.750666852069506341e+00,2.230447600897915272e+00,1.204307906068306844e+00,9.722748814603192624e-01,5.332121407732451912e-01,4.767840060099503025e+06
-2.906811831684415814e+00,-5.601773860690881790e+00,1.990364090429503019e+00,1.240589421190088082e+00,8.818228616626374583e-01,5.657630073909124535e-01,4.767840060099503025e+06
-2.920984308088133030e+00,-5.589391168979905622e+00,2.210536042624011266e+00,1.360166722361515257e+00,9.992780609853835205e-01,6.055747826869527506e-01,4.767840060099503025e+06
-3.806641059010028805e+00,-5.582041560169614058e+00,2.194375114318954711e+00,1.346758052298247188e+00,8.409868223249336028e-01,3.996154356868253377e-01,4.767840060099503025e+06
-3.912623512890095689e+00,-5.582351881171060626e+00,2.230531970151533372e+00,1.384363943542409769e+00,8.731777609915446492e-01,4.015794864399350184e-01,4.767840060099503025e+06
-2.767265791816000409e+00,-5.979532494666470299e+00,2.414638671566800454e+00,1.095216928138575740e+00,9.635095744363527670e-01,3.172183609151596473e-01,4.767840060099503025e+06
-3.347282457250332577e+00,-5.720765844618639129e+00,2.258238170669470524e+00,1.920674166283053985e+00,1.450882669705828798e+00,2.854076553957040630e-01,4.767840060099503025e+06
-2.826626260528918522e+00,-5.762804866281364014e+00,2.069945287873478978e+00,1.660608504764141902e+00,1.328616673079182409e+00,3.882403464509398550e-01,4.767840060099503025e+06
-3.119088015203096198e+00,-5.708413177856217047e+00,2.166895168189645560e+00,1.308298111308178857e+00,1.001662250613319483e+00,4.858989532437827941e-01,4.767840060099503025e+06
-2.680799315814886619e+00,-5.644129026775027924e+00,2.171507967651908011e+00,1.394412590915923289e+00,9.887952588450336089e-01,4.417164160078746460e-01,4.767840060099503025e+06
-3.240934861064363126e+00,-5.661786005405395450e+00,2.227550477897047632e+00,1.287635159815483155e+00,1.025420563206138613e+00,6.358816701180076691e-01,4.767840060099503025e+06
-3.131938567406959528e+00,-5.667099663247804564e+00,2.267008984376067460e+00,1.253801991558235684e+00,9.996450022671570235e-01,6.316685992057126109e-01,4.767840060099503025e+06
-3.253742237353210776e+00,-5.879008502823519500e+00,2.618386711222778995e+00,1.127561518870798141e+00,1.193103228533700655e+00,7.640555407700002633e-01,4.767840060099503025e+06
-3.091597831077580683e+00,-5.910858228655549773e+00,2.203537955863033027e+00,1.112240546886899439e+00,1.129961533771689064e+00,6.149486152446539400e-01,4.767840060099503025e+06
-2.865182694020233178e+00,-6.366274791987009962e+00,2.266192434895740515e+00,9.926781324677456109e-01,1.592825336152494220e+00,7.820673186618273265e-01,4.767840060099503025e+06
-2.512481594222343961e+00,-6.241046073152650031e+00,2.286587943773431775e+00,9.277320417795552610e-01,1.389460979872219504e+00,7.429645941499808393e-01,4.767840060099503025e+06
-1.947955224713837197e+00,-6.322261890545775920e+00,2.360382199345502308e+00,6.639702242148588507e-01,1.184186645773975366e+00,6.509663162588771312e-01,4.767840060099503025e+06
-2.019569729642364475e+00,-6.255523965146118748e+00,2.366760123310708508e+00,6.158142419487009356e-01,1.115567332786861821e+00,7.044804764981466016e-01,4.767840060099503025e+06
-1.803790351870579567e+00,-5.759595939403774345e+00,2.738082034501451822e+00,1.457107757804217307e+00,1.001668378760691702e+00,2.453115683521402968e-01,4.767840060099503025e+06
-1.485619532020714395e+00,-4.941143096718535688e+00,1.787612724395592601e+00,1.537968761931156170e+00,3.406638387237036492e-01,3.382921807928353508e-01,4.767840060099503025e+06
-1.644303483948268862e+00,-4.837802085122947737e+00,2.020515931746611926e+00,1.961843804507370947e+00,5.901369971914395274e-01,2.129074649970789102e-01,4.767840060099503025e+06
-1.259503101400864189e+00,-5.035897040212114817e+00,1.981068647401145189e+00,1.864574832960726125e+00,6.787809057605224128e-01,1.286506281116862327e-01,4.767840060099503025e+06
-1.261523359218912343e+00,-4.857567770027313436e+00,1.629633876083539379e+00,2.381166736222917635e+00,8.718911560518842752e-01,-7.475593540282787774e-02,4.767840060099503025e+06
-1.355206179751111017e+00,-5.113083855581921355e+00,1.682296692861944276e+00,2.590125218988311495e+00,1.349241645198412609e+00,-7.871830311528563162e-02,4.767840060099503025e+06
-1.579239976045385241e+00,-5.088744450737546998e+00,1.568575029787362185e+00,2.855571939313627183e+00,1.618247190618417486e+00,8.919483961192423149e-03,4.767840060099503025e+06
-1.579239976045385241e+00,-5.088744450737546998e+00,1.568575029787362185e+00,2.855571939313627183e+00,1.618247190618417486e+00,8.919483961192423149e-03,4.767840060099503025e+06
-1.509625411598241485e+00,-5.052207553139854923e+00,1.462187660685815516e+00,2.903376262463686963e+00,1.620766200711784677e+00,-1.488507338422717652e-02,4.767840060099503025e+06
-1.585301839488785003e+00,-5.070960969874562352e+00,1.396799893481833532e+00,2.738669196954440999e+00,1.520424637802384682e+00,6.300471306425228790e-02,4.767840060099503025e+06
-1.662469668585812910e+00,-4.975717184936472748e+00,1.670487644844200537e+00,2.772742784024283758e+00,1.467445964956232363e+00,1.493154348398945952e-01,4.767840060099503025e+06
-1.754093583301485904e+00,-5.033036304680312156e+00,1.579438887042825757e+00,2.678778121704427306e+00,1.434761112139494976e+00,1.470439607502319335e-01,4.767840060099503025e+06
-1.749139331193970248e+00,-5.241155563799028805e+00,1.839724080649245641e+00,2.503199696902861149e+00,1.462406323861952462e+00,1.226179568271016929e-01,4.767840060099503025e+06
-1.717434897405391681e+00,-5.206005621070328715e+00,1.800990854929519713e+00,2.575586119886469572e+00,1.484577255534211382e+00,1.058723283911753299e-01,4.767840060099503025e+06
-2.073667034129583087e+00,-5.465858144376430694e+00,2.275742065236719291e+00,2.699674729782581828e+00,1.807557678030144110e+00,3.548211669984768779e-02,4.767840060099503025e+06
-1.843065548424368760e+00,-5.433251150245854255e+00,1.196323529777589378e+00,1.749747732027433056e+00,9.862831104369930157e-01,1.872034010503721424e-01,4.767840060099503025e+06
-2.033644562182232551e+00,-5.527139419920399810e+00,1.465788244429253373e+00,1.798549640159346596e+00,1.134707074982459041e+00,2.366682198705737372e-01,4.767840060099503025e+06
-2.106243587793953154e+00,-5.483501083423455214e+00,1.166963588202560409e+00,1.077785266407825571e+00,4.882361876908881682e-01,3.199691006210813038e-01,4.767840060099503025e+06
-2.361709660196899652e+00,-5.458504255084924317e+00,1.136219432148136033e+00,1.208779324602798244e+00,5.736859797122796367e-01,3.050789452292482218e-01,4.767840060099503025e+06
-2.901105939439695636e+00,-5.187195497268712430e+00,1.136112395852806545e+00,1.470672523878076676e+00,4.940278314106391067e-01,2.878604964025567314e-01,4.767840060099503025e+06
-2.684797476165480035e+00,-5.432014749671238540e+00,1.245493988626654058e+00,9.523130246317492720e-01,3.145880908208956162e-01,3.064705741605887601e-01,4.767840060099503025e+06
-2.498246533994066709e+00,-5.246596636342498954e+00,1.183880516035556774e+00,9.152344062923802870e-01,1.143995615463673232e-01,3.340703359207245482e-01,4.767840060099503025e+06
-2.321993789693589605e+00,-5.143415685898282241e+00,1.634633947447615032e+00,1.139417798621438216e+00,2.359754155258019792e-01,3.751761636328840299e-01,4.767840060099503025e+06
-2.267240710985809038e+00,-4.752308101289663966e+00,2.094187455415621013e+00,1.349606958926053091e+00,-2.206386294686324412e-02,2.935608342997707010e-01,4.767840060099503025e+06
-2.414475531397664465e+00,-5.079430991546312057e+00,2.127113977864858896e+00,1.197570670045118968e+00,1.671054103518831990e-01,3.299693140059111185e-01,4.767840060099503025e+06
-2.386172960239577812e+00,-5.201168062137125681e+00,1.934704988427745409e+00,1.340919117475843247e+00,4.027632834386171701e-01,2.820397135407407552e-01,4.767840060099503025e+06
-2.561721147788670550e+00,-5.089831147062883865e+00,1.441296795717212920e+00,1.397026387932699176e+00,3.282089190192705175e-01,2.464195967911451124e-01,4.767840060099503025e+06
-3.764677963666092531e+00,-5.446277262102074523e+00,9.343222029260723760e-01,1.285229124188544070e+00,6.765406398480278138e-01,3.598364022835945919e-01,4.767840060099503025e+06
-3.570116856578204878e+00,-5.441737271408007004e+00,1.000183918229361923e+00,1.272661714343034989e+00,6.488310074873215871e-01,3.286113077181325171e-01,4.767840060099503025e+06
-3.431848339469426801e+00,-5.374063064417608615e+00,8.987481614527528251e-01,1.187292316626704869e+00,4.712167932058600739e-01,2.752828326266732462e-01,4.767840060099503025e+06
-3.449370769240752033e+00,-5.354493174116640830e+00,8.631590044586430199e-01,1.188422773394711918e+00,4.517646038765793515e-01,2.728804969874088493e-01,4.767840060099503025e+06
-2.897216565417549017e+00,-5.417596965822323085e+00,1.023002038376744194e+00,1.116094204514893162e+00,4.851493700236827467e-01,3.049017577387375111e-01,4.767840060099503025e+06
-2.925897671664708266e+00,-5.468828706161673381e+00,8.978652912703841693e-01,1.175244768557663022e+00,5.766092574923655789e-01,2.862903036274579982e-01,4.767840060099503025e+06
-2.569056042514154647e+00,-5.497597989913285410e+00,9.549469242637705912e-01,1.178539972064115648e+00,6.695925188492098945e-01,3.960130688513098796e-01,4.767840060099503025e+06
-2.467588949791006847e+00,-5.660757587195144325e+00,1.141021942503922082e+00,9.914803960437436059e-01,6.598106306921025510e-01,4.596954694108557060e-01,4.767840060099503025e+06
-2.384540169598369008e+00,-5.613440821486357812e+00,1.026307039058735437e+00,1.231113385881168920e+00,8.066733242138417470e-01,4.026215386882344704e-01,4.767840060099503025e+06
-1.574812634732845940e+00,-5.551485832860514336e+00,1.212522382517769559e+00,1.523563261257762314e+00,9.945874990797717308e-01,3.760009506250749922e-01,4.767840060099503025e+06
-2.155016817090927184e+00,-5.617776508306038252e+00,9.554626345790917519e-01,1.687232016589363504e+00,1.227957285392383913e+00,3.536042008966172601e-01,4.767840060099503025e+06
-2.591125171405577632e+00,-5.582106218854646862e+00,1.106945003958376583e+00,1.614729473899659817e+00,1.185436789034494343e+00,4.442504493325834525e-01,4.767840060099503025e+06
-2.531367440457412687e+00,-5.604540363597926067e+00,1.134305330092222341e+00,1.779975233358160880e+00,1.360184785526515228e+00,4.599045498901733753e-01,4.767840060099503025e+06
-2.379662754304970651e+00,-5.452370578209164265e+00,8.586478099112253570e-01,1.829173075321420372e+00,1.292600331548896531e+00,5.206220645979767747e-01,4.767840060099503025e+06
-2.274066688554568394e+00,-5.668440480013503091e+00,1.069720386375117016e+00,1.801305689838781809e+00,1.319591061575807078e+00,1.472250996599111517e-01,4.767840060099503025e+06
-2.747200834213881393e+00,-5.653266842238919843e+00,1.093046390269627466e+00,1.690649203216159302e+00,1.174317707118282650e+00,1.458564995148790566e-01,4.767840060099503025e+06
-3.009770285973569770e+00,-5.716265295111469413e+00,1.319718451153196748e+00,1.754796733236054118e+00,1.347969270504203454e+00,3.463743395625321631e-01,4.767840060099503025e+06
-3.254088235101769033e+00,-5.587853231405208732e+00,1.103968068560526650e+00,1.810883341571427385e+00,1.334122421634775346e+00,4.224861589720196875e-01,4.767840060099503025e+06
-3.538682046231536926e+00,-5.944241361339615892e+00,1.056094699995086650e+00,1.752267465505727984e+00,1.563314426663851897e+00,2.940374077136257980e-01,4.767840060099503025e+06
-3.828160871560878142e+00,-6.131004817922610428e+00,1.588579154402243176e+00,1.831171130313102635e+00,1.863890996795740218e+00,3.631833144690199688e-01,4.767840060099503025e+06
-3.756495547658562639e+00,-6.008017344302350793e+00,2.296986359846612036e+00,1.628930083999551748e+00,1.588099078669868547e+00,4.638334551649895832e-01,4.767840060099503025e+06
-3.909054802983617183e+00,-6.263825251175680897e+00,2.330755916034852326e+00,1.311959024034712762e+00,1.552537318770158326e+00,4.504219685534127660e-01,4.767840060099503025e+06
-3.912479022645582116e+00,-6.307769587807697143e+00,2.388122698982808600e+00,1.280321580892239242e+00,1.565592766819248638e+00,4.483998896507006560e-01,4.767840060099503025e+06
-3.888474415371247606e+00,-6.241996968509631927e+00,2.321543626552994510e+00,1.267210024175433380e+00,1.509693904181300006e+00,4.829181016297433571e-01,4.767840060099503025e+06
-3.670427386980939399e+00,-6.217147705172612504e+00,2.966079605698320520e+00,1.403119188427378150e+00,1.573364123133634385e+00,4.490438643307042565e-01,4.767840060099503025e+06
-3.399995557760854936e+00,-6.278132822983430117e+00,2.919688301192419289e+00,1.255259075376581546e+00,1.542438974541049612e+00,4.965721161099790337e-01,4.767840060099503025e+06
-3.402140561761545001e+00,-6.307827872932872282e+00,2.932879119080729069e+00,1.231837771770205148e+00,1.554592286546025326e+00,5.078252291360971782e-01,4.767840060099503025e+06
-3.343429754813614263e+00,-6.177772362039509524e+00,2.930889718699794422e+00,1.232422564753776983e+00,1.400468206125190074e+00,4.677705972493806375e-01,4.767840060099503025e+06
-3.779616240742790456e+00,-6.352509920459640469e+00,2.998014411207793550e+00,1.111005135521432097e+00,1.418514086253389817e+00,4.283202427802145218e-01,4.767840060099503025e+06
-3.622719528545858658e+00,-6.198296956063478191e+00,2.731547102176355768e+00,1.125535275242546707e+00,1.243199051516896247e+00,3.623160813551059567e-01,4.767840060099503025e+06
-3.312743408793940247e+00,-6.153391150848469771e+00,2.679181189042374456e+00,1.001242220610295108e+00,1.170676597383973672e+00,4.782262121776242880e-01,4.767840060099503025e+06
-3.866069006686794651e+00,-6.205594075339579518e+00,2.759542985819875227e+00,8.606654170466857545e-01,1.143124101875401255e+00,5.676592205212542819e-01,4.767840060099503025e+06
-3.741435025642477097e+00,-6.116469019327678502e+00,2.781762295856564204e+00,8.944000291429825555e-01,1.065402292195356537e+00,5.362893318743910953e-01,4.767840060099503025e+06
-3.925395374113829217e+00,-5.845952184268927709e+00,2.706346352138861100e+00,9.223699522313911769e-01,7.849563562909881442e-01,4.981918358040889894e-01,4.767840060099503025e+06
-3.684951209625534130e+00,-5.780385264081368213e+00,2.631022658450475227e+00,9.319063778928062813e-01,7.295575269266096896e-01,4.990859597014677962e-01,4.767840060099503025e+06
-3.141806119564316546e+00,-5.478262827520840261e+00,1.177065954678565785e+00,1.133313980348357175e+00,5.907199306898043289e-01,3.868500253113547060e-01,4.767840060099503025e+06
-2.940407360655998836e+00,-5.519783801837988335e+00,8.672241039113575134e-01,1.138657287090333758e+00,6.450609101403192991e-01,3.891103123472001157e-01,4.767840060099503025e+06
-2.908062707191135132e+00,-5.511045932421012594e+00,8.632525795362191445e-01,1.136442992409312458e+00,6.339707389043525154e-01,3.844814614705786560e-01,4.767840060099503025e+06
-1.682869763301384491e+00,-5.199366485987605202e+00,1.593732716804548311e+00,8.852098327219408702e-01,2.001644428881510507e-02,3.177796139857910207e-01,4.767840060099503025e+06
-1.689188433015653246e+00,-5.159087413043518922e+00,1.598655556618194140e+00,9.570011193067231581e-01,4.812066235098988454e-02,3.170805801016799985e-01,4.767840060099503025e+06
-2.280156161951813143e+00,-5.631835942356022251e+00,2.227540918357740818e+00,9.407754397831433746e-01,5.819053633337187836e-01,4.454243944794747945e-01,4.767840060099503025e+06
-1.573842346055512209e+00,-6.074082224991141032e+00,2.221037660021643045e+00,1.815335271411049334e-01,3.739480746680714507e-01,4.322637589047266804e-01,4.767840060099503025e+06
-1.676669164736097617e+00,-5.853884497199562276e+00,2.244572288995085874e+00,7.444246651292346639e-01,6.119722249803711822e-01,3.793571203160208127e-01,4.767840060099503025e+06
-1.619461972692039620e+00,-5.974448054201070057e+00,2.120472910983507209e+00,4.652340906181320346e-01,5.619536304298167195e-01,4.866238050346581856e-01,4.767840060099503025e+06
-1.774165725049787312e+00,-5.852837619108496092e+00,2.023102649638170547e+00,6.330072758510374431e-01,6.084261384728371080e-01,5.227104718981148146e-01,4.767840060099503025e+06
-2.265461165002991883e+00,-5.994817603575233633e+00,2.164158606399923190e+00,6.603022113515821800e-01,7.472854723674815514e-01,4.715940286025223083e-01,4.767840060099503025e+06
-1.426628390222101750e+00,-5.677384581324459667e+00,1.274338611770074348e+00,8.262690456416194040e-01,4.767701202933554705e-01,2.466409529798943567e-01,4.767840060099503025e+06
-1.266254703687578864e+00,-5.670327039404139846e+00,1.446705492115563318e+00,8.392884882320797990e-01,4.965789367113412900e-01,2.601196736088129402e-01,4.767840060099503025e+06
-1.333596872619811302e+00,-5.737922711523168573e+00,1.206944263341448886e+00,1.131381651419727241e+00,7.912437060567251157e-01,2.075010038619418129e-01,4.767840060099503025e+06
-1.333596872619811302e+00,-5.737922711523168573e+00,1.206944263341448886e+00,1.131381651419727241e+00,7.912437060567251157e-01,2.075010038619418129e-01,4.767840060099503025e+06
-1.631147769214587484e+00,-5.869634769922658535e+00,6.354763440613262482e-01,6.743528910212447380e-01,6.773231295316126666e-01,4.380311175597069728e-01,4.767840060099503025e+06
-2.289653691217309994e+00,-5.684548094937090568e+00,8.608347891205023750e-01,6.003996263461125471e-01,6.381088494538350586e-01,7.278913889486380295e-01,4.767840060099503025e+06
-2.314041836622331871e+00,-5.704376657292556274e+00,8.937921625173015361e-01,5.377079101979453934e-01,6.099217484261914013e-01,7.471462356267271065e-01,4.767840060099503025e+06
-2.252288192930766098e+00,-5.692277857682211284e+00,7.908681688133829546e-01,5.688990485876090908e-01,6.596436507143144112e-01,8.046014395590810331e-01,4.767840060099503025e+06
-2.385135637372957973e+00,-5.684299241017176207e+00,8.152646229559369351e-01,6.435272078865785783e-01,6.878667275439460660e-01,7.658389631309485690e-01,4.767840060099503025e+06
-2.375732989699254283e+00,-5.685366141234005966e+00,7.884368524413012391e-01,6.321507735749904988e-01,6.858584502632381064e-01,7.725733800201538548e-01,4.767840060099503025e+06
-2.320752698618865573e+00,-5.644150322075836890e+00,9.094501986182402797e-01,6.495330120921601891e-01,6.584165062916843558e-01,7.876452627545077467e-01,4.767840060099503025e+06
-2.213705047761763467e+00,-5.640834523584831395e+00,7.299433611936330113e-01,5.699306951781910602e-01,6.131136848061730094e-01,8.080238605637841687e-01,4.767840060099503025e+06
-2.223684756904347637e+00,-5.611693519644521899e+00,7.045681032078379147e-01,6.559673356818138679e-01,6.351314006482002839e-01,7.539674572734703650e-01,4.767840060099503025e+06
-2.208246690286209901e+00,-5.521883531567827852e+00,6.792528126753489826e-01,6.947050946754962375e-01,5.240516709248725924e-01,6.721039622336268948e-01,4.767840060099503025e+06
-2.218999473088300700e+00,-5.490995559589244124e+00,6.092064638935139609e-01,7.095271635521996911e-01,5.258029644765023214e-01,7.009697840485957787e-01,4.767840060099503025e+06
-2.056438761069370180e+00,-5.526576846412132760e+00,6.559855249901564989e-01,7.656080204282140755e-01,6.305393497675234604e-01,7.327818428045940191e-01,4.767840060099503025e+06
-1.854779630830670545e+00,-5.557798382290358497e+00,5.459103947809564872e-01,8.330571322940553136e-01,6.996074678754469200e-01,6.717603293775784579e-01,4.767840060099503025e+06
-1.626889849202029614e+00,-5.437950364537055492e+00,2.313424328900056892e+00,1.321767842848733610e+00,5.608792803813777983e-01,1.634282715873820457e-01,4.767840060099503025e+06
-1.682713603979861805e+00,-5.585818996225702548e+00,2.491190839819783065e+00,1.279727477797308222e+00,6.693207133547895982e-01,1.586614871850036135e-01,4.767840060099503025e+06
-1.926421417192780705e+00,-5.513061264869764777e+00,2.681303869217640745e+00,1.200152043420024128e+00,6.318882799501408520e-01,4.083538185921445907e-01,4.767840060099503025e+06
-2.013632711104025308e+00,-5.440908961253525078e+00,2.690167047110483267e+00,1.352707622069424520e+00,6.833058905887327006e-01,3.696479787926745253e-01,4.767840060099503025e+06
-2.066866910709269423e+00,-5.403533660358141866e+00,2.630739099073923448e+00,1.447783835617294290e+00,7.262055347570037789e-01,3.425291008204620624e-01,4.767840060099503025e+06
-1.910036709012871370e+00,-5.405686787404617277e+00,2.445184168180540851e+00,1.394273416212998162e+00,6.878440430533194760e-01,3.343337784762354659e-01,4.767840060099503025e+06
-1.698414028785418139e+00,-5.570672164618586386e+00,2.651933188466964353e+00,1.229143934735178689e+00,8.060348454515438021e-01,5.013191090470637823e-01,4.767840060099503025e+06
-1.604099588676023203e+00,-5.639018594316277166e+00,2.442113866625373664e+00,1.170991382620880206e+00,7.141763406805203829e-01,2.988112432189614087e-01,4.767840060099503025e+06
-1.617699553817221858e+00,-5.566261858276566166e+00,2.509634339789332369e+00,8.768261938965988822e-01,3.027776285274080825e-01,1.484592078753538269e-01,4.767840060099503025e+06
-1.876008805173615013e+00,-6.000559377967969787e+00,2.623785477298151925e+00,9.289403096456623210e-01,8.594300224749648054e-01,3.138030510759942660e-01,4.767840060099503025e+06
-1.919740430320512559e+00,-6.030308048305744073e+00,2.351117901750681138e+00,1.120657480497445180e+00,1.086296169830302416e+00,3.415878326235759488e-01,4.767840060099503025e+06
-1.695329659753021190e+00,-5.603372270120885901e+00,2.164560397284235993e+00,1.271586282560834391e+00,8.493262085599277977e-01,4.477886147799697292e-01,4.767840060099503025e+06
-1.408976445406720401e+00,-5.651093613178337804e+00,1.471070461608534607e+00,7.217539367437761921e-01,4.308470193463539988e-01,5.005536834530858181e-01,4.767840060099503025e+06
-1.937072573100959927e+00,-5.549395965383862261e+00,1.827707533853855537e+00,8.548784783189062875e-01,3.724791552732669153e-01,3.485412192471103454e-01,4.767840060099503025e+06
-1.859008860425243048e+00,-5.608987369889963048e+00,1.762674746396590608e+00,7.434588432812505587e-01,3.379396023349640066e-01,3.570046468522341532e-01,4.767840060099503025e+06
-1.859008860425243048e+00,-5.608987369889963048e+00,1.762674746396590608e+00,7.434588432812505587e-01,3.379396023349640066e-01,3.570046468522341532e-01,4.767840060099503025e+06
-2.111263745550471249e+00,-5.492014031601287982e+00,1.614829882448592047e+00,7.551433364999613485e-01,2.149682606485611713e-01,3.010887914508054708e-01,4.767840060099503025e+06
-2.129626843580338047e+00,-5.513672184062924586e+00,1.518599130071236925e+00,7.355772590888645102e-01,2.246259953705702639e-01,3.071780443902550339e-01,4.767840060099503025e+06
-2.520017033852711030e+00,-5.424540592251607229e+00,1.781178918482005713e+00,7.978945794871343811e-01,1.692244095636169510e-01,2.921829007694491942e-01,4.767840060099503025e+06
-1.879524614097284552e+00,-5.508193715749244213e+00,2.096786863654534372e+00,9.176989769952598186e-01,2.964917612318037632e-01,2.402551586891683022e-01,4.767840060099503025e+06
-2.065279357103402269e+00,-5.481360477867716519e+00,2.122103195532163866e+00,1.067041790824670766e+00,3.988625291497840397e-01,2.224756636970503798e-01,4.767840060099503025e+06
-1.967527532398972046e+00,-5.381487455533911834e+00,2.447592621766887078e+00,1.092792377585862340e+00,3.314076236454925883e-01,2.437963826168875470e-01,4.767840060099503025e+06
-2.066599257549578184e+00,-5.374632303592215443e+00,2.380609146480724192e+00,1.157716366814505848e+00,3.775521840981693189e-01,2.471315117649771076e-01,4.767840060099503025e+06
-2.125715143983713418e+00,-5.456520336105617375e+00,2.483401912305388315e+00,1.380827267554169291e+00,6.223283421641897517e-01,1.808715395587195962e-01,4.767840060099503025e+06
-2.814807175136440520e+00,-5.484475564554592175e+00,2.039921542133084742e+00,1.896396206369854287e+00,1.201198886301891200e+00,3.043993251786328291e-01,4.767840060099503025e+06
-3.373114238024258249e+00,-5.938040966122370534e+00,2.029826233736094387e+00,1.894717490033570373e+00,1.596453619020202330e+00,2.605973568417294106e-01,4.767840060099503025e+06
-2.560050744162798875e+00,-5.589593628749273790e+00,2.127402275531664166e+00,1.923122474932517534e+00,1.274880298367295772e+00,2.238251568334478636e-01,4.767840060099503025e+06
-2.654768296062322896e+00,-5.701384581924961559e+00,1.865154304847126854e+00,1.626980075481331722e+00,1.178525678668344456e+00,2.955707834626502550e-01,4.767840060099503025e+06
-2.724718595500855045e+00,-5.855666787394015138e+00,1.905486892658546427e+00,1.562528936953441194e+00,1.302052733436621201e+00,3.191226120573141811e-01,4.767840060099503025e+06
-2.557896792387858831e+00,-6.039878327583183548e+00,1.782591291404448386e+00,1.638512185353951045e+00,1.597500660232447522e+00,3.952773691725458005e-01,4.767840060099503025e+06
-2.805286016861789911e+00,-5.808521039647893680e+00,1.332386772681937392e+00,1.646650192176977168e+00,1.350562450880052445e+00,3.500872493658997997e-01,4.767840060099503025e+06
-3.688386463847668661e+00,-5.869262665457575245e+00,1.616378832273023036e+00,1.970259001490185735e+00,1.701535782392630036e+00,3.792930319838339059e-01,4.767840060099503025e+06
-3.725585097969925208e+00,-5.516817764787205647e+00,1.856775794805508140e+00,2.479358902766522377e+00,1.758671951073947248e+00,2.465816330464994655e-01,4.767840060099503025e+06
-3.987523769899538273e+00,-5.544140053322442085e+00,1.368552141360501073e+00,1.853133259987630233e+00,1.320784562729997003e+00,4.275267107755922336e-01,4.767840060099503025e+06
-3.987523769899538273e+00,-5.544140053322442085e+00,1.368552141360501073e+00,1.853133259987630233e+00,1.320784562729997003e+00,4.275267107755922336e-01,4.767840060099503025e+06
-3.987523769899538273e+00,-5.544140053322442085e+00,1.368552141360501073e+00,1.853133259987630233e+00,1.320784562729997003e+00,4.275267107755922336e-01,4.767840060099503025e+06
-3.975811890726189901e+00,-5.542269334134380721e+00,1.359008529966790002e+00,1.860751960068424138e+00,1.324072369170325114e+00,4.213248686447561009e-01,4.767840060099503025e+06
-3.165043118027996094e+00,-5.362556295525900296e+00,1.808914658492885685e+00,1.825597085870634739e+00,1.095956103947988591e+00,4.139468006946555034e-01,4.767840060099503025e+06
-3.147204226207321209e+00,-4.796109629179871270e+00,1.788592453344306943e+00,2.211035213113373477e+00,7.812237385004452417e-01,2.635399819581819569e-01,4.767840060099503025e+06
-2.268882062928707199e+00,-4.950928228447999402e+00,2.003217096569406053e+00,2.009749629964922235e+00,6.703937213367300307e-01,8.499292108263903356e-02,4.767840060099503025e+06
-2.217760608487114204e+00,-4.981123577814886794e+00,1.662697386977882275e+00,1.911357342794993697e+00,6.696635882782256965e-01,1.675981522452058003e-01,4.767840060099503025e+06
-2.175859842949939615e+00,-4.784288387000441567e+00,1.636687153859037513e+00,2.076377902047664481e+00,5.707175912007035334e-01,9.680418732150458672e-02,4.767840060099503025e+06
-2.770963044032659361e+00,-4.403050096567874938e+00,1.540480982988188474e+00,2.469230184178353937e+00,5.858662582800733265e-01,1.469470969123742865e-01,4.767840060099503025e+06
-2.931740689346183260e+00,-4.331295745078787895e+00,1.484058598551892372e+00,2.501228166479039672e+00,5.318855724817697084e-01,1.073731753721026139e-01,4.767840060099503025e+06
-3.153437897042363325e+00,-4.769195335356952725e+00,1.304043585946526917e+00,2.300788401203063493e+00,8.422131145097804250e-01,2.040045835694776488e-01,4.767840060099503025e+06
-3.108491367994981047e+00,-4.973583398316915094e+00,1.666135527323471255e+00,2.106713592313995687e+00,7.769822425395942478e-01,1.087813433121492812e-01,4.767840060099503025e+06
-3.153119087273538845e+00,-5.158882147571499210e+00,1.356259251152535983e+00,2.054308716155606618e+00,9.995652094374809504e-01,2.448023284891210904e-01,4.767840060099503025e+06
-3.458488266184961191e+00,-5.239333569463394902e+00,1.306137796592990785e+00,2.040442949587375043e+00,1.144344183030795659e+00,3.328095220357815132e-01,4.767840060099503025e+06
-3.641434103399667777e+00,-5.295560255475302291e+00,1.184937560292912639e+00,2.789609978340171548e+00,1.906805790724739547e+00,3.283203014264040043e-01,4.767840060099503025e+06
-3.019814481141094742e+00,-5.386580069219342626e+00,2.134388649768445223e+00,2.794615966048142219e+00,2.002378065476992042e+00,2.907228020629271659e-01,4.767840060099503025e+06
-3.044161323068488745e+00,-5.519134995031421909e+00,1.905629848634445622e+00,2.488850356907032602e+00,1.877946127426826095e+00,3.476026978759252928e-01,4.767840060099503025e+06
-3.374003742035244890e+00,-5.553549926269005788e+00,1.953499583732579481e+00,2.437730649096031321e+00,1.951091089296278724e+00,4.948201346123030087e-01,4.767840060099503025e+06
-3.525139192976014968e+00,-5.510347520755005668e+00,2.062105928243230135e+00,2.717956332734134950e+00,2.166050255978545280e+00,4.945653098974500117e-01,4.767840060099503025e+06
-3.841537212244307664e+00,-5.493738540422866912e+00,1.936377398730542154e+00,2.970774986354824510e+00,2.432811171035418774e+00,5.532162201114867450e-01,4.767840060099503025e+06
-3.399521135451548659e+00,-5.344329339158012893e+00,1.734093295609859808e+00,2.253611995152902114e+00,1.591253864374145399e+00,5.417043756009787270e-01,4.767840060099503025e+06
-2.873990818523619595e+00,-5.194004904014464685e+00,1.919154472844009307e+00,2.627158811066790278e+00,1.619280984118332434e+00,2.114215262320190691e-01,4.767840060099503025e+06
-2.724410587588690369e+00,-5.380643033692788180e+00,1.934110552010838147e+00,2.978397416402124964e+00,2.140313422729466897e+00,3.146274167249223375e-01,4.767840060099503025e+06
-2.870168421340599352e+00,-5.592962337574403975e+00,1.775005810033357889e+00,2.245184404417341462e+00,1.709584239174660292e+00,3.431886252112757996e-01,4.767840060099503025e+06
-3.159870922662516346e+00,-5.196652695721843962e+00,1.387354614210766890e+00,2.651983773291818558e+00,1.673415676006054120e+00,2.924698413624917670e-01,4.767840060099503025e+06
-3.423902358067334895e+00,-5.209706032649918050e+00,1.598098370596510609e+00,2.760640228752332170e+00,1.750537148553808375e+00,2.740198153163182493e-01,4.767840060099503025e+06
-3.123749310214672725e+00,-5.251710878224176149e+00,1.572089650353625467e+00,2.528477806535875505e+00,1.607438570494511332e+00,2.990266109590214438e-01,4.767840060099503025e+06
-3.488810223997632853e+00,-5.390330593011476878e+00,1.945100001721369765e+00,2.501082335433786330e+00,1.658800641815452614e+00,2.799576492501867353e-01,4.767840060099503025e+06
-3.185819504071403685e+00,-5.365102900550967391e+00,1.671862984953591091e+00,2.305414253289440829e+00,1.514168965207983497e+00,3.644261599941701069e-01,4.767840060099503025e+06
-2.773673538851857856e+00,-5.289262687767495308e+00,1.179170278832734731e+00,2.124065573769046367e+00,1.320049718660317950e+00,4.261954897273657616e-01,4.767840060099503025e+06
-2.836445134843592619e+00,-5.373543093317892705e+00,1.158415177161450815e+00,1.932729195402955735e+00,1.228839521377274924e+00,4.099206841104798826e-01,4.767840060099503025e+06
-2.602506756402547694e+00,-5.368639721249763852e+00,9.162154067330596785e-01,1.957722252037196409e+00,1.311925719401917378e+00,5.238560977678429209e-01,4.767840060099503025e+06
-2.602506756402547694e+00,-5.368639721249763852e+00,9.162154067330596785e-01,1.957722252037196409e+00,1.311925719401917378e+00,5.238560977678429209e-01,4.767840060099503025e+06
-2.257822094956746017e+00,-5.288060176274359314e+00,1.598345305724523380e+00,1.721399304378844697e+00,9.668902139645386695e-01,4.836301951829754531e-01,4.767840060099503025e+06
-2.347335367436019560e+00,-5.272936407227069466e+00,1.903282171038483961e+00,1.815807524414972951e+00,8.383088402424194729e-01,1.588851412795821982e-01,4.767840060099503025e+06
-2.133468920001892588e+00,-5.266481236491216578e+00,1.769650061120950912e+00,1.483991888272300219e+00,6.277728679085170516e-01,2.993590367228595173e-01,4.767840060099503025e+06
-2.729719287011870943e+00,-5.630753955507663555e+00,1.129835877586926163e+00,1.407237595882705916e+00,9.533732112653019453e-01,3.091817348894453921e-01,4.767840060099503025e+06
-2.664321794591113957e+00,-5.795368111960309321e+00,7.274013201376883231e-01,1.607224842659231712e+00,1.322830923515134316e+00,3.167041417632381339e-01,4.767840060099503025e+06
-2.626258324320762227e+00,-5.612611023540288180e+00,1.149544791650065179e+00,1.341310478762340885e+00,8.797552404652350111e-01,3.303798760805417567e-01,4.767840060099503025e+06
-1.893227421318566028e+00,-5.505122790718306902e+00,1.521008527525069098e+00,1.382249778094945647e+00,6.704628595995331120e-01,2.016032314317104945e-01,4.767840060099503025e+06
-2.388102481396059851e+00,-5.472165886028913739e+00,1.868218228805825332e+00,1.184676311611158273e+00,4.930548254103910288e-01,2.194402344434527863e-01,4.767840060099503025e+06
-1.560814743308502006e+00,-5.163229893317792474e+00,1.913690423069469571e+00,1.137920044807472886e+00,8.709672703797044502e-02,1.828961756341341005e-01,4.767840060099503025e+06
-2.388922380451831362e+00,-5.577890421334903870e+00,1.710707790199523792e+00,8.437070991564188382e-01,4.103712500565195875e-01,3.733424882660111854e-01,4.767840060099503025e+06
-2.177872688045139782e+00,-5.799501549012026302e+00,1.850496381330328788e+00,6.475180373519479060e-01,4.580706301284664939e-01,3.849754688333593133e-01,4.767840060099503025e+06
-2.368265828906757964e+00,-5.888101454294124792e+00,1.649084765481757753e+00,5.903099883874394216e-01,6.153839202706696820e-01,5.107334490420942785e-01,4.767840060099503025e+06
-2.017901107789078274e+00,-6.006426680098448045e+00,1.766707643321913102e+00,4.993277553600572460e-01,6.147176717714952776e-01,4.661985570161891745e-01,4.767840060099503025e+06
-2.477270668232443462e+00,-6.408137723878224001e+00,1.125396823886259945e+00,7.282261651374531963e-01,1.209626719331512001e+00,3.983752112777457777e-01,4.767840060099503025e+06
-2.880580458170241442e+00,-6.097863208341581576e+00,1.562317459442433609e+00,7.986351260862071255e-01,9.321454835898893565e-01,4.158506248862920973e-01,4.767840060099503025e+06
-2.129314961120213567e+00,-6.076511636196464394e+00,1.696374468620227116e+00,8.403474302724138756e-01,8.669640657039933140e-01,2.853967608728215088e-01,4.767840060099503025e+06
-2.322899041999484826e+00,-6.025127130366286110e+00,1.434329900129771573e+00,8.029283589539166766e-01,7.714327942588206088e-01,2.465644608215956102e-01,4.767840060099503025e+06
-2.446393245585682052e+00,-5.858844524693258116e+00,1.482843688999573528e+00,9.351408263055416281e-01,7.606475432730922526e-01,3.250424417293789059e-01,4.767840060099503025e+06
-2.726014002179007356e+00,-5.990885811264116789e+00,1.225433874330011497e+00,1.083035022660659319e+00,9.930240999255707246e-01,2.648128058201795199e-01,4.767840060099503025e+06
-2.676846549563733024e+00,-5.935523995161517519e+00,1.208895694511117558e+00,1.057911504455003149e+00,9.265589169670768177e-01,2.878103090510786277e-01,4.767840060099503025e+06
-2.678700072154836853e+00,-5.871746785847825834e+00,1.033150035748124029e+00,9.792254788054223225e-01,7.831127010902186880e-01,2.433410050743359532e-01,4.767840060099503025e+06
-2.583067964269899264e+00,-5.829914685637173299e+00,9.538441603569827176e-01,9.690154333597930103e-01,7.887440474841831417e-01,3.201306260423132377e-01,4.767840060099503025e+06
-3.026442634183507341e+00,-5.675549971367626512e+00,1.414683421920444717e+00,9.179077238163841912e-01,5.674873490683205457e-01,3.912916542921434093e-01,4.767840060099503025e+06
-7.538292495413110306e-01,-5.140402301860594214e+00,1.662036764485348872e+00,3.661428095106601388e-01,-2.799633125103075937e-01,4.765778539795588742e-01,4.767840060099503025e+06
-8.194839486546184881e-01,-5.163689859803683113e+00,1.654223576253368133e+00,4.981642852816805522e-01,-1.614347468967454180e-01,4.418886735246184694e-01,4.767840060099503025e+06
-6.337495426520244335e-01,-5.027232945501673100e+00,1.540204168910376925e+00,2.910953079726175119e-01,-4.581363267194640265e-01,4.122996588304423948e-01,4.767840060099503025e+06
-7.488939627548564237e-01,-5.089375064559228612e+00,1.678684450641374504e+00,3.001156110802384314e-01,-4.117062260080777136e-01,3.948412671381261729e-01,4.767840060099503025e+06
-7.183337673369746268e-01,-4.969154118254331287e+00,1.601181872905841352e+00,2.233314935850329030e-01,-5.929377636253929662e-01,3.924146533884141919e-01,4.767840060099503025e+06
-8.778145922176844307e-01,-5.350193564359330800e+00,1.807769441341888550e+00,8.472557468226278310e-01,1.518729387495779681e-01,2.634020857406658700e-01,4.767840060099503025e+06
-7.796756353245948290e-01,-5.011027831610296523e+00,1.613542541344075154e+00,4.926893847938347282e-01,-4.285633619375781578e-01,3.057988638646474966e-01,4.767840060099503025e+06
-1.139384217078951211e+00,-5.184790734663912382e+00,1.988308889010208080e+00,6.965051397890207330e-01,-4.594768884486422761e-02,5.082750325169076433e-01,4.767840060099503025e+06
-1.190232997572782336e+00,-4.468609167990710951e+00,1.236318263772986814e+00,9.797967311140443059e-01,-6.161097067622434142e-01,3.248895759625085589e-01,4.767840060099503025e+06
-1.142747726299205180e+00,-4.989199738729238831e+00,1.440497880202151526e+00,9.465848944450141467e-01,-1.248498800568486056e-01,3.035080987262036567e-01,4.767840060099503025e+06
-1.242087178086388022e+00,-4.841726494776572132e+00,1.105256786409515524e+00,1.122091528143783989e+00,-7.379405612144085413e-02,4.095998323804195262e-01,4.767840060099503025e+06
-1.224899456974811507e+00,-4.681383960532324195e+00,9.886598722978587883e-01,1.294713478702873566e+00,-6.893282025843888716e-02,3.639242630245720922e-01,4.767840060099503025e+06
-1.255388724432608072e+00,-4.815140435379413830e+00,1.162781618443090581e+00,1.270613305697266382e+00,4.210781170084404446e-02,3.556029768401495206e-01,4.767840060099503025e+06
-1.358757086256234814e+00,-4.830674195483571687e+00,7.967568348962736913e-01,1.227594900229317387e+00,3.983731813429669533e-02,3.835690675548310002e-01,4.767840060099503025e+06
-1.682882288021386508e+00,-4.861493194695962750e+00,1.102538225028535601e+00,1.631600020599624834e+00,3.795285381809636593e-01,3.196054654243975501e-01,4.767840060099503025e+06
-1.264346056013130770e+00,-4.755042472961543254e+00,1.098806593074540761e+00,1.368545965793867003e+00,2.027438368625644749e-02,3.137493609000623906e-01,4.767840060099503025e+06
-1.470850024196816763e+00,-4.944638803954643613e+00,1.199180545894355632e+00,1.513635460535684985e+00,3.340494017109262304e-01,2.945738945166919143e-01,4.767840060099503025e+06
-1.376480597924495619e+00,-4.955199374501026099e+00,1.269520572382028201e+00,1.528166389044854467e+00,3.881166502296369836e-01,3.684385461262255079e-01,4.767840060099503025e+06
-1.243732062340046962e+00,-4.935636160830020991e+00,1.013188108620534544e+00,1.578052009837977998e+00,4.370837826938974158e-01,3.363798159329215443e-01,4.767840060099503025e+06
-1.070962107881682446e+00,-4.892011088252146145e+00,1.211290380519373544e+00,1.614432004941152243e+00,4.455156135419356955e-01,2.732357746220501205e-01,4.767840060099503025e+06
-1.805230376453693664e+00,-4.683156583021542474e+00,8.181174974617200224e-01,2.380734498311051439e+00,9.372723130654810886e-01,3.372474885812724033e-01,4.767840060099503025e+06
-1.783879511492618031e+00,-4.699266117475883853e+00,9.493160418893334951e-01,2.322880160804306371e+00,9.066760709807968333e-01,3.560529926369724874e-01,4.767840060099503025e+06
-1.455493471766287961e+00,-4.715171639889139676e+00,6.080759868085309217e-01,2.219354557391920224e+00,8.853704567445368490e-01,3.993872745789530665e-01,4.767840060099503025e+06
-1.804530644277772877e+00,-4.765214187709601923e+00,5.006616561396688425e-01,2.093454689269238500e+00,8.293182933576714877e-01,3.507945068874418482e-01,4.767840060099503025e+06
-1.470244247398465154e+00,-4.940724043479582939e+00,7.003851899753720245e-01,1.858795721103096321e+00,8.095554367167643317e-01,4.331230462830538697e-01,4.767840060099503025e+06
-1.515307560432417322e+00,-5.134881793264774785e+00,7.316690616246348533e-01,1.741092647148139383e+00,9.009385056871850317e-01,4.561575648715425202e-01,4.767840060099503025e+06
-1.382886210667364280e+00,-5.109297934735029578e+00,8.336373309191575931e-01,1.754820056107258441e+00,9.072465464073007357e-01,5.260314173201825483e-01,4.767840060099503025e+06
-1.543090152807441218e+00,-5.104305123168555447e+00,8.394854296123155368e-01,1.732090761105741672e+00,9.776857165499563962e-01,6.644917469170614766e-01,4.767840060099503025e+06
-1.545028202124201888e+00,-5.104709466882403568e+00,8.267691358948230373e-01,1.733940889374516736e+00,9.838180178764234229e-01,6.697960955185288112e-01,4.767840060099503025e+06
-1.198725217453819436e+00,-5.014228411670186958e+00,9.076501197356299233e-01,1.828925651999125934e+00,1.008913109858948332e+00,7.127617161884163277e-01,4.767840060099503025e+06
-1.183406443622252890e+00,-5.009389143597037908e+00,8.373182094781486118e-01,1.834666014472586371e+00,9.939632501789358310e-01,6.459345720180501571e-01,4.767840060099503025e+06
-1.188696350166749127e+00,-5.023459229029185735e+00,7.667784646540836135e-01,1.805209025516022026e+00,1.003030522904119204e+00,6.787260776706872667e-01,4.767840060099503025e+06
-1.853729887021759559e+00,-5.182272051767048637e+00,8.668061524615280344e-01,1.703666213983510813e+00,1.049603515583946045e+00,6.725529362296414071e-01,4.767840060099503025e+06
-1.678079186388560018e+00,-5.166947342407200772e+00,1.138856137392490586e+00,1.677235843788908776e+00,1.029448342528796800e+00,7.519404338148840683e-01,4.767840060099503025e+06
-1.678079186388560018e+00,-5.166947342407200772e+00,1.138856137392490586e+00,1.677235843788908776e+00,1.029448342528796800e+00,7.519404338148840683e-01,4.767840060099503025e+06
-1.640794257515110210e+00,-5.182216890916023999e+00,1.124463944147014782e+00,1.596042259428446908e+00,9.900014065758002690e-01,7.800275097447693096e-01,4.767840060099503025e+06
-1.640794257515110210e+00,-5.182216890916023999e+00,1.124463944147014782e+00,1.596042259428446908e+00,9.900014065758002690e-01,7.800275097447693096e-01,4.767840060099503025e+06
-2.470745510756190644e+00,-5.271761191765621746e+00,1.333219800780011566e+00,1.460427519038337785e+00,8.399382145992997373e-01,6.397616386348123907e-01,4.767840060099503025e+06
-2.407315360510496216e+00,-5.343544490437870387e+00,1.432084301468840692e+00,1.354611691694454612e+00,7.764203749563207690e-01,6.005322782644065827e-01,4.767840060099503025e+06
-2.303200805545730034e+00,-5.320089133702835760e+00,1.405984578905761451e+00,1.404733135484421913e+00,8.144907960202580899e-01,6.246355335059352587e-01,4.767840060099503025e+06
-1.996876152044967156e+00,-5.350978198144442644e+00,1.442042581873911100e+00,1.607914070880521962e+00,1.101825628189046613e+00,7.313999877149037765e-01,4.767840060099503025e+06
-2.062839465043500020e+00,-5.351752702638903791e+00,1.554357821187144051e+00,1.558847554428780313e+00,1.032958755470410717e+00,6.919364931774747429e-01,4.767840060099503025e+06
-2.398245936303135650e+00,-5.120990163668447614e+00,1.321006405746870227e+00,1.568441171054866468e+00,8.817436113553098753e-01,7.771693842214524306e-01,4.767840060099503025e+06
-2.458885321291694570e+00,-5.183396212291874861e+00,1.307748968360214814e+00,1.563318269353195955e+00,9.272782191878868874e-01,7.585150609381499098e-01,4.767840060099503025e+06
-2.553267620337283272e+00,-4.997123751160842176e+00,1.271474572380511425e+00,1.597935745364698290e+00,8.414779447665982071e-01,8.371454075994610999e-01,4.767840060099503025e+06
-2.481196054436350718e+00,-5.202007465271398345e+00,1.279224486213552447e+00,1.436540279091299110e+00,8.559109542091836165e-01,7.743888134021439384e-01,4.767840060099503025e+06
-2.648413573803290344e+00,-5.288357465765791687e+00,1.034892254344446316e+00,1.270570854523033422e+00,7.468684107189762500e-01,7.186319014789734894e-01,4.767840060099503025e+06
-2.648413573803290344e+00,-5.288357465765791687e+00,1.034892254344446316e+00,1.270570854523033422e+00,7.468684107189762500e-01,7.186319014789734894e-01,4.767840060099503025e+06
-2.460895950426180701e+00,-5.339930174987816081e+00,9.355506490262994745e-01,1.144962419139123000e+00,6.901093166392124889e-01,7.050359894562163721e-01,4.767840060099503025e+06
-2.460895950426180701e+00,-5.339930174987816081e+00,9.355506490262994745e-01,1.144962419139123000e+00,6.901093166392124889e-01,7.050359894562163721e-01,4.767840060099503025e+06
-2.564460696063768808e+00,-5.354173581612432287e+00,1.080410932679584102e+00,1.119380665565783639e+00,6.752877993455139727e-01,7.047578818670801049e-01,4.767840060099503025e+06
-2.425324187273082188e+00,-5.348398905368020095e+00,1.012270892046752913e+00,1.074188954683637176e+00,6.322649050451167874e-01,7.114142594219431404e-01,4.767840060099503025e+06
-2.783178472267701764e+00,-5.296871530227720726e+00,2.111747537322848700e+00,1.288073985586609238e+00,7.808657294578404962e-01,7.898848182580672228e-01,4.767840060099503025e+06
-2.613464950723960456e+00,-5.336371172693791465e+00,1.972511168662382630e+00,1.296841917971312874e+00,8.062829332404810589e-01,7.412946039255489117e-01,4.767840060099503025e+06
-2.110541199364059040e+00,-5.219538441177079768e+00,2.114100284198363600e+00,1.390709016527938546e+00,8.100519195012473306e-01,7.903067099310506771e-01,4.767840060099503025e+06
-2.050344960806279371e+00,-5.223945992951915862e+00,2.117306085377620217e+00,1.405610947280672818e+00,8.001956925471157556e-01,7.498390759108483072e-01,4.767840060099503025e+06
-2.147008861935368440e+00,-5.204362772327686848e+00,2.184285431445811554e+00,1.305561549540555255e+00,7.195357352954069308e-01,8.093696181077391083e-01,4.767840060099503025e+06
-2.147008861935368440e+00,-5.204362772327686848e+00,2.184285431445811554e+00,1.305561549540555255e+00,7.195357352954069308e-01,8.093696181077391083e-01,4.767840060099503025e+06
-2.440698476789370019e+00,-5.364077310189059311e+00,1.998814815882975271e+00,1.405669562339129541e+00,9.184186642238902909e-01,7.199216994645758483e-01,4.767840060099503025e+06
-2.711193694845635438e+00,-5.274746710956796036e+00,2.260908971703849524e+00,1.587732868584399437e+00,9.780022829190895273e-01,7.009147747819293173e-01,4.767840060099503025e+06
-2.736249948446125568e+00,-5.202562423035556272e+00,2.228707622025894342e+00,1.629880910222616608e+00,1.000039858392589354e+00,7.775754039726423539e-01,4.767840060099503025e+06
-2.610417846373272788e+00,-5.077601551216731401e+00,2.128822513631154045e+00,1.524341513136079573e+00,7.589257935445696823e-01,7.537768735335259596e-01,4.767840060099503025e+06
-2.579174435770331009e+00,-5.202734751492761767e+00,2.396717627306855114e+00,1.478284665606074411e+00,8.149590945148028620e-01,7.237831281058342281e-01,4.767840060099503025e+06
-2.368163144310821089e+00,-5.273685454384341220e+00,2.124038492200541306e+00,1.388975437181931838e+00,7.657598023779910168e-01,6.587502617586189491e-01,4.767840060099503025e+06
-2.651800660761875594e+00,-4.981665191971497819e+00,2.401472412442654303e+00,1.829584431911400966e+00,8.047351263422107825e-01,5.579786108481155082e-01,4.767840060099503025e+06
-2.645502443557119499e+00,-4.956076438502821091e+00,2.365901259277445767e+00,1.842624007085257754e+00,8.181906379748886682e-01,6.057199483776679605e-01,4.767840060099503025e+06
-2.680084852103007176e+00,-4.983407839131246853e+00,2.367405646737021918e+00,1.827983332664366634e+00,8.272409924616506149e-01,5.987405143208697211e-01,4.767840060099503025e+06
-2.520386687070423015e+00,-5.062837590752606864e+00,2.307209265342764493e+00,1.779912138861227566e+00,8.386445570919597303e-01,5.566996917619830842e-01,4.767840060099503025e+06
-2.474005605313462031e+00,-5.048671226370913701e+00,2.334267837644117716e+00,1.784811618926399834e+00,8.308371356837485067e-01,5.588922576245668461e-01,4.767840060099503025e+06
-2.511123684823334479e+00,-5.074578845577460307e+00,2.232795556019714134e+00,1.781971682353264530e+00,8.577457532180644550e-01,5.633984201707520345e-01,4.767840060099503025e+06
-2.511123684823334479e+00,-5.074578845577460307e+00,2.232795556019714134e+00,1.781971682353264530e+00,8.577457532180644550e-01,5.633984201707520345e-01,4.767840060099503025e+06
-2.911167494527997057e+00,-5.241141543177052498e+00,2.690713453989816983e+00,1.614972126429582211e+00,8.474908284213581444e-01,5.733059421352904028e-01,4.767840060099503025e+06
-1.889055280884538446e+00,-5.432373276717057387e+00,2.493462014729474596e+00,1.747436133351794041e+00,9.900747556810497452e-01,2.299635620841707362e-01,4.767840060099503025e+06
-1.897892164829138473e+00,-5.273543083736557335e+00,2.568457369959336045e+00,1.772080212665954502e+00,8.269775411238189378e-01,1.882141976381084547e-01,4.767840060099503025e+06
-1.897892164829138473e+00,-5.273543083736557335e+00,2.568457369959336045e+00,1.772080212665954502e+00,8.269775411238189378e-01,1.882141976381084547e-01,4.767840060099503025e+06
-1.897892164829138473e+00,-5.273543083736557335e+00,2.568457369959336045e+00,1.772080212665954502e+00,8.269775411238189378e-01,1.882141976381084547e-01,4.767840060099503025e+06
-1.885728547337154781e+00,-5.262821630087246128e+00,2.579530105677378948e+00,1.777427934798389231e+00,8.178419992731940091e-01,1.863554487588744146e-01,4.767840060099503025e+06
-1.792885933270821575e+00,-4.882474203019421921e+00,1.686433551821517884e+00,2.099382996337161078e+00,7.796038531391534798e-01,2.198031621089335808e-01,4.767840060099503025e+06
-1.253573027649509619e+00,-5.063089288797832488e+00,1.845584710090251823e+00,2.033333182424577945e+00,9.323967065017967348e-01,2.964872107239528987e-01,4.767840060099503025e+06
-1.090589498130102086e+00,-5.012585223631597309e+00,1.801232362747885229e+00,2.004422060749534218e+00,8.946363446948429887e-01,3.451720058356198551e-01,4.767840060099503025e+06
-1.272634868549244125e+00,-5.056352913422324846e+00,1.827255295858362993e+00,1.878131864982597765e+00,8.441945354158535419e-01,3.614373083270173703e-01,4.767840060099503025e+06
-1.285163711498575001e+00,-4.714971510646446262e+00,1.953053745129948338e+00,2.251056233428297304e+00,6.409708910851250607e-01,7.236556117113401854e-02,4.767840060099503025e+06
-2.567433156701129260e+00,-4.923094539351021481e+00,2.058524536775111269e+00,1.406320959161881490e+00,2.119837796978060185e-01,3.950417335258873952e-01,4.767840060099503025e+06
-2.847575614822520862e+00,-5.427157999471783789e+00,2.153105607090829654e+00,1.259290691401125262e+00,6.889142034289537087e-01,5.225053509312340694e-01,4.767840060099503025e+06
-2.166929981029250385e+00,-5.255400576956376746e+00,2.585744843432701057e+00,1.365340994578170708e+00,7.246384300418986513e-01,6.816344383305790178e-01,4.767840060099503025e+06
-1.861894808199527240e+00,-5.221316981746501718e+00,2.103909703003970399e+00,1.596327941599797740e+00,7.788062219612165160e-01,5.167995899811645977e-01,4.767840060099503025e+06
-2.175334321922909986e+00,-5.142275571699368442e+00,1.839440780772408246e+00,1.715263291150414426e+00,8.199370791915095991e-01,5.040666728365630345e-01,4.767840060099503025e+06
-2.063013033995036327e+00,-5.243735557076286469e+00,1.841214202114074716e+00,1.643894086953241684e+00,8.330361148773047786e-01,4.622269624832757717e-01,4.767840060099503025e+06
-2.192067986477762798e+00,-5.144657712070496380e+00,1.429311316714715119e+00,1.810167833575465179e+00,8.659285154999057932e-01,4.198050323105533277e-01,4.767840060099503025e+06
-1.839985795431174687e+00,-5.574449509545860160e+00,1.833390681085263152e+00,1.227674325584494852e+00,6.486356260206249669e-01,2.800493198186801425e-01,4.767840060099503025e+06
-9.249587976908210107e-01,-4.969644547630919895e+00,7.173716470292064162e-01,8.314383737393481466e-01,-1.859009121013006638e-01,1.213427926624592867e-01,4.767840060099503025e+06
-9.017872217509306232e-01,-4.990853043106704412e+00,6.324969236937327821e-01,6.701736176878094753e-01,-3.066727390598537051e-01,1.229336632681949787e-01,4.767840060099503025e+06
-9.077483238763309759e-01,-4.831081968753868416e+00,5.762639487878238320e-01,7.003793699240580262e-01,-4.311611041440408520e-01,1.549764867521959966e-01,4.767840060099503025e+06
-9.077483238763309759e-01,-4.831081968753868416e+00,5.762639487878238320e-01,7.003793699240580262e-01,-4.311611041440408520e-01,1.549764867521959966e-01,4.767840060099503025e+06
-8.856029745477073112e-01,-5.337148421045551316e+00,9.751579276924375872e-01,5.454386617110383861e-01,-4.680951475603040146e-02,2.210205266986972894e-01,4.767840060099503025e+06
-8.283105525602261210e-01,-5.339522154864042136e+00,7.915576270356634581e-01,4.049088314824400570e-01,-1.490914690968985212e-01,2.226418818285390566e-01,4.767840060099503025e+06
-1.093859964946982899e+00,-5.199396389649099781e+00,5.396158707872968918e-01,3.640811727731110281e-01,-2.338505830666586238e-01,3.403191643930829624e-01,4.767840060099503025e+06
-7.699599853247807157e-01,-5.401807948454933950e+00,1.011790758823549075e+00,4.975002288163801190e-01,-7.549041840582926266e-02,1.127567854119154167e-01,4.767840060099503025e+06
-1.408492596903946570e+00,-5.602920396984560902e+00,1.352605376657646241e+00,1.003411918072937503e+00,5.525939685648730837e-01,2.056376940192351510e-01,4.767840060099503025e+06
-9.948847204470143701e-01,-5.728074839467637958e+00,1.450496508066784873e+00,5.811868180369555992e-01,2.783099859721700486e-01,1.678055822747458736e-01,4.767840060099503025e+06
-1.254641065296900004e+00,-5.776651982880626868e+00,1.650462013633960723e+00,6.694071314302861841e-01,4.083871080162769784e-01,1.981419137113601681e-01,4.767840060099503025e+06
-1.087305786035517308e+00,-5.837099342080509956e+00,1.949820305500713058e+00,9.579129474994954041e-01,7.065966008355751837e-01,1.918546954539499250e-01,4.767840060099503025e+06
-1.037032267130941099e+00,-6.097477863350981409e+00,2.566842881695063028e+00,8.736433908870342435e-01,8.831590715415502668e-01,1.916068655947506805e-01,4.767840060099503025e+06
-1.114332240807352381e+00,-5.998400281108683174e+00,2.748612338056591664e+00,4.756209864847278368e-01,5.782413941888963071e-01,3.598977110420786274e-01,4.767840060099503025e+06
-1.228849745252969194e+00,-5.852487506591906197e+00,2.650074282606651455e+00,5.948005325979326408e-01,5.007097369088346905e-01,3.768945940431004393e-01,4.767840060099503025e+06
-1.136080801103997562e+00,-5.864531395802031533e+00,2.845074364044490434e+00,5.191152573907560352e-01,4.425305347054660499e-01,3.494175723924610177e-01,4.767840060099503025e+06
-1.076982993081623929e+00,-5.816334162053979462e+00,2.697439931295454230e+00,5.334255735824755540e-01,4.206256786781206181e-01,3.540217592173553474e-01,4.767840060099503025e+06
-1.116891204372723045e+00,-5.791288859194841265e+00,2.647732016636269226e+00,5.681074658001192823e-01,4.265205574555412937e-01,3.497257094535751731e-01,4.767840060099503025e+06
-1.095049602515696829e+00,-5.804636639630735395e+00,2.657491160426284083e+00,5.219288301256737039e-01,3.903639250597606969e-01,3.388662643460818580e-01,4.767840060099503025e+06
-1.100873430748210424e+00,-5.856639481169780836e+00,2.744788555558718812e+00,6.428960958345135701e-01,5.552658344214096431e-01,3.614100558070938995e-01,4.767840060099503025e+06
-1.135601868688644434e+00,-6.027289636974524356e+00,2.897090779113063341e+00,6.244885424903319215e-01,7.494706687673684531e-01,4.494311774394979531e-01,4.767840060099503025e+06
-1.224854700856838452e+00,-5.958004992650771214e+00,2.848866538237258439e+00,6.747303434357305729e-01,7.046189320922762178e-01,4.273697257607647071e-01,4.767840060099503025e+06
-1.224854700856838452e+00,-5.958004992650771214e+00,2.848866538237258439e+00,6.747303434357305729e-01,7.046189320922762178e-01,4.273697257607647071e-01,4.767840060099503025e+06
-1.221816951145492602e+00,-5.988420218048621457e+00,2.938229264429074838e+00,6.040319906632054536e-01,6.738952433445508650e-01,4.441835625357228312e-01,4.767840060099503025e+06
-1.181776532711109828e+00,-5.865868113925014171e+00,2.646280796874114660e+00,7.077818317552392324e-01,6.366895515299300090e-01,4.408807236550436048e-01,4.767840060099503025e+06
-1.163878189674872221e+00,-5.797073000510478913e+00,2.708813651422943281e+00,7.551693298028597789e-01,6.029098329295871084e-01,4.372633342231494469e-01,4.767840060099503025e+06
-1.747620541452652443e+00,-5.760895764341139369e+00,2.396981880844311519e+00,1.061479817567919648e+00,7.421666096390663325e-01,3.026002589112045116e-01,4.767840060099503025e+06
-1.972337060158602995e+00,-6.020641279582373606e+00,2.251341555229932290e+00,8.996790131156031656e-01,8.518274140707244868e-01,3.023057278367329292e-01,4.767840060099503025e+06
-1.845200339456786409e+00,-5.944106507689620678e+00,2.013044715912170712e+00,5.845399485464848333e-01,5.633480515827147261e-01,3.833999429672816373e-01,4.767840060099503025e+06
-1.966207218577379345e+00,-5.944963270443738068e+00,2.053549183315347193e+00,4.603000919142226088e-01,4.890780911952942178e-01,4.549086411229657512e-01,4.767840060099503025e+06
-1.540461770042711009e+00,-5.847687167048311707e+00,1.961249640772623648e+00,5.501276897454219217e-01,5.521649430432847838e-01,5.571942484270294704e-01,4.767840060099503025e+06
-1.353082664633207255e+00,-5.762278276176894920e+00,2.059520704419844250e+00,8.531373921859161102e-01,6.421978166090114293e-01,4.740697699108493701e-01,4.767840060099503025e+06
-1.003441743529118524e+00,-5.485116805166991405e+00,2.197001663583351139e+00,8.976566480752650179e-01,4.385740441622871799e-01,4.990090894118366371e-01,4.767840060099503025e+06
-1.249735648163392554e+00,-5.502307513361890834e+00,2.284051282748551515e+00,9.651534040299245554e-01,5.082190494431662042e-01,4.804902665297594022e-01,4.767840060099503025e+06
-2.121945261003993277e+00,-5.156698382312202789e+00,2.424900701202847397e+00,8.154140803002054572e-01,1.806049512863916462e-02,5.073279922536844122e-01,4.767840060099503025e+06
-2.166090806999011242e+00,-5.123099646035726096e+00,2.988449289173093604e+00,8.661011027231946269e-01,3.749289120230536732e-02,5.268635597694185657e-01,4.767840060099503025e+06
-2.140558264228086038e+00,-5.152664238552047138e+00,2.938461266685718165e+00,8.655769189559219257e-01,6.813679088447932575e-02,5.275524227081596074e-01,4.767840060099503025e+06
-2.091016565298667640e+00,-5.433022561869358391e+00,2.486686680481809297e+00,8.484374916301233860e-01,2.965737834716396515e-01,4.417602347969808441e-01,4.767840060099503025e+06
-2.305297134884615851e+00,-5.435462169624388551e+00,2.410064750614202111e+00,8.975616802679213801e-01,3.396455438231946178e-01,4.418458450057070608e-01,4.767840060099503025e+06
-2.677198976806666408e+00,-5.440107680581251159e+00,2.168561540639917240e+00,1.231032621068108401e+00,6.874103311243358050e-01,5.013851075947570735e-01,4.767840060099503025e+06
-2.485104143199604376e+00,-5.481780125450765873e+00,2.520716036963800200e+00,1.236968931038942454e+00,7.314301127629093680e-01,4.948948037821432888e-01,4.767840060099503025e+06
-2.391634583497151745e+00,-5.401489786018892403e+00,2.404657631540444207e+00,1.174441159448410321e+00,6.136070788921507146e-01,5.139252220316232744e-01,4.767840060099503025e+06
-2.707872441118005735e+00,-5.405172254953643396e+00,2.792392283816663490e+00,1.266492864775008886e+00,7.462727602695002904e-01,6.246913363512287543e-01,4.767840060099503025e+06
-2.938026727226269230e+00,-5.349632139314541845e+00,2.696435697853853952e+00,1.119264210697060280e+00,5.832325584833069065e-01,6.613480493013027539e-01,4.767840060099503025e+06
-2.984649025125177602e+00,-5.381338539161420798e+00,2.859069514851090954e+00,1.004994639126888467e+00,5.560751547364548575e-01,7.259971822201426450e-01,4.767840060099503025e+06
-2.962227216393589657e+00,-5.414909954356917687e+00,2.780643246602887420e+00,1.035751199313104554e+00,6.106511587048457645e-01,7.139515631564615772e-01,4.767840060099503025e+06
-3.167752291059345193e+00,-5.440550204507584198e+00,2.944125116979912526e+00,1.052401321138201284e+00,6.332208445493471283e-01,6.958869726050487259e-01,4.767840060099503025e+06
-3.167752291059345193e+00,-5.440550204507584198e+00,2.944125116979912526e+00,1.052401321138201284e+00,6.332208445493471283e-01,6.958869726050487259e-01,4.767840060099503025e+06
-3.269651350525214717e+00,-5.412897762485172848e+00,2.847565584946155859e+00,1.032062601407448543e+00,5.637175088345921514e-01,6.633580950397145459e-01,4.767840060099503025e+06
-3.556561068082182420e+00,-5.399131726079425597e+00,2.809797523346518222e+00,8.589716263357938253e-01,4.018270126700613787e-01,6.612407223336302931e-01,4.767840060099503025e+06
-3.521560845905687298e+00,-5.455853153468433803e+00,2.495739995804382438e+00,9.266232101519239484e-01,5.282663630550752387e-01,6.656934736589903423e-01,4.767840060099503025e+06
-3.486594992189353093e+00,-5.496553802757222940e+00,2.518747914623803208e+00,8.667371618831207769e-01,5.179340993687411299e-01,6.650887111808029273e-01,4.767840060099503025e+06
-3.486647293956630200e+00,-5.651625465426722172e+00,2.763384240548794057e+00,7.888299100169462452e-01,6.055819849815503586e-01,6.761531810872716264e-01,4.767840060099503025e+06
-3.512635189459548446e+00,-5.611356371840287238e+00,2.746399074652312144e+00,8.177212476404966957e-01,5.435849604278097935e-01,5.906706117012394675e-01,4.767840060099503025e+06
-3.511860545472199391e+00,-5.610751805806081904e+00,2.745553686246473113e+00,8.188963997138993811e-01,5.438916014859923598e-01,5.904226293349801313e-01,4.767840060099503025e+06
-3.464594518402360546e+00,-5.602995950532869252e+00,2.904647285901727827e+00,8.583631377072320490e-01,5.682139722498491530e-01,5.984106216898685826e-01,4.767840060099503025e+06
-3.541486148316191240e+00,-5.704576523452175252e+00,2.905495989025765446e+00,7.467081467176752696e-01,6.247849164628044294e-01,6.666604904423800715e-01,4.767840060099503025e+06
-3.671825843407573675e+00,-5.634492695042817800e+00,2.772203626367130802e+00,7.843109245701310739e-01,6.111128854177890757e-01,7.096654707664081796e-01,4.767840060099503025e+06
-3.748890229433557764e+00,-5.468786312696612306e+00,2.814511403375939746e+00,8.365584121002448414e-01,4.784873586797073197e-01,6.982057987054539616e-01,4.767840060099503025e+06
-3.761366336871087235e+00,-5.402843430549620685e+00,2.806010337334482241e+00,8.762340476412233681e-01,4.044188433645686809e-01,6.356395153062646131e-01,4.767840060099503025e+06
-3.619687968750303853e+00,-5.326696358811444654e+00,2.809781878479183703e+00,9.532610402601893185e-01,3.677360584224974582e-01,5.775207086447982086e-01,4.767840060099503025e+06
-3.616265669149448136e+00,-5.254089027202880402e+00,2.898921025538489182e+00,8.777540534874798128e-01,2.068073379801282918e-01,5.553640786553406539e-01,4.767840060099503025e+06
-3.616265669149448136e+00,-5.254089027202880402e+00,2.898921025538489182e+00,8.777540534874798128e-01,2.068073379801282918e-01,5.553640786553406539e-01,4.767840060099503025e+06
-3.181752652084920641e+00,-5.331378485208113638e+00,2.741326621991453827e+00,8.542627695976556801e-01,2.820692725827106395e-01,5.903547031579501336e-01,4.767840060099503025e+06
-2.888738412382935383e+00,-5.149998926022780310e+00,2.423410188768671425e+00,8.074220419479892774e-01,5.954662230915097609e-02,5.851734191996073031e-01,4.767840060099503025e+06
-3.111682791504967405e+00,-4.995485749540144127e+00,2.366064734892358246e+00,8.360937396927066168e-01,-1.061539927729369115e-01,5.412582734835735820e-01,4.767840060099503025e+06
-2.451240821845593665e+00,-5.208038430771391170e+00,2.375526237529915985e+00,1.347552997424524390e+00,4.157355528288720348e-01,2.871588912606622412e-01,4.767840060099503025e+06
-1.991487656194050215e+00,-5.175614273360244155e+00,2.321003820668174900e+00,1.116084437455684863e+00,2.189301399012676397e-01,3.610103950787432181e-01,4.767840060099503025e+06
-1.545082662211310520e+00,-5.124355303890290259e+00,2.642106487075467136e+00,1.131582272298477410e+00,2.152666570376855493e-01,4.420968420383399322e-01,4.767840060099503025e+06
-1.535147515488910930e+00,-4.949382410941232990e+00,2.704487304620814214e+00,1.287156403206057842e+00,2.132186941035500438e-01,4.932593405671419906e-01,4.767840060099503025e+06
-1.404204379088473953e+00,-4.971960728995060919e+00,2.443460216247181904e+00,1.386650802124318904e+00,3.577451601251026014e-01,4.965626136783765077e-01,4.767840060099503025e+06
-1.632147572493601206e+00,-5.114420340269545839e+00,2.773338104346679600e+00,1.204594922809871571e+00,3.842280035390462922e-01,5.979134449492873316e-01,4.767840060099503025e+06
-1.632147572493601206e+00,-5.114420340269545839e+00,2.773338104346679600e+00,1.204594922809871571e+00,3.842280035390462922e-01,5.979134449492873316e-01,4.767840060099503025e+06
-1.648564203726190502e+00,-5.044663897530318408e+00,2.843647779020669564e+00,1.277013852490468393e+00,3.885527705597469628e-01,6.178530791508300979e-01,4.767840060099503025e+06
-1.720872468959785184e+00,-5.120994264219499215e+00,2.695031053345105398e+00,1.252883262285405364e+00,4.423358214041974712e-01,6.125483573778839341e-01,4.767840060099503025e+06
-1.721309137391479283e+00,-5.110055668340128143e+00,2.706679811731775409e+00,1.258135709383651379e+00,4.354165231270470393e-01,6.123878237041934236e-01,4.767840060099503025e+06
-1.735851644736859711e+00,-5.121143495864129314e+00,2.723437710583898941e+00,1.273807770440511300e+00,4.723522316328617743e-01,6.310613416806056808e-01,4.767840060099503025e+06
-1.932921259701251504e+00,-5.324515366882208944e+00,2.389320317684499706e+00,1.220033517626817998e+00,6.350256426946272459e-01,6.367235094645685711e-01,4.767840060099503025e+06
-2.682631953723568330e+00,-5.272380594578882196e+00,2.332517883885381504e+00,1.321606217970343389e+00,6.503739098414281772e-01,5.915946018514770532e-01,4.767840060099503025e+06
-2.734653370994124977e+00,-5.193630235754182145e+00,2.463276342493725846e+00,1.368890546774449657e+00,5.707855559063239603e-01,5.379494038480481244e-01,4.767840060099503025e+06
-3.921595766491166479e+00,-5.242126191315032102e+00,2.543106015359397176e+00,9.441277135573067358e-01,3.045184311008416467e-01,6.500443326141407407e-01,4.767840060099503025e+06
-2.972073469915551769e+00,-5.430335107332817657e+00,2.574749609638359527e+00,8.869982616476198567e-01,3.699853727830381134e-01,5.322323321106412486e-01,4.767840060099503025e+06
-3.053950317344257037e+00,-5.403893157088432986e+00,2.555718427900469436e+00,8.896887988016767279e-01,3.616840402271892518e-01,5.564125062029343649e-01,4.767840060099503025e+06
-3.646387917454918970e+00,-5.266566478020074271e+00,2.367458641814259135e+00,9.941100631360492157e-01,3.242122602358737948e-01,5.658807257394159462e-01,4.767840060099503025e+06
-3.054471577992801556e+00,-5.182794824084852259e+00,2.547316207336870253e+00,1.195948963381322283e+00,3.060525260913850021e-01,4.064482570700739816e-01,4.767840060099503025e+06
-3.417020331313469494e+00,-5.043827237503679228e+00,2.570675554324536094e+00,1.265941526114492177e+00,2.419139173839333634e-01,4.323281361341854701e-01,4.767840060099503025e+06
-3.636054226493088848e+00,-5.163262534336526599e+00,2.833854400270368501e+00,1.264178754546759098e+00,3.475485784872656136e-01,3.922215666568530934e-01,4.767840060099503025e+06
-3.875173705687171122e+00,-4.742788804041053297e+00,2.785232221890244997e+00,1.486060625344669539e+00,4.800027382459592928e-02,2.739483436092211566e-01,4.767840060099503025e+06
-3.533335686161064526e+00,-5.058861749580299438e+00,2.823071086388238893e+00,1.141873724512471711e+00,-3.441248387694861854e-02,8.014828581882182945e-02,4.767840060099503025e+06
-3.408586709188591080e+00,-5.033625302225223308e+00,2.428387064598648948e+00,1.176128728077820096e+00,1.983436781454184228e-02,1.458803674771878001e-01,4.767840060099503025e+06
-1.233897649148959053e+00,-5.423049827501155384e+00,1.619330847494405035e+00,2.008347637573553168e+00,1.275375948738679988e+00,1.470591303651508919e-01,4.767840060099503025e+06
-2.077419175049310063e+00,-4.745169773933625379e+00,1.522301032731848025e+00,2.437233807969284349e+00,9.492924124792032625e-01,1.243971295307197966e-01,4.767840060099503025e+06
-2.077451666837668576e+00,-4.535785297298317253e+00,1.110003449107894280e+00,2.723041605277756183e+00,9.744381925154774748e-01,8.076743107821680867e-02,4.767840060099503025e+06
-2.075323274198749957e+00,-4.536765486302949846e+00,1.109151213228256383e+00,2.721231663616541674e+00,9.738742604421510851e-01,8.054268328016112033e-02,4.767840060099503025e+06
-1.912556882727594942e+00,-5.106033419828735376e+00,1.528047954489611726e+00,2.359973756246068977e+00,1.221089636818860846e+00,1.684048667182085346e-01,4.767840060099503025e+06
-2.267919775786014114e+00,-4.965212115694229489e+00,1.214810686077806290e+00,2.906972763032580787e+00,1.590950281398447075e+00,1.957101227577105751e-01,4.767840060099503025e+06
-2.301665035545771953e+00,-5.279209077594235744e+00,1.449956285906614184e+00,2.488781411083054174e+00,1.517733721531919766e+00,1.763627214513797670e-01,4.767840060099503025e+06
-2.437729581162314751e+00,-5.533749705273350195e+00,1.795391908425098659e+00,2.046236783322470387e+00,1.437799244211236172e+00,3.007259885842851199e-01,4.767840060099503025e+06
-2.605201218891636028e+00,-5.236541829764578715e+00,9.846633007465358522e-01,2.316631248863735948e+00,1.432043359537606531e+00,3.174182465446610535e-01,4.767840060099503025e+06
-2.406886348748982662e+00,-5.413650040579723210e+00,1.258441607179769495e+00,2.026665860890540571e+00,1.332578005099080309e+00,3.458686783504426043e-01,4.767840060099503025e+06
-2.472786801762343778e+00,-5.579273676629079581e+00,7.211931316233368694e-01,2.069969647394470424e+00,1.555965608973607806e+00,3.043963090375985114e-01,4.767840060099503025e+06
-2.385106589905029661e+00,-5.465254750486088220e+00,6.660384326317314585e-01,2.064620205986226420e+00,1.441387671852762509e+00,2.782696141758160824e-01,4.767840060099503025e+06
-2.890996048519403061e+00,-6.054271319996031409e+00,7.599182164165929620e-01,2.244785414768414977e+00,2.223247912305209795e+00,2.990990419269434764e-01,4.767840060099503025e+06
-2.559758330647718516e+00,-5.456306211827184782e+00,1.034660021496731419e+00,2.579365886589978896e+00,1.876133716692093723e+00,2.560951559032960123e-01,4.767840060099503025e+06
-2.842585782836764885e+00,-5.446421733784103658e+00,8.659047084070228273e-01,2.664776775074709114e+00,2.002534475723001250e+00,3.496785372123756286e-01,4.767840060099503025e+06
-2.905916486719501091e+00,-5.460749337755318678e+00,9.967109559893136961e-01,2.281348878129705327e+00,1.682871017737002761e+00,4.153135029481924700e-01,4.767840060099503025e+06
-2.576248524708589116e+00,-5.193211851889475206e+00,1.058628263790212465e+00,2.161887133029857466e+00,1.270277300104470264e+00,3.986520171635360987e-01,4.767840060099503025e+06
-2.576248524708589116e+00,-5.193211851889475206e+00,1.058628263790212465e+00,2.161887133029857466e+00,1.270277300104470264e+00,3.986520171635360987e-01,4.767840060099503025e+06
-2.299970488364298848e+00,-4.999440375860349839e+00,1.004475897238841231e+00,2.265076287901905072e+00,1.192359584193136257e+00,4.068192348676292203e-01,4.767840060099503025e+06
-2.904122499883175834e+00,-4.974597491142050742e+00,8.921628175001091732e-01,2.317243439749247180e+00,1.244409046652321882e+00,4.329584837908465600e-01,4.767840060099503025e+06
-3.190210779519726980e+00,-4.961455817917937772e+00,9.832489953245200365e-01,2.333824837628207582e+00,1.260756972847048907e+00,4.720824165699329944e-01,4.767840060099503025e+06
-3.110358183286152212e+00,-5.035695469105555766e+00,8.654785869536385512e-01,2.113412722555728429e+00,1.118681533237837700e+00,4.462911708575931780e-01,4.767840060099503025e+06
-3.109115636199793808e+00,-5.101938003545826383e+00,9.475986847915289779e-01,2.000704628608562352e+00,1.027826826401874838e+00,3.975633926031579835e-01,4.767840060099503025e+06
-2.731616625487912398e+00,-5.109531752977741981e+00,1.074940250127899066e+00,1.953017880265296213e+00,9.609666341281656310e-01,3.643246925855014862e-01,4.767840060099503025e+06
-2.580993017931402456e+00,-5.226555943736831189e+00,1.480148906183062607e+00,1.781339908348546608e+00,8.025839263984196892e-01,1.991800628578148102e-01,4.767840060099503025e+06
-2.437411877574728880e+00,-5.460161792148511495e+00,1.441602986036123024e+00,1.377193835306059322e+00,6.493109269199515143e-01,1.812006721135188680e-01,4.767840060099503025e+06
-2.343508880025733987e+00,-5.586174067339676697e+00,1.323703039638328693e+00,1.305272540016914506e+00,7.710193520499331044e-01,2.565738770322968931e-01,4.767840060099503025e+06
-2.294939425360834395e+00,-5.717093114523209785e+00,1.650104731016368342e+00,1.133076881879214293e+00,7.875258862593663700e-01,3.557723990998193364e-01,4.767840060099503025e+06
-3.111327460495372232e+00,-5.774618362628034518e+00,1.957838329993081272e+00,7.575562173376475528e-01,5.087763821648583207e-01,3.715350079138800554e-01,4.767840060099503025e+06
-2.956566632975420994e+00,-5.455856041991288485e+00,2.053568533430243370e+00,1.266319761331463845e+00,5.580519475415471886e-01,2.136205672947740497e-01,4.767840060099503025e+06
-2.629755290784220101e+00,-5.799018503861849361e+00,2.286104440363757817e+00,1.329059997920869041e+00,9.702084193200966045e-01,2.148211854695754597e-01,4.767840060099503025e+06
-3.341031541176573416e+00,-5.919716495322933980e+00,2.784783396372546349e+00,1.009836257165835915e+00,8.201687339449703629e-01,2.338233249093213673e-01,4.767840060099503025e+06
-2.503476555234332768e+00,-5.559211441143080634e+00,2.863569605105200200e+00,1.387840686037242532e+00,7.471878998072500888e-01,1.247686278239261148e-01,4.767840060099503025e+06
-2.315833721514653831e+00,-5.605556780872156253e+00,2.478824098860828329e+00,1.421809453409225599e+00,8.727551240523315768e-01,2.035970084021564153e-01,4.767840060099503025e+06
-3.079346365080230630e+00,-5.591772229349400547e+00,2.956934025736980054e+00,1.492600315864524241e+00,9.803930864137161416e-01,3.541522887754104953e-01,4.767840060099503025e+06
-3.079346365080230630e+00,-5.591772229349400547e+00,2.956934025736980054e+00,1.492600315864524241e+00,9.803930864137161416e-01,3.541522887754104953e-01,4.767840060099503025e+06
-3.158964299787577090e+00,-5.629012658056415042e+00,2.958500686970407578e+00,1.545777713223664751e+00,1.057760878046229980e+00,3.394463497789840245e-01,4.767840060099503025e+06
-3.240646935131228368e+00,-5.644550676394415767e+00,2.988066804234777774e+00,1.629274341230666279e+00,1.161339529249580504e+00,3.590909834817248014e-01,4.767840060099503025e+06
-3.217444035976826378e+00,-5.653192647675626681e+00,2.979528261458324057e+00,1.626665763029338185e+00,1.169802750796395063e+00,3.625857974451268673e-01,4.767840060099503025e+06
-3.217444035976826378e+00,-5.653192647675626681e+00,2.979528261458324057e+00,1.626665763029338185e+00,1.169802750796395063e+00,3.625857974451268673e-01,4.767840060099503025e+06
-3.217444035976826378e+00,-5.653192647675626681e+00,2.979528261458324057e+00,1.626665763029338185e+00,1.169802750796395063e+00,3.625857974451268673e-01,4.767840060099503025e+06
-3.217444035976826378e+00,-5.653192647675626681e+00,2.979528261458324057e+00,1.626665763029338185e+00,1.169802750796395063e+00,3.625857974451268673e-01,4.767840060099503025e+06
-3.297837599559056976e+00,-5.856124222597071771e+00,2.672538697757072423e+00,1.575174648929383192e+00,1.353412041533821331e+00,3.978958374139073273e-01,4.767840060099503025e+06
-3.588899766076873554e+00,-5.664166669291871514e+00,2.614642700812699339e+00,1.806126610768589158e+00,1.283840334373701930e+00,2.591496900379802182e-01,4.767840060099503025e+06
-3.673356831743917805e+00,-5.649152354731637793e+00,2.170060268259867975e+00,1.435638746975375080e+00,9.761269912192770404e-01,3.334747900696238831e-01,4.767840060099503025e+06
-3.464265646795435138e+00,-5.728118669576561572e+00,2.223805062389525133e+00,1.352076533074581199e+00,9.660627853248537900e-01,3.283923084431907280e-01,4.767840060099503025e+06
-3.609227850009519400e+00,-5.826162449831089774e+00,2.370170227758200632e+00,1.187892018866006705e+00,9.045098183427057181e-01,3.201378284919882411e-01,4.767840060099503025e+06
-3.110913606126061826e+00,-5.786176077322703115e+00,2.413873340520663824e+00,1.102730526012769330e+00,6.994849993389646858e-01,1.514005679887696076e-01,4.767840060099503025e+06
-2.937775604495564519e+00,-5.570141149095275246e+00,2.501850011624112913e+00,1.380443801424088512e+00,8.379640651873443424e-01,3.266757909872488597e-01,4.767840060099503025e+06
-2.886244475463799919e+00,-5.505071983148640768e+00,2.754272527381226965e+00,1.399090767714601169e+00,7.339154574834920730e-01,2.434886842171284926e-01,4.767840060099503025e+06
-2.886244475463799919e+00,-5.505071983148640768e+00,2.754272527381226965e+00,1.399090767714601169e+00,7.339154574834920730e-01,2.434886842171284926e-01,4.767840060099503025e+06
-2.996617900728232975e+00,-5.581590657473904038e+00,2.958114690223665910e+00,1.433421680821251432e+00,8.279361898217257876e-01,2.179298136039055367e-01,4.767840060099503025e+06
-3.067834481727951701e+00,-5.607942530702124451e+00,2.847665073153571758e+00,1.229940937467098871e+00,7.521350919056140061e-01,3.425641052840007750e-01,4.767840060099503025e+06
-3.092519843816630143e+00,-5.612530412011111913e+00,2.910230213381740594e+00,1.233034557912145557e+00,7.314131207152165803e-01,2.975461241453029038e-01,4.767840060099503025e+06
-3.092519843816630143e+00,-5.612530412011111913e+00,2.910230213381740594e+00,1.233034557912145557e+00,7.314131207152165803e-01,2.975461241453029038e-01,4.767840060099503025e+06
-2.630122225693200644e+00,-5.303015611618906888e+00,2.487894855864511534e+00,1.530956740342056976e+00,6.542673368584359661e-01,2.037126747053583098e-01,4.767840060099503025e+06
-3.345947145611579465e+00,-5.264203532462179425e+00,2.942413084991981176e+00,2.109790033555773991e+00,1.122501606481949521e+00,1.790435229122556149e-01,4.767840060099503025e+06
-3.358482305505833043e+00,-5.254639932938077962e+00,2.958769820395401595e+00,2.142679326432022080e+00,1.132850566406421455e+00,1.613845895515993445e-01,4.767840060099503025e+06
-3.531500043033630742e+00,-5.210906460200209978e+00,2.759342325533351570e+00,2.153602783664610332e+00,1.033107965402209283e+00,4.733515579283370522e-02,4.767840060099503025e+06
-3.247054800168947430e+00,-5.611726477908322686e+00,2.695708669966466964e+00,1.556554026311622874e+00,1.088373972161759795e+00,3.863882369261193994e-01,4.767840060099503025e+06
-3.373403766622224076e+00,-5.656302481182140518e+00,2.748111315290195922e+00,1.478908541276189315e+00,1.074438893046868237e+00,4.104400579191800347e-01,4.767840060099503025e+06
-3.410031355431134781e+00,-5.710021684025188726e+00,2.937388657762632249e+00,1.459780089655319690e+00,1.095043830353993553e+00,4.233137657990463376e-01,4.767840060099503025e+06
-3.410031355431134781e+00,-5.710021684025188726e+00,2.937388657762632249e+00,1.459780089655319690e+00,1.095043830353993553e+00,4.233137657990463376e-01,4.767840060099503025e+06
-2.398746852483622405e+00,-5.861973622275433726e+00,2.732853074697522366e+00,1.926897115637906222e+00,1.716676413811404789e+00,4.590239892452638859e-01,4.767840060099503025e+06
-2.275074073383950957e+00,-5.602366083021167675e+00,2.824746082365779287e+00,1.812394639611815794e+00,1.338117286820982299e+00,4.733288278708097652e-01,4.767840060099503025e+06
-1.822542874427114823e+00,-5.460734961801779974e+00,2.786433972884746701e+00,1.658387654721709348e+00,9.211465502173830089e-01,2.779376274425319204e-01,4.767840060099503025e+06
-2.134528324049510317e+00,-5.366660380158350563e+00,2.571761850860233789e+00,1.522082667376424059e+00,7.412958241166940354e-01,3.108201407290807627e-01,4.767840060099503025e+06
-2.403821991520223467e+00,-5.635737139274986873e+00,2.866747021427155762e+00,1.087490755211979909e+00,5.580029219035398391e-01,2.661595094774070747e-01,4.767840060099503025e+06
-3.277083802783679278e+00,-5.722848245416911617e+00,2.420496979304028073e+00,7.968449556545776913e-01,5.478553049643897221e-01,4.526236240992415616e-01,4.767840060099503025e+06
-3.293081372695999320e+00,-5.720938325832081617e+00,2.425821468887615850e+00,8.062153241103915402e-01,5.521645661408979278e-01,4.505917851025317833e-01,4.767840060099503025e+06
-3.762173699879654443e+00,-5.652295997969133623e+00,2.509760191143540098e+00,8.927599526403333652e-01,5.463326109059514213e-01,4.446447803280881850e-01,4.767840060099503025e+06
-3.701107187652953101e+00,-5.646515711852284625e+00,2.458680522303130722e+00,8.900409469936447771e-01,5.379297810727086127e-01,4.416684932465202440e-01,4.767840060099503025e+06
-3.692178958281322476e+00,-5.804459209921405183e+00,2.707256569473523999e+00,6.095266497950870832e-01,5.926587002845459251e-01,6.090897302718587536e-01,4.767840060099503025e+06
-3.755869824872023699e+00,-5.835495190961629497e+00,2.744305052894220776e+00,5.992794047341581942e-01,6.364998422617351714e-01,6.393967096547847895e-01,4.767840060099503025e+06
-3.526604954473913534e+00,-5.839314553600140734e+00,2.562175163438904946e+00,5.967053937606504599e-01,6.268804416275199909e-01,6.046353553594830954e-01,4.767840060099503025e+06
-3.852593627163448886e+00,-5.794987293406646423e+00,2.477888795372756636e+00,5.022237768621617970e-01,5.230260802885698945e-01,6.015095511981154441e-01,4.767840060099503025e+06
-3.963709463474767603e+00,-5.962831338970310924e+00,2.891947531583440423e+00,4.299722475112982556e-01,6.520313393419792103e-01,6.256542865050881419e-01,4.767840060099503025e+06
-3.963709463474767603e+00,-5.962831338970310924e+00,2.891947531583440423e+00,4.299722475112982556e-01,6.520313393419792103e-01,6.256542865050881419e-01,4.767840060099503025e+06
-3.905002739790461419e+00,-5.959582160727898703e+00,2.860268894976345955e+00,4.459569669795709901e-01,6.545545856184578071e-01,6.132374892265781696e-01,4.767840060099503025e+06
-3.905002739790461419e+00,-5.959582160727898703e+00,2.860268894976345955e+00,4.459569669795709901e-01,6.545545856184578071e-01,6.132374892265781696e-01,4.767840060099503025e+06
-3.826210737075115276e+00,-5.940051532097065490e+00,2.768187440390379006e+00,4.337840377031891292e-01,6.226105182647010405e-01,6.022519676073989636e-01,4.767840060099503025e+06
-3.946893877862001521e+00,-5.953036524105526084e+00,2.841832100210329948e+00,4.039944946540605653e-01,6.098532020076039561e-01,5.996529215342714103e-01,4.767840060099503025e+06
-3.876273195110985892e+00,-5.931994420671848012e+00,2.933898752471026050e+00,3.901573495323497065e-01,6.646019552253192852e-01,7.103318084234961916e-01,4.767840060099503025e+06
-3.874223001782041820e+00,-5.860090106858710790e+00,2.893373065545339795e+00,4.518013420942533775e-01,6.270373674254090535e-01,6.990487597950530985e-01,4.767840060099503025e+06
-3.930309740482455183e+00,-5.881150385353735466e+00,2.979785789740456714e+00,4.355851477388973936e-01,6.367454009621811295e-01,7.054846132998358055e-01,4.767840060099503025e+06
-3.358918205619849218e+00,-5.846661068376985071e+00,2.381947424725989304e+00,4.204786676323991057e-01,6.060185586703504823e-01,6.991942209452154389e-01,4.767840060099503025e+06
-3.798977412751783245e+00,-5.559319448207095782e+00,2.404592637544926248e+00,2.970675178503151548e-01,3.014522957330514341e-01,8.060582348614928616e-01,4.767840060099503025e+06
-3.790983397745666839e+00,-5.574661272892594610e+00,2.397202793162760415e+00,3.065845130731478796e-01,3.232869636452246898e-01,8.060839948795495147e-01,4.767840060099503025e+06
-3.993612013213755585e+00,-5.424471725490320750e+00,2.283392022066953242e+00,3.475320141960117071e-01,2.130858794957291025e-01,7.951839289067532679e-01,4.767840060099503025e+06
-3.983617040066168347e+00,-5.417794237391110101e+00,2.285869216722750785e+00,3.616883282023396484e-01,2.097842382561203867e-01,7.840907819668353484e-01,4.767840060099503025e+06
-1.077900010203576953e+00,-5.931414750685779502e+00,2.724175269584322656e+00,5.878871746353391270e-01,5.538277281534613739e-01,3.669947247481489816e-01,4.767840060099503025e+06
-1.210210034109018506e+00,-5.792258154433837625e+00,2.406818701863361998e+00,8.282154022678189786e-01,6.623517081779777271e-01,4.140437519332370586e-01,4.767840060099503025e+06
-1.159636055041659564e+00,-6.368668510258840953e+00,2.186253712570296770e+00,6.020077151593492548e-01,1.120870357570655784e+00,4.878544946143759664e-01,4.767840060099503025e+06
-1.275033531550838539e+00,-6.166486049824364102e+00,2.209866975836648262e+00,7.997300876360068367e-01,1.022102471941973123e+00,3.976221717910228270e-01,4.767840060099503025e+06
-1.396568588558508406e+00,-6.597120471876646519e+00,2.400275288812691254e+00,5.124371802565597100e-01,1.276091545105072278e+00,5.083924574411136099e-01,4.767840060099503025e+06
-1.396568588558508406e+00,-6.597120471876646519e+00,2.400275288812691254e+00,5.124371802565597100e-01,1.276091545105072278e+00,5.083924574411136099e-01,4.767840060099503025e+06
-1.040254046446388747e+00,-7.073554552671950546e+00,2.311625652687811172e+00,2.902184207135455329e-01,1.692489883966303399e+00,6.484119414048619134e-01,4.767840060099503025e+06
-1.040254046446388747e+00,-7.073554552671950546e+00,2.311625652687811172e+00,2.902184207135455329e-01,1.692489883966303399e+00,6.484119414048619134e-01,4.767840060099503025e+06
-1.040254046446388747e+00,-7.073554552671950546e+00,2.311625652687811172e+00,2.902184207135455329e-01,1.692489883966303399e+00,6.484119414048619134e-01,4.767840060099503025e+06
-1.040254046446388747e+00,-7.073554552671950546e+00,2.311625652687811172e+00,2.902184207135455329e-01,1.692489883966303399e+00,6.484119414048619134e-01,4.767840060099503025e+06
-1.781386875672392289e+00,-6.177824045601834513e+00,2.253705846970020410e+00,7.587359607540474782e-01,1.021348508019858548e+00,4.691734113802056294e-01,4.767840060099503025e+06
-1.753067309838590937e+00,-6.264654886273119061e+00,2.358935304081541062e+00,6.124239578397057127e-01,9.967404306755858201e-01,5.035986126080459480e-01,4.767840060099503025e+06
-2.328068923169996918e+00,-6.051388108167621738e+00,2.672650549236449624e+00,7.495314983762428884e-01,8.395442890364154254e-01,4.527115923620589899e-01,4.767840060099503025e+06
-2.362977005803727160e+00,-6.001299400331863154e+00,2.561841333823634770e+00,8.563626724038724269e-01,9.064984447770012554e-01,4.788896462936284570e-01,4.767840060099503025e+06
-3.205612928578740917e+00,-5.876023635741489670e+00,1.962965396162662080e+00,1.094865960103130309e+00,9.981196927555880949e-01,5.004262347161614333e-01,4.767840060099503025e+06
-3.091425618502643857e+00,-5.818670856938899405e+00,2.102202938382367492e+00,1.307658278635736471e+00,1.124949283424228952e+00,4.970804896417502783e-01,4.767840060099503025e+06
-1.504341202088121277e+00,-6.227519450950580016e+00,2.231301186419059945e+00,1.331573075652128679e+00,1.795769198913001574e+00,8.222275884912833011e-01,4.767840060099503025e+06
-1.434453045201362409e+00,-6.121712174524756911e+00,2.204736466225148739e+00,1.383657528558511318e+00,1.631378491829641231e+00,6.872930880291661104e-01,4.767840060099503025e+06
-1.434453045201362409e+00,-6.121712174524756911e+00,2.204736466225148739e+00,1.383657528558511318e+00,1.631378491829641231e+00,6.872930880291661104e-01,4.767840060099503025e+06
-1.396546341010418635e+00,-6.098613318600923705e+00,2.176848876051228565e+00,1.325869179599128866e+00,1.554239900109614325e+00,6.681130372092740632e-01,4.767840060099503025e+06
-2.170852318619894916e+00,-6.176372180005946788e+00,1.612571446012026399e+00,7.953541575524376572e-01,1.123185488348994898e+00,6.294825146283771211e-01,4.767840060099503025e+06
-1.628035173050493389e+00,-5.843117555884088432e+00,1.405508166107240164e+00,6.006333452370264947e-01,5.970624821322834119e-01,5.255578198352872654e-01,4.767840060099503025e+06
-1.628035173050493389e+00,-5.843117555884088432e+00,1.405508166107240164e+00,6.006333452370264947e-01,5.970624821322834119e-01,5.255578198352872654e-01,4.767840060099503025e+06
-1.628035173050493389e+00,-5.843117555884088432e+00,1.405508166107240164e+00,6.006333452370264947e-01,5.970624821322834119e-01,5.255578198352872654e-01,4.767840060099503025e+06
-1.729698176255851427e+00,-5.777341818280647523e+00,1.413470954638066379e+00,7.265929307055678521e-01,6.189878247478417528e-01,4.907393405793607499e-01,4.767840060099503025e+06
-1.484422376138008648e+00,-5.806757798841383433e+00,1.276750943858033560e+00,5.671301698173633055e-01,5.504663152690794092e-01,5.636455829008166774e-01,4.767840060099503025e+06
-1.534259418407854847e+00,-5.844564473919914072e+00,1.298535604599007076e+00,4.931698569194075121e-01,5.652978949408409282e-01,6.209004750480227042e-01,4.767840060099503025e+06
-1.422304400630423959e+00,-6.047961070071925072e+00,1.272514509695251483e+00,4.038349662183051691e-01,6.765358058240000805e-01,5.474817430212858271e-01,4.767840060099503025e+06
-1.754350295580149988e+00,-5.943298974725793826e+00,1.201403441574051323e+00,5.924089811853221477e-01,7.021749722973260610e-01,4.996214287803917298e-01,4.767840060099503025e+06
-1.541186848723503866e+00,-5.839272778628495253e+00,1.148813930673369565e+00,5.174763335394824137e-01,5.528028586499704744e-01,5.329544422492275002e-01,4.767840060099503025e+06
-1.501061680545081156e+00,-5.870083527997939754e+00,1.138207475322163598e+00,5.033663492556466057e-01,5.761733205140245895e-01,5.395898936796605927e-01,4.767840060099503025e+06
-1.959900093927156028e+00,-5.765336287616255717e+00,1.171571354251519814e+00,7.946456770674086290e-01,6.738286428306650144e-01,4.865253144426993082e-01,4.767840060099503025e+06
-2.176240298453977484e+00,-5.696644737858346907e+00,6.388958136238411800e-01,1.123269070500367173e+00,9.350281929737349618e-01,5.035285205178744450e-01,4.767840060099503025e+06
-2.208998106699914032e+00,-5.730136791437123733e+00,6.336486942028531910e-01,1.113394030857020711e+00,9.458535525692373103e-01,4.785153329014469881e-01,4.767840060099503025e+06
-2.208998106699914032e+00,-5.730136791437123733e+00,6.336486942028531910e-01,1.113394030857020711e+00,9.458535525692373103e-01,4.785153329014469881e-01,4.767840060099503025e+06
-2.215185303736596723e+00,-5.737412716428935688e+00,6.687357987861159980e-01,1.119449704422698977e+00,9.538614146762591783e-01,4.719760027504789068e-01,4.767840060099503025e+06
-1.614560656472744160e+00,-5.642450405569501726e+00,6.306432654366966872e-01,8.034241851317847072e-01,5.721038198141404907e-01,4.599142083946974324e-01,4.767840060099503025e+06
-1.863311541377190128e+00,-5.631896623825035419e+00,7.073744075774461848e-01,9.148105619112525400e-01,6.513214987121691557e-01,4.558489347501878397e-01,4.767840060099503025e+06
-2.042633269743817426e+00,-5.677068098781432148e+00,1.010170946099300249e+00,7.777708801510654357e-01,6.214087150467730858e-01,5.503331021559380032e-01,4.767840060099503025e+06
-1.540676027936309422e+00,-5.679127840229011071e+00,8.607553414157496086e-01,6.806346459170690144e-01,5.974879406912136925e-01,6.351507813201743291e-01,4.767840060099503025e+06
-1.692413399941861352e+00,-5.743122786581398742e+00,1.039611739087114461e+00,7.180996049625405497e-01,6.661392821669092079e-01,6.128115470140325094e-01,4.767840060099503025e+06
-1.692413399941861352e+00,-5.743122786581398742e+00,1.039611739087114461e+00,7.180996049625405497e-01,6.661392821669092079e-01,6.128115470140325094e-01,4.767840060099503025e+06
-1.686831055517612699e+00,-5.742712424585814546e+00,1.088258809238076275e+00,7.434773032836132778e-01,6.809960832880802561e-01,6.020276893459257650e-01,4.767840060099503025e+06
-1.686831055517612699e+00,-5.742712424585814546e+00,1.088258809238076275e+00,7.434773032836132778e-01,6.809960832880802561e-01,6.020276893459257650e-01,4.767840060099503025e+06
-1.749877644058749127e+00,-5.712918505418673298e+00,1.081321399944733308e+00,7.794666010183682880e-01,6.762587717014783006e-01,5.885987773160397118e-01,4.767840060099503025e+06
-1.562723033610566858e+00,-5.501644519306720937e+00,7.879403681988046415e-01,7.801428823133300661e-01,5.231895541557894935e-01,6.358816927090957805e-01,4.767840060099503025e+06
-1.831750284502993598e+00,-5.592253990475617442e+00,8.404539598703181236e-01,7.465646775082339648e-01,5.598102400146014457e-01,6.197891379513367216e-01,4.767840060099503025e+06
-1.840371543041011027e+00,-5.592380979868986302e+00,8.401498841862161671e-01,7.526801634660732487e-01,5.648463321808170345e-01,6.189207170536563662e-01,4.767840060099503025e+06
-1.862900019394777340e+00,-5.504396158033125985e+00,6.187490882316082352e-01,7.443956248824474820e-01,5.091038906027032240e-01,6.616784643241961916e-01,4.767840060099503025e+06
-2.022891475181550103e+00,-5.454275541046273545e+00,1.092514750939688195e+00,7.314985262133990584e-01,3.915945019195853360e-01,6.512327544067452179e-01,4.767840060099503025e+06
-2.265220000963885649e+00,-5.519301353672901200e+00,1.368556078402431320e+00,6.678951518948637034e-01,3.062808389734006376e-01,5.428091991034280639e-01,4.767840060099503025e+06
-2.561691248909701013e+00,-5.473103752876713912e+00,1.351436350101750783e+00,7.107536348627117029e-01,2.531062056508921465e-01,4.412419912316249415e-01,4.767840060099503025e+06
-3.113861657258032878e+00,-5.615564754987093288e+00,1.352995908126980007e+00,4.778636319717113334e-01,2.259355915058935405e-01,4.897851300379645334e-01,4.767840060099503025e+06
-2.857667345932043190e+00,-5.735224659772871547e+00,1.322884601734338084e+00,5.178860307420961595e-01,3.806036043648767797e-01,4.708706113534829596e-01,4.767840060099503025e+06
-3.374019705716543971e+00,-5.918223711303862267e+00,1.109149140440169212e+00,5.714310323601886621e-01,6.430159399604308268e-01,4.980142060749045418e-01,4.767840060099503025e+06
-3.378464423559445873e+00,-5.914653861500232424e+00,1.585202704108229277e+00,7.107663823260322866e-01,7.596710815055182087e-01,5.368281866556231519e-01,4.767840060099503025e+06
-3.284316962139171014e+00,-5.918342106289044224e+00,1.608905824594496270e+00,6.944243141678317910e-01,7.552933863360709044e-01,5.432317439000358128e-01,4.767840060099503025e+06
-3.585973173024081362e+00,-5.938496428252150849e+00,1.143428896658176930e+00,7.791391367341817809e-01,8.199445709637889212e-01,4.901839024337976691e-01,4.767840060099503025e+06
-3.759750321310294296e+00,-5.973488045050437734e+00,1.178689243465426584e+00,6.991815091096160728e-01,7.864401939505855088e-01,5.062375879961504843e-01,4.767840060099503025e+06
-3.279089956183615318e+00,-5.859032659838309343e+00,7.154267823062816500e-01,7.708274064667909320e-01,7.152991873834180225e-01,4.326350567383751566e-01,4.767840060099503025e+06
-2.591819389348767544e+00,-5.829078627245742439e+00,9.719311507258705518e-01,8.645050410764463233e-01,7.279043579806514508e-01,3.761349323449072468e-01,4.767840060099503025e+06
-2.615374239916835819e+00,-5.846107280715036048e+00,9.256694303625552234e-01,8.300894162249010666e-01,7.190387951475909478e-01,3.839919219728684663e-01,4.767840060099503025e+06
-2.763856424970774217e+00,-5.733290120790037747e+00,1.106041823990252748e+00,9.836661545580094312e-01,7.084825704806106961e-01,3.277865922832152168e-01,4.767840060099503025e+06
-3.089699667664592475e+00,-5.724542732234457532e+00,9.680773738827042063e-01,1.043626257230096055e+00,7.492899640023465979e-01,3.169979148042817996e-01,4.767840060099503025e+06
-3.311839700895005123e+00,-5.795126534647231153e+00,9.363778990747712028e-01,1.042236571390595223e+00,7.901309598142132185e-01,2.376256454367559057e-01,4.767840060099503025e+06
-3.452577488341834311e+00,-5.824153881663716170e+00,7.991610185841050429e-01,1.076953782765931900e+00,8.219148667226321425e-01,1.773570594128102695e-01,4.767840060099503025e+06
-3.693206512305469147e+00,-5.869611157225749665e+00,1.049069466827022179e+00,9.101883400465624607e-01,6.676882236670425019e-01,1.659982605267203426e-01,4.767840060099503025e+06
-3.526549921180947678e+00,-5.814696706013673833e+00,1.110710671718049714e+00,1.037228596475809228e+00,7.318055578448972032e-01,1.699617494994490885e-01,4.767840060099503025e+06
-2.480768873770165861e+00,-5.690423740907066374e+00,1.127988734719012509e+00,1.276998555922421286e+00,8.335901205797333624e-01,2.476649760075446127e-01,4.767840060099503025e+06
-3.052592934983430428e+00,-5.567356352620731030e+00,8.875378662607484870e-01,1.399462637163811918e+00,7.961394721428148857e-01,1.982485069741845018e-01,4.767840060099503025e+06
-3.471998181999925492e+00,-5.850617471046938078e+00,1.089235231939308157e+00,1.262097349319676765e+00,9.885135531881545923e-01,2.466536719932981292e-01,4.767840060099503025e+06
-3.110730658803402271e+00,-5.783725493991415334e+00,1.186033504137069539e+00,1.329126333158452411e+00,9.853365679659705778e-01,2.523207022143083567e-01,4.767840060099503025e+06
-3.574700835478958449e+00,-5.685456781706846208e+00,1.468205506736186550e+00,1.038587384365716737e+00,6.363678928885310171e-01,3.004797744202294951e-01,4.767840060099503025e+06
-3.775572174546041104e+00,-5.705605008471860806e+00,1.327749528154860581e+00,9.574245893753811076e-01,6.108124381597317409e-01,3.691355133262029797e-01,4.767840060099503025e+06
-3.753800300817406566e+00,-5.709149375387317704e+00,1.333919868309846102e+00,9.555074711175565172e-01,6.120837459993215823e-01,3.681137717634268558e-01,4.767840060099503025e+06
-3.440472783818216307e+00,-5.447889354858784117e+00,1.689518352711974813e+00,9.117795997561323196e-01,3.675331207701936220e-01,4.837079954832324558e-01,4.767840060099503025e+06
-2.985935189436585979e+00,-5.416022116525862629e+00,1.941013942992668495e+00,1.038484658080898404e+00,4.799385354966731465e-01,5.244638406643838957e-01,4.767840060099503025e+06
-3.204770974407470163e+00,-5.312511013971300322e+00,2.081042493549507988e+00,1.028691397891682957e+00,3.191451202279474986e-01,4.591866451477260025e-01,4.767840060099503025e+06
-3.889469184948676883e+00,-5.586443169433996658e+00,1.838481964663485790e+00,1.303687086176102294e+00,8.582098601820681294e-01,4.625314251064396309e-01,4.767840060099503025e+06
-3.889469184948676883e+00,-5.586443169433996658e+00,1.838481964663485790e+00,1.303687086176102294e+00,8.582098601820681294e-01,4.625314251064396309e-01,4.767840060099503025e+06
-3.863040766170310114e+00,-5.586723058693048749e+00,1.840589106582152468e+00,1.304576183201887174e+00,8.586263446716883019e-01,4.611464379307734784e-01,4.767840060099503025e+06
-3.863040766170310114e+00,-5.586723058693048749e+00,1.840589106582152468e+00,1.304576183201887174e+00,8.586263446716883019e-01,4.611464379307734784e-01,4.767840060099503025e+06
-3.913132130146674381e+00,-5.564521242366171627e+00,1.843895099645281643e+00,1.295674356232067614e+00,8.305906797319303481e-01,4.545655962430636965e-01,4.767840060099503025e+06
-3.913132130146674381e+00,-5.564521242366171627e+00,1.843895099645281643e+00,1.295674356232067614e+00,8.305906797319303481e-01,4.545655962430636965e-01,4.767840060099503025e+06
-3.919053187065790311e+00,-5.501039773940569866e+00,1.707142495487589340e+00,1.415836308485866279e+00,8.814701438143108803e-01,4.533969363695949384e-01,4.767840060099503025e+06
-3.919053187065790311e+00,-5.501039773940569866e+00,1.707142495487589340e+00,1.415836308485866279e+00,8.814701438143108803e-01,4.533969363695949384e-01,4.767840060099503025e+06
-3.978399819940627413e+00,-5.200056246269953775e+00,1.567474135897702014e+00,1.694890742837870556e+00,8.839469301874104401e-01,5.415736108566915341e-01,4.767840060099503025e+06
-3.417207339087986018e+00,-5.089688076180496346e+00,1.430204282044984510e+00,1.483396297418541288e+00,5.366311717475094056e-01,4.540601841807052619e-01,4.767840060099503025e+06
-3.560171122919404407e+00,-5.117298644148911890e+00,1.409731979223502130e+00,1.479313739594014354e+00,5.542838540405836678e-01,4.501228529013421298e-01,4.767840060099503025e+06
-3.777593872656951568e+00,-5.150665374892165360e+00,1.308936283006687296e+00,1.469762551704207887e+00,5.525617321562391604e-01,3.986224678844282332e-01,4.767840060099503025e+06
-1.101563506758031386e+00,-4.753860216017345763e+00,1.494283211084918017e+00,2.391570293544592385e+00,9.849471703566975433e-01,1.259778883912838765e-01,4.767840060099503025e+06
-1.172566177453477021e+00,-4.650701378721078250e+00,1.454024380720466247e+00,2.868162373457678438e+00,1.273504690473484136e+00,4.645950855271852031e-02,4.767840060099503025e+06
-1.071942269722740981e+00,-5.122996290747288128e+00,1.662345160288521306e+00,2.237771319967547967e+00,1.139584007662066467e+00,1.328259844143378499e-02,4.767840060099503025e+06
-1.071942269722740981e+00,-5.122996290747288128e+00,1.662345160288521306e+00,2.237771319967547967e+00,1.139584007662066467e+00,1.328259844143378499e-02,4.767840060099503025e+06
-1.128176719847994391e+00,-5.164087227979618611e+00,1.682130363666639150e+00,2.212233147717140636e+00,1.158063467747918462e+00,3.358696248491949143e-02,4.767840060099503025e+06
-1.430229062108589577e+00,-4.803693075288076209e+00,8.432524615836310966e-01,2.517398063397678243e+00,1.078100481950824863e+00,-2.415736270135693253e-02,4.767840060099503025e+06
-7.491967937014731849e-01,-4.729210082077040411e+00,3.796037376215160020e-01,1.683299704256228990e+00,3.461197379690071907e-01,-5.001024624067956781e-02,4.767840060099503025e+06
-7.427450803514948907e-01,-4.534496963051092067e+00,1.929270784981635956e-01,1.707871919489039936e+00,2.098634652527638922e-01,2.783101467421583708e-03,4.767840060099503025e+06
-1.504975988255212727e+00,-4.339952403133624514e+00,1.015428809075287209e-01,1.899377796779413430e+00,2.064120026855826295e-01,1.722957224607449267e-02,4.767840060099503025e+06
-1.519772180678041984e+00,-4.349255352748980563e+00,1.484727655223521126e-01,1.912938076221932349e+00,2.226999275963170710e-01,1.740495441213854577e-02,4.767840060099503025e+06
-1.867870454571831207e+00,-4.792643365730148375e+00,3.406742170626729793e-01,2.033063206503900044e+00,7.654786139768652298e-01,1.241450928832639466e-01,4.767840060099503025e+06
-1.867870454571831207e+00,-4.792643365730148375e+00,3.406742170626729793e-01,2.033063206503900044e+00,7.654786139768652298e-01,1.241450928832639466e-01,4.767840060099503025e+06
-1.930001994674531707e+00,-4.874421687571402373e+00,2.113649647822614108e-01,1.653674271283556596e+00,5.507831212815428312e-01,1.442825818586142284e-01,4.767840060099503025e+06
-1.926721084351340263e+00,-4.897917476239146417e+00,2.899922233430678453e-01,1.652463437603644003e+00,5.703489552821102704e-01,1.522587929097282688e-01,4.767840060099503025e+06
-1.982954027481186099e+00,-4.808956970121252894e+00,1.942632145618128359e-01,1.722696046619041521e+00,5.640415743330248199e-01,1.427628079540538830e-01,4.767840060099503025e+06
-1.982954027481186099e+00,-4.808956970121252894e+00,1.942632145618128359e-01,1.722696046619041521e+00,5.640415743330248199e-01,1.427628079540538830e-01,4.767840060099503025e+06
-1.991269233111182313e+00,-4.871296554876422213e+00,2.448571018104752639e-01,1.677472965032603458e+00,5.923462951982669811e-01,1.565817613308802536e-01,4.767840060099503025e+06
-1.827043491358379512e+00,-4.794857103314877911e+00,1.229128389098463336e-01,1.928750555644703102e+00,7.568078210203966760e-01,1.021457996196506457e-01,4.767840060099503025e+06
-1.923877089660499307e+00,-4.898279792014126777e+00,2.647104795038276448e-01,1.818181946153475614e+00,7.383718718257743507e-01,1.391161425078900893e-01,4.767840060099503025e+06
-1.919220515139236971e+00,-4.897321144224196843e+00,2.768894894795175254e-01,1.819952782426610849e+00,7.379518609518987970e-01,1.390425617099988742e-01,4.767840060099503025e+06
-1.793441053662575557e+00,-4.656571108089480937e+00,1.278932518763058468e-01,2.023947204368330866e+00,8.422155887755705672e-01,3.290171086787116450e-01,4.767840060099503025e+06
-1.793441053662575557e+00,-4.656571108089480937e+00,1.278932518763058468e-01,2.023947204368330866e+00,8.422155887755705672e-01,3.290171086787116450e-01,4.767840060099503025e+06
-1.274313695112070821e+00,-4.552884734776247555e+00,-8.553511263849999935e-02,1.936536685248370748e+00,7.183990327302363088e-01,2.869401901704215496e-01,4.767840060099503025e+06
-1.441612373340839026e+00,-4.625087827852519595e+00,1.298648166150274674e-01,1.999029552598559301e+00,7.745601809876919708e-01,3.178257227220787073e-01,4.767840060099503025e+06
-1.632420678638771383e+00,-4.421980244333900245e+00,-1.080879530673226063e-01,1.937653214646272382e+00,6.629354443542966324e-01,4.462659246111556066e-01,4.767840060099503025e+06
-1.933530557253249293e+00,-4.641577082417427391e+00,1.509172724276663935e-01,1.855876839884724294e+00,7.474977951993173608e-01,4.644761276176137543e-01,4.767840060099503025e+06
-1.944529765897174522e+00,-4.622852100886372995e+00,5.771623264354319716e-02,1.854317788049211435e+00,7.436770172223359232e-01,4.706618922148817497e-01,4.767840060099503025e+06
-1.964164394385608414e+00,-4.619171646929904895e+00,3.737893123505076076e-02,1.873827024352402226e+00,7.619423892517780406e-01,4.706072645440373958e-01,4.767840060099503025e+06
-1.964164394385608414e+00,-4.619171646929904895e+00,3.737893123505076076e-02,1.873827024352402226e+00,7.619423892517780406e-01,4.706072645440373958e-01,4.767840060099503025e+06
-1.740453814997005910e+00,-4.497807841641925819e+00,-9.710441063919206250e-02,1.968143883009126460e+00,7.810670902682159689e-01,4.884039143925944515e-01,4.767840060099503025e+06
-2.113582117052079656e+00,-5.019990827451013438e+00,2.731473591709144833e-01,1.659183019144350180e+00,8.519170739950725491e-01,4.418379688143536654e-01,4.767840060099503025e+06
-2.153773123982961391e+00,-5.040383232476563613e+00,3.116058708812881051e-01,1.631329105424266901e+00,8.331063091504635754e-01,4.348147908263155226e-01,4.767840060099503025e+06
-2.290643692620043304e+00,-5.028276219186430751e+00,1.302227409609761910e-01,1.641829420869230782e+00,8.958303778863696554e-01,4.944977038614393750e-01,4.767840060099503025e+06
-2.429901489850028184e+00,-5.086500168352712237e+00,2.319506836549580786e-01,1.612660532025588012e+00,9.161807497180918247e-01,5.081913914640188157e-01,4.767840060099503025e+06
-2.448995024867162584e+00,-5.088867136019723070e+00,2.478930951707003505e-01,1.600785257356992508e+00,9.020905877719289645e-01,5.026598513044948646e-01,4.767840060099503025e+06
-2.479093376824453188e+00,-5.065838117305717425e+00,1.819278177100289717e-01,1.596120221487023594e+00,9.006994734982251005e-01,5.408802441284319418e-01,4.767840060099503025e+06
-2.475829445156159991e+00,-5.080123108126792353e+00,2.184724349597320092e-01,1.587064916415766191e+00,8.988394209532426515e-01,5.395764119000786563e-01,4.767840060099503025e+06
-2.968108986695196627e+00,-4.920325134575822545e+00,1.145954601913239390e-01,1.846323911720441746e+00,1.064984417112798010e+00,6.215880091263965568e-01,4.767840060099503025e+06
-3.127842766529654206e+00,-5.004793847385318628e+00,3.713684081927974834e-01,1.747560141337316741e+00,9.920728632067108421e-01,5.896957716141537631e-01,4.767840060099503025e+06
-3.409514243369565101e+00,-4.628803794054816123e+00,1.917189373475481906e-01,2.023327861083465073e+00,9.346268933964758663e-01,5.776479564179449744e-01,4.767840060099503025e+06
-3.198800491911276023e+00,-4.696305304490037358e+00,2.130862346191527423e-01,1.942288427408330076e+00,9.078843322484309031e-01,5.643025166195166920e-01,4.767840060099503025e+06
-3.377403573774019563e+00,-4.505563210031050758e+00,1.290866562977885934e-01,2.052796870628249781e+00,8.875518808726681197e-01,6.009973531475618636e-01,4.767840060099503025e+06
-3.377403573774019563e+00,-4.505563210031050758e+00,1.290866562977885934e-01,2.052796870628249781e+00,8.875518808726681197e-01,6.009973531475618636e-01,4.767840060099503025e+06
-3.377403573774019563e+00,-4.505563210031050758e+00,1.290866562977885934e-01,2.052796870628249781e+00,8.875518808726681197e-01,6.009973531475618636e-01,4.767840060099503025e+06
-3.257943175210614051e+00,-4.503354130487835505e+00,1.202743554465769971e-01,1.999375293995149683e+00,8.402891141825322707e-01,6.014078102477606880e-01,4.767840060099503025e+06
-3.260929926829599701e+00,-4.500039480237362888e+00,1.138824277730279277e-01,2.002183430265043640e+00,8.407259697291741274e-01,6.022398455046920063e-01,4.767840060099503025e+06
-3.324189947244311494e+00,-4.453096709230921491e+00,1.975318685183480305e-02,2.009540413366968981e+00,8.147371653269566139e-01,6.050656928616356955e-01,4.767840060099503025e+06
-3.545295639040435987e+00,-4.310849356899938201e+00,-2.410148134087675142e-02,2.113709340536037207e+00,8.062076834943694426e-01,6.274218642349047581e-01,4.767840060099503025e+06
-3.545295639040435987e+00,-4.310849356899938201e+00,-2.410148134087675142e-02,2.113709340536037207e+00,8.062076834943694426e-01,6.274218642349047581e-01,4.767840060099503025e+06
-3.545295639040435987e+00,-4.310849356899938201e+00,-2.410148134087675142e-02,2.113709340536037207e+00,8.062076834943694426e-01,6.274218642349047581e-01,4.767840060099503025e+06
-3.043701970596453421e+00,-4.683882790066196122e+00,2.070006878096657954e-01,1.890017795754273866e+00,8.193062407845910222e-01,5.358748905892057879e-01,4.767840060099503025e+06
-3.085472367372768865e+00,-4.610187856698129139e+00,7.426527610789168676e-02,2.043115144669099159e+00,8.880436267814628692e-01,4.851387908207944744e-01,4.767840060099503025e+06
-2.612901618683014515e+00,-4.838742105934441540e+00,1.673548102980325636e-01,1.867871267926951351e+00,9.056130496507205363e-01,4.714403307069147675e-01,4.767840060099503025e+06
-2.612901618683014515e+00,-4.838742105934441540e+00,1.673548102980325636e-01,1.867871267926951351e+00,9.056130496507205363e-01,4.714403307069147675e-01,4.767840060099503025e+06
-2.612901618683014515e+00,-4.838742105934441540e+00,1.673548102980325636e-01,1.867871267926951351e+00,9.056130496507205363e-01,4.714403307069147675e-01,4.767840060099503025e+06
-2.591445582049534124e+00,-4.827516719528179401e+00,1.574888564305673144e-01,1.868025477265590206e+00,8.991707770687369372e-01,4.771595922762106867e-01,4.767840060099503025e+06
-2.624259300553890117e+00,-4.877052540308515205e+00,2.349170835335248064e-01,1.783706836823315101e+00,8.643403460607428368e-01,4.871279749412383842e-01,4.767840060099503025e+06
-2.502847560650262704e+00,-4.701485092230437424e+00,1.300165039238107001e-01,1.807098412633313167e+00,7.690850152934647355e-01,5.139202480585061128e-01,4.767840060099503025e+06
-2.487168307651074439e+00,-4.692038612681783682e+00,1.083948775055000313e-01,1.815714392201342564e+00,7.751508160169637840e-01,5.131555928571325254e-01,4.767840060099503025e+06
-2.487217921730920267e+00,-4.693343169383036972e+00,1.112308880879311346e-01,1.814378484245786627e+00,7.748770451162438899e-01,5.130157781377421289e-01,4.767840060099503025e+06
-2.487217921730920267e+00,-4.693343169383036972e+00,1.112308880879311346e-01,1.814378484245786627e+00,7.748770451162438899e-01,5.130157781377421289e-01,4.767840060099503025e+06
-2.487217921730920267e+00,-4.693343169383036972e+00,1.112308880879311346e-01,1.814378484245786627e+00,7.748770451162438899e-01,5.130157781377421289e-01,4.767840060099503025e+06
-2.458558671176895416e+00,-4.721539331467857536e+00,1.652698148068537654e-01,1.776247611815918059e+00,7.564510853587111949e-01,5.118704771314215307e-01,4.767840060099503025e+06
-2.458558671176895416e+00,-4.721539331467857536e+00,1.652698148068537654e-01,1.776247611815918059e+00,7.564510853587111949e-01,5.118704771314215307e-01,4.767840060099503025e+06
-2.458558671176895416e+00,-4.721539331467857536e+00,1.652698148068537654e-01,1.776247611815918059e+00,7.564510853587111949e-01,5.118704771314215307e-01,4.767840060099503025e+06
-2.458558671176895416e+00,-4.721539331467857536e+00,1.652698148068537654e-01,1.776247611815918059e+00,7.564510853587111949e-01,5.118704771314215307e-01,4.767840060099503025e+06
-2.419156506869767576e+00,-4.746442867851315306e+00,1.860152651133260004e-01,1.668484841023762044e+00,6.993483504731337064e-01,5.413761989018786025e-01,4.767840060099503025e+06
-2.411161541977791423e+00,-4.692666077992555529e+00,4.148638413999927721e-02,1.709839369729775349e+00,7.053828570411967425e-01,5.496913663387301696e-01,4.767840060099503025e+06
-2.411161541977791423e+00,-4.692666077992555529e+00,4.148638413999927721e-02,1.709839369729775349e+00,7.053828570411967425e-01,5.496913663387301696e-01,4.767840060099503025e+06
-1.963033821918873656e+00,-4.996954519557290197e+00,1.895643782293795210e-01,1.578108442185361504e+00,7.968823908611810669e-01,4.909041180492854650e-01,4.767840060099503025e+06
-1.963033821918873656e+00,-4.996954519557290197e+00,1.895643782293795210e-01,1.578108442185361504e+00,7.968823908611810669e-01,4.909041180492854650e-01,4.767840060099503025e+06
-1.963033821918873656e+00,-4.996954519557290197e+00,1.895643782293795210e-01,1.578108442185361504e+00,7.968823908611810669e-01,4.909041180492854650e-01,4.767840060099503025e+06
-2.184043913819953442e+00,-5.248573637962637761e+00,3.590630672002024237e-01,1.587284442053202183e+00,9.626344614323600890e-01,4.360051973941341807e-01,4.767840060099503025e+06
-2.223695597237804744e+00,-5.270404591696229879e+00,3.378897855850855336e-01,1.567104097993456513e+00,9.567810428471277273e-01,4.258908752569321443e-01,4.767840060099503025e+06
-2.168750647154715772e+00,-5.273606772601083570e+00,2.685890170926628073e-01,1.546615875253511074e+00,9.512527676092633611e-01,4.315841267789286562e-01,4.767840060099503025e+06
-1.950830193638893650e+00,-5.369251565418450056e+00,5.176868080601564337e-01,1.511712669874628823e+00,9.662875473771780355e-01,3.898312006450025402e-01,4.767840060099503025e+06
-1.840698658788143760e+00,-5.439547106837467005e+00,5.361906441644624932e-01,1.422507713625134063e+00,9.763098594995518464e-01,4.358637885114480248e-01,4.767840060099503025e+06
-1.809494153370843295e+00,-5.395726252851752669e+00,3.818596449274413995e-01,1.573818012807194133e+00,1.094035203964318193e+00,4.369957423168953636e-01,4.767840060099503025e+06
-1.889626340661662685e+00,-5.359309454086978342e+00,3.202503968985344063e-01,1.628702545491985010e+00,1.100448693532788624e+00,4.120631382114951502e-01,4.767840060099503025e+06
-1.889626340661662685e+00,-5.359309454086978342e+00,3.202503968985344063e-01,1.628702545491985010e+00,1.100448693532788624e+00,4.120631382114951502e-01,4.767840060099503025e+06
-1.985593593515795341e+00,-5.419751701218140205e+00,4.428895255185782975e-01,1.556592937045747860e+00,1.074408717549814263e+00,4.054407389461383016e-01,4.767840060099503025e+06
-1.877077044655151905e+00,-5.407532259868493618e+00,4.127501583932298157e-01,1.565527133812644411e+00,1.078576245716891702e+00,4.072518671247941091e-01,4.767840060099503025e+06
-1.877077044655151905e+00,-5.407532259868493618e+00,4.127501583932298157e-01,1.565527133812644411e+00,1.078576245716891702e+00,4.072518671247941091e-01,4.767840060099503025e+06
-1.871588994473198486e+00,-5.492238688865531238e+00,4.328392097577040687e-01,1.316102219677477647e+00,9.501330795809443952e-01,4.686731914893644824e-01,4.767840060099503025e+06
-1.819464844777557655e+00,-5.491201590035631241e+00,3.743570681035977010e-01,1.314612830235137197e+00,9.601278574786891173e-01,4.751956784730421157e-01,4.767840060099503025e+06
-1.831334649153829375e+00,-5.541310436773159154e+00,4.614437032964388008e-01,1.139052142667639433e+00,8.785713458910078266e-01,5.142797422723736078e-01,4.767840060099503025e+06
-1.831334649153829375e+00,-5.541310436773159154e+00,4.614437032964388008e-01,1.139052142667639433e+00,8.785713458910078266e-01,5.142797422723736078e-01,4.767840060099503025e+06
-1.551475984053619417e+00,-5.609632335782627877e+00,3.944016173411819537e-01,9.401684756372086227e-01,8.095525238230101284e-01,5.670719691462018375e-01,4.767840060099503025e+06
-1.551475984053619417e+00,-5.609632335782627877e+00,3.944016173411819537e-01,9.401684756372086227e-01,8.095525238230101284e-01,5.670719691462018375e-01,4.767840060099503025e+06
-1.692523990237178255e+00,-5.543360790540361016e+00,4.721953825027381813e-01,9.832420306474116689e-01,7.672744988540602940e-01,5.663706631736771246e-01,4.767840060099503025e+06
-1.764607061826660717e+00,-6.115826851244268170e+00,2.504611298542667175e+00,9.991392924736806069e-01,1.042979840168516859e+00,3.593628659163610739e-01,4.767840060099503025e+06
-1.626335016371516673e+00,-5.439502473839445074e+00,1.892532245885111486e+00,1.022078709525491735e+00,4.489840574397667705e-01,4.280011680778765260e-01,4.767840060099503025e+06
-1.665450709003375884e+00,-5.453980781940063416e+00,1.942654543858474359e+00,1.122869280725530050e+00,5.328150911275864043e-01,4.113901688423272640e-01,4.767840060099503025e+06
-1.984242064601762001e+00,-5.292904581453362844e+00,1.762108966085765172e+00,9.822076457743477151e-01,2.476103244938534509e-01,4.379499349438479294e-01,4.767840060099503025e+06
-2.189123814760751685e+00,-5.087581195960803271e+00,1.570779469162510988e+00,1.244021160748300936e+00,3.018246601978325505e-01,4.570264499994239338e-01,4.767840060099503025e+06
-2.538015896257869386e+00,-4.903436636504974189e+00,9.101701836781759258e-01,6.041706983756922611e-01,-7.648958040336506503e-02,8.876963294710241703e-01,4.767840060099503025e+06
-1.680970609880204858e+00,-5.013139782373787767e+00,1.290048651293126847e+00,5.367156142533294760e-01,-1.873521078719772304e-01,6.204159366161607903e-01,4.767840060099503025e+06
-1.682332589397223410e+00,-4.955575923017125461e+00,1.139658350625764260e+00,4.326975839678914859e-01,-3.213993863418049823e-01,6.294810255348000094e-01,4.767840060099503025e+06
-1.682332589397223410e+00,-4.955575923017125461e+00,1.139658350625764260e+00,4.326975839678914859e-01,-3.213993863418049823e-01,6.294810255348000094e-01,4.767840060099503025e+06
-1.682332589397223410e+00,-4.955575923017125461e+00,1.139658350625764260e+00,4.326975839678914859e-01,-3.213993863418049823e-01,6.294810255348000094e-01,4.767840060099503025e+06
-1.685892558829500176e+00,-4.968068749412304363e+00,1.128897346236205745e+00,4.445179309940452406e-01,-3.063149575941562230e-01,6.164358339798778896e-01,4.767840060099503025e+06
-1.627992553974273449e+00,-4.907853207514449423e+00,1.163503976547573204e+00,3.761351222972417752e-01,-4.127851027054568744e-01,6.344874465409732212e-01,4.767840060099503025e+06
-1.578826989143052195e+00,-5.271467357755637018e+00,1.387496902942263022e+00,5.676513198248279712e-01,1.675348178040370062e-02,5.601057459123730542e-01,4.767840060099503025e+06
-2.109358476223335277e+00,-5.510024942765208600e+00,1.629368611337504991e+00,6.921560385747332900e-01,3.307264031218146716e-01,5.391351319765337324e-01,4.767840060099503025e+06
-2.598120231451584328e+00,-5.610212736810909817e+00,1.264233667878109646e+00,1.010645908064023768e+00,6.960390938476332945e-01,5.337791945258544279e-01,4.767840060099503025e+06
-2.860563840128014679e+00,-5.810391303996997436e+00,1.220704676919950993e+00,8.953914670668978726e-01,8.412601176558366367e-01,6.044203162627996839e-01,4.767840060099503025e+06
-2.941097642437217274e+00,-5.765788533077789602e+00,1.175235511600745131e+00,9.783365302956436027e-01,8.519991965285499402e-01,5.655519562074119433e-01,4.767840060099503025e+06
-3.044266099222812549e+00,-5.779830943856681280e+00,1.138623391173104737e+00,9.127505646406410822e-01,8.195059067534727903e-01,5.913275081777575881e-01,4.767840060099503025e+06
-2.918972416454913787e+00,-5.800844068915782969e+00,1.249282235144614450e+00,8.605356196054113616e-01,7.824474698622911895e-01,5.679863951021186796e-01,4.767840060099503025e+06
-2.894626345139059254e+00,-6.068486797669122801e+00,1.225300361826470397e+00,8.202497022102428481e-01,1.015569177454440863e+00,5.830096235735346966e-01,4.767840060099503025e+06
-2.896130546444520171e+00,-5.919244659943253772e+00,1.301440302143817895e+00,9.224546017896712025e-01,9.550104995867496616e-01,5.794474354826920637e-01,4.767840060099503025e+06
-3.284422729512902706e+00,-5.908626763656863901e+00,1.216671806953322221e+00,1.392393459786894772e+00,1.220330651860593196e+00,3.581752395572864733e-01,4.767840060099503025e+06
-3.298203019579962092e+00,-5.918644787425324516e+00,1.685090498116436741e+00,1.486977312084421188e+00,1.270360386918839790e+00,3.095242969856332182e-01,4.767840060099503025e+06
-3.142666344218921104e+00,-6.111240666369102570e+00,2.409709767373306111e+00,1.215062743227607100e+00,1.292528628130711121e+00,4.566323105407228411e-01,4.767840060099503025e+06
-3.123930715323361973e+00,-5.945995016897078322e+00,2.397339694322647485e+00,1.247768167265693506e+00,1.135778395377331940e+00,4.156901108375636866e-01,4.767840060099503025e+06
-3.212583218810906693e+00,-5.980560422883271166e+00,2.055442089430465025e+00,1.239086134440113618e+00,1.136684784457619779e+00,3.998554041023226757e-01,4.767840060099503025e+06
-2.859944154034018027e+00,-5.848502455834283964e+00,2.049160080478267698e+00,1.368374049378023205e+00,1.111426149435877475e+00,3.609285590618964701e-01,4.767840060099503025e+06
-1.845322826240584302e+00,-5.775368426282353695e+00,2.340864228216732901e+00,1.765548838708633550e+00,1.421442126441338605e+00,4.169325373421025605e-01,4.767840060099503025e+06
-1.759066463340274833e+00,-5.860408906715676380e+00,1.988054872767790471e+00,1.402357416030888704e+00,1.247711603841145100e+00,4.679401653976423825e-01,4.767840060099503025e+06
-1.621864581528765559e+00,-6.201074832599317688e+00,2.039682247290804273e+00,1.240921111192298198e+00,1.458307897770098505e+00,5.159041540015703031e-01,4.767840060099503025e+06
-1.637229667395879273e+00,-6.155460805402997337e+00,1.991470704243538226e+00,1.183293243509371484e+00,1.315801623067155202e+00,4.076195233061233325e-01,4.767840060099503025e+06
-2.345238248874002895e+00,-5.844728379147990260e+00,1.894433880220407040e+00,1.178772765769214859e+00,9.628440116353887968e-01,3.708012829771752394e-01,4.767840060099503025e+06
-2.668502100441070279e+00,-5.720669558477233352e+00,1.834243213478033985e+00,1.309613155779970839e+00,9.744064856930807483e-01,4.312165148705088269e-01,4.767840060099503025e+06
-2.751061485848973476e+00,-5.822488750321642925e+00,2.009820306649260147e+00,1.213316732264266395e+00,9.949834292279419179e-01,4.860664786089390899e-01,4.767840060099503025e+06
-2.236687079869578376e+00,-5.740532399345660508e+00,1.648517381942742555e+00,1.141290916769948760e+00,8.455334468431452422e-01,4.334700457853580269e-01,4.767840060099503025e+06
-2.092265027960522605e+00,-5.689851311334556350e+00,1.439234625182983063e+00,1.221279446400362456e+00,9.626061969048973488e-01,5.527717913992099552e-01,4.767840060099503025e+06
-1.734509667650047549e+00,-5.650921839501714672e+00,1.336987842880862809e+00,1.315227612411395963e+00,1.051143073615762535e+00,6.096324175158152059e-01,4.767840060099503025e+06
-1.880903674594785580e+00,-5.723094639852152277e+00,1.401128326261888990e+00,1.713297797099540443e+00,1.448514197802497572e+00,5.399070802602645713e-01,4.767840060099503025e+06
-2.267427309224939957e+00,-5.692908084235897448e+00,1.688979966611538153e+00,1.369364495645718272e+00,9.734823263246422664e-01,3.379273122351644232e-01,4.767840060099503025e+06
-1.303764990071036411e+00,-5.953298186118740176e+00,2.122502703194085072e+00,1.411920308774294863e+00,1.314577698566210540e+00,4.424789134739355312e-01,4.767840060099503025e+06
-1.123411728759156070e+00,-6.000689622472783036e+00,2.185122857363238413e+00,1.552369183199605152e+00,1.476477323405812392e+00,4.342198700992579430e-01,4.767840060099503025e+06
-1.123411728759156070e+00,-6.000689622472783036e+00,2.185122857363238413e+00,1.552369183199605152e+00,1.476477323405812392e+00,4.342198700992579430e-01,4.767840060099503025e+06
-1.123411728759156070e+00,-6.000689622472783036e+00,2.185122857363238413e+00,1.552369183199605152e+00,1.476477323405812392e+00,4.342198700992579430e-01,4.767840060099503025e+06
-1.123411728759156070e+00,-6.000689622472783036e+00,2.185122857363238413e+00,1.552369183199605152e+00,1.476477323405812392e+00,4.342198700992579430e-01,4.767840060099503025e+06
-1.123411728759156070e+00,-6.000689622472783036e+00,2.185122857363238413e+00,1.552369183199605152e+00,1.476477323405812392e+00,4.342198700992579430e-01,4.767840060099503025e+06
-2.048188663062997961e+00,-5.755595506907237535e+00,2.110256994731107394e+00,1.594263637923405641e+00,1.329949550637174793e+00,4.990491499971240752e-01,4.767840060099503025e+06
-1.810379845660706755e+00,-5.767843493243607789e+00,2.197175814557629447e+00,1.711294260049077476e+00,1.479471550122902768e+00,5.473071611844547713e-01,4.767840060099503025e+06
-1.902257114518182135e+00,-5.782442036493648629e+00,2.281732196410371394e+00,1.659153016199081954e+00,1.433730944905595495e+00,5.320587800791130029e-01,4.767840060099503025e+06
-2.049408415119055249e+00,-5.849041262184266898e+00,2.348114638140868848e+00,1.648537277326781902e+00,1.560377464489669741e+00,6.418447677870738888e-01,4.767840060099503025e+06
-1.606703926729008636e+00,-5.713821204204376336e+00,2.348092016946553784e+00,1.715718643260323972e+00,1.345012653492306587e+00,4.274602610971189875e-01,4.767840060099503025e+06
-2.322898461449979912e+00,-5.803228212074456493e+00,1.652207997335508161e+00,1.434120521509284041e+00,1.141346733629233112e+00,3.169809466736829284e-01,4.767840060099503025e+06
-2.174281482945641830e+00,-5.898660765504538439e+00,1.960545593956595001e+00,9.278159182250976800e-01,7.421517256300127485e-01,2.771744094263584590e-01,4.767840060099503025e+06
-2.412452801419694204e+00,-5.793155545995987588e+00,2.030009368417266646e+00,1.325828425485418904e+00,9.861209673517224994e-01,2.747527672740150972e-01,4.767840060099503025e+06
-1.726884563541691175e+00,-5.497125376239074157e+00,1.448351734809137703e+00,1.605177771402003462e+00,8.333308335750710949e-01,8.490049153338419252e-02,4.767840060099503025e+06
-1.659823080428604491e+00,-5.590107053006326154e+00,1.500316473595353362e+00,1.388995172735308259e+00,7.800234541562414137e-01,1.487891372796847078e-01,4.767840060099503025e+06
-1.617251833835094965e+00,-6.441921543769512759e+00,1.050591811096645678e+00,9.792568050217125286e-01,1.340878120925684147e+00,2.595077287468547933e-01,4.767840060099503025e+06
-2.268287111170994574e+00,-6.273950788705766612e+00,1.310801677824885880e+00,1.113772303527944318e+00,1.310996582570188140e+00,2.631789501191184044e-01,4.767840060099503025e+06
-1.688304627507572375e+00,-5.404413413789876053e+00,1.159363406818101794e+00,1.181446385260467524e+00,5.160704561759650311e-01,2.932968538416036441e-01,4.767840060099503025e+06
-2.048304439531754895e+00,-5.455289702233576676e+00,1.451476723814385528e+00,1.251613485499048828e+00,6.251578882511036328e-01,2.974472160709168422e-01,4.767840060099503025e+06
-1.909584083809553912e+00,-5.460611504260539206e+00,1.351507553285975494e+00,9.265185839740697205e-01,3.700160545140806501e-01,4.146265426411835930e-01,4.767840060099503025e+06
-1.945892221143178169e+00,-5.428297800712300614e+00,1.342558595408023248e+00,9.324087101254679988e-01,3.393598998892494722e-01,4.166713931041975405e-01,4.767840060099503025e+06
-1.947847000568226905e+00,-5.307367857160382840e+00,2.099339647590916513e+00,9.985692353404175270e-01,3.274995209580915390e-01,5.053003841132792662e-01,4.767840060099503025e+06
-2.053285067985216816e+00,-5.653351256572332062e+00,2.049960797633865184e+00,8.740146541853081041e-01,6.146034198382996916e-01,5.844790844836038612e-01,4.767840060099503025e+06
-1.999251086627525931e+00,-5.648110797220398105e+00,1.907584590400924096e+00,1.006119005935141697e+00,7.192934465211811013e-01,5.438060556470700746e-01,4.767840060099503025e+06
-1.811429828185186830e+00,-5.635710563934420492e+00,2.115827832580812196e+00,1.067450578039160991e+00,8.066193040486313581e-01,6.398250179632849477e-01,4.767840060099503025e+06
-1.292913803317004451e+00,-5.993441001021562187e+00,2.249351565459559055e+00,1.163665142117713103e+00,1.236019951016233964e+00,6.193162684562781850e-01,4.767840060099503025e+06
-1.641892181705946419e+00,-5.958641180869344467e+00,2.310139771143094656e+00,1.092968847017554701e+00,1.119767670026899697e+00,5.872395958913946279e-01,4.767840060099503025e+06
-1.841731367633012706e+00,-5.758485560720718155e+00,2.388565805628902972e+00,1.140946356771344039e+00,8.995339931239818565e-01,4.897856219917884890e-01,4.767840060099503025e+06
-1.561222816459289398e+00,-6.008724151113638001e+00,2.678706232597753090e+00,1.021792635658477888e+00,1.089575983110002033e+00,5.382268282377421498e-01,4.767840060099503025e+06
-1.500849387149862268e+00,-5.893629147559645176e+00,2.646596600824734580e+00,1.292851533797415353e+00,1.181016854016764039e+00,4.825623414301603020e-01,4.767840060099503025e+06
-1.797395285503737616e+00,-5.981101667461190097e+00,2.632540782086095987e+00,1.261488508869193614e+00,1.254045916951525674e+00,5.032361890309661190e-01,4.767840060099503025e+06
-1.640701315204775357e+00,-5.942928199662576461e+00,2.544337648435025745e+00,1.175028010201701001e+00,1.138127623793606880e+00,4.826404548351094781e-01,4.767840060099503025e+06
-2.138730240787274361e+00,-6.139671872723707402e+00,2.667074818592100272e+00,8.909851181614119042e-01,1.260320565246595637e+00,7.377322638486162321e-01,4.767840060099503025e+06
-1.853696611657284166e+00,-5.860615090058166388e+00,2.455073669644832535e+00,6.815740873578424175e-01,9.003694412618346021e-01,8.635181658754329526e-01,4.767840060099503025e+06
-1.853696611657284166e+00,-5.860615090058166388e+00,2.455073669644832535e+00,6.815740873578424175e-01,9.003694412618346021e-01,8.635181658754329526e-01,4.767840060099503025e+06
-1.917081388112827023e+00,-5.865577905546288662e+00,2.263761266927391880e+00,7.718685223429584408e-01,1.002126567364233223e+00,9.088571629337622859e-01,4.767840060099503025e+06
-1.917081388112827023e+00,-5.865577905546288662e+00,2.263761266927391880e+00,7.718685223429584408e-01,1.002126567364233223e+00,9.088571629337622859e-01,4.767840060099503025e+06
-1.917081388112827023e+00,-5.865577905546288662e+00,2.263761266927391880e+00,7.718685223429584408e-01,1.002126567364233223e+00,9.088571629337622859e-01,4.767840060099503025e+06
-1.832362718699751092e+00,-5.795002900158570114e+00,2.321423355725220183e+00,8.466388602918852868e-01,1.013387434506385576e+00,9.232470259860838802e-01,4.767840060099503025e+06
-2.101084782324338818e+00,-5.772660791961291338e+00,2.300224475213438868e+00,7.527972325979420676e-01,8.922527107724426143e-01,8.735902869783545022e-01,4.767840060099503025e+06
-1.832893903263501212e+00,-5.711284588427297138e+00,1.885792670125600035e+00,7.027099178384060840e-01,9.543926977744059403e-01,1.058973819504715586e+00,4.767840060099503025e+06
-1.409511672184107667e+00,-5.592014620137208958e+00,1.653078324709866598e+00,6.869477754985203743e-01,9.392495594500135381e-01,1.177664399966008801e+00,4.767840060099503025e+06
-1.185656725220606500e+00,-5.568784380374277809e+00,1.589847974505785411e+00,7.020791219675761585e-01,9.667703227459931714e-01,1.224662992423022567e+00,4.767840060099503025e+06
-1.270708744541437785e+00,-5.536825513823460554e+00,1.679996099643114915e+00,6.944332871269223162e-01,8.512958215069742485e-01,1.130788564497878124e+00,4.767840060099503025e+06
-1.146965257905168123e+00,-5.562574870019375339e+00,1.595586003367205130e+00,6.652735371807981801e-01,8.992925421200212988e-01,1.188335764517840065e+00,4.767840060099503025e+06
-1.168806560138527129e+00,-5.559366462522462804e+00,1.544194650884224584e+00,6.915647317865616373e-01,9.026092738588784581e-01,1.160761593773705025e+00,4.767840060099503025e+06
-1.290656588460465493e+00,-5.687849267467890435e+00,1.373342876055053452e+00,5.905778469990041746e-01,9.094009419821026396e-01,1.107446334560797663e+00,4.767840060099503025e+06
-1.290656588460465493e+00,-5.687849267467890435e+00,1.373342876055053452e+00,5.905778469990041746e-01,9.094009419821026396e-01,1.107446334560797663e+00,4.767840060099503025e+06
-1.290656588460465493e+00,-5.687849267467890435e+00,1.373342876055053452e+00,5.905778469990041746e-01,9.094009419821026396e-01,1.107446334560797663e+00,4.767840060099503025e+06
-1.290656588460465493e+00,-5.687849267467890435e+00,1.373342876055053452e+00,5.905778469990041746e-01,9.094009419821026396e-01,1.107446334560797663e+00,4.767840060099503025e+06
-1.122407155076915242e+00,-4.722961799078614575e+00,1.055794117106195529e+00,1.702575661748577440e+00,2.784011393658171185e-01,3.330418845839476505e-02,4.767840060099503025e+06
-1.109555955781263981e+00,-4.716795877809532023e+00,5.323567193670981634e-01,1.838890044299877236e+00,4.119179987895524864e-01,2.899161906825320489e-03,4.767840060099503025e+06
-1.213392980669210530e+00,-4.933710383136886257e+00,7.640232004448525016e-01,1.988263733359763030e+00,7.454999799616652822e-01,-1.047291788575188676e-02,4.767840060099503025e+06
-1.255874788414784948e+00,-4.928320448483417771e+00,6.385520048221471345e-01,2.289155189470797325e+00,1.001650416850929481e+00,-6.503619598146720415e-02,4.767840060099503025e+06
-1.270683134055543562e+00,-4.821406702230831343e+00,6.356153391640113615e-01,2.084478530802161611e+00,7.339430794373384970e-01,5.692428433735408078e-03,4.767840060099503025e+06
-1.355640990270450930e+00,-4.935764622694374992e+00,1.025522764523641328e+00,2.383164403847868762e+00,1.058286865250759989e+00,-1.549530875604254732e-02,4.767840060099503025e+06
-1.516038907558781901e+00,-4.673914066194791772e+00,7.404054881572517122e-01,2.743526590103639418e+00,1.209725289462984854e+00,1.051291123956334395e-01,4.767840060099503025e+06
-1.474796008444448692e+00,-4.425213650630022144e+00,4.428343374977106173e-01,2.926237808098335336e+00,1.136777738553618633e+00,4.015921342424881579e-02,4.767840060099503025e+06
-1.474796008444448692e+00,-4.425213650630022144e+00,4.428343374977106173e-01,2.926237808098335336e+00,1.136777738553618633e+00,4.015921342424881579e-02,4.767840060099503025e+06
-1.474796008444448692e+00,-4.425213650630022144e+00,4.428343374977106173e-01,2.926237808098335336e+00,1.136777738553618633e+00,4.015921342424881579e-02,4.767840060099503025e+06
-1.733388949317256955e+00,-4.551709583461247099e+00,7.602247402248708541e-01,2.626670914579222860e+00,9.703875798984744616e-01,1.001373593030429610e-01,4.767840060099503025e+06
-1.754451770400617061e+00,-4.609637313253641011e+00,5.834553064668620559e-01,2.834434545060632082e+00,1.215791113222967956e+00,7.816146056386119589e-02,4.767840060099503025e+06
-1.754451770400617061e+00,-4.609637313253641011e+00,5.834553064668620559e-01,2.834434545060632082e+00,1.215791113222967956e+00,7.816146056386119589e-02,4.767840060099503025e+06
-1.611285909797351756e+00,-4.760923545500551413e+00,1.462062656725342080e+00,2.520911252712066286e+00,9.400321053815474670e-01,-3.509916100829224561e-02,4.767840060099503025e+06
-1.802241116806091448e+00,-4.870389098636531244e+00,1.391482124633350637e+00,2.642284630563843439e+00,1.214091383742976760e+00,9.632235413465239926e-02,4.767840060099503025e+06
-2.481663247905190772e+00,-4.662650710791650610e+00,1.036032386497077740e+00,2.819320179917123248e+00,1.242855839993691092e+00,1.924558427405262395e-01,4.767840060099503025e+06
-2.513314255281430931e+00,-4.726161140667029414e+00,1.132815399080922880e+00,2.708757419876245187e+00,1.205971493599739208e+00,2.016715999667381132e-01,4.767840060099503025e+06
-2.776865044235229174e+00,-5.097596515885005175e+00,1.111136358625556042e+00,2.314763585636084198e+00,1.232769233436169287e+00,2.793371608052206412e-01,4.767840060099503025e+06
-2.853930398403821123e+00,-5.224495025557864381e+00,1.320422785509484331e+00,2.161317278275983078e+00,1.237919407559125551e+00,3.337159738687662802e-01,4.767840060099503025e+06
-2.441520433415285130e+00,-5.280510834511797036e+00,1.547769888737262622e+00,1.934429201095154927e+00,1.075756535702707017e+00,3.302611993981587890e-01,4.767840060099503025e+06
-2.337741557106663759e+00,-5.344925403406799447e+00,1.861926719151056453e+00,2.167597087062353545e+00,1.284603591827032210e+00,2.375119016185682219e-01,4.767840060099503025e+06
-2.337741557106663759e+00,-5.344925403406799447e+00,1.861926719151056453e+00,2.167597087062353545e+00,1.284603591827032210e+00,2.375119016185682219e-01,4.767840060099503025e+06
-1.767870612812059150e+00,-5.503921386158100226e+00,1.640714130962291906e+00,1.429000366625825746e+00,7.495038776811870918e-01,1.499881356345590389e-01,4.767840060099503025e+06
-1.790889038940208344e+00,-5.517032937170537110e+00,1.659157312311651200e+00,1.433072618054342051e+00,7.673441428093620287e-01,1.517594999844438519e-01,4.767840060099503025e+06
-1.393680805794844879e+00,-5.474616540017933630e+00,1.513507720911829502e+00,9.329042525309854117e-01,4.483417901633303115e-01,4.398632744864523492e-01,4.767840060099503025e+06
-1.324181194564067354e+00,-5.058943172575928848e+00,2.212793676407466492e+00,1.510299675671297859e+00,2.890906690240113153e-01,8.654262642826360263e-02,4.767840060099503025e+06
-1.324181194564067354e+00,-5.058943172575928848e+00,2.212793676407466492e+00,1.510299675671297859e+00,2.890906690240113153e-01,8.654262642826360263e-02,4.767840060099503025e+06
-1.324181194564067354e+00,-5.058943172575928848e+00,2.212793676407466492e+00,1.510299675671297859e+00,2.890906690240113153e-01,8.654262642826360263e-02,4.767840060099503025e+06
-1.332803887882847205e+00,-5.060432179071851166e+00,2.219255225153509592e+00,1.531344288914614271e+00,3.123059812755808462e-01,8.894826326364276003e-02,4.767840060099503025e+06
-1.332803887882847205e+00,-5.060432179071851166e+00,2.219255225153509592e+00,1.531344288914614271e+00,3.123059812755808462e-01,8.894826326364276003e-02,4.767840060099503025e+06
-1.332803887882847205e+00,-5.060432179071851166e+00,2.219255225153509592e+00,1.531344288914614271e+00,3.123059812755808462e-01,8.894826326364276003e-02,4.767840060099503025e+06
-1.332803887882847205e+00,-5.060432179071851166e+00,2.219255225153509592e+00,1.531344288914614271e+00,3.123059812755808462e-01,8.894826326364276003e-02,4.767840060099503025e+06
-2.514718838654093513e+00,-5.227522073027334848e+00,1.959883910099688986e+00,1.227962646340645225e+00,2.920461320761987833e-01,2.312732206795000967e-01,4.767840060099503025e+06
-2.456081505322588399e+00,-4.607331605185949641e+00,1.385715951241264232e+00,1.722996739103489716e+00,2.399969733380720172e-01,3.977842751794585796e-01,4.767840060099503025e+06
-2.103094627072684020e+00,-5.240781891876954646e+00,1.948049820003980415e+00,1.691353837541181404e+00,8.596749268426839841e-01,4.292940131834168671e-01,4.767840060099503025e+06
-1.255298806724086891e+00,-5.041817469376575822e+00,1.865087210811397167e+00,1.593935936557727473e+00,5.657989963925713628e-01,4.134335671801492307e-01,4.767840060099503025e+06
-3.051604684617305274e+00,-4.770368327673788045e+00,1.392496994757133955e+00,1.361337725634779394e+00,-4.712643241259995008e-02,2.238057243254406581e-01,4.767840060099503025e+06
-2.254706919618659100e+00,-4.951780371894984434e+00,1.440989255062014029e+00,1.256231558935018588e+00,1.198460671876004913e-01,3.271799686748763647e-01,4.767840060099503025e+06
-2.584466912018266616e+00,-4.921648467329466925e+00,1.424002620923841222e+00,1.272240491794388584e+00,-2.329982356857263071e-02,3.994881675266404031e-02,4.767840060099503025e+06
-2.133757100072442903e+00,-4.885015840806191889e+00,1.145519930277949516e+00,1.316111793606254299e+00,2.422086981163962260e-02,4.131272042485489848e-02,4.767840060099503025e+06
-2.025744268441295848e+00,-4.727898259584347507e+00,1.045136710799773994e+00,1.192239357127948818e+00,-2.452372583695805464e-01,3.095841561829976163e-02,4.767840060099503025e+06
-2.482158537347292082e+00,-5.086737081691548923e+00,1.208556514619747002e+00,1.341728982065518716e+00,2.786172689940753511e-01,1.616488199856233599e-01,4.767840060099503025e+06
-2.363815069598940166e+00,-4.875336631611193461e+00,1.387968697550787223e+00,1.274617052581936916e+00,-5.865915391457243722e-02,8.550253519290806903e-02,4.767840060099503025e+06
-2.598469960564429471e+00,-5.060706077671578207e+00,1.315484473137786381e+00,1.371448279100208278e+00,2.689130241517336817e-01,1.520932494446521344e-01,4.767840060099503025e+06
-2.348875241855110652e+00,-5.039015050900091275e+00,1.315104404790959247e+00,1.410266088836750864e+00,2.676244132187273750e-01,1.169137127181782421e-01,4.767840060099503025e+06
-1.112879227151416961e+00,-5.201036400809717186e+00,1.563897919291503014e+00,8.868635254021138836e-01,2.715566801824609300e-02,3.191364817760762307e-01,4.767840060099503025e+06
-1.754090687876260324e+00,-5.438705454977633913e+00,1.770896318192603847e+00,9.370391182590523949e-01,3.438982345132114427e-01,3.794161597236869188e-01,4.767840060099503025e+06
-1.890652268478097309e+00,-5.420502691799324424e+00,2.138024731881586149e+00,9.764836872451134742e-01,2.870082636295163692e-01,2.446050125317441593e-01,4.767840060099503025e+06
-2.104049354616285505e+00,-5.368101593454072784e+00,1.866244281695117468e+00,9.427022978100498829e-01,1.807369152638095833e-01,1.797433678297764015e-01,4.767840060099503025e+06
-2.565075193625744099e+00,-5.246203054224876539e+00,1.330560378689407131e+00,6.876456576021370282e-01,-1.616627931035081733e-01,1.483913927380201558e-01,4.767840060099503025e+06
-2.657265381594348774e+00,-5.167755272257531729e+00,1.329257699574309282e+00,9.360717431384154574e-01,6.777406501954574836e-03,2.076092326181054604e-01,4.767840060099503025e+06
-2.848077735874845917e+00,-5.259443101610386861e+00,1.249849244178863339e+00,1.150260447461440849e+00,2.945416922907390100e-01,2.064899056685319256e-01,4.767840060099503025e+06
-3.089930096878885202e+00,-5.068609643946361487e+00,1.067342356374776147e+00,1.331936598830916862e+00,2.519650345259112356e-01,1.774885222285324249e-01,4.767840060099503025e+06
-3.046797256953206912e+00,-5.232335019393533848e+00,8.759823529997634584e-01,1.154077728506972100e+00,2.667162362111958895e-01,2.020538096514926107e-01,4.767840060099503025e+06
-2.599850226901554429e+00,-5.010911505630023299e+00,9.650692180014224242e-01,8.189963769703778595e-01,-2.385531837713530390e-01,2.403228346458319842e-01,4.767840060099503025e+06
-3.182631320543155340e+00,-4.836279323458390067e+00,9.742408098043000564e-01,9.364372637100923935e-01,-3.510761115675427035e-01,1.974960151787372165e-01,4.767840060099503025e+06
-2.527535247547068487e+00,-5.206239765396268204e+00,1.419802375173693898e+00,1.180527502870906353e+00,2.511120011551216114e-01,2.311108040883665948e-01,4.767840060099503025e+06
-2.502797849612974801e+00,-5.187909968144986728e+00,1.580205392273376974e+00,1.222096670101912474e+00,2.859328189631553663e-01,2.586696121230225298e-01,4.767840060099503025e+06
-2.605033752202911668e+00,-5.124453694166353657e+00,2.257593352708190171e+00,1.418887279239424482e+00,3.060067825892568427e-01,1.382393710754336591e-01,4.767840060099503025e+06
-2.539474274865959114e+00,-5.298302699103259350e+00,2.130816809208287310e+00,1.569179589900195237e+00,4.775695649024439549e-01,-5.681214806238513160e-02,4.767840060099503025e+06
-2.539474274865959114e+00,-5.298302699103259350e+00,2.130816809208287310e+00,1.569179589900195237e+00,4.775695649024439549e-01,-5.681214806238513160e-02,4.767840060099503025e+06
-2.539474274865959114e+00,-5.298302699103259350e+00,2.130816809208287310e+00,1.569179589900195237e+00,4.775695649024439549e-01,-5.681214806238513160e-02,4.767840060099503025e+06
-2.053022583564270143e+00,-5.553738073426369937e+00,2.215174074433917895e+00,1.630471886040774088e+00,8.211665978314599545e-01,-1.804488227437061054e-01,4.767840060099503025e+06
-2.053022583564270143e+00,-5.553738073426369937e+00,2.215174074433917895e+00,1.630471886040774088e+00,8.211665978314599545e-01,-1.804488227437061054e-01,4.767840060099503025e+06
-2.053022583564270143e+00,-5.553738073426369937e+00,2.215174074433917895e+00,1.630471886040774088e+00,8.211665978314599545e-01,-1.804488227437061054e-01,4.767840060099503025e+06
-2.649596225059383414e+00,-5.567263075448618537e+00,2.258148479249097118e+00,1.482522065169678438e+00,7.458851067082310493e-01,-1.132302889371308435e-01,4.767840060099503025e+06
-2.649596225059383414e+00,-5.567263075448618537e+00,2.258148479249097118e+00,1.482522065169678438e+00,7.458851067082310493e-01,-1.132302889371308435e-01,4.767840060099503025e+06
-2.649596225059383414e+00,-5.567263075448618537e+00,2.258148479249097118e+00,1.482522065169678438e+00,7.458851067082310493e-01,-1.132302889371308435e-01,4.767840060099503025e+06
-2.649596225059383414e+00,-5.567263075448618537e+00,2.258148479249097118e+00,1.482522065169678438e+00,7.458851067082310493e-01,-1.132302889371308435e-01,4.767840060099503025e+06
-2.649596225059383414e+00,-5.567263075448618537e+00,2.258148479249097118e+00,1.482522065169678438e+00,7.458851067082310493e-01,-1.132302889371308435e-01,4.767840060099503025e+06
-2.649596225059383414e+00,-5.567263075448618537e+00,2.258148479249097118e+00,1.482522065169678438e+00,7.458851067082310493e-01,-1.132302889371308435e-01,4.767840060099503025e+06
-2.649596225059383414e+00,-5.567263075448618537e+00,2.258148479249097118e+00,1.482522065169678438e+00,7.458851067082310493e-01,-1.132302889371308435e-01,4.767840060099503025e+06
-2.649596225059383414e+00,-5.567263075448618537e+00,2.258148479249097118e+00,1.482522065169678438e+00,7.458851067082310493e-01,-1.132302889371308435e-01,4.767840060099503025e+06
-2.649596225059383414e+00,-5.567263075448618537e+00,2.258148479249097118e+00,1.482522065169678438e+00,7.458851067082310493e-01,-1.132302889371308435e-01,4.767840060099503025e+06
-2.649596225059383414e+00,-5.567263075448618537e+00,2.258148479249097118e+00,1.482522065169678438e+00,7.458851067082310493e-01,-1.132302889371308435e-01,4.767840060099503025e+06
-2.649596225059383414e+00,-5.567263075448618537e+00,2.258148479249097118e+00,1.482522065169678438e+00,7.458851067082310493e-01,-1.132302889371308435e-01,4.767840060099503025e+06
-2.649596225059383414e+00,-5.567263075448618537e+00,2.258148479249097118e+00,1.482522065169678438e+00,7.458851067082310493e-01,-1.132302889371308435e-01,4.767840060099503025e+06
-2.770058853933384135e+00,-5.848446411873674755e+00,1.974674196881744059e+00,1.262546176815440013e+00,8.596931775079386107e-01,4.378583710122185835e-02,4.767840060099503025e+06
-2.392776768993270853e+00,-5.555437529228925975e+00,1.613273611604531421e+00,1.035818745903098970e+00,5.644564294132317084e-01,3.798890109703879081e-01,4.767840060099503025e+06
-1.766288247120384014e+00,-5.772139087353599152e+00,1.475117903658493823e+00,9.329485758259770112e-01,6.791214075572992170e-01,3.353009808627555044e-01,4.767840060099503025e+06
-1.773967335813661395e+00,-5.721983958118765479e+00,1.399046539503513209e+00,9.543187090190481392e-01,6.146949859729304855e-01,2.806078034449523972e-01,4.767840060099503025e+06
-1.946622774224058938e+00,-5.569112614588052956e+00,1.069932167119988176e+00,1.014460784135079896e+00,5.020036915056081961e-01,2.587730254912566363e-01,4.767840060099503025e+06
-1.891732794256435923e+00,-5.542897135976319944e+00,9.143743271951481066e-01,1.003500279784860227e+00,4.430985503916069490e-01,2.103243343755914485e-01,4.767840060099503025e+06
-1.862094775162276949e+00,-5.542071756251076842e+00,8.963739677311318710e-01,1.042379893109171451e+00,5.297156614601987723e-01,2.689400079941801636e-01,4.767840060099503025e+06
-1.940317966828573715e+00,-5.543729841043969486e+00,8.954403504947009429e-01,9.984057974102058530e-01,5.195464561513819524e-01,3.147856220294114049e-01,4.767840060099503025e+06
-2.253567296281508092e+00,-5.536971668066769325e+00,1.023939176428596554e+00,1.064488326467312396e+00,5.768418190246189514e-01,3.367288819600892102e-01,4.767840060099503025e+06
-2.049053448897845797e+00,-5.642189073114682429e+00,1.022610519177822308e+00,9.211314284317402290e-01,5.381702934447971653e-01,3.122729133675701818e-01,4.767840060099503025e+06
-1.543077166185187865e+00,-5.539588932638776164e+00,8.685217728128672432e-01,9.123667379266755528e-01,3.941334484546075156e-01,2.679783480597917600e-01,4.767840060099503025e+06
-1.583407431837784429e+00,-5.320658229754700486e+00,9.256163806359496427e-01,9.473220344730856057e-01,2.296996112148180780e-01,2.898081092206345466e-01,4.767840060099503025e+06
-1.509518912201176288e+00,-5.305970528769988981e+00,9.162595193926545978e-01,9.354946775444016316e-01,2.049971314526671806e-01,2.894991625448203321e-01,4.767840060099503025e+06
-1.127998970698200099e+00,-5.166124730408704124e+00,2.510214838248237434e+00,9.491534018766978331e-01,4.816882664063082409e-02,3.112333329349018518e-01,4.767840060099503025e+06
-1.127998970698200099e+00,-5.166124730408704124e+00,2.510214838248237434e+00,9.491534018766978331e-01,4.816882664063082409e-02,3.112333329349018518e-01,4.767840060099503025e+06
-1.027818274335525306e+00,-5.057851270708303204e+00,2.993650429514619127e+00,1.041505126999050290e+00,5.162619322862146976e-03,2.830997918937817603e-01,4.767840060099503025e+06
-1.375612957642672329e+00,-4.672491863951245605e+00,2.818560372794808533e+00,1.799730141212654289e+00,2.622412831635004826e-01,1.829558385141292765e-01,4.767840060099503025e+06
-1.258595705151058564e+00,-4.533374043245092189e+00,2.800987807801178953e+00,1.856500376250687090e+00,1.669381993795867603e-01,1.644029554790178149e-01,4.767840060099503025e+06
-1.483893496990400296e+00,-5.008819094267368044e+00,2.521042384420031368e+00,1.805647096078461411e+00,6.090992552867705578e-01,2.001668019247410113e-01,4.767840060099503025e+06
-1.053713702523971119e+00,-4.973277196328563576e+00,2.912324168519588419e+00,1.769268636706009534e+00,4.983111522351297840e-01,1.634828312098139391e-01,4.767840060099503025e+06
-1.238535051475903259e+00,-4.818150288027803541e+00,2.609247859420320559e+00,1.988602157725750441e+00,6.162335726206711328e-01,2.769051598170799711e-01,4.767840060099503025e+06
-1.237297701802876126e+00,-4.900519422177519679e+00,2.665400589528796438e+00,1.988274555023127776e+00,6.731150050517746841e-01,2.290361805544722795e-01,4.767840060099503025e+06
-1.219185701837839364e+00,-4.891698924090251310e+00,2.669495874582376693e+00,1.987741210566191574e+00,6.665012630695392737e-01,2.347793501715076392e-01,4.767840060099503025e+06
-1.219185701837839364e+00,-4.891698924090251310e+00,2.669495874582376693e+00,1.987741210566191574e+00,6.665012630695392737e-01,2.347793501715076392e-01,4.767840060099503025e+06
-1.252767617941084488e+00,-4.955335132646968788e+00,2.689991391336697291e+00,1.923967255108183894e+00,6.654852712467620446e-01,2.064982888777770476e-01,4.767840060099503025e+06
-1.166145723091765118e+00,-5.081524334397599318e+00,2.790584964243375321e+00,1.652878812097015482e+00,5.509390175515728183e-01,2.197407333715582500e-01,4.767840060099503025e+06
-1.368937222926347896e+00,-5.063418115464841662e+00,2.453661425885479197e+00,1.714396301699422587e+00,5.844441097951924569e-01,2.129247948736719409e-01,4.767840060099503025e+06
-1.239729798668806282e+00,-5.026997203823146521e+00,2.478829878733518122e+00,1.692542269674520039e+00,5.504275960543925095e-01,2.594023645721292848e-01,4.767840060099503025e+06
-1.223599933395125738e+00,-4.958519854436258534e+00,2.366250486794175600e+00,1.630078799300248349e+00,4.612872090688914239e-01,3.276957313363613178e-01,4.767840060099503025e+06
-9.435866664620421451e-01,-4.970579151629880954e+00,1.807400108283381268e+00,1.530864848503214581e+00,3.367918754345939902e-01,2.260313681529076968e-01,4.767840060099503025e+06
-1.531477419375566695e+00,-5.071903486950950501e+00,1.273975078327425958e+00,1.480829989761254462e+00,4.359536505901809300e-01,2.471774753867883034e-01,4.767840060099503025e+06
-1.275732125891318347e+00,-5.052246883666829724e+00,1.345432570869776745e+00,1.311500121921111761e+00,2.431752344174917813e-01,2.263688128299690960e-01,4.767840060099503025e+06
-2.052651951309748313e+00,-5.004784074515448822e+00,1.755140703486218312e+00,1.468138881432357268e+00,2.808059340958914407e-01,2.426922869743086408e-01,4.767840060099503025e+06
-1.736364054850654037e+00,-4.819582565578475197e+00,1.314626586707965394e+00,1.810198382914529169e+00,3.977272045431509140e-01,1.394714862045478287e-01,4.767840060099503025e+06
-1.726150185966557338e+00,-4.714001614976233157e+00,1.266360933926298227e+00,1.864978411244298195e+00,3.162494787460743417e-01,1.042811986946678426e-01,4.767840060099503025e+06
-1.811802945020769773e+00,-5.047416882762198576e+00,1.072588786147512740e+00,1.490170938560077207e+00,3.694149562960050703e-01,1.867045940196729314e-01,4.767840060099503025e+06
-1.838783941879428063e+00,-5.059582459637852914e+00,1.071541845368177981e+00,1.487669173269167144e+00,3.841883954873338558e-01,1.951163584806266948e-01,4.767840060099503025e+06
-1.532946631644617641e+00,-5.165379187264607097e+00,1.841039503325108351e+00,1.215573492017749890e+00,2.164479989047785047e-01,2.268652640063483217e-01,4.767840060099503025e+06
-1.527882112034899986e+00,-5.248508015156398088e+00,1.986323978198865525e+00,1.419176546264304450e+00,4.558697065117620628e-01,1.703675071694106258e-01,4.767840060099503025e+06
-2.095424856346187248e+00,-5.251453185318656125e+00,2.097445247169721139e+00,9.317504705876737958e-01,1.982965445417987360e-01,4.680459157233241019e-01,4.767840060099503025e+06
-2.524232736649866471e+00,-5.523487212017976766e+00,2.092774580129798778e+00,6.560383672672831512e-01,3.142150219172247239e-01,5.933054137804175676e-01,4.767840060099503025e+06
-2.373166022270871256e+00,-5.522279316301519358e+00,1.841301443112286940e+00,7.924718004768055435e-01,4.314634490488349905e-01,5.795671969521332123e-01,4.767840060099503025e+06
-2.618553842572707069e+00,-5.267409552477365864e+00,1.713320404590150670e+00,9.927645347544015175e-01,3.967230003216509204e-01,6.547337519431226660e-01,4.767840060099503025e+06
-2.356113140253942806e+00,-5.508540447955811992e+00,1.794107833473663094e+00,1.055724831011227494e+00,6.698126505337840264e-01,6.185301936238634113e-01,4.767840060099503025e+06
-2.521322353370867742e+00,-5.538226356431175113e+00,1.863656115356121745e+00,8.795281603130220560e-01,5.351735668750408070e-01,6.125796877234290783e-01,4.767840060099503025e+06
-2.484551110015093656e+00,-5.612940039706324491e+00,1.835560686936831942e+00,9.058096684757283024e-01,6.013692383954004628e-01,5.578120935007409020e-01,4.767840060099503025e+06
-2.720036081036833586e+00,-5.628266456945840268e+00,2.113285122278073747e+00,9.784474584733421354e-01,6.608023885226474992e-01,5.339905269341209681e-01,4.767840060099503025e+06
-2.858867836237092952e+00,-5.555803505445403800e+00,2.034824150894768202e+00,8.246931368646791549e-01,4.716754726896182359e-01,5.667667190105601938e-01,4.767840060099503025e+06
-2.858867836237092952e+00,-5.555803505445403800e+00,2.034824150894768202e+00,8.246931368646791549e-01,4.716754726896182359e-01,5.667667190105601938e-01,4.767840060099503025e+06
-2.870065416615113385e+00,-5.552704887191827865e+00,2.037289753076630738e+00,8.266092122640951168e-01,4.709192257593884934e-01,5.684478371815161468e-01,4.767840060099503025e+06
-2.098653779928207896e+00,-5.427831158775441089e+00,1.765780161511993462e+00,1.045787039768904636e+00,4.260334730351137411e-01,3.776621387834248611e-01,4.767840060099503025e+06
-1.814857599161649571e+00,-5.456052071993875430e+00,1.875579891765904783e+00,1.079630237460865061e+00,4.697520989240336897e-01,3.796370162523858283e-01,4.767840060099503025e+06
-1.787284081800513569e+00,-5.472845586816786678e+00,1.903121000010708386e+00,1.148073009200257344e+00,5.540537451859315343e-01,4.117359960077610070e-01,4.767840060099503025e+06
-2.514301521037337839e+00,-5.419929911488471141e+00,9.327537243594057337e-01,1.081930120205003565e+00,4.642065867943742097e-01,3.560296309159816097e-01,4.767840060099503025e+06
-2.477044112720615310e+00,-5.363706317274227864e+00,1.271901553961585885e+00,1.033391324150363166e+00,2.373488356826514156e-01,2.147063046679157372e-01,4.767840060099503025e+06
-3.069775264720464580e+00,-5.566208134042695654e+00,1.576495195167733732e+00,1.287118061548628845e+00,6.968933276485244077e-01,2.663156419884176174e-01,4.767840060099503025e+06
-2.232833239455700447e+00,-5.722581756868221348e+00,1.704905394050421963e+00,1.422727851802819243e+00,1.002960349087927305e+00,3.183295337533395553e-01,4.767840060099503025e+06
-2.376012847367924508e+00,-5.901773242028118815e+00,1.467422435851532203e+00,1.513663246872710255e+00,1.388076602602218879e+00,4.792215721412089735e-01,4.767840060099503025e+06
-3.442548611829635341e+00,-5.846508560287518641e+00,1.445033540683452911e+00,1.400891768370122525e+00,1.341740801148623374e+00,6.364558675793353659e-01,4.767840060099503025e+06
-3.458407586703799552e+00,-5.847444511824051006e+00,1.435735018026030652e+00,1.396165208934718960e+00,1.348309422255479451e+00,6.581121926002571065e-01,4.767840060099503025e+06
-3.459821997185639653e+00,-5.849424574055476889e+00,1.428394767225048323e+00,1.397838060774900804e+00,1.351789244556700353e+00,6.579283698879631048e-01,4.767840060099503025e+06
-3.153173590360274670e+00,-5.842127568763318735e+00,1.446734346538061544e+00,1.302500254350090980e+00,1.272882937576538476e+00,6.743944531797920749e-01,4.767840060099503025e+06
-3.360920759164087723e+00,-5.774515023328489427e+00,1.368184204512889579e+00,1.337269332666669364e+00,1.203929514702885895e+00,6.208101213074672664e-01,4.767840060099503025e+06
-3.272001115202665122e+00,-5.927492741414873478e+00,1.156633567368363646e+00,1.334867899159625670e+00,1.345233053415211710e+00,5.974621474529698828e-01,4.767840060099503025e+06
-3.184684262192630566e+00,-5.877509222466795968e+00,1.100649380376482966e+00,1.335453616536059984e+00,1.291177408569373686e+00,5.771024024191115931e-01,4.767840060099503025e+06
-3.573824387071938169e+00,-5.800814836579368361e+00,1.157546288377654387e+00,1.445842443834458368e+00,1.294931490019857634e+00,5.674480844270809454e-01,4.767840060099503025e+06
-3.491215166153275540e+00,-5.819964142570651866e+00,1.204695035844920437e+00,1.448482696970850192e+00,1.303345608978913051e+00,5.244684230306106976e-01,4.767840060099503025e+06
-3.481817875430194498e+00,-5.809429623482736282e+00,1.025613138803585844e+00,1.499780158367689964e+00,1.338226961322015907e+00,5.138009481703119663e-01,4.767840060099503025e+06
-3.238079400011983466e+00,-5.732385789562531642e+00,7.662098495124033404e-01,1.655761079718882867e+00,1.319737770088648121e+00,3.602848486448676502e-01,4.767840060099503025e+06
-3.109401744487700459e+00,-5.564088248958230842e+00,6.491039686305831724e-01,1.690925399642670524e+00,1.238356574759085005e+00,3.810618996777174750e-01,4.767840060099503025e+06
-3.095009923311366595e+00,-5.557781484513578008e+00,6.416488643159343752e-01,1.693010509692380428e+00,1.233674533308691146e+00,3.832460993907064184e-01,4.767840060099503025e+06
-3.131480867658261946e+00,-5.702751270332878875e+00,5.931979294282588855e-01,1.668326749382680996e+00,1.341751063783575226e+00,3.566036463236425536e-01,4.767840060099503025e+06
-3.136494030841791680e+00,-5.700364349195084834e+00,6.108093687098099522e-01,1.662022603368207507e+00,1.334290978406446282e+00,3.588244506025792258e-01,4.767840060099503025e+06
-2.940495190741500675e+00,-5.683520237576273892e+00,9.377992044388154813e-01,1.827113235021987414e+00,1.443408327357530663e+00,3.482102453922037988e-01,4.767840060099503025e+06
-2.648971746834132279e+00,-5.790379321098701126e+00,5.810276783135048806e-01,1.764711121051368625e+00,1.519776260182799987e+00,3.110038646501470661e-01,4.767840060099503025e+06
-2.737784609686502613e+00,-5.858454006653420088e+00,6.682631246639090250e-01,1.695450769864604412e+00,1.526783803016532159e+00,3.374943611131451249e-01,4.767840060099503025e+06
-2.902615094701271659e+00,-5.594129620654912038e+00,4.386585589674071861e-01,1.981999195763251231e+00,1.501408011781286023e+00,2.268628846995369985e-01,4.767840060099503025e+06
-2.572546890924670038e+00,-5.597115832518076317e+00,4.900146666260585260e-01,2.159598153102411988e+00,1.600856161888940088e+00,9.418456809250197459e-02,4.767840060099503025e+06
-2.505080661801891040e+00,-5.550980737234484153e+00,7.677394884608013115e-01,1.677629653939696208e+00,1.115586467927126124e+00,1.878053685241386772e-01,4.767840060099503025e+06
-2.552066499848961723e+00,-5.751255691553164517e+00,6.581442978497331620e-01,1.491487355568847040e+00,1.153548275987053007e+00,2.432165001353225886e-01,4.767840060099503025e+06
-2.589924663538927252e+00,-5.679835182952300165e+00,1.279218745392354695e+00,1.488007294174974238e+00,9.953054535077522358e-01,1.048543663514618779e-01,4.767840060099503025e+06
-3.378465000884317337e+00,-5.660515367842167578e+00,9.192523904639977594e-01,1.329524027927727392e+00,8.953564402352666152e-01,2.484711535018264972e-01,4.767840060099503025e+06
-3.228610042685644110e+00,-5.787958917046452711e+00,1.217842422398931479e+00,1.054864386097786211e+00,7.752720409339217689e-01,2.943780332160106372e-01,4.767840060099503025e+06
-3.118738741248629598e+00,-5.829728484740481775e+00,1.043795434869343675e+00,9.431815334756649127e-01,7.242074544946500714e-01,2.988843587853671768e-01,4.767840060099503025e+06
-3.101972103341469555e+00,-5.828787520067501227e+00,1.041640479435179234e+00,9.277975218308600613e-01,7.115402389821112727e-01,3.014406411950294462e-01,4.767840060099503025e+06
-2.767208367602854935e+00,-6.028179977550035318e+00,1.128536388258577050e+00,9.546881178187422989e-01,9.277149351623721341e-01,2.766103686967611441e-01,4.767840060099503025e+06
-3.349845147958824043e+00,-5.935224481796620211e+00,1.576288137907708053e+00,1.097718434206412796e+00,9.624349743966263970e-01,3.186745462055502465e-01,4.767840060099503025e+06
-2.461965290589618327e+00,-5.922637519737144807e+00,1.740151670207499723e+00,1.308232666522364696e+00,1.101114302181698923e+00,2.604328951805864323e-01,4.767840060099503025e+06
-3.555643698171670142e+00,-5.892464378343394316e+00,1.553337332761469902e+00,1.019860916532337569e+00,9.293291792030970999e-01,5.097762273766792696e-01,4.767840060099503025e+06
-2.287841463843719669e+00,-5.759076362409274452e+00,1.493406651304611366e+00,1.126521172983920183e+00,1.006138757435890874e+00,6.543223291235980010e-01,4.767840060099503025e+06
-2.459547070695383475e+00,-5.833501324983683567e+00,1.666460667791549444e+00,1.076579166799974008e+00,1.010791601507216697e+00,6.240414710962549627e-01,4.767840060099503025e+06
-2.239942663037670201e+00,-5.826269405193933437e+00,1.836923569416999857e+00,1.009924162626973931e+00,1.038789140329057892e+00,7.425134170300903280e-01,4.767840060099503025e+06
-2.186850093155926711e+00,-5.968174073899763954e+00,1.537158665684678960e+00,7.960363050265146789e-01,1.095848312616405362e+00,8.585877021277923404e-01,4.767840060099503025e+06
-2.235106299990713197e+00,-5.932006750068969936e+00,1.638472960525186206e+00,7.805717130880058807e-01,1.021078154602983679e+00,8.263870683558630637e-01,4.767840060099503025e+06
-2.314384165448093889e+00,-5.735365814610083213e+00,1.432732092773228105e+00,9.637967185911664458e-01,9.638846178020127331e-01,7.980445197100379806e-01,4.767840060099503025e+06
-2.536983615614549770e+00,-5.758072534356124095e+00,1.121176076933423360e+00,9.289901192981485645e-01,1.011240709278466543e+00,8.588652018934668231e-01,4.767840060099503025e+06
-2.536983615614549770e+00,-5.758072534356124095e+00,1.121176076933423360e+00,9.289901192981485645e-01,1.011240709278466543e+00,8.588652018934668231e-01,4.767840060099503025e+06
-2.658257400269961046e+00,-5.748664413923803451e+00,1.610671071511548202e+00,9.694898424423328276e-01,1.043909811587407477e+00,8.973197694403551861e-01,4.767840060099503025e+06
-3.243451873130029028e+00,-5.977524023483287152e+00,1.708093609819132830e+00,7.636158130059516047e-01,9.044992960152494765e-01,6.321407310421293113e-01,4.767840060099503025e+06
-3.243451873130029028e+00,-5.977524023483287152e+00,1.708093609819132830e+00,7.636158130059516047e-01,9.044992960152494765e-01,6.321407310421293113e-01,4.767840060099503025e+06
-3.949533485877738670e+00,-5.906790105491590559e+00,1.561378050828796216e+00,7.893976349266679238e-01,9.259892755375959128e-01,7.349398486173752687e-01,4.767840060099503025e+06
-3.932405522802444153e+00,-5.855331666719906458e+00,1.615698637508868885e+00,8.123325991858747486e-01,8.792440093672430068e-01,7.106998324000436407e-01,4.767840060099503025e+06
-3.931169435155522862e+00,-5.854657689820456312e+00,1.617733732864345741e+00,8.126882343072510118e-01,8.790743193566140645e-01,7.109921467238518034e-01,4.767840060099503025e+06
-1.265771144599582287e+00,-5.769894767558533921e+00,2.010755187887266704e+00,2.207303299039679256e+00,1.723162366365203146e+00,6.102539351750757568e-02,4.767840060099503025e+06
-1.179450761882284704e+00,-5.682129767711001200e+00,2.103683950775847133e+00,1.463333967040448602e+00,1.044951119925487726e+00,2.236247984049286874e-01,4.767840060099503025e+06
-1.794960770101611036e+00,-5.197917817779465821e+00,2.256437402581203067e+00,1.814879909873841735e+00,7.337590346199074354e-01,-9.046098379167377690e-02,4.767840060099503025e+06
-1.946567055041394045e+00,-5.243004719945600911e+00,2.302427702202288096e+00,1.919592008297254182e+00,8.742210890097412701e-01,-6.356986392011851339e-02,4.767840060099503025e+06
-1.942464043875386182e+00,-5.244342660458384486e+00,2.302497658792902246e+00,1.920653368168655728e+00,8.770822832651204992e-01,-6.194573346108131484e-02,4.767840060099503025e+06
-1.942464043875386182e+00,-5.244342660458384486e+00,2.302497658792902246e+00,1.920653368168655728e+00,8.770822832651204992e-01,-6.194573346108131484e-02,4.767840060099503025e+06
-1.966225724996141899e+00,-5.261732504986393444e+00,2.320896680343627505e+00,1.914842126173218029e+00,8.913753085997784265e-01,-6.747762786639167898e-02,4.767840060099503025e+06
-1.963948011300540974e+00,-5.138547675532387338e+00,1.914785943662271173e+00,1.670527910289302476e+00,5.530927995578273082e-01,-4.892889695035673725e-02,4.767840060099503025e+06
-1.843125940350661907e+00,-5.434621832859812152e+00,1.966928053222545714e+00,1.548687120050669330e+00,7.297286077986410158e-01,-3.212743245604665621e-02,4.767840060099503025e+06
-1.843125940350661907e+00,-5.434621832859812152e+00,1.966928053222545714e+00,1.548687120050669330e+00,7.297286077986410158e-01,-3.212743245604665621e-02,4.767840060099503025e+06
-1.147054126351372938e+00,-5.307685860411946344e+00,1.745059755190081940e+00,1.136617545080796710e+00,3.223874412534166733e-01,9.352287414353772921e-02,4.767840060099503025e+06
-1.118145804528247078e+00,-5.724612571819498896e+00,1.951618334792025289e+00,3.026541702022748082e-01,7.481313132965711210e-02,2.207297159988191038e-01,4.767840060099503025e+06
-9.854852515917699174e-01,-5.662004939806850601e+00,1.744913838695256958e+00,5.441020974378871777e-01,2.188576037664182738e-01,2.048155973647499961e-01,4.767840060099503025e+06
-1.794584570099249987e+00,-4.976725734239082044e+00,1.824792234638731969e+00,1.404937376405264615e+00,1.834375064651840859e-01,8.202225098149074078e-02,4.767840060099503025e+06
-1.672872297618539061e+00,-4.971467424615576114e+00,1.938321247595820473e+00,1.362859015928047590e+00,1.056050839151947418e-01,2.190310908731329942e-02,4.767840060099503025e+06
-2.358584349074204223e+00,-4.921635898109633978e+00,1.936722854476979006e+00,1.146146712567869042e+00,-6.955456738813836637e-02,1.543491696053618245e-01,4.767840060099503025e+06
-2.148038160136656494e+00,-4.522076494361258803e+00,2.019013331031156433e+00,1.485515077101687398e+00,-2.441008009817092761e-01,5.588793157180438342e-02,4.767840060099503025e+06
-2.555250444718574876e+00,-4.998245077326286534e+00,2.042529845653158649e+00,1.360730072864997808e+00,1.590028091574059443e-01,1.281789985994865599e-01,4.767840060099503025e+06
-2.967461649357121090e+00,-5.196551086951366472e+00,2.622516988717527475e+00,1.404441358131497619e+00,3.427853368847849636e-01,5.151539406557298362e-02,4.767840060099503025e+06
-2.929882335968848839e+00,-5.441535278948831156e+00,2.142954398776570013e+00,1.187526201303034323e+00,4.554788709718241568e-01,1.487258256921105970e-01,4.767840060099503025e+06
-3.665657380701087487e+00,-5.701210984736754916e+00,2.119011165875840597e+00,1.448937183661563433e+00,9.137685873940900594e-01,7.640163502170319032e-02,4.767840060099503025e+06
-3.390822159155357340e+00,-5.660666803057964103e+00,2.029410851233935276e+00,1.469326145957332130e+00,9.247749765325502525e-01,1.376472998076949672e-01,4.767840060099503025e+06
-3.638633115008529373e+00,-5.783808908712746444e+00,2.261590681451071561e+00,1.784960712788647763e+00,1.289649228608391152e+00,7.258163642907999868e-02,4.767840060099503025e+06
-3.638633115008529373e+00,-5.783808908712746444e+00,2.261590681451071561e+00,1.784960712788647763e+00,1.289649228608391152e+00,7.258163642907999868e-02,4.767840060099503025e+06
-3.648519291792469588e+00,-5.794323654177611083e+00,2.265531395623401334e+00,1.778071440801347158e+00,1.293075817558827723e+00,7.106146295500373467e-02,4.767840060099503025e+06
-3.351715299536334403e+00,-5.777426108443709296e+00,2.267346989243290700e+00,1.749119704323877311e+00,1.291307970045949105e+00,1.151528319154615371e-01,4.767840060099503025e+06
-3.351715299536334403e+00,-5.777426108443709296e+00,2.267346989243290700e+00,1.749119704323877311e+00,1.291307970045949105e+00,1.151528319154615371e-01,4.767840060099503025e+06
-3.351715299536334403e+00,-5.777426108443709296e+00,2.267346989243290700e+00,1.749119704323877311e+00,1.291307970045949105e+00,1.151528319154615371e-01,4.767840060099503025e+06
-3.577925853586068516e+00,-5.749198101469091604e+00,2.397900423432146155e+00,1.816438719871753316e+00,1.287431428328754235e+00,4.156374176821886479e-02,4.767840060099503025e+06
-3.902106057057279642e+00,-5.871201184832525399e+00,2.815422960394170282e+00,1.156435739704201549e+00,8.405525032792426909e-01,1.168626229283233620e-01,4.767840060099503025e+06
-3.873667549564517643e+00,-5.848752994170632213e+00,2.720133717546994845e+00,1.130598350641332628e+00,8.111453829388132197e-01,1.470483821742181729e-01,4.767840060099503025e+06
-2.819099441400112926e+00,-5.584649122156748469e+00,2.263110540850892693e+00,1.282395242165928373e+00,6.798000791161373790e-01,1.288319118245803141e-01,4.767840060099503025e+06
-2.376147265558584021e+00,-5.567652816912520564e+00,2.442174708411123607e+00,1.586519578991164581e+00,9.784350214363591869e-01,2.450228859369626422e-01,4.767840060099503025e+06
-2.253990115926136184e+00,-5.506772185306957113e+00,2.219401047882725297e+00,1.737155994063367626e+00,1.072899259934027683e+00,2.651592783564151734e-01,4.767840060099503025e+06
-2.172337172817343287e+00,-5.551292201901102175e+00,2.339470371912613977e+00,1.634043389790243550e+00,9.651496267838266530e-01,1.990373026045422766e-01,4.767840060099503025e+06
-1.951777941579062592e+00,-5.502890232433665041e+00,2.230211227843966526e+00,1.604205831929490289e+00,8.799817678978824054e-01,1.863416658227667888e-01,4.767840060099503025e+06
-1.951777941579062592e+00,-5.502890232433665041e+00,2.230211227843966526e+00,1.604205831929490289e+00,8.799817678978824054e-01,1.863416658227667888e-01,4.767840060099503025e+06
-1.951777941579062592e+00,-5.502890232433665041e+00,2.230211227843966526e+00,1.604205831929490289e+00,8.799817678978824054e-01,1.863416658227667888e-01,4.767840060099503025e+06
-1.951777941579062592e+00,-5.502890232433665041e+00,2.230211227843966526e+00,1.604205831929490289e+00,8.799817678978824054e-01,1.863416658227667888e-01,4.767840060099503025e+06
-1.951777941579062592e+00,-5.502890232433665041e+00,2.230211227843966526e+00,1.604205831929490289e+00,8.799817678978824054e-01,1.863416658227667888e-01,4.767840060099503025e+06
-1.951777941579062592e+00,-5.502890232433665041e+00,2.230211227843966526e+00,1.604205831929490289e+00,8.799817678978824054e-01,1.863416658227667888e-01,4.767840060099503025e+06
-1.951777941579062592e+00,-5.502890232433665041e+00,2.230211227843966526e+00,1.604205831929490289e+00,8.799817678978824054e-01,1.863416658227667888e-01,4.767840060099503025e+06
-7.422943494736884418e-01,-5.277836987837695837e+00,2.199958948082262555e+00,1.779643394495499464e+00,6.178220593448834341e-01,-1.191998230560156191e-01,4.767840060099503025e+06
-7.422943494736884418e-01,-5.277836987837695837e+00,2.199958948082262555e+00,1.779643394495499464e+00,6.178220593448834341e-01,-1.191998230560156191e-01,4.767840060099503025e+06
-6.861978819255880602e-01,-5.307419436766845244e+00,2.189784255595998097e+00,1.783696207750300022e+00,6.415398667930117815e-01,-1.237969969657435471e-01,4.767840060099503025e+06
-6.790843323917163943e-01,-5.303415824278758350e+00,2.187445933589367009e+00,1.789278891511481895e+00,6.403944511933536976e-01,-1.269174370408491237e-01,4.767840060099503025e+06
-6.790843323917163943e-01,-5.303415824278758350e+00,2.187445933589367009e+00,1.789278891511481895e+00,6.403944511933536976e-01,-1.269174370408491237e-01,4.767840060099503025e+06
-6.790843323917163943e-01,-5.303415824278758350e+00,2.187445933589367009e+00,1.789278891511481895e+00,6.403944511933536976e-01,-1.269174370408491237e-01,4.767840060099503025e+06
-6.790843323917163943e-01,-5.303415824278758350e+00,2.187445933589367009e+00,1.789278891511481895e+00,6.403944511933536976e-01,-1.269174370408491237e-01,4.767840060099503025e+06
-6.317046104551009567e-01,-5.312275517972333994e+00,2.182535605363133957e+00,1.786953380244961975e+00,6.410664909133764189e-01,-1.361084480351396342e-01,4.767840060099503025e+06
-6.317046104551009567e-01,-5.312275517972333994e+00,2.182535605363133957e+00,1.786953380244961975e+00,6.410664909133764189e-01,-1.361084480351396342e-01,4.767840060099503025e+06
-6.317046104551009567e-01,-5.312275517972333994e+00,2.182535605363133957e+00,1.786953380244961975e+00,6.410664909133764189e-01,-1.361084480351396342e-01,4.767840060099503025e+06
-6.020039151762037744e-01,-5.299834387165766714e+00,2.212168916292080123e+00,1.810606315809047295e+00,6.385386716105815319e-01,-1.514134555178053843e-01,4.767840060099503025e+06
-6.020039151762037744e-01,-5.299834387165766714e+00,2.212168916292080123e+00,1.810606315809047295e+00,6.385386716105815319e-01,-1.514134555178053843e-01,4.767840060099503025e+06
-5.585875750545156171e-01,-5.333172052099842020e+00,2.196750876297862476e+00,1.774904208702900332e+00,5.559429002342108905e-01,-2.530124872410935977e-01,4.767840060099503025e+06
-5.585875750545156171e-01,-5.333172052099842020e+00,2.196750876297862476e+00,1.774904208702900332e+00,5.559429002342108905e-01,-2.530124872410935977e-01,4.767840060099503025e+06
-5.585875750545156171e-01,-5.333172052099842020e+00,2.196750876297862476e+00,1.774904208702900332e+00,5.559429002342108905e-01,-2.530124872410935977e-01,4.767840060099503025e+06
-5.585875750545156171e-01,-5.333172052099842020e+00,2.196750876297862476e+00,1.774904208702900332e+00,5.559429002342108905e-01,-2.530124872410935977e-01,4.767840060099503025e+06
-9.176178558769414462e-01,-5.266603506921665456e+00,2.081384025608003618e+00,1.793405242381270304e+00,5.821462031161656059e-01,-1.580461092487735753e-01,4.767840060099503025e+06
-9.176178558769414462e-01,-5.266603506921665456e+00,2.081384025608003618e+00,1.793405242381270304e+00,5.821462031161656059e-01,-1.580461092487735753e-01,4.767840060099503025e+06
-1.354894241491055418e+00,-5.484532980956414505e+00,2.147200632650774210e+00,1.709083915195988457e+00,7.624548052690696132e-01,-1.495947465240381469e-01,4.767840060099503025e+06
-1.354894241491055418e+00,-5.484532980956414505e+00,2.147200632650774210e+00,1.709083915195988457e+00,7.624548052690696132e-01,-1.495947465240381469e-01,4.767840060099503025e+06
-1.354894241491055418e+00,-5.484532980956414505e+00,2.147200632650774210e+00,1.709083915195988457e+00,7.624548052690696132e-01,-1.495947465240381469e-01,4.767840060099503025e+06
-1.354894241491055418e+00,-5.484532980956414505e+00,2.147200632650774210e+00,1.709083915195988457e+00,7.624548052690696132e-01,-1.495947465240381469e-01,4.767840060099503025e+06
-1.354894241491055418e+00,-5.484532980956414505e+00,2.147200632650774210e+00,1.709083915195988457e+00,7.624548052690696132e-01,-1.495947465240381469e-01,4.767840060099503025e+06
-1.564484663334686054e+00,-5.512324703495934841e+00,2.225950456890505524e+00,1.638127545509995286e+00,7.661374005290484401e-01,-7.946758169186685095e-02,4.767840060099503025e+06
-1.564484663334686054e+00,-5.512324703495934841e+00,2.225950456890505524e+00,1.638127545509995286e+00,7.661374005290484401e-01,-7.946758169186685095e-02,4.767840060099503025e+06
-1.564484663334686054e+00,-5.512324703495934841e+00,2.225950456890505524e+00,1.638127545509995286e+00,7.661374005290484401e-01,-7.946758169186685095e-02,4.767840060099503025e+06
-1.564484663334686054e+00,-5.512324703495934841e+00,2.225950456890505524e+00,1.638127545509995286e+00,7.661374005290484401e-01,-7.946758169186685095e-02,4.767840060099503025e+06
-1.561849086142673038e+00,-5.516167117173972123e+00,2.225403010368384837e+00,1.638544470000472320e+00,7.693695157488051883e-01,-8.219609549152362415e-02,4.767840060099503025e+06
-1.475325478057916584e+00,-5.697895848017070719e+00,2.190986597062008823e+00,1.596768922094881304e+00,8.940051402486739462e-01,-4.562913770569204663e-02,4.767840060099503025e+06
-1.475325478057916584e+00,-5.697895848017070719e+00,2.190986597062008823e+00,1.596768922094881304e+00,8.940051402486739462e-01,-4.562913770569204663e-02,4.767840060099503025e+06
-1.475325478057916584e+00,-5.697895848017070719e+00,2.190986597062008823e+00,1.596768922094881304e+00,8.940051402486739462e-01,-4.562913770569204663e-02,4.767840060099503025e+06
-1.475325478057916584e+00,-5.697895848017070719e+00,2.190986597062008823e+00,1.596768922094881304e+00,8.940051402486739462e-01,-4.562913770569204663e-02,4.767840060099503025e+06
-1.475325478057916584e+00,-5.697895848017070719e+00,2.190986597062008823e+00,1.596768922094881304e+00,8.940051402486739462e-01,-4.562913770569204663e-02,4.767840060099503025e+06
-1.475325478057916584e+00,-5.697895848017070719e+00,2.190986597062008823e+00,1.596768922094881304e+00,8.940051402486739462e-01,-4.562913770569204663e-02,4.767840060099503025e+06
-1.475325478057916584e+00,-5.697895848017070719e+00,2.190986597062008823e+00,1.596768922094881304e+00,8.940051402486739462e-01,-4.562913770569204663e-02,4.767840060099503025e+06
-1.475325478057916584e+00,-5.697895848017070719e+00,2.190986597062008823e+00,1.596768922094881304e+00,8.940051402486739462e-01,-4.562913770569204663e-02,4.767840060099503025e+06
-1.443593702105991916e+00,-5.695639953533411237e+00,2.191433836680484859e+00,1.605698897774443301e+00,8.995598135045203003e-01,-4.989082759452065363e-02,4.767840060099503025e+06
-1.443593702105991916e+00,-5.695639953533411237e+00,2.191433836680484859e+00,1.605698897774443301e+00,8.995598135045203003e-01,-4.989082759452065363e-02,4.767840060099503025e+06
-1.443593702105991916e+00,-5.695639953533411237e+00,2.191433836680484859e+00,1.605698897774443301e+00,8.995598135045203003e-01,-4.989082759452065363e-02,4.767840060099503025e+06
-1.443593702105991916e+00,-5.695639953533411237e+00,2.191433836680484859e+00,1.605698897774443301e+00,8.995598135045203003e-01,-4.989082759452065363e-02,4.767840060099503025e+06
-1.443593702105991916e+00,-5.695639953533411237e+00,2.191433836680484859e+00,1.605698897774443301e+00,8.995598135045203003e-01,-4.989082759452065363e-02,4.767840060099503025e+06
-1.443593702105991916e+00,-5.695639953533411237e+00,2.191433836680484859e+00,1.605698897774443301e+00,8.995598135045203003e-01,-4.989082759452065363e-02,4.767840060099503025e+06
-1.443593702105991916e+00,-5.695639953533411237e+00,2.191433836680484859e+00,1.605698897774443301e+00,8.995598135045203003e-01,-4.989082759452065363e-02,4.767840060099503025e+06
-1.443593702105991916e+00,-5.695639953533411237e+00,2.191433836680484859e+00,1.605698897774443301e+00,8.995598135045203003e-01,-4.989082759452065363e-02,4.767840060099503025e+06
-1.443593702105991916e+00,-5.695639953533411237e+00,2.191433836680484859e+00,1.605698897774443301e+00,8.995598135045203003e-01,-4.989082759452065363e-02,4.767840060099503025e+06
-1.443593702105991916e+00,-5.695639953533411237e+00,2.191433836680484859e+00,1.605698897774443301e+00,8.995598135045203003e-01,-4.989082759452065363e-02,4.767840060099503025e+06
-1.443593702105991916e+00,-5.695639953533411237e+00,2.191433836680484859e+00,1.605698897774443301e+00,8.995598135045203003e-01,-4.989082759452065363e-02,4.767840060099503025e+06
-1.443593702105991916e+00,-5.695639953533411237e+00,2.191433836680484859e+00,1.605698897774443301e+00,8.995598135045203003e-01,-4.989082759452065363e-02,4.767840060099503025e+06
-1.681284321092958223e+00,-4.984174913628815595e+00,5.364369431951039324e-01,1.637084100774262474e+00,5.235182240070828108e-01,4.250210229552187080e-03,4.767840060099503025e+06
-1.681284321092958223e+00,-4.984174913628815595e+00,5.364369431951039324e-01,1.637084100774262474e+00,5.235182240070828108e-01,4.250210229552187080e-03,4.767840060099503025e+06
-1.712257539100539683e+00,-5.129951292111202932e+00,5.137079526690728759e-01,1.248071466646011540e+00,3.874313176273490589e-01,9.873852820300077493e-02,4.767840060099503025e+06
-1.677448693942763747e+00,-5.074568515699681370e+00,2.243746317887520547e-01,1.191933231439516572e+00,2.908449682240097367e-01,6.345363674112874941e-02,4.767840060099503025e+06
-1.310740421950606693e+00,-4.969013883557947153e+00,4.068118846615886852e-01,9.595190137316450540e-01,-4.075988173190231434e-02,1.092485529919169363e-01,4.767840060099503025e+06
-1.321851049911507703e+00,-4.985050819381250164e+00,3.243007869546761235e-01,9.199514377081943195e-01,-5.011113786936477466e-02,1.111683869314476214e-01,4.767840060099503025e+06
-1.449343526113078484e+00,-5.153647114373089089e+00,9.097784905693002688e-01,1.400207938311839539e+00,4.450161710649446767e-01,5.121002934165921894e-02,4.767840060099503025e+06
-1.608353936685781527e+00,-5.036210707118472740e+00,6.848607398275562419e-01,1.945568958464128473e+00,7.985085040967649928e-01,8.796660229603181502e-03,4.767840060099503025e+06
-1.543116480871088880e+00,-5.273583987153577013e+00,1.272651019979778919e+00,1.848954252201002291e+00,8.797344558402179215e-01,6.537351313125633334e-02,4.767840060099503025e+06
-2.308618251645557784e+00,-5.028285537297821683e+00,1.018492701361685349e+00,2.552295464487674082e+00,1.263442531697088977e+00,6.341834484712853548e-02,4.767840060099503025e+06
-2.066041538462449978e+00,-5.243016130395284691e+00,1.590997236698052042e+00,1.764311954596770482e+00,8.308404637805499870e-01,2.429816779855514808e-01,4.767840060099503025e+06
-3.672484365174568666e+00,-5.591843060951268818e+00,1.257732802641180703e+00,1.834307624435332906e+00,1.176879416655231658e+00,1.068995886635422249e-01,4.767840060099503025e+06
-3.479937816645192861e+00,-5.563927287163406454e+00,1.186354392651363110e+00,1.737278379267903627e+00,1.073173402354841155e+00,1.194071908833311824e-01,4.767840060099503025e+06
-3.143609783664556012e+00,-5.377123177360621398e+00,1.491350025354170050e+00,1.609948247858523640e+00,7.833035649630663011e-01,1.503687969543341940e-01,4.767840060099503025e+06
-3.439640809424629353e+00,-5.547728116938268172e+00,8.876299925063459995e-01,1.392644179891041389e+00,8.866547099840882407e-01,3.519369066579629557e-01,4.767840060099503025e+06
-3.582982951492977630e+00,-5.599604019277983014e+00,8.585826729893237808e-01,1.365556755518181342e+00,9.184902924449462880e-01,3.564492979536915129e-01,4.767840060099503025e+06
-3.474070528970394811e+00,-5.285359598641726997e+00,6.020698328494700213e-01,1.779652626063192411e+00,9.624359877141195341e-01,2.462427835717705960e-01,4.767840060099503025e+06
-3.129732351403454071e+00,-5.210534775275597497e+00,8.286763883995915680e-01,1.661392254412372260e+00,7.637013384105095781e-01,2.298353205087417805e-01,4.767840060099503025e+06
-3.409378411066121828e+00,-5.192039306475159322e+00,5.564606273556753635e-01,1.689134542291656160e+00,7.404785678741367949e-01,1.689490170880681708e-01,4.767840060099503025e+06
-3.445682641037852711e+00,-5.182206926950343906e+00,5.283964494176238702e-01,1.689078799266561237e+00,7.334053569290864827e-01,1.719168799845931517e-01,4.767840060099503025e+06
-3.019582127359735857e+00,-5.299757332255218500e+00,7.596806802715998508e-01,1.595366133002859454e+00,8.084587415692759960e-01,2.671835793781995871e-01,4.767840060099503025e+06
-3.075263425846021192e+00,-5.275082353265548640e+00,8.156929194839566133e-01,1.714661551413455109e+00,8.907009352986545725e-01,2.655795868326139564e-01,4.767840060099503025e+06
-3.513211845962110669e+00,-5.237350820325207046e+00,8.204822762794636848e-01,2.137752560260235857e+00,1.213630113844101244e+00,2.484323013262460245e-01,4.767840060099503025e+06
-3.670987404584898250e+00,-5.338472489451441483e+00,8.035037235352338048e-01,2.134623284031225587e+00,1.278290049851115384e+00,1.762929819319239422e-01,4.767840060099503025e+06
-2.705920316834069084e+00,-4.921012075287740650e+00,5.699946733479916983e-01,2.228246079243878075e+00,1.032914411595091231e+00,2.497758517595656813e-01,4.767840060099503025e+06
-2.926924928461005493e+00,-4.915932398148194160e+00,6.193572778624887309e-01,2.340814595805706055e+00,1.122986145125343560e+00,2.334429742568703836e-01,4.767840060099503025e+06
-2.968645328656210225e+00,-4.766165017114776248e+00,7.392248749918384210e-01,2.706401411164017112e+00,1.193175745345930405e+00,7.788934238396544307e-02,4.767840060099503025e+06
-3.793752351479949159e+00,-4.808238122245799495e+00,1.147389198409995315e+00,2.900889396523670616e+00,1.367446311049185459e+00,-1.084284498608356628e-02,4.767840060099503025e+06
-3.763905699386599135e+00,-4.817476479409091183e+00,1.181254392384840202e+00,2.850247028819454798e+00,1.337206719373370323e+00,9.819331841345035894e-03,4.767840060099503025e+06
-3.274231325626162814e+00,-5.035307001300693308e+00,1.213123082913943218e+00,2.576560256883041689e+00,1.348411588753309687e+00,8.044908264752037574e-02,4.767840060099503025e+06
-3.316330744460208813e+00,-5.156010845130787779e+00,1.244011501732966707e+00,2.389182302738758423e+00,1.307375758381051245e+00,9.965080586045554911e-02,4.767840060099503025e+06
-3.783430323533450768e+00,-5.305827880152158116e+00,1.268664315940299048e+00,2.595695813186815304e+00,1.663735837379438420e+00,1.485559346622026822e-01,4.767840060099503025e+06
-3.462072060867690926e+00,-5.189046189037299861e+00,1.155378340287553485e+00,2.529822987143661717e+00,1.490939984808612451e+00,1.784420276524906201e-01,4.767840060099503025e+06
-3.443401274237963161e+00,-5.112585203010980628e+00,8.720307601410755005e-01,2.561780337266374552e+00,1.449468911917949798e+00,1.721031252431564074e-01,4.767840060099503025e+06
-3.773569372968104130e+00,-5.373023468438402617e+00,4.788779787316079783e-01,2.096013507823383915e+00,1.360449024989957678e+00,2.755140985849141022e-01,4.767840060099503025e+06
-3.555834398050962797e+00,-5.475187020316673703e+00,1.016783176983433012e+00,2.133951718195852276e+00,1.441970162067016226e+00,1.989323670209946771e-01,4.767840060099503025e+06
-3.568317859308896445e+00,-5.419436018700858781e+00,1.040180485206007699e+00,2.195106267475152251e+00,1.420446851856834947e+00,1.591814763074668182e-01,4.767840060099503025e+06
-3.570395835793244377e+00,-5.321915821068671448e+00,9.266202581892564183e-01,2.626943959594400191e+00,1.685347681697945132e+00,7.169415878066653924e-02,4.767840060099503025e+06
-3.698719538857662137e+00,-4.980725740936540191e+00,7.846816444138501323e-01,2.519786362182329764e+00,1.278390553128656126e+00,1.152361292121753256e-01,4.767840060099503025e+06
-3.099878704793658013e+00,-4.943245850989368861e+00,1.014574792538046388e+00,2.218550138851672404e+00,9.180538374927248446e-01,2.650172226634411876e-02,4.767840060099503025e+06
-3.268829387950175747e+00,-4.753580063925421761e+00,6.549225134537408621e-01,2.223438681510879977e+00,8.128110998343941462e-01,1.854139816587166145e-01,4.767840060099503025e+06
-3.897327361648777799e+00,-4.701670885126413957e+00,9.997054582023819913e-01,1.977897990221851199e+00,4.908652737444893499e-01,1.426673787031738638e-01,4.767840060099503025e+06
-3.981368029024113575e+00,-4.657133741458355125e+00,8.989342357997585076e-01,2.023675656520671051e+00,4.776030074866163266e-01,1.185681631558857529e-01,4.767840060099503025e+06
-3.998287605780110443e+00,-4.597885044893378570e+00,9.264630675987468589e-01,2.065678900365762516e+00,4.391598663769322730e-01,9.066668563355623212e-02,4.767840060099503025e+06
-3.873912774376358836e+00,-4.732973421874152820e+00,9.105477239475547879e-01,1.935807387078239072e+00,4.762294762753684907e-01,1.280175526733025593e-01,4.767840060099503025e+06
-2.632443061160659070e+00,-4.907815904876652979e+00,1.441662114393661209e+00,1.979549232716248941e+00,5.455561015376767520e-01,-5.625021935846982735e-02,4.767840060099503025e+06
-2.531449950921500935e+00,-5.109815776355145722e+00,1.451722659631473400e+00,2.073377613096715866e+00,9.210438126981833618e-01,1.214854274210825924e-01,4.767840060099503025e+06
-2.311813515082591586e+00,-4.938617841577284118e+00,1.163536084167413165e+00,2.308663542057615814e+00,9.427591651790899752e-01,8.696192501192495650e-02,4.767840060099503025e+06
-2.417923394081860966e+00,-4.849646673600414459e+00,2.305415585220650598e+00,2.101322171177969267e+00,6.597312926831618851e-01,1.579805742706721083e-01,4.767840060099503025e+06
-2.549648287193984952e+00,-4.953632773716270421e+00,2.381306990826624226e+00,1.881090691451089425e+00,6.138621452808858958e-01,2.359461081929362936e-01,4.767840060099503025e+06
-2.454646685692892571e+00,-5.000059170799765695e+00,2.489531633528943466e+00,1.895935268955704078e+00,6.793608198132631282e-01,2.423734857986398206e-01,4.767840060099503025e+06
-2.299085970884159558e+00,-4.983083286560944458e+00,2.320787640383414008e+00,2.033576884583549571e+00,7.514224010017488409e-01,1.708667366671551002e-01,4.767840060099503025e+06
-2.089286846153713295e+00,-4.719271972186156461e+00,2.576793085727374866e+00,2.282562299116566162e+00,6.579483418458655919e-01,9.468231775242280657e-02,4.767840060099503025e+06
-2.537588569024221474e+00,-4.850387361418859733e+00,1.682306250683188953e+00,2.296888550791171824e+00,9.295549445115254272e-01,2.785344922740236040e-01,4.767840060099503025e+06
-2.574197460416875138e+00,-4.803919374593199620e+00,1.460811592785877355e+00,2.368744496844622738e+00,9.495268470636457625e-01,2.236170123911229157e-01,4.767840060099503025e+06
-1.657663781984516582e+00,-4.652081719883628175e+00,1.599690487163103469e+00,2.157510447620781147e+00,4.920237050410554147e-01,6.373573823941991456e-03,4.767840060099503025e+06
-2.048019543898501382e+00,-4.976603403136480530e+00,1.692401597248919254e+00,1.907961717971466076e+00,6.441270663335936231e-01,1.175998024532883823e-01,4.767840060099503025e+06
-2.173923349209021971e+00,-5.084244724213305311e+00,1.542302823316898497e+00,1.736027257410016844e+00,6.517591267899311980e-01,2.240910364744124750e-01,4.767840060099503025e+06
-2.765889303123888254e+00,-4.742770102934933618e+00,1.472370759889260139e+00,2.265585488241477652e+00,7.507292632536268773e-01,1.744070510892461456e-01,4.767840060099503025e+06
-2.944821049819614789e+00,-4.430947426887882123e+00,1.381045227780925311e+00,2.551876540985088315e+00,6.858663578296734231e-01,1.539502892192461392e-01,4.767840060099503025e+06
-2.439493879790790132e+00,-4.559574316689921858e+00,2.202525577648545507e+00,1.456100308488189610e+00,-1.520583276321236244e-01,2.955538567917331827e-01,4.767840060099503025e+06
-2.450053812574311429e+00,-4.640058656337401111e+00,2.245841857778655193e+00,1.461742742712187848e+00,-6.217549986348025470e-02,3.019165233781778146e-01,4.767840060099503025e+06
-2.450053812574311429e+00,-4.640058656337401111e+00,2.245841857778655193e+00,1.461742742712187848e+00,-6.217549986348025470e-02,3.019165233781778146e-01,4.767840060099503025e+06
-2.450053812574311429e+00,-4.640058656337401111e+00,2.245841857778655193e+00,1.461742742712187848e+00,-6.217549986348025470e-02,3.019165233781778146e-01,4.767840060099503025e+06
-2.441184961081172222e+00,-4.746296244194716074e+00,2.272490769181662706e+00,1.480764326148485965e+00,7.267583763188523172e-02,3.147861419596149624e-01,4.767840060099503025e+06
-2.481222872458286322e+00,-5.091467289556906195e+00,2.480941313054152886e+00,1.402595921538122514e+00,3.902057052240068269e-01,3.855523554483550330e-01,4.767840060099503025e+06
-1.899988322334227320e+00,-5.101717297056278078e+00,2.844863535075014660e+00,1.219167745324118091e+00,2.534410416515191500e-01,4.557135418008549932e-01,4.767840060099503025e+06
-2.137243911063858803e+00,-5.288113751705765253e+00,2.629543660120784665e+00,1.437607095987063266e+00,5.912575944919210569e-01,3.463503900881388931e-01,4.767840060099503025e+06
-2.026499875928058358e+00,-5.597727633814226778e+00,2.856832255702280943e+00,1.117206037178769096e+00,6.190435519859780467e-01,3.469702842590893233e-01,4.767840060099503025e+06
-2.196464723898865046e+00,-5.585799031950307025e+00,2.885764296960955821e+00,1.178323572360676641e+00,6.601748312525443918e-01,3.436020751530698414e-01,4.767840060099503025e+06
-2.012515735187129007e+00,-5.658862810864105697e+00,2.909914026254444064e+00,1.048836509816940987e+00,6.958001298866793860e-01,4.474102961820430879e-01,4.767840060099503025e+06
-1.885969103371461619e+00,-5.751134047243383840e+00,2.759708547198306494e+00,1.087181047088161767e+00,8.373022587409142403e-01,4.576698572502754248e-01,4.767840060099503025e+06
-2.261677283433119801e+00,-5.680674340784538145e+00,2.106111883308944055e+00,1.013023793024148578e+00,6.602619949252681586e-01,3.828636787070366920e-01,4.767840060099503025e+06
-1.513922525032516786e+00,-5.714539131050958787e+00,2.155306619625039222e+00,5.970574125400816001e-01,3.617218420444732185e-01,4.263608489666451118e-01,4.767840060099503025e+06
-1.584108046491211397e+00,-5.664657626559175263e+00,2.065149825947697693e+00,5.296385801723819675e-01,2.670640609918892849e-01,4.385972385014005326e-01,4.767840060099503025e+06
-1.308581964037424106e+00,-5.627089332839393165e+00,2.495587403265283832e+00,6.218245919073068784e-01,2.994789037541683019e-01,4.678157046177262024e-01,4.767840060099503025e+06
-2.014438693900442612e+00,-5.399245678231441303e+00,2.209517224629953702e+00,3.081498733838909931e-01,-3.039315679024648942e-01,3.430774863133139174e-01,4.767840060099503025e+06
-2.218444343890497272e+00,-5.260087017644049290e+00,2.081429041450132189e+00,7.821124892464452749e-01,1.253164801140149720e-02,3.565071010885258462e-01,4.767840060099503025e+06
-2.205841124152460253e+00,-5.231896786527841847e+00,1.962485968814742243e+00,6.783963671254007455e-01,-1.006773593268434075e-01,3.577057353644713111e-01,4.767840060099503025e+06
-2.205844343639860927e+00,-5.345711452715596224e+00,1.894667102262983516e+00,7.074958396913781922e-01,4.413493067507059942e-02,3.326860251879811270e-01,4.767840060099503025e+06
-2.048187276479555230e+00,-5.284284828533571066e+00,1.877590118049925039e+00,7.741151940522456032e-01,2.593593394765097981e-02,3.384491969225051355e-01,4.767840060099503025e+06
-1.477005801236330074e+00,-5.582627106345463552e+00,1.868926673941502914e+00,7.478909738078746150e-01,4.229366121468922657e-01,4.962871388093761382e-01,4.767840060099503025e+06
-1.679604342328830491e+00,-5.681969652144332805e+00,2.020473608120727960e+00,6.574262786412357062e-01,4.290443272464270486e-01,4.509504549096163828e-01,4.767840060099503025e+06
-1.885113725640365612e+00,-5.361147255047671756e+00,2.243806569199219059e+00,6.521303106411848738e-01,9.121253143673258013e-02,4.559416315023911426e-01,4.767840060099503025e+06
-1.205697153274692957e+00,-5.401722275143663765e+00,2.046484689786971511e+00,5.843167045048638375e-01,8.091483877275940095e-02,4.363307246324927835e-01,4.767840060099503025e+06
-1.292780582632623743e+00,-5.618753722452477284e+00,2.235960550808477443e+00,5.442776855763160615e-01,3.090405485802140695e-01,5.356434302664301317e-01,4.767840060099503025e+06
-1.206992307011752086e+00,-5.493742448529806310e+00,2.372360988619640398e+00,6.583869622961955326e-01,3.974449894985039311e-01,7.032854817450886475e-01,4.767840060099503025e+06
-1.288900127211762836e+00,-5.498886607309905195e+00,2.385067661494907121e+00,7.839324705068284604e-01,4.980438573764627286e-01,6.614213018787463705e-01,4.767840060099503025e+06
-1.216834965923093259e+00,-5.022703786871068665e+00,2.975489354574261558e+00,9.566564604214902179e-01,1.979968509662017317e-01,7.330679767125086732e-01,4.767840060099503025e+06
-1.229407091628410775e+00,-5.032182549747854061e+00,2.975114141663131484e+00,9.550277171558541056e-01,2.037783450555225029e-01,7.305600867818969890e-01,4.767840060099503025e+06
-1.028675821635882670e+00,-6.268783557031362363e+00,2.455634252655759298e+00,1.028131795134921145e+00,1.354962073125180799e+00,4.286391213434537217e-01,4.767840060099503025e+06
-1.028675821635882670e+00,-6.268783557031362363e+00,2.455634252655759298e+00,1.028131795134921145e+00,1.354962073125180799e+00,4.286391213434537217e-01,4.767840060099503025e+06
-1.028675821635882670e+00,-6.268783557031362363e+00,2.455634252655759298e+00,1.028131795134921145e+00,1.354962073125180799e+00,4.286391213434537217e-01,4.767840060099503025e+06
-1.027943162038947644e+00,-6.187128476958141832e+00,2.386370771485347042e+00,1.001241576139849654e+00,1.243142990942439852e+00,4.169989992654760114e-01,4.767840060099503025e+06
-1.027943162038947644e+00,-6.187128476958141832e+00,2.386370771485347042e+00,1.001241576139849654e+00,1.243142990942439852e+00,4.169989992654760114e-01,4.767840060099503025e+06
-1.047179281183983512e+00,-6.209590547187763043e+00,2.426223885016721926e+00,9.604404990712446244e-01,1.255464304773801665e+00,4.487322315088309033e-01,4.767840060099503025e+06
-1.047179281183983512e+00,-6.209590547187763043e+00,2.426223885016721926e+00,9.604404990712446244e-01,1.255464304773801665e+00,4.487322315088309033e-01,4.767840060099503025e+06
-1.915446110124548351e+00,-5.813801612776852146e+00,2.444212770933482659e+00,1.760727529217632537e+00,1.489162035090388247e+00,3.894062122689858629e-01,4.767840060099503025e+06
-2.048418155370714366e+00,-5.718236848954894924e+00,2.547327275324725804e+00,2.165890300650227029e+00,1.738901255689419001e+00,3.575580917546873905e-01,4.767840060099503025e+06
-1.882285678767466885e+00,-5.605034923927309620e+00,2.417398192862472595e+00,2.451353183783292256e+00,1.897058220121561334e+00,3.653872032100471401e-01,4.767840060099503025e+06
-2.074154842086783468e+00,-5.519654202544511890e+00,2.380324856979819881e+00,2.157728326612064595e+00,1.525764867708361505e+00,3.465668279577068800e-01,4.767840060099503025e+06
-2.041743670411907630e+00,-5.672892939320131944e+00,2.978062484731906601e+00,1.866560893620990980e+00,1.437112022919331489e+00,4.229593731750120877e-01,4.767840060099503025e+06
-1.820251738645179751e+00,-5.660383072638474289e+00,2.841537967968859046e+00,1.613170480174115795e+00,1.205282964148695068e+00,4.110960935892130075e-01,4.767840060099503025e+06
-1.820251738645179751e+00,-5.660383072638474289e+00,2.841537967968859046e+00,1.613170480174115795e+00,1.205282964148695068e+00,4.110960935892130075e-01,4.767840060099503025e+06
-1.844115423806465870e+00,-5.659469086474619992e+00,2.862829809004850290e+00,1.609129977593082961e+00,1.211626183859149553e+00,4.345157566521107295e-01,4.767840060099503025e+06
-1.844115423806465870e+00,-5.659469086474619992e+00,2.862829809004850290e+00,1.609129977593082961e+00,1.211626183859149553e+00,4.345157566521107295e-01,4.767840060099503025e+06
-1.795027393331450893e+00,-5.679603936480212667e+00,2.883896994526657931e+00,1.618515591143686372e+00,1.246920682170530092e+00,4.450907281723385234e-01,4.767840060099503025e+06
-2.251752966949908785e+00,-5.499902919264719969e+00,2.649722289013029641e+00,1.726805760474669160e+00,1.102679953856882999e+00,3.220910970360414405e-01,4.767840060099503025e+06
-2.735722421903810986e+00,-5.058775297346395305e+00,2.957499184765169709e+00,1.738322657476831123e+00,4.801630383013444359e-01,3.053373094126149434e-02,4.767840060099503025e+06
-3.183122763253564358e+00,-5.170920392213443684e+00,2.819069201092490928e+00,1.974977310076890147e+00,8.751830095476043070e-01,1.343797763754311647e-01,4.767840060099503025e+06
-3.235957055025257212e+00,-5.213253443357063865e+00,2.690954513229484313e+00,1.957359431734023936e+00,9.021027416874773941e-01,1.296406979405309301e-01,4.767840060099503025e+06
-3.000797122648392712e+00,-5.017766934645201182e+00,2.865628172919115979e+00,2.150330849151351753e+00,9.007902189970390383e-01,1.725137000706291612e-01,4.767840060099503025e+06
-3.126526226358589788e+00,-4.962959010546514449e+00,2.984083506990206303e+00,2.257648292452474337e+00,9.362250576674417957e-01,1.636561254842019419e-01,4.767840060099503025e+06
-3.100046380310943483e+00,-4.956591014029485542e+00,2.880399373508718774e+00,2.287682304652593146e+00,9.591819204548484024e-01,1.594321971832722284e-01,4.767840060099503025e+06
-3.218011660541449714e+00,-5.271708207861313333e+00,2.913984280393315807e+00,2.457553437164232690e+00,1.501612211217120407e+00,2.610926820770962387e-01,4.767840060099503025e+06
-3.424811277776773633e+00,-5.521100761504536436e+00,2.521183891348835360e+00,2.132307581027028220e+00,1.459380582871442122e+00,2.653947021654529670e-01,4.767840060099503025e+06
-3.214002307742121811e+00,-5.696498960982959048e+00,2.422393963460803157e+00,1.995743647209741178e+00,1.461717852525848960e+00,2.016492845394869948e-01,4.767840060099503025e+06
-3.238867904600312819e+00,-5.734016449524903969e+00,2.416008638204080849e+00,2.013340329293712649e+00,1.487955664336053196e+00,1.178153729062875188e-01,4.767840060099503025e+06
-3.238867904600312819e+00,-5.734016449524903969e+00,2.416008638204080849e+00,2.013340329293712649e+00,1.487955664336053196e+00,1.178153729062875188e-01,4.767840060099503025e+06
-3.238867904600312819e+00,-5.734016449524903969e+00,2.416008638204080849e+00,2.013340329293712649e+00,1.487955664336053196e+00,1.178153729062875188e-01,4.767840060099503025e+06
-3.321799558360265525e+00,-5.764623459245342474e+00,2.551748328518699260e+00,2.096162015284191327e+00,1.567699515876865402e+00,7.412802954588704196e-02,4.767840060099503025e+06
-3.420271548950126750e+00,-5.844250083561520981e+00,2.251082707620167600e+00,1.877167747209162352e+00,1.571858719625306433e+00,3.051533501358318912e-01,4.767840060099503025e+06
-2.934640736811801265e+00,-5.781354053289820882e+00,1.897505693384996750e+00,1.854562320190535907e+00,1.583564256630574096e+00,4.994258029282907518e-01,4.767840060099503025e+06
-1.631285696470017532e+00,-6.070766710044904535e+00,2.679903372287805841e+00,1.655282130676491992e+00,1.677366062888860920e+00,4.723031909095008474e-01,4.767840060099503025e+06
-1.671433233082869618e+00,-6.062895967393152397e+00,2.585345978952676482e+00,1.889783659992554599e+00,1.936887659316979038e+00,5.424067471799195461e-01,4.767840060099503025e+06
-1.672963452316275745e+00,-6.076279953892806951e+00,2.598154831657387032e+00,1.907193050128045853e+00,1.976628844129636686e+00,5.589547123678786367e-01,4.767840060099503025e+06
-1.548234592914171204e+00,-6.273216357019137490e+00,2.352370154234960431e+00,1.298604673529334841e+00,1.661338179211177657e+00,6.213984557574699918e-01,4.767840060099503025e+06
-2.119753180660655989e+00,-6.062030042699604770e+00,2.575583898253139381e+00,1.503258234602801835e+00,1.570183790968722848e+00,5.279196767646805455e-01,4.767840060099503025e+06
-2.119753180660655989e+00,-6.062030042699604770e+00,2.575583898253139381e+00,1.503258234602801835e+00,1.570183790968722848e+00,5.279196767646805455e-01,4.767840060099503025e+06
-2.432053852555757789e+00,-5.995058157478580618e+00,2.374282759658234099e+00,1.493068011022166575e+00,1.511089606723484469e+00,5.574099168904144141e-01,4.767840060099503025e+06
-2.380107210764924375e+00,-5.940624256050574203e+00,2.291188738387930801e+00,1.426343382225047085e+00,1.390205462454871643e+00,5.392539011931267723e-01,4.767840060099503025e+06
-2.300761524144909753e+00,-5.940839774927027861e+00,2.477940544779107412e+00,1.871347373770607003e+00,1.823026976054279213e+00,5.629608904846686857e-01,4.767840060099503025e+06
-2.669642712525352124e+00,-5.919082284749778822e+00,2.436121645735925156e+00,1.743005220982235759e+00,1.693844907498543106e+00,5.853823835351630311e-01,4.767840060099503025e+06
-2.579000052950213284e+00,-5.931977276203895144e+00,2.516076772725341026e+00,1.699410425610599518e+00,1.615406144070241634e+00,4.981575314619096639e-01,4.767840060099503025e+06
-2.228811844774234441e+00,-5.823262397836233895e+00,2.488196320971147291e+00,1.943482226793214362e+00,1.734855018294526374e+00,5.029624196748688769e-01,4.767840060099503025e+06
-2.222604434394979123e+00,-6.150679189561458315e+00,2.908950369261363633e+00,2.092374162960775941e+00,2.244052957622455935e+00,5.644364760047204665e-01,4.767840060099503025e+06
-2.977364147206246425e+00,-5.802945027141702461e+00,2.750428214353399792e+00,1.490653397550413484e+00,1.313324979601240283e+00,5.437923216715013774e-01,4.767840060099503025e+06
-2.992209903730775888e+00,-5.571426042005650281e+00,2.791636147025152948e+00,1.284886404610479760e+00,8.254907145046297412e-01,4.452498571637187874e-01,4.767840060099503025e+06
-3.834242133385172835e+00,-5.390080360341379162e+00,2.493228526215594432e+00,1.609153012719920506e+00,9.846680006920961459e-01,5.616472522443354265e-01,4.767840060099503025e+06
-2.585701268009830134e+00,-5.466880501263814196e+00,2.463752025972851811e+00,1.641630472379411065e+00,9.515786372120542680e-01,2.910107909305018614e-01,4.767840060099503025e+06
-2.937042795026246544e+00,-5.494131218597733124e+00,2.656743059604651958e+00,1.668012959049741895e+00,1.024704297370656381e+00,3.146655070213040251e-01,4.767840060099503025e+06
-2.415519542581813894e+00,-5.402817097883823472e+00,2.707957024259591616e+00,2.161258964986897180e+00,1.330204191203503861e+00,2.357840006355180207e-01,4.767840060099503025e+06
-2.249871970743213989e+00,-5.482423011641702537e+00,2.619861965964163986e+00,2.198583207066034273e+00,1.389816871531889708e+00,1.311773005013581184e-01,4.767840060099503025e+06
-2.343321457709231392e+00,-5.544770716850664805e+00,2.656326695664914972e+00,1.793294934545178965e+00,1.211823954371071377e+00,3.393430810285843480e-01,4.767840060099503025e+06
-2.264677729354814595e+00,-5.380477965140938679e+00,2.697986394611935346e+00,2.049054523696539398e+00,1.293720996388967981e+00,3.812601680866201104e-01,4.767840060099503025e+06
-1.931044304414832435e+00,-5.020003641890053103e+00,2.602954068165989288e+00,2.501655885321719897e+00,1.352117553338754607e+00,3.029831040513296658e-01,4.767840060099503025e+06
-1.217082535412769673e+00,-4.929344838722763633e+00,2.249941800520841362e+00,2.506218678140599732e+00,1.378410569048651002e+00,4.560383507922300406e-01,4.767840060099503025e+06
-1.217082535412769673e+00,-4.929344838722763633e+00,2.249941800520841362e+00,2.506218678140599732e+00,1.378410569048651002e+00,4.560383507922300406e-01,4.767840060099503025e+06
-1.597100332332230366e+00,-5.041731923872509569e+00,2.223111084992090980e+00,2.015565748061255213e+00,1.109158956714070055e+00,6.004284663942940359e-01,4.767840060099503025e+06
-1.597100332332230366e+00,-5.041731923872509569e+00,2.223111084992090980e+00,2.015565748061255213e+00,1.109158956714070055e+00,6.004284663942940359e-01,4.767840060099503025e+06
-1.392664370299508514e+00,-4.954236390085667630e+00,2.411169431386033679e+00,2.061973813370026498e+00,1.080448999244524089e+00,6.321870271766385496e-01,4.767840060099503025e+06
-1.392664370299508514e+00,-4.954236390085667630e+00,2.411169431386033679e+00,2.061973813370026498e+00,1.080448999244524089e+00,6.321870271766385496e-01,4.767840060099503025e+06
-1.397061029182956826e+00,-4.963978969106765504e+00,2.410077408307798930e+00,2.057828291946098176e+00,1.081589755551279453e+00,6.238466068008591270e-01,4.767840060099503025e+06
-1.444751297090298481e+00,-4.991299723541009037e+00,2.877420115251233312e+00,2.274282345398524807e+00,9.797398323247389351e-01,1.709909208511249390e-01,4.767840060099503025e+06
-1.479332921096674802e+00,-5.071220086853165832e+00,2.848371486233033156e+00,2.119091341616554658e+00,9.578210388339317705e-01,2.279387551653500044e-01,4.767840060099503025e+06
-1.526751964721472898e+00,-5.140714722294875472e+00,2.816393982728014223e+00,1.985611889063698232e+00,9.387213753518103276e-01,2.755076114984375546e-01,4.767840060099503025e+06
-1.728575752590386427e+00,-5.284430705029089737e+00,2.505202161392905413e+00,1.817886770098657845e+00,8.844296805402995787e-01,2.063530713919976556e-01,4.767840060099503025e+06
-7.840884307092252925e-01,-5.411917985394237185e+00,2.318245822588708815e+00,1.955305053046894059e+00,1.135985614170233138e+00,2.019843439978995514e-01,4.767840060099503025e+06
-1.229425225787095455e+00,-5.505631346594725528e+00,2.445349425459924841e+00,1.720351316582005019e+00,1.039773111785686543e+00,2.427835218508123116e-01,4.767840060099503025e+06
-1.296574092188919725e+00,-5.519395347375533945e+00,2.446452249837727688e+00,1.705910170334936193e+00,1.046211454404350594e+00,2.515049871610803844e-01,4.767840060099503025e+06
-1.728918907655569548e+00,-5.235697070413126042e+00,2.781533372165636564e+00,1.647345402074804399e+00,7.234284967953539258e-01,2.473159067663299182e-01,4.767840060099503025e+06
-1.788522774425229001e+00,-5.381894887485429990e+00,2.742535468194839066e+00,1.569290072687363535e+00,8.304129855165878205e-01,2.911894935652092342e-01,4.767840060099503025e+06
-1.938078431852325201e+00,-5.397611260210894990e+00,2.595188327166192188e+00,1.540442754267679959e+00,7.960820197779101548e-01,2.478270906681113162e-01,4.767840060099503025e+06
-2.325709428980271554e+00,-5.359489022680925530e+00,2.983955442453479101e+00,1.770517008487681787e+00,9.322871769904316208e-01,1.712888714473806417e-01,4.767840060099503025e+06
-2.255854146995754483e+00,-5.327011206884535888e+00,2.969481100719754352e+00,1.719606508292543801e+00,8.761947482626832873e-01,2.173570817660931964e-01,4.767840060099503025e+06
-1.391183929778740058e+00,-4.892494318185200974e+00,2.605813162286839901e+00,2.132407717516015655e+00,6.517466694929461291e-01,2.535580471238246814e-02,4.767840060099503025e+06
-1.675279086538226103e+00,-5.119894573557045803e+00,2.727943965036363050e+00,1.865228275792859769e+00,7.343001501421703159e-01,2.022437854728081352e-01,4.767840060099503025e+06
-1.961774141347646383e+00,-5.260540984983518520e+00,2.819016271647300176e+00,1.596261807791419018e+00,6.854033907713233953e-01,2.675425703087516149e-01,4.767840060099503025e+06
-2.432861444701030607e+00,-5.060128043606823667e+00,2.906477048045345235e+00,1.755350709070016446e+00,6.528308350039790930e-01,2.984251682208898249e-01,4.767840060099503025e+06
-2.843541045443260806e+00,-5.203747109751298616e+00,2.628153783966181045e+00,1.629830592741033701e+00,7.060341443490780744e-01,3.425343459670648905e-01,4.767840060099503025e+06
-2.549916780981243303e+00,-5.192685722492191402e+00,2.817706733081140502e+00,1.708949818402225151e+00,7.489882310148676670e-01,3.461455053603458842e-01,4.767840060099503025e+06
-2.789577185640485624e+00,-5.276640719021604475e+00,2.798796545088486631e+00,1.506193581711522178e+00,6.939420877771816931e-01,4.215444377257743791e-01,4.767840060099503025e+06
-2.727089943298546260e+00,-5.272338901991717286e+00,2.801050669975635898e+00,1.526807350175003464e+00,6.978768832675008582e-01,4.032111146980009719e-01,4.767840060099503025e+06
-2.752815381289940078e+00,-5.301987107632353258e+00,2.738671265009445577e+00,1.474670452957026701e+00,7.016886469316875319e-01,4.281170809983500525e-01,4.767840060099503025e+06
-2.950778041895817161e+00,-5.461264435984104715e+00,2.305757316038158589e+00,1.452326642181052563e+00,7.859861214143004648e-01,3.329210222806057162e-01,4.767840060099503025e+06
-3.646634395027125386e+00,-5.232192123642945170e+00,2.507888066428906271e+00,1.734574059021648962e+00,8.566124233728904525e-01,4.138789047816758271e-01,4.767840060099503025e+06
-3.097153001017255214e+00,-5.131835968270057613e+00,2.583959880091666328e+00,1.356474652462629660e+00,3.576020076524074609e-01,3.197320301532859954e-01,4.767840060099503025e+06
-3.321267679669551498e+00,-5.113270231340026228e+00,1.278391556683466934e+00,1.485730932920340308e+00,6.374269795419624796e-01,5.606124589517670342e-01,4.767840060099503025e+06
-3.370125008208222361e+00,-5.097636553020731931e+00,1.417342203111020549e+00,1.504400734189277777e+00,5.957518008943762933e-01,5.271177575779477653e-01,4.767840060099503025e+06
-3.246345637006083695e+00,-5.156622248198766023e+00,1.480100392006208132e+00,1.497055433419583803e+00,6.297269838741175185e-01,4.844318185822737988e-01,4.767840060099503025e+06
-8.464824323449131604e-01,-5.687475302225935003e+00,2.053991950965615487e+00,5.223026413865924367e-01,3.566528511413588620e-01,4.586254773701328724e-01,4.767840060099503025e+06
-8.517923872450922085e-01,-5.693003670774510638e+00,2.067858659584786540e+00,5.257056131663553344e-01,3.637011623817076322e-01,4.583088102637628003e-01,4.767840060099503025e+06
-8.517923872450922085e-01,-5.693003670774510638e+00,2.067858659584786540e+00,5.257056131663553344e-01,3.637011623817076322e-01,4.583088102637628003e-01,4.767840060099503025e+06
-1.059900288203531105e+00,-5.248491223544649031e+00,1.705215091043531306e+00,5.795103724566623704e-01,-1.304603752206066059e-01,3.666550018349217788e-01,4.767840060099503025e+06
-1.115796103456581756e+00,-5.153525685055226901e+00,1.750894614112711078e+00,8.626391027072701778e-01,-6.240608461205221502e-03,3.046680242248010484e-01,4.767840060099503025e+06
-1.134315036001372734e+00,-5.062245995895466422e+00,1.645098958985485638e+00,8.213867375721775055e-01,-7.905612663422043052e-02,4.034045316608289578e-01,4.767840060099503025e+06
-1.279053867196509042e+00,-5.142809519424917042e+00,1.848078794297870031e+00,7.967988991635206464e-01,-1.903307181108104817e-02,4.328546470930517143e-01,4.767840060099503025e+06
-1.242975624085590702e+00,-5.113819735673126310e+00,1.800614701881789959e+00,7.536976023539101455e-01,-8.446018136411703736e-02,4.331932886125133830e-01,4.767840060099503025e+06
-1.386608341331605043e+00,-4.837201281909911721e+00,2.313477151915240615e+00,1.021891909935858767e+00,-1.632573081201925680e-01,3.351616251947406866e-01,4.767840060099503025e+06
-1.394273809385618845e+00,-4.408550999970911377e+00,2.668349956664870515e+00,1.432572860201435372e+00,-4.306342652432728624e-01,6.975301181056381417e-03,4.767840060099503025e+06
-1.562817323383871804e+00,-4.887714944087763413e+00,2.586382006436727998e+00,1.224554458107894650e+00,-8.639708018621104768e-02,1.088392570875647836e-01,4.767840060099503025e+06
-1.612021313562295166e+00,-4.931419371921998973e+00,2.636294560632162831e+00,1.193518841368315986e+00,-6.481963019047010111e-02,1.072880868829799716e-01,4.767840060099503025e+06
-1.731265555647858889e+00,-5.072207273229748736e+00,2.619815090176763839e+00,1.238238614873008014e+00,1.427660030116322254e-01,1.682894459985136426e-01,4.767840060099503025e+06
-1.722558673599021040e+00,-4.938688971854793053e+00,2.949965494752759820e+00,1.173925126640289696e+00,-6.679770635484760799e-02,1.602048254260974303e-01,4.767840060099503025e+06
-1.808083004794167614e+00,-5.137406426865726239e+00,2.853256574221091135e+00,1.149474113566829603e+00,1.578550506037420531e-01,2.458970428807406017e-01,4.767840060099503025e+06
-1.849421616102035593e+00,-5.183187233898085111e+00,2.986998406514071558e+00,1.034138926783360279e+00,7.725719353199972383e-02,2.142612336050447042e-01,4.767840060099503025e+06
-1.849421616102035593e+00,-5.183187233898085111e+00,2.986998406514071558e+00,1.034138926783360279e+00,7.725719353199972383e-02,2.142612336050447042e-01,4.767840060099503025e+06
-1.974892167217578098e+00,-5.258471596031707662e+00,2.769144710585718094e+00,1.095245501415913036e+00,2.308562863193641679e-01,2.465349154233405504e-01,4.767840060099503025e+06
-1.974892167217578098e+00,-5.258471596031707662e+00,2.769144710585718094e+00,1.095245501415913036e+00,2.308562863193641679e-01,2.465349154233405504e-01,4.767840060099503025e+06
-1.217551390075845008e+00,-4.855374876589214850e+00,2.859702512822352105e+00,9.563440073544455799e-01,-3.456128276947784128e-01,1.229339338950012350e-01,4.767840060099503025e+06
-2.425825230331080107e+00,-5.001101223123028738e+00,2.682200159337323253e+00,1.693326216473471035e+00,4.391038819556543071e-01,7.613396981346243209e-02,4.767840060099503025e+06
-2.607105489421388533e+00,-4.959498074340640272e+00,2.782610063549222801e+00,1.792615015275550228e+00,4.644698543419915060e-01,4.225127416913002087e-02,4.767840060099503025e+06
-2.354529370126162036e+00,-5.038393799623769986e+00,2.504295340202227660e+00,1.673108026397078785e+00,4.766179455998075798e-01,1.245759052625644014e-01,4.767840060099503025e+06
-2.290498893688581283e+00,-4.859147402005336680e+00,2.864218222730936958e+00,1.419566339732034832e+00,5.232033204872110765e-02,1.121217596569532016e-01,4.767840060099503025e+06
-2.172063847970885586e+00,-4.902868314226654256e+00,2.730354410306806479e+00,1.392827340850697038e+00,8.847260879446433579e-02,1.408598167246520316e-01,4.767840060099503025e+06
-2.832639889100347474e+00,-5.074891226153323665e+00,2.945018455187882633e+00,2.007504653187494270e+00,8.617876596205844564e-01,2.012189936605270624e-01,4.767840060099503025e+06
-2.832639889100347474e+00,-5.074891226153323665e+00,2.945018455187882633e+00,2.007504653187494270e+00,8.617876596205844564e-01,2.012189936605270624e-01,4.767840060099503025e+06
-2.818907950157840681e+00,-5.074473797472009551e+00,2.938685256838354132e+00,2.008539020612686521e+00,8.669181228738389589e-01,2.069805177786969708e-01,4.767840060099503025e+06
-2.392959304643660357e+00,-5.186194713010957358e+00,2.640563117855758701e+00,1.668238586851748417e+00,6.472808554063116393e-01,1.963694171592159643e-01,4.767840060099503025e+06
-2.917959594265725709e+00,-5.413853198323545612e+00,2.629587904594147485e+00,1.625568801268933328e+00,8.331605068551696247e-01,1.846187619721536000e-01,4.767840060099503025e+06
-2.714263264811038745e+00,-5.251880872713191373e+00,2.824881885457745323e+00,1.742348680928300197e+00,7.603549381524996598e-01,1.684324249961328124e-01,4.767840060099503025e+06
-2.731017464166976882e+00,-5.309813394892920257e+00,2.902055045323273408e+00,1.777885470685056202e+00,8.564070030921537846e-01,1.733568386190905142e-01,4.767840060099503025e+06
-2.702950714866513504e+00,-5.348346811395003009e+00,2.844790050152288252e+00,1.724576803832636784e+00,8.515793177839329209e-01,1.796164789167869480e-01,4.767840060099503025e+06
-2.068067121967675615e+00,-5.492409638272900629e+00,2.620371712715070522e+00,1.659997290281896243e+00,9.126447280363915171e-01,1.304535805446902508e-01,4.767840060099503025e+06
-2.316908005143551108e+00,-5.458727824637573001e+00,2.403277471581542368e+00,1.454498682832394474e+00,7.111639685979578296e-01,1.439630686745521637e-01,4.767840060099503025e+06
-2.295026161094289474e+00,-5.503736923147195093e+00,2.580008424778300391e+00,1.346490383139174352e+00,6.030218139456801074e-01,8.333560035368559049e-02,4.767840060099503025e+06
-2.131384407368068779e+00,-5.417291821261187579e+00,1.542783825845459367e+00,1.200076978449582388e+00,3.616008452417109886e-01,3.256064968058852704e-02,4.767840060099503025e+06
-1.714567484883352311e+00,-5.859590501490912651e+00,1.610104473439098349e+00,1.090670105818050128e+00,9.163572130766328705e-01,4.058558755042819266e-01,4.767840060099503025e+06
-1.971237406504501299e+00,-6.120598114286646130e+00,1.432311560288856533e+00,1.068806844937408185e+00,1.199408419049243335e+00,4.405767903811297903e-01,4.767840060099503025e+06
-2.256449951805533871e+00,-6.039903055341287796e+00,1.082365706338396460e+00,1.048256083851616616e+00,1.184879557776055359e+00,5.267900997355150494e-01,4.767840060099503025e+06
-2.642154046527208866e+00,-6.037531568065531040e+00,1.030455549499677215e+00,1.037646561297764780e+00,1.171288188474634229e+00,5.354829570784108705e-01,4.767840060099503025e+06
-3.263297883906613794e+00,-6.165751657034728161e+00,1.012084121208474130e+00,1.427737633570303810e+00,1.564208325439597536e+00,4.070133679462096810e-01,4.767840060099503025e+06
-3.360823802621587753e+00,-6.176787797830388449e+00,1.055372239086507902e+00,1.464371374004393100e+00,1.632931218990967048e+00,4.463691548734539105e-01,4.767840060099503025e+06
-3.348450553375964311e+00,-6.125362172219296575e+00,1.186087505638388606e+00,1.460127614963970366e+00,1.554598067909083614e+00,4.269817479714421715e-01,4.767840060099503025e+06
-3.555255352886957265e+00,-6.215133244274172242e+00,9.593517371020632289e-01,1.491848665446618538e+00,1.710326861584673841e+00,4.584404994916949083e-01,4.767840060099503025e+06
-2.373674220654136580e+00,-6.030033238642433346e+00,5.222820368224478926e-01,1.220467335640938789e+00,1.254388340048663286e+00,3.023811659474470170e-01,4.767840060099503025e+06
-2.300027475501686958e+00,-6.068653756965781021e+00,5.915850827495365838e-01,1.213805640800564634e+00,1.283982428808445153e+00,3.061148197869212884e-01,4.767840060099503025e+06
-2.300027475501686958e+00,-6.068653756965781021e+00,5.915850827495365838e-01,1.213805640800564634e+00,1.283982428808445153e+00,3.061148197869212884e-01,4.767840060099503025e+06
-1.858379132981763604e+00,-6.001319310300906373e+00,7.377665444907399728e-01,1.221268773157107690e+00,1.230545704459532708e+00,3.210764681073497440e-01,4.767840060099503025e+06
-1.791924382946492811e+00,-5.996004469620014987e+00,7.605711885079728951e-01,1.033905009446692613e+00,1.100521612287239215e+00,4.326143515843339227e-01,4.767840060099503025e+06
-1.791924382946492811e+00,-5.996004469620014987e+00,7.605711885079728951e-01,1.033905009446692613e+00,1.100521612287239215e+00,4.326143515843339227e-01,4.767840060099503025e+06
-1.681486965206271833e+00,-6.167144040578216746e+00,8.516200745090035662e-01,9.519977133066166441e-01,1.204179855271855226e+00,4.600291283933113373e-01,4.767840060099503025e+06
-1.959692585485356631e+00,-5.805752446459251814e+00,1.000681057069627178e+00,8.624591410052453444e-01,7.600964981716111790e-01,4.825777237413625964e-01,4.767840060099503025e+06
-2.182699104595086315e+00,-5.494423157938515878e+00,1.191236734824092203e+00,1.123583434379261003e+00,6.506282033921556573e-01,4.694742966751812574e-01,4.767840060099503025e+06
-2.530349905962796964e+00,-5.470646951971067651e+00,1.433798442938790441e+00,1.019666332778526696e+00,6.398976500673196899e-01,6.800127786146834552e-01,4.767840060099503025e+06
-1.844978394177605896e+00,-5.609566167205369602e+00,1.904603075230851372e+00,1.075317459787527241e+00,7.514215509103006063e-01,5.696113060711237575e-01,4.767840060099503025e+06
-2.218696095081260644e+00,-5.580178136364930985e+00,1.843107941333346655e+00,1.097466566292244927e+00,8.149810515841873215e-01,6.726594493317685775e-01,4.767840060099503025e+06
-1.386438581120399416e+00,-5.693468341378148168e+00,1.905296014095567925e+00,1.135030944745851755e+00,1.011589470628788234e+00,7.467323927619743396e-01,4.767840060099503025e+06
-2.035805724558716889e+00,-5.522988179950250931e+00,1.620804967191106227e+00,1.119701398449033158e+00,8.171183155047476721e-01,7.129232054372358629e-01,4.767840060099503025e+06
-1.206411788195322909e+00,-5.173240682676777169e+00,1.449871769597876892e+00,1.083109631772709802e+00,3.712180342991115989e-01,6.134854597059330450e-01,4.767840060099503025e+06
-1.237879469053255965e+00,-5.238143587718854022e+00,1.391679648446546125e+00,1.143737862954205875e+00,4.551065903503663801e-01,5.366480632286975139e-01,4.767840060099503025e+06
-1.237943792399536891e+00,-5.234792198292770316e+00,1.405700044661176040e+00,1.147060718631119469e+00,4.530703421161039191e-01,5.341879660935455743e-01,4.767840060099503025e+06
-1.572779044982188790e+00,-5.316490886184910281e+00,1.737557451437834466e+00,1.171038317252625527e+00,5.033795447960912606e-01,4.507425377307489600e-01,4.767840060099503025e+06
-1.044674381590508627e+00,-4.971309974100996953e+00,1.560962134894477771e+00,1.466169567327353818e+00,3.941866252186901898e-01,3.408133036020255524e-01,4.767840060099503025e+06
-1.152260698163477981e+00,-5.604173277160775513e+00,2.246612465931625557e+00,1.580373565959415139e+00,1.230649792150090738e+00,5.463383199883604657e-01,4.767840060099503025e+06
-1.234920013950573825e+00,-5.555368993020953994e+00,2.206059880287638997e+00,1.632877752718929543e+00,1.039661288297251351e+00,2.624497289541760092e-01,4.767840060099503025e+06
-1.320535631106196428e+00,-5.531914746827476748e+00,2.214199271549253556e+00,1.599549312491474362e+00,9.914731260081854902e-01,2.740911832994458175e-01,4.767840060099503025e+06
-5.827509001379804765e-01,-5.616087832611554198e+00,2.155495074122155241e+00,1.437741649155753976e+00,8.883843492232295080e-01,2.042712950534398275e-01,4.767840060099503025e+06
-5.827509001379804765e-01,-5.616087832611554198e+00,2.155495074122155241e+00,1.437741649155753976e+00,8.883843492232295080e-01,2.042712950534398275e-01,4.767840060099503025e+06
-5.827509001379804765e-01,-5.616087832611554198e+00,2.155495074122155241e+00,1.437741649155753976e+00,8.883843492232295080e-01,2.042712950534398275e-01,4.767840060099503025e+06
-1.703147140465515186e-01,-5.625830746794978410e+00,2.135010726121191915e+00,1.428805777772599983e+00,9.168198801239457740e-01,2.676283062434465787e-01,4.767840060099503025e+06
-1.703147140465515186e-01,-5.625830746794978410e+00,2.135010726121191915e+00,1.428805777772599983e+00,9.168198801239457740e-01,2.676283062434465787e-01,4.767840060099503025e+06
-1.703147140465515186e-01,-5.625830746794978410e+00,2.135010726121191915e+00,1.428805777772599983e+00,9.168198801239457740e-01,2.676283062434465787e-01,4.767840060099503025e+06
-1.703147140465515186e-01,-5.625830746794978410e+00,2.135010726121191915e+00,1.428805777772599983e+00,9.168198801239457740e-01,2.676283062434465787e-01,4.767840060099503025e+06
-1.703147140465515186e-01,-5.625830746794978410e+00,2.135010726121191915e+00,1.428805777772599983e+00,9.168198801239457740e-01,2.676283062434465787e-01,4.767840060099503025e+06
-1.703147140465515186e-01,-5.625830746794978410e+00,2.135010726121191915e+00,1.428805777772599983e+00,9.168198801239457740e-01,2.676283062434465787e-01,4.767840060099503025e+06
-1.703147140465515186e-01,-5.625830746794978410e+00,2.135010726121191915e+00,1.428805777772599983e+00,9.168198801239457740e-01,2.676283062434465787e-01,4.767840060099503025e+06
-1.703147140465515186e-01,-5.625830746794978410e+00,2.135010726121191915e+00,1.428805777772599983e+00,9.168198801239457740e-01,2.676283062434465787e-01,4.767840060099503025e+06
-1.703147140465515186e-01,-5.625830746794978410e+00,2.135010726121191915e+00,1.428805777772599983e+00,9.168198801239457740e-01,2.676283062434465787e-01,4.767840060099503025e+06
-1.703147140465515186e-01,-5.625830746794978410e+00,2.135010726121191915e+00,1.428805777772599983e+00,9.168198801239457740e-01,2.676283062434465787e-01,4.767840060099503025e+06
-1.703147140465515186e-01,-5.625830746794978410e+00,2.135010726121191915e+00,1.428805777772599983e+00,9.168198801239457740e-01,2.676283062434465787e-01,4.767840060099503025e+06
-1.298047799135128244e+00,-5.446932617354173445e+00,2.388580561829521276e+00,1.222524532829977417e+00,5.793783479437784045e-01,3.389049675105640369e-01,4.767840060099503025e+06
-1.408069654825862438e+00,-5.855611908395708554e+00,2.238310959405772849e+00,8.536381427953072532e-01,8.502776465445009979e-01,5.680545309984550428e-01,4.767840060099503025e+06
-2.750650627254583203e+00,-5.472406826362702148e+00,2.994721722029288102e+00,9.432918342306986226e-01,6.971262592960304483e-01,8.558920813850228182e-01,4.767840060099503025e+06
-2.750650627254583203e+00,-5.472406826362702148e+00,2.994721722029288102e+00,9.432918342306986226e-01,6.971262592960304483e-01,8.558920813850228182e-01,4.767840060099503025e+06
-2.858120963599171116e+00,-5.411370969591652091e+00,2.921513343177311040e+00,1.103223510652955319e+00,7.487271409122214783e-01,8.022795917452832937e-01,4.767840060099503025e+06
-2.845167083427397436e+00,-5.413722959479415842e+00,2.905220487756142944e+00,1.102766446830589109e+00,7.519826746673234918e-01,8.029989267292214628e-01,4.767840060099503025e+06
-3.002650471499103801e+00,-5.382046242462461549e+00,2.985422881487230562e+00,1.046256022616359083e+00,7.354006332731735096e-01,8.988312034780240323e-01,4.767840060099503025e+06
-3.102848415588872921e+00,-5.403015580211754099e+00,2.981481897456459862e+00,1.051004705688334262e+00,7.653624778342660306e-01,9.068763943609945422e-01,4.767840060099503025e+06
-3.127425143711379807e+00,-5.360815864619522308e+00,2.724340715883829311e+00,1.127399686413601998e+00,7.421322255276475710e-01,8.345244325375988925e-01,4.767840060099503025e+06
-1.231966912452182594e+00,-5.534121410149906772e+00,1.792701993338690958e+00,1.331846775289535101e+00,1.019701979977570394e+00,7.413192555832252006e-01,4.767840060099503025e+06
-1.188851995723107624e+00,-5.506627986705419531e+00,1.838508337931054504e+00,1.298808696708029675e+00,8.897861020660189357e-01,6.215622098333623002e-01,4.767840060099503025e+06
-1.252737600730055911e+00,-5.473702263533859025e+00,1.874025330735030082e+00,1.397565196621273875e+00,9.219648099965591648e-01,5.705107342618027655e-01,4.767840060099503025e+06
-1.361779864614785618e+00,-5.302458515273150041e+00,1.578279112779140014e+00,1.706361143129409896e+00,1.040115958307539668e+00,5.928073383054642820e-01,4.767840060099503025e+06
-1.347637593341876050e+00,-5.162205688376820589e+00,1.687436943722633753e+00,1.954274956693555332e+00,1.110804232092966304e+00,5.441283764310127502e-01,4.767840060099503025e+06
-1.210740484493731950e+00,-4.974496250912635809e+00,1.620564551889000615e+00,1.650100997703491723e+00,5.718540825449558440e-01,4.382232172181222407e-01,4.767840060099503025e+06
-1.744960155062302176e+00,-5.681695500697329315e+00,7.993456454218681451e-01,1.026622438440202734e+00,7.482129758064365310e-01,3.869066600787032240e-01,4.767840060099503025e+06
-1.720785278149665087e+00,-5.703551188668740224e+00,7.096092669525455587e-01,9.169785292496087648e-01,6.814961839541134880e-01,4.018237070633537966e-01,4.767840060099503025e+06
-1.732882332762454292e+00,-5.720354103789118128e+00,8.817140352878001242e-01,9.876241426810197233e-01,7.425958597724942045e-01,3.884645426325660789e-01,4.767840060099503025e+06
-1.742908816372036984e+00,-5.726836962962086552e+00,8.327063035853952133e-01,9.673565349089927601e-01,7.294995553911328701e-01,3.813470062341391964e-01,4.767840060099503025e+06
-2.364194938023522319e+00,-5.603458232848433695e+00,6.142359008365128048e-01,1.170240921053831817e+00,8.382963643661091035e-01,4.393051578551442349e-01,4.767840060099503025e+06
-2.287009362870091600e+00,-5.603909148314783373e+00,7.917235042786052723e-01,1.198245598348562924e+00,8.368849570052658837e-01,4.223598446002911899e-01,4.767840060099503025e+06
-2.238259287112955409e+00,-5.704654771533435031e+00,1.056635303886718891e+00,1.093544102010000962e+00,8.665460355674443615e-01,4.917830454706544341e-01,4.767840060099503025e+06
-2.471760711697772894e+00,-5.974960247427071991e+00,8.863516411460644617e-01,1.049136370863662293e+00,1.169951841237324874e+00,6.027222318421805447e-01,4.767840060099503025e+06
-2.471760711697772894e+00,-5.974960247427071991e+00,8.863516411460644617e-01,1.049136370863662293e+00,1.169951841237324874e+00,6.027222318421805447e-01,4.767840060099503025e+06
-2.847900573629665644e+00,-5.859136548566130642e+00,1.024890801552103659e+00,1.532906180755315928e+00,1.399924183695181679e+00,4.760361680940939366e-01,4.767840060099503025e+06
-2.874911205102355538e+00,-5.839361977232079504e+00,1.059354250785173646e+00,1.401466445631509128e+00,1.273250493402747097e+00,4.985425757596042562e-01,4.767840060099503025e+06
-2.954447674932032086e+00,-5.846220760414107431e+00,1.068348899734020030e+00,1.572307897386106212e+00,1.430012869135779185e+00,4.984973281031346293e-01,4.767840060099503025e+06
-2.489133248770151408e+00,-5.879664876068535939e+00,1.236607163851906055e+00,9.788496677688567349e-01,8.878969992337016892e-01,4.691651734659991746e-01,4.767840060099503025e+06
-2.612926621236848490e+00,-5.880180035101629343e+00,1.403470211758247377e+00,9.152527235809683193e-01,8.120070959858824988e-01,4.573230935382434081e-01,4.767840060099503025e+06
-2.679239020308805230e+00,-5.837735288582180715e+00,1.082008171857574030e+00,1.264013766879813927e+00,1.085232491341510119e+00,4.502563755238258025e-01,4.767840060099503025e+06
-2.650775195463687339e+00,-5.766037980943902852e+00,1.020139609001451841e+00,1.262799763025674649e+00,1.021273320514189953e+00,4.466790571440681923e-01,4.767840060099503025e+06
-2.777225234604306259e+00,-5.487306676658631588e+00,9.282215742387784907e-01,1.382363293183027642e+00,9.397185050681871044e-01,5.308738271829430699e-01,4.767840060099503025e+06
-3.186866601241293395e+00,-5.638172000367028147e+00,1.217469076352148738e+00,1.347694168422047367e+00,1.066694332675496293e+00,6.048383079043724297e-01,4.767840060099503025e+06
-3.112922613384029535e+00,-5.591594483190210241e+00,1.249016611085387751e+00,1.397300997286191837e+00,1.036209620010451360e+00,5.575849424670384913e-01,4.767840060099503025e+06
-3.548777957188829379e+00,-5.568744064674342020e+00,1.410361532091761294e+00,1.544276166170348796e+00,1.179867941795982311e+00,6.173116473324172793e-01,4.767840060099503025e+06
-3.520343181257220788e+00,-5.550618169350163278e+00,1.409931654921512179e+00,1.547831107046341748e+00,1.142924003583939641e+00,5.845425931980767764e-01,4.767840060099503025e+06
-3.567975355154836770e+00,-5.543401699873410138e+00,1.423601768995178762e+00,1.555313546855518592e+00,1.141792250453296020e+00,5.854181623391310207e-01,4.767840060099503025e+06
-2.304441230736594903e+00,-5.493222208473371282e+00,1.656558930168759769e+00,1.323429380192131966e+00,8.067285737126768108e-01,4.378907896465234484e-01,4.767840060099503025e+06
-1.344923158666890828e+00,-5.608841023147371985e+00,1.200504327290542905e+00,8.795232557776695437e-01,5.901883087795675165e-01,5.409134655504821421e-01,4.767840060099503025e+06
-1.306495294028452214e+00,-5.609703468124247472e+00,1.178061233654487339e+00,8.552410778694283788e-01,5.719323015057860005e-01,5.450559669062742252e-01,4.767840060099503025e+06
-1.306495294028452214e+00,-5.609703468124247472e+00,1.178061233654487339e+00,8.552410778694283788e-01,5.719323015057860005e-01,5.450559669062742252e-01,4.767840060099503025e+06
-1.450603927595543574e+00,-5.553769079077076398e+00,1.279065983450386135e+00,8.555861710643521967e-01,5.065844367045975183e-01,5.269312431143640119e-01,4.767840060099503025e+06
-1.375901149977980076e+00,-5.501085878697777432e+00,1.261196365227337690e+00,9.504206000248717201e-01,5.503118949232763679e-01,5.545704294733087014e-01,4.767840060099503025e+06
-1.356740327708921834e+00,-5.513892851440614251e+00,1.286891473073427550e+00,9.641660856504690180e-01,5.708606625073651131e-01,5.467582664526569047e-01,4.767840060099503025e+06
-2.295812720524439854e+00,-5.549302286013431562e+00,1.376387633857740989e+00,1.266439798192741106e+00,8.374321719251399676e-01,5.038939380074385355e-01,4.767840060099503025e+06
-2.081564926413548733e+00,-5.548813556368962452e+00,1.478389660892822866e+00,1.150433479216312449e+00,6.884161831045471081e-01,4.325748399613341677e-01,4.767840060099503025e+06
-2.680365536249213587e+00,-5.412874893482573668e+00,1.623364092028918293e+00,6.283829798004787470e-01,9.236082466460016072e-03,3.076528896950475045e-01,4.767840060099503025e+06
-3.001273857840944803e+00,-5.485263305369446840e+00,1.343712319196472160e+00,9.344348465618237398e-01,3.809060291301513690e-01,3.265537724261477481e-01,4.767840060099503025e+06
-3.435190088889108484e+00,-5.719516291256410589e+00,1.723537596494352453e+00,7.507952834796597363e-01,5.269433971970525210e-01,5.054186764189452230e-01,4.767840060099503025e+06
-3.520522413591332889e+00,-5.773018778314279231e+00,1.708713516922716780e+00,7.524421741511883033e-01,5.869968496732309582e-01,5.136403680557806162e-01,4.767840060099503025e+06
-3.523934497919618547e+00,-5.731330851791295977e+00,1.467033336201107430e+00,8.349118049942360065e-01,6.313989530733460365e-01,5.055492223159087084e-01,4.767840060099503025e+06
-3.382703614248655732e+00,-5.692331056108765885e+00,1.401464867339171638e+00,8.190565599430849053e-01,5.473237164567749113e-01,4.652742961639153574e-01,4.767840060099503025e+06
-3.770240868029692827e+00,-5.579014465488317143e+00,1.448939953053993257e+00,8.451311116103010779e-01,4.456470452037220031e-01,4.629358754449665603e-01,4.767840060099503025e+06
-3.649362538474737683e+00,-5.476013153465427941e+00,1.281314102243175546e+00,9.926940289829081498e-01,5.891024724043723015e-01,6.172666897454625046e-01,4.767840060099503025e+06
-3.455588578124997312e+00,-5.299270682929200227e+00,1.415906977184948179e+00,1.391464418684068782e+00,6.618652026022990853e-01,4.387013058040049041e-01,4.767840060099503025e+06
-3.215116789829277621e+00,-5.457033985140393284e+00,1.180824315259059620e+00,1.181531759894904443e+00,7.483845844920807844e-01,6.220160277156789874e-01,4.767840060099503025e+06
-3.242970720152956510e+00,-5.362671551176036111e+00,9.954972462217266393e-01,1.138082386960027392e+00,6.142417207171200211e-01,6.174504627849993765e-01,4.767840060099503025e+06
-3.123820144489154682e+00,-5.450182837906446309e+00,1.027217506490954779e+00,1.150309624055530167e+00,7.147499261690769545e-01,6.066429080688526820e-01,4.767840060099503025e+06
-2.903618307461269143e+00,-5.360963336828080905e+00,1.193445858393011649e+00,1.077855645093241943e+00,5.675243661835428499e-01,6.330417456528169007e-01,4.767840060099503025e+06
-2.525774856199286766e+00,-5.207968386336267130e+00,9.053626919011339425e-01,1.031313267380275400e+00,3.352812526140547256e-01,5.624396553395656362e-01,4.767840060099503025e+06
-2.160475901229710338e+00,-5.311653074049546674e+00,1.199285060644836642e+00,8.323281050228288347e-01,2.224664627424688401e-01,4.792542173998236565e-01,4.767840060099503025e+06
-2.262615418531348510e+00,-5.428494696477236481e+00,1.254974668013281835e+00,6.726496658924329131e-01,2.581379896841229371e-01,5.696456673344734156e-01,4.767840060099503025e+06
-2.594863132897238245e+00,-5.231756112296384487e+00,9.636226038637049074e-01,7.006380477837322873e-01,1.492301683590274708e-01,6.646056624333502860e-01,4.767840060099503025e+06
-2.579848389681461018e+00,-5.356230462705778628e+00,1.128786503172361622e+00,7.190222504497953970e-01,2.949379326221734932e-01,6.743712230227455473e-01,4.767840060099503025e+06
-3.070909172965983203e+00,-5.551318336439735823e+00,1.288845420001690112e+00,6.359883912437970244e-01,3.902396261525855614e-01,6.228144209896643302e-01,4.767840060099503025e+06
-2.735243798375229574e+00,-5.467268439395825297e+00,1.214552567244441050e+00,6.856002749385659012e-01,3.631571333357179743e-01,6.533202307451428936e-01,4.767840060099503025e+06
-2.759382539110310173e+00,-5.425418786839939500e+00,1.208046873605453708e+00,6.608667260506834173e-01,3.088587410734067173e-01,6.686155387157817209e-01,4.767840060099503025e+06
-2.256892739086905131e+00,-5.564760015349880184e+00,1.336124129273080774e+00,6.488135363207674366e-01,4.537827500578993645e-01,6.697398083228039978e-01,4.767840060099503025e+06
-2.398028067374388339e+00,-5.607082698876175719e+00,1.329872788958766927e+00,5.359629278718052170e-01,4.878229039541315815e-01,7.734098262027626625e-01,4.767840060099503025e+06
-2.903766957986669173e+00,-5.671538789886522380e+00,1.583124855899881833e+00,6.492747197907753343e-01,6.197493350429216230e-01,7.910373487843344043e-01,4.767840060099503025e+06
-3.367370443026884264e+00,-5.578680801807227141e+00,1.421406034824619580e+00,7.036843903763491115e-01,5.212581550733820235e-01,7.008025373601887154e-01,4.767840060099503025e+06
-3.546996997967551746e+00,-5.518257475450056404e+00,1.573418573381896834e+00,6.682517781553281022e-01,4.708905061230457822e-01,7.741277705417610733e-01,4.767840060099503025e+06
-3.396990950153272237e+00,-5.481464304227269935e+00,1.618994479304735057e+00,7.295348368226974856e-01,4.573644591091436951e-01,7.356715954566070970e-01,4.767840060099503025e+06
-3.375624017638302110e+00,-5.500574242864755270e+00,1.714479570791157315e+00,7.497082525624099159e-01,4.758376361520408881e-01,7.117649158924991282e-01,4.767840060099503025e+06
-3.375624017638302110e+00,-5.500574242864755270e+00,1.714479570791157315e+00,7.497082525624099159e-01,4.758376361520408881e-01,7.117649158924991282e-01,4.767840060099503025e+06
-3.405442089526909744e+00,-5.273650020171253949e+00,1.588076520558764582e+00,7.143640701715202601e-01,3.028405724999068127e-01,8.145130492147867329e-01,4.767840060099503025e+06
-3.405442089526909744e+00,-5.273650020171253949e+00,1.588076520558764582e+00,7.143640701715202601e-01,3.028405724999068127e-01,8.145130492147867329e-01,4.767840060099503025e+06
-3.330029457708202134e+00,-5.278684716878217387e+00,1.578337131018094475e+00,7.266792125267391711e-01,2.924704953632064619e-01,7.771409753991316283e-01,4.767840060099503025e+06
-3.330029457708202134e+00,-5.278684716878217387e+00,1.578337131018094475e+00,7.266792125267391711e-01,2.924704953632064619e-01,7.771409753991316283e-01,4.767840060099503025e+06
-3.332806202048347100e+00,-5.231721594623819804e+00,1.547490371191530656e+00,7.451960413008382744e-01,2.710446669392526653e-01,7.941965244736837182e-01,4.767840060099503025e+06
-3.410773513769326470e+00,-5.336545256379942259e+00,1.821740745688218421e+00,6.158538121960527301e-01,2.682001389831168980e-01,7.766040313065576406e-01,4.767840060099503025e+06
-3.410773513769326470e+00,-5.336545256379942259e+00,1.821740745688218421e+00,6.158538121960527301e-01,2.682001389831168980e-01,7.766040313065576406e-01,4.767840060099503025e+06
-3.519657080793638926e+00,-5.317638615892485987e+00,1.798539504277379297e+00,5.543218307316720717e-01,2.505437664017096111e-01,8.527853385758047411e-01,4.767840060099503025e+06
-3.012691489039093007e+00,-5.274748067053198319e+00,1.703821375168133034e+00,6.512830837479727242e-01,3.586178734286293857e-02,5.043571575686734976e-01,4.767840060099503025e+06
-3.637128045530087395e+00,-5.343153844394445073e+00,1.382568008624933231e+00,6.925478514859503276e-01,1.725649798970885218e-01,5.358113419607966055e-01,4.767840060099503025e+06
-3.566279782090286066e+00,-4.692254416848898657e+00,1.443228116552499607e+00,8.370071204660126662e-01,-3.152267017045375930e-01,6.412832198047051513e-01,4.767840060099503025e+06
-3.118270491176477144e+00,-4.951786950519863950e+00,1.376311210865082568e+00,8.056125281042643138e-01,-1.121246049327486727e-01,5.789587145388379597e-01,4.767840060099503025e+06
-2.992645037336024050e+00,-5.138086312318154825e+00,1.561244588569356440e+00,7.440449068327676940e-01,3.334490066419804055e-02,5.999877590746717226e-01,4.767840060099503025e+06
-2.800493354852465533e+00,-5.180946038374517393e+00,1.360568149566629970e+00,7.674581813157707044e-01,1.199529221910146382e-01,6.279972100326693951e-01,4.767840060099503025e+06
-2.775789913867344083e+00,-5.322034556980096198e+00,1.669807735483606281e+00,8.213079881247909997e-01,2.760015770836504734e-01,5.987683396087171150e-01,4.767840060099503025e+06
-3.333451908612526715e+00,-5.237772224843873836e+00,1.530894505914214943e+00,8.825516678311462471e-01,3.013933273147214598e-01,6.876915423410389083e-01,4.767840060099503025e+06
-3.248066013623098769e+00,-5.159654193329303418e+00,1.206875686838416284e+00,9.495365598188969525e-01,2.045961587177299590e-01,5.548104519501094734e-01,4.767840060099503025e+06
-2.405425458761698110e+00,-5.289868458591453049e+00,5.877283168469766839e-01,8.940387092520230006e-01,3.461413462694581389e-01,4.950547182263935753e-01,4.767840060099503025e+06
-2.336952501988656117e+00,-5.354879195820047677e+00,6.985665423259750373e-01,9.093178342176692075e-01,3.641543686019984571e-01,4.289743109195550130e-01,4.767840060099503025e+06
-2.173380700734380166e+00,-5.319052815560090686e+00,6.220796784325991480e-01,7.821921054355240877e-01,2.731844612055217558e-01,4.872199457738127237e-01,4.767840060099503025e+06
-2.369019759691308291e+00,-5.114291210347228223e+00,7.176805367739174102e-01,1.030487316942130693e+00,2.181017327664073191e-01,4.376528480267782295e-01,4.767840060099503025e+06
-2.355310369553982319e+00,-5.139008278464246793e+00,7.615588498429287645e-01,9.948828987676149316e-01,2.047859832160386917e-01,4.475937728367713753e-01,4.767840060099503025e+06
-3.205229277741191929e+00,-4.963579278433845943e+00,8.227223573244918375e-01,1.238767699876764938e+00,1.338868528408663772e-01,3.287224619201251086e-01,4.767840060099503025e+06
-3.242233031847497227e+00,-4.994341922930525257e+00,9.634153211920695181e-01,1.295413359855464464e+00,2.378256606175451759e-01,3.764888216229940188e-01,4.767840060099503025e+06
-1.440278786814690903e+00,-5.292930434835290576e+00,1.509219496308307873e+00,1.682169658986692795e+00,7.456063132459783693e-01,8.315857567549223006e-02,4.767840060099503025e+06
-1.626331377465856987e+00,-5.220157632597344666e+00,1.581115347935502902e+00,1.544216490002888520e+00,4.956145359391173066e-01,8.208869626412079734e-02,4.767840060099503025e+06
-1.891567914419249430e+00,-5.207368820607391591e+00,1.532519135090615769e+00,1.467413907554385943e+00,4.648717890724665125e-01,1.472008641164533616e-01,4.767840060099503025e+06
-1.827980997292798282e+00,-5.230784821797858086e+00,1.492490659772838235e+00,1.834349044117901339e+00,8.216447755937785757e-01,5.702242257284460131e-02,4.767840060099503025e+06
-2.652091358502640439e+00,-5.003360652207367032e+00,1.184780185096653948e+00,2.403017658150498725e+00,1.035262046570804229e+00,-1.720689536150276089e-01,4.767840060099503025e+06
-1.961840704990516882e+00,-5.256240079906498330e+00,1.495167498447115051e+00,1.647094824183236828e+00,7.026325511050922623e-01,8.955115545261865817e-02,4.767840060099503025e+06
-2.853369480725690188e+00,-4.822299612180115602e+00,1.161736837047197657e+00,1.920774749532390802e+00,6.277610219189213581e-01,3.773905861919589766e-01,4.767840060099503025e+06
-3.489501690511559229e+00,-4.807877072465343460e+00,1.304234849644620997e+00,1.823600255435969597e+00,4.933431301636611588e-01,3.599336064558296133e-01,4.767840060099503025e+06
-2.853987548923828221e+00,-5.488976999558984105e+00,1.986908083956861581e+00,1.709954080412597444e+00,1.085109501936335707e+00,2.986638094120636633e-01,4.767840060099503025e+06
-3.373874457193171139e+00,-5.716077826231001247e+00,1.980607269522089542e+00,1.691610721800917538e+00,1.190788147746139281e+00,1.648212220254403615e-01,4.767840060099503025e+06
-3.313602978113346254e+00,-5.650360765555598519e+00,1.555122418672971740e+00,1.847628281527570415e+00,1.269345495248088040e+00,1.561552523064915488e-01,4.767840060099503025e+06
-3.280414192867691092e+00,-5.747901944201245783e+00,1.639422778603442543e+00,1.798270204299334374e+00,1.336310642349593403e+00,2.042089088071001590e-01,4.767840060099503025e+06
-3.854036855868739231e+00,-5.680779199932540102e+00,1.294736403603917285e+00,1.838658567799807297e+00,1.340480665887404665e+00,2.162059940990437301e-01,4.767840060099503025e+06
-3.469118192687268287e+00,-5.525433508796233184e+00,1.231242724571891545e+00,1.734956555825636570e+00,1.110701101679609559e+00,2.630488409804065397e-01,4.767840060099503025e+06
-3.192549233387472540e+00,-5.477526060281899589e+00,1.000453868052214146e+00,1.632470534507854509e+00,1.029219005209905724e+00,3.157705954895864142e-01,4.767840060099503025e+06
-3.336503913413565670e+00,-5.511973470142696563e+00,1.004100454510012952e+00,1.471467094487262539e+00,9.294049973303104561e-01,3.424964299406742518e-01,4.767840060099503025e+06
-3.973641440811901404e+00,-5.523596768450662609e+00,1.008296425128169638e+00,1.825608221996369185e+00,1.205218425973787477e+00,2.968131169185671547e-01,4.767840060099503025e+06
-2.684049301360801554e+00,-5.506125408895540474e+00,1.182130658137492407e+00,1.739903599480157492e+00,1.114278860871655841e+00,2.886666210031134105e-01,4.767840060099503025e+06
-3.648275869080038980e+00,-5.639758527528659471e+00,9.000867497969342601e-01,1.976532429057273665e+00,1.503458977790832485e+00,3.532379585444963555e-01,4.767840060099503025e+06
-3.396826689982899161e+00,-5.349976828121618233e+00,9.564945095807934061e-01,1.869139592790778792e+00,1.058024345878054495e+00,2.518878122114773799e-01,4.767840060099503025e+06
-2.822549116651042134e+00,-5.371129035644584881e+00,1.525336784571623028e+00,1.916656195000242979e+00,1.047543840862160902e+00,1.156105959774636621e-01,4.767840060099503025e+06
-3.802103377246169646e+00,-5.420183735824989135e+00,2.150664467403474056e+00,2.332308037187905470e+00,1.546749482821675681e+00,2.915733815673278717e-01,4.767840060099503025e+06
-3.532532356585970756e+00,-5.415728636596044865e+00,1.808108172583780426e+00,2.121526972504611308e+00,1.397359983424976804e+00,3.434847843157752267e-01,4.767840060099503025e+06
-3.867696616459903591e+00,-5.552224309096752464e+00,1.727208795015033438e+00,1.834938360229938725e+00,1.319535220457742852e+00,4.166663760777616909e-01,4.767840060099503025e+06
-3.837201513140348741e+00,-5.534285916775925074e+00,1.746736605021269817e+00,1.848617102349394692e+00,1.310690269392812635e+00,4.112866912551541021e-01,4.767840060099503025e+06
-3.878990662745704476e+00,-5.654337202764608605e+00,1.199996138721224792e+00,1.429749274016613114e+00,1.074561335501332149e+00,4.571191637584262613e-01,4.767840060099503025e+06
-3.937902548063746178e+00,-5.710484445603929871e+00,1.062012073889522457e+00,1.354994504196908256e+00,1.078808940063167965e+00,4.807457914611266148e-01,4.767840060099503025e+06
-3.741366187421297784e+00,-5.657328485064269330e+00,1.085093615408516454e+00,1.331068571548375434e+00,1.038186404529022999e+00,5.299485087585842358e-01,4.767840060099503025e+06
-3.732888507316592275e+00,-5.656193085338372839e+00,1.096393780220010772e+00,1.334857923784230183e+00,1.039579087689120218e+00,5.289516837109159431e-01,4.767840060099503025e+06
-3.819636596434543119e+00,-5.737492004259083345e+00,1.153347574370494844e+00,1.377380602840615920e+00,1.203359035480499495e+00,6.020491984302004385e-01,4.767840060099503025e+06
-3.819636596434543119e+00,-5.737492004259083345e+00,1.153347574370494844e+00,1.377380602840615920e+00,1.203359035480499495e+00,6.020491984302004385e-01,4.767840060099503025e+06
-3.921909731816415778e+00,-5.482800286510777887e+00,1.371195603747023206e+00,1.339046984852126920e+00,8.518317496211096351e-01,5.140107950694663419e-01,4.767840060099503025e+06
-3.843891623205724528e+00,-5.677692125167601134e+00,1.264871712976624707e+00,1.316486659924593905e+00,1.122813523986755158e+00,6.472337973073691852e-01,4.767840060099503025e+06
-3.843891623205724528e+00,-5.677692125167601134e+00,1.264871712976624707e+00,1.316486659924593905e+00,1.122813523986755158e+00,6.472337973073691852e-01,4.767840060099503025e+06
-3.843891623205724528e+00,-5.677692125167601134e+00,1.264871712976624707e+00,1.316486659924593905e+00,1.122813523986755158e+00,6.472337973073691852e-01,4.767840060099503025e+06
-3.843891623205724528e+00,-5.677692125167601134e+00,1.264871712976624707e+00,1.316486659924593905e+00,1.122813523986755158e+00,6.472337973073691852e-01,4.767840060099503025e+06
-3.834222438832569857e+00,-5.675662862013583165e+00,1.257638195716538121e+00,1.317128297861410280e+00,1.121365578329805546e+00,6.458581461106609467e-01,4.767840060099503025e+06
-3.760671638871047495e+00,-5.685922218385331739e+00,1.209693564033415880e+00,1.381739523712164353e+00,1.236393441015283479e+00,7.136907438929069869e-01,4.767840060099503025e+06
-3.760671638871047495e+00,-5.685922218385331739e+00,1.209693564033415880e+00,1.381739523712164353e+00,1.236393441015283479e+00,7.136907438929069869e-01,4.767840060099503025e+06
-3.580769343026943829e+00,-5.676569835513118001e+00,1.274454231927064862e+00,1.449832301792103317e+00,1.241161970103348722e+00,6.443261527618039386e-01,4.767840060099503025e+06
-3.357755890769586138e+00,-5.599152414637074138e+00,1.209664380335385259e+00,1.337811672028782262e+00,1.085637494997670593e+00,6.890908401458857302e-01,4.767840060099503025e+06
-3.623281037140349436e+00,-5.549975165401494159e+00,1.133190193416997449e+00,1.466299726480865706e+00,1.179718032911415193e+00,7.313609279105184324e-01,4.767840060099503025e+06
-3.643875518832814020e+00,-5.791932030326431224e+00,1.491046306721872661e+00,1.504742582303178589e+00,1.368165312057751937e+00,6.295701137533132874e-01,4.767840060099503025e+06
-3.562323287170657160e+00,-5.730012014118790908e+00,1.291890433518787518e+00,1.515548973933775523e+00,1.320622430710226780e+00,6.192538089147084923e-01,4.767840060099503025e+06
-3.378945136862029130e+00,-5.774142467910772680e+00,1.174263004606794336e+00,1.674772914889404607e+00,1.527295335676515098e+00,6.176619029950833895e-01,4.767840060099503025e+06
-3.258646130286423137e+00,-5.527985679616278958e+00,1.159443459637979457e+00,1.706821386707391142e+00,1.367848491156875124e+00,6.986374564556678823e-01,4.767840060099503025e+06
-3.548882498607256242e+00,-5.421785631136693873e+00,1.689714550953254291e+00,1.822541212867039739e+00,1.306384292856302309e+00,6.493113565486773320e-01,4.767840060099503025e+06
-3.297639657959971160e+00,-5.266355191119169277e+00,1.493584928886309449e+00,2.020508157333099852e+00,1.317093044553308001e+00,6.101416613949711687e-01,4.767840060099503025e+06
-3.836875736361192946e+00,-5.337523344591635244e+00,1.121522497306449040e+00,1.978844137074883491e+00,1.277341756701519948e+00,4.930453345295630063e-01,4.767840060099503025e+06
-3.630644094026679980e+00,-5.307307212364903215e+00,1.236075560103269799e+00,1.847415227848606012e+00,1.096068716414384969e+00,4.384890706091978396e-01,4.767840060099503025e+06
-3.618402554864575293e+00,-5.288366216970208811e+00,1.216540096194150378e+00,1.855915164547694118e+00,1.086120448723569831e+00,4.419128315192856205e-01,4.767840060099503025e+06
-3.741268686811626942e+00,-5.284106262489863148e+00,1.080524724744580389e+00,1.882647511788560379e+00,1.107620199954697959e+00,4.388111058318254210e-01,4.767840060099503025e+06
-3.583519893936227607e+00,-5.129076483857229363e+00,-9.819412541842353903e-02,2.645770765633848942e+00,1.750248336435063612e+00,5.999015981778359485e-01,4.767840060099503025e+06
-3.583519893936227607e+00,-5.129076483857229363e+00,-9.819412541842353903e-02,2.645770765633848942e+00,1.750248336435063612e+00,5.999015981778359485e-01,4.767840060099503025e+06
-3.590439008914274588e+00,-5.461318692040894263e+00,1.455385390206284102e+00,2.099523524824967513e+00,1.420593194685171756e+00,3.210085939747892025e-01,4.767840060099503025e+06
-3.127538483123524671e+00,-5.313645752269547273e+00,1.507079605698761648e+00,2.394196891669842842e+00,1.428365041773519417e+00,1.481245396561080563e-01,4.767840060099503025e+06
-2.074234724973069266e+00,-5.144852029980055086e+00,1.153447631783673932e+00,2.406309284039600982e+00,1.347155173193877786e+00,2.102210316409411639e-01,4.767840060099503025e+06
-2.081836204529155854e+00,-5.196871250735213721e+00,1.143732506694473461e+00,2.352785271903936604e+00,1.354229863521840604e+00,2.166384298244094508e-01,4.767840060099503025e+06
-1.950172215614260463e+00,-5.284274945876779483e+00,1.080477441532808003e+00,2.369569161010061542e+00,1.470389408017848343e+00,2.247669680812641735e-01,4.767840060099503025e+06
-1.899328616195873565e+00,-4.902174048743388468e+00,2.014264143662978235e-01,2.626087365808782437e+00,1.566619846231287916e+00,3.956235721833781249e-01,4.767840060099503025e+06
-2.092661016824082232e+00,-4.989396512291282448e+00,4.033469765224917403e-01,2.421571911697240509e+00,1.426744344318932711e+00,3.630931946706180691e-01,4.767840060099503025e+06
-1.892781969336396308e+00,-4.877060978944340874e+00,3.075744834683882267e-01,2.418033658262933372e+00,1.338462475903016369e+00,3.691972976439833465e-01,4.767840060099503025e+06
-1.876035297425379778e+00,-4.880171210374299129e+00,2.806162760447103999e-01,2.419988571189133353e+00,1.348888091563057667e+00,3.711034745068694796e-01,4.767840060099503025e+06
-1.676831919492521639e+00,-4.705465777802999128e+00,2.480541033155545527e-01,2.514086746477333989e+00,1.283788832723660622e+00,3.782904760984813763e-01,4.767840060099503025e+06
-1.676831919492521639e+00,-4.705465777802999128e+00,2.480541033155545527e-01,2.514086746477333989e+00,1.283788832723660622e+00,3.782904760984813763e-01,4.767840060099503025e+06
-1.362946530627110686e+00,-4.543152841520184282e+00,1.166224644909235053e-01,2.638361178981103006e+00,1.203262124745685169e+00,2.839741623954232241e-01,4.767840060099503025e+06
-1.149032460742383410e+00,-4.512298936699124852e+00,9.984611305356083655e-02,2.779189950148547084e+00,1.253237132945572263e+00,1.892589403013156812e-01,4.767840060099503025e+06
-1.550804492127988876e+00,-4.805291517983053318e+00,3.641235478760354027e-01,2.456674301080885581e+00,1.238918941192060252e+00,2.449261260725345557e-01,4.767840060099503025e+06
-1.335347675197497530e+00,-4.763422224388210502e+00,1.536081833720026601e-01,2.560435250539216501e+00,1.327208179670599675e+00,2.553878008390873533e-01,4.767840060099503025e+06
-1.087897044560176329e+00,-4.779697022090410918e+00,1.793975980513139445e-01,2.756082930517289142e+00,1.470235772995277967e+00,1.876943037291718963e-01,4.767840060099503025e+06
-1.556560165464611734e+00,-5.011213539166222475e+00,4.160092870074557636e-01,2.265892087475796846e+00,1.270505272198470426e+00,3.114948098101972263e-01,4.767840060099503025e+06
-1.964034517381373357e+00,-5.226780935694448793e+00,5.809676766932683201e-01,1.913080514990741277e+00,1.123124558311351606e+00,3.088438558864455286e-01,4.767840060099503025e+06
-1.891285619494974313e+00,-5.207491138881455761e+00,4.117484330313720964e-01,2.057090495374495731e+00,1.253320482049315121e+00,2.993362665512020460e-01,4.767840060099503025e+06
-1.967404989546742256e+00,-5.232708818491823344e+00,5.659482413984466831e-01,1.948226107545002250e+00,1.162118386685354832e+00,2.959787272775372124e-01,4.767840060099503025e+06
-1.963312409325474128e+00,-5.223925697264188983e+00,5.392439221120914894e-01,1.951762856493858500e+00,1.159705855890977855e+00,3.006915464302394314e-01,4.767840060099503025e+06
-2.573059493533379261e+00,-5.284519737311471843e+00,3.358705878721924831e-01,1.815780414925771247e+00,1.172549888215162817e+00,4.217755338947777322e-01,4.767840060099503025e+06
-1.850649176733065282e+00,-4.724957481977684282e+00,4.878991097286076162e-01,2.354611035293626031e+00,9.949085064084498553e-01,2.364349556156429832e-01,4.767840060099503025e+06
-1.877731591412974188e+00,-4.730922381027162338e+00,5.017788228637942716e-01,2.338095052114193440e+00,9.885924963308145852e-01,2.396837880754370542e-01,4.767840060099503025e+06
-1.863208269069461798e+00,-4.652245038598163518e+00,4.584632846460150457e-01,2.447171191967338899e+00,9.942448290457841509e-01,2.057095436894150753e-01,4.767840060099503025e+06
-1.457175680804285722e+00,-4.664360323915641260e+00,4.396237094878390206e-01,2.536685614986931903e+00,1.118368555997107050e+00,3.156902320540442286e-01,4.767840060099503025e+06
-1.548837571857647477e+00,-4.783295348763516586e+00,7.430567380169181835e-01,2.116124830720454320e+00,8.066741120163343215e-01,2.767989516268787309e-01,4.767840060099503025e+06
-1.419617567778059808e+00,-4.865432753007151945e+00,1.233739311892648072e+00,2.138330957598153503e+00,7.907426827996253405e-01,1.521053462631145603e-01,4.767840060099503025e+06
-2.154101386129052109e+00,-4.901086243788395969e+00,1.237211237299087774e+00,2.226345089316105863e+00,9.261541785734451748e-01,1.850469365740895211e-01,4.767840060099503025e+06
-3.798411310769215454e+00,-4.606939774413482347e+00,9.488442209172349706e-01,2.186682100181475796e+00,8.472487905083332382e-01,5.916972311088770642e-01,4.767840060099503025e+06
-3.529477945252567750e+00,-4.757919101715666343e+00,8.330096968435796168e-01,2.201573936140225562e+00,9.138497047974774024e-01,4.581784172302079128e-01,4.767840060099503025e+06
-3.353083906534555236e+00,-4.845277319167988317e+00,8.456982892759509207e-01,2.162163099234279962e+00,9.744863555167964098e-01,4.562227118126079839e-01,4.767840060099503025e+06
-3.638458233548545362e+00,-4.872550149829523392e+00,8.314302185789801403e-01,2.066074092981001087e+00,9.358259129283152955e-01,5.237514585115841115e-01,4.767840060099503025e+06
-3.797436826463965964e+00,-4.824264299365629505e+00,7.612103017737363864e-01,2.093246103647464995e+00,9.132543593403565918e-01,5.245388545801877855e-01,4.767840060099503025e+06
-3.684546197033504278e+00,-4.878809852739449227e+00,8.717869352473294198e-01,2.086472450540758583e+00,9.306267265445562487e-01,4.948008633014077118e-01,4.767840060099503025e+06
-3.056328031323560346e+00,-5.010533567952829337e+00,8.322294873956425088e-01,1.646480586158875381e+00,7.215325157829390879e-01,5.532496603834099469e-01,4.767840060099503025e+06
-1.700117166548362757e+00,-4.963883677336450084e+00,2.153340818214473540e+00,2.214911515028764377e+00,1.051029735310575530e+00,3.624271691374326698e-01,4.767840060099503025e+06
-1.760888703334652527e+00,-4.946976406691581118e+00,2.436929154713784129e+00,2.411528427167853650e+00,1.201064105364312296e+00,3.542877765456985961e-01,4.767840060099503025e+06
-1.731268391480426772e+00,-4.936003324166801320e+00,2.282180472633139168e+00,2.421735295016761658e+00,1.185781114897257238e+00,3.321784474406883070e-01,4.767840060099503025e+06
-1.963261656903373176e+00,-4.831761249005367631e+00,2.077601926721314829e+00,2.478160794734096228e+00,1.169418958725035873e+00,4.017924192689576457e-01,4.767840060099503025e+06
-1.953145019242611191e+00,-4.923966832691986539e+00,2.167848074238007516e+00,2.250078541036859558e+00,1.023876177207298399e+00,3.415332274436626014e-01,4.767840060099503025e+06
-2.436237737997491770e+00,-5.162267083649338062e+00,2.054335874327738676e+00,2.311876262353225187e+00,1.396060373022624868e+00,4.526152007520473641e-01,4.767840060099503025e+06
-1.906182803158771755e+00,-5.078609540725488536e+00,2.529493800405420156e+00,1.545028351464283078e+00,4.792647229056429259e-01,3.177499400437194255e-01,4.767840060099503025e+06
-2.165556889182603584e+00,-5.028868666131557141e+00,2.241521292105746355e+00,1.412842008207356947e+00,3.375249529387531200e-01,3.812111307481347855e-01,4.767840060099503025e+06
-2.095721529798550975e+00,-5.015892256426797147e+00,2.441083768848377744e+00,1.486587922572363496e+00,3.905856024483669309e-01,3.985447238859482488e-01,4.767840060099503025e+06
-2.154752989489479464e+00,-4.952473504822406447e+00,2.443718187646297224e+00,1.528724777187891792e+00,3.555806329213051509e-01,3.890988727292423177e-01,4.767840060099503025e+06
-1.848750606257189233e+00,-5.039392012075718519e+00,1.969688480851249146e+00,2.299225759928897439e+00,1.091145875148755939e+00,2.120545482073879495e-01,4.767840060099503025e+06
-1.646174930689362936e+00,-5.158342907305548231e+00,1.431762798471657661e+00,2.418893307494538458e+00,1.263192950540398707e+00,1.391688689297087278e-01,4.767840060099503025e+06
-1.907791252735619558e+00,-5.172684768666844235e+00,1.838501790826088778e+00,2.175504703065315848e+00,1.101322770665509099e+00,1.908916376039409557e-01,4.767840060099503025e+06
-2.090236599267222051e+00,-5.306272222226174229e+00,2.001356103613574078e+00,2.078567329856634505e+00,1.151825676555547906e+00,2.128477408689072869e-01,4.767840060099503025e+06
-2.209083487239525745e+00,-5.368586265433336280e+00,1.815007102794141458e+00,2.015677822529201801e+00,1.156066888693440209e+00,2.139144979991528528e-01,4.767840060099503025e+06
-2.244471242033376335e+00,-5.352893340263707778e+00,1.794445847487810441e+00,2.056685725527477526e+00,1.172174481810959179e+00,2.061026061062272152e-01,4.767840060099503025e+06
-2.244471242033376335e+00,-5.352893340263707778e+00,1.794445847487810441e+00,2.056685725527477526e+00,1.172174481810959179e+00,2.061026061062272152e-01,4.767840060099503025e+06
-2.244471242033376335e+00,-5.352893340263707778e+00,1.794445847487810441e+00,2.056685725527477526e+00,1.172174481810959179e+00,2.061026061062272152e-01,4.767840060099503025e+06
-2.495573020213106119e+00,-5.296494805013608698e+00,1.727155499506084713e+00,2.183657499883421060e+00,1.249066911682484404e+00,2.134679499632530231e-01,4.767840060099503025e+06
-2.735200042951571486e+00,-5.137752871866087645e+00,1.819059843270615096e+00,2.933642401606543437e+00,1.718920450070446915e+00,9.606189242944998541e-02,4.767840060099503025e+06
-2.945723091193032772e+00,-4.800124002110981891e+00,1.999738277347656412e+00,2.583963333110304905e+00,1.095684391159885918e+00,1.904994820206990791e-01,4.767840060099503025e+06
-2.905981239067306543e+00,-4.635486924941099929e+00,1.929711212828661981e+00,2.609209271070823899e+00,9.649462830671089453e-01,2.022239283338670146e-01,4.767840060099503025e+06
-2.981405381804543175e+00,-4.515725461852131417e+00,1.960490573936763070e+00,2.903800603866113050e+00,1.099190802121869925e+00,1.839958454272347110e-01,4.767840060099503025e+06
-2.966084305579397284e+00,-4.576970240962304537e+00,1.875585990095880895e+00,2.805105328026748612e+00,1.078001642150714368e+00,1.856766236631398059e-01,4.767840060099503025e+06
-2.717501929335032429e+00,-4.804111684115276226e+00,1.894419954355101021e+00,2.426859336774239928e+00,9.703814255220815088e-01,2.142217492055388250e-01,4.767840060099503025e+06
-2.276707164972389119e+00,-4.905783113183463051e+00,2.097026751212228479e+00,2.091228591725198704e+00,7.957783375766450673e-01,2.724173720806174481e-01,4.767840060099503025e+06
-1.677458720811267234e+00,-4.595629200436937012e+00,2.056613758125275027e+00,2.140166192102625153e+00,5.544630994771837518e-01,2.498630146306023425e-01,4.767840060099503025e+06
-1.678865769784515516e+00,-4.594339814991220905e+00,2.056196019235129846e+00,2.140197116499818364e+00,5.517211191162665340e-01,2.479648244993758466e-01,4.767840060099503025e+06
-1.376193549748512490e+00,-4.490319581994868692e+00,2.724438123402348921e+00,2.581704739102844037e+00,8.240544795728508287e-01,2.275738374556556809e-01,4.767840060099503025e+06
-1.549450857737660225e+00,-4.767827569800778598e+00,2.381868364084251954e+00,2.120195644578620975e+00,7.253396969204812805e-01,2.778969938143139862e-01,4.767840060099503025e+06
-2.172295117037174705e+00,-4.841857433241786524e+00,2.066910960414575005e+00,1.947268214919958274e+00,6.139676266277678263e-01,2.969319772567247662e-01,4.767840060099503025e+06
-1.216840439745547453e+00,-5.123260483393086595e+00,1.553244482336425536e+00,1.559450330950291619e+00,4.037354760179509561e-01,2.626186034658617441e-02,4.767840060099503025e+06
-1.386944208206172702e+00,-5.136375393998202199e+00,1.473782693861399817e+00,1.643303110349720653e+00,5.449117329132706633e-01,1.057043008894068548e-01,4.767840060099503025e+06
-1.059536736879403307e+00,-5.565520958630198578e+00,1.637247890412024454e+00,1.169850375999432757e+00,5.706173218641944489e-01,1.351215840000309643e-01,4.767840060099503025e+06
-1.666874964814218707e+00,-5.656123851260587365e+00,2.129737656461649031e+00,1.406821180815996497e+00,8.167072557880236117e-01,9.442898417918729748e-02,4.767840060099503025e+06
-1.628138281725694636e+00,-5.684218826355120768e+00,2.222941270734955843e+00,1.397214567525681295e+00,8.124784075062407851e-01,7.421020891121121732e-02,4.767840060099503025e+06
-1.924641453356684906e+00,-5.574028824607173860e+00,1.631050314311502047e+00,1.131830283459704045e+00,5.945697960573986807e-01,2.265223874826144679e-01,4.767840060099503025e+06
-1.377643274042087640e+00,-5.958507542091911802e+00,1.750771531622111743e+00,1.074760929412086785e+00,9.531048487106309475e-01,2.367307414580138158e-01,4.767840060099503025e+06
-1.526842505476877943e+00,-5.689071918745580270e+00,1.802761954835399472e+00,9.628428099215254887e-01,5.413681320583484391e-01,1.868159276193536167e-01,4.767840060099503025e+06
-1.423641064538249790e+00,-5.855571972757255494e+00,2.020681068404571956e+00,1.117243948094052808e+00,8.224354032987362118e-01,1.618543834292878736e-01,4.767840060099503025e+06
-1.423641064538249790e+00,-5.855571972757255494e+00,2.020681068404571956e+00,1.117243948094052808e+00,8.224354032987362118e-01,1.618543834292878736e-01,4.767840060099503025e+06
-1.427853679605346260e+00,-5.807100416286765210e+00,2.530840095468871453e+00,1.365260003911272779e+00,1.036086494773614586e+00,2.217235878582915487e-01,4.767840060099503025e+06
-1.438754175847699823e+00,-5.872498360886644342e+00,2.440909142681809918e+00,1.151401682609118904e+00,9.173732994107555161e-01,2.550596176577827334e-01,4.767840060099503025e+06
-1.517040545397533968e+00,-5.863141673141873511e+00,2.619592679374485478e+00,1.173767934952530956e+00,8.909253915537234114e-01,2.129126911607004957e-01,4.767840060099503025e+06
-1.972208966108048189e+00,-5.930241853977291200e+00,2.871865756536168046e+00,7.905312632182385224e-01,6.522319228234354505e-01,2.432340048948770650e-01,4.767840060099503025e+06
-1.801525405719921924e+00,-5.847505127985596296e+00,2.781527045838930512e+00,9.223590829670369473e-01,6.506694579603161666e-01,1.943765596455215849e-01,4.767840060099503025e+06
-2.437633538108620712e+00,-5.885197846187589121e+00,2.921628468920637545e+00,5.819381867661610475e-01,4.905929365681300780e-01,3.611248603917590616e-01,4.767840060099503025e+06
-2.385883606785339950e+00,-5.820393314837522425e+00,2.818643946755416962e+00,6.973822035062839930e-01,5.256080542348500195e-01,3.492106983722701452e-01,4.767840060099503025e+06
-2.286965910825871973e+00,-5.757530067689852871e+00,2.770945527852817669e+00,7.714981710061954434e-01,5.021757754741457136e-01,3.190029762663383339e-01,4.767840060099503025e+06
-2.518711511944663251e+00,-5.805135759988777622e+00,2.708521979778530486e+00,7.815922211949181131e-01,5.793152067851554676e-01,3.593019390331544383e-01,4.767840060099503025e+06
-2.462795622806670082e+00,-5.822932728947099790e+00,2.772232923988510400e+00,7.371728809703503860e-01,5.466883191851893420e-01,3.416581475681824132e-01,4.767840060099503025e+06
-2.852258231759147833e+00,-5.907050337415109098e+00,2.970392329999952175e+00,5.240492407828809540e-01,4.997163534900777027e-01,4.292337457250188226e-01,4.767840060099503025e+06
-2.877771373310225478e+00,-5.839985480894218206e+00,2.864307653966706724e+00,5.767790414700232349e-01,4.780341107847549953e-01,4.175129220769916438e-01,4.767840060099503025e+06
-2.686701685915546811e+00,-5.826172956261114422e+00,2.921762773516600742e+00,5.334489312967672925e-01,4.277356616126331557e-01,4.169635922427040731e-01,4.767840060099503025e+06
-2.331887976677044172e+00,-5.798253680083696793e+00,2.872970976738745019e+00,5.564668974381318245e-01,3.461553755029539436e-01,2.491928918969003037e-01,4.767840060099503025e+06
-2.650417132588461122e+00,-5.921047802798819149e+00,2.910697788963709343e+00,6.394503326787701614e-01,5.963457704191599262e-01,3.729936246647956866e-01,4.767840060099503025e+06
-2.650417132588461122e+00,-5.921047802798819149e+00,2.910697788963709343e+00,6.394503326787701614e-01,5.963457704191599262e-01,3.729936246647956866e-01,4.767840060099503025e+06
-2.631416108512678598e+00,-5.940532568565492610e+00,2.918177643226880669e+00,5.922159729901214087e-01,5.828272248001756806e-01,3.811367342375663880e-01,4.767840060099503025e+06
-2.631416108512678598e+00,-5.940532568565492610e+00,2.918177643226880669e+00,5.922159729901214087e-01,5.828272248001756806e-01,3.811367342375663880e-01,4.767840060099503025e+06
-2.774649339526309433e+00,-5.869877737568855558e+00,2.942737278090910014e+00,5.515706181425160670e-01,4.706009757427545570e-01,3.862532197577540627e-01,4.767840060099503025e+06
-2.769527785149768828e+00,-5.780873938978819737e+00,2.847502910900986617e+00,6.953912528015323558e-01,5.412153774368853032e-01,4.384461787819799450e-01,4.767840060099503025e+06
-2.968919210558757626e+00,-5.900584025972687385e+00,2.910690844791736343e+00,4.974886563987861443e-01,4.631258884425322186e-01,4.103894641473195271e-01,4.767840060099503025e+06
-2.968919210558757626e+00,-5.900584025972687385e+00,2.910690844791736343e+00,4.974886563987861443e-01,4.631258884425322186e-01,4.103894641473195271e-01,4.767840060099503025e+06
-3.256961522946668186e+00,-5.904707693486528797e+00,2.658496660603157480e+00,5.535551577485067209e-01,4.771132674269481511e-01,2.429549434157299292e-01,4.767840060099503025e+06
-3.201356379494374682e+00,-5.911453916893113281e+00,2.739868145144038536e+00,5.389030241734942273e-01,4.488040626357286400e-01,1.975935516918259083e-01,4.767840060099503025e+06
-3.133274542743443192e+00,-5.660855127613871218e+00,2.521406996405874512e+00,6.067143859621286772e-01,2.842142154892273176e-01,3.123658496543848528e-01,4.767840060099503025e+06
-2.959848973160203567e+00,-5.696792294184161776e+00,2.219411043665996619e+00,6.637379176905677802e-01,4.542449413938688396e-01,4.624167832966833425e-01,4.767840060099503025e+06
-3.318772008410745489e+00,-5.825988191896280810e+00,2.779509636527315308e+00,4.574864850176874054e-01,4.673647431269742913e-01,5.196419953085578136e-01,4.767840060099503025e+06
-3.321652140838760925e+00,-5.609526401682233931e+00,2.526092414177535161e+00,2.536304219378042735e-01,2.515472137148630494e-01,6.692449347414508587e-01,4.767840060099503025e+06
-3.442393001905153405e+00,-5.591844669104000687e+00,2.574614655516198169e+00,2.087006486084013179e-01,2.135728021987526315e-01,6.834084869224189562e-01,4.767840060099503025e+06
-3.474674457307799891e+00,-5.729085968262268125e+00,2.789131386093484100e+00,2.791252019769761006e-01,3.233141943724193723e-01,6.319232268068927239e-01,4.767840060099503025e+06
-3.474674457307799891e+00,-5.729085968262268125e+00,2.789131386093484100e+00,2.791252019769761006e-01,3.233141943724193723e-01,6.319232268068927239e-01,4.767840060099503025e+06
-3.675362250844462775e+00,-5.777733350849328708e+00,2.928538065946335589e+00,3.988738170892995871e-01,4.504701237973962602e-01,6.188527534703212041e-01,4.767840060099503025e+06
-3.570837291133202029e+00,-5.774677344614444152e+00,2.891145403634712618e+00,4.084577680468698402e-01,4.461783499098855854e-01,6.095440467214284785e-01,4.767840060099503025e+06
-3.420802285569999768e+00,-5.823671881201068601e+00,2.766102831267665874e+00,4.071317665212575987e-01,5.234957941731850362e-01,6.392088136683733435e-01,4.767840060099503025e+06
-3.770781784343394172e+00,-5.815097120022329591e+00,2.764489780674316499e+00,3.524914961124959722e-01,4.758157922504460124e-01,6.356407527799234902e-01,4.767840060099503025e+06
-3.653695960601754500e+00,-5.773235177988241595e+00,2.590837414335108946e+00,3.929952816794836656e-01,4.499130904352204308e-01,6.199199107086572624e-01,4.767840060099503025e+06
-3.592919969445246942e+00,-5.724134253744582956e+00,2.618918503421679311e+00,3.925497370025576860e-01,4.013179907022208504e-01,6.201824005679583696e-01,4.767840060099503025e+06
-3.466942288053892263e+00,-5.686038159793183944e+00,2.280193056682824349e+00,3.462489481141935443e-01,3.075069781500358590e-01,5.594732803209440108e-01,4.767840060099503025e+06
-3.699317220761771718e+00,-5.639780441228891661e+00,2.174143505026263412e+00,1.946713703845730503e-01,1.718003508828155335e-01,5.782553598841388975e-01,4.767840060099503025e+06
-3.271857504748921563e+00,-5.527715110369681994e+00,2.028756322383497679e+00,3.578974418083982201e-01,1.332887113234133558e-01,5.094113615003915685e-01,4.767840060099503025e+06
-3.392359881952605960e+00,-5.502368472452316972e+00,2.151190663287321669e+00,3.784741801407799922e-01,1.290058096146066424e-01,5.230891948125246937e-01,4.767840060099503025e+06
-3.384335949855039605e+00,-5.389194432551532188e+00,2.067785141118486880e+00,3.121150996771273611e-01,-3.632850547674892905e-02,4.896942867775422314e-01,4.767840060099503025e+06
-3.524725030380190471e+00,-5.267486406657106102e+00,2.114990337487896443e+00,3.300674138623140852e-01,-1.517908198460735103e-01,5.065620954006458954e-01,4.767840060099503025e+06
-3.506682046393978958e+00,-5.264978211254953244e+00,1.956039412966556590e+00,2.664806285291855259e-01,-1.481414227329111710e-01,5.775238162856365376e-01,4.767840060099503025e+06
-3.207613674210473942e+00,-5.361407714932031610e+00,1.702096452050176234e+00,2.111354503828605234e-01,-2.346176653921232536e-01,3.704880829741291626e-01,4.767840060099503025e+06
-3.207613674210473942e+00,-5.361407714932031610e+00,1.702096452050176234e+00,2.111354503828605234e-01,-2.346176653921232536e-01,3.704880829741291626e-01,4.767840060099503025e+06
-2.908593906129819828e+00,-5.674193707063629688e+00,1.821959508817124540e+00,3.456620150723606066e-01,1.625837173079227593e-01,3.566305847218507186e-01,4.767840060099503025e+06
-3.009596335598542893e+00,-5.698255697008608678e+00,1.892920054774999805e+00,3.646869249776698574e-01,1.801431474496796303e-01,3.358238228319997964e-01,4.767840060099503025e+06
-3.171406435438779425e+00,-5.209676728958981151e+00,2.067272643300042123e+00,2.721908662333270557e-01,-4.334743830848726276e-01,1.869341785652351429e-01,4.767840060099503025e+06
-1.072794060023010365e+00,-5.531515761738802439e+00,2.058723576974316405e+00,1.385256318519756835e+00,7.881260102705046622e-01,2.947844088090860737e-01,4.767840060099503025e+06
-1.072794060023010365e+00,-5.531515761738802439e+00,2.058723576974316405e+00,1.385256318519756835e+00,7.881260102705046622e-01,2.947844088090860737e-01,4.767840060099503025e+06
-1.300259718388578900e+00,-5.091297232534837569e+00,1.730144898646987839e+00,1.399658270389281478e+00,2.568191555603642762e-01,1.141039560937894964e-01,4.767840060099503025e+06
-1.395570879287890476e+00,-5.011165168894578414e+00,1.785079125554231538e+00,1.487993691068523638e+00,2.554890540312081959e-01,9.942646645391906013e-02,4.767840060099503025e+06
-1.282520675930632903e+00,-5.178674292673167479e+00,1.741853922272784683e+00,1.466938346601363019e+00,4.209361758655527641e-01,8.812214048174649150e-02,4.767840060099503025e+06
-2.130553127688526338e+00,-5.214334959106397882e+00,2.155920351798501056e+00,1.580740713859777991e+00,5.436513636158147866e-01,1.307306928294485471e-01,4.767840060099503025e+06
-2.107105305800629935e+00,-5.841723728155803208e+00,2.587762735224055088e+00,1.519312495021884146e+00,1.229055373206702662e+00,2.897457757440708992e-01,4.767840060099503025e+06
-2.192559697809950414e+00,-5.953818329592870384e+00,2.917651148658165994e+00,1.568000159469223664e+00,1.372536921728574555e+00,2.972452029527087869e-01,4.767840060099503025e+06
-2.160687850511216368e+00,-5.956381167870295812e+00,2.886459729026687349e+00,1.543265180514407309e+00,1.356019267269159556e+00,2.975262319177506276e-01,4.767840060099503025e+06
-2.749028299595783320e+00,-6.056117968733749635e+00,2.800870481971482029e+00,1.176941645041602369e+00,1.156725289204449503e+00,3.726678774969036101e-01,4.767840060099503025e+06
-2.579056681740932611e+00,-5.978190071419952289e+00,2.577436004950707904e+00,1.117566962659841234e+00,1.032304432467479494e+00,3.624299034704228650e-01,4.767840060099503025e+06
-2.706026006905680958e+00,-6.066884783501706124e+00,2.862197961156609960e+00,1.184347839219600740e+00,1.183606860252904180e+00,3.903373311933284739e-01,4.767840060099503025e+06
-2.556579856131325101e+00,-6.036887109042631039e+00,2.820276342764236333e+00,1.229402085634576425e+00,1.163847805013878300e+00,3.245023064078756958e-01,4.767840060099503025e+06
-2.584254569240586719e+00,-6.040532461506706419e+00,2.826452871243598342e+00,1.219858076106170142e+00,1.161505577177826876e+00,3.295966045115743537e-01,4.767840060099503025e+06
-2.446377336895617205e+00,-5.250177755113765166e+00,2.517566318160591177e+00,2.044922247774836332e+00,1.058145928790184209e+00,1.812296961810299645e-01,4.767840060099503025e+06
-1.089465429932115814e+00,-4.721695568997017922e+00,2.515180815623761390e+00,2.802250673424886429e+00,1.183232047491585393e+00,9.814757474612134658e-03,4.767840060099503025e+06
-1.257333477901301233e+00,-4.773116893132927530e+00,2.459046595932061319e+00,2.440921794964994174e+00,9.079855701711219140e-01,2.610856661657900979e-02,4.767840060099503025e+06
-1.055577007720629457e+00,-4.718873721401262600e+00,2.475396054912798682e+00,2.143011607461301260e+00,6.608137379038195869e-01,1.264124407372622105e-01,4.767840060099503025e+06
-1.078715651578221912e+00,-4.724286625781692450e+00,2.475182906922894777e+00,2.139586129502728973e+00,6.621405149444367089e-01,1.257613357337201698e-01,4.767840060099503025e+06
-1.069482561028272549e+00,-4.783475692171334614e+00,2.340892902238052464e+00,2.104177369008086274e+00,6.775958259557144370e-01,9.020239632913051864e-02,4.767840060099503025e+06
-1.470218729982784911e+00,-5.205363597195908909e+00,2.027958093968278419e+00,1.687203549974599426e+00,6.708493944777060847e-01,1.536334576385700312e-01,4.767840060099503025e+06
-1.211868253806510864e+00,-4.997638298376652521e+00,2.568228487209066824e+00,1.879930274574640237e+00,6.020931048846743794e-01,1.183967136248291196e-01,4.767840060099503025e+06
-1.384220564855323410e+00,-5.105269984579191345e+00,2.412169245558058339e+00,1.719342102469670674e+00,5.850691671240859648e-01,1.461827960144694294e-01,4.767840060099503025e+06
-7.023503934821844208e-01,-4.764489337895861709e+00,2.349798506263031328e+00,2.032918839702264169e+00,5.403941412691803947e-01,1.253612484409277750e-01,4.767840060099503025e+06
-7.016199760785337691e-01,-4.761146228309955930e+00,2.350256785712099283e+00,2.033637123146027292e+00,5.386018235951329780e-01,1.271949800298048383e-01,4.767840060099503025e+06
-7.016199760785337691e-01,-4.761146228309955930e+00,2.350256785712099283e+00,2.033637123146027292e+00,5.386018235951329780e-01,1.271949800298048383e-01,4.767840060099503025e+06
-1.193277242687073247e+00,-4.998989552809802284e+00,2.356124176878874543e+00,2.006658685895342575e+00,7.375514450852406201e-01,6.799249571104593048e-02,4.767840060099503025e+06
-1.042133046408167063e+00,-4.819024894205069742e+00,2.359661433681116804e+00,2.062547959570599776e+00,5.790255536699848715e-01,-1.289182199942884299e-02,4.767840060099503025e+06
-1.042133046408167063e+00,-4.819024894205069742e+00,2.359661433681116804e+00,2.062547959570599776e+00,5.790255536699848715e-01,-1.289182199942884299e-02,4.767840060099503025e+06
-1.042133046408167063e+00,-4.819024894205069742e+00,2.359661433681116804e+00,2.062547959570599776e+00,5.790255536699848715e-01,-1.289182199942884299e-02,4.767840060099503025e+06
-1.042133046408167063e+00,-4.819024894205069742e+00,2.359661433681116804e+00,2.062547959570599776e+00,5.790255536699848715e-01,-1.289182199942884299e-02,4.767840060099503025e+06
-1.146257689561722914e+00,-5.022320546292687204e+00,2.290284848261002093e+00,1.925988248123539970e+00,6.916272504472130711e-01,5.590689512981472653e-02,4.767840060099503025e+06
-1.034229625607345326e+00,-4.969233469189148877e+00,2.670327553133433618e+00,2.057564660761173059e+00,7.599163074079491320e-01,3.272858423555675966e-02,4.767840060099503025e+06
-1.668877712821225989e+00,-5.124128510551049231e+00,2.446820423542995115e+00,2.004083201464733399e+00,8.728708303986125738e-01,5.454017457613405395e-02,4.767840060099503025e+06
-1.681348709703059940e+00,-4.885263943311911383e+00,2.386407220922557748e+00,2.091469629695133392e+00,6.692506631283470231e-01,-5.066603222156657038e-02,4.767840060099503025e+06
-1.681348709703059940e+00,-4.885263943311911383e+00,2.386407220922557748e+00,2.091469629695133392e+00,6.692506631283470231e-01,-5.066603222156657038e-02,4.767840060099503025e+06
-1.352485558235388297e+00,-4.702123723528168320e+00,2.347912214886611615e+00,2.060419218335428848e+00,4.740760528613015001e-01,-1.189479974365192927e-02,4.767840060099503025e+06
-1.580041843622763453e+00,-4.850275459670749356e+00,2.307949888885186596e+00,1.899974435106548620e+00,5.341725154504186612e-01,9.066267421785689784e-02,4.767840060099503025e+06
-1.556677835185804160e+00,-4.809257928307116181e+00,2.312835846268476381e+00,1.918563805840269643e+00,5.124380367807928049e-01,8.464914801099476804e-02,4.767840060099503025e+06
-1.226650886138507923e+00,-4.281460373290018495e+00,2.723809253052235757e+00,2.106118247724888981e+00,6.218998330642588890e-02,-1.328694991465381170e-01,4.767840060099503025e+06
-1.893186397870055160e+00,-4.537219796082495371e+00,2.808863044112659857e+00,1.835966091342871920e+00,6.361504713622112561e-02,-1.583109205283249055e-01,4.767840060099503025e+06
-1.845366017525540858e+00,-4.757340649154077283e+00,2.711906812424266899e+00,1.833971845541904511e+00,2.919655247721234526e-01,-7.586872784187487229e-02,4.767840060099503025e+06
-2.449406312652417483e+00,-5.052636266334814330e+00,2.031027106019331896e+00,1.686462859676454373e+00,5.593587571358025201e-01,1.156847256656607648e-01,4.767840060099503025e+06
-1.991218951237667012e+00,-4.619217116339350504e+00,2.426487004427033689e+00,1.689412076882933267e+00,8.977181809807066593e-02,-1.684892922257447134e-02,4.767840060099503025e+06
-1.991218951237667012e+00,-4.619217116339350504e+00,2.426487004427033689e+00,1.689412076882933267e+00,8.977181809807066593e-02,-1.684892922257447134e-02,4.767840060099503025e+06
-1.991218951237667012e+00,-4.619217116339350504e+00,2.426487004427033689e+00,1.689412076882933267e+00,8.977181809807066593e-02,-1.684892922257447134e-02,4.767840060099503025e+06
-1.991218951237667012e+00,-4.619217116339350504e+00,2.426487004427033689e+00,1.689412076882933267e+00,8.977181809807066593e-02,-1.684892922257447134e-02,4.767840060099503025e+06
-1.991218951237667012e+00,-4.619217116339350504e+00,2.426487004427033689e+00,1.689412076882933267e+00,8.977181809807066593e-02,-1.684892922257447134e-02,4.767840060099503025e+06
-1.991218951237667012e+00,-4.619217116339350504e+00,2.426487004427033689e+00,1.689412076882933267e+00,8.977181809807066593e-02,-1.684892922257447134e-02,4.767840060099503025e+06
-2.466959721042843334e+00,-4.862327882743572083e+00,2.167504094624260080e+00,1.840837050904838179e+00,5.287480786326071991e-01,1.220766738713103816e-01,4.767840060099503025e+06
-2.466959721042843334e+00,-4.862327882743572083e+00,2.167504094624260080e+00,1.840837050904838179e+00,5.287480786326071991e-01,1.220766738713103816e-01,4.767840060099503025e+06
-2.466959721042843334e+00,-4.862327882743572083e+00,2.167504094624260080e+00,1.840837050904838179e+00,5.287480786326071991e-01,1.220766738713103816e-01,4.767840060099503025e+06
-2.651256250882656040e+00,-4.762376104919994191e+00,2.059054281579811629e+00,1.707588581284272156e+00,3.695832720741222821e-01,9.793782969541658945e-02,4.767840060099503025e+06
-3.338352115220231120e+00,-4.614599969493680121e+00,1.872724377957826869e+00,1.536763287514095300e+00,1.772458411374522314e-03,-1.089738952515950654e-01,4.767840060099503025e+06
-3.338352115220231120e+00,-4.614599969493680121e+00,1.872724377957826869e+00,1.536763287514095300e+00,1.772458411374522314e-03,-1.089738952515950654e-01,4.767840060099503025e+06
-3.338352115220231120e+00,-4.614599969493680121e+00,1.872724377957826869e+00,1.536763287514095300e+00,1.772458411374522314e-03,-1.089738952515950654e-01,4.767840060099503025e+06
-3.231745357459331558e+00,-4.143071459095651221e+00,1.990436749748924150e+00,1.639673294711400331e+00,-4.747107763856652785e-01,-4.185675795232401963e-01,4.767840060099503025e+06
-3.033600328389142398e+00,-4.220402593595402152e+00,2.015959450255616847e+00,1.724899297946917986e+00,-2.924535873198192970e-01,-3.325488097366035567e-01,4.767840060099503025e+06
-2.840937255747305379e+00,-4.261142449749882211e+00,2.076778717036779298e+00,1.817370701030958546e+00,-1.667769204468265709e-01,-2.877465940983410242e-01,4.767840060099503025e+06
-2.840937255747305379e+00,-4.261142449749882211e+00,2.076778717036779298e+00,1.817370701030958546e+00,-1.667769204468265709e-01,-2.877465940983410242e-01,4.767840060099503025e+06
-2.644521464966054225e+00,-4.450455422029299335e+00,1.960036923688643018e+00,1.756871038594921997e+00,-2.507920264760321594e-02,-2.307858427520696476e-01,4.767840060099503025e+06
-2.076652079116405591e+00,-3.627868634167380257e+00,2.039358810761067176e+00,1.804466717287483091e+00,-8.631748738407845067e-01,-5.715839998283460677e-01,4.767840060099503025e+06
-2.080340173320563757e+00,-3.656867014835724738e+00,2.050225625420169173e+00,1.792092990545296249e+00,-8.428370498451946968e-01,-5.573307141745599269e-01,4.767840060099503025e+06
-2.189672932551757434e+00,-3.792026674907232664e+00,2.040087887446676795e+00,1.754600555483329494e+00,-7.167568408523021795e-01,-4.786098969638635792e-01,4.767840060099503025e+06
-2.189672932551757434e+00,-3.792026674907232664e+00,2.040087887446676795e+00,1.754600555483329494e+00,-7.167568408523021795e-01,-4.786098969638635792e-01,4.767840060099503025e+06
-3.121375637567828321e+00,-4.431028672681279090e+00,2.413110893749150776e+00,1.981895625070140277e+00,1.595243602414480044e-01,-2.201718538952297521e-01,4.767840060099503025e+06
-3.065480690357444971e+00,-4.565646166106058779e+00,2.394751432211775999e+00,1.922731409699894645e+00,2.289945450376429381e-01,-2.075017522132879821e-01,4.767840060099503025e+06
-2.585969834425176028e+00,-4.815831822926770478e+00,1.898807666661890936e+00,1.779699723791464239e+00,4.185229031553860946e-01,-5.997841391259617350e-02,4.767840060099503025e+06
-2.585969834425176028e+00,-4.815831822926770478e+00,1.898807666661890936e+00,1.779699723791464239e+00,4.185229031553860946e-01,-5.997841391259617350e-02,4.767840060099503025e+06
-2.092354595507143866e+00,-4.401926795299768713e+00,2.436421682332594152e+00,1.894684485554677167e+00,5.186341654953130487e-03,-3.064004831203762103e-01,4.767840060099503025e+06
-2.092354595507143866e+00,-4.401926795299768713e+00,2.436421682332594152e+00,1.894684485554677167e+00,5.186341654953130487e-03,-3.064004831203762103e-01,4.767840060099503025e+06
-2.092354595507143866e+00,-4.401926795299768713e+00,2.436421682332594152e+00,1.894684485554677167e+00,5.186341654953130487e-03,-3.064004831203762103e-01,4.767840060099503025e+06
-2.092354595507143866e+00,-4.401926795299768713e+00,2.436421682332594152e+00,1.894684485554677167e+00,5.186341654953130487e-03,-3.064004831203762103e-01,4.767840060099503025e+06
-2.092354595507143866e+00,-4.401926795299768713e+00,2.436421682332594152e+00,1.894684485554677167e+00,5.186341654953130487e-03,-3.064004831203762103e-01,4.767840060099503025e+06
-2.092354595507143866e+00,-4.401926795299768713e+00,2.436421682332594152e+00,1.894684485554677167e+00,5.186341654953130487e-03,-3.064004831203762103e-01,4.767840060099503025e+06
-1.968288657225460092e+00,-4.668514223743916780e+00,2.028506886066094417e+00,1.733447174591876916e+00,1.851287863592794292e-01,-1.678505119949478819e-01,4.767840060099503025e+06
-1.959374400668020044e+00,-4.660316563297586256e+00,2.027837329064869021e+00,1.727327732527962345e+00,1.714973284914877993e-01,-1.703329349229421863e-01,4.767840060099503025e+06
-1.959374400668020044e+00,-4.660316563297586256e+00,2.027837329064869021e+00,1.727327732527962345e+00,1.714973284914877993e-01,-1.703329349229421863e-01,4.767840060099503025e+06
-1.565425989932655249e+00,-4.530741368894394050e+00,2.057694444186488170e+00,1.787886019739319376e+00,6.894147599478883670e-02,-3.067950018197155293e-01,4.767840060099503025e+06
-1.565425989932655249e+00,-4.530741368894394050e+00,2.057694444186488170e+00,1.787886019739319376e+00,6.894147599478883670e-02,-3.067950018197155293e-01,4.767840060099503025e+06
-1.371475482574555205e+00,-4.383727384427779761e+00,2.044062434470219625e+00,1.847755101077545703e+00,-4.749418666435034631e-02,-4.057504968138748169e-01,4.767840060099503025e+06
-1.468593514353564666e+00,-4.547325708579569969e+00,2.030083415044724227e+00,1.633897793085171024e+00,-5.154035343774863304e-02,-2.662846547349173587e-01,4.767840060099503025e+06
-1.442401037792126139e+00,-4.534322604029442871e+00,2.028434514838108438e+00,1.650990644956659814e+00,-5.399852675008720571e-02,-2.770321427878913445e-01,4.767840060099503025e+06
-1.442401037792126139e+00,-4.534322604029442871e+00,2.028434514838108438e+00,1.650990644956659814e+00,-5.399852675008720571e-02,-2.770321427878913445e-01,4.767840060099503025e+06
-9.026881659358867438e-01,-4.208765280117650498e+00,1.912623783439269198e+00,1.751876350679028915e+00,-3.312314416128628869e-01,-4.944895456554533331e-01,4.767840060099503025e+06
-1.660702670208771714e+00,-4.499982032126767173e+00,2.027794247785218218e+00,1.721199152139455180e+00,-1.908502478682405634e-02,-2.491302886801675109e-01,4.767840060099503025e+06
-1.591572959678646093e+00,-4.453310042258227242e+00,2.038754051489623631e+00,1.749251024390482190e+00,-5.024178987444599676e-02,-2.834401928174756780e-01,4.767840060099503025e+06
-1.595960628797531200e+00,-4.454444632555510708e+00,2.038503745666317535e+00,1.748644219014182211e+00,-4.935930979900360338e-02,-2.823844288785489764e-01,4.767840060099503025e+06
-1.650679320408630080e+00,-4.533110432644636312e+00,2.005162552451882796e+00,1.692695626521719010e+00,4.250992052304947144e-03,-2.159759575516227992e-01,4.767840060099503025e+06
-1.650679320408630080e+00,-4.533110432644636312e+00,2.005162552451882796e+00,1.692695626521719010e+00,4.250992052304947144e-03,-2.159759575516227992e-01,4.767840060099503025e+06
-2.073955523993601169e+00,-4.952519909102871765e+00,2.314294198741053243e+00,2.545917554693745810e+00,1.181022245442191920e+00,1.122077665057352736e-01,4.767840060099503025e+06
-2.133555235212275747e+00,-4.865686286677085803e+00,2.258489772704775689e+00,2.757886635591650482e+00,1.257547177426348028e+00,5.135512606112335732e-03,4.767840060099503025e+06
-2.345275374406054603e+00,-4.754738520341041941e+00,2.290770248614902638e+00,2.926917649445695435e+00,1.355910010579119529e+00,8.603624943268453618e-02,4.767840060099503025e+06
-2.473059921222696911e+00,-4.735914361624374180e+00,2.418157473470055940e+00,2.881193484584531728e+00,1.324631002612342456e+00,1.664813558697476048e-01,4.767840060099503025e+06
-2.350843600423221602e+00,-4.858646347632576301e+00,2.415469210572105396e+00,2.722202313753575353e+00,1.317739403776283291e+00,1.876681177535933220e-01,4.767840060099503025e+06
-2.293555507850556285e+00,-4.667459197279604233e+00,2.106984854432282450e+00,2.982136255765701627e+00,1.334075105941387340e+00,1.081188726845559167e-01,4.767840060099503025e+06
-2.241691185078576787e+00,-4.679351684155556690e+00,2.085525137738429180e+00,2.896281998552840520e+00,1.277744343236432600e+00,1.230515846175145034e-01,4.767840060099503025e+06
-2.197078733317552768e+00,-4.739799927029133109e+00,2.042560078406970625e+00,2.617096091642244104e+00,1.044046180943030366e+00,7.889667581073311897e-02,4.767840060099503025e+06
-2.260025044152212281e+00,-4.818359334593533383e+00,2.504991366084075022e+00,2.591507919555831929e+00,1.040972882443928160e+00,2.772116262750021209e-02,4.767840060099503025e+06
-2.175442226817091207e+00,-4.881420710789719841e+00,2.822368077528310870e+00,2.504167049199223172e+00,9.997120559693750685e-01,-1.624730440893221162e-02,4.767840060099503025e+06
-2.559406593361402749e+00,-4.684442028630697585e+00,2.857909443302570907e+00,2.500747056236842347e+00,8.356848939267611520e-01,-8.635379479506644085e-02,4.767840060099503025e+06
-2.227290492528146260e+00,-4.514201376026131030e+00,2.940654410315101330e+00,2.225861276016257495e+00,4.266796543408170050e-01,-9.909085647821075371e-02,4.767840060099503025e+06
-2.333076492838424443e+00,-4.893302715503983435e+00,2.640430668050666174e+00,1.934393298611810419e+00,4.869825890804767576e-01,-1.096686207897344945e-01,4.767840060099503025e+06
-2.433367424939324231e+00,-4.765766109198681377e+00,2.865545115646143337e+00,1.731321561028472455e+00,1.649433335350795060e-01,-1.506682553368071664e-01,4.767840060099503025e+06
-2.635093603152819597e+00,-4.831375917998440350e+00,2.539631099360649902e+00,1.786652022398187212e+00,3.253465275698290693e-01,-6.274638290622197578e-02,4.767840060099503025e+06
-2.054639068219930920e+00,-4.826502137553259963e+00,2.258576808851955775e+00,1.827929804934511626e+00,3.839472798224413674e-01,3.337918524751609661e-02,4.767840060099503025e+06
-2.059527079058260934e+00,-5.168065015839603760e+00,2.500139774153615324e+00,1.573576478940055257e+00,5.501848767023154174e-01,1.710919220469189483e-01,4.767840060099503025e+06
-1.481388222765252616e+00,-4.920144428850163898e+00,2.926793944670664338e+00,1.279368529986181890e+00,1.175902841694700385e-01,3.582235141271565282e-01,4.767840060099503025e+06
-1.481388222765252616e+00,-4.920144428850163898e+00,2.926793944670664338e+00,1.279368529986181890e+00,1.175902841694700385e-01,3.582235141271565282e-01,4.767840060099503025e+06
-1.418178270164962118e+00,-4.919069398386436198e+00,2.775312835209579276e+00,1.381829090953979211e+00,2.030746495237885640e-01,3.152051379231529671e-01,4.767840060099503025e+06
-1.490245074585443419e+00,-4.966316897779024409e+00,2.638242632661258469e+00,1.696708528892606260e+00,5.412315632176731839e-01,3.271417816260333011e-01,4.767840060099503025e+06
-1.897912216255806195e+00,-4.817690797692203653e+00,2.938980668818357067e+00,1.269552400158705741e+00,1.280834180956872403e-01,5.860870405806950512e-01,4.767840060099503025e+06
-1.879402313271741676e+00,-4.961992887761628168e+00,2.879334016522355100e+00,1.098308238219094513e+00,1.034186153731598834e-01,5.710980740143534184e-01,4.767840060099503025e+06
-1.273828143389976963e+00,-5.141621449309225156e+00,2.908669297114354180e+00,1.341479633848055020e+00,3.885855333704281711e-01,3.728596520553022486e-01,4.767840060099503025e+06
-1.546626267511238995e+00,-5.029687521310925113e+00,2.977207288478523672e+00,1.580838563405158936e+00,5.224879370128661105e-01,4.252005900004482974e-01,4.767840060099503025e+06
-1.311625333348399813e+00,-5.218300802893548251e+00,2.793707113924408070e+00,1.229829793089149081e+00,4.197105671394710802e-01,4.477462216184560084e-01,4.767840060099503025e+06
-1.750380536240217388e+00,-5.524516937576972708e+00,2.591370889174656966e+00,9.238269451468217319e-01,4.571561395344462264e-01,4.844039656770028346e-01,4.767840060099503025e+06
-1.314123613865108897e+00,-5.768919205692229824e+00,2.597213193019829447e+00,1.068205771999066966e+00,7.445980914033913933e-01,2.921309695769460646e-01,4.767840060099503025e+06
-1.765847787450262496e+00,-6.282241400346417315e+00,2.310913718214831825e+00,1.012997007504837121e+00,1.310989357749014816e+00,4.677951277626035687e-01,4.767840060099503025e+06
-3.622535676845597408e+00,-6.239515756915915645e+00,2.301277735977456551e+00,1.349136811629801702e+00,1.457269541360737941e+00,2.861306599017899854e-01,4.767840060099503025e+06
-2.890410210895104193e+00,-5.978767144801513389e+00,1.998443056047901401e+00,1.152361521931464239e+00,1.072283946823706202e+00,3.495143250455652328e-01,4.767840060099503025e+06
-2.252189426535922134e+00,-5.849747473723669877e+00,1.566610296005175096e+00,1.075008539742296820e+00,7.968439963860051156e-01,2.513357457244633220e-01,4.767840060099503025e+06
-2.344598750193908732e+00,-5.897302365562999249e+00,1.728628716499412299e+00,1.005837808711375292e+00,8.533117781019778914e-01,3.493651291423621741e-01,4.767840060099503025e+06
-1.663459860536137036e+00,-5.742286811512395950e+00,1.313168274223456056e+00,6.314451241915088886e-01,4.607857229916736408e-01,4.621409103666456186e-01,4.767840060099503025e+06
-1.853834293329167604e+00,-5.832366253036477488e+00,1.705434392807689159e+00,6.932574372088042836e-01,5.246585417333120560e-01,3.306908335291168788e-01,4.767840060099503025e+06
-1.359658648031424555e+00,-5.970667860035922203e+00,1.704712348101713015e+00,5.681557647608076467e-01,5.729270206203015414e-01,3.416870390018384995e-01,4.767840060099503025e+06
-1.374470930036990168e+00,-5.961295273982585741e+00,1.686522875164148116e+00,5.930402302367407952e-01,5.914561502330440979e-01,3.530377979292286805e-01,4.767840060099503025e+06
-2.018142300513281917e+00,-5.845420746221499542e+00,1.822140620702219049e+00,8.232259386918684418e-01,6.325973402796327694e-01,3.155626526901573192e-01,4.767840060099503025e+06
-2.051222658280322797e+00,-5.965196124925386201e+00,2.134968648254185641e+00,9.977197281790356476e-01,9.378582363835007429e-01,3.797730128232368330e-01,4.767840060099503025e+06
-2.351527971855476906e+00,-5.946770771441205028e+00,2.096163139918524543e+00,1.086683725983928372e+00,1.002215623737834793e+00,4.210885912753513094e-01,4.767840060099503025e+06
-2.469994544004961323e+00,-6.071066146488317550e+00,1.956164862988693631e+00,9.100895236741226579e-01,1.017944430368531439e+00,4.983337019078988295e-01,4.767840060099503025e+06
-2.375348766003178902e+00,-6.113830075146315934e+00,2.023703222573235649e+00,8.644434958306372874e-01,1.004668294244543292e+00,4.792100555009639051e-01,4.767840060099503025e+06
-2.576195624998447453e+00,-6.082152335811973565e+00,2.414949958215345305e+00,1.052405556297927314e+00,1.089347857000513287e+00,4.375186760782087125e-01,4.767840060099503025e+06
-2.653419567098169729e+00,-5.897646210662372823e+00,2.499134373987472735e+00,1.075755472952409697e+00,9.646273659764224018e-01,4.924509150025374593e-01,4.767840060099503025e+06
-2.923796151610861926e+00,-6.004676540741516355e+00,2.228321842991521251e+00,1.130846681046107527e+00,1.133086486699209416e+00,5.003883198482181882e-01,4.767840060099503025e+06
-2.923796151610861926e+00,-6.004676540741516355e+00,2.228321842991521251e+00,1.130846681046107527e+00,1.133086486699209416e+00,5.003883198482181882e-01,4.767840060099503025e+06
-3.064459040358452846e+00,-5.951066014970722406e+00,2.601246248797538740e+00,1.437503820317923342e+00,1.408178210555294019e+00,5.517734173064563485e-01,4.767840060099503025e+06
-2.646471420505994931e+00,-5.940767481777286640e+00,2.089961889287762276e+00,1.757922438988201996e+00,1.797914113743321884e+00,7.028355733987631249e-01,4.767840060099503025e+06
-2.790331705275462593e+00,-5.688564527743871224e+00,2.466837194825345136e+00,1.471301849832395536e+00,1.288800982511657089e+00,7.119134536963382942e-01,4.767840060099503025e+06
-2.369025909610023017e+00,-5.729767844535672339e+00,2.883070252560266944e+00,1.580252890130290577e+00,1.397896094761017949e+00,6.645196305906407863e-01,4.767840060099503025e+06
-2.314976342947305810e+00,-5.698132072822766681e+00,2.952763626044457190e+00,1.536790281519694323e+00,1.303813800763402586e+00,6.457450456464808308e-01,4.767840060099503025e+06
-2.195141113986361692e+00,-5.665930763160398342e+00,2.964593757568225740e+00,1.585542484123706908e+00,1.317015630243442814e+00,6.470450651746454396e-01,4.767840060099503025e+06
-2.199600346434404941e+00,-5.660643064893734255e+00,2.950117520211613442e+00,1.587834241093352361e+00,1.314867119933528228e+00,6.462341560782900451e-01,4.767840060099503025e+06
-2.589215371989064707e+00,-5.594991534234205588e+00,2.615519883347429797e+00,1.382035747027319239e+00,1.066663649292772353e+00,6.462295129410531302e-01,4.767840060099503025e+06
-2.148175787288332472e+00,-5.596948862384906853e+00,2.848035610482801960e+00,1.522384136240370722e+00,1.222508206533607922e+00,6.882230807737187428e-01,4.767840060099503025e+06
-2.681268741988459325e+00,-5.547891056873256233e+00,2.847995451466106775e+00,1.304903976268007249e+00,9.251437311657365603e-01,6.149226252478694477e-01,4.767840060099503025e+06
-2.814137321442314210e+00,-5.490092382122961467e+00,2.931894719995867593e+00,1.356640214616054552e+00,8.774314269228604690e-01,5.681319450472069876e-01,4.767840060099503025e+06
-2.765882665206028435e+00,-5.512986848078986313e+00,2.968510954846417249e+00,1.326164397602896283e+00,8.816183403026047749e-01,5.790426548663795137e-01,4.767840060099503025e+06
-2.440578356216050349e+00,-5.736822785543294501e+00,2.711627599547924206e+00,1.305613845306181409e+00,1.091316468014803309e+00,5.772136230489353093e-01,4.767840060099503025e+06
-2.696210130902452207e+00,-5.531353908264669883e+00,2.492208536690624143e+00,1.317956271475525298e+00,8.233254352541032883e-01,4.607382547101651626e-01,4.767840060099503025e+06
-2.975464526652674024e+00,-5.611110521191416289e+00,2.810619078973663143e+00,1.154009116233146504e+00,6.919908795897363740e-01,4.135031575386294844e-01,4.767840060099503025e+06
-2.842306277350933552e+00,-5.632900414618329243e+00,2.674674997937415810e+00,9.987941609284141098e-01,6.133449636003672767e-01,4.655916980438317698e-01,4.767840060099503025e+06
-2.329750786052875000e+00,-5.617907999792853602e+00,2.785103519677740280e+00,9.553088419539363940e-01,5.325261766860844848e-01,4.065602581199313503e-01,4.767840060099503025e+06
-2.693582843608876232e+00,-5.612384914731435970e+00,2.767294925452464138e+00,1.064907463791164410e+00,6.274775146150803895e-01,4.061273630866015782e-01,4.767840060099503025e+06
-3.336542843255328350e+00,-5.747299893807756632e+00,2.891769385941770132e+00,1.038201202438138182e+00,7.972732367775725582e-01,5.134479484281410100e-01,4.767840060099503025e+06
-3.290978353329748529e+00,-5.695359490352351450e+00,2.701012234437051518e+00,1.121545305434878959e+00,8.175217742591935899e-01,4.775524643458931573e-01,4.767840060099503025e+06
-3.369877780133876399e+00,-5.683522553111122200e+00,2.614835469073482077e+00,1.020399838837604989e+00,7.127537832863162226e-01,4.633105360080902457e-01,4.767840060099503025e+06
-3.148456967453825417e+00,-6.159152712384452499e+00,2.338947121677291463e+00,9.369098115557735751e-01,1.163381510803865204e+00,5.166407611028059899e-01,4.767840060099503025e+06
-3.691829966261828133e+00,-6.074904292335901346e+00,2.475345726810187941e+00,1.171055196453049119e+00,1.253731364982864305e+00,4.784092087197626686e-01,4.767840060099503025e+06
-3.694676494261861066e+00,-6.535471614367665438e+00,2.474088001137499049e+00,9.972492099334308024e-01,1.658280872972396569e+00,6.308333450203003068e-01,4.767840060099503025e+06
-3.828498596332332582e+00,-6.571649730582735494e+00,2.496891192902198853e+00,1.031556690369809681e+00,1.728978535613649337e+00,6.401328287984380250e-01,4.767840060099503025e+06
-3.226538791449067300e+00,-6.564180608341514400e+00,2.325705771077018813e+00,1.006450612144484280e+00,1.730875704940602056e+00,6.615615616410364108e-01,4.767840060099503025e+06
-2.263091488600131207e+00,-6.510848910118282262e+00,2.921484476644868433e+00,1.205736649900208457e+00,1.766815688311577315e+00,5.460698179932704788e-01,4.767840060099503025e+06
-2.133448811130121303e+00,-5.856451913308941215e+00,2.612175847054815314e+00,9.434503718415848672e-01,8.492608428230538076e-01,5.188295583326222316e-01,4.767840060099503025e+06
-2.438742948030796942e+00,-5.949816475174786845e+00,2.947711562180814759e+00,1.137070278096518283e+00,1.136817187512366045e+00,5.816739691576097160e-01,4.767840060099503025e+06
-2.675149641429672709e+00,-5.805460720063068791e+00,2.851062511082998796e+00,1.109065343803939507e+00,9.311249785433947102e-01,5.065272174734491983e-01,4.767840060099503025e+06
-2.557508033202202213e+00,-5.719844960108903642e+00,2.889505682801448927e+00,1.214547280536166562e+00,9.040296362986499634e-01,4.547554175467182214e-01,4.767840060099503025e+06
-2.189225095646595953e+00,-5.703635715610463564e+00,2.871726625825958390e+00,1.439576190413580647e+00,9.980981587192315763e-01,3.057631052582436837e-01,4.767840060099503025e+06
-2.189225095646595953e+00,-5.703635715610463564e+00,2.871726625825958390e+00,1.439576190413580647e+00,9.980981587192315763e-01,3.057631052582436837e-01,4.767840060099503025e+06
-2.094255938015851193e+00,-5.696654242554291869e+00,2.512057272943827968e+00,1.282376619336919710e+00,9.234921415859879135e-01,4.286080913155286276e-01,4.767840060099503025e+06
-2.432854069420607335e+00,-5.475276735536732886e+00,2.420730686756480843e+00,1.274741163103976671e+00,6.856945258773323726e-01,4.334420568144926045e-01,4.767840060099503025e+06
-2.725908533117856525e+00,-5.620423045066226919e+00,2.161002506709144289e+00,1.179824684693450365e+00,7.611532725897931506e-01,4.336527760041372082e-01,4.767840060099503025e+06
-3.393592816650943700e+00,-5.534998402017072827e+00,1.678162388497182134e+00,1.434105028608264387e+00,8.475244856322529108e-01,3.449995640436753219e-01,4.767840060099503025e+06
-3.197713297750689243e+00,-5.601140905609559795e+00,1.648498413203978386e+00,1.321101782232271260e+00,8.890961523998308635e-01,4.575920340522860452e-01,4.767840060099503025e+06
-2.968741563717829823e+00,-5.514068409876419885e+00,1.663820095688535172e+00,1.347452130665211634e+00,7.397546597204641694e-01,3.313824463397125886e-01,4.767840060099503025e+06
-2.895215513933723006e+00,-5.567599266725324014e+00,1.621926114410385145e+00,1.263349863664544603e+00,7.745492967629704628e-01,3.963833496624139530e-01,4.767840060099503025e+06
-2.684644339471005559e+00,-5.378572409836978707e+00,1.575397107401527386e+00,1.476612616586512772e+00,7.165388127015029918e-01,3.071984373773672949e-01,4.767840060099503025e+06
-2.622573983917122042e+00,-5.570923060273544003e+00,1.738497470207969187e+00,1.125237490830916620e+00,6.675736585637852549e-01,4.498724181137470080e-01,4.767840060099503025e+06
-1.578480153275873210e+00,-5.657493775226436483e+00,2.097595319909120626e+00,1.100530167676041060e+00,7.326763086503204070e-01,4.599998607407409512e-01,4.767840060099503025e+06
-2.178679494389978100e+00,-5.678339514043878822e+00,1.849315062346697625e+00,1.079044373146824887e+00,7.248325946821810861e-01,4.281511798285427273e-01,4.767840060099503025e+06
-1.385774531963104739e+00,-5.573414841942254228e+00,2.400400348007282414e+00,1.686304809953287798e+00,1.096593030614280373e+00,3.272702161803781040e-01,4.767840060099503025e+06
-1.383628736726675745e+00,-5.312200041719751020e+00,1.986197842786418644e+00,1.474640515589138001e+00,5.534051638964629927e-01,2.150412528345833074e-01,4.767840060099503025e+06
-1.465443270020854172e+00,-5.781507785606178729e+00,2.254061425679874109e+00,1.241073074391197961e+00,8.990385505462288318e-01,2.271043285752980811e-01,4.767840060099503025e+06
-1.427066234708561865e+00,-5.597577233407776021e+00,2.181069903722503422e+00,1.351491785447061389e+00,8.062892405220685177e-01,2.062706804002201189e-01,4.767840060099503025e+06
-1.373025487552759216e+00,-5.001510478423385031e+00,1.971099308114168780e+00,1.605268386738770037e+00,3.373552663415522179e-01,2.324514942231632048e-02,4.767840060099503025e+06
-1.364778061147887689e+00,-5.388133746782478362e+00,2.471581669427861172e+00,1.190625395400190412e+00,3.780876666685557552e-01,1.006483778600446577e-01,4.767840060099503025e+06
-1.266615473726850460e+00,-5.442771868085485742e+00,2.363699617715048440e+00,1.081689240088063331e+00,3.446984283693905748e-01,7.737309385721674593e-02,4.767840060099503025e+06
-1.345624245895580717e+00,-5.626707047326150679e+00,1.941774863447698785e+00,1.322475447998047615e+00,7.886650799302525883e-01,6.962545244976003911e-02,4.767840060099503025e+06
-1.345624245895580717e+00,-5.626707047326150679e+00,1.941774863447698785e+00,1.322475447998047615e+00,7.886650799302525883e-01,6.962545244976003911e-02,4.767840060099503025e+06
-1.111452370785010135e+00,-5.690035895001208210e+00,2.196674308827794242e+00,1.049029767342399833e+00,6.795720123794450895e-01,2.334138232241403377e-01,4.767840060099503025e+06
-9.656462508390886157e-01,-5.781463713411957528e+00,1.903110593764752556e+00,7.846353924495659271e-01,4.950623501807918103e-01,9.681941622991618868e-02,4.767840060099503025e+06
-8.918471006713482030e-01,-5.962263166002887971e+00,1.990173125092714157e+00,6.630941698141231688e-01,5.971512322681769014e-01,1.399182915161848451e-01,4.767840060099503025e+06
-8.918471006713482030e-01,-5.962263166002887971e+00,1.990173125092714157e+00,6.630941698141231688e-01,5.971512322681769014e-01,1.399182915161848451e-01,4.767840060099503025e+06
-1.387125485928065505e+00,-5.703958610753582903e+00,1.718188451771357705e+00,5.860370898666323880e-01,3.593021494885530465e-01,3.426149430505342486e-01,4.767840060099503025e+06
-1.347155103361582285e+00,-5.753751186490014824e+00,2.687271938524893322e+00,4.723623642936041200e-01,3.155627209833602453e-01,3.410742958191242957e-01,4.767840060099503025e+06
-1.111715740073456304e+00,-5.812238658768689170e+00,2.751301612770754801e+00,3.548290171300874096e-01,2.882434254546141217e-01,3.487345736770309235e-01,4.767840060099503025e+06
-1.111715740073456304e+00,-5.812238658768689170e+00,2.751301612770754801e+00,3.548290171300874096e-01,2.882434254546141217e-01,3.487345736770309235e-01,4.767840060099503025e+06
-1.009359797440290363e+00,-5.545282496424500884e+00,2.174926442951268690e+00,4.064808037392806384e-01,6.841066593482912628e-02,2.855773314841903998e-01,4.767840060099503025e+06
-1.020028524565355088e+00,-5.543501303374799960e+00,2.146411424355731956e+00,4.195154532520700696e-01,7.769304863193499111e-02,2.868599727989408210e-01,4.767840060099503025e+06
-1.105903482848191510e+00,-5.528646984895787320e+00,2.001962848560932429e+00,5.067446854306526527e-01,1.303426841503969036e-01,2.803277575434610092e-01,4.767840060099503025e+06
-1.259740168620104628e+00,-5.561595682218687386e+00,1.979230232828933289e+00,4.068253196420585915e-01,8.306445482546298553e-02,3.364148769263503591e-01,4.767840060099503025e+06
-1.302435123420886853e+00,-5.549194135738929390e+00,2.006963542817305601e+00,4.597638712836114028e-01,1.050683495676774659e-01,3.282988153077239235e-01,4.767840060099503025e+06
-1.358166289086875089e+00,-5.521192279569728356e+00,2.009332093958653420e+00,3.354509342580656028e-01,9.417266244208355452e-03,3.562690457734598581e-01,4.767840060099503025e+06
-2.033330667109170875e+00,-5.569888784647864632e+00,1.708239772114616750e+00,3.792683307390254388e-01,5.782842452394942878e-02,3.436906060078850356e-01,4.767840060099503025e+06
-1.795520024749648558e+00,-5.480144646020126409e+00,1.205272426457901336e+00,4.358591094165800151e-01,-8.802574179040956182e-03,2.897362966878232471e-01,4.767840060099503025e+06
-1.819870411972198232e+00,-5.477914354637068328e+00,1.210987014299478082e+00,4.629026813238596993e-01,1.033289277964133390e-02,2.886748610455478481e-01,4.767840060099503025e+06
-1.950030756290428213e+00,-5.183040255830151821e+00,7.553412403581223344e-01,5.348853492443453872e-01,-1.861854850474899958e-01,2.234539984581846717e-01,4.767840060099503025e+06
-2.978988183549847513e+00,-4.857260936431918807e+00,7.259532478932801958e-01,1.076256945354471473e+00,-1.852297166431227105e-01,1.237258498231613990e-01,4.767840060099503025e+06
-2.415291203060669467e+00,-5.309380714913801036e+00,1.181383800422521446e+00,1.299711816875541714e+00,4.617883373104936240e-01,1.013365769440216502e-01,4.767840060099503025e+06
-2.822340764865427509e+00,-5.240585970839021002e+00,1.298213842760850945e+00,5.501460667728198528e-01,-2.516296323420696979e-01,7.543803006256927235e-02,4.767840060099503025e+06
-2.225316933634307937e+00,-5.068287313157631147e+00,1.563744819897034732e+00,8.350141566209304811e-01,-2.627167807634888108e-01,-3.669659891128658480e-02,4.767840060099503025e+06
-3.188797097258247337e+00,-5.389435287499832583e+00,1.530012352848396429e+00,1.028765097384855665e+00,2.930378157839219622e-01,4.583594599126816771e-02,4.767840060099503025e+06
-3.471658972369655594e+00,-5.571542215696372757e+00,1.510061339923288060e+00,8.351467268591932225e-01,2.966232040030922779e-01,-2.425491741288421377e-02,4.767840060099503025e+06
-2.975430242164723182e+00,-5.466144837407727941e+00,2.180106420349814389e+00,1.319967722036968771e+00,6.057622713969008643e-01,5.339989381200976881e-03,4.767840060099503025e+06
-3.466741419124719226e+00,-5.718315197129891558e+00,1.706382070675812823e+00,7.739583469830778606e-01,4.368842660907304998e-01,1.013088555918328915e-01,4.767840060099503025e+06
-3.206505885449114412e+00,-5.778078960714917223e+00,1.700341841204849880e+00,6.578474367480169338e-01,4.391891875909425536e-01,2.149660472765174690e-01,4.767840060099503025e+06
-3.494133846032926094e+00,-5.912305287827305023e+00,1.402918604145666492e+00,4.353133827606029405e-01,4.091970624382740840e-01,2.640577699117937494e-01,4.767840060099503025e+06
-3.231935355982233915e+00,-5.900423765964927902e+00,1.477390155199460597e+00,5.042230501266677933e-01,4.488823951251135203e-01,2.732072142536110526e-01,4.767840060099503025e+06
-3.241364885065197043e+00,-6.026653453921787751e+00,1.392181639296439899e+00,5.970656945412881056e-01,7.343346047290061351e-01,3.707122682399445757e-01,4.767840060099503025e+06
-3.851714259228487869e+00,-6.133952101946473334e+00,1.261695882244541433e+00,3.717198194307628212e-01,6.554546503782904265e-01,3.349039724850216282e-01,4.767840060099503025e+06
-3.468386270761644852e+00,-6.078388036308427722e+00,1.281480051707077017e+00,3.866683303480886735e-01,6.357186677095146843e-01,3.867150847007025938e-01,4.767840060099503025e+06
-3.728209850077560894e+00,-6.091998669727179738e+00,1.578635613727674691e+00,4.280790966385716323e-01,7.822072292286066375e-01,5.850896475021249987e-01,4.767840060099503025e+06
-3.728209850077560894e+00,-6.091998669727179738e+00,1.578635613727674691e+00,4.280790966385716323e-01,7.822072292286066375e-01,5.850896475021249987e-01,4.767840060099503025e+06
-3.728209850077560894e+00,-6.091998669727179738e+00,1.578635613727674691e+00,4.280790966385716323e-01,7.822072292286066375e-01,5.850896475021249987e-01,4.767840060099503025e+06
-3.725193460864137052e+00,-6.083433605192593241e+00,1.538499728813859546e+00,4.119436981767318207e-01,7.661289556068768825e-01,5.891131117038832521e-01,4.767840060099503025e+06
-3.725193460864137052e+00,-6.083433605192593241e+00,1.538499728813859546e+00,4.119436981767318207e-01,7.661289556068768825e-01,5.891131117038832521e-01,4.767840060099503025e+06
-3.890223139438385047e+00,-6.088427331477677562e+00,1.544770365488369102e+00,3.461907999747005915e-01,7.156774980112780016e-01,5.837194255595794523e-01,4.767840060099503025e+06
-3.890223139438385047e+00,-6.088427331477677562e+00,1.544770365488369102e+00,3.461907999747005915e-01,7.156774980112780016e-01,5.837194255595794523e-01,4.767840060099503025e+06
-3.890223139438385047e+00,-6.088427331477677562e+00,1.544770365488369102e+00,3.461907999747005915e-01,7.156774980112780016e-01,5.837194255595794523e-01,4.767840060099503025e+06
-3.868974707523554102e+00,-6.082600642477469677e+00,1.666905434333574965e+00,4.379069035994118675e-01,7.781844760288116891e-01,5.912386736415420341e-01,4.767840060099503025e+06
-3.588281008119535986e+00,-5.975810374293255123e+00,1.665661549552333254e+00,4.647666644955563142e-01,6.449967326987805505e-01,5.348022104399017262e-01,4.767840060099503025e+06
-3.718669598366335372e+00,-5.928508117258730614e+00,1.422655045860399481e+00,3.530903939220444432e-01,4.702231139909851532e-01,4.735941373364432327e-01,4.767840060099503025e+06
-3.698952418838866052e+00,-5.938637858404820946e+00,1.443279837727079240e+00,3.583443453776963827e-01,4.864263701184501354e-01,4.770682866068615136e-01,4.767840060099503025e+06
-3.677933410622591826e+00,-5.774983560503462066e+00,1.430692188468256854e+00,5.323493656037501243e-01,5.047975443003616114e-01,5.611927524793388633e-01,4.767840060099503025e+06
-3.833427913723108649e+00,-5.677905427814238237e+00,1.259181416141983645e+00,5.077324946694726782e-01,3.766728717927780856e-01,5.399672322744941688e-01,4.767840060099503025e+06
-3.875839855751878726e+00,-5.752871270215297983e+00,1.467000812910219665e+00,5.170183382098405556e-01,4.551838565820826576e-01,5.496610243804614937e-01,4.767840060099503025e+06
-3.875839855751878726e+00,-5.752871270215297983e+00,1.467000812910219665e+00,5.170183382098405556e-01,4.551838565820826576e-01,5.496610243804614937e-01,4.767840060099503025e+06
-3.875839855751878726e+00,-5.752871270215297983e+00,1.467000812910219665e+00,5.170183382098405556e-01,4.551838565820826576e-01,5.496610243804614937e-01,4.767840060099503025e+06
-3.898505865260940340e+00,-5.769647689509414867e+00,1.469567949786558581e+00,4.529861982691363309e-01,4.188145338344814173e-01,5.574893171766487354e-01,4.767840060099503025e+06
-3.763474865763771771e+00,-5.716178507863117098e+00,1.531758789890444117e+00,5.938612276623016495e-01,4.950715560337179966e-01,5.703791422778321518e-01,4.767840060099503025e+06
-3.763474865763771771e+00,-5.716178507863117098e+00,1.531758789890444117e+00,5.938612276623016495e-01,4.950715560337179966e-01,5.703791422778321518e-01,4.767840060099503025e+06
-3.322483225640309179e+00,-5.598603751675483409e+00,2.622117754054192673e+00,9.229442912780470021e-01,5.402363342069017582e-01,4.752764991326381971e-01,4.767840060099503025e+06
-3.876543101005459402e+00,-5.444131154773587333e+00,2.955954467316213474e+00,1.095818635627678006e+00,4.424951868457365767e-01,3.513252807226840968e-01,4.767840060099503025e+06
-3.812616881645532807e+00,-5.417617671619759712e+00,2.873470266154583008e+00,1.067229473423371378e+00,4.086501656883646527e-01,3.773683530990475932e-01,4.767840060099503025e+06
-3.773482882889833245e+00,-5.333076340053293229e+00,2.396288025806747157e+00,8.891358006839347183e-01,2.660572142785214700e-01,5.318744679230499317e-01,4.767840060099503025e+06
-3.773482882889833245e+00,-5.333076340053293229e+00,2.396288025806747157e+00,8.891358006839347183e-01,2.660572142785214700e-01,5.318744679230499317e-01,4.767840060099503025e+06
-3.580610263889015599e+00,-5.091737474936741670e+00,2.876092164361248038e+00,1.153188930722080618e+00,1.643897136092902223e-01,3.653283787917732672e-01,4.767840060099503025e+06
-3.639542626932163127e+00,-5.055167081369001281e+00,2.879978940763498141e+00,1.166829385908909167e+00,1.397210247911311876e-01,3.638708673759672996e-01,4.767840060099503025e+06
-3.535969954931749815e+00,-5.095749302776608758e+00,2.551034778278336912e+00,1.241004638254681547e+00,2.470478376511452689e-01,3.569093142479574654e-01,4.767840060099503025e+06
-3.387537434404235714e+00,-5.319982355156809284e+00,1.722909709098640718e+00,9.950241379011991461e-01,3.946365539885086093e-01,5.979656530468848707e-01,4.767840060099503025e+06
-3.479407794775719154e+00,-5.683555247263505805e+00,1.947599530135520007e+00,9.956896936580879043e-01,7.726134189963055343e-01,6.077969220088211832e-01,4.767840060099503025e+06
-3.052814527101352038e+00,-5.746913028072174967e+00,2.045718998085561235e+00,8.642409966979336389e-01,6.962343106837822759e-01,5.426217613025174913e-01,4.767840060099503025e+06
-2.569842723504123683e+00,-5.341738429068890959e+00,1.775222834325609789e+00,9.471867034348311343e-01,2.230526148516990548e-01,3.506493040291638330e-01,4.767840060099503025e+06
-1.913302680724018101e+00,-5.296574488378516854e+00,2.181246761245134280e+00,7.819192735402744621e-01,9.435298896989885442e-02,4.411430204334528260e-01,4.767840060099503025e+06
-2.105480924684245192e+00,-5.116380137451542076e+00,2.507102990316697255e+00,1.168378215462963832e+00,2.143626155758399654e-01,4.323963722466488413e-01,4.767840060099503025e+06
-1.911901969094366605e+00,-5.116846065575497704e+00,2.520287740678125665e+00,1.153928609596210908e+00,2.078971680183184789e-01,4.285955763531698048e-01,4.767840060099503025e+06
-2.118379159288959812e+00,-5.302915718245360566e+00,2.620569991999620818e+00,1.192477192370222205e+00,3.672871361906512311e-01,3.301730809294504132e-01,4.767840060099503025e+06
-2.333288071045204859e+00,-5.510433862074360256e+00,2.589848663800319972e+00,1.055117588749154844e+00,5.144151094707112293e-01,4.096394186373214508e-01,4.767840060099503025e+06
-2.043283203676065529e+00,-5.463499986248836038e+00,2.152991569210736866e+00,1.016089370078912646e+00,4.596731113928226309e-01,4.358168967865733157e-01,4.767840060099503025e+06
-2.718457604565982066e+00,-5.555399125175587649e+00,2.445654957347676017e+00,7.507531768820308038e-01,3.849380822855942852e-01,5.217434129075129157e-01,4.767840060099503025e+06
-2.737658923711644210e+00,-5.524741940694040565e+00,2.409535730430659051e+00,7.498314407411401650e-01,3.479067947724123200e-01,5.137282987750080299e-01,4.767840060099503025e+06
-3.310097539080509854e+00,-5.173503231275321745e+00,2.512561600254000549e+00,8.583816551672280859e-01,1.123001773875533793e-01,5.560213333613535092e-01,4.767840060099503025e+06
-3.678495466183820284e+00,-5.077543333275108317e+00,2.802243563946211768e+00,8.433296099565467108e-01,-3.169164924750256240e-02,5.250178115981510851e-01,4.767840060099503025e+06
-3.803262157003643118e+00,-4.999790226682122807e+00,2.900431041229685647e+00,8.440524527925197251e-01,-1.008303200009155187e-01,5.453249006832624479e-01,4.767840060099503025e+06
-3.263915195797012725e+00,-5.285160354911423219e+00,2.469955616530815856e+00,8.618885800064784997e-01,1.940748101890227839e-01,4.997817688370110867e-01,4.767840060099503025e+06
-3.097439463819525951e+00,-5.228199837441927400e+00,2.267629071458522105e+00,8.878686310491067379e-01,4.372553738045069083e-01,8.682566406779861357e-01,4.767840060099503025e+06
-3.147511022416348059e+00,-5.209878713218472512e+00,2.341424006107152955e+00,8.773888169627070965e-01,4.289729453277482119e-01,8.997950944157457887e-01,4.767840060099503025e+06
-2.984994087457219614e+00,-5.237580374558704399e+00,2.303161609478558081e+00,9.373046396546735881e-01,4.737234017405944075e-01,8.491980979529827334e-01,4.767840060099503025e+06
-3.173503519405227014e+00,-5.174929549507247373e+00,2.218457413772495279e+00,9.023940537439565368e-01,4.591928235733360730e-01,9.506906166646502676e-01,4.767840060099503025e+06
-3.294762477235928522e+00,-5.141896534752555148e+00,2.272884412806225107e+00,9.224756162136381610e-01,4.301985562497701032e-01,9.405952474268798325e-01,4.767840060099503025e+06
-1.104787370510138977e+00,-6.002787868930821169e+00,2.515366308490874392e+00,8.767120511691155471e-01,9.019348659186954276e-01,4.128671427542428551e-01,4.767840060099503025e+06
-1.104039619515845283e+00,-6.007443255008677596e+00,2.522441710098037859e+00,8.650915696340988337e-01,8.974559877042326272e-01,4.164268478991141609e-01,4.767840060099503025e+06
-1.143466749935378779e+00,-5.733939653931083846e+00,2.433517838974037506e+00,9.140593080910484058e-01,6.900519657116690464e-01,4.473977978184390247e-01,4.767840060099503025e+06
-1.074933678277823157e+00,-5.773711707887571265e+00,2.445371696768720238e+00,8.308775793990288427e-01,6.809605023250988598e-01,5.053782703633538098e-01,4.767840060099503025e+06
-1.052964879351280025e+00,-5.957678776840043433e+00,2.656598368780539232e+00,7.694004609180031817e-01,8.357182327180889825e-01,5.599393319484192721e-01,4.767840060099503025e+06
-1.275095437470032067e+00,-6.103981196495974260e+00,2.550922866066458461e+00,1.012535094647592615e+00,1.182583511817171251e+00,5.229651568311473042e-01,4.767840060099503025e+06
-1.275095437470032067e+00,-6.103981196495974260e+00,2.550922866066458461e+00,1.012535094647592615e+00,1.182583511817171251e+00,5.229651568311473042e-01,4.767840060099503025e+06
-1.275478494515065009e+00,-6.010968661771525667e+00,2.482908680681326530e+00,9.916583138887904436e-01,1.066303135609275810e+00,5.142451673474863760e-01,4.767840060099503025e+06
-1.217084451600120687e+00,-6.087638599429948449e+00,2.499771925364575154e+00,8.476804463968767855e-01,1.041396878903728451e+00,5.575142310315905902e-01,4.767840060099503025e+06
-1.204723081073996838e+00,-5.932368453042681899e+00,2.324212510648011154e+00,8.342144878129467145e-01,8.594328394911666669e-01,5.250501500822908341e-01,4.767840060099503025e+06
-1.680754735761435192e+00,-5.927922254716436079e+00,2.596487482503277544e+00,1.274186546629404004e+00,1.266528788397168537e+00,5.824313247471658572e-01,4.767840060099503025e+06
-1.718973044143237150e+00,-6.024825377141421079e+00,2.606414471714997738e+00,1.042225250952824478e+00,1.238512156120984198e+00,7.220199040357431208e-01,4.767840060099503025e+06
-2.278494645642517025e+00,-5.842283753137937019e+00,2.981745182961009988e+00,8.846215089359849015e-01,8.578582436444387449e-01,6.387215850732540501e-01,4.767840060099503025e+06
-2.262133654577826558e+00,-5.824740503200828812e+00,2.945813747008942940e+00,8.916725946215551257e-01,8.443330332037679575e-01,6.337819649869609329e-01,4.767840060099503025e+06
-2.295470863175503418e+00,-5.771033199414250525e+00,2.786522543228864279e+00,1.081997126447487467e+00,9.496378631846370544e-01,5.995473022373505323e-01,4.767840060099503025e+06
-2.290237826103194596e+00,-5.761111768512398257e+00,2.721708164152276677e+00,1.166396615408920256e+00,1.004796668419267514e+00,5.813049355041968180e-01,4.767840060099503025e+06
-3.009925899751983103e+00,-6.110273974919193662e+00,2.610994363682880959e+00,7.692928896593714816e-01,1.095477461023787180e+00,7.364736384452017504e-01,4.767840060099503025e+06
-3.078239291065444583e+00,-6.073020029284913690e+00,2.587278807299910888e+00,8.332738648588008390e-01,1.082805700627180734e+00,6.854712419906732190e-01,4.767840060099503025e+06
-3.083632885969712412e+00,-6.074752694021100297e+00,2.539724256305795347e+00,8.517181564549930473e-01,1.098900061778331771e+00,6.803082684411121406e-01,4.767840060099503025e+06
-3.113032571462691855e+00,-6.102765105675251434e+00,2.670889967169318702e+00,8.646069995186639323e-01,1.156977472974524357e+00,7.151835847208271035e-01,4.767840060099503025e+06
-3.109655674947027215e+00,-6.119306343003806603e+00,2.615946579983538633e+00,8.498837497421021236e-01,1.155730540264055861e+00,7.001629185861834026e-01,4.767840060099503025e+06
-3.122282100723131393e+00,-6.134786625150685957e+00,2.703190979237297675e+00,8.339568794741850644e-01,1.166583377604337057e+00,7.181892692997451366e-01,4.767840060099503025e+06
-2.837466087537861448e+00,-6.225874559146232556e+00,2.637700395109539464e+00,6.951323327903971006e-01,1.188174688841638682e+00,7.530196191271130157e-01,4.767840060099503025e+06
-2.923650732639713645e+00,-6.284914096184109233e+00,2.741901664583481057e+00,7.070498609940295553e-01,1.265709696409887286e+00,7.697336923545841092e-01,4.767840060099503025e+06
-2.854355109411257807e+00,-6.241137117987824112e+00,2.627801059948883466e+00,6.639201364377046444e-01,1.164497574642423761e+00,7.331914323213359896e-01,4.767840060099503025e+06
-2.728807850553205405e+00,-6.168867308941861083e+00,2.502046322986839932e+00,6.983708099345677933e-01,1.108952904396741657e+00,7.079805425629429605e-01,4.767840060099503025e+06
-2.728807850553205405e+00,-6.168867308941861083e+00,2.502046322986839932e+00,6.983708099345677933e-01,1.108952904396741657e+00,7.079805425629429605e-01,4.767840060099503025e+06
-2.687754334920842592e+00,-6.203867416111931377e+00,2.508971290761075945e+00,5.925320537121381292e-01,1.078447877378021058e+00,7.554815276448639816e-01,4.767840060099503025e+06
-2.716808426059849957e+00,-6.135006081977094183e+00,2.529494309314425760e+00,6.608517204934531986e-01,1.076416143035431539e+00,7.552353265888060996e-01,4.767840060099503025e+06
-2.716808426059849957e+00,-6.135006081977094183e+00,2.529494309314425760e+00,6.608517204934531986e-01,1.076416143035431539e+00,7.552353265888060996e-01,4.767840060099503025e+06
-2.601816765794574771e+00,-6.092174870711536627e+00,2.419303508719877982e+00,6.767015019603292991e-01,1.035282416633168667e+00,7.380980873655037522e-01,4.767840060099503025e+06
-2.587845266896334095e+00,-6.083455643710858674e+00,2.419057296226494902e+00,6.833372850910047758e-01,1.032923878550983554e+00,7.382502339394168001e-01,4.767840060099503025e+06
-2.587845266896334095e+00,-6.083455643710858674e+00,2.419057296226494902e+00,6.833372850910047758e-01,1.032923878550983554e+00,7.382502339394168001e-01,4.767840060099503025e+06
-3.084626177263500413e+00,-5.915732980538672692e+00,2.199877129556293998e+00,7.291961011600974762e-01,8.335140224721951929e-01,6.475007095196489981e-01,4.767840060099503025e+06
-3.545430124200029454e+00,-6.054038297968809879e+00,2.395987067695978912e+00,5.958688645781925475e-01,9.531805097536362181e-01,8.076922344173125268e-01,4.767840060099503025e+06
-3.113679825754720021e+00,-5.886992700759979158e+00,2.015588272527512714e+00,7.670062001577162558e-01,9.103446118436766543e-01,7.640716130384971327e-01,4.767840060099503025e+06
-3.057144123349861964e+00,-5.813265815427763883e+00,1.999605852468843370e+00,8.086003211606798136e-01,8.634109124227221654e-01,7.492601684384763150e-01,4.767840060099503025e+06
-3.256182973807783654e+00,-5.880568193754697859e+00,2.046713388956359125e+00,7.291761870185704542e-01,8.979093192113877242e-01,7.960307576723330003e-01,4.767840060099503025e+06
-3.163696827959823654e+00,-5.873039733991912925e+00,2.029593713929686682e+00,7.380688903024581471e-01,8.828651958043204351e-01,7.742875511790464627e-01,4.767840060099503025e+06
-3.163696827959823654e+00,-5.873039733991912925e+00,2.029593713929686682e+00,7.380688903024581471e-01,8.828651958043204351e-01,7.742875511790464627e-01,4.767840060099503025e+06
-3.106129632002429641e+00,-5.832095520419524171e+00,1.994268658821585660e+00,7.951452840141289835e-01,8.850331922851155664e-01,7.636832857657366302e-01,4.767840060099503025e+06
-2.827034058538075989e+00,-5.831743430719114052e+00,2.181811165629725657e+00,7.256014454259996915e-01,9.314764002831932288e-01,9.045753559413620692e-01,4.767840060099503025e+06
-2.813827140935200255e+00,-5.830711891643765021e+00,2.168516031614570849e+00,7.255141244450884486e-01,9.283878918646334411e-01,9.011792423990863110e-01,4.767840060099503025e+06
-2.838601163770947622e+00,-5.811629360609673611e+00,2.133105015579089159e+00,7.717745759436257513e-01,9.380626451270570598e-01,8.830727563742188924e-01,4.767840060099503025e+06
-3.014237351118993935e+00,-6.617675005697770452e+00,2.955042991365070648e+00,-4.333937809500132410e-02,1.016398116101131288e+00,8.974242121518613002e-01,4.767840060099503025e+06
-2.193534160081877182e+00,-6.328542684658962969e+00,2.725845542591616155e+00,5.356390711898233459e-01,1.040931278346024280e+00,5.703357511321776041e-01,4.767840060099503025e+06
-1.847886115012455033e+00,-6.324016538541011201e+00,2.410804787290182549e+00,8.239136752269896613e-01,1.345123254429803072e+00,6.764669862473613460e-01,4.767840060099503025e+06
-1.702046560724234547e+00,-6.433792271933740814e+00,2.519865818341337160e+00,8.266006147304471030e-01,1.469531993220311916e+00,6.959213888791498936e-01,4.767840060099503025e+06
-1.700192930351292375e+00,-6.449909844357143207e+00,2.521623097677816894e+00,8.139346352839440524e-01,1.476721459392206892e+00,7.005334853280249519e-01,4.767840060099503025e+06
-2.299183458478391007e+00,-6.264038984119562947e+00,2.573439487510560841e+00,7.595583537735878243e-01,1.136892120698141495e+00,5.470129163508048453e-01,4.767840060099503025e+06
-2.299183458478391007e+00,-6.264038984119562947e+00,2.573439487510560841e+00,7.595583537735878243e-01,1.136892120698141495e+00,5.470129163508048453e-01,4.767840060099503025e+06
-2.439074145329324761e+00,-6.544146419924881997e+00,2.878131264398052558e+00,6.615290195135463680e-01,1.438367453935511353e+00,6.896087487100311941e-01,4.767840060099503025e+06
-2.408088692194056968e+00,-6.601821727455241984e+00,2.793564022805593794e+00,7.023152133309521483e-01,1.547237099124598725e+00,7.045173123605007470e-01,4.767840060099503025e+06
-2.552152198531568494e+00,-6.477829871512665427e+00,2.672431293749193415e+00,7.105756710080279870e-01,1.432421005183163398e+00,7.148656565821019937e-01,4.767840060099503025e+06
-2.160946806524282948e+00,-6.301656051809777281e+00,2.468371352902583027e+00,8.421076373643554547e-01,1.419807494625967781e+00,7.911084422512657532e-01,4.767840060099503025e+06
-1.838631888007870474e+00,-6.577951191442084067e+00,2.746965808705315037e+00,7.791988433831312788e-01,1.709534796320460792e+00,8.850767925741409581e-01,4.767840060099503025e+06
-1.946536574046168422e+00,-6.512124717406356567e+00,2.749327008020364893e+00,7.852395492080284090e-01,1.633839756383894670e+00,8.666090965054118467e-01,4.767840060099503025e+06
-2.642820752239082971e+00,-6.050183132157139099e+00,2.301170663474732869e+00,8.707280431621288175e-01,1.191218582894386202e+00,8.011377691136081225e-01,4.767840060099503025e+06
-2.749041783877837819e+00,-6.135634446324642610e+00,2.383665230794630219e+00,9.074521845286275257e-01,1.326789762355534252e+00,8.292820290082658641e-01,4.767840060099503025e+06
-2.671744970453505452e+00,-6.266989328875848919e+00,2.415256763898146364e+00,8.070669603782224533e-01,1.396741581835326151e+00,8.604626664460179875e-01,4.767840060099503025e+06
-3.296215358769202020e+00,-6.344018295417967579e+00,2.988977325288431519e+00,8.005726346351809131e-01,1.343388547814870604e+00,6.998770447092297342e-01,4.767840060099503025e+06
-3.296215358769202020e+00,-6.344018295417967579e+00,2.988977325288431519e+00,8.005726346351809131e-01,1.343388547814870604e+00,6.998770447092297342e-01,4.767840060099503025e+06
-3.604609868880771284e+00,-5.882696532335164541e+00,2.953149920233293813e+00,9.364416673416392500e-01,8.709869182227892859e-01,5.300336312106463943e-01,4.767840060099503025e+06
-3.604609868880771284e+00,-5.882696532335164541e+00,2.953149920233293813e+00,9.364416673416392500e-01,8.709869182227892859e-01,5.300336312106463943e-01,4.767840060099503025e+06
-3.126423861932154491e+00,-5.674704522336795343e+00,2.699971912092890225e+00,9.756642620544254685e-01,6.647209005879586297e-01,4.736930261030594114e-01,4.767840060099503025e+06
-3.149264986548096168e+00,-5.681382232288412659e+00,2.712177597428401477e+00,9.770230777094164321e-01,6.710338159240589739e-01,4.716307552101134393e-01,4.767840060099503025e+06
-3.673203844143761998e+00,-5.611635117935424688e+00,2.712563489321901056e+00,1.098990608424234239e+00,6.159372945999560534e-01,3.497177281340416166e-01,4.767840060099503025e+06
-3.623462032826306078e+00,-5.744447433597814623e+00,2.828886754305467210e+00,8.365397638245688494e-01,5.909554855876608670e-01,4.333847787082271141e-01,4.767840060099503025e+06
-3.721059392843048208e+00,-5.738224049730117571e+00,2.937829138844591625e+00,8.476365102804148677e-01,5.985194508451923134e-01,4.448765181448554040e-01,4.767840060099503025e+06
-3.907747159226881095e+00,-5.797666851566086521e+00,2.962766846291191136e+00,7.745515405835432521e-01,5.600171543728628132e-01,4.103892923611627275e-01,4.767840060099503025e+06
-3.389074580754277033e+00,-5.693586969903077666e+00,2.418216437888359494e+00,8.279662107634808699e-01,5.842131471519534935e-01,5.329401741107240298e-01,4.767840060099503025e+06
-3.507523234144294122e+00,-5.745707961089761007e+00,2.532327326721200311e+00,8.461086384342203504e-01,6.322613029438638454e-01,5.076540234411971442e-01,4.767840060099503025e+06
-3.552806943661759309e+00,-5.758668752136572699e+00,2.476183749584905058e+00,8.515054956230050376e-01,6.447034429478558648e-01,5.118376554956679536e-01,4.767840060099503025e+06
-3.093915376224911196e+00,-5.598660761586375934e+00,1.893011423405399629e+00,1.270688552368741009e+00,7.583974139875748754e-01,3.696423267714981087e-01,4.767840060099503025e+06
-2.969309493667812383e+00,-5.463007791092899801e+00,1.661508910617726098e+00,1.480890354715652668e+00,8.390155871717038805e-01,3.561144244348486976e-01,4.767840060099503025e+06
-3.227975234823195816e+00,-4.560974508767587920e+00,1.235538412536931530e+00,1.808407094434350881e+00,2.193791993910993998e-01,2.970951802190515689e-01,4.767840060099503025e+06
-3.491199739109644540e+00,-4.483840334563898189e+00,1.117930888581217808e+00,1.766644686284104093e+00,1.169303117315427798e-01,3.100424902390261916e-01,4.767840060099503025e+06
-3.344607268229827124e+00,-4.598538497076456011e+00,1.314349357014531039e+00,1.826001778974372325e+00,2.200698614516796159e-01,1.262989122875411152e-01,4.767840060099503025e+06
-3.491386812670624451e+00,-4.442577544804831469e+00,1.094792443938894744e+00,2.080207912901425260e+00,2.899316142286525455e-01,9.086014588134552761e-02,4.767840060099503025e+06
-3.909401948540081939e+00,-4.992698048860491511e+00,1.949651387613932307e+00,1.458971095194661949e+00,3.832183500210332161e-01,2.537373722712648605e-01,4.767840060099503025e+06
-3.909401948540081939e+00,-4.992698048860491511e+00,1.949651387613932307e+00,1.458971095194661949e+00,3.832183500210332161e-01,2.537373722712648605e-01,4.767840060099503025e+06
-3.817524210797598627e+00,-5.018249745877120027e+00,1.913107908865953499e+00,1.443955107646345715e+00,3.886331416490714785e-01,2.483036925915825255e-01,4.767840060099503025e+06
-3.818395812445695370e+00,-5.029135505405541551e+00,1.911719238148870570e+00,1.441286124915535094e+00,3.976330944573285286e-01,2.523794423073510984e-01,4.767840060099503025e+06
-3.818395812445695370e+00,-5.029135505405541551e+00,1.911719238148870570e+00,1.441286124915535094e+00,3.976330944573285286e-01,2.523794423073510984e-01,4.767840060099503025e+06
-3.818395812445695370e+00,-5.029135505405541551e+00,1.911719238148870570e+00,1.441286124915535094e+00,3.976330944573285286e-01,2.523794423073510984e-01,4.767840060099503025e+06
-3.818395812445695370e+00,-5.029135505405541551e+00,1.911719238148870570e+00,1.441286124915535094e+00,3.976330944573285286e-01,2.523794423073510984e-01,4.767840060099503025e+06
-3.818395812445695370e+00,-5.029135505405541551e+00,1.911719238148870570e+00,1.441286124915535094e+00,3.976330944573285286e-01,2.523794423073510984e-01,4.767840060099503025e+06
-3.973258684669338514e+00,-4.967775042042458011e+00,2.832331648245305367e+00,5.245721431063541385e-01,-4.979453692446185187e-01,2.707178327214294633e-01,4.767840060099503025e+06
-3.691576266952131036e+00,-5.168096947456636059e+00,2.298636592991928129e+00,6.582146232256814722e-01,-1.996517303260760823e-01,2.390795755145271317e-01,4.767840060099503025e+06
-2.868023422244730725e+00,-5.661672436751022275e+00,2.299844590611179740e+00,6.353618707042844038e-01,3.977988799437597311e-01,4.466181396870276821e-01,4.767840060099503025e+06
-1.063018058345108985e+00,-5.689377193322252779e+00,1.911664253485019671e+00,1.430974378444889616e+00,8.164746644685605403e-01,-1.280425939737243057e-01,4.767840060099503025e+06
-1.063018058345108985e+00,-5.689377193322252779e+00,1.911664253485019671e+00,1.430974378444889616e+00,8.164746644685605403e-01,-1.280425939737243057e-01,4.767840060099503025e+06
-1.063018058345108985e+00,-5.689377193322252779e+00,1.911664253485019671e+00,1.430974378444889616e+00,8.164746644685605403e-01,-1.280425939737243057e-01,4.767840060099503025e+06
-1.063018058345108985e+00,-5.689377193322252779e+00,1.911664253485019671e+00,1.430974378444889616e+00,8.164746644685605403e-01,-1.280425939737243057e-01,4.767840060099503025e+06
-1.063018058345108985e+00,-5.689377193322252779e+00,1.911664253485019671e+00,1.430974378444889616e+00,8.164746644685605403e-01,-1.280425939737243057e-01,4.767840060099503025e+06
-1.063018058345108985e+00,-5.689377193322252779e+00,1.911664253485019671e+00,1.430974378444889616e+00,8.164746644685605403e-01,-1.280425939737243057e-01,4.767840060099503025e+06
-1.063018058345108985e+00,-5.689377193322252779e+00,1.911664253485019671e+00,1.430974378444889616e+00,8.164746644685605403e-01,-1.280425939737243057e-01,4.767840060099503025e+06
-1.063018058345108985e+00,-5.689377193322252779e+00,1.911664253485019671e+00,1.430974378444889616e+00,8.164746644685605403e-01,-1.280425939737243057e-01,4.767840060099503025e+06
-1.130322427475009883e+00,-5.945726098465446086e+00,2.275254499762028537e+00,1.428501612400260301e+00,9.947783980966687922e-01,-2.756719888284809850e-01,4.767840060099503025e+06
-1.192766176920612153e+00,-5.848871911583930938e+00,2.312574658063276001e+00,1.594918456708347643e+00,1.077316707978022148e+00,-2.113946037938239653e-01,4.767840060099503025e+06
-9.649825963841341947e-01,-5.811972746890127439e+00,2.180049666361036032e+00,1.744629882409858945e+00,9.889961841095767925e-01,-5.819371278957933269e-01,4.767840060099503025e+06
-9.649825963841341947e-01,-5.811972746890127439e+00,2.180049666361036032e+00,1.744629882409858945e+00,9.889961841095767925e-01,-5.819371278957933269e-01,4.767840060099503025e+06
-9.649825963841341947e-01,-5.811972746890127439e+00,2.180049666361036032e+00,1.744629882409858945e+00,9.889961841095767925e-01,-5.819371278957933269e-01,4.767840060099503025e+06
-9.649825963841341947e-01,-5.811972746890127439e+00,2.180049666361036032e+00,1.744629882409858945e+00,9.889961841095767925e-01,-5.819371278957933269e-01,4.767840060099503025e+06
-9.649825963841341947e-01,-5.811972746890127439e+00,2.180049666361036032e+00,1.744629882409858945e+00,9.889961841095767925e-01,-5.819371278957933269e-01,4.767840060099503025e+06
-9.649825963841341947e-01,-5.811972746890127439e+00,2.180049666361036032e+00,1.744629882409858945e+00,9.889961841095767925e-01,-5.819371278957933269e-01,4.767840060099503025e+06
-9.649825963841341947e-01,-5.811972746890127439e+00,2.180049666361036032e+00,1.744629882409858945e+00,9.889961841095767925e-01,-5.819371278957933269e-01,4.767840060099503025e+06
-8.721581455332982902e-01,-5.819842582809150677e+00,2.208480969499790447e+00,1.778595294627117962e+00,1.067244403272755493e+00,-4.870903863833710434e-01,4.767840060099503025e+06
-8.721581455332982902e-01,-5.819842582809150677e+00,2.208480969499790447e+00,1.778595294627117962e+00,1.067244403272755493e+00,-4.870903863833710434e-01,4.767840060099503025e+06
-9.256442174582442117e-01,-5.786501847013122202e+00,2.209699201234789356e+00,1.813334454041535926e+00,1.088318472230654033e+00,-4.352236124612396950e-01,4.767840060099503025e+06
-9.256442174582442117e-01,-5.786501847013122202e+00,2.209699201234789356e+00,1.813334454041535926e+00,1.088318472230654033e+00,-4.352236124612396950e-01,4.767840060099503025e+06
-9.256442174582442117e-01,-5.786501847013122202e+00,2.209699201234789356e+00,1.813334454041535926e+00,1.088318472230654033e+00,-4.352236124612396950e-01,4.767840060099503025e+06
-9.256442174582442117e-01,-5.786501847013122202e+00,2.209699201234789356e+00,1.813334454041535926e+00,1.088318472230654033e+00,-4.352236124612396950e-01,4.767840060099503025e+06
-9.256442174582442117e-01,-5.786501847013122202e+00,2.209699201234789356e+00,1.813334454041535926e+00,1.088318472230654033e+00,-4.352236124612396950e-01,4.767840060099503025e+06
-9.256442174582442117e-01,-5.786501847013122202e+00,2.209699201234789356e+00,1.813334454041535926e+00,1.088318472230654033e+00,-4.352236124612396950e-01,4.767840060099503025e+06
-9.256442174582442117e-01,-5.786501847013122202e+00,2.209699201234789356e+00,1.813334454041535926e+00,1.088318472230654033e+00,-4.352236124612396950e-01,4.767840060099503025e+06
-9.256442174582442117e-01,-5.786501847013122202e+00,2.209699201234789356e+00,1.813334454041535926e+00,1.088318472230654033e+00,-4.352236124612396950e-01,4.767840060099503025e+06
-9.256442174582442117e-01,-5.786501847013122202e+00,2.209699201234789356e+00,1.813334454041535926e+00,1.088318472230654033e+00,-4.352236124612396950e-01,4.767840060099503025e+06
-9.256442174582442117e-01,-5.786501847013122202e+00,2.209699201234789356e+00,1.813334454041535926e+00,1.088318472230654033e+00,-4.352236124612396950e-01,4.767840060099503025e+06
-9.256442174582442117e-01,-5.786501847013122202e+00,2.209699201234789356e+00,1.813334454041535926e+00,1.088318472230654033e+00,-4.352236124612396950e-01,4.767840060099503025e+06
-9.256442174582442117e-01,-5.786501847013122202e+00,2.209699201234789356e+00,1.813334454041535926e+00,1.088318472230654033e+00,-4.352236124612396950e-01,4.767840060099503025e+06
-9.256442174582442117e-01,-5.786501847013122202e+00,2.209699201234789356e+00,1.813334454041535926e+00,1.088318472230654033e+00,-4.352236124612396950e-01,4.767840060099503025e+06
-9.256442174582442117e-01,-5.786501847013122202e+00,2.209699201234789356e+00,1.813334454041535926e+00,1.088318472230654033e+00,-4.352236124612396950e-01,4.767840060099503025e+06
-1.564550738281441866e+00,-5.765578075415332293e+00,2.186292009699978500e+00,1.737867989586522111e+00,9.429686754862025566e-01,-6.204517433821625794e-01,4.767840060099503025e+06
-1.564550738281441866e+00,-5.765578075415332293e+00,2.186292009699978500e+00,1.737867989586522111e+00,9.429686754862025566e-01,-6.204517433821625794e-01,4.767840060099503025e+06
-1.564550738281441866e+00,-5.765578075415332293e+00,2.186292009699978500e+00,1.737867989586522111e+00,9.429686754862025566e-01,-6.204517433821625794e-01,4.767840060099503025e+06
-1.564550738281441866e+00,-5.765578075415332293e+00,2.186292009699978500e+00,1.737867989586522111e+00,9.429686754862025566e-01,-6.204517433821625794e-01,4.767840060099503025e+06
-2.212627986941464009e+00,-5.769643933414146275e+00,2.150241809059628029e+00,1.767277565339669732e+00,8.324710894140627815e-01,-1.035232968996625313e+00,4.767840060099503025e+06
-2.212627986941464009e+00,-5.769643933414146275e+00,2.150241809059628029e+00,1.767277565339669732e+00,8.324710894140627815e-01,-1.035232968996625313e+00,4.767840060099503025e+06
-2.212627986941464009e+00,-5.769643933414146275e+00,2.150241809059628029e+00,1.767277565339669732e+00,8.324710894140627815e-01,-1.035232968996625313e+00,4.767840060099503025e+06
-2.212627986941464009e+00,-5.769643933414146275e+00,2.150241809059628029e+00,1.767277565339669732e+00,8.324710894140627815e-01,-1.035232968996625313e+00,4.767840060099503025e+06
-2.235861985542989760e+00,-5.775293351804775099e+00,2.152544777945965659e+00,1.760528888947317183e+00,8.419438530053893199e-01,-1.011342806963968277e+00,4.767840060099503025e+06
-2.235861985542989760e+00,-5.775293351804775099e+00,2.152544777945965659e+00,1.760528888947317183e+00,8.419438530053893199e-01,-1.011342806963968277e+00,4.767840060099503025e+06
-2.235861985542989760e+00,-5.775293351804775099e+00,2.152544777945965659e+00,1.760528888947317183e+00,8.419438530053893199e-01,-1.011342806963968277e+00,4.767840060099503025e+06
-2.235861985542989760e+00,-5.775293351804775099e+00,2.152544777945965659e+00,1.760528888947317183e+00,8.419438530053893199e-01,-1.011342806963968277e+00,4.767840060099503025e+06
-2.235861985542989760e+00,-5.775293351804775099e+00,2.152544777945965659e+00,1.760528888947317183e+00,8.419438530053893199e-01,-1.011342806963968277e+00,4.767840060099503025e+06
-2.487931046779895183e+00,-5.855039029407517859e+00,2.146700981698741462e+00,1.756866608828813403e+00,8.782947005877200786e-01,-1.157134480056007497e+00,4.767840060099503025e+06
-2.487931046779895183e+00,-5.855039029407517859e+00,2.146700981698741462e+00,1.756866608828813403e+00,8.782947005877200786e-01,-1.157134480056007497e+00,4.767840060099503025e+06
-2.487931046779895183e+00,-5.855039029407517859e+00,2.146700981698741462e+00,1.756866608828813403e+00,8.782947005877200786e-01,-1.157134480056007497e+00,4.767840060099503025e+06
-2.487931046779895183e+00,-5.855039029407517859e+00,2.146700981698741462e+00,1.756866608828813403e+00,8.782947005877200786e-01,-1.157134480056007497e+00,4.767840060099503025e+06
-2.518624845580662353e+00,-5.825676969079290224e+00,2.184866866663896623e+00,1.730800648355401705e+00,8.522499623641083266e-01,-1.086446640271649056e+00,4.767840060099503025e+06
-2.518624845580662353e+00,-5.825676969079290224e+00,2.184866866663896623e+00,1.730800648355401705e+00,8.522499623641083266e-01,-1.086446640271649056e+00,4.767840060099503025e+06
-2.518624845580662353e+00,-5.825676969079290224e+00,2.184866866663896623e+00,1.730800648355401705e+00,8.522499623641083266e-01,-1.086446640271649056e+00,4.767840060099503025e+06
-2.518624845580662353e+00,-5.825676969079290224e+00,2.184866866663896623e+00,1.730800648355401705e+00,8.522499623641083266e-01,-1.086446640271649056e+00,4.767840060099503025e+06
-2.518624845580662353e+00,-5.825676969079290224e+00,2.184866866663896623e+00,1.730800648355401705e+00,8.522499623641083266e-01,-1.086446640271649056e+00,4.767840060099503025e+06
-2.251804982452735526e+00,-5.586388380020775202e+00,2.277219077858845253e+00,1.832692756590475813e+00,8.239428681386874453e-01,-8.131189986844146178e-01,4.767840060099503025e+06
-2.251804982452735526e+00,-5.586388380020775202e+00,2.277219077858845253e+00,1.832692756590475813e+00,8.239428681386874453e-01,-8.131189986844146178e-01,4.767840060099503025e+06
-2.251804982452735526e+00,-5.586388380020775202e+00,2.277219077858845253e+00,1.832692756590475813e+00,8.239428681386874453e-01,-8.131189986844146178e-01,4.767840060099503025e+06
-2.203543711258973303e+00,-5.570803042551733419e+00,2.181479766921174956e+00,1.776916433709951892e+00,7.975749806361913663e-01,-7.183594567546989218e-01,4.767840060099503025e+06
-2.203543711258973303e+00,-5.570803042551733419e+00,2.181479766921174956e+00,1.776916433709951892e+00,7.975749806361913663e-01,-7.183594567546989218e-01,4.767840060099503025e+06
-2.199985108482926499e+00,-5.569759432556427470e+00,2.182793034129359544e+00,1.779123317799336634e+00,7.972740172126704383e-01,-7.212665217616176516e-01,4.767840060099503025e+06
-2.199985108482926499e+00,-5.569759432556427470e+00,2.182793034129359544e+00,1.779123317799336634e+00,7.972740172126704383e-01,-7.212665217616176516e-01,4.767840060099503025e+06
-2.199985108482926499e+00,-5.569759432556427470e+00,2.182793034129359544e+00,1.779123317799336634e+00,7.972740172126704383e-01,-7.212665217616176516e-01,4.767840060099503025e+06
-2.199985108482926499e+00,-5.569759432556427470e+00,2.182793034129359544e+00,1.779123317799336634e+00,7.972740172126704383e-01,-7.212665217616176516e-01,4.767840060099503025e+06
-2.187877720777350987e+00,-5.567324679476779892e+00,2.180296217403145498e+00,1.787033780413229245e+00,7.987557941971242803e-01,-7.291670482437768719e-01,4.767840060099503025e+06
-2.187877720777350987e+00,-5.567324679476779892e+00,2.180296217403145498e+00,1.787033780413229245e+00,7.987557941971242803e-01,-7.291670482437768719e-01,4.767840060099503025e+06
-2.875185601683728720e+00,-5.085459680967280960e+00,2.177444441499758909e+00,1.912847805075533536e+00,4.074245885256816968e-01,-8.591937319797992023e-01,4.767840060099503025e+06
-2.875185601683728720e+00,-5.085459680967280960e+00,2.177444441499758909e+00,1.912847805075533536e+00,4.074245885256816968e-01,-8.591937319797992023e-01,4.767840060099503025e+06
-2.875185601683728720e+00,-5.085459680967280960e+00,2.177444441499758909e+00,1.912847805075533536e+00,4.074245885256816968e-01,-8.591937319797992023e-01,4.767840060099503025e+06
-2.875185601683728720e+00,-5.085459680967280960e+00,2.177444441499758909e+00,1.912847805075533536e+00,4.074245885256816968e-01,-8.591937319797992023e-01,4.767840060099503025e+06
-2.875185601683728720e+00,-5.085459680967280960e+00,2.177444441499758909e+00,1.912847805075533536e+00,4.074245885256816968e-01,-8.591937319797992023e-01,4.767840060099503025e+06
-2.875185601683728720e+00,-5.085459680967280960e+00,2.177444441499758909e+00,1.912847805075533536e+00,4.074245885256816968e-01,-8.591937319797992023e-01,4.767840060099503025e+06
-2.875185601683728720e+00,-5.085459680967280960e+00,2.177444441499758909e+00,1.912847805075533536e+00,4.074245885256816968e-01,-8.591937319797992023e-01,4.767840060099503025e+06
-2.830815299158449427e+00,-5.047401820912301496e+00,2.222431519089806962e+00,1.968302207608428223e+00,3.929026979578340018e-01,-9.327519074470447258e-01,4.767840060099503025e+06
-2.830815299158449427e+00,-5.047401820912301496e+00,2.222431519089806962e+00,1.968302207608428223e+00,3.929026979578340018e-01,-9.327519074470447258e-01,4.767840060099503025e+06
-2.830815299158449427e+00,-5.047401820912301496e+00,2.222431519089806962e+00,1.968302207608428223e+00,3.929026979578340018e-01,-9.327519074470447258e-01,4.767840060099503025e+06
-2.715295281329174415e+00,-4.996088994146238527e+00,2.196635708564853573e+00,1.936358130039981029e+00,3.635527417272332307e-01,-8.316840628554827974e-01,4.767840060099503025e+06
-3.521356015515732185e+00,-4.816911055277275366e+00,2.192197715957141302e+00,1.915638569683387082e+00,1.286330825405155309e-01,-1.008594506482884290e+00,4.767840060099503025e+06
-3.521356015515732185e+00,-4.816911055277275366e+00,2.192197715957141302e+00,1.915638569683387082e+00,1.286330825405155309e-01,-1.008594506482884290e+00,4.767840060099503025e+06
-3.490830247460706026e+00,-4.844987976623343684e+00,2.201834024681930124e+00,1.871350250231765155e+00,1.383776615144692301e-01,-9.504118774777234879e-01,4.767840060099503025e+06
-3.490830247460706026e+00,-4.844987976623343684e+00,2.201834024681930124e+00,1.871350250231765155e+00,1.383776615144692301e-01,-9.504118774777234879e-01,4.767840060099503025e+06
-3.490830247460706026e+00,-4.844987976623343684e+00,2.201834024681930124e+00,1.871350250231765155e+00,1.383776615144692301e-01,-9.504118774777234879e-01,4.767840060099503025e+06
-3.490830247460706026e+00,-4.844987976623343684e+00,2.201834024681930124e+00,1.871350250231765155e+00,1.383776615144692301e-01,-9.504118774777234879e-01,4.767840060099503025e+06
-3.490830247460706026e+00,-4.844987976623343684e+00,2.201834024681930124e+00,1.871350250231765155e+00,1.383776615144692301e-01,-9.504118774777234879e-01,4.767840060099503025e+06
-3.490830247460706026e+00,-4.844987976623343684e+00,2.201834024681930124e+00,1.871350250231765155e+00,1.383776615144692301e-01,-9.504118774777234879e-01,4.767840060099503025e+06
-3.334126167003897745e+00,-4.924743396645449245e+00,2.066624374991857138e+00,1.707423741845226939e+00,2.123585797756738502e-01,-6.813960020391227612e-01,4.767840060099503025e+06
-3.334126167003897745e+00,-4.924743396645449245e+00,2.066624374991857138e+00,1.707423741845226939e+00,2.123585797756738502e-01,-6.813960020391227612e-01,4.767840060099503025e+06
-3.334126167003897745e+00,-4.924743396645449245e+00,2.066624374991857138e+00,1.707423741845226939e+00,2.123585797756738502e-01,-6.813960020391227612e-01,4.767840060099503025e+06
-3.334126167003897745e+00,-4.924743396645449245e+00,2.066624374991857138e+00,1.707423741845226939e+00,2.123585797756738502e-01,-6.813960020391227612e-01,4.767840060099503025e+06
-3.334126167003897745e+00,-4.924743396645449245e+00,2.066624374991857138e+00,1.707423741845226939e+00,2.123585797756738502e-01,-6.813960020391227612e-01,4.767840060099503025e+06
-8.068012848868708620e-01,-5.170604158591112665e+00,2.093046710183649850e+00,1.675561269794734631e+00,9.016528034866081454e-01,4.321340241739952126e-01,4.767840060099503025e+06
-9.451004311599563446e-01,-5.201594582922474785e+00,1.956461360534705207e+00,1.628929659163090848e+00,7.969462316530326884e-01,3.233144733734722998e-01,4.767840060099503025e+06
-9.451004311599563446e-01,-5.201594582922474785e+00,1.956461360534705207e+00,1.628929659163090848e+00,7.969462316530326884e-01,3.233144733734722998e-01,4.767840060099503025e+06
-9.451004311599563446e-01,-5.201594582922474785e+00,1.956461360534705207e+00,1.628929659163090848e+00,7.969462316530326884e-01,3.233144733734722998e-01,4.767840060099503025e+06
-5.782395782964828701e-01,-4.777049329950996182e+00,1.901765075833729002e+00,1.718482146000219535e+00,7.589550392919208743e-01,8.087024318705490211e-01,4.767840060099503025e+06
-5.782395782964828701e-01,-4.777049329950996182e+00,1.901765075833729002e+00,1.718482146000219535e+00,7.589550392919208743e-01,8.087024318705490211e-01,4.767840060099503025e+06
-5.782395782964828701e-01,-4.777049329950996182e+00,1.901765075833729002e+00,1.718482146000219535e+00,7.589550392919208743e-01,8.087024318705490211e-01,4.767840060099503025e+06
-5.782395782964828701e-01,-4.777049329950996182e+00,1.901765075833729002e+00,1.718482146000219535e+00,7.589550392919208743e-01,8.087024318705490211e-01,4.767840060099503025e+06
-5.782395782964828701e-01,-4.777049329950996182e+00,1.901765075833729002e+00,1.718482146000219535e+00,7.589550392919208743e-01,8.087024318705490211e-01,4.767840060099503025e+06
-5.782395782964828701e-01,-4.777049329950996182e+00,1.901765075833729002e+00,1.718482146000219535e+00,7.589550392919208743e-01,8.087024318705490211e-01,4.767840060099503025e+06
-8.546462480293639530e-01,-4.891192356135449337e+00,1.933847656622839084e+00,1.752569516907704017e+00,8.260511212234893375e-01,6.826411918186275907e-01,4.767840060099503025e+06
-8.912871319410968773e-01,-4.947207161735114767e+00,1.951184279510419284e+00,1.706070227378404081e+00,8.330124530961120488e-01,6.753391831737043383e-01,4.767840060099503025e+06
-1.280864319884025493e+00,-5.052394577147751420e+00,1.822763690848932416e+00,1.775128335691924075e+00,1.003436686233952546e+00,6.947293513594182679e-01,4.767840060099503025e+06
-1.280864319884025493e+00,-5.052394577147751420e+00,1.822763690848932416e+00,1.775128335691924075e+00,1.003436686233952546e+00,6.947293513594182679e-01,4.767840060099503025e+06
-1.280864319884025493e+00,-5.052394577147751420e+00,1.822763690848932416e+00,1.775128335691924075e+00,1.003436686233952546e+00,6.947293513594182679e-01,4.767840060099503025e+06
-1.280864319884025493e+00,-5.052394577147751420e+00,1.822763690848932416e+00,1.775128335691924075e+00,1.003436686233952546e+00,6.947293513594182679e-01,4.767840060099503025e+06
-1.183522517469810076e+00,-5.010567291453446259e+00,1.860729173908313827e+00,1.821845353976362158e+00,1.012315678120670137e+00,7.023032027599744875e-01,4.767840060099503025e+06
-1.214337463732247713e+00,-5.027232665449732352e+00,2.218618382246342335e+00,2.153218582568559469e+00,1.495196407356910839e+00,8.907654199629078118e-01,4.767840060099503025e+06
-1.214337463732247713e+00,-5.027232665449732352e+00,2.218618382246342335e+00,2.153218582568559469e+00,1.495196407356910839e+00,8.907654199629078118e-01,4.767840060099503025e+06
-1.208343210583080474e+00,-5.025515240473843903e+00,2.195889502124526160e+00,2.129855879779797956e+00,1.468649841021674396e+00,8.827268657478346547e-01,4.767840060099503025e+06
-1.208343210583080474e+00,-5.025515240473843903e+00,2.195889502124526160e+00,2.129855879779797956e+00,1.468649841021674396e+00,8.827268657478346547e-01,4.767840060099503025e+06
-1.208343210583080474e+00,-5.025515240473843903e+00,2.195889502124526160e+00,2.129855879779797956e+00,1.468649841021674396e+00,8.827268657478346547e-01,4.767840060099503025e+06
-1.208343210583080474e+00,-5.025515240473843903e+00,2.195889502124526160e+00,2.129855879779797956e+00,1.468649841021674396e+00,8.827268657478346547e-01,4.767840060099503025e+06
-1.208343210583080474e+00,-5.025515240473843903e+00,2.195889502124526160e+00,2.129855879779797956e+00,1.468649841021674396e+00,8.827268657478346547e-01,4.767840060099503025e+06
-1.208343210583080474e+00,-5.025515240473843903e+00,2.195889502124526160e+00,2.129855879779797956e+00,1.468649841021674396e+00,8.827268657478346547e-01,4.767840060099503025e+06
-1.208343210583080474e+00,-5.025515240473843903e+00,2.195889502124526160e+00,2.129855879779797956e+00,1.468649841021674396e+00,8.827268657478346547e-01,4.767840060099503025e+06
-1.208343210583080474e+00,-5.025515240473843903e+00,2.195889502124526160e+00,2.129855879779797956e+00,1.468649841021674396e+00,8.827268657478346547e-01,4.767840060099503025e+06
-1.208343210583080474e+00,-5.025515240473843903e+00,2.195889502124526160e+00,2.129855879779797956e+00,1.468649841021674396e+00,8.827268657478346547e-01,4.767840060099503025e+06
-1.208343210583080474e+00,-5.025515240473843903e+00,2.195889502124526160e+00,2.129855879779797956e+00,1.468649841021674396e+00,8.827268657478346547e-01,4.767840060099503025e+06
-1.255475092141268956e+00,-5.051317957119043633e+00,2.186863227015027888e+00,2.112222260466259272e+00,1.463471680507639539e+00,8.652089548170440736e-01,4.767840060099503025e+06
-1.255475092141268956e+00,-5.051317957119043633e+00,2.186863227015027888e+00,2.112222260466259272e+00,1.463471680507639539e+00,8.652089548170440736e-01,4.767840060099503025e+06
-1.255475092141268956e+00,-5.051317957119043633e+00,2.186863227015027888e+00,2.112222260466259272e+00,1.463471680507639539e+00,8.652089548170440736e-01,4.767840060099503025e+06
-3.620057345212024380e-01,-4.740157619693711410e+00,2.541659897806817447e+00,2.118052291772163809e+00,1.323909885946253251e+00,1.060079676259936488e+00,4.767840060099503025e+06
-3.620057345212024380e-01,-4.740157619693711410e+00,2.541659897806817447e+00,2.118052291772163809e+00,1.323909885946253251e+00,1.060079676259936488e+00,4.767840060099503025e+06
-3.620057345212024380e-01,-4.740157619693711410e+00,2.541659897806817447e+00,2.118052291772163809e+00,1.323909885946253251e+00,1.060079676259936488e+00,4.767840060099503025e+06
-3.620057345212024380e-01,-4.740157619693711410e+00,2.541659897806817447e+00,2.118052291772163809e+00,1.323909885946253251e+00,1.060079676259936488e+00,4.767840060099503025e+06
-3.620057345212024380e-01,-4.740157619693711410e+00,2.541659897806817447e+00,2.118052291772163809e+00,1.323909885946253251e+00,1.060079676259936488e+00,4.767840060099503025e+06
-3.620057345212024380e-01,-4.740157619693711410e+00,2.541659897806817447e+00,2.118052291772163809e+00,1.323909885946253251e+00,1.060079676259936488e+00,4.767840060099503025e+06
-3.620057345212024380e-01,-4.740157619693711410e+00,2.541659897806817447e+00,2.118052291772163809e+00,1.323909885946253251e+00,1.060079676259936488e+00,4.767840060099503025e+06
-3.620057345212024380e-01,-4.740157619693711410e+00,2.541659897806817447e+00,2.118052291772163809e+00,1.323909885946253251e+00,1.060079676259936488e+00,4.767840060099503025e+06
-3.620057345212024380e-01,-4.740157619693711410e+00,2.541659897806817447e+00,2.118052291772163809e+00,1.323909885946253251e+00,1.060079676259936488e+00,4.767840060099503025e+06
-3.620057345212024380e-01,-4.740157619693711410e+00,2.541659897806817447e+00,2.118052291772163809e+00,1.323909885946253251e+00,1.060079676259936488e+00,4.767840060099503025e+06
-3.620057345212024380e-01,-4.740157619693711410e+00,2.541659897806817447e+00,2.118052291772163809e+00,1.323909885946253251e+00,1.060079676259936488e+00,4.767840060099503025e+06
-3.620057345212024380e-01,-4.740157619693711410e+00,2.541659897806817447e+00,2.118052291772163809e+00,1.323909885946253251e+00,1.060079676259936488e+00,4.767840060099503025e+06
-3.620057345212024380e-01,-4.740157619693711410e+00,2.541659897806817447e+00,2.118052291772163809e+00,1.323909885946253251e+00,1.060079676259936488e+00,4.767840060099503025e+06
-3.620057345212024380e-01,-4.740157619693711410e+00,2.541659897806817447e+00,2.118052291772163809e+00,1.323909885946253251e+00,1.060079676259936488e+00,4.767840060099503025e+06
-3.620057345212024380e-01,-4.740157619693711410e+00,2.541659897806817447e+00,2.118052291772163809e+00,1.323909885946253251e+00,1.060079676259936488e+00,4.767840060099503025e+06
-3.620057345212024380e-01,-4.740157619693711410e+00,2.541659897806817447e+00,2.118052291772163809e+00,1.323909885946253251e+00,1.060079676259936488e+00,4.767840060099503025e+06
-3.620057345212024380e-01,-4.740157619693711410e+00,2.541659897806817447e+00,2.118052291772163809e+00,1.323909885946253251e+00,1.060079676259936488e+00,4.767840060099503025e+06
-3.620057345212024380e-01,-4.740157619693711410e+00,2.541659897806817447e+00,2.118052291772163809e+00,1.323909885946253251e+00,1.060079676259936488e+00,4.767840060099503025e+06
-3.620057345212024380e-01,-4.740157619693711410e+00,2.541659897806817447e+00,2.118052291772163809e+00,1.323909885946253251e+00,1.060079676259936488e+00,4.767840060099503025e+06
-3.420205419573338901e-01,-4.730354449162394559e+00,2.537452979823973553e+00,2.124000478168230011e+00,1.324115533758066787e+00,1.064319656801867131e+00,4.767840060099503025e+06
-3.420205419573338901e-01,-4.730354449162394559e+00,2.537452979823973553e+00,2.124000478168230011e+00,1.324115533758066787e+00,1.064319656801867131e+00,4.767840060099503025e+06
-3.420205419573338901e-01,-4.730354449162394559e+00,2.537452979823973553e+00,2.124000478168230011e+00,1.324115533758066787e+00,1.064319656801867131e+00,4.767840060099503025e+06
-3.420205419573338901e-01,-4.730354449162394559e+00,2.537452979823973553e+00,2.124000478168230011e+00,1.324115533758066787e+00,1.064319656801867131e+00,4.767840060099503025e+06
-3.420205419573338901e-01,-4.730354449162394559e+00,2.537452979823973553e+00,2.124000478168230011e+00,1.324115533758066787e+00,1.064319656801867131e+00,4.767840060099503025e+06
-3.519541082774535479e-01,-4.704069097556706325e+00,2.547066613651194800e+00,2.127484425789961886e+00,1.331402919368415816e+00,1.105841360340667823e+00,4.767840060099503025e+06
-3.519541082774535479e-01,-4.704069097556706325e+00,2.547066613651194800e+00,2.127484425789961886e+00,1.331402919368415816e+00,1.105841360340667823e+00,4.767840060099503025e+06
-3.519541082774535479e-01,-4.704069097556706325e+00,2.547066613651194800e+00,2.127484425789961886e+00,1.331402919368415816e+00,1.105841360340667823e+00,4.767840060099503025e+06
-3.968712044667330741e-01,-4.725043384456717455e+00,2.517113935491304577e+00,2.101445102047091673e+00,1.310523203032682327e+00,1.083679358645271984e+00,4.767840060099503025e+06
-5.270388962819017031e-01,-4.759445463452751213e+00,2.544413336270482162e+00,2.048509046403602873e+00,1.254959298597948525e+00,1.034944067420471514e+00,4.767840060099503025e+06
-5.270388962819017031e-01,-4.759445463452751213e+00,2.544413336270482162e+00,2.048509046403602873e+00,1.254959298597948525e+00,1.034944067420471514e+00,4.767840060099503025e+06
-5.270388962819017031e-01,-4.759445463452751213e+00,2.544413336270482162e+00,2.048509046403602873e+00,1.254959298597948525e+00,1.034944067420471514e+00,4.767840060099503025e+06
-5.270388962819017031e-01,-4.759445463452751213e+00,2.544413336270482162e+00,2.048509046403602873e+00,1.254959298597948525e+00,1.034944067420471514e+00,4.767840060099503025e+06
-5.270388962819017031e-01,-4.759445463452751213e+00,2.544413336270482162e+00,2.048509046403602873e+00,1.254959298597948525e+00,1.034944067420471514e+00,4.767840060099503025e+06
-5.270388962819017031e-01,-4.759445463452751213e+00,2.544413336270482162e+00,2.048509046403602873e+00,1.254959298597948525e+00,1.034944067420471514e+00,4.767840060099503025e+06
-5.241482874928942159e-01,-4.759028213059682599e+00,2.545262639177177544e+00,2.049682745665929229e+00,1.256134868269268567e+00,1.035555484143936500e+00,4.767840060099503025e+06
-6.895362139286485004e-01,-4.772964059341362919e+00,2.532878993381289412e+00,2.034424396588906614e+00,1.223737730854615346e+00,1.004896204302353713e+00,4.767840060099503025e+06
-6.895362139286485004e-01,-4.772964059341362919e+00,2.532878993381289412e+00,2.034424396588906614e+00,1.223737730854615346e+00,1.004896204302353713e+00,4.767840060099503025e+06
-7.384534445343149400e-01,-4.785564941642066472e+00,2.537541328918142103e+00,2.015287772503903785e+00,1.205213782331091554e+00,9.871647083063836980e-01,4.767840060099503025e+06
-7.294263637828275471e-01,-4.781227842369512260e+00,2.542360279713196558e+00,2.019671620105011112e+00,1.206261436601703263e+00,9.885390755608775004e-01,4.767840060099503025e+06
-7.294263637828275471e-01,-4.781227842369512260e+00,2.542360279713196558e+00,2.019671620105011112e+00,1.206261436601703263e+00,9.885390755608775004e-01,4.767840060099503025e+06
-7.294263637828275471e-01,-4.781227842369512260e+00,2.542360279713196558e+00,2.019671620105011112e+00,1.206261436601703263e+00,9.885390755608775004e-01,4.767840060099503025e+06
-7.924079605852911712e-01,-4.801136606350907776e+00,2.511578029097541354e+00,1.984132557767136484e+00,1.176595695895246374e+00,9.675929551137667506e-01,4.767840060099503025e+06
-7.924079605852911712e-01,-4.801136606350907776e+00,2.511578029097541354e+00,1.984132557767136484e+00,1.176595695895246374e+00,9.675929551137667506e-01,4.767840060099503025e+06
-7.924079605852911712e-01,-4.801136606350907776e+00,2.511578029097541354e+00,1.984132557767136484e+00,1.176595695895246374e+00,9.675929551137667506e-01,4.767840060099503025e+06
-7.924079605852911712e-01,-4.801136606350907776e+00,2.511578029097541354e+00,1.984132557767136484e+00,1.176595695895246374e+00,9.675929551137667506e-01,4.767840060099503025e+06
-7.924079605852911712e-01,-4.801136606350907776e+00,2.511578029097541354e+00,1.984132557767136484e+00,1.176595695895246374e+00,9.675929551137667506e-01,4.767840060099503025e+06
-7.924079605852911712e-01,-4.801136606350907776e+00,2.511578029097541354e+00,1.984132557767136484e+00,1.176595695895246374e+00,9.675929551137667506e-01,4.767840060099503025e+06
-7.924079605852911712e-01,-4.801136606350907776e+00,2.511578029097541354e+00,1.984132557767136484e+00,1.176595695895246374e+00,9.675929551137667506e-01,4.767840060099503025e+06
-7.924079605852911712e-01,-4.801136606350907776e+00,2.511578029097541354e+00,1.984132557767136484e+00,1.176595695895246374e+00,9.675929551137667506e-01,4.767840060099503025e+06
-7.924079605852911712e-01,-4.801136606350907776e+00,2.511578029097541354e+00,1.984132557767136484e+00,1.176595695895246374e+00,9.675929551137667506e-01,4.767840060099503025e+06
-1.278700072849150438e-01,-4.586097846806388212e+00,2.565146963105763955e+00,2.145025839292583392e+00,1.222259261718794621e+00,1.073415824786097872e+00,4.767840060099503025e+06
-1.278700072849150438e-01,-4.586097846806388212e+00,2.565146963105763955e+00,2.145025839292583392e+00,1.222259261718794621e+00,1.073415824786097872e+00,4.767840060099503025e+06
-1.278700072849150438e-01,-4.586097846806388212e+00,2.565146963105763955e+00,2.145025839292583392e+00,1.222259261718794621e+00,1.073415824786097872e+00,4.767840060099503025e+06
-2.545199693163520127e-01,-4.698368977492174636e+00,2.529357566476523100e+00,1.970991284898101492e+00,1.122973430005165918e+00,1.014948801832733949e+00,4.767840060099503025e+06
-2.545199693163520127e-01,-4.698368977492174636e+00,2.529357566476523100e+00,1.970991284898101492e+00,1.122973430005165918e+00,1.014948801832733949e+00,4.767840060099503025e+06
-2.545199693163520127e-01,-4.698368977492174636e+00,2.529357566476523100e+00,1.970991284898101492e+00,1.122973430005165918e+00,1.014948801832733949e+00,4.767840060099503025e+06
-2.545199693163520127e-01,-4.698368977492174636e+00,2.529357566476523100e+00,1.970991284898101492e+00,1.122973430005165918e+00,1.014948801832733949e+00,4.767840060099503025e+06
-2.545199693163520127e-01,-4.698368977492174636e+00,2.529357566476523100e+00,1.970991284898101492e+00,1.122973430005165918e+00,1.014948801832733949e+00,4.767840060099503025e+06
-1.223680148756405961e+00,-4.225451478850623666e+00,1.248733179816961858e+00,2.530227669208784835e+00,4.519764232583531882e-01,2.621354560607980222e-02,4.767840060099503025e+06
-1.234168352363404386e+00,-4.210641020134151091e+00,1.278509741845833991e+00,2.577852115760750351e+00,4.564812819109169695e-01,-1.067006787400062717e-02,4.767840060099503025e+06
-1.538650701537226384e+00,-4.785234495285837220e+00,1.914895322860118210e+00,1.726896060903400976e+00,3.382329528067510860e-01,2.203797165797148072e-01,4.767840060099503025e+06
-1.930420447573350184e+00,-4.780522968548022611e+00,2.295244973631001884e+00,1.733176893540318231e+00,1.769801136696573796e-01,-3.179665308256934830e-02,4.767840060099503025e+06
-1.412309224539803232e+00,-5.309103228465705371e+00,2.158491620322637861e+00,1.594888935601864288e+00,5.688783156625993875e-01,2.403286882786194456e-02,4.767840060099503025e+06
-2.144085045978632920e+00,-4.450938980205485507e+00,2.253048916111014321e+00,2.173574126231724080e+00,2.690054581131730016e-01,7.992179450395595075e-02,4.767840060099503025e+06
-1.950101996272333160e+00,-4.681021603444189161e+00,2.331357162260349281e+00,2.049478639148166081e+00,4.220992180769306268e-01,9.724334398453664263e-02,4.767840060099503025e+06
-1.694089749482808438e+00,-5.035793778601949100e+00,2.152932216605887739e+00,1.691877699277527736e+00,5.700958492362317998e-01,2.738682132097428612e-01,4.767840060099503025e+06
-1.857342069103078197e+00,-5.074556889443688767e+00,2.392489867097339573e+00,2.085385098209145305e+00,9.366932093297113404e-01,2.395616400781901689e-01,4.767840060099503025e+06
-1.726408828079280422e+00,-5.130328173980095663e+00,2.802914085738516636e+00,1.547227205423842067e+00,5.157218746364388151e-01,2.932240440573151141e-01,4.767840060099503025e+06
-1.112793178017719153e+00,-5.567460197322872339e+00,2.860208108639158642e+00,8.363777597132332486e-01,3.080813550474381657e-01,1.792532427652414884e-01,4.767840060099503025e+06
-1.438575364814721258e+00,-5.646998313115131118e+00,2.853561649013954593e+00,8.483906289022808966e-01,4.475198135743854166e-01,2.959864294893984060e-01,4.767840060099503025e+06
-1.114419544602912815e+00,-5.635171567379565261e+00,2.661598294595437952e+00,8.833647853741606326e-01,5.416991880844090890e-01,3.809875236263891574e-01,4.767840060099503025e+06
-1.114419544602912815e+00,-5.635171567379565261e+00,2.661598294595437952e+00,8.833647853741606326e-01,5.416991880844090890e-01,3.809875236263891574e-01,4.767840060099503025e+06
-1.413574252183332547e+00,-5.721359900556827860e+00,2.277219768610872386e+00,1.093828845801075200e+00,7.939716058997293713e-01,3.895241737269516946e-01,4.767840060099503025e+06
-1.391994280114849492e+00,-5.642531502252525755e+00,2.392897559264691942e+00,1.164995384382788934e+00,7.368242611124382613e-01,3.226553000441856334e-01,4.767840060099503025e+06
-1.259701451400012662e+00,-5.744452952619242936e+00,2.371809619681326087e+00,1.037676396738303142e+00,6.973133710203149871e-01,2.917084001914270752e-01,4.767840060099503025e+06
-1.570691612212383070e+00,-5.679463616533441339e+00,2.307345576105261031e+00,1.248448005964751362e+00,8.375150291022742666e-01,3.057754359869866989e-01,4.767840060099503025e+06
-1.063251094691189280e+00,-5.518854465668846743e+00,2.167850296603635485e+00,1.477927025580346276e+00,7.946913290807410268e-01,1.280938057538509312e-01,4.767840060099503025e+06
-8.174196039090220189e-01,-5.554414565083226840e+00,2.437274606066506699e+00,1.036257303017755982e+00,5.051016880338284887e-01,3.425094791630838853e-01,4.767840060099503025e+06
-1.263673225322906157e+00,-5.280297934499228241e+00,2.047268686650569158e+00,1.061541470191198711e+00,2.990847562363443957e-01,3.018968735663104530e-01,4.767840060099503025e+06
-1.083205350724679494e+00,-5.464396952264202412e+00,1.602242878581317420e+00,8.759816274017941939e-01,3.584269284234755659e-01,3.541991641858148743e-01,4.767840060099503025e+06
-9.963873348535772223e-01,-5.917791275793403472e+00,2.011283241478052819e+00,4.995382022085254059e-01,6.126894253559225234e-01,5.311802718441804849e-01,4.767840060099503025e+06
-9.898629999587231776e-01,-5.892200858335538527e+00,2.018794498207144628e+00,5.335621202700917554e-01,6.110852777869109076e-01,5.221756236423711339e-01,4.767840060099503025e+06
-1.105782686437924323e+00,-5.758951178177738051e+00,1.871606266720825751e+00,5.761294977611479684e-01,5.237192067640963344e-01,5.048243621809269666e-01,4.767840060099503025e+06
-1.054644904644753911e+00,-5.948640163826319771e+00,2.313603928052849312e+00,5.449071322661256378e-01,7.188294308149053569e-01,5.505456596983884232e-01,4.767840060099503025e+06
-1.153673594852071771e+00,-6.124029505525141914e+00,1.870682757728131307e+00,5.337135806822087547e-01,7.483703683772237047e-01,3.643110057606985253e-01,4.767840060099503025e+06
-1.201196259585767256e+00,-6.115106316536462749e+00,1.881376404258179535e+00,5.496679429487192348e-01,7.585367989279560019e-01,3.735596468881366983e-01,4.767840060099503025e+06
-1.078457749745672434e+00,-6.171581636397744930e+00,1.887140006899537203e+00,4.123081788568619954e-01,7.002497570015973061e-01,3.932370004204260860e-01,4.767840060099503025e+06
-1.250062441027957716e+00,-6.018514646528773326e+00,1.618407605372552460e+00,6.634286912857556562e-01,7.683947655398930543e-01,4.145891640204964479e-01,4.767840060099503025e+06
-1.187835215210952367e+00,-6.031218598671388875e+00,1.447583780410191867e+00,5.512845693029240213e-01,7.131045378948790425e-01,4.566507528586690734e-01,4.767840060099503025e+06
-1.191921664542527681e+00,-5.996242636000923554e+00,1.474460899675148928e+00,6.712735200924414558e-01,7.568333986041871908e-01,4.178806412525547520e-01,4.767840060099503025e+06
-1.051660004463712772e+00,-6.025999914192257556e+00,1.822609660275333443e+00,7.681841785149969848e-01,9.009979159809993199e-01,4.250493887740366405e-01,4.767840060099503025e+06
-9.485660343350716950e-01,-6.004813043044900489e+00,1.810457681253328399e+00,9.435784982720123448e-01,1.009011040791023994e+00,3.883648885436592479e-01,4.767840060099503025e+06
-9.656571964605360492e-01,-6.004776371082837905e+00,1.813874404626939274e+00,9.414939016983738806e-01,1.008274544457086419e+00,3.908531365633124977e-01,4.767840060099503025e+06
-1.535101918275999511e+00,-5.853733079015415619e+00,1.753089104260861841e+00,8.531468844236109739e-01,7.947993757179310226e-01,5.438875148097943590e-01,4.767840060099503025e+06
-1.467027146422871908e+00,-5.892685371221059398e+00,1.860899619141569428e+00,7.591939530714415518e-01,6.656603708474801984e-01,4.128610029632512335e-01,4.767840060099503025e+06
-1.469619603728523627e+00,-5.892710348181463331e+00,1.862025317194139218e+00,7.619801038146379879e-01,6.676769128123624109e-01,4.117075473653497575e-01,4.767840060099503025e+06
-2.130458340965826203e+00,-5.805915979012409522e+00,1.843714397832711294e+00,8.139230514474941058e-01,6.932082221816641132e-01,5.018586383441411281e-01,4.767840060099503025e+06
-2.082212025409566181e+00,-5.748745616002231884e+00,1.852219410223169271e+00,8.057099795695951139e-01,6.157808924421055430e-01,4.781268844780872107e-01,4.767840060099503025e+06
-2.095654721556639455e+00,-5.714462598834132656e+00,1.857263141818651153e+00,8.428166403246235561e-01,6.103476989368268324e-01,4.737944817661485231e-01,4.767840060099503025e+06
-1.749777381317215497e+00,-5.840070868216447053e+00,2.108528132577419889e+00,6.545389769892822063e-01,5.956491242072030623e-01,5.089728781394686763e-01,4.767840060099503025e+06
-1.667005460022021213e+00,-5.887140068602397136e+00,2.194792461257064620e+00,6.127536384145766402e-01,6.273931365498033319e-01,5.375325269645990778e-01,4.767840060099503025e+06
-1.680155871869171591e+00,-5.857341134218481571e+00,2.202765281536221753e+00,6.700724192153252323e-01,6.287862950517019156e-01,5.024177645797429648e-01,4.767840060099503025e+06
-1.425461115886515362e+00,-5.981438850452279077e+00,2.079304849207480377e+00,6.244549216699539773e-01,6.908827040299848621e-01,4.655614810076684762e-01,4.767840060099503025e+06
-1.077036286330954606e+00,-6.186987220978069857e+00,2.167090740286002237e+00,3.201660344143373305e-01,6.702596312297389725e-01,5.364279703460865800e-01,4.767840060099503025e+06
-1.077036286330954606e+00,-6.186987220978069857e+00,2.167090740286002237e+00,3.201660344143373305e-01,6.702596312297389725e-01,5.364279703460865800e-01,4.767840060099503025e+06
-1.077036286330954606e+00,-6.186987220978069857e+00,2.167090740286002237e+00,3.201660344143373305e-01,6.702596312297389725e-01,5.364279703460865800e-01,4.767840060099503025e+06
-1.762588156459668376e+00,-5.983185907305299978e+00,1.986306009567387010e+00,5.989826528817340234e-01,7.626163228845598274e-01,5.646535415508325828e-01,4.767840060099503025e+06
-1.693693358959929229e+00,-6.006768943715898423e+00,2.006268177936373132e+00,5.643671723372373217e-01,7.559515375993495212e-01,5.618698903266202693e-01,4.767840060099503025e+06
-1.572907239906212951e+00,-6.046167415733801676e+00,1.954168294137541784e+00,5.452653711303274697e-01,7.789125491722559413e-01,5.554268041716077242e-01,4.767840060099503025e+06
-1.368698766545478840e+00,-5.989844832654029005e+00,1.797694439480082895e+00,4.827474145415224793e-01,6.803890786560710113e-01,5.573076610444371859e-01,4.767840060099503025e+06
-1.538515596040531896e+00,-6.246772446342881757e+00,2.146506941402840596e+00,4.936169426850284814e-01,9.753763020396974959e-01,6.074424359926879902e-01,4.767840060099503025e+06
-1.600874041860655073e+00,-5.958037923484147846e+00,1.861730928649277139e+00,4.909519099476257753e-01,6.379361789528344984e-01,5.425582873962939701e-01,4.767840060099503025e+06
-1.919503373191761453e+00,-5.991604670767594065e+00,2.035125125370373933e+00,4.374923606103623408e-01,6.988912320724222083e-01,6.550480738758905908e-01,4.767840060099503025e+06
-1.919503373191761453e+00,-5.991604670767594065e+00,2.035125125370373933e+00,4.374923606103623408e-01,6.988912320724222083e-01,6.550480738758905908e-01,4.767840060099503025e+06
-1.554994166724109839e+00,-6.033323274737316666e+00,2.051481986883128439e+00,4.396954069537913901e-01,7.552932758138515279e-01,6.592468537620554958e-01,4.767840060099503025e+06
-1.508029635658826306e+00,-5.993060854707883855e+00,2.059279900983902234e+00,4.557588613421450496e-01,7.395255084922676136e-01,6.748678167632704561e-01,4.767840060099503025e+06
-1.252133628775696561e+00,-5.928238717615425202e+00,1.700784058361635154e+00,5.094537070897340314e-01,7.288074723719607517e-01,6.760666864807147736e-01,4.767840060099503025e+06
-8.772724864376515441e-01,-5.745708694493385948e+00,1.367672384997491442e+00,5.780444531340371839e-01,5.772094501688955770e-01,5.881804434736599418e-01,4.767840060099503025e+06
-8.270887253384811011e-01,-5.731862604823832363e+00,1.073934270408120728e+00,4.123104329178973737e-01,4.037710086919311658e-01,5.191249731188110061e-01,4.767840060099503025e+06
-1.664470440821222752e+00,-5.689518554029372233e+00,1.193465905680431760e+00,5.261497268116693826e-01,4.575989890524581050e-01,5.696646669214564529e-01,4.767840060099503025e+06
-1.664470440821222752e+00,-5.689518554029372233e+00,1.193465905680431760e+00,5.261497268116693826e-01,4.575989890524581050e-01,5.696646669214564529e-01,4.767840060099503025e+06
-1.308380147602782539e+00,-5.685811669655646661e+00,1.261253372014318863e+00,4.147641605802201425e-01,4.010866718411796317e-01,6.187571421775710512e-01,4.767840060099503025e+06
-1.360778190447043956e+00,-5.686667371801727100e+00,1.301119800155911221e+00,4.288097165422434243e-01,4.090290273093735718e-01,6.158569551519543772e-01,4.767840060099503025e+06
-1.360778190447043956e+00,-5.686667371801727100e+00,1.301119800155911221e+00,4.288097165422434243e-01,4.090290273093735718e-01,6.158569551519543772e-01,4.767840060099503025e+06
-1.402921543187098052e+00,-5.672712296270843169e+00,1.338367248246656205e+00,4.774794172453387664e-01,4.148396227060223707e-01,5.871461184560572422e-01,4.767840060099503025e+06
-1.096613254355708111e+00,-5.674145167219999841e+00,1.290660549097081278e+00,4.259272753136027490e-01,3.502509557095525583e-01,5.294627404983844876e-01,4.767840060099503025e+06
-1.028397554216097021e+00,-5.647517159802261766e+00,1.190318902693958236e+00,3.495739865441462868e-01,2.825323532091826850e-01,5.421352912112180622e-01,4.767840060099503025e+06
-1.298312798328769668e+00,-5.696519425775768752e+00,1.276544997192504693e+00,3.978063568092011781e-01,3.639084371847707833e-01,5.548379375205497732e-01,4.767840060099503025e+06
-1.179499778081375183e+00,-5.712945020584982103e+00,1.336220056947945878e+00,2.943468753461646603e-01,2.730149607676328749e-01,5.140277702606179666e-01,4.767840060099503025e+06
-1.258728491840551467e+00,-5.589143646263717180e+00,1.373779708146462886e+00,3.213373556275329612e-01,1.219162548755059472e-01,4.315561513370222979e-01,4.767840060099503025e+06
-9.958661122901333318e-01,-5.572709782405101286e+00,1.205278833699196861e+00,3.251264155849600268e-01,9.733888625698861041e-02,4.080070470958227502e-01,4.767840060099503025e+06
-2.157299475440801029e+00,-5.721004606551401750e+00,1.479163119919751690e+00,5.696151398579889502e-01,3.529101859932652907e-01,3.187453792534534203e-01,4.767840060099503025e+06
-2.106890500164568802e+00,-5.766374901394154762e+00,1.400231320052045536e+00,4.320174056925151773e-01,3.021858651869070433e-01,3.256515012091081851e-01,4.767840060099503025e+06
-2.142718959903613829e+00,-5.753229895339832645e+00,1.456869474004972798e+00,5.013698414071959819e-01,3.314780942566717403e-01,2.966773116490068474e-01,4.767840060099503025e+06
-2.714237933333207842e+00,-5.532560355691114928e+00,8.966953223108775628e-01,2.621588815226465474e-01,-4.736373001162585972e-03,3.207963326946384752e-01,4.767840060099503025e+06
-3.053630344060255020e+00,-5.561051174196085967e+00,1.168890869457800852e+00,1.943437149607114556e-01,-2.714436920414620147e-04,3.602966941962291170e-01,4.767840060099503025e+06
-3.053630344060255020e+00,-5.561051174196085967e+00,1.168890869457800852e+00,1.943437149607114556e-01,-2.714436920414620147e-04,3.602966941962291170e-01,4.767840060099503025e+06
-2.671867575929071315e+00,-5.653917827965508458e+00,1.419147008537159138e+00,2.554443943757960245e-01,1.546135843345557426e-01,4.413084541072448408e-01,4.767840060099503025e+06
-2.671867575929071315e+00,-5.653917827965508458e+00,1.419147008537159138e+00,2.554443943757960245e-01,1.546135843345557426e-01,4.413084541072448408e-01,4.767840060099503025e+06
-2.579259352744685430e+00,-5.643574147247209183e+00,1.383498962978365832e+00,1.989037342607471448e-01,9.883816606571249608e-02,4.372902331592843916e-01,4.767840060099503025e+06
-2.317888263991703557e+00,-5.759932721493698615e+00,1.636201482621714387e+00,4.120824503590910792e-01,3.462684129690010715e-01,4.392541558650966405e-01,4.767840060099503025e+06
-2.253636628986382728e+00,-5.682484783481791979e+00,1.545461480228401463e+00,3.300989476444158299e-01,2.215538021980569816e-01,4.087065423236523887e-01,4.767840060099503025e+06
-1.857980947613478762e+00,-5.776183801969431819e+00,8.175529664211568237e-01,3.682843334105026512e-01,5.140460229992787067e-01,6.516362254500691620e-01,4.767840060099503025e+06
-1.850253385021552788e+00,-5.806102903730039344e+00,8.609406175958923546e-01,3.373594802745349952e-01,5.549361188644723608e-01,7.045765348954400320e-01,4.767840060099503025e+06
-1.437468954596946569e+00,-5.931886865211300375e+00,1.256483159294564000e+00,4.249653933615626933e-01,6.253434398796469118e-01,5.680568893899202720e-01,4.767840060099503025e+06
-1.188640924982223179e+00,-5.899969051654371022e+00,9.800197726038786250e-01,3.040580389239787573e-01,5.341195344287433810e-01,5.861006545834772652e-01,4.767840060099503025e+06
-1.052191646436868799e+00,-5.852156895125832925e+00,1.028116922697701829e+00,3.081453949552572236e-01,5.023022057299804111e-01,5.808684940456818602e-01,4.767840060099503025e+06
-1.095799724473869308e+00,-5.762694243948430106e+00,1.140555320652544058e+00,4.320135010443709733e-01,6.372165907196233325e-01,7.713014199106016378e-01,4.767840060099503025e+06
-1.014372592274818352e+00,-4.898198593333621176e+00,7.361733357584825388e-01,1.339582305291261433e+00,1.982428104850982864e-01,2.798727559731015724e-01,4.767840060099503025e+06
-1.009343299461061383e+00,-4.717871083945767374e+00,4.922632404584521559e-01,1.301134575752941114e+00,4.731321856525172453e-02,3.232977319279977113e-01,4.767840060099503025e+06
-9.624459203081752179e-01,-4.781692349874179016e+00,5.445309410359784330e-01,1.204585566060367041e+00,3.583523931476806368e-02,3.535419878742298572e-01,4.767840060099503025e+06
-1.158172126279380931e+00,-5.003407666953267885e+00,8.172934761326720032e-01,1.247061624976977923e+00,2.049272391141521155e-01,2.449197245643694454e-01,4.767840060099503025e+06
-1.048956314333855389e+00,-4.906310459469946927e+00,3.706578201420203111e-01,1.365371054851664878e+00,1.848029583744889848e-01,1.305386520718120891e-01,4.767840060099503025e+06
-9.706921106439825309e-01,-4.696278157110915785e+00,9.157717530112512438e-01,1.607969106294577788e+00,1.576163304804769627e-01,1.347987355626201755e-01,4.767840060099503025e+06
-1.129759122922309178e+00,-4.670377787851540674e+00,9.599275818544770189e-01,1.715369738629973106e+00,2.533662245135830382e-01,2.444246156873177700e-01,4.767840060099503025e+06
-1.466184946146604995e+00,-4.743540074244673832e+00,1.003482653985425799e+00,1.783137401376538866e+00,3.879261105860080106e-01,2.240665992511602367e-01,4.767840060099503025e+06
-1.410803183358498636e+00,-4.728270941928816029e+00,8.173074947641680854e-01,1.678083750193332557e+00,2.927312397605675853e-01,2.394807846926376715e-01,4.767840060099503025e+06
-1.723226238726127679e+00,-4.978161267429197956e+00,8.448401107588289216e-01,1.765227041823109300e+00,6.004332820979421115e-01,2.241583142980159704e-01,4.767840060099503025e+06
-1.125678792696116481e+00,-5.015206216473046652e+00,1.120925284189720150e+00,1.635147130363663104e+00,4.622395623069039949e-01,2.430170910392935313e-01,4.767840060099503025e+06
-1.164950341890208296e+00,-5.073655658232073762e+00,1.140125487890843337e+00,1.543698033612823650e+00,4.568892486892570104e-01,2.575029041914376760e-01,4.767840060099503025e+06
-1.866865206188077941e+00,-5.539377424334755773e+00,1.593524662335456199e+00,1.419463893252876474e+00,8.164803107101732405e-01,3.107792684241616477e-01,4.767840060099503025e+06
-1.588705783059069621e+00,-5.585747172392967919e+00,1.154114573708744818e+00,1.053231429910201911e+00,5.581575440935357957e-01,3.232826946583342020e-01,4.767840060099503025e+06
-1.558634855125898611e+00,-5.543412080602659664e+00,1.216508418238270384e+00,1.200709463728171444e+00,6.575604033507720381e-01,2.443919632928593932e-01,4.767840060099503025e+06
-1.472450341326875467e+00,-5.460143590566285177e+00,1.250779039952698124e+00,1.059599255376511895e+00,4.434328117104453515e-01,2.773187085330375279e-01,4.767840060099503025e+06
-1.572516567640007246e+00,-5.255254870122376687e+00,1.279530106386429722e+00,1.473895263887264218e+00,5.464045075144393637e-01,2.266724845223889451e-01,4.767840060099503025e+06
-1.744180626925031952e+00,-4.940477145702058870e+00,7.628554933243287817e-01,1.337453195002394013e+00,2.147748085988044897e-01,3.136421815158193516e-01,4.767840060099503025e+06
-1.819364881449081706e+00,-4.846731541166485968e+00,7.091276645499765552e-01,1.272037253563958803e+00,6.784134658422968922e-02,3.470968822493472050e-01,4.767840060099503025e+06
-2.118765231818276806e+00,-5.035094675994297830e+00,8.398155994938942825e-01,1.502971451348597443e+00,4.805078766165102877e-01,3.075848151771287675e-01,4.767840060099503025e+06
-2.468424006850749475e+00,-5.321462371325261564e+00,6.420043628639364730e-01,1.262581394369905796e+00,6.295970426110359952e-01,4.227246849476140600e-01,4.767840060099503025e+06
-2.535981390966160376e+00,-5.476884757130441095e+00,7.706254362683786496e-01,1.257903719649579033e+00,7.633277846725916582e-01,4.322518328006839661e-01,4.767840060099503025e+06
-2.811890866450642790e+00,-5.522043623614915298e+00,7.687001969750191233e-01,1.113241878390109907e+00,6.818905164902087090e-01,4.587273014344244171e-01,4.767840060099503025e+06
-2.736849396349498420e+00,-5.571806168243970347e+00,7.666285920347896132e-01,9.703229340387240498e-01,5.999232289234150972e-01,4.633880274473463623e-01,4.767840060099503025e+06
-3.164616006801224124e+00,-5.591315553430165508e+00,8.579637397597548176e-01,1.076243050827575543e+00,7.285434659778988742e-01,4.981827053894157253e-01,4.767840060099503025e+06
-3.147401467395987584e+00,-5.598290056351443056e+00,9.552348194709843199e-01,1.148982739331299241e+00,7.757042256967976446e-01,4.499237848002259899e-01,4.767840060099503025e+06
-3.168141507273123381e+00,-5.569441340152943454e+00,8.726925763420934068e-01,1.169109496468243137e+00,7.561159574002158656e-01,4.364635946789421350e-01,4.767840060099503025e+06
-3.272040449197753276e+00,-5.500664574175551103e+00,8.321219623509203966e-01,1.385985406272937537e+00,8.191897880967853318e-01,3.169075324010781625e-01,4.767840060099503025e+06
-3.125025964994862626e+00,-5.511256929385567105e+00,9.078590479155215220e-01,1.370836957951216961e+00,8.080126959480947724e-01,3.020554619718923139e-01,4.767840060099503025e+06
-3.741624888186608988e+00,-5.541289513200458039e+00,9.998424995903122392e-01,1.302808482969675552e+00,7.377410441973581978e-01,2.503191489959269989e-01,4.767840060099503025e+06
-3.613431432425369128e+00,-5.517755373653237427e+00,1.047954398579481694e+00,1.360439240758814394e+00,7.546721406904286500e-01,2.287586801632033318e-01,4.767840060099503025e+06
-3.326436792398512754e+00,-5.592173413923181791e+00,1.127265858855075464e+00,9.640004703993426682e-01,4.291476093295081840e-01,1.709954513544552079e-01,4.767840060099503025e+06
-2.748343718169394378e+00,-5.461659931665024281e+00,1.311074558700146220e+00,1.164433858061669325e+00,5.215874631736068245e-01,2.145888595478793737e-01,4.767840060099503025e+06
-3.574059298840478238e+00,-5.228337944197157583e+00,1.187281093320169401e+00,9.010485526939933099e-01,7.184423444340304332e-02,1.767203011926717637e-01,4.767840060099503025e+06
-3.922694917662829184e+00,-5.271557245210840570e+00,1.478379232000286647e+00,6.842137062888682397e-01,-1.854330232775689424e-01,7.571795014422905146e-02,4.767840060099503025e+06
-3.905869491260174797e+00,-5.652406751423766806e+00,1.373958096760650616e+00,1.043582081469293321e+00,6.475852323664792465e-01,3.290698089044796215e-01,4.767840060099503025e+06
-3.969780292118479270e+00,-5.663919538147068167e+00,1.353395817410004476e+00,1.011212466186061976e+00,6.433541096125047209e-01,3.478802782339992516e-01,4.767840060099503025e+06
-3.796020905924053501e+00,-5.601154410153409202e+00,1.389948745195847879e+00,1.064527839642001927e+00,6.442144119971320304e-01,3.867156475571896235e-01,4.767840060099503025e+06
-3.989083759875287960e+00,-5.617450484815193157e+00,1.473256635439065709e+00,9.030115804534780688e-01,4.179080278485259314e-01,2.105640696565153069e-01,4.767840060099503025e+06
-3.873621893814425565e+00,-5.622458908743865003e+00,1.499777290247588324e+00,9.308050305613710940e-01,4.414656893071334798e-01,2.010081921787599257e-01,4.767840060099503025e+06
-3.682724556538775840e+00,-5.603117992770742184e+00,1.640138829150037836e+00,9.728973072681083023e-01,4.813308162152098446e-01,2.414125525776151249e-01,4.767840060099503025e+06
-3.735673484424384849e+00,-5.577195505313245150e+00,2.259190283320947401e+00,9.376095168701680249e-01,4.391822862263404792e-01,3.218950189417723040e-01,4.767840060099503025e+06
-3.861035422026552144e+00,-5.614687706846615889e+00,2.368732855087269051e+00,9.676775303491302882e-01,5.013869815286193798e-01,3.238183632675908363e-01,4.767840060099503025e+06
-3.664535524362271701e+00,-5.630279447465342813e+00,2.068254958882017380e+00,9.611883578973967612e-01,5.931804136520913984e-01,4.272649664055376828e-01,4.767840060099503025e+06
-3.668986637647065674e+00,-5.794997296884305982e+00,2.797940175095499971e+00,5.947410483982464857e-01,4.009341284372650582e-01,4.011917126393332311e-01,4.767840060099503025e+06
-3.483339138667757240e+00,-5.708076463791232236e+00,2.836557324376841827e+00,1.046741476209620325e+00,6.044060830387905092e-01,1.378699938733163877e-01,4.767840060099503025e+06
-3.347608246755713335e+00,-5.688831779031316316e+00,2.691668546134510898e+00,1.176748458439903722e+00,7.030550929140255700e-01,1.267202633907668630e-01,4.767840060099503025e+06
-3.347608246755713335e+00,-5.688831779031316316e+00,2.691668546134510898e+00,1.176748458439903722e+00,7.030550929140255700e-01,1.267202633907668630e-01,4.767840060099503025e+06
-3.222687245227575215e+00,-5.699495383925489378e+00,2.727643177789742968e+00,1.102783946179556107e+00,6.650373354118731539e-01,1.472614276982521786e-01,4.767840060099503025e+06
-2.886528436967115141e+00,-5.754939996559098603e+00,2.417830824850566884e+00,1.031389222342028900e+00,6.739724520578156408e-01,1.800876135347544427e-01,4.767840060099503025e+06
-3.400782028606362140e+00,-5.708432803502359043e+00,2.499337307343353576e+00,6.058241076180702622e-01,3.946021545556036569e-01,4.832767696434138172e-01,4.767840060099503025e+06
-3.367402003743569683e+00,-5.793932334116420613e+00,2.076810164912780365e+00,8.658386943210074627e-01,7.402221782350806301e-01,5.206728780028662129e-01,4.767840060099503025e+06
-3.587279762520372284e+00,-5.814906560650356937e+00,2.676101047826819901e+00,7.619120862428860885e-01,6.471059761074983152e-01,5.051441037768423792e-01,4.767840060099503025e+06
-2.985417517395587694e+00,-5.858203439829433812e+00,2.515159105299590969e+00,7.189474433150152555e-01,6.405339643370878688e-01,4.710444296175194667e-01,4.767840060099503025e+06
-3.609553668340052646e+00,-5.866306386546638052e+00,2.261408434564824876e+00,7.432585552829404918e-01,7.802272378138164211e-01,6.342370267101684611e-01,4.767840060099503025e+06
-2.443852620017159083e+00,-5.735745952331591901e+00,2.160566477706689970e+00,1.265203111734483965e+00,9.440950773234239035e-01,3.897539060818660528e-01,4.767840060099503025e+06
-2.364915782079529016e+00,-5.779763452446373684e+00,2.112541953832884012e+00,1.271623521693926895e+00,9.973853089403494909e-01,3.888242182826497917e-01,4.767840060099503025e+06
-2.638503892165579678e+00,-5.537927510505990192e+00,2.447536542451789643e+00,1.564919358057738297e+00,9.316039752013693942e-01,3.106037761948909903e-01,4.767840060099503025e+06
-2.638503892165579678e+00,-5.537927510505990192e+00,2.447536542451789643e+00,1.564919358057738297e+00,9.316039752013693942e-01,3.106037761948909903e-01,4.767840060099503025e+06
-2.590927499405994094e+00,-5.621220282673730750e+00,2.415470538470295470e+00,1.385428697582522961e+00,8.722252820485392188e-01,3.329554477500632492e-01,4.767840060099503025e+06
-2.587278256306281499e+00,-5.618032931300917632e+00,2.428242378069215057e+00,1.365582205933159932e+00,8.548036728186728661e-01,3.446442975247769325e-01,4.767840060099503025e+06
-2.253969654932157063e+00,-5.544895813130382045e+00,2.615830235408240778e+00,1.243217532319842888e+00,6.704707472081518072e-01,3.577950076910255683e-01,4.767840060099503025e+06
-2.310706320592339935e+00,-5.568012691174408779e+00,2.428417640328859317e+00,1.286491830762000133e+00,7.402432121153419420e-01,3.503657105230919000e-01,4.767840060099503025e+06
-1.877519430779397647e+00,-5.441146924300646504e+00,2.609308342938984282e+00,1.098803822500338478e+00,4.119678770202653828e-01,2.699129746505677385e-01,4.767840060099503025e+06
-1.725135340876432499e+00,-5.383659836219596428e+00,2.502304105893040198e+00,1.126402263524684200e+00,3.775171498414907068e-01,2.488725347618643280e-01,4.767840060099503025e+06
-1.709003558033815207e+00,-5.349741948459691088e+00,2.597853370249893601e+00,1.146713623820419414e+00,3.605208154899634532e-01,2.585656364510448002e-01,4.767840060099503025e+06
-2.329946678916817504e+00,-5.346686256944741089e+00,2.463391272592004189e+00,6.643931979774674312e-01,-2.156644953568076506e-02,3.183178336437536560e-01,4.767840060099503025e+06
-2.340958649209746945e+00,-5.321435184503376270e+00,2.541334813306961316e+00,6.270014360509463813e-01,-8.677205148652045175e-02,3.070657375885135210e-01,4.767840060099503025e+06
-2.725548847360728111e+00,-5.323447320700226193e+00,2.430486521408883327e+00,9.169899667086189865e-01,2.144004126107349473e-01,3.938932944762971733e-01,4.767840060099503025e+06
-2.968947243158678528e+00,-5.320647242785287112e+00,2.480270008286991512e+00,7.511664046290202901e-01,-9.338997199239640334e-03,2.793143484623160644e-01,4.767840060099503025e+06
-2.714514055154050975e+00,-5.264335877156989696e+00,2.430301934570389122e+00,6.632261392351721518e-01,-1.224553491272060701e-01,3.307458968102083285e-01,4.767840060099503025e+06
-2.913392854255154596e+00,-5.296359888636539281e+00,2.180473134455841677e+00,8.195087354750760777e-01,1.856177849666379442e-02,2.765980777713090699e-01,4.767840060099503025e+06
-2.679686579039832317e+00,-5.522001900042710076e+00,2.263261852172962385e+00,6.261641720627193486e-01,9.722113879902949396e-02,3.036997579747621745e-01,4.767840060099503025e+06
-2.716583381002106723e+00,-5.446519059803764051e+00,1.957102093761731165e+00,1.042062869407134107e+00,3.649560623188896624e-01,2.419160046365533834e-01,4.767840060099503025e+06
-3.468552458553411988e+00,-5.532716587018755128e+00,2.608625334068513268e+00,1.276634679169932340e+00,6.732068411522380558e-01,2.925804793745154231e-01,4.767840060099503025e+06
-3.397804361324894273e+00,-5.488957153233992692e+00,2.924781927974501095e+00,1.356281693351324424e+00,6.883667899338464791e-01,2.738464666243853873e-01,4.767840060099503025e+06
-3.127950630107878993e+00,-5.344109283399562926e+00,2.761444785329840279e+00,1.410646031727014860e+00,5.911330590928471906e-01,2.026312551849307197e-01,4.767840060099503025e+06
-3.173692799638284434e+00,-5.317911061073111512e+00,2.961141983140707090e+00,1.427803134384021400e+00,5.738347974080734160e-01,2.052285895879988331e-01,4.767840060099503025e+06
-3.176461435199558370e+00,-5.316558313255967505e+00,2.977349035128425747e+00,1.436445202958274603e+00,5.736654314324320936e-01,1.969187396610175833e-01,4.767840060099503025e+06
-3.176461435199558370e+00,-5.316558313255967505e+00,2.977349035128425747e+00,1.436445202958274603e+00,5.736654314324320936e-01,1.969187396610175833e-01,4.767840060099503025e+06
-3.083432077670608340e+00,-5.380656455464639443e+00,2.837371943597897239e+00,1.325746994916483956e+00,5.655523101374134720e-01,2.315324988749251633e-01,4.767840060099503025e+06
-3.039626049010595299e+00,-5.379953037650372139e+00,2.743234420313891864e+00,1.335946042014279911e+00,5.913326087241065343e-01,2.789915257106226898e-01,4.767840060099503025e+06
-3.173311499011955306e+00,-5.277480783075302995e+00,2.991342770763842474e+00,1.402474536124229898e+00,5.189663852322181636e-01,2.130852316854888462e-01,4.767840060099503025e+06
-3.172420343671473297e+00,-5.277747361227065781e+00,2.989561448940469823e+00,1.401902068610611396e+00,5.189387275921942821e-01,2.133899611412502506e-01,4.767840060099503025e+06
-2.894908690723241751e+00,-5.413529987767846663e+00,2.904656676744898469e+00,1.447015733841574781e+00,6.520775135341720929e-01,1.627459340299556856e-01,4.767840060099503025e+06
-2.857385964420741331e+00,-5.467789549896560075e+00,2.988688677292449469e+00,1.506056466137410954e+00,7.334485711768397032e-01,1.054370213924592514e-01,4.767840060099503025e+06
-2.811693377725848819e+00,-5.460259611770478472e+00,2.965965767693813593e+00,1.473051756105047794e+00,7.181656807199454651e-01,1.498425897747050484e-01,4.767840060099503025e+06
-2.811693377725848819e+00,-5.460259611770478472e+00,2.965965767693813593e+00,1.473051756105047794e+00,7.181656807199454651e-01,1.498425897747050484e-01,4.767840060099503025e+06
-2.599076307899574445e+00,-5.426797565585730787e+00,2.993472576418417130e+00,1.472440333723981754e+00,6.519165215013148496e-01,1.054926682439450980e-01,4.767840060099503025e+06
-2.599076307899574445e+00,-5.426797565585730787e+00,2.993472576418417130e+00,1.472440333723981754e+00,6.519165215013148496e-01,1.054926682439450980e-01,4.767840060099503025e+06
-1.432761176423892113e+00,-5.377679845848077456e+00,1.896186023153721534e+00,1.869630821390549702e+00,1.124000298406831799e+00,3.614668970806205750e-01,4.767840060099503025e+06
-1.522079878464258407e+00,-5.267637628328169619e+00,1.877385320620632791e+00,1.873969322715453689e+00,1.009172792201171287e+00,3.340826661840985423e-01,4.767840060099503025e+06
-1.262410723840881044e+00,-5.125759920059310026e+00,1.386646555565233196e+00,1.822934753245667228e+00,8.039541306272719456e-01,2.486651989980824262e-01,4.767840060099503025e+06
-1.321167607885960438e+00,-4.955754183239015731e+00,6.069025584963154696e-01,1.810908292636438377e+00,6.710517701045918271e-01,3.062025229848634456e-01,4.767840060099503025e+06
-1.442115099611457785e+00,-5.003659065970836650e+00,9.112525675691829363e-01,1.841042083210852720e+00,7.141754642231453731e-01,2.419758614731458701e-01,4.767840060099503025e+06
-1.549116007660877425e+00,-4.916641329514705561e+00,6.603046965901195886e-01,2.173422282995990162e+00,9.226740464781284512e-01,2.391643378301959166e-01,4.767840060099503025e+06
-1.778221059240076674e+00,-4.857844689354978485e+00,1.059380815655792674e+00,2.429192281706245904e+00,1.077390730340288760e+00,2.033600843801763869e-01,4.767840060099503025e+06
-1.985846817429730127e+00,-4.476174403137376245e+00,4.907575094036298324e-01,2.702963532358150456e+00,1.054359394242626813e+00,2.506287686514248603e-01,4.767840060099503025e+06
-2.152213546693696689e+00,-4.403239978456303660e+00,3.962828473314655153e-01,2.999473026847061519e+00,1.274707168687923220e+00,2.538540084753663773e-01,4.767840060099503025e+06
-2.152213546693696689e+00,-4.403239978456303660e+00,3.962828473314655153e-01,2.999473026847061519e+00,1.274707168687923220e+00,2.538540084753663773e-01,4.767840060099503025e+06
-1.752375771137370419e+00,-4.895660498607432132e+00,1.057142894999695715e+00,2.453329123380664001e+00,1.133950047863453214e+00,1.937728944903870376e-01,4.767840060099503025e+06
-2.340672381849746575e+00,-4.701120904334335826e+00,7.538892824867889919e-01,2.734145367488851619e+00,1.225806386060081188e+00,1.938757823661649837e-01,4.767840060099503025e+06
-2.231396548457178497e+00,-4.822104453494260312e+00,1.379437854563121846e+00,2.995044556006190906e+00,1.561637636878013602e+00,2.097612781199940102e-01,4.767840060099503025e+06
-2.221112075938907804e+00,-4.796835818872084545e+00,1.278222529622643266e+00,2.975005260910116966e+00,1.518000350579204794e+00,2.042796452078254887e-01,4.767840060099503025e+06
-2.013453143582210725e+00,-5.065143544713280654e+00,1.376963854557017752e+00,2.398881711267404349e+00,1.262551154346196247e+00,2.204860147930625125e-01,4.767840060099503025e+06
-1.705420607972414793e+00,-4.840481591104581760e+00,1.719032753142155201e+00,1.757765584588568020e+00,2.631333017010440978e-01,-9.849160242622456707e-02,4.767840060099503025e+06
-1.847739982796188896e+00,-4.730266643389318126e+00,1.832125015450386529e+00,1.565640648560575832e+00,2.396784259818041107e-02,3.628793479574382586e-02,4.767840060099503025e+06
-1.855106231843506093e+00,-4.808175520069952746e+00,1.172532962532341738e+00,1.449014795498668295e+00,7.717456403965083922e-02,1.060848132288456092e-01,4.767840060099503025e+06
-1.905083705408246342e+00,-5.036386755638835311e+00,1.081764175922243831e+00,1.769950477678201795e+00,6.485295034815966586e-01,1.354536486613408530e-01,4.767840060099503025e+06
-1.417727082462807431e+00,-4.816329968291331198e+00,6.610597261078611231e-01,1.480762082354718734e+00,1.694905975501261874e-01,6.933192279480876463e-02,4.767840060099503025e+06
-1.547402180819020590e+00,-4.693413667632854391e+00,5.316453898372834885e-01,1.489872496142679026e+00,1.305994868498077111e-01,2.131482613578387364e-01,4.767840060099503025e+06
-1.455889924068704211e+00,-4.899285044736566341e+00,4.121798295219086805e-01,1.345711143277509070e+00,2.489709082183131361e-01,2.500492918365840311e-01,4.767840060099503025e+06
-1.455889924068704211e+00,-4.899285044736566341e+00,4.121798295219086805e-01,1.345711143277509070e+00,2.489709082183131361e-01,2.500492918365840311e-01,4.767840060099503025e+06
-1.393109587605447786e+00,-4.873002248000191550e+00,3.040690540059992619e-01,1.322435321582789092e+00,2.268002840988692648e-01,2.590562438352581043e-01,4.767840060099503025e+06
-1.307660217604976971e+00,-5.088970178441799774e+00,7.679536953104384445e-01,1.436709391602663199e+00,4.324498059858929988e-01,1.036348665208061681e-01,4.767840060099503025e+06
-2.110375494390171802e+00,-5.113975916765411966e+00,7.019081195020913100e-01,1.746851215222905207e+00,6.638486441390609727e-01,-5.661569609546834858e-03,4.767840060099503025e+06
-2.145017948016466836e+00,-4.988991744767605319e+00,1.495387590966771985e+00,1.746015869735761505e+00,5.450328283438263810e-01,1.669585014739169426e-01,4.767840060099503025e+06
-2.837854976509023075e+00,-4.937111473211176715e+00,6.997934264161689288e-01,1.613516543817405502e+00,4.151013184644596343e-01,1.755719953064582284e-01,4.767840060099503025e+06
-1.575476383198434416e+00,-5.237336213073492175e+00,1.517941989104328204e+00,1.706114907960272653e+00,6.714797435686938876e-01,3.220987104782344762e-02,4.767840060099503025e+06
-1.835899336971156037e+00,-4.612463391495063902e+00,1.250838221303780529e+00,1.946051960292277005e+00,2.451534624946370422e-01,6.344842283443574704e-02,4.767840060099503025e+06
-1.172024693406993556e+00,-4.968349535041838294e+00,8.649577936481595009e-01,2.077417413746758257e+00,8.983199673496902182e-01,1.478014534132670033e-01,4.767840060099503025e+06
-1.170058706939889781e+00,-4.633709037219786886e+00,3.745022208125687868e-01,2.390849689881479723e+00,8.147895396315648631e-01,-4.278989450932055294e-02,4.767840060099503025e+06
-1.071835386550415770e+00,-4.493013964531764159e+00,4.881906547783294581e-01,2.579544727514216707e+00,8.653434856809605336e-01,-4.792069179437796755e-02,4.767840060099503025e+06
-1.198449241561514000e+00,-4.572365456846853249e+00,5.053657047436487249e-01,2.488660560357583318e+00,8.629708295930468287e-01,-2.939508861928902261e-02,4.767840060099503025e+06
-1.238118227463050891e+00,-4.767084344635593496e+00,4.714744166302005102e-01,2.182056553232352591e+00,8.367844248946709751e-01,8.855138264158474160e-02,4.767840060099503025e+06
-8.728389178558497719e-01,-4.597464773439832619e+00,4.543321586230987252e-01,2.275873326970906163e+00,7.309341080034955640e-01,1.260795724661623041e-02,4.767840060099503025e+06
-8.514495043316041567e-01,-4.586895167935793438e+00,4.510887904290010186e-01,2.280695181482863543e+00,7.237830978610155785e-01,8.697604908218026232e-03,4.767840060099503025e+06
-6.228148571697001978e-01,-4.344528388579977474e+00,2.589839765936483573e-01,2.427323909922808998e+00,6.000774230654573049e-01,-8.630027516164989754e-02,4.767840060099503025e+06
-9.627158698377816792e-01,-4.353220472199068602e+00,7.568476618169950321e-02,2.611012998692761933e+00,8.027333278612416301e-01,-1.033140674328711928e-01,4.767840060099503025e+06
-1.343880407625742013e+00,-4.805632328920299123e+00,2.260326836830383046e-01,2.154673240978052018e+00,8.793929521811185701e-01,7.351735596535866057e-02,4.767840060099503025e+06
-8.544772980192225642e-01,-4.749913357807444392e+00,3.454218988479331731e-01,2.200688395893179994e+00,8.140280580837186974e-01,-1.906561183455351971e-02,4.767840060099503025e+06
-1.451492101073181162e+00,-5.004752100574497042e+00,3.361951053046641213e-01,2.049443589714366354e+00,9.822090010278535788e-01,1.639067910375368031e-01,4.767840060099503025e+06
-1.559117954447550858e+00,-5.003064608655279244e+00,4.434947985102217771e-01,1.967681668968114694e+00,8.864933262443839279e-01,1.574915128210274684e-01,4.767840060099503025e+06
-1.082240603011540792e+00,-5.083922469277045941e+00,3.237348742001937563e-01,1.932539196991563513e+00,9.906551181164215958e-01,2.037700358504859754e-01,4.767840060099503025e+06
-1.091158398813479202e+00,-5.033822300163087959e+00,5.077994379195549524e-01,2.063861371073751450e+00,9.973158943714205416e-01,9.811300257840105399e-02,4.767840060099503025e+06
-1.056707167552021875e+00,-4.974282165283658408e+00,3.907191263669643755e-01,2.182970337013936390e+00,1.056838048816816977e+00,8.938930681503437503e-02,4.767840060099503025e+06
-1.676918288273299140e+00,-5.176607097717097261e+00,6.278150452709290175e-01,1.996016202558657415e+00,1.092513763917635439e+00,1.811220155358896355e-01,4.767840060099503025e+06
-3.425562489622087980e+00,-4.999193706886566169e+00,-2.656457548828061732e-02,1.888984227171434549e+00,1.041940203117752928e+00,3.782975972701583256e-01,4.767840060099503025e+06
-3.229594848110109329e+00,-5.084764924534921349e+00,2.157462538408281838e-01,1.824968017728791914e+00,1.026441649112509902e+00,3.728846024565561912e-01,4.767840060099503025e+06
-3.229594848110109329e+00,-5.084764924534921349e+00,2.157462538408281838e-01,1.824968017728791914e+00,1.026441649112509902e+00,3.728846024565561912e-01,4.767840060099503025e+06
-3.229786386176211721e+00,-5.094494615394943970e+00,2.428146669397450719e-01,1.814008197732757788e+00,1.026044174865611947e+00,3.789879767597599258e-01,4.767840060099503025e+06
-3.232016873400467283e+00,-5.080601782173816972e+00,2.276137370457801401e-01,1.822974195575441048e+00,1.021928773192676054e+00,3.755951907465443496e-01,4.767840060099503025e+06
-2.309865025116041082e+00,-5.221216520459652344e+00,3.511453622383401418e-01,1.551686277515593071e+00,8.908014248300401006e-01,4.246695760650422424e-01,4.767840060099503025e+06
-2.349599856977801160e+00,-5.241381256180597248e+00,3.805381888672551005e-01,1.548133429410911699e+00,9.045645422174710681e-01,4.280105309980906103e-01,4.767840060099503025e+06
-2.398374822819007157e+00,-5.247232449976992896e+00,4.261108673196121188e-01,1.524965829074546253e+00,8.895882914141763909e-01,4.391775100529611287e-01,4.767840060099503025e+06
-2.373649191348324194e+00,-5.258917470295296326e+00,4.058597574276936459e-01,1.537622585629655036e+00,9.044538544033413618e-01,4.143615000433141793e-01,4.767840060099503025e+06
-2.287420455961448607e+00,-5.164756300410412670e+00,3.698730444981689347e-01,1.692240578397428141e+00,9.701978924702659990e-01,4.398943607379229848e-01,4.767840060099503025e+06
-2.287420455961448607e+00,-5.164756300410412670e+00,3.698730444981689347e-01,1.692240578397428141e+00,9.701978924702659990e-01,4.398943607379229848e-01,4.767840060099503025e+06
-2.219974148293865746e+00,-5.166544912629865927e+00,5.749786117322756018e-01,1.347476699431991776e+00,5.271082226744023824e-01,3.240352726104400727e-01,4.767840060099503025e+06
-2.192424711511288038e+00,-5.135680948138205970e+00,4.151902334501234026e-01,1.341585035462242059e+00,4.873797680364377882e-01,3.002238296830165298e-01,4.767840060099503025e+06
-2.173973895349146979e+00,-5.386101970061684341e+00,6.478659724086803795e-01,1.070013386637014952e+00,5.009094011910458777e-01,3.540584274268888665e-01,4.767840060099503025e+06
-2.012524254325802620e+00,-5.318499036671102687e+00,6.848971216153147967e-01,8.541841637092701944e-01,1.801588261454437068e-01,2.546020799774764698e-01,4.767840060099503025e+06
-2.154714308669388512e+00,-5.337524180339062951e+00,7.436041699297604168e-01,1.001564140481087328e+00,3.250204604899472605e-01,2.553662058680968849e-01,4.767840060099503025e+06
-2.021146311536336171e+00,-5.308523018633726664e+00,9.071543678882301176e-01,1.055082883317047360e+00,3.477565265075708290e-01,2.548651926556100289e-01,4.767840060099503025e+06
-2.272582041515619267e+00,-5.452590713576135784e+00,7.371547036795007557e-01,8.423406910436083139e-01,3.168460850779998839e-01,2.928973663621371459e-01,4.767840060099503025e+06
-2.272582041515619267e+00,-5.452590713576135784e+00,7.371547036795007557e-01,8.423406910436083139e-01,3.168460850779998839e-01,2.928973663621371459e-01,4.767840060099503025e+06
-2.498014873447385487e+00,-5.395831865192064924e+00,5.881305706339110539e-01,9.343877212264626309e-01,2.906078263019135632e-01,2.187367644167779734e-01,4.767840060099503025e+06
-2.219209837652397876e+00,-5.577183501270954302e+00,1.137026301833320652e+00,8.425355879632110412e-01,4.294108832415649557e-01,3.340423925671646144e-01,4.767840060099503025e+06
-2.167844658840477834e+00,-5.559816909389872386e+00,9.612291742180816279e-01,7.413088951613541200e-01,3.408944379332101704e-01,3.653009094301638005e-01,4.767840060099503025e+06
-2.161864310840448500e+00,-5.513577081330161000e+00,1.084779859076993702e+00,8.569051344149322125e-01,3.849692020835838169e-01,3.550352019561675565e-01,4.767840060099503025e+06
-1.933432587385801371e+00,-5.464374151331565344e+00,1.176985168842901164e+00,8.599931915517399217e-01,2.085074797330924989e-01,1.281401062619642595e-01,4.767840060099503025e+06
-2.186323477227898326e+00,-5.600542528231697403e+00,1.250410928828417312e+00,8.913283902786127699e-01,4.377716706026452131e-01,2.646027655018398650e-01,4.767840060099503025e+06
-2.981331054053812935e+00,-5.493064970408941150e+00,1.441742034737559353e+00,7.489737459704159939e-01,1.455639625957694250e-01,2.396113050286354240e-01,4.767840060099503025e+06
-2.855990049828789790e+00,-5.378800812050494429e+00,2.145723350511989924e+00,1.351622353904156304e+00,5.168895178428762893e-01,1.518323028902979210e-01,4.767840060099503025e+06
-3.388767837080878031e+00,-5.445233551995903198e+00,2.326596757114971936e+00,1.199554333397397032e+00,4.586543482691090023e-01,2.000162244252073895e-01,4.767840060099503025e+06
-3.915241682276781710e+00,-5.460235578925119349e+00,2.285350302956738133e+00,1.353320147416144037e+00,6.413643502177676092e-01,2.806171845430588396e-01,4.767840060099503025e+06
-3.369067838356778477e+00,-5.507580956783534987e+00,2.198372256599174346e+00,1.318256188005558549e+00,6.941396735976308463e-01,2.845083787241599049e-01,4.767840060099503025e+06
-3.708781276601802901e+00,-5.184697533419425852e+00,2.555411551139911364e+00,1.565870230102006655e+00,5.258977367968702410e-01,1.594329938268277680e-01,4.767840060099503025e+06
-3.723985586403011361e+00,-5.545070248265254520e+00,2.124360563900528298e+00,1.367776955159618835e+00,7.933112353955446006e-01,3.048158916544779218e-01,4.767840060099503025e+06
-3.886768872317657220e+00,-5.494579375666404530e+00,2.184225641239241789e+00,1.319940516952684106e+00,6.960363969516802918e-01,3.396304843312050736e-01,4.767840060099503025e+06
-3.352835678630339267e+00,-5.523347867323747273e+00,1.773872280785532496e+00,1.137125459490101465e+00,6.349634825399517180e-01,4.153123042252250263e-01,4.767840060099503025e+06
-2.870169142418722341e+00,-5.352734128005335990e+00,1.022242777989871954e+00,1.396601481452862670e+00,5.953783686760547589e-01,2.105723789621037623e-01,4.767840060099503025e+06
-2.897082391901181886e+00,-5.352011654571201760e+00,1.054717558992209980e+00,1.384459945717739338e+00,5.839977071146004173e-01,2.111500758067891281e-01,4.767840060099503025e+06
-2.260209375153534150e+00,-5.460210809462549442e+00,9.207676274530556260e-01,1.237566118183698327e+00,5.895525097740507148e-01,2.242778046647131984e-01,4.767840060099503025e+06
-2.260209375153534150e+00,-5.460210809462549442e+00,9.207676274530556260e-01,1.237566118183698327e+00,5.895525097740507148e-01,2.242778046647131984e-01,4.767840060099503025e+06
-2.205186403866243872e+00,-5.506207255783606591e+00,1.047929945496909987e+00,1.143118475513666077e+00,5.305754469981255328e-01,2.059929455424527323e-01,4.767840060099503025e+06
-2.177038470886547561e+00,-5.518844538198451666e+00,1.467787668073726737e+00,1.402864505240255522e+00,7.310409546007852200e-01,1.456471320937902103e-01,4.767840060099503025e+06
-2.068109332670056144e+00,-5.559577152341921291e+00,1.395355348106139370e+00,1.374241615611317968e+00,7.450559824055091873e-01,1.393770809993094550e-01,4.767840060099503025e+06
-1.275498634507277407e+00,-5.293124398758300764e+00,1.137780525038259993e+00,1.705433628804061685e+00,7.036585594386067788e-01,-7.573045071944922713e-02,4.767840060099503025e+06
-1.757280794176343086e+00,-4.644763995020092295e+00,1.310078273270464333e+00,1.952021734225941829e+00,3.246818640074113360e-01,1.602966595456345456e-02,4.767840060099503025e+06
-1.096945275489036309e+00,-5.136917783638589974e+00,1.631286722440183912e+00,6.766735429295092086e-01,-1.674665617699995224e-01,3.801604534017746229e-01,4.767840060099503025e+06
-1.235829700294212685e+00,-5.087944911199555165e+00,1.682424593465796869e+00,1.054221161898008408e+00,8.074814251301420942e-02,2.522840002561131389e-01,4.767840060099503025e+06
-1.035340732907639394e+00,-5.004763534245878276e+00,1.396384468307646287e+00,6.469621607814949327e-01,-3.482211200853175814e-01,2.497248374941859472e-01,4.767840060099503025e+06
-1.014576458065070685e+00,-5.211811916583981130e+00,1.530871238729718309e+00,6.862808002976943378e-01,-8.465787105890820730e-02,2.750294490994514285e-01,4.767840060099503025e+06
-9.031583044116215930e-01,-5.264427289897172457e+00,1.397359171292446467e+00,5.240639259765980107e-01,-1.616596921775130813e-01,3.012582927002904754e-01,4.767840060099503025e+06
-9.707430016353282287e-01,-5.329850624979364682e+00,1.397690651355723901e+00,5.221306913137409023e-01,-8.763067124529252960e-02,3.253874749828322699e-01,4.767840060099503025e+06
-1.098558112989655555e+00,-5.452239230576332751e+00,1.162759179911948326e+00,5.022096025585178758e-01,7.944459318212082621e-04,3.255484033722100823e-01,4.767840060099503025e+06
-1.287739856065476696e+00,-5.594706310736207833e+00,1.684195589892136358e+00,9.048811844712926211e-01,5.165532397889469607e-01,3.876679677671968638e-01,4.767840060099503025e+06
-1.162451998184153013e+00,-6.000208587521370873e+00,1.796412250036338421e+00,1.170692709385002139e+00,1.053429141604691033e+00,2.621376257207171934e-01,4.767840060099503025e+06
-2.003391911873684705e+00,-5.612048183312005278e+00,2.037763225591566307e+00,1.405620418541542849e+00,8.829205611595658532e-01,3.430553468775476289e-01,4.767840060099503025e+06
-1.812701341702734226e+00,-5.664583775181922576e+00,1.933779569355007943e+00,1.202022521821742185e+00,7.547483119051484612e-01,3.000215278451814349e-01,4.767840060099503025e+06
-1.972485634190181525e+00,-5.684118464368229873e+00,1.738321976626838516e+00,1.230362270389600665e+00,7.728846887710958402e-01,2.652438624658167710e-01,4.767840060099503025e+06
-2.537064335869286591e+00,-5.596422207886439182e+00,1.655625774873203504e+00,1.289926801756741792e+00,8.157259372878974402e-01,3.595674717209825788e-01,4.767840060099503025e+06
-2.879408987442529266e+00,-5.656415897006781712e+00,1.315544619023976347e+00,1.360852159746702039e+00,9.589964470075689196e-01,3.825769593804951851e-01,4.767840060099503025e+06
-2.608477603438125847e+00,-5.737776727879259298e+00,1.068603257756672198e+00,1.347659391709914445e+00,1.077783532836752656e+00,4.602521936332970576e-01,4.767840060099503025e+06
-2.755113963074879546e+00,-5.823562528740112043e+00,9.093657716309968553e-01,1.307273999944471132e+00,1.142973416634371020e+00,4.859334902214710317e-01,4.767840060099503025e+06
-2.563584822852026157e+00,-5.828409082886490289e+00,1.138357129643473353e+00,1.214036029366600378e+00,1.060112097853382673e+00,4.697838664937550313e-01,4.767840060099503025e+06
-3.803050008503002566e+00,-6.483753601010262990e+00,1.119336942742419572e+00,1.159242485371249742e+00,1.741984978615972679e+00,5.717447790739383917e-01,4.767840060099503025e+06
-3.656128282377950178e+00,-6.398188871373850617e+00,1.142077439728564459e+00,1.216696454688525497e+00,1.716050805558197556e+00,5.861391502030579570e-01,4.767840060099503025e+06
-3.165867541514041594e+00,-5.825330652657676467e+00,1.596426136949169461e+00,1.317652173343365485e+00,1.107586785202750335e+00,3.930922189196445204e-01,4.767840060099503025e+06
-3.911038336505680668e+00,-6.351617294220311294e+00,1.098791404447547970e+00,1.091617904029398289e+00,1.450115059960096708e+00,4.240675825397244303e-01,4.767840060099503025e+06
-3.275436071071711197e+00,-5.552945415781246119e+00,1.523723046859576602e+00,1.357093735150272984e+00,7.846179691813113255e-01,3.130714270055490189e-01,4.767840060099503025e+06
-3.142009341505580089e+00,-5.692626436222128383e+00,1.299976901860004697e+00,1.315329689082384235e+00,8.845669590868323606e-01,2.970574226943983875e-01,4.767840060099503025e+06
-3.647183202876845165e+00,-5.777596862662264243e+00,1.429783822811488081e+00,1.249450221810295858e+00,8.799842472176414576e-01,2.876423678977727549e-01,4.767840060099503025e+06
-3.595642017002254054e+00,-5.758982184009305172e+00,1.406561341541307186e+00,1.279335496105741932e+00,9.315891181659030629e-01,3.488374905159010719e-01,4.767840060099503025e+06
-3.617552791945557900e+00,-5.833790277123818591e+00,1.281099998717047717e+00,1.164572002603191381e+00,8.982925134527930400e-01,3.512255735494396736e-01,4.767840060099503025e+06
-3.256160813982964530e+00,-5.736529407091673249e+00,1.366776116987460155e+00,1.020006000860809392e+00,7.067436040232466521e-01,3.730919831043003621e-01,4.767840060099503025e+06
-3.085382828331968419e+00,-5.799746160884730273e+00,1.396094701754562628e+00,9.192447078566630125e-01,6.836337511435195413e-01,3.919437898539198106e-01,4.767840060099503025e+06
-2.989800877013080171e+00,-5.735919944403632620e+00,1.448449599490588380e+00,1.021298694864496426e+00,7.007094912024871558e-01,3.697206236650288913e-01,4.767840060099503025e+06
-2.824049719392256907e+00,-5.762526806779806776e+00,1.130544681688125719e+00,1.092253760690314213e+00,8.046471155147199017e-01,3.578284453410760513e-01,4.767840060099503025e+06
-2.473275327314400585e+00,-5.688826147619476359e+00,1.486425940818123514e+00,1.312953689337386098e+00,9.210601119731737230e-01,3.466271176839465507e-01,4.767840060099503025e+06
-1.881810220981250614e+00,-5.482267447006441863e+00,1.395792361771517776e+00,1.486330401224612574e+00,8.299485794043479636e-01,2.114095758746135367e-01,4.767840060099503025e+06
-1.776237753670019126e+00,-5.345008422595444841e+00,3.877719655599833892e-01,1.934002588309254644e+00,1.318148582021687609e+00,3.758405593951026913e-01,4.767840060099503025e+06
-2.377972899782632599e+00,-5.372276822562248810e+00,3.995848899215106442e-01,1.679297739962439806e+00,1.089366297445618637e+00,3.820453509734533237e-01,4.767840060099503025e+06
-2.374800293247750105e+00,-5.371346067451755246e+00,4.029359941619004015e-01,1.679288393421459080e+00,1.089094690354873274e+00,3.837220792174499961e-01,4.767840060099503025e+06
-2.167540996238050521e+00,-5.205652152339302674e+00,3.531388049706059573e-01,1.632356694405245223e+00,8.921888775351953793e-01,3.545637936291506365e-01,4.767840060099503025e+06
-2.501677879922181713e+00,-5.455710439507778453e+00,6.050126773394066682e-01,1.389974753673106411e+00,9.143245148088653407e-01,4.455564573316714849e-01,4.767840060099503025e+06
-2.528756696417734595e+00,-5.451809776081660175e+00,3.357471147688965707e-01,1.459574173474843528e+00,9.690088953325295407e-01,3.845077273866863155e-01,4.767840060099503025e+06
-2.273816947801933885e+00,-5.372961690254651757e+00,6.554530619099300237e-01,1.128274952854693147e+00,5.507435935890849787e-01,3.568972906826897162e-01,4.767840060099503025e+06
-2.185471973235861842e+00,-5.312717217868895503e+00,5.855164095132757707e-01,1.207692782511762264e+00,5.627374754993652584e-01,3.459416802721456685e-01,4.767840060099503025e+06
-2.316696794719262265e+00,-5.401180172572323634e+00,6.463870909994242631e-01,1.300766052443299792e+00,7.137231556038917679e-01,3.108988038056977876e-01,4.767840060099503025e+06
-2.917999927175807695e+00,-5.671198986599896408e+00,7.697852927826724923e-01,9.318250690803000502e-01,6.767786035077746343e-01,4.454045993971930129e-01,4.767840060099503025e+06
-2.953960731043065557e+00,-5.682066815655062442e+00,7.515116488260455974e-01,9.312472877417258266e-01,6.890867625245415962e-01,4.482333047889194289e-01,4.767840060099503025e+06
-2.913935010175403573e+00,-5.707513983840570404e+00,8.214774914429370245e-01,9.984215397929834257e-01,7.630999298589042912e-01,4.323768822780792442e-01,4.767840060099503025e+06
-3.057621515942867241e+00,-5.666896697007951289e+00,8.832354586458408541e-01,1.032182506214205597e+00,7.027401964497348441e-01,3.551989678673745376e-01,4.767840060099503025e+06
-3.198955803033274314e+00,-5.644616384466179859e+00,7.827058871405940810e-01,1.021852260409232827e+00,6.753222421194761127e-01,3.517197719503154518e-01,4.767840060099503025e+06
-3.327122213303010945e+00,-5.613974217720817173e+00,6.999042448115542214e-01,1.043756521321445474e+00,6.644230042954069049e-01,3.474535588110176931e-01,4.767840060099503025e+06
-3.327122213303010945e+00,-5.613974217720817173e+00,6.999042448115542214e-01,1.043756521321445474e+00,6.644230042954069049e-01,3.474535588110176931e-01,4.767840060099503025e+06
-3.314764958098074921e+00,-5.589044599138733638e+00,6.912591215396620692e-01,1.016534106162532813e+00,6.277465721323584047e-01,3.678328415763721937e-01,4.767840060099503025e+06
-3.259176683941895192e+00,-5.479760275961960581e+00,6.855096711083519256e-01,9.597221722562313539e-01,4.498661584966725524e-01,3.401902191581874790e-01,4.767840060099503025e+06
-2.950415496751149114e+00,-5.935884715118635135e+00,8.879804053677771147e-01,1.282375557585516912e+00,1.060977487416703724e+00,6.221823537781262514e-02,4.767840060099503025e+06
-2.705203547060718083e+00,-5.756969605241768484e+00,1.218950753971216994e+00,1.354973484597910005e+00,9.553256536756793427e-01,1.387170454692410182e-01,4.767840060099503025e+06
-2.198206366053891081e+00,-5.687032592294928079e+00,1.178955879800309914e+00,1.443098863861745462e+00,9.255022954912285327e-01,5.178065147225108245e-02,4.767840060099503025e+06
-2.272497122701451211e+00,-5.605382020127758658e+00,1.190017813582537887e+00,1.345488508397501892e+00,8.124090064560084423e-01,1.498223082103933290e-01,4.767840060099503025e+06
-2.736081254389490791e+00,-5.654690722757288235e+00,5.571172071699410644e-01,8.877404106135809991e-01,6.281219884384000585e-01,3.070431294865509919e-01,4.767840060099503025e+06
-2.736081254389490791e+00,-5.654690722757288235e+00,5.571172071699410644e-01,8.877404106135809991e-01,6.281219884384000585e-01,3.070431294865509919e-01,4.767840060099503025e+06
-2.650996362219435909e+00,-5.471726771884561913e+00,9.090849844852229023e-01,1.007194906773374532e+00,4.743053098036968951e-01,2.760634247367604877e-01,4.767840060099503025e+06
-2.914128469298396418e+00,-5.100689976895735001e+00,5.911891799960682370e-01,1.145397704772256997e+00,2.490880541428002193e-01,2.930530328099066883e-01,4.767840060099503025e+06
-2.846675458106505907e+00,-5.038706252157309606e+00,6.758237601803847028e-01,1.097707706267372574e+00,1.278849277852643351e-01,2.737587395193397111e-01,4.767840060099503025e+06
-2.751324385595000699e+00,-4.984714445655294313e+00,7.164879227960121444e-01,1.139279965394992544e+00,1.164298831946846136e-01,2.753609897948279817e-01,4.767840060099503025e+06
-3.550053698702908989e+00,-4.704036930714147857e+00,9.326897569288612466e-01,8.495479556682647981e-01,-5.225599289953424265e-01,1.320015765421476139e-01,4.767840060099503025e+06
-2.952579633783873447e+00,-5.156356591428730596e+00,1.560247211191368555e+00,1.634919599152442338e+00,6.235942998112341540e-01,2.080288638103700571e-01,4.767840060099503025e+06
-2.887500211553569507e+00,-5.067561874959877422e+00,1.680658336862009383e+00,1.807662972464031625e+00,5.621674754024498233e-01,-8.135704298394325074e-02,4.767840060099503025e+06
-3.021217024809463414e+00,-5.412644156770824111e+00,2.115227703452810637e+00,1.693912192962069074e+00,8.837137267469001856e-01,1.297500756310255854e-01,4.767840060099503025e+06
-3.020593254399373428e+00,-5.391557168013002332e+00,1.805991901557124857e+00,1.583204594554583844e+00,8.414074225499614812e-01,2.856813259571445718e-01,4.767840060099503025e+06
-3.535889230287093454e+00,-5.110169951490033391e+00,1.564146720349250064e+00,2.325700183566365986e+00,1.105222446896341637e+00,6.794905955080249305e-02,4.767840060099503025e+06
-3.084181181260119420e+00,-4.835991622648863952e+00,2.361967518969283031e+00,1.820246236528635375e+00,3.470564485155256396e-01,7.156412847854709547e-02,4.767840060099503025e+06
-3.306520620753414796e+00,-5.136879921560101536e+00,1.962106305433691134e+00,1.631551428739570042e+00,5.400879783088070596e-01,1.541310592522628364e-01,4.767840060099503025e+06
-3.654137349748117103e+00,-5.197547400023752928e+00,2.050470028313619686e+00,1.373612525868241008e+00,4.037401574334678611e-01,2.367942485420412857e-01,4.767840060099503025e+06
-3.237235950062895551e+00,-4.778956650387873317e+00,2.039502498581471812e+00,1.719516034337278398e+00,2.183957401187390790e-01,1.345182215111532797e-01,4.767840060099503025e+06
-2.981853498047979834e+00,-5.128179682471232681e+00,2.061932896655866543e+00,1.447273812021722783e+00,4.181832675047639780e-01,2.576649695415458297e-01,4.767840060099503025e+06
-2.872673539217532213e+00,-5.274646176060123537e+00,2.075400171297860918e+00,1.382042644582537783e+00,4.739796566584721926e-01,1.677366763484129941e-01,4.767840060099503025e+06
-2.144010227134127256e+00,-5.044695410298680294e+00,1.612431082728553733e+00,2.071246181780557194e+00,8.285898091500116802e-01,6.654410054371817651e-02,4.767840060099503025e+06
-1.791753285163082188e+00,-4.759507040239035369e+00,1.611924673198280589e+00,2.375267890304844087e+00,7.703176909155265983e-01,-3.311952567279152770e-02,4.767840060099503025e+06
-2.179459315710789546e+00,-5.041996950261564692e+00,1.948375361982865428e+00,2.019984242661029938e+00,7.593324496983804295e-01,7.000070461524032783e-02,4.767840060099503025e+06
-2.715875606836170686e+00,-5.356004417404698792e+00,2.084658744935216745e+00,2.246649256717632159e+00,1.328320026196779580e+00,4.033588834306464643e-02,4.767840060099503025e+06
-2.715875606836170686e+00,-5.356004417404698792e+00,2.084658744935216745e+00,2.246649256717632159e+00,1.328320026196779580e+00,4.033588834306464643e-02,4.767840060099503025e+06
-2.637990150119524202e+00,-5.375250288555123213e+00,2.067383561714941642e+00,2.326138466443022246e+00,1.418964673990203762e+00,2.871810670161173418e-02,4.767840060099503025e+06
-2.366122646719873934e+00,-5.213693052016441065e+00,1.996792456472242794e+00,2.339170167011183299e+00,1.323035660433543148e+00,1.230190069205397974e-01,4.767840060099503025e+06
-1.950200360001052458e+00,-4.614730114936047123e+00,1.793489716650818799e+00,2.797861250069153094e+00,1.232627403250973197e+00,3.653394628840698211e-01,4.767840060099503025e+06
-1.609827217954485246e+00,-4.632231811138345812e+00,1.641301695148028594e+00,2.963978446873084316e+00,1.312733037131893044e+00,2.142690427338583559e-01,4.767840060099503025e+06
-2.088601831557921340e+00,-4.467640067895366052e+00,2.390932187441738854e+00,2.727616840588146907e+00,9.362124527019249909e-01,2.671861255273781932e-01,4.767840060099503025e+06
-1.910702934649330942e+00,-5.182806386473543192e+00,2.408880175188867767e+00,1.683430493090867008e+00,7.645067907223526138e-01,3.738881880702625282e-01,4.767840060099503025e+06
-1.715662157952001721e+00,-4.779588591064008796e+00,2.412277980483426454e+00,2.193136399753279786e+00,8.071183597282108879e-01,3.521177129413423090e-01,4.767840060099503025e+06
-2.101341362347004527e+00,-5.105299701220487485e+00,2.517147311645987706e+00,1.801820501944436437e+00,7.501547833561755807e-01,3.037990535071778408e-01,4.767840060099503025e+06
-1.407047999882519385e+00,-5.327171903240041750e+00,2.595518093435623452e+00,1.909329814479632681e+00,1.009213099164317562e+00,2.498797518420497465e-01,4.767840060099503025e+06
-1.364741117188986941e+00,-5.296856049254050625e+00,2.724256929885268796e+00,1.944587256078952109e+00,1.110412250049746419e+00,3.174323815860334852e-01,4.767840060099503025e+06
-1.959005845666295098e+00,-5.400091074503649224e+00,2.577747416842305128e+00,1.435353253369700433e+00,7.777121387626038107e-01,4.105455167046012654e-01,4.767840060099503025e+06
-2.213467364889988520e+00,-5.407818448266934475e+00,2.491388667025526082e+00,1.408700039582374108e+00,7.455708752765717318e-01,3.946685986715594008e-01,4.767840060099503025e+06
-2.266406820010722356e+00,-5.384190616780359484e+00,2.502608167698692654e+00,1.430651198354673248e+00,7.508537376280368658e-01,4.054907222507361242e-01,4.767840060099503025e+06
-1.337956540396873173e+00,-5.017696340967145119e+00,2.137978468320111958e+00,2.018665403823546090e+00,1.219455303612345887e+00,7.958375971052958908e-01,4.767840060099503025e+06
-1.280643844459818714e+00,-5.012817743794584224e+00,2.142257717376248927e+00,1.886291771431442665e+00,1.062684628296258094e+00,7.491464899647679587e-01,4.767840060099503025e+06
-1.221764715705541349e+00,-5.134760064139188174e+00,2.043140476777331571e+00,1.704273652089519420e+00,9.902846349069980292e-01,6.850264813461367508e-01,4.767840060099503025e+06
-1.221764715705541349e+00,-5.134760064139188174e+00,2.043140476777331571e+00,1.704273652089519420e+00,9.902846349069980292e-01,6.850264813461367508e-01,4.767840060099503025e+06
-1.221764715705541349e+00,-5.134760064139188174e+00,2.043140476777331571e+00,1.704273652089519420e+00,9.902846349069980292e-01,6.850264813461367508e-01,4.767840060099503025e+06
-1.221764715705541349e+00,-5.134760064139188174e+00,2.043140476777331571e+00,1.704273652089519420e+00,9.902846349069980292e-01,6.850264813461367508e-01,4.767840060099503025e+06
-1.221764715705541349e+00,-5.134760064139188174e+00,2.043140476777331571e+00,1.704273652089519420e+00,9.902846349069980292e-01,6.850264813461367508e-01,4.767840060099503025e+06
-1.195454681610417680e+00,-4.986578992101268426e+00,1.988599289713592677e+00,1.531517929141832823e+00,7.436135665176522025e-01,7.547689964650344807e-01,4.767840060099503025e+06
-1.195454681610417680e+00,-4.986578992101268426e+00,1.988599289713592677e+00,1.531517929141832823e+00,7.436135665176522025e-01,7.547689964650344807e-01,4.767840060099503025e+06
-1.200176460124100508e+00,-4.993620820773063684e+00,2.033071272346857139e+00,1.557603339056773839e+00,7.394075907876721532e-01,7.057435805754251890e-01,4.767840060099503025e+06
-1.200176460124100508e+00,-4.993620820773063684e+00,2.033071272346857139e+00,1.557603339056773839e+00,7.394075907876721532e-01,7.057435805754251890e-01,4.767840060099503025e+06
-1.200176460124100508e+00,-4.993620820773063684e+00,2.033071272346857139e+00,1.557603339056773839e+00,7.394075907876721532e-01,7.057435805754251890e-01,4.767840060099503025e+06
-1.256229217332466064e+00,-5.018895763000811527e+00,2.013329239207121812e+00,1.654155011049023294e+00,8.132305660427884275e-01,6.462025792937895474e-01,4.767840060099503025e+06
-1.251356175140677651e+00,-5.013353440474246803e+00,2.006173680827165295e+00,1.654509109228825103e+00,8.098433114471467187e-01,6.482338524807804703e-01,4.767840060099503025e+06
-1.251356175140677651e+00,-5.013353440474246803e+00,2.006173680827165295e+00,1.654509109228825103e+00,8.098433114471467187e-01,6.482338524807804703e-01,4.767840060099503025e+06
-1.251356175140677651e+00,-5.013353440474246803e+00,2.006173680827165295e+00,1.654509109228825103e+00,8.098433114471467187e-01,6.482338524807804703e-01,4.767840060099503025e+06
-1.251356175140677651e+00,-5.013353440474246803e+00,2.006173680827165295e+00,1.654509109228825103e+00,8.098433114471467187e-01,6.482338524807804703e-01,4.767840060099503025e+06
-1.251356175140677651e+00,-5.013353440474246803e+00,2.006173680827165295e+00,1.654509109228825103e+00,8.098433114471467187e-01,6.482338524807804703e-01,4.767840060099503025e+06
-1.251356175140677651e+00,-5.013353440474246803e+00,2.006173680827165295e+00,1.654509109228825103e+00,8.098433114471467187e-01,6.482338524807804703e-01,4.767840060099503025e+06
-1.251356175140677651e+00,-5.013353440474246803e+00,2.006173680827165295e+00,1.654509109228825103e+00,8.098433114471467187e-01,6.482338524807804703e-01,4.767840060099503025e+06
-1.251356175140677651e+00,-5.013353440474246803e+00,2.006173680827165295e+00,1.654509109228825103e+00,8.098433114471467187e-01,6.482338524807804703e-01,4.767840060099503025e+06
-1.056908732219647540e+00,-5.128040389649710207e+00,2.392078394094422578e+00,1.410457754049526891e+00,7.744854572518867775e-01,7.549217986960587989e-01,4.767840060099503025e+06
-1.056908732219647540e+00,-5.128040389649710207e+00,2.392078394094422578e+00,1.410457754049526891e+00,7.744854572518867775e-01,7.549217986960587989e-01,4.767840060099503025e+06
-1.056908732219647540e+00,-5.128040389649710207e+00,2.392078394094422578e+00,1.410457754049526891e+00,7.744854572518867775e-01,7.549217986960587989e-01,4.767840060099503025e+06
-1.056908732219647540e+00,-5.128040389649710207e+00,2.392078394094422578e+00,1.410457754049526891e+00,7.744854572518867775e-01,7.549217986960587989e-01,4.767840060099503025e+06
-1.056908732219647540e+00,-5.128040389649710207e+00,2.392078394094422578e+00,1.410457754049526891e+00,7.744854572518867775e-01,7.549217986960587989e-01,4.767840060099503025e+06
-1.056908732219647540e+00,-5.128040389649710207e+00,2.392078394094422578e+00,1.410457754049526891e+00,7.744854572518867775e-01,7.549217986960587989e-01,4.767840060099503025e+06
-1.056908732219647540e+00,-5.128040389649710207e+00,2.392078394094422578e+00,1.410457754049526891e+00,7.744854572518867775e-01,7.549217986960587989e-01,4.767840060099503025e+06
-1.056908732219647540e+00,-5.128040389649710207e+00,2.392078394094422578e+00,1.410457754049526891e+00,7.744854572518867775e-01,7.549217986960587989e-01,4.767840060099503025e+06
-1.056908732219647540e+00,-5.128040389649710207e+00,2.392078394094422578e+00,1.410457754049526891e+00,7.744854572518867775e-01,7.549217986960587989e-01,4.767840060099503025e+06
-1.056908732219647540e+00,-5.128040389649710207e+00,2.392078394094422578e+00,1.410457754049526891e+00,7.744854572518867775e-01,7.549217986960587989e-01,4.767840060099503025e+06
-1.056908732219647540e+00,-5.128040389649710207e+00,2.392078394094422578e+00,1.410457754049526891e+00,7.744854572518867775e-01,7.549217986960587989e-01,4.767840060099503025e+06
-1.056908732219647540e+00,-5.128040389649710207e+00,2.392078394094422578e+00,1.410457754049526891e+00,7.744854572518867775e-01,7.549217986960587989e-01,4.767840060099503025e+06
-1.056908732219647540e+00,-5.128040389649710207e+00,2.392078394094422578e+00,1.410457754049526891e+00,7.744854572518867775e-01,7.549217986960587989e-01,4.767840060099503025e+06
-1.056908732219647540e+00,-5.128040389649710207e+00,2.392078394094422578e+00,1.410457754049526891e+00,7.744854572518867775e-01,7.549217986960587989e-01,4.767840060099503025e+06
-1.056908732219647540e+00,-5.128040389649710207e+00,2.392078394094422578e+00,1.410457754049526891e+00,7.744854572518867775e-01,7.549217986960587989e-01,4.767840060099503025e+06
-2.108666476353993069e-01,-5.108815712445070822e+00,1.965498682800209007e+00,1.835864773529520377e+00,1.325955910092105672e+00,9.324368117601939954e-01,4.767840060099503025e+06
-2.108666476353993069e-01,-5.108815712445070822e+00,1.965498682800209007e+00,1.835864773529520377e+00,1.325955910092105672e+00,9.324368117601939954e-01,4.767840060099503025e+06
-2.108666476353993069e-01,-5.108815712445070822e+00,1.965498682800209007e+00,1.835864773529520377e+00,1.325955910092105672e+00,9.324368117601939954e-01,4.767840060099503025e+06
-6.175127006638020388e-01,-5.212344804549458921e+00,2.106203539244402734e+00,1.745390107362415621e+00,1.175193885647991321e+00,7.314845249574126740e-01,4.767840060099503025e+06
-6.175127006638020388e-01,-5.212344804549458921e+00,2.106203539244402734e+00,1.745390107362415621e+00,1.175193885647991321e+00,7.314845249574126740e-01,4.767840060099503025e+06
-7.586909058963535735e-01,-5.152358763202645520e+00,2.085730908625122559e+00,1.709653065198285748e+00,1.173246225916398711e+00,8.634383061962089823e-01,4.767840060099503025e+06
-1.355062047428066130e+00,-5.229858041483820053e+00,1.982322028981619688e+00,1.694450010617199132e+00,1.020135486735994634e+00,5.816639194535627722e-01,4.767840060099503025e+06
-9.747465408593587455e-01,-5.248890604712408425e+00,2.489445907738708108e+00,1.859742813672791151e+00,1.228630420313779004e+00,5.981372169810070805e-01,4.767840060099503025e+06
-1.030371243984014029e+00,-5.237141651094725958e+00,2.459475337555818264e+00,1.870230072135880883e+00,1.218293239851293563e+00,5.877018709539384433e-01,4.767840060099503025e+06
-1.030371243984014029e+00,-5.237141651094725958e+00,2.459475337555818264e+00,1.870230072135880883e+00,1.218293239851293563e+00,5.877018709539384433e-01,4.767840060099503025e+06
-1.135697495329165640e+00,-5.261198573278872637e+00,2.455827917835399443e+00,1.842361865298345336e+00,1.205477625580793077e+00,5.767739591338605365e-01,4.767840060099503025e+06
-1.135697495329165640e+00,-5.261198573278872637e+00,2.455827917835399443e+00,1.842361865298345336e+00,1.205477625580793077e+00,5.767739591338605365e-01,4.767840060099503025e+06
-1.135697495329165640e+00,-5.261198573278872637e+00,2.455827917835399443e+00,1.842361865298345336e+00,1.205477625580793077e+00,5.767739591338605365e-01,4.767840060099503025e+06
-1.135697495329165640e+00,-5.261198573278872637e+00,2.455827917835399443e+00,1.842361865298345336e+00,1.205477625580793077e+00,5.767739591338605365e-01,4.767840060099503025e+06
-1.048328027356405734e+00,-5.287632855680631572e+00,2.466383851585563836e+00,1.832926892225721582e+00,1.248416899948922687e+00,6.103625122055712504e-01,4.767840060099503025e+06
-1.037599731168656447e+00,-5.290849192761001518e+00,2.468644107416216649e+00,1.832867072241733286e+00,1.253859341638708047e+00,6.140551373747726860e-01,4.767840060099503025e+06
-9.031911662970499854e-01,-5.068564786086100504e+00,2.319126736101724262e+00,2.058278493343672633e+00,1.211520946609575100e+00,5.533979817316181382e-01,4.767840060099503025e+06
-9.031911662970499854e-01,-5.068564786086100504e+00,2.319126736101724262e+00,2.058278493343672633e+00,1.211520946609575100e+00,5.533979817316181382e-01,4.767840060099503025e+06
-9.031911662970499854e-01,-5.068564786086100504e+00,2.319126736101724262e+00,2.058278493343672633e+00,1.211520946609575100e+00,5.533979817316181382e-01,4.767840060099503025e+06
-9.031911662970499854e-01,-5.068564786086100504e+00,2.319126736101724262e+00,2.058278493343672633e+00,1.211520946609575100e+00,5.533979817316181382e-01,4.767840060099503025e+06
-1.143737110128143497e+00,-4.930292079640643976e+00,2.343837867699063437e+00,2.070895417759983204e+00,1.244710202472490757e+00,7.781973064267373452e-01,4.767840060099503025e+06
-1.680480832096920896e+00,-5.040183362331625005e+00,2.361845689204444820e+00,1.908319592890407534e+00,1.061316252726334231e+00,6.023577142023261999e-01,4.767840060099503025e+06
-1.541994028289354501e+00,-4.867988219431673258e+00,2.501482238743608200e+00,2.271394574410904532e+00,1.273879610346609459e+00,6.605220230078345800e-01,4.767840060099503025e+06
-2.803737838981991803e+00,-4.944528303685990167e+00,2.206664682691925172e+00,2.626161504106747202e+00,1.381044888129129955e+00,2.889861262851835533e-01,4.767840060099503025e+06
-2.788780658252687505e+00,-5.422791076422728729e+00,1.848119504070177221e+00,2.088278428654182228e+00,1.358515353604810461e+00,2.925355260528168522e-01,4.767840060099503025e+06
-3.301820418871765472e+00,-5.504108883756286374e+00,1.048264955307606439e+00,1.892469705895147181e+00,1.297597132066869774e+00,3.776595263421446136e-01,4.767840060099503025e+06
-2.993072553089421550e+00,-5.449697187930498288e+00,1.089743273590641381e+00,1.870522375003765836e+00,1.179130447391103953e+00,2.598715226649275234e-01,4.767840060099503025e+06
-3.748034652089940355e+00,-5.760906989616263019e+00,9.188755991132719902e-01,1.685452911262634634e+00,1.318900675526387678e+00,2.352465475404272310e-01,4.767840060099503025e+06
-3.995810382243496051e+00,-5.759046209153232176e+00,5.103656238738780715e-01,1.768431647789274974e+00,1.514150225384086834e+00,3.572334578383523640e-01,4.767840060099503025e+06
-3.855222434822007216e+00,-5.709574089555291110e+00,5.750704791522138759e-01,1.709808133128889018e+00,1.412301793768904634e+00,3.659419897818855238e-01,4.767840060099503025e+06
-3.855222434822007216e+00,-5.709574089555291110e+00,5.750704791522138759e-01,1.709808133128889018e+00,1.412301793768904634e+00,3.659419897818855238e-01,4.767840060099503025e+06
-3.852896946521791044e+00,-5.791028113655536380e+00,4.473787211240174422e-01,1.604374133251321277e+00,1.432439537258751505e+00,3.940576094343883340e-01,4.767840060099503025e+06
-3.696682338235249610e+00,-5.747183720779149851e+00,6.890909432927552203e-01,1.520965789810891033e+00,1.348595662146176100e+00,4.945102888344490855e-01,4.767840060099503025e+06
-3.789422878652531246e+00,-5.776444466479055073e+00,6.062342618063767397e-01,1.534299465026179643e+00,1.401250418980041434e+00,5.010215504839183875e-01,4.767840060099503025e+06
-3.737256231747795088e+00,-5.735291471717083311e+00,7.106000161785392955e-01,1.518766379819330270e+00,1.331859392380157825e+00,4.875093201787551456e-01,4.767840060099503025e+06
-3.866925896330912771e+00,-5.781491615849991383e+00,4.781599136887484391e-01,1.454616396936888156e+00,1.349019071088490174e+00,5.151973098542281804e-01,4.767840060099503025e+06
-3.779255877512916584e+00,-5.814336890481374809e+00,4.996846083037448372e-01,1.348501808338514296e+00,1.280346835416281914e+00,4.991284387714892135e-01,4.767840060099503025e+06
-3.760643169258075069e+00,-5.778724629590954009e+00,5.928098752527750648e-01,1.291560711492763858e+00,1.206512039855824447e+00,5.244849226287220390e-01,4.767840060099503025e+06
-3.760643169258075069e+00,-5.778724629590954009e+00,5.928098752527750648e-01,1.291560711492763858e+00,1.206512039855824447e+00,5.244849226287220390e-01,4.767840060099503025e+06
-3.824687307325983276e+00,-5.796989306606327830e+00,5.312090463486605074e-01,1.304152348493323288e+00,1.243790055315419751e+00,5.296526817773006268e-01,4.767840060099503025e+06
-3.824687307325983276e+00,-5.796989306606327830e+00,5.312090463486605074e-01,1.304152348493323288e+00,1.243790055315419751e+00,5.296526817773006268e-01,4.767840060099503025e+06
-3.818164749667691815e+00,-5.794026714428951230e+00,5.421723971756506888e-01,1.302086383124412272e+00,1.237849962319972352e+00,5.296123307431668259e-01,4.767840060099503025e+06
-3.731814017763187330e+00,-5.795732910898453660e+00,6.098760572209824815e-01,1.287474777922287927e+00,1.223233759347355676e+00,5.367606152385551166e-01,4.767840060099503025e+06
-3.791102931418052879e+00,-5.784133405772671210e+00,4.980051084601968547e-01,1.319408209440432245e+00,1.245111390110823502e+00,5.341688352556693831e-01,4.767840060099503025e+06
-3.812609485477377547e+00,-5.805085663537484564e+00,6.575835893171437796e-01,1.513534033847399263e+00,1.293863909298901049e+00,3.471970337510264515e-01,4.767840060099503025e+06
-3.706875688799901258e+00,-5.806192693290447515e+00,8.881404179278358235e-01,1.014459876222924439e+00,7.137388218512950022e-01,2.358702100964126247e-01,4.767840060099503025e+06
-3.531860686933795179e+00,-5.641516799779501490e+00,1.120373788419197547e+00,1.313505734968338112e+00,8.324672389928789995e-01,2.469393975334241709e-01,4.767840060099503025e+06
-3.793855674098558062e+00,-5.819130701676334283e+00,1.273188367367991347e+00,1.348374864018902386e+00,1.082560462943592539e+00,2.924155543140627422e-01,4.767840060099503025e+06
-3.971302869359512044e+00,-5.897069619849141908e+00,1.210605390165632622e+00,1.459245803374759731e+00,1.224816973790497032e+00,2.435017708232167510e-01,4.767840060099503025e+06
-3.979481294808655978e+00,-5.803119815383060320e+00,1.241499480435586333e+00,1.341410976161551583e+00,1.037203956753821377e+00,2.862528164839832079e-01,4.767840060099503025e+06
-3.999078079144839926e+00,-5.808873392183580897e+00,1.212561011872871353e+00,1.339201896981451867e+00,1.042557775027641132e+00,2.885419323028465266e-01,4.767840060099503025e+06
-3.999078079144839926e+00,-5.808873392183580897e+00,1.212561011872871353e+00,1.339201896981451867e+00,1.042557775027641132e+00,2.885419323028465266e-01,4.767840060099503025e+06
-3.984979434894861505e+00,-5.798047297063623873e+00,1.229739079384047251e+00,1.331742366749139261e+00,1.032595434471684115e+00,2.998496920094354534e-01,4.767840060099503025e+06
-3.984979434894861505e+00,-5.798047297063623873e+00,1.229739079384047251e+00,1.331742366749139261e+00,1.032595434471684115e+00,2.998496920094354534e-01,4.767840060099503025e+06
-1.021880174549917086e+00,-5.189793307653582488e+00,2.001602722316138561e+00,1.876876854632945957e+00,9.261533145847883342e-01,2.624936829144947636e-01,4.767840060099503025e+06
-1.049473015155454547e+00,-4.813935807495730579e+00,1.520972919854572503e+00,2.286263471559836447e+00,8.783896401466291248e-01,1.313261935710844930e-01,4.767840060099503025e+06
-1.446271068560028850e+00,-4.963165807727222933e+00,1.857753425400840541e+00,1.938648994361414690e+00,5.979112127358068296e-01,3.373714205786992881e-02,4.767840060099503025e+06
-1.074844573090383282e+00,-5.013634800190712504e+00,1.319812591343652031e+00,1.041386059845156975e+00,-4.706845683903670974e-03,2.749640260111442247e-01,4.767840060099503025e+06
-1.021799712201286514e+00,-4.931492884761908613e+00,1.144388208113890748e+00,1.116496147144649287e+00,-1.812191484929626117e-02,2.567174600043797827e-01,4.767840060099503025e+06
-1.096647643601522226e+00,-4.938373603601091233e+00,1.254805004941553337e+00,1.344101463603232016e+00,2.009740542900411153e-01,2.758625162134276665e-01,4.767840060099503025e+06
-1.141116275128957191e+00,-4.576124743207976131e+00,1.093701366401567565e+00,1.517986413789192968e+00,-4.473678042039219704e-02,2.481295546434506560e-01,4.767840060099503025e+06
-1.383645455909705779e+00,-4.847067110614982965e+00,1.403636803704593872e+00,1.394152761605927937e+00,1.130054554296623381e-01,2.636182205168053905e-01,4.767840060099503025e+06
-1.548100975946988811e+00,-5.015720645576906556e+00,1.372995405112567013e+00,1.410059780973170085e+00,3.288170179203258048e-01,2.862215444514722984e-01,4.767840060099503025e+06
-1.618054311696604852e+00,-5.253125157735936135e+00,1.170456268232507036e+00,1.564726947361012144e+00,7.605323510389249142e-01,4.269117285114490956e-01,4.767840060099503025e+06
-1.257416815627047768e+00,-5.270232723387795915e+00,1.256015498367363037e+00,1.381544946705427490e+00,5.945641966161016034e-01,4.259936532643006091e-01,4.767840060099503025e+06
-1.973755302646612364e+00,-5.223886247302652386e+00,1.619577477333264959e+00,1.330052074306192544e+00,4.410129609638218651e-01,3.465728347198087644e-01,4.767840060099503025e+06
-1.974675510108358178e+00,-5.109557947352324270e+00,1.961529807261940483e+00,1.378682805514870546e+00,4.233784006862773563e-01,4.400945380292587972e-01,4.767840060099503025e+06
-1.891901751225470552e+00,-5.103683679869584822e+00,1.747744327131201203e+00,1.436297989670086706e+00,4.793766768788578769e-01,4.344611071352241227e-01,4.767840060099503025e+06
-2.066451253246960995e+00,-5.098872379161671020e+00,1.447550688729353663e+00,1.176300994871858574e+00,1.907332705237471671e-01,3.037268475144381252e-01,4.767840060099503025e+06
-2.041592997814789978e+00,-4.887571179409479605e+00,8.297633345378663261e-01,1.328004701776254404e+00,1.461990553709470175e-01,2.686696291638466239e-01,4.767840060099503025e+06
-2.872657265664295689e+00,-4.801846831643151958e+00,4.679936951996876981e-01,1.072645578259018073e+00,-3.819639518505191234e-02,4.146278634695722554e-01,4.767840060099503025e+06
-2.751498341001039627e+00,-4.916628521324878598e+00,5.378134073848361840e-01,1.015119372469799996e+00,-3.038879319002041335e-03,3.772403072639118893e-01,4.767840060099503025e+06
-3.116789741354266674e+00,-5.230551479633833267e+00,7.041413154562227161e-01,1.409114065222637713e+00,6.380702421498720689e-01,3.819391798145599370e-01,4.767840060099503025e+06
-2.792671205527780920e+00,-5.329279519900970818e+00,7.914597344753273589e-01,1.303815793456605476e+00,5.768230793201902795e-01,2.476323913831514067e-01,4.767840060099503025e+06
-2.665085791417437733e+00,-5.385812559526488741e+00,9.179734895526980853e-01,1.612238630088093316e+00,7.633712800257311804e-01,-1.034556367930752896e-02,4.767840060099503025e+06
-3.949649798461216221e+00,-5.372955679474436863e+00,6.123086580951369040e-01,1.629580428120778191e+00,9.028577778192506953e-01,1.402394086915250693e-01,4.767840060099503025e+06
-2.642287060293882828e+00,-5.184022357760220245e+00,7.914215588172132110e-01,1.678876871997339482e+00,7.329684184504264843e-01,1.724818560251232813e-01,4.767840060099503025e+06
-2.411623312023324139e+00,-4.607566303555466369e+00,2.503301900259775614e-01,2.295201587245041086e+00,7.936429410548773156e-01,1.976744046353809958e-01,4.767840060099503025e+06
-1.926896312479817741e+00,-4.733438661978421891e+00,4.502048169280346013e-01,2.134118817317719241e+00,8.221275652286595959e-01,3.199316013991946317e-01,4.767840060099503025e+06
-1.926896312479817741e+00,-4.733438661978421891e+00,4.502048169280346013e-01,2.134118817317719241e+00,8.221275652286595959e-01,3.199316013991946317e-01,4.767840060099503025e+06
-1.571223961063464847e+00,-4.604393363688211060e+00,5.347904706547839115e-01,2.285853809372733636e+00,8.224212156889814107e-01,3.205815063750200311e-01,4.767840060099503025e+06
-1.639320120936712533e+00,-4.464386370398557347e+00,7.047224700348020399e-01,2.373670262874758130e+00,7.435061138684353477e-01,2.878672882597577698e-01,4.767840060099503025e+06
-1.277272314443971712e+00,-4.297124445649011193e+00,6.656109011528986708e-01,2.559082676180060467e+00,7.549134649000621700e-01,2.756075834026713300e-01,4.767840060099503025e+06
-1.374523075912389647e+00,-4.419440386724374115e+00,7.070989609066682391e-01,2.455674638833286849e+00,7.732363349105042527e-01,2.753803064213986573e-01,4.767840060099503025e+06
-1.833570594073912208e+00,-4.620782839312234103e+00,8.460178702769489689e-01,2.295374659958538288e+00,8.822376420874455949e-01,4.132255588642940736e-01,4.767840060099503025e+06
-1.507705599412011210e+00,-4.370186722376120159e+00,5.464497354715792676e-01,2.496593058280271560e+00,8.736275630092747990e-01,4.537526356501278557e-01,4.767840060099503025e+06
-1.834655952422153291e+00,-5.018897876840553884e+00,5.916609682312237162e-01,1.824961857618015326e+00,9.036558587292927713e-01,4.780957896438151056e-01,4.767840060099503025e+06
-1.834655952422153291e+00,-5.018897876840553884e+00,5.916609682312237162e-01,1.824961857618015326e+00,9.036558587292927713e-01,4.780957896438151056e-01,4.767840060099503025e+06
-1.822220507733012695e+00,-4.994602614100088545e+00,6.463212621718301687e-01,1.849080565417123179e+00,9.486825673112593282e-01,5.992996030626467352e-01,4.767840060099503025e+06
-1.810209972847251159e+00,-4.957466093877506808e+00,6.319683902496565642e-01,1.889555108468166100e+00,9.518655037500555194e-01,6.033872547102019368e-01,4.767840060099503025e+06
-1.563010857333523074e+00,-5.252275833452981324e+00,9.094840517030062799e-01,1.678835671496721860e+00,1.050493998608872381e+00,5.965391147350416201e-01,4.767840060099503025e+06
-2.409681768830315374e+00,-5.399046936750586667e+00,6.903570670420801081e-01,1.828202807263298757e+00,1.303893620091255645e+00,5.179363549192143035e-01,4.767840060099503025e+06
-2.432597634006936183e+00,-5.419719082166215784e+00,5.799333173287785081e-01,1.496418059464375006e+00,1.028498255853249610e+00,5.017385991972429515e-01,4.767840060099503025e+06
-3.081182828146307617e+00,-5.438032175477775176e+00,5.499582736164521091e-01,1.688166382539212362e+00,1.241934020525229609e+00,5.576178391768948917e-01,4.767840060099503025e+06
-2.417581117257562973e+00,-5.497243773828385471e+00,5.944222912336385445e-01,1.684547582907171659e+00,1.207967538730666757e+00,4.358362645014459691e-01,4.767840060099503025e+06
-2.420541676960828337e+00,-5.533763896987112574e+00,6.228972145252517079e-01,1.656360464999718118e+00,1.220312327484065040e+00,4.432143787452990091e-01,4.767840060099503025e+06
-2.177395082978836438e+00,-5.347824644069186562e+00,5.093450020337269013e-01,1.713307222168970245e+00,1.109680186663700940e+00,4.540190461778634279e-01,4.767840060099503025e+06
-1.997331331815586752e+00,-5.450741537848850626e+00,5.073874226636780893e-01,1.526988698883097850e+00,1.011806448336512343e+00,4.085216089885307933e-01,4.767840060099503025e+06
-1.997331331815586752e+00,-5.450741537848850626e+00,5.073874226636780893e-01,1.526988698883097850e+00,1.011806448336512343e+00,4.085216089885307933e-01,4.767840060099503025e+06
-1.960429840599039242e+00,-5.462380187287402933e+00,6.553931266438475234e-01,1.421441676341717697e+00,9.318275741868471407e-01,4.212918808340602728e-01,4.767840060099503025e+06
-2.903993186986524311e+00,-5.605055825764519994e+00,7.258812293336286414e-01,1.533155339579079568e+00,1.216069548639181930e+00,5.254983058671369722e-01,4.767840060099503025e+06
-2.821800773999008527e+00,-5.698566159655544361e+00,6.194760460189743245e-01,1.387055936025562763e+00,1.164283542849671615e+00,4.836295168751511553e-01,4.767840060099503025e+06
-3.613860854826098645e+00,-6.177055166745793358e+00,7.221943692794021707e-01,1.322213974345117560e+00,1.584842337999061268e+00,5.165655566243708696e-01,4.767840060099503025e+06
-3.581370579430426027e+00,-6.153465184588467807e+00,7.282066982409508560e-01,1.317219067890483153e+00,1.559628975338457124e+00,5.218766083686868784e-01,4.767840060099503025e+06
-3.953877306730161578e+00,-5.990225080672333391e+00,1.338036406659058652e+00,1.065504978962303229e+00,1.069039204403830823e+00,4.341863730933428478e-01,4.767840060099503025e+06
-3.953877306730161578e+00,-5.990225080672333391e+00,1.338036406659058652e+00,1.065504978962303229e+00,1.069039204403830823e+00,4.341863730933428478e-01,4.767840060099503025e+06
-2.742570656560807230e+00,-6.334536447190254549e+00,1.199220460749025330e+00,8.527051482749288258e-01,1.230823324286467901e+00,4.129820152798563404e-01,4.767840060099503025e+06
-2.897895161914322060e+00,-5.962127939723958825e+00,1.535442985533114868e+00,9.062616764745097253e-01,8.732788498154654411e-01,4.022295279477279273e-01,4.767840060099503025e+06
-3.111927290397137558e+00,-5.960660460036688590e+00,1.638173412407885277e+00,1.184606405954867103e+00,1.084385401001654703e+00,3.614001638502660763e-01,4.767840060099503025e+06
-2.472576899114329319e+00,-6.037697032730967805e+00,1.498291607299695682e+00,9.039163273105785823e-01,8.850453670517346438e-01,2.931912181974770104e-01,4.767840060099503025e+06
-2.488930822414925359e+00,-6.002228916188748542e+00,1.576183044883959550e+00,7.693317918197202232e-01,7.345315824073846978e-01,2.931233963032389700e-01,4.767840060099503025e+06
-3.035809071029972994e+00,-5.946521574558825129e+00,1.605994577895682118e+00,1.051263296726386409e+00,9.317253739739563834e-01,2.986959764852304966e-01,4.767840060099503025e+06
-3.163882989743467711e+00,-5.888004850785891087e+00,1.586681747597057823e+00,9.602320153082775089e-01,8.243984490911255847e-01,3.404327190587644880e-01,4.767840060099503025e+06
-3.526335001113365841e+00,-5.958730074219336537e+00,1.693316705865039351e+00,9.565812530580882767e-01,9.094480443785212254e-01,3.622445083961545187e-01,4.767840060099503025e+06
-3.561826504341941479e+00,-6.453679511876295294e+00,2.108611415525832200e+00,8.895156596964727269e-01,1.304874403143004846e+00,3.101015367166503611e-01,4.767840060099503025e+06
-3.441222638928725708e+00,-6.120439470066683540e+00,2.278184792053735919e+00,8.393731559758568217e-01,9.175556480493174405e-01,3.262707811029170735e-01,4.767840060099503025e+06
-3.746393842662321116e+00,-5.919708081441959813e+00,2.509200322071805545e+00,7.344326237753637798e-01,6.345171998877843222e-01,3.453541140720580160e-01,4.767840060099503025e+06
-3.916677787477775396e+00,-5.914980291806370083e+00,2.536813826963958185e+00,6.575078556564738497e-01,5.871745504264933579e-01,3.989401076074992614e-01,4.767840060099503025e+06
-3.470354573110512764e+00,-5.855773697129911248e+00,2.447562667076919940e+00,7.444177860296107285e-01,6.336979480055490166e-01,4.500089268446835211e-01,4.767840060099503025e+06
-3.185037181649655658e+00,-5.855267255330685039e+00,2.477078557496641853e+00,7.386690723764832711e-01,6.724420976899910807e-01,5.110278152956463371e-01,4.767840060099503025e+06
-3.219605353330680764e+00,-6.023299642278676203e+00,2.249892499964183390e+00,5.083376053301797981e-01,6.738029793949518176e-01,5.490988459634006391e-01,4.767840060099503025e+06
-2.859751965703496879e+00,-5.971871398603973979e+00,1.708050379084036008e+00,7.095882676883749074e-01,7.852897928469894095e-01,5.220357514056814807e-01,4.767840060099503025e+06
-2.757622410973112892e+00,-6.013668198950739452e+00,1.708762769233006074e+00,5.527407787753397805e-01,7.024013618552295002e-01,5.271818795759711795e-01,4.767840060099503025e+06
-2.165721111674929311e+00,-6.120858747538338029e+00,1.397760310951023266e+00,7.858235705575606911e-01,1.037325043550571202e+00,5.250484045294057101e-01,4.767840060099503025e+06
-1.104292169939590007e+00,-5.898843415016672864e+00,1.222748290839934304e+00,6.940487551899162666e-01,7.036495283576283954e-01,4.626538117909276271e-01,4.767840060099503025e+06
-1.444869986209273094e+00,-5.892620781640224514e+00,1.065581500522902347e+00,9.148315924557470780e-01,1.017651503852558648e+00,6.624365748985245883e-01,4.767840060099503025e+06
-1.444869986209273094e+00,-5.892620781640224514e+00,1.065581500522902347e+00,9.148315924557470780e-01,1.017651503852558648e+00,6.624365748985245883e-01,4.767840060099503025e+06
-1.672646201776743391e+00,-5.939462021938648029e+00,8.982035614872836415e-01,8.210819302589212887e-01,1.032328124754487986e+00,7.322152404134154580e-01,4.767840060099503025e+06
-1.675042583935052454e+00,-5.930683255442842139e+00,9.069862270604416299e-01,8.272118100684693331e-01,1.026463519042898120e+00,7.262851226783519909e-01,4.767840060099503025e+06
-1.675042583935052454e+00,-5.930683255442842139e+00,9.069862270604416299e-01,8.272118100684693331e-01,1.026463519042898120e+00,7.262851226783519909e-01,4.767840060099503025e+06
-1.917907297921231935e+00,-5.776152628261700173e+00,1.013031410060496240e+00,8.880454537454656183e-01,8.979964673399247754e-01,6.884404547035120059e-01,4.767840060099503025e+06
-1.886113136884080443e+00,-5.773002430317032641e+00,9.144802031563579181e-01,9.146202936803349282e-01,9.470735854829656075e-01,7.233689585772298258e-01,4.767840060099503025e+06
-1.886113136884080443e+00,-5.773002430317032641e+00,9.144802031563579181e-01,9.146202936803349282e-01,9.470735854829656075e-01,7.233689585772298258e-01,4.767840060099503025e+06
-1.379153658190727549e+00,-5.874184793651412662e+00,1.490523604426915005e+00,9.862515012991946994e-01,1.020566744707737783e+00,6.639861333901144747e-01,4.767840060099503025e+06
-1.312263214056047955e+00,-5.669341442437529466e+00,1.239238605193043963e+00,1.050894899733591403e+00,8.902215452187320910e-01,6.627623353571154841e-01,4.767840060099503025e+06
-1.324920755774116721e+00,-5.660137852559380178e+00,1.028145735617013834e+00,9.933980507893772627e-01,8.405552611121430706e-01,6.501791409067502192e-01,4.767840060099503025e+06
-1.610498307271348128e+00,-5.623979880267203413e+00,1.010258957237891053e+00,9.548285250204623376e-01,7.071452717600508198e-01,5.470495235816024149e-01,4.767840060099503025e+06
-1.550561284645156856e+00,-5.610998465667986324e+00,8.620701290484820145e-01,9.585676863075918153e-01,7.115188473743211395e-01,5.593479161978871517e-01,4.767840060099503025e+06
-1.457595947493732558e+00,-5.656584887627170488e+00,8.708915779680344027e-01,9.243433423039455477e-01,8.061099805872875557e-01,6.863795362795304111e-01,4.767840060099503025e+06
-1.457595947493732558e+00,-5.656584887627170488e+00,8.708915779680344027e-01,9.243433423039455477e-01,8.061099805872875557e-01,6.863795362795304111e-01,4.767840060099503025e+06
-2.070016096213033840e+00,-5.781942656767678379e+00,1.186441584307040609e+00,8.691416560795601765e-01,8.618660645913924778e-01,6.901171685009197532e-01,4.767840060099503025e+06
-2.082998336371161940e+00,-5.825377739295949375e+00,1.225699034684639033e+00,8.455572320209490123e-01,9.599653680661081045e-01,8.128914989779415512e-01,4.767840060099503025e+06
-2.591431498868284056e+00,-5.468559455862780361e+00,1.377581848549465082e+00,9.932358478697451698e-01,6.039158531179901201e-01,6.156164415958718106e-01,4.767840060099503025e+06
-2.250850622925399946e+00,-5.376403366816823848e+00,1.409743116733510382e+00,9.919401785274861716e-01,5.042278107281065180e-01,6.293656052600120621e-01,4.767840060099503025e+06
-1.365364775844225331e+00,-5.907703153926168405e+00,1.903421523057256426e+00,7.077324748710072111e-01,6.416015135268634539e-01,3.721286604768936912e-01,4.767840060099503025e+06
-1.681742752410363195e+00,-6.029801161702180501e+00,1.983844385338189520e+00,4.572749801070412623e-01,4.860429090678129449e-01,2.566574031426359093e-01,4.767840060099503025e+06
-1.671703495223087588e+00,-5.874412990213278007e+00,1.944822571589413185e+00,6.614965479618941657e-01,5.045508846568447225e-01,2.309427096676214264e-01,4.767840060099503025e+06
-1.578606118526707069e+00,-5.844865430896033054e+00,1.992660015825624242e+00,7.787255348423895995e-01,5.507605161648362335e-01,1.451648269778593736e-01,4.767840060099503025e+06
-1.538028796224397921e+00,-5.660041326120157201e+00,1.946641135945600176e+00,9.359641228522163070e-01,4.853013983714721258e-01,1.350250298312695718e-01,4.767840060099503025e+06
-1.924172419087220698e+00,-5.891652644119755422e+00,2.531541016327527593e+00,8.414820406073357795e-01,6.595201379806091557e-01,3.010621148454376006e-01,4.767840060099503025e+06
-2.241985205011813420e+00,-5.628399062620781379e+00,2.202526943978278862e+00,1.059982253913188899e+00,6.278079653454424758e-01,3.386465676922240098e-01,4.767840060099503025e+06
-2.820280899757066528e+00,-5.653394354457374149e+00,2.718550874259513250e+00,1.017528267088313676e+00,5.968998897608650545e-01,3.709876418873316317e-01,4.767840060099503025e+06
-2.824663686101958948e+00,-5.462443092000660805e+00,2.485642583776299652e+00,1.146765402745862916e+00,4.425326985724467033e-01,2.002419859327018714e-01,4.767840060099503025e+06
-2.825006778204930846e+00,-5.246787923926830466e+00,2.457491820622303536e+00,8.925259428728746780e-01,3.238739150732938832e-02,2.957730667008572345e-01,4.767840060099503025e+06
-2.934704548150169678e+00,-5.136714320917119103e+00,2.214047755726655353e+00,8.407955784815822620e-01,-1.395177642418075070e-01,2.621558256308231805e-01,4.767840060099503025e+06
-2.646195525889694089e+00,-5.303750348268986947e+00,2.365619737107246046e+00,1.199211813309740471e+00,3.837631630961231277e-01,3.028703329475896378e-01,4.767840060099503025e+06
-2.775398796003512913e+00,-5.695180873151359791e+00,2.715537267796872989e+00,1.125865612960333273e+00,7.201506224649623089e-01,3.263593782755644379e-01,4.767840060099503025e+06
-2.958020085522087506e+00,-5.597500310723677153e+00,2.377819422786716430e+00,1.368003541925393085e+00,8.195238090156203858e-01,2.787788982054411058e-01,4.767840060099503025e+06
-3.521570258016510468e+00,-5.364685040026663465e+00,2.346280124903015629e+00,1.388316812736159145e+00,5.850180852433679579e-01,2.779352932241988539e-01,4.767840060099503025e+06
-3.822093165211116972e+00,-5.479171737703055101e+00,2.452112311367818265e+00,1.450895096770892012e+00,7.541637945992190062e-01,3.098707284459573108e-01,4.767840060099503025e+06
-3.906950550649376463e+00,-5.661460305861368170e+00,2.085210066065143586e+00,1.490545611853098640e+00,1.014909414067300730e+00,3.248051747030941128e-01,4.767840060099503025e+06
-3.255829630241826145e+00,-5.583118290887800761e+00,2.118455158971222829e+00,1.310822774479244668e+00,7.551491888998297375e-01,2.151292580830488632e-01,4.767840060099503025e+06
-2.993834397344272702e+00,-5.468544951367115381e+00,2.128482349031731058e+00,1.254151821410698142e+00,5.896167563299672398e-01,2.295179229071786231e-01,4.767840060099503025e+06
-2.810262978311841131e+00,-5.814282207389590340e+00,1.320093581168024333e+00,7.318725941963797332e-01,5.588733142302079182e-01,3.560237793025654573e-01,4.767840060099503025e+06
-2.873902447403051674e+00,-5.811719957566507944e+00,1.234492247130676290e+00,7.142133738197639081e-01,5.342007386371265820e-01,3.385725261738343761e-01,4.767840060099503025e+06
-3.082049262182669835e+00,-5.794664360464797603e+00,1.541158283141917051e+00,6.095859013669655546e-01,3.929219229194326202e-01,3.019813054702242816e-01,4.767840060099503025e+06
-2.913603563675869701e+00,-5.726907862443157526e+00,1.622132553584546777e+00,7.070715529788748066e-01,4.471965138789758543e-01,3.530989417394741481e-01,4.767840060099503025e+06
-2.882422123335937947e+00,-5.752092171713443669e+00,1.589449674920208722e+00,5.513563295654602125e-01,3.600055135437520981e-01,3.951237751070444948e-01,4.767840060099503025e+06
-2.885771322363603453e+00,-5.708946058683435965e+00,1.550871475490869011e+00,7.319010700628265642e-01,4.735700726794231930e-01,3.890376038365802591e-01,4.767840060099503025e+06
-2.885771322363603453e+00,-5.708946058683435965e+00,1.550871475490869011e+00,7.319010700628265642e-01,4.735700726794231930e-01,3.890376038365802591e-01,4.767840060099503025e+06
-3.290668219409793593e+00,-5.817777835642403694e+00,1.501013180980969919e+00,7.538790139462524520e-01,5.748683666562478534e-01,3.562524194500512609e-01,4.767840060099503025e+06
-3.568562639908676282e+00,-5.949448477270200542e+00,1.362342556635780522e+00,7.125238498899852946e-01,6.624214219725100827e-01,3.302603998978356770e-01,4.767840060099503025e+06
-3.582610760338193145e+00,-5.922514375851772428e+00,1.438465954044435779e+00,8.258963090308129029e-01,7.450236903693077117e-01,3.450568363657413040e-01,4.767840060099503025e+06
-3.461089163665442836e+00,-5.650046091693738504e+00,1.561122622070494348e+00,1.127206733576677333e+00,7.426634519645810562e-01,3.671828245138805125e-01,4.767840060099503025e+06
-3.585829952221462946e+00,-5.648306685109022673e+00,1.549848155910336978e+00,1.093337858425683429e+00,7.032953151423355642e-01,3.607384309310553983e-01,4.767840060099503025e+06
-3.723588060064480842e+00,-5.546776224669283550e+00,1.484631305249570765e+00,7.104219870221991640e-01,2.796794095119394807e-01,4.262962600148363923e-01,4.767840060099503025e+06
-3.617871562733026458e+00,-5.565737008358212279e+00,1.498003629325540986e+00,7.127073840971718255e-01,3.042622631158892199e-01,4.262469267777664883e-01,4.767840060099503025e+06
-3.422700888858510648e+00,-5.549691385708587887e+00,1.483584217106847625e+00,8.274881722465075029e-01,3.810662785090207505e-01,3.992898593106169458e-01,4.767840060099503025e+06
-3.712966334605671825e+00,-5.547360783635818748e+00,1.462670418642359804e+00,7.815626669310007379e-01,3.322192154745496340e-01,4.029928177582258186e-01,4.767840060099503025e+06
-3.747166647547262031e+00,-5.562905501904230832e+00,1.533383725723976632e+00,8.915549869863934607e-01,4.377743178735618024e-01,3.914608166367585795e-01,4.767840060099503025e+06
-3.747166647547262031e+00,-5.562905501904230832e+00,1.533383725723976632e+00,8.915549869863934607e-01,4.377743178735618024e-01,3.914608166367585795e-01,4.767840060099503025e+06
-3.635768275054313659e+00,-5.674143164451224131e+00,1.777616469251605213e+00,9.704223399623319590e-01,6.089376617126678326e-01,3.760013088656753988e-01,4.767840060099503025e+06
-3.623086664410402058e+00,-5.617438468574174060e+00,1.736857190741421642e+00,7.693312466068663591e-01,3.318626906576646052e-01,3.190726296769211823e-01,4.767840060099503025e+06
-3.803682098313085014e+00,-5.570323481097049445e+00,1.718232242013671529e+00,6.517452934261398489e-01,1.720448869336237419e-01,3.141175248171981793e-01,4.767840060099503025e+06
-3.784805786646685988e+00,-5.609182100607648103e+00,2.323354247667110073e+00,9.903784696684524436e-01,5.305301100888426546e-01,3.379296413265759913e-01,4.767840060099503025e+06
-3.694360706714275189e+00,-5.609817555368337594e+00,2.243150165574448351e+00,1.036090038661314994e+00,5.741729889496410832e-01,3.298207669419883636e-01,4.767840060099503025e+06
-3.694890806391343929e+00,-5.611648653364241568e+00,2.271841657218729438e+00,1.026455163560315409e+00,5.654676999350719546e-01,3.304271876823428600e-01,4.767840060099503025e+06
-3.535032925966705264e+00,-5.660266728850750440e+00,2.312470343160291986e+00,1.065662315565794716e+00,6.572523223269592929e-01,3.476950758522939777e-01,4.767840060099503025e+06
-3.661786715586704322e+00,-5.646206091618904743e+00,2.669218825419920726e+00,1.095622474217948561e+00,6.388549839064927571e-01,3.246349611260098134e-01,4.767840060099503025e+06
-3.859770231807063467e+00,-5.666126777281207616e+00,2.875171393696902555e+00,1.059357056136308373e+00,6.312938044355849154e-01,3.445733612106041122e-01,4.767840060099503025e+06
-3.767667065886904254e+00,-5.640150909510812660e+00,2.723626976466813510e+00,1.081469778800116410e+00,6.483725370549202616e-01,3.725109471634203140e-01,4.767840060099503025e+06
-3.748356037928291418e+00,-5.695346722871278189e+00,2.577248924267600216e+00,9.946549399528463731e-01,6.453668175319695610e-01,3.845236636041781675e-01,4.767840060099503025e+06
-3.695335315985175395e+00,-5.689900998771876495e+00,2.521234026186085497e+00,9.876034654933996126e-01,6.414619787026728526e-01,3.922766152044416255e-01,4.767840060099503025e+06
-3.541268357428833724e+00,-5.820490265026732501e+00,2.524267003747942439e+00,7.387665502530216255e-01,5.023174277280358924e-01,3.012568573886441614e-01,4.767840060099503025e+06
-3.541268357428833724e+00,-5.820490265026732501e+00,2.524267003747942439e+00,7.387665502530216255e-01,5.023174277280358924e-01,3.012568573886441614e-01,4.767840060099503025e+06
-3.055622652214479373e+00,-5.412180146516307744e+00,2.438445154307874674e+00,1.019534853321261814e+00,3.042366959813553873e-01,2.099252022062374490e-01,4.767840060099503025e+06
-3.914523708912780453e+00,-5.522454025458085169e+00,2.769367591255326388e+00,7.556264921671338453e-01,1.743968485419263859e-01,2.093544001567228530e-01,4.767840060099503025e+06
-3.488129956572148416e+00,-5.483674479286752224e+00,2.734182624096141989e+00,1.015416703053141578e+00,3.944315909716654689e-01,2.442689794520117585e-01,4.767840060099503025e+06
-3.714515437985228985e+00,-5.406043401053582720e+00,2.854706519615433091e+00,1.093283154371586630e+00,3.388260167817689350e-01,1.813807098863325917e-01,4.767840060099503025e+06
-3.772032561005587148e+00,-5.273245030869150085e+00,2.262200751150338807e+00,1.213103610265330756e+00,3.348210309572007271e-01,1.334756086717978907e-01,4.767840060099503025e+06
-2.758715949206211437e+00,-5.425913249462098520e+00,2.398304313579677327e+00,1.504738725903533414e+00,7.645250196293675859e-01,2.152032168896423348e-01,4.767840060099503025e+06
-2.823819683675852232e+00,-5.278698700686007328e+00,2.635451563064866942e+00,1.464198573047792218e+00,5.329322824533726521e-01,1.927972298314273580e-01,4.767840060099503025e+06
-2.768408712506174485e+00,-5.468009563023469077e+00,2.740913066623433370e+00,1.219286225865085616e+00,5.458367788547245913e-01,2.404958581654041971e-01,4.767840060099503025e+06
-2.615692025748087790e+00,-5.311456557397917777e+00,2.982455818816338144e+00,1.199104276759489274e+00,3.633884236395363843e-01,2.529441939291023900e-01,4.767840060099503025e+06
-2.534310657897825614e+00,-5.362023532415672200e+00,2.825908865821409321e+00,1.312652406411879857e+00,4.483285620615818368e-01,6.222665393993065397e-02,4.767840060099503025e+06
-2.741805033002593373e+00,-5.608673085080138065e+00,2.703006372792753353e+00,1.240213248983652150e+00,6.900906751502191572e-01,1.851846783723073708e-01,4.767840060099503025e+06
-2.381522374731130487e+00,-5.561075404155580770e+00,2.399092480908740832e+00,1.302816582998981954e+00,6.974446614844975745e-01,1.618523942832112150e-01,4.767840060099503025e+06
-2.067247566988038798e+00,-5.609054005791620945e+00,2.121795144326633409e+00,1.074441964253793014e+00,5.532259195125446283e-01,1.454574880327122455e-01,4.767840060099503025e+06
-3.135440033836778717e+00,-5.309765211560079301e+00,2.748151852744082468e+00,9.122847651781428313e-01,1.627796144780448984e-01,4.002563933048099987e-01,4.767840060099503025e+06
-2.799932609051663857e+00,-5.563813091915438491e+00,2.822797554972423573e+00,9.769292407992073990e-01,4.834141860147306291e-01,3.855059892333660421e-01,4.767840060099503025e+06
-2.564256598525104458e+00,-5.722434287809496034e+00,2.809060414081956836e+00,9.179442211859091261e-01,5.898284879157099647e-01,3.904647723329509601e-01,4.767840060099503025e+06
-2.332863849090447861e+00,-5.768478024900495882e+00,2.790332964332860932e+00,1.042306292998341544e+00,7.193858382199607160e-01,2.996850461207324345e-01,4.767840060099503025e+06
-2.627659870629461381e+00,-5.799865440348951573e+00,2.844419663947054477e+00,9.826614201005638982e-01,7.376924043572139489e-01,3.708816816829746954e-01,4.767840060099503025e+06
-2.537368471887005761e+00,-5.822300440462827353e+00,2.581152486731337348e+00,9.673102246739417875e-01,7.762488351620053795e-01,3.464804721164027046e-01,4.767840060099503025e+06
-2.955565775191697497e+00,-6.024081924042235414e+00,2.816161921138323976e+00,7.775787553271449326e-01,7.825890012013382302e-01,2.821283031661392382e-01,4.767840060099503025e+06
-3.009335777289772640e+00,-6.115002617508905836e+00,2.823539345123057487e+00,7.302400840307259333e-01,7.951786565912377647e-01,2.472308839563394922e-01,4.767840060099503025e+06
-2.258209374880551401e+00,-6.018985540544873558e+00,2.565730339806999272e+00,6.712666250708889670e-01,7.147107474773911617e-01,3.663517214289357948e-01,4.767840060099503025e+06
-2.610721074531270336e+00,-5.929272544557162128e+00,2.769517876380466426e+00,5.923024925416687791e-01,6.010990521658561292e-01,4.191839220651500941e-01,4.767840060099503025e+06
-2.569741367403488130e+00,-5.899525334271383592e+00,2.584704592676999368e+00,5.097978937412922518e-01,5.161301085782724618e-01,4.634268767576971149e-01,4.767840060099503025e+06
-2.822155534609416705e+00,-5.899491201322006440e+00,2.441550009630961693e+00,5.158216516781126693e-01,5.030447684316186052e-01,4.285918551962093481e-01,4.767840060099503025e+06
-2.066202134806373270e+00,-6.211390247230028194e+00,2.109670470994847502e+00,3.704022679623493186e-01,7.689138814188911653e-01,4.930513853448438844e-01,4.767840060099503025e+06
-2.907827654485544144e+00,-6.114569544479369512e+00,1.863618862227842676e+00,3.194616404328767256e-01,6.663996654384536367e-01,5.101112770760835025e-01,4.767840060099503025e+06
-3.176960598237851485e+00,-6.082342372769870664e+00,2.110698161030641451e+00,3.336974493780303641e-01,6.604671282586481729e-01,5.435579228283202724e-01,4.767840060099503025e+06
-3.010235466670549975e+00,-5.891599876527096491e+00,2.239261245757070640e+00,4.916137478357352486e-01,5.661480068541837607e-01,5.352308542158881188e-01,4.767840060099503025e+06
-2.401613833134963016e+00,-5.852333175908132290e+00,1.809608150643323921e+00,5.177466861847644930e-01,5.098686658118680715e-01,4.821251018942962485e-01,4.767840060099503025e+06
-2.337369454907802346e+00,-5.872658898416987405e+00,1.936227028086852986e+00,5.481010935584582633e-01,5.607853234383985974e-01,4.956964811255126779e-01,4.767840060099503025e+06
-2.738234795721330439e+00,-5.836211979871203326e+00,1.709828294659618608e+00,6.288892927475908667e-01,5.569085696186142354e-01,4.422815595700157476e-01,4.767840060099503025e+06
-3.339007796257378757e+00,-5.874023142137638764e+00,1.578643476702108916e+00,9.033126860037794525e-01,7.518049037184135752e-01,2.850258132408706180e-01,4.767840060099503025e+06
-3.686371827302572513e+00,-6.596062474933455100e+00,2.181761855474595002e+00,3.886303483652142621e-01,8.529988853836152352e-01,1.206486446876621210e-01,4.767840060099503025e+06
-3.686371827302572513e+00,-6.596062474933455100e+00,2.181761855474595002e+00,3.886303483652142621e-01,8.529988853836152352e-01,1.206486446876621210e-01,4.767840060099503025e+06
-3.686371827302572513e+00,-6.596062474933455100e+00,2.181761855474595002e+00,3.886303483652142621e-01,8.529988853836152352e-01,1.206486446876621210e-01,4.767840060099503025e+06
-3.686371827302572513e+00,-6.596062474933455100e+00,2.181761855474595002e+00,3.886303483652142621e-01,8.529988853836152352e-01,1.206486446876621210e-01,4.767840060099503025e+06
-3.686371827302572513e+00,-6.596062474933455100e+00,2.181761855474595002e+00,3.886303483652142621e-01,8.529988853836152352e-01,1.206486446876621210e-01,4.767840060099503025e+06
-3.686371827302572513e+00,-6.596062474933455100e+00,2.181761855474595002e+00,3.886303483652142621e-01,8.529988853836152352e-01,1.206486446876621210e-01,4.767840060099503025e+06
-1.023704255656717299e+00,-5.666816037415491003e+00,1.973900632152183920e+00,1.582945645173144289e+00,1.033585400165417001e+00,1.315006603435180388e-01,4.767840060099503025e+06
-1.023704255656717299e+00,-5.666816037415491003e+00,1.973900632152183920e+00,1.582945645173144289e+00,1.033585400165417001e+00,1.315006603435180388e-01,4.767840060099503025e+06
-1.023704255656717299e+00,-5.666816037415491003e+00,1.973900632152183920e+00,1.582945645173144289e+00,1.033585400165417001e+00,1.315006603435180388e-01,4.767840060099503025e+06
-1.023704255656717299e+00,-5.666816037415491003e+00,1.973900632152183920e+00,1.582945645173144289e+00,1.033585400165417001e+00,1.315006603435180388e-01,4.767840060099503025e+06
-1.023704255656717299e+00,-5.666816037415491003e+00,1.973900632152183920e+00,1.582945645173144289e+00,1.033585400165417001e+00,1.315006603435180388e-01,4.767840060099503025e+06
-1.023704255656717299e+00,-5.666816037415491003e+00,1.973900632152183920e+00,1.582945645173144289e+00,1.033585400165417001e+00,1.315006603435180388e-01,4.767840060099503025e+06
-1.023704255656717299e+00,-5.666816037415491003e+00,1.973900632152183920e+00,1.582945645173144289e+00,1.033585400165417001e+00,1.315006603435180388e-01,4.767840060099503025e+06
-1.023704255656717299e+00,-5.666816037415491003e+00,1.973900632152183920e+00,1.582945645173144289e+00,1.033585400165417001e+00,1.315006603435180388e-01,4.767840060099503025e+06
-6.212210228611438900e-01,-5.614509900491257532e+00,1.962753228883251211e+00,1.669279741086940660e+00,1.029587929808625901e+00,5.824659907778131918e-02,4.767840060099503025e+06
-6.212210228611438900e-01,-5.614509900491257532e+00,1.962753228883251211e+00,1.669279741086940660e+00,1.029587929808625901e+00,5.824659907778131918e-02,4.767840060099503025e+06
-6.212210228611438900e-01,-5.614509900491257532e+00,1.962753228883251211e+00,1.669279741086940660e+00,1.029587929808625901e+00,5.824659907778131918e-02,4.767840060099503025e+06
-6.212210228611438900e-01,-5.614509900491257532e+00,1.962753228883251211e+00,1.669279741086940660e+00,1.029587929808625901e+00,5.824659907778131918e-02,4.767840060099503025e+06
-6.212210228611438900e-01,-5.614509900491257532e+00,1.962753228883251211e+00,1.669279741086940660e+00,1.029587929808625901e+00,5.824659907778131918e-02,4.767840060099503025e+06
-4.804101309954211807e-01,-5.763411088045306663e+00,2.356910331175849471e+00,1.945398076669952125e+00,1.339562816164367565e+00,-5.767428389530460109e-02,4.767840060099503025e+06
-4.374132447248795241e-01,-5.856701093736322861e+00,2.341639463297663148e+00,1.937672882805237196e+00,1.433721274040315796e+00,-4.287405272489430708e-02,4.767840060099503025e+06
-4.374132447248795241e-01,-5.856701093736322861e+00,2.341639463297663148e+00,1.937672882805237196e+00,1.433721274040315796e+00,-4.287405272489430708e-02,4.767840060099503025e+06
-4.374132447248795241e-01,-5.856701093736322861e+00,2.341639463297663148e+00,1.937672882805237196e+00,1.433721274040315796e+00,-4.287405272489430708e-02,4.767840060099503025e+06
-3.242653114366200739e-02,-6.106666628171156574e+00,2.336563166473814679e+00,1.951791989597917887e+00,1.671769776464534951e+00,-9.643219684777754042e-02,4.767840060099503025e+06
-7.249091405142904510e-03,-6.077918909658539981e+00,2.332038264309608699e+00,1.960529590298215163e+00,1.652094971430283277e+00,-3.692533201356951178e-02,4.767840060099503025e+06
-5.603892139883326351e-02,-6.052173773745916918e+00,2.323095841441328524e+00,1.886292480713801734e+00,1.576249432273368667e+00,-2.132723685185761164e-02,4.767840060099503025e+06
-1.291016728042435613e-01,-5.781689065195296351e+00,2.217991432719591316e+00,1.920232027164997746e+00,1.286773534888073112e+00,-1.285630170820717399e-01,4.767840060099503025e+06
-1.291016728042435613e-01,-5.781689065195296351e+00,2.217991432719591316e+00,1.920232027164997746e+00,1.286773534888073112e+00,-1.285630170820717399e-01,4.767840060099503025e+06
-1.291016728042435613e-01,-5.781689065195296351e+00,2.217991432719591316e+00,1.920232027164997746e+00,1.286773534888073112e+00,-1.285630170820717399e-01,4.767840060099503025e+06
-2.188576614256398933e-02,-5.816099346488534216e+00,2.242809596076109191e+00,1.920084741946340268e+00,1.293921487575625751e+00,-1.732111219242777889e-01,4.767840060099503025e+06
-2.188576614256398933e-02,-5.816099346488534216e+00,2.242809596076109191e+00,1.920084741946340268e+00,1.293921487575625751e+00,-1.732111219242777889e-01,4.767840060099503025e+06
-2.188576614256398933e-02,-5.816099346488534216e+00,2.242809596076109191e+00,1.920084741946340268e+00,1.293921487575625751e+00,-1.732111219242777889e-01,4.767840060099503025e+06
-2.188576614256398933e-02,-5.816099346488534216e+00,2.242809596076109191e+00,1.920084741946340268e+00,1.293921487575625751e+00,-1.732111219242777889e-01,4.767840060099503025e+06
-2.188576614256398933e-02,-5.816099346488534216e+00,2.242809596076109191e+00,1.920084741946340268e+00,1.293921487575625751e+00,-1.732111219242777889e-01,4.767840060099503025e+06
-2.188576614256398933e-02,-5.816099346488534216e+00,2.242809596076109191e+00,1.920084741946340268e+00,1.293921487575625751e+00,-1.732111219242777889e-01,4.767840060099503025e+06
-2.188576614256398933e-02,-5.816099346488534216e+00,2.242809596076109191e+00,1.920084741946340268e+00,1.293921487575625751e+00,-1.732111219242777889e-01,4.767840060099503025e+06
-2.188576614256398933e-02,-5.816099346488534216e+00,2.242809596076109191e+00,1.920084741946340268e+00,1.293921487575625751e+00,-1.732111219242777889e-01,4.767840060099503025e+06
-2.188576614256398933e-02,-5.816099346488534216e+00,2.242809596076109191e+00,1.920084741946340268e+00,1.293921487575625751e+00,-1.732111219242777889e-01,4.767840060099503025e+06
-2.188576614256398933e-02,-5.816099346488534216e+00,2.242809596076109191e+00,1.920084741946340268e+00,1.293921487575625751e+00,-1.732111219242777889e-01,4.767840060099503025e+06
-2.188576614256398933e-02,-5.816099346488534216e+00,2.242809596076109191e+00,1.920084741946340268e+00,1.293921487575625751e+00,-1.732111219242777889e-01,4.767840060099503025e+06
-2.188576614256398933e-02,-5.816099346488534216e+00,2.242809596076109191e+00,1.920084741946340268e+00,1.293921487575625751e+00,-1.732111219242777889e-01,4.767840060099503025e+06
-2.188576614256398933e-02,-5.816099346488534216e+00,2.242809596076109191e+00,1.920084741946340268e+00,1.293921487575625751e+00,-1.732111219242777889e-01,4.767840060099503025e+06
-7.020464022459848019e-01,-5.760166960982704865e+00,2.234270016074280552e+00,1.698727768786455261e+00,1.090026217323576851e+00,-6.843328209800544903e-02,4.767840060099503025e+06
-7.020464022459848019e-01,-5.760166960982704865e+00,2.234270016074280552e+00,1.698727768786455261e+00,1.090026217323576851e+00,-6.843328209800544903e-02,4.767840060099503025e+06
-6.784255443535722740e-01,-5.763134115467241969e+00,2.233133121326504877e+00,1.694178322344741972e+00,1.087878188678672808e+00,-6.827330865062049281e-02,4.767840060099503025e+06
-7.291923478529720448e-01,-5.758855770472352198e+00,2.222027271156482353e+00,1.687717669210369031e+00,1.083023021189820190e+00,-5.923169917032744536e-02,4.767840060099503025e+06
-5.119969050575923220e-02,-5.675590644771825843e+00,2.270755731175745140e+00,1.939776561932385679e+00,1.111140701588467783e+00,-2.631363395579742193e-01,4.767840060099503025e+06
-2.038439096884707702e-01,-5.628099792038010030e+00,2.170968187120695170e+00,1.939898375900693361e+00,1.101283698826882373e+00,-2.230093456690890319e-01,4.767840060099503025e+06
-2.038439096884707702e-01,-5.628099792038010030e+00,2.170968187120695170e+00,1.939898375900693361e+00,1.101283698826882373e+00,-2.230093456690890319e-01,4.767840060099503025e+06
-2.068198657910367277e-01,-5.628626659690920242e+00,2.171016643830064652e+00,1.937199067352290305e+00,1.100319842504635881e+00,-2.214624630117330017e-01,4.767840060099503025e+06
-2.068198657910367277e-01,-5.628626659690920242e+00,2.171016643830064652e+00,1.937199067352290305e+00,1.100319842504635881e+00,-2.214624630117330017e-01,4.767840060099503025e+06
-2.068198657910367277e-01,-5.628626659690920242e+00,2.171016643830064652e+00,1.937199067352290305e+00,1.100319842504635881e+00,-2.214624630117330017e-01,4.767840060099503025e+06
-2.068198657910367277e-01,-5.628626659690920242e+00,2.171016643830064652e+00,1.937199067352290305e+00,1.100319842504635881e+00,-2.214624630117330017e-01,4.767840060099503025e+06
-2.068198657910367277e-01,-5.628626659690920242e+00,2.171016643830064652e+00,1.937199067352290305e+00,1.100319842504635881e+00,-2.214624630117330017e-01,4.767840060099503025e+06
-2.068198657910367277e-01,-5.628626659690920242e+00,2.171016643830064652e+00,1.937199067352290305e+00,1.100319842504635881e+00,-2.214624630117330017e-01,4.767840060099503025e+06
-1.217999238008493634e-02,-5.631878477485363632e+00,2.197955717894051642e+00,1.979164130849532688e+00,1.108746782907749973e+00,-2.771590235601378849e-01,4.767840060099503025e+06
-1.217999238008493634e-02,-5.631878477485363632e+00,2.197955717894051642e+00,1.979164130849532688e+00,1.108746782907749973e+00,-2.771590235601378849e-01,4.767840060099503025e+06
-1.217999238008493634e-02,-5.631878477485363632e+00,2.197955717894051642e+00,1.979164130849532688e+00,1.108746782907749973e+00,-2.771590235601378849e-01,4.767840060099503025e+06
-1.217999238008493634e-02,-5.631878477485363632e+00,2.197955717894051642e+00,1.979164130849532688e+00,1.108746782907749973e+00,-2.771590235601378849e-01,4.767840060099503025e+06
-1.217999238008493634e-02,-5.631878477485363632e+00,2.197955717894051642e+00,1.979164130849532688e+00,1.108746782907749973e+00,-2.771590235601378849e-01,4.767840060099503025e+06
-1.217999238008493634e-02,-5.631878477485363632e+00,2.197955717894051642e+00,1.979164130849532688e+00,1.108746782907749973e+00,-2.771590235601378849e-01,4.767840060099503025e+06
-8.527913616784532636e-02,-5.587314990227127964e+00,2.212586358690030064e+00,1.979656488722579155e+00,1.082279755731172077e+00,-2.547990284343089606e-01,4.767840060099503025e+06
-2.299775460352293521e-02,-5.574525199685025356e+00,2.228705027545530015e+00,2.012111288982621815e+00,1.090076519469029392e+00,-2.691762067931990354e-01,4.767840060099503025e+06
-1.318211904213932861e-01,-5.555559975342903023e+00,2.226429195254198135e+00,1.975911303984005718e+00,1.071091910064102315e+00,-2.139170502155390841e-01,4.767840060099503025e+06
-1.318211904213932861e-01,-5.555559975342903023e+00,2.226429195254198135e+00,1.975911303984005718e+00,1.071091910064102315e+00,-2.139170502155390841e-01,4.767840060099503025e+06
-1.318211904213932861e-01,-5.555559975342903023e+00,2.226429195254198135e+00,1.975911303984005718e+00,1.071091910064102315e+00,-2.139170502155390841e-01,4.767840060099503025e+06
-1.364272341905670149e-01,-5.555271519996878737e+00,2.221446288550400716e+00,1.976006656550076013e+00,1.072193837134258532e+00,-2.123114837175920644e-01,4.767840060099503025e+06
-1.437644472076122781e-01,-5.555326439640566605e+00,2.223239384254545481e+00,1.973648002991522876e+00,1.070763684658910142e+00,-2.112056913113620205e-01,4.767840060099503025e+06
-1.437644472076122781e-01,-5.555326439640566605e+00,2.223239384254545481e+00,1.973648002991522876e+00,1.070763684658910142e+00,-2.112056913113620205e-01,4.767840060099503025e+06
-6.067523705399047174e-02,-5.547466821797027769e+00,2.205715432003606757e+00,1.998549622305631601e+00,1.075559996457833734e+00,-2.290016291066374610e-01,4.767840060099503025e+06
-6.067523705399047174e-02,-5.547466821797027769e+00,2.205715432003606757e+00,1.998549622305631601e+00,1.075559996457833734e+00,-2.290016291066374610e-01,4.767840060099503025e+06
-1.221931738773864851e-01,-5.542878942635661055e+00,2.214882030081649411e+00,1.976947785853213624e+00,1.057666639373311401e+00,-2.163837221516455855e-01,4.767840060099503025e+06
-1.221931738773864851e-01,-5.542878942635661055e+00,2.214882030081649411e+00,1.976947785853213624e+00,1.057666639373311401e+00,-2.163837221516455855e-01,4.767840060099503025e+06
-2.484742845313336890e-01,-5.684720521440540075e+00,2.195729491266777966e+00,1.939564247123073626e+00,1.135165072160741140e+00,-2.989822471011848726e-01,4.767840060099503025e+06
-4.189610957170084582e-01,-5.712611871217963433e+00,2.204149099169281367e+00,1.880619289124643601e+00,1.136823885737667350e+00,-2.510326622235836691e-01,4.767840060099503025e+06
-4.189610957170084582e-01,-5.712611871217963433e+00,2.204149099169281367e+00,1.880619289124643601e+00,1.136823885737667350e+00,-2.510326622235836691e-01,4.767840060099503025e+06
-4.189610957170084582e-01,-5.712611871217963433e+00,2.204149099169281367e+00,1.880619289124643601e+00,1.136823885737667350e+00,-2.510326622235836691e-01,4.767840060099503025e+06
-1.473141405743292331e-01,-5.716396136345752943e+00,2.207533872150339693e+00,1.953612177950464490e+00,1.199265382219667719e+00,-3.038527335395181939e-01,4.767840060099503025e+06
-1.473141405743292331e-01,-5.716396136345752943e+00,2.207533872150339693e+00,1.953612177950464490e+00,1.199265382219667719e+00,-3.038527335395181939e-01,4.767840060099503025e+06
-1.473141405743292331e-01,-5.716396136345752943e+00,2.207533872150339693e+00,1.953612177950464490e+00,1.199265382219667719e+00,-3.038527335395181939e-01,4.767840060099503025e+06
-1.473141405743292331e-01,-5.716396136345752943e+00,2.207533872150339693e+00,1.953612177950464490e+00,1.199265382219667719e+00,-3.038527335395181939e-01,4.767840060099503025e+06
-1.473141405743292331e-01,-5.716396136345752943e+00,2.207533872150339693e+00,1.953612177950464490e+00,1.199265382219667719e+00,-3.038527335395181939e-01,4.767840060099503025e+06
-2.268884122905356904e-02,-5.594624131339479334e+00,2.211460605709486771e+00,2.005570807554298174e+00,1.148290368068281220e+00,-2.407233825627962398e-01,4.767840060099503025e+06
-2.268884122905356904e-02,-5.594624131339479334e+00,2.211460605709486771e+00,2.005570807554298174e+00,1.148290368068281220e+00,-2.407233825627962398e-01,4.767840060099503025e+06
-2.268884122905356904e-02,-5.594624131339479334e+00,2.211460605709486771e+00,2.005570807554298174e+00,1.148290368068281220e+00,-2.407233825627962398e-01,4.767840060099503025e+06
-2.268884122905356904e-02,-5.594624131339479334e+00,2.211460605709486771e+00,2.005570807554298174e+00,1.148290368068281220e+00,-2.407233825627962398e-01,4.767840060099503025e+06
-2.268884122905356904e-02,-5.594624131339479334e+00,2.211460605709486771e+00,2.005570807554298174e+00,1.148290368068281220e+00,-2.407233825627962398e-01,4.767840060099503025e+06
-3.394954309295270534e-01,-5.632608126941986093e+00,2.207271260169615168e+00,1.901239338577238591e+00,1.058930945435188953e+00,-2.342542574526608745e-01,4.767840060099503025e+06
-3.394954309295270534e-01,-5.632608126941986093e+00,2.207271260169615168e+00,1.901239338577238591e+00,1.058930945435188953e+00,-2.342542574526608745e-01,4.767840060099503025e+06
-3.394954309295270534e-01,-5.632608126941986093e+00,2.207271260169615168e+00,1.901239338577238591e+00,1.058930945435188953e+00,-2.342542574526608745e-01,4.767840060099503025e+06
-4.317952769900204046e-01,-5.609539420231674178e+00,2.207112008288198091e+00,1.900363913268983795e+00,1.031968743275441636e+00,-2.552298890284017130e-01,4.767840060099503025e+06
-4.372739334574705650e-01,-5.565797209560246372e+00,2.200989814095478891e+00,1.983638978712337630e+00,1.046764166963640719e+00,-2.862494042130791505e-01,4.767840060099503025e+06
-4.372739334574705650e-01,-5.565797209560246372e+00,2.200989814095478891e+00,1.983638978712337630e+00,1.046764166963640719e+00,-2.862494042130791505e-01,4.767840060099503025e+06
-3.162826239647062998e-01,-5.584229790780080194e+00,2.244909270492932762e+00,1.962183736950908308e+00,1.034926903442282775e+00,-3.008182022787031507e-01,4.767840060099503025e+06
-3.162826239647062998e-01,-5.584229790780080194e+00,2.244909270492932762e+00,1.962183736950908308e+00,1.034926903442282775e+00,-3.008182022787031507e-01,4.767840060099503025e+06
-3.162826239647062998e-01,-5.584229790780080194e+00,2.244909270492932762e+00,1.962183736950908308e+00,1.034926903442282775e+00,-3.008182022787031507e-01,4.767840060099503025e+06
-1.125363090352235584e+00,-5.292514882259158782e+00,1.741245933926163225e+00,1.559678393188505652e+00,6.471464730401929044e-01,1.076122797262266118e-01,4.767840060099503025e+06
-9.891611626800629331e-01,-4.670394048854568325e+00,1.023785930959261181e+00,1.287997234578348582e+00,-2.107973235849009974e-01,1.081123161158829837e-02,4.767840060099503025e+06
-9.902826017384271928e-01,-4.864767075888686065e+00,1.132184710590918408e+00,1.346177234444130510e+00,4.474789073871698886e-02,1.983517622047334394e-02,4.767840060099503025e+06
-1.399777173897470250e+00,-5.264206165188484832e+00,1.971427879551868934e+00,1.513858294483756417e+00,4.966434210237318791e-01,-2.931651716348881997e-02,4.767840060099503025e+06
-1.331867418120905810e+00,-5.272617616808912722e+00,1.938116539018403861e+00,1.458328266837296550e+00,4.545011109539571770e-01,-1.908131179961803509e-02,4.767840060099503025e+06
-1.406361443957746316e+00,-5.071820633163665271e+00,1.845336754527790557e+00,1.600295851125340452e+00,4.496974332883573733e-01,1.073178382957187538e-01,4.767840060099503025e+06
-1.465019996517568535e+00,-5.325335688192958550e+00,1.967788517614892596e+00,1.695411273755913939e+00,8.461268954765324146e-01,2.270373095391329255e-01,4.767840060099503025e+06
-1.788845333419000427e+00,-4.879722633281959432e+00,1.762514894922102560e+00,1.771376256138105898e+00,6.005622823823344447e-01,4.542493837441201610e-01,4.767840060099503025e+06
-2.143668124390728291e+00,-4.872242480657273056e+00,2.076905726247822326e+00,2.171555551314482635e+00,8.817486350891903246e-01,3.488430046740461088e-01,4.767840060099503025e+06
-2.021944044707187249e+00,-4.624642298091788284e+00,2.457549778027650067e+00,2.218124940767274289e+00,6.936386970705459287e-01,3.935470793920958221e-01,4.767840060099503025e+06
-1.978066356939018444e+00,-4.767688157364293744e+00,2.138941969472700322e+00,2.011606611675318401e+00,6.510443229856079927e-01,3.789643092188005324e-01,4.767840060099503025e+06
-1.978066356939018444e+00,-4.767688157364293744e+00,2.138941969472700322e+00,2.011606611675318401e+00,6.510443229856079927e-01,3.789643092188005324e-01,4.767840060099503025e+06
-2.144265208941916967e+00,-5.079269248404955306e+00,2.215599739753403963e+00,1.762855980060355154e+00,6.991655387751800621e-01,3.193338494284993501e-01,4.767840060099503025e+06
-1.541794747091574713e+00,-4.737911514150794368e+00,1.828141124964147046e+00,1.944389657496949475e+00,6.520779841045131198e-01,5.210577665297628780e-01,4.767840060099503025e+06
-1.623053568079793729e+00,-4.820611603070223516e+00,1.937572476484721307e+00,1.887090864819855884e+00,6.762090848831718848e-01,4.977059390925564486e-01,4.767840060099503025e+06
-1.623053568079793729e+00,-4.820611603070223516e+00,1.937572476484721307e+00,1.887090864819855884e+00,6.762090848831718848e-01,4.977059390925564486e-01,4.767840060099503025e+06
-1.623053568079793729e+00,-4.820611603070223516e+00,1.937572476484721307e+00,1.887090864819855884e+00,6.762090848831718848e-01,4.977059390925564486e-01,4.767840060099503025e+06
-1.623053568079793729e+00,-4.820611603070223516e+00,1.937572476484721307e+00,1.887090864819855884e+00,6.762090848831718848e-01,4.977059390925564486e-01,4.767840060099503025e+06
-1.623053568079793729e+00,-4.820611603070223516e+00,1.937572476484721307e+00,1.887090864819855884e+00,6.762090848831718848e-01,4.977059390925564486e-01,4.767840060099503025e+06
-1.623053568079793729e+00,-4.820611603070223516e+00,1.937572476484721307e+00,1.887090864819855884e+00,6.762090848831718848e-01,4.977059390925564486e-01,4.767840060099503025e+06
-1.623053568079793729e+00,-4.820611603070223516e+00,1.937572476484721307e+00,1.887090864819855884e+00,6.762090848831718848e-01,4.977059390925564486e-01,4.767840060099503025e+06
-1.623053568079793729e+00,-4.820611603070223516e+00,1.937572476484721307e+00,1.887090864819855884e+00,6.762090848831718848e-01,4.977059390925564486e-01,4.767840060099503025e+06
-1.623053568079793729e+00,-4.820611603070223516e+00,1.937572476484721307e+00,1.887090864819855884e+00,6.762090848831718848e-01,4.977059390925564486e-01,4.767840060099503025e+06
-1.974888028539243612e+00,-5.004550421315274278e+00,1.775560019823929414e+00,1.765734704187874815e+00,7.640624046605617448e-01,5.218091140753393642e-01,4.767840060099503025e+06
-3.093390502928341057e+00,-5.096747680754346810e+00,2.223042585550697670e+00,2.182257519556240588e+00,1.094951633653782119e+00,2.800699263668705585e-01,4.767840060099503025e+06
-3.380383206788233785e+00,-5.024042358289850796e+00,2.639135700690432795e+00,2.406810591408716338e+00,1.258706143157347412e+00,3.253761609270583444e-01,4.767840060099503025e+06
-2.935346083070150325e+00,-5.068855157193683958e+00,2.293148615354459796e+00,2.295206792515598782e+00,1.178726443556792791e+00,2.765259660660764895e-01,4.767840060099503025e+06
-3.775425490304089138e+00,-5.205645775796394759e+00,2.521083888992861510e+00,2.612769384050097621e+00,1.639118047734228423e+00,3.543825675088413951e-01,4.767840060099503025e+06
-2.921586116025204127e+00,-5.392274315147639108e+00,2.208810523663811587e+00,1.942699674259020792e+00,1.222921176443417579e+00,3.687628859745932797e-01,4.767840060099503025e+06
-3.948650530305804374e+00,-5.662396800383574735e+00,2.081709415806140662e+00,1.667603323331426690e+00,1.291726332496458074e+00,4.633909240494937798e-01,4.767840060099503025e+06
-3.729888038980621268e+00,-5.544745987058279368e+00,1.989249270726660690e+00,1.772795353585954192e+00,1.247103705748499491e+00,4.213745164179552027e-01,4.767840060099503025e+06
-3.901020162802915969e+00,-5.602420052225614455e+00,1.989434174076283091e+00,1.580844550177328500e+00,1.131078259265818176e+00,4.309243140387564175e-01,4.767840060099503025e+06
-3.562732320765442218e+00,-5.619532584646711904e+00,2.357436085132727843e+00,1.154150317622901989e+00,5.784197502815489056e-01,2.272216548641675105e-01,4.767840060099503025e+06
-3.160971914836712582e+00,-5.605159330149088959e+00,2.448063297432486962e+00,1.143767257677430260e+00,5.709410984767393504e-01,2.297655683551327876e-01,4.767840060099503025e+06
-2.883646618535735229e+00,-5.644712354031440782e+00,1.968047469634833124e+00,1.144663115474771509e+00,6.882596961211260300e-01,2.998856269940911590e-01,4.767840060099503025e+06
-2.934148586902514566e+00,-5.634667344986011628e+00,2.067527851878208978e+00,1.133662196231493891e+00,6.503138095136231644e-01,2.914609327685068196e-01,4.767840060099503025e+06
-3.148345012401444265e+00,-5.642187952808508378e+00,2.088453627472095064e+00,1.235570588001469128e+00,7.169791993958281040e-01,2.549413307435438591e-01,4.767840060099503025e+06
-3.287199670144564934e+00,-5.639793466253840926e+00,2.083599293357235371e+00,1.222588409789176378e+00,6.959318806477101660e-01,2.592920478925826444e-01,4.767840060099503025e+06
-3.285358354434201544e+00,-5.638762942651770693e+00,2.107755142928126268e+00,1.262637945205775658e+00,6.952985054745135507e-01,1.711384182577231350e-01,4.767840060099503025e+06
-3.428299586228402696e+00,-5.621558011029773816e+00,1.975596545772966728e+00,1.095620194077130627e+00,5.590087422174229159e-01,2.163324056193655920e-01,4.767840060099503025e+06
-3.690898724028317979e+00,-5.760485821758680736e+00,2.043472963491643757e+00,9.186644116831064188e-01,5.350046682443837520e-01,2.269042031018849992e-01,4.767840060099503025e+06
-2.493053808629533741e+00,-5.841898343283399520e+00,2.070389569429361920e+00,1.174614921403049239e+00,9.444446875210097403e-01,3.599986470010368977e-01,4.767840060099503025e+06
-2.643203861428191637e+00,-5.675457748009546499e+00,2.111554572347667413e+00,1.301206427139044441e+00,8.908600090689792195e-01,3.896141248343794605e-01,4.767840060099503025e+06
-2.682415606573068878e+00,-5.604400830615121620e+00,1.699245330591718783e+00,1.417021176967742990e+00,8.901006995550777567e-01,3.060629795870781211e-01,4.767840060099503025e+06
-2.699465922771215887e+00,-5.671325260638258925e+00,1.801839407590584141e+00,1.362157250170048517e+00,9.217284063479850298e-01,3.337390845074677537e-01,4.767840060099503025e+06
-2.279718226403353754e+00,-5.475895377578604339e+00,1.510467380822947181e+00,1.412213203345468182e+00,7.115309907671825140e-01,2.186440478822717082e-01,4.767840060099503025e+06
-2.430963248963249335e+00,-5.609479722396983448e+00,1.381099020330492699e+00,1.272224953285020721e+00,7.459367445340270297e-01,2.802435453281922340e-01,4.767840060099503025e+06
-2.567946332904732731e+00,-5.476081408951906759e+00,1.375654178184110510e+00,1.322460458015272344e+00,8.046103627471327124e-01,5.130097923949068495e-01,4.767840060099503025e+06
-2.357930433534536796e+00,-5.316205567491587125e+00,1.472024214320941660e+00,1.305146709129434868e+00,5.807467146509075473e-01,4.463243113388967731e-01,4.767840060099503025e+06
-1.884458121269903419e+00,-5.083585446369224492e+00,1.437155396791129247e+00,1.271960999268891834e+00,2.475527526893031016e-01,3.446080635778547840e-01,4.767840060099503025e+06
-1.679411453738336224e+00,-5.005305924820907748e+00,1.421611753770905873e+00,1.297892937896961030e+00,1.811585889520648252e-01,3.258485059093264025e-01,4.767840060099503025e+06
-1.506339156399953083e+00,-5.106719776443023662e+00,1.182197789900035767e+00,1.407349570016263041e+00,3.786674753146387351e-01,2.172823575306884192e-01,4.767840060099503025e+06
-1.490827295536784280e+00,-5.191337657536879924e+00,2.445631450023404874e+00,1.478941443621342833e+00,4.661036856009607154e-01,2.061505964560169935e-01,4.767840060099503025e+06
-2.179086889250717363e+00,-5.241647361611328826e+00,2.554333705846824287e+00,1.288890211733549007e+00,4.658312808814899508e-01,3.605508772998260447e-01,4.767840060099503025e+06
-1.232364559621316413e+00,-5.076051251344179782e+00,2.107525704819945389e+00,1.525099147834157565e+00,4.453326621910884686e-01,1.770165270565263738e-01,4.767840060099503025e+06
-1.190381765564812788e+00,-4.959703338635851999e+00,1.879234591994134007e+00,1.230118249156241461e+00,-4.399266531734169483e-02,4.453888861934496290e-02,4.767840060099503025e+06
-2.377465805859508841e+00,-5.099449540394596525e+00,1.825575733405563117e+00,1.265193301127453429e+00,3.911648128834734894e-01,5.501070545382360510e-01,4.767840060099503025e+06
-1.956663373278295870e+00,-5.537569815649194815e+00,1.677660850558062799e+00,7.892057844033537606e-01,4.610122421571366536e-01,5.633120342152055926e-01,4.767840060099503025e+06
-1.905272246226494381e+00,-5.713643495556027574e+00,1.826659911950507142e+00,7.306278208412984032e-01,6.044718829349386979e-01,6.259265956487746196e-01,4.767840060099503025e+06
-2.156203349456907059e+00,-5.722021917510540234e+00,1.746290312117681820e+00,6.655712261196393698e-01,5.784138206387894332e-01,6.626312809721092156e-01,4.767840060099503025e+06
-2.263096711200188960e+00,-5.846628296719845963e+00,2.046496922696519505e+00,5.944693834727097226e-01,6.766384577852054827e-01,6.994767254192706396e-01,4.767840060099503025e+06
-2.265593926619198228e+00,-5.818489408851665878e+00,2.040697468347626220e+00,6.207107672791662978e-01,6.597235007754136404e-01,6.839849093961500870e-01,4.767840060099503025e+06
-1.927833242331649100e+00,-5.795805985340484412e+00,2.621949321532069277e+00,6.389476386782743100e-01,7.045973986734678229e-01,7.636076876191912888e-01,4.767840060099503025e+06
-1.979954120039194798e+00,-5.805457347366845156e+00,2.624452272534909536e+00,6.745787131351662635e-01,7.347832256590801636e-01,7.498446850343650771e-01,4.767840060099503025e+06
-1.799033557329583477e+00,-5.810068875277639933e+00,2.579822352244992789e+00,6.843795814756311602e-01,7.551858987613671026e-01,7.544108161358578091e-01,4.767840060099503025e+06
-1.820513077737922369e+00,-5.860962273633083086e+00,2.692043922366704756e+00,6.933888540239319109e-01,8.261123824088079104e-01,7.690126106608037304e-01,4.767840060099503025e+06
-1.843362024980972569e+00,-5.855224965794197267e+00,2.711215772667247670e+00,6.730224156733368712e-01,8.083603557027099207e-01,7.754955684496728230e-01,4.767840060099503025e+06
-1.868585153973845170e+00,-5.856752881671335231e+00,2.772584908195646847e+00,6.569025470696769897e-01,8.120651833084031601e-01,7.997952670065336944e-01,4.767840060099503025e+06
-1.768402702202490184e+00,-5.815203328432632546e+00,2.836312596326092894e+00,7.642359804903662290e-01,8.148824770439121457e-01,6.978913002028670487e-01,4.767840060099503025e+06
-1.654064356301206740e+00,-5.834299601096717858e+00,2.975915943213976345e+00,7.873644747446515435e-01,8.554757436245538083e-01,7.044573704909442569e-01,4.767840060099503025e+06
-1.654064356301206740e+00,-5.834299601096717858e+00,2.975915943213976345e+00,7.873644747446515435e-01,8.554757436245538083e-01,7.044573704909442569e-01,4.767840060099503025e+06
-1.654064356301206740e+00,-5.834299601096717858e+00,2.975915943213976345e+00,7.873644747446515435e-01,8.554757436245538083e-01,7.044573704909442569e-01,4.767840060099503025e+06
-1.609184919151774418e+00,-5.862020331224842451e+00,2.771405231411347092e+00,7.012342925839005758e-01,7.710256727773782126e-01,6.529409969520739709e-01,4.767840060099503025e+06
-1.609184919151774418e+00,-5.862020331224842451e+00,2.771405231411347092e+00,7.012342925839005758e-01,7.710256727773782126e-01,6.529409969520739709e-01,4.767840060099503025e+06
-1.606317477035033692e+00,-5.867865090819401885e+00,2.773420910803336970e+00,6.905986444047940154e-01,7.704699584812908508e-01,6.575566663441064774e-01,4.767840060099503025e+06
-1.560258893338657860e+00,-6.162577884050241650e+00,2.799146328902175185e+00,4.705613203082079643e-01,9.019763515113179420e-01,6.756352661027985596e-01,4.767840060099503025e+06
-1.537415870579670552e+00,-6.210537063823267090e+00,2.829203170827348401e+00,4.593954508443972573e-01,9.614645449314941361e-01,7.017544269598627871e-01,4.767840060099503025e+06
-1.549127252900982743e+00,-5.994032968796531691e+00,2.109802565856053302e+00,5.609013990716633646e-01,7.322646498818101701e-01,5.519247212960133320e-01,4.767840060099503025e+06
-1.323485257768038492e+00,-6.078379619282221036e+00,1.954514450537812698e+00,5.086677163620775266e-01,7.999103673932228542e-01,5.832278198407073733e-01,4.767840060099503025e+06
-1.323485257768038492e+00,-6.078379619282221036e+00,1.954514450537812698e+00,5.086677163620775266e-01,7.999103673932228542e-01,5.832278198407073733e-01,4.767840060099503025e+06
-1.399145607975910810e+00,-6.099540085432322734e+00,1.946927709360347869e+00,5.799068600159238418e-01,8.585962738510072301e-01,5.669371954603473762e-01,4.767840060099503025e+06
-1.397057162405889841e+00,-6.090070530084463307e+00,1.931151562358098372e+00,5.903781364412206134e-01,8.592693013531247370e-01,5.689071491222595922e-01,4.767840060099503025e+06
-1.527292999966359588e+00,-6.029981611343718129e+00,1.849984052197758633e+00,6.899135099114521719e-01,8.113988853636397991e-01,4.532937077609873744e-01,4.767840060099503025e+06
-1.886625343585554893e+00,-6.613125946244672981e+00,1.980057739867589151e+00,7.137727976160124221e-01,1.461083457853603385e+00,5.348544744196392919e-01,4.767840060099503025e+06
-1.674658900402699047e+00,-7.038124211933762808e+00,2.276444250234529676e+00,7.561353627380935638e-01,1.745260178040158650e+00,3.132043709732835746e-01,4.767840060099503025e+06
-1.721772484034826523e+00,-6.915653823148289803e+00,2.297700776365804831e+00,8.796033321938498961e-01,1.739091895680312749e+00,3.016296197755735653e-01,4.767840060099503025e+06
-1.721772484034826523e+00,-6.915653823148289803e+00,2.297700776365804831e+00,8.796033321938498961e-01,1.739091895680312749e+00,3.016296197755735653e-01,4.767840060099503025e+06
-1.721772484034826523e+00,-6.915653823148289803e+00,2.297700776365804831e+00,8.796033321938498961e-01,1.739091895680312749e+00,3.016296197755735653e-01,4.767840060099503025e+06
-1.650591183419399588e+00,-6.603472666102806699e+00,2.270508842722363418e+00,1.065399050942603454e+00,1.524269668394343080e+00,2.116814128590547017e-01,4.767840060099503025e+06
-1.650591183419399588e+00,-6.603472666102806699e+00,2.270508842722363418e+00,1.065399050942603454e+00,1.524269668394343080e+00,2.116814128590547017e-01,4.767840060099503025e+06
-1.640850841265669935e+00,-5.590919569987504723e+00,2.355324970875853463e+00,1.821457981215769628e+00,1.255549116218828143e+00,3.325263434433449738e-01,4.767840060099503025e+06
-1.156641317697342686e+00,-5.391504753844579945e+00,1.010764333194503539e+00,1.005195965990637097e+00,4.695531080535921276e-01,4.508870878086215228e-01,4.767840060099503025e+06
-1.150376265454822855e+00,-5.471606641211901767e+00,1.022407135981456383e+00,7.769390463468376362e-01,3.550131849920332705e-01,4.950970636009048853e-01,4.767840060099503025e+06
-1.174620252888300298e+00,-5.368720542101121929e+00,8.308024314250487263e-01,7.915534853147832006e-01,2.840691816998126007e-01,4.849893554056710077e-01,4.767840060099503025e+06
-1.189205050192456703e+00,-5.748617635384028368e+00,1.378230109569811512e+00,8.782878100021056511e-01,7.486498472711707874e-01,5.387055903434758708e-01,4.767840060099503025e+06
-1.161346869232030787e+00,-5.771831329065832961e+00,1.373582828354991570e+00,8.226030458955531088e-01,7.295610217926691288e-01,5.519790444801566665e-01,4.767840060099503025e+06
-1.236569108707401332e+00,-6.013460544857984758e+00,1.606284558813409147e+00,1.058270141723883562e+00,1.292680195284086953e+00,7.614931200668687561e-01,4.767840060099503025e+06
-1.224709900436887100e+00,-5.686242779028657601e+00,1.825803045608960673e+00,1.036242364327497389e+00,8.414369169546378480e-01,5.976970748924453902e-01,4.767840060099503025e+06
-1.181033283040153536e+00,-5.837968283250328128e+00,2.071212613486014931e+00,1.107497495337849802e+00,9.716000363131408468e-01,5.267658242438992833e-01,4.767840060099503025e+06
-1.517970451852854064e+00,-5.574031336307974982e+00,2.010540286129782306e+00,1.459042350882890027e+00,1.047023132952889846e+00,5.435183945276106376e-01,4.767840060099503025e+06
-1.542079835033441260e+00,-5.621445524102278490e+00,1.979575245683140583e+00,1.512809742820216297e+00,1.170829608747687711e+00,5.834643984769631864e-01,4.767840060099503025e+06
-1.549121552466568907e+00,-5.755613250297813011e+00,1.983010469747747972e+00,1.495046793358282722e+00,1.219597278665595308e+00,4.946978542912724430e-01,4.767840060099503025e+06
-1.593173677314041248e+00,-5.845434596862811638e+00,1.778125991760643565e+00,1.436976325703403834e+00,1.292347804968642766e+00,5.347114614054608861e-01,4.767840060099503025e+06
-1.678072768956035521e+00,-5.616311937007751887e+00,1.766773369100088864e+00,1.513778402378081367e+00,1.121376249954536330e+00,4.948832769928537823e-01,4.767840060099503025e+06
-1.508558322652463257e+00,-5.711889896147668289e+00,1.896043436591159592e+00,1.602622685980679806e+00,1.294738190146701440e+00,5.222539836714013006e-01,4.767840060099503025e+06
-1.591025416349849841e+00,-5.805467421397350947e+00,1.888781955669259105e+00,8.902805080549469618e-01,7.278449252542946724e-01,4.841665787288736977e-01,4.767840060099503025e+06
-1.693716493933799416e+00,-5.690801722679119656e+00,1.861470310758441826e+00,8.085168464510330555e-01,5.098757661731176949e-01,4.178464191744352685e-01,4.767840060099503025e+06
-1.747313934973220961e+00,-5.240674215608317255e+00,2.520972045297668274e+00,9.416923433527364384e-01,6.435648662020743149e-02,2.469969109090867643e-01,4.767840060099503025e+06
-1.901236463122798703e+00,-5.142970747886077554e+00,2.531340121159714851e+00,7.072435569034368763e-01,-2.283853477846859992e-01,2.426924500186255773e-01,4.767840060099503025e+06
-1.946444820480431881e+00,-5.146839334156884327e+00,2.473878242151866580e+00,7.762439797945124287e-01,-1.588045234297728037e-01,2.470118057338001050e-01,4.767840060099503025e+06
-1.693364607223780238e+00,-5.266464778343566522e+00,2.121055939508096344e+00,8.627093381470083422e-01,9.242373001333203941e-02,2.881161378203635492e-01,4.767840060099503025e+06
-9.555046224580272529e-01,-4.818083435423740291e+00,1.820454852671171686e+00,8.775564436060870888e-01,-4.622474982508668617e-01,6.603630767957580083e-02,4.767840060099503025e+06
-1.075297441746936755e+00,-5.035428936070628581e+00,1.336403950911248639e+00,1.184898616110650060e+00,9.893062693532017615e-02,1.380500260963089532e-01,4.767840060099503025e+06
-9.979563058681121257e-01,-4.946634358624865335e+00,1.529107307435910723e+00,1.381401285751494346e+00,1.312253718784369139e-01,5.916763495400390038e-02,4.767840060099503025e+06
-8.677879685164431312e-01,-5.148436408574217360e+00,1.221448381947195738e+00,1.431957113145001736e+00,4.016964096562101183e-01,1.351175358025748230e-01,4.767840060099503025e+06
-1.190826842111104122e+00,-5.285224148228150121e+00,1.339817281817469619e+00,1.431803838007193352e+00,6.473838534247591259e-01,3.368262598562991039e-01,4.767840060099503025e+06
-1.211817905999327483e+00,-5.322685642688855800e+00,9.348401677695459266e-01,1.458115612419197404e+00,6.054341383747420258e-01,1.934526771278427815e-01,4.767840060099503025e+06
-1.473791685123809092e+00,-5.329239338638964263e+00,1.149620221878222992e+00,1.584998960257065104e+00,7.400738917447590159e-01,2.181415717977224500e-01,4.767840060099503025e+06
-2.098846102182666318e+00,-5.418616580003845051e+00,8.896807960108960023e-01,1.413724279846803489e+00,7.496676091465652725e-01,3.607812627284784357e-01,4.767840060099503025e+06
-2.599071950766280281e+00,-5.387713371894258252e+00,1.507327985135020976e+00,1.696558601027123636e+00,9.458692458554213145e-01,3.115646174877348962e-01,4.767840060099503025e+06
-3.493282286568244910e+00,-5.833828309070201001e+00,1.454599053514280538e+00,1.490105075934128553e+00,1.311338655037196599e+00,4.811619281779034862e-01,4.767840060099503025e+06
-3.948202071932777280e+00,-5.963675766358321972e+00,1.367628180254027770e+00,1.453708993768680013e+00,1.396555950517384126e+00,4.739379778335776061e-01,4.767840060099503025e+06
-3.614143861761064169e+00,-5.759918573865915548e+00,1.244989779672064589e+00,1.641062129407881320e+00,1.381774019145541210e+00,4.736081075477097113e-01,4.767840060099503025e+06
-3.849348176432896729e+00,-5.952568047248708361e+00,1.064498520276689009e+00,1.728093231963704568e+00,1.714547527146535577e+00,5.659535725409505780e-01,4.767840060099503025e+06
-3.828517396421626362e+00,-5.879501653085285717e+00,1.133283610758592852e+00,1.567374124127341339e+00,1.480236166176977841e+00,5.448565746645426255e-01,4.767840060099503025e+06
-3.630422667807957637e+00,-5.780482216537207840e+00,1.094098486983546614e+00,1.528847516552528152e+00,1.372576540627191477e+00,5.496831474798777872e-01,4.767840060099503025e+06
-3.466300417366476871e+00,-5.879574407626396493e+00,8.630406538414406858e-01,1.656189822215188290e+00,1.564402561674206993e+00,4.803515941073663864e-01,4.767840060099503025e+06
-3.440038519285417262e+00,-5.860367309984621187e+00,9.601308333581670684e-01,1.621221249679190901e+00,1.494598033126551151e+00,4.616596315421892527e-01,4.767840060099503025e+06
-3.987495565876745474e+00,-5.887604493730869137e+00,7.327859110049921298e-01,1.879786215257055471e+00,1.765434331096993326e+00,4.671024604129553337e-01,4.767840060099503025e+06
-2.865295392852750034e+00,-5.772907622180797560e+00,1.370404257453712971e+00,1.880578490798730185e+00,1.523303819484844279e+00,2.994527470392261415e-01,4.767840060099503025e+06
-3.346145512069768735e+00,-5.992792120003940681e+00,1.542543869665961687e+00,1.806857750648065641e+00,1.669860799402413942e+00,2.831911725314459893e-01,4.767840060099503025e+06
-3.838886440460902882e+00,-6.347228289543549451e+00,2.557253742191399226e+00,1.274449087944064862e+00,1.608289634708537363e+00,5.011365383123538297e-01,4.767840060099503025e+06
-3.553033914918619196e+00,-6.264647590622113071e+00,2.206411021316188048e+00,1.284696545506848864e+00,1.497064424175288178e+00,4.305632355455681903e-01,4.767840060099503025e+06
-3.806004437070267699e+00,-6.312897105203862047e+00,2.613765489063990533e+00,8.442212356289321429e-01,1.196876082436213240e+00,4.813219591471931680e-01,4.767840060099503025e+06
-3.929141557380934735e+00,-6.348828564915724115e+00,2.705540350815033968e+00,8.480992548541159692e-01,1.228054761030184405e+00,4.748973755513269390e-01,4.767840060099503025e+06
-3.270195472970748529e+00,-6.027303925510065774e+00,2.271972480399037320e+00,1.040928652872735949e+00,1.100204294082201883e+00,5.131068564857059755e-01,4.767840060099503025e+06
-3.693802904636788398e+00,-6.034588428361186807e+00,2.514945304412903759e+00,1.029926730467318308e+00,1.151459173820704507e+00,6.160323528766493695e-01,4.767840060099503025e+06
-3.566396218250853067e+00,-6.053803437923695796e+00,2.403544241588980057e+00,1.018305589141305978e+00,1.148551909529904602e+00,5.797799077910976706e-01,4.767840060099503025e+06
-3.799955420961993902e+00,-6.088365984772702966e+00,2.388409363781736960e+00,9.495406311917866660e-01,1.168875428404754224e+00,6.539440862835993462e-01,4.767840060099503025e+06
-3.717659990275184789e+00,-6.030981034708938537e+00,2.343509032466222219e+00,1.013419163855950211e+00,1.159179383345900094e+00,6.357716301188167662e-01,4.767840060099503025e+06
-3.933967498639692639e+00,-6.132265768598567313e+00,2.794712914137571946e+00,8.860558153681381555e-01,1.133384540393955531e+00,6.314191283767683904e-01,4.767840060099503025e+06
-3.405282972315808010e+00,-5.878743734252487307e+00,2.331644101706901839e+00,8.583957573978917566e-01,8.295870911077707355e-01,5.650616218137582969e-01,4.767840060099503025e+06
-3.405282972315808010e+00,-5.878743734252487307e+00,2.331644101706901839e+00,8.583957573978917566e-01,8.295870911077707355e-01,5.650616218137582969e-01,4.767840060099503025e+06
-3.570456880409324185e+00,-5.908795421285819138e+00,2.714785223746194909e+00,1.015921983691538077e+00,1.009212093619241024e+00,6.144208380002960102e-01,4.767840060099503025e+06
-3.575840254749853564e+00,-5.908879085802024811e+00,2.717592164328278770e+00,1.016909972224653291e+00,1.010388214889350156e+00,6.150680019458073522e-01,4.767840060099503025e+06
-3.573810056296134796e+00,-5.924183312363982878e+00,2.773681707456828960e+00,9.874161877637457341e-01,9.919731465058332365e-01,6.049358303187976071e-01,4.767840060099503025e+06
-3.189314292079050261e+00,-5.998524173338521948e+00,2.767777444649934360e+00,9.731927101961737048e-01,1.056043280754628055e+00,5.904197729052638177e-01,4.767840060099503025e+06
-2.861835242552112746e+00,-6.198814236496892782e+00,2.620130539522254054e+00,8.987555567476768204e-01,1.245142975317685252e+00,6.524231072748422067e-01,4.767840060099503025e+06
-2.064755801776801292e+00,-6.063918944598734484e+00,2.495727443756046604e+00,1.376555250333560743e+00,1.479132155727963749e+00,5.660510975079263707e-01,4.767840060099503025e+06
-2.152297621035857311e+00,-6.403515378544812009e+00,2.682046338169237210e+00,1.328332592920102195e+00,1.746945610158616713e+00,5.362583772274527316e-01,4.767840060099503025e+06
-2.439380679841467892e+00,-6.008170509143203830e+00,2.362813866592238021e+00,1.709988485194798624e+00,1.699515805122898238e+00,5.006239408615549280e-01,4.767840060099503025e+06
-2.623891884827402876e+00,-5.964995352214304880e+00,2.958916343133691118e+00,1.554628740040256751e+00,1.417479515776440602e+00,4.066590171469562920e-01,4.767840060099503025e+06
-2.810284737211766082e+00,-5.916969771233016040e+00,2.636873323820205783e+00,1.433717543503188585e+00,1.252969257770531808e+00,3.764509803174708180e-01,4.767840060099503025e+06
-2.936317335187332844e+00,-5.882879545916826380e+00,2.753419389294863961e+00,1.230336316914519390e+00,1.102933605757309588e+00,5.023280096198761147e-01,4.767840060099503025e+06
-3.114572526249164142e+00,-5.720844127454359551e+00,2.266681981309290883e+00,9.925887152505004085e-01,7.035626107564156850e-01,4.574789109670062137e-01,4.767840060099503025e+06
-3.429996859663954289e+00,-6.163946212885411668e+00,2.163750978911217260e+00,8.350341202846285338e-01,1.000626043545452148e+00,4.596209643729036731e-01,4.767840060099503025e+06
-3.610323641684554108e+00,-6.117272082107866993e+00,1.500052613528935597e+00,8.143027729287583005e-01,1.006759987042297411e+00,5.122134961832824906e-01,4.767840060099503025e+06
-3.868371418168264242e+00,-6.177356911979424936e+00,1.420714334409657553e+00,8.136245493058926748e-01,1.074423258596781894e+00,5.261921529755769766e-01,4.767840060099503025e+06
-3.611658577540659110e+00,-5.999443720714142003e+00,1.786386886584745648e+00,1.076051861102932161e+00,1.045372463867643376e+00,4.220022340903251679e-01,4.767840060099503025e+06
-3.573805535914266862e+00,-6.000682036561293842e+00,1.770896676930493685e+00,1.063398384947122466e+00,1.050465945168834070e+00,4.637077572186811825e-01,4.767840060099503025e+06
-3.498094331065927154e+00,-6.079839099076164821e+00,1.774073168603650164e+00,9.688300248964848427e-01,1.020774525881208650e+00,4.094562230702698535e-01,4.767840060099503025e+06
-3.635979207254006695e+00,-6.021083178676573056e+00,1.609509227119384711e+00,1.100537911554239967e+00,1.113937377617731261e+00,4.647317038949960732e-01,4.767840060099503025e+06
-3.890602956243417232e+00,-6.110526491194525178e+00,1.634766871376023500e+00,1.139537114958494080e+00,1.212634948045390626e+00,4.317769835434921433e-01,4.767840060099503025e+06
-3.890602956243417232e+00,-6.110526491194525178e+00,1.634766871376023500e+00,1.139537114958494080e+00,1.212634948045390626e+00,4.317769835434921433e-01,4.767840060099503025e+06
-3.607242553469208968e+00,-6.036504806062099604e+00,1.780725951003652829e+00,1.087067398183536815e+00,1.125171160995886321e+00,4.698517087326003483e-01,4.767840060099503025e+06
-3.741832101700052426e+00,-6.028006316119911112e+00,1.791750226256870526e+00,1.012767563999007248e+00,1.092135351236443119e+00,5.338979884648829000e-01,4.767840060099503025e+06
-3.608275546694287961e+00,-6.041753598355849242e+00,1.783520460843162070e+00,9.330553018718834579e-01,1.062117266277946337e+00,5.702317786278615630e-01,4.767840060099503025e+06
-3.765659557481320974e+00,-6.123857990757392677e+00,1.625288521748367243e+00,9.683142242346187700e-01,1.162536666570670674e+00,5.489104803488358275e-01,4.767840060099503025e+06
-3.767546699780239372e+00,-6.112003190743401149e+00,1.586359147943461112e+00,9.803106675007711157e-01,1.165243578023826831e+00,5.482168660052783027e-01,4.767840060099503025e+06
-3.696262271336829830e+00,-6.419282407370175747e+00,1.438950481998042541e+00,7.912421528170238139e-01,1.344757004599474781e+00,5.983145790887749449e-01,4.767840060099503025e+06
-3.407378330165404812e+00,-6.242537535157683948e+00,1.468057298534273025e+00,7.852494107627912001e-01,1.133050032625194437e+00,5.500001674374732641e-01,4.767840060099503025e+06
-3.276646764793721189e+00,-5.829704591825325188e+00,1.907373942819123869e+00,8.677880615831146116e-01,8.004112299945667086e-01,5.752001350768252141e-01,4.767840060099503025e+06
-3.200964002725374513e+00,-5.819791184467368872e+00,2.116760982701422655e+00,9.650021220506723729e-01,8.748057707242721248e-01,6.041021010377153333e-01,4.767840060099503025e+06
-2.999368434267419836e+00,-5.770538778456299589e+00,2.178383815251784483e+00,1.130371616748791830e+00,9.731580697154694759e-01,5.836096506260493033e-01,4.767840060099503025e+06
-2.467549833155757710e+00,-5.996983777678718930e+00,2.049176505502861456e+00,1.160498474973042482e+00,1.120211448599459869e+00,4.199050107370784213e-01,4.767840060099503025e+06
-3.832554285369110580e+00,-5.769776847602934744e+00,1.933232127884609852e+00,1.473799839548555868e+00,1.241094101912370462e+00,5.370038908660185184e-01,4.767840060099503025e+06
-3.832554285369110580e+00,-5.769776847602934744e+00,1.933232127884609852e+00,1.473799839548555868e+00,1.241094101912370462e+00,5.370038908660185184e-01,4.767840060099503025e+06
-3.833723206310110321e+00,-5.772178468878390589e+00,1.948045790368878372e+00,1.477367979889261385e+00,1.244409774727885942e+00,5.311050385606741475e-01,4.767840060099503025e+06
-3.851993266437469199e+00,-5.787573465452722665e+00,1.886514984427769548e+00,1.354243221329142877e+00,1.176802925530033850e+00,5.643552479055347071e-01,4.767840060099503025e+06
-3.505528214343696991e+00,-6.248482822464017872e+00,2.225753341090249915e+00,1.327415103632624938e+00,1.514364016846813765e+00,4.597803655879537099e-01,4.767840060099503025e+06
-1.108753052776972226e+00,-5.781970953704692384e+00,2.245731624638624524e+00,2.146725073956118557e+00,1.625658752160735077e+00,-8.558744615978497450e-03,4.767840060099503025e+06
-1.108753052776972226e+00,-5.781970953704692384e+00,2.245731624638624524e+00,2.146725073956118557e+00,1.625658752160735077e+00,-8.558744615978497450e-03,4.767840060099503025e+06
-1.108753052776972226e+00,-5.781970953704692384e+00,2.245731624638624524e+00,2.146725073956118557e+00,1.625658752160735077e+00,-8.558744615978497450e-03,4.767840060099503025e+06
-1.108753052776972226e+00,-5.781970953704692384e+00,2.245731624638624524e+00,2.146725073956118557e+00,1.625658752160735077e+00,-8.558744615978497450e-03,4.767840060099503025e+06
-1.112612488958612422e+00,-5.851061324677107933e+00,2.306896931148807894e+00,2.137179306468875772e+00,1.676621385939426556e+00,-1.084870594408185451e-02,4.767840060099503025e+06
-1.150465975211888425e+00,-5.529513336856193284e+00,2.180130679789247239e+00,2.013673905268123399e+00,1.409350166332443921e+00,2.583123693552823452e-01,4.767840060099503025e+06
-1.082234885141594383e+00,-5.581003864439000317e+00,2.414152138963636229e+00,2.131042191095934069e+00,1.563833280001597714e+00,2.584671850991429043e-01,4.767840060099503025e+06
-1.721183472056582175e+00,-5.589049263283526692e+00,2.775341602929996654e+00,1.452318629057814281e+00,1.039040137902575323e+00,5.348297022400925194e-01,4.767840060099503025e+06
-2.172510587375417579e+00,-5.598454908377219930e+00,2.717300896697396162e+00,1.294156696906771931e+00,8.574617792355858636e-01,4.596833365666142535e-01,4.767840060099503025e+06
-2.257466429649040318e+00,-5.723974453420919595e+00,2.929896798238915245e+00,1.102639745332616439e+00,7.867179304000928575e-01,4.383112954862420918e-01,4.767840060099503025e+06
-2.127869451974435666e+00,-5.785487970271126379e+00,2.935656306001326765e+00,1.105664405698882025e+00,8.597273675722968411e-01,4.440908974973436507e-01,4.767840060099503025e+06
-2.057889000170710858e+00,-5.725753530777438094e+00,2.867569871155637884e+00,1.139756385504612002e+00,8.506510541644342061e-01,4.638286481738250755e-01,4.767840060099503025e+06
-2.055708323846514141e+00,-5.697107581727317793e+00,2.853495398081278722e+00,1.128070621714580613e+00,8.211323388183018324e-01,4.736453872230539930e-01,4.767840060099503025e+06
-1.879915078219011049e+00,-5.582553913646131960e+00,2.752297776282571107e+00,1.320168185584200682e+00,7.921531539386077458e-01,3.433892729248593234e-01,4.767840060099503025e+06
-2.032751053581344891e+00,-5.740111928221483417e+00,2.877447525150349961e+00,1.144906078151684214e+00,8.266312236085034959e-01,3.997235285237829561e-01,4.767840060099503025e+06
-2.067785589817535463e+00,-5.745150623583495708e+00,2.908271100774710405e+00,1.143835271553526711e+00,8.310506578627675500e-01,4.037636889809532725e-01,4.767840060099503025e+06
-2.067785589817535463e+00,-5.745150623583495708e+00,2.908271100774710405e+00,1.143835271553526711e+00,8.310506578627675500e-01,4.037636889809532725e-01,4.767840060099503025e+06
-2.067785589817535463e+00,-5.745150623583495708e+00,2.908271100774710405e+00,1.143835271553526711e+00,8.310506578627675500e-01,4.037636889809532725e-01,4.767840060099503025e+06
-2.440152873947010193e+00,-5.725441723045608278e+00,2.926431191413976229e+00,9.889536991925282905e-01,7.627200259983351049e-01,5.730498663071216248e-01,4.767840060099503025e+06
-2.029390022817054717e+00,-5.633079218913479735e+00,2.791195911337254199e+00,1.023812407166223348e+00,6.617725060927489578e-01,5.024458213436622245e-01,4.767840060099503025e+06
-2.113377382789276115e+00,-5.842340188063145590e+00,2.257473127226848231e+00,9.252503279261200531e-01,8.290509693991567897e-01,5.471241624908732559e-01,4.767840060099503025e+06
-2.113377382789276115e+00,-5.842340188063145590e+00,2.257473127226848231e+00,9.252503279261200531e-01,8.290509693991567897e-01,5.471241624908732559e-01,4.767840060099503025e+06
-2.062157778619361004e+00,-5.946183333632187207e+00,2.439157000547011123e+00,9.462226636837758331e-01,9.710805109327623752e-01,5.829665904137885102e-01,4.767840060099503025e+06
-2.064769239889971075e+00,-5.926063935253085724e+00,2.440974946788429190e+00,9.640798087137831818e-01,9.567508926963959048e-01,5.664452062061134940e-01,4.767840060099503025e+06
-1.990881039959098597e+00,-5.865325969534129769e+00,2.312013391213262992e+00,9.729228906439142399e-01,9.007116629430120813e-01,5.398699341417022568e-01,4.767840060099503025e+06
-2.129774847958499695e+00,-5.981387140432099514e+00,2.308736015089634108e+00,8.653473000950848704e-01,9.415716293698139783e-01,5.817378377258450861e-01,4.767840060099503025e+06
-2.830604319148711134e+00,-5.712491044975100962e+00,2.405520540695100795e+00,1.491108140473016430e+00,1.152266342227064477e+00,4.609585732401925151e-01,4.767840060099503025e+06
-2.845999314151718362e+00,-5.537753625132209478e+00,2.319771417758444088e+00,1.741863853358113445e+00,1.194618220106564044e+00,4.252987422764109571e-01,4.767840060099503025e+06
-3.267653033014426889e+00,-5.453490970502365975e+00,2.369409649442201893e+00,2.188074751938391405e+00,1.545877934555955457e+00,4.295709899432450518e-01,4.767840060099503025e+06
-3.744810284155362101e+00,-5.521296688482420834e+00,2.586904734799051031e+00,2.427239075259785217e+00,1.716847932695509504e+00,2.675421991009461209e-01,4.767840060099503025e+06
-3.676033458487578898e+00,-5.530473476273359168e+00,2.549873262537745600e+00,2.317540805032867191e+00,1.629977058920675015e+00,2.652654368100051396e-01,4.767840060099503025e+06
-3.903854157269757152e+00,-5.467311641568455727e+00,2.548508836512638265e+00,2.799338554278249624e+00,1.985796434871019089e+00,2.498122252262964249e-01,4.767840060099503025e+06
-3.157216448690896460e+00,-5.324021314071058164e+00,2.230076712758816804e+00,2.544607857126029771e+00,1.619641706517334523e+00,2.052866669430212787e-01,4.767840060099503025e+06
-3.359159547564433801e+00,-5.370108464804472348e+00,2.098025488931812621e+00,2.466156021123603548e+00,1.591464176650519535e+00,1.941981490153696921e-01,4.767840060099503025e+06
-3.441806219621688090e+00,-5.525791205979976972e+00,1.768932407691955255e+00,2.108700792602628216e+00,1.500971994661160602e+00,3.539975370450911263e-01,4.767840060099503025e+06
-3.435370329798037137e+00,-5.775861118281707896e+00,1.992089028866683265e+00,2.104278090756914743e+00,1.794196882684925720e+00,4.678160505625899024e-01,4.767840060099503025e+06
-3.563016699851514701e+00,-5.688679166906165818e+00,1.804299553695460911e+00,1.607801085531990859e+00,1.238890720294465453e+00,4.365569628492593224e-01,4.767840060099503025e+06
-3.972468186703888460e+00,-5.841413351722411385e+00,2.075153581177676898e+00,1.586650200947173905e+00,1.412367512366026867e+00,5.133000096457470685e-01,4.767840060099503025e+06
-3.719941103561555718e+00,-5.761483170867585990e+00,1.979266717291961797e+00,1.543661965874419506e+00,1.298821020531314652e+00,5.178685923226894472e-01,4.767840060099503025e+06
-3.840108963885436211e+00,-5.795633782492999764e+00,2.163854583341033866e+00,1.501421109555638900e+00,1.293431313492532375e+00,5.366026363965398227e-01,4.767840060099503025e+06
-3.718901967521714091e+00,-5.809504235702743991e+00,2.139796238071603351e+00,1.364635228952463919e+00,1.219861542504308671e+00,5.791936442623760728e-01,4.767840060099503025e+06
-3.685947924341278714e+00,-5.787609170876319986e+00,2.129051568032079178e+00,1.379835590892710240e+00,1.205998072764288498e+00,5.688914738026890072e-01,4.767840060099503025e+06
-3.780363949440533666e+00,-5.843487528341755777e+00,2.419260833901991425e+00,1.030333187333044576e+00,1.090532549103435667e+00,7.936043887793408080e-01,4.767840060099503025e+06
-3.763539393718196902e+00,-5.809314041876195489e+00,2.352119173653930861e+00,1.097528056262199181e+00,1.092588847919572892e+00,7.293233808846146804e-01,4.767840060099503025e+06
-3.498894300072171948e+00,-5.825382473060305877e+00,2.367956831063595668e+00,1.312815912798514173e+00,1.321592581506321640e+00,7.531590567379478074e-01,4.767840060099503025e+06
-3.781267969272195106e+00,-5.811396779718881689e+00,2.259863186253052270e+00,1.305271473840300622e+00,1.240271477508041453e+00,6.955853729674839059e-01,4.767840060099503025e+06
-3.753471356560583061e+00,-5.815257448203658086e+00,2.258909584619315680e+00,1.295145642332386604e+00,1.234412364684248198e+00,6.939494048998213760e-01,4.767840060099503025e+06
-3.543190361614796391e+00,-5.470800659784600839e+00,1.810425091842407852e+00,1.286005821573366292e+00,9.694613984649417260e-01,8.184842455771440539e-01,4.767840060099503025e+06
-3.491221471359915896e+00,-5.591146923389560541e+00,1.773677555176471188e+00,1.195383700019218676e+00,9.262529223573012782e-01,6.880659539132674141e-01,4.767840060099503025e+06
-3.240516076068520768e+00,-5.639538051409754615e+00,1.759148648682287153e+00,1.200054678069913061e+00,1.003778233185305124e+00,7.208903197387183104e-01,4.767840060099503025e+06
-3.346737516159794534e+00,-5.540389501739421796e+00,1.531297908888747505e+00,1.132438625198454396e+00,8.398895067381120239e-01,7.158409639205375319e-01,4.767840060099503025e+06
-3.420337574621213683e+00,-5.404357572865020387e+00,1.622688302486718470e+00,1.060415416277523004e+00,6.607762183687897473e-01,7.559682950941203350e-01,4.767840060099503025e+06
-3.624727473240026754e+00,-5.360721372823952002e+00,1.398828759358407670e+00,9.728125937036957716e-01,5.513009536482001982e-01,7.741391016837340100e-01,4.767840060099503025e+06
-3.615673284465959370e+00,-5.368871159609453159e+00,1.487340953916911790e+00,9.756365516936407190e-01,5.409030719210065064e-01,7.390173496237106843e-01,4.767840060099503025e+06
-3.501166108824545820e+00,-5.379526659108836206e+00,1.456499137417254452e+00,1.001151463898332095e+00,5.509785436046931162e-01,6.916604586379050401e-01,4.767840060099503025e+06
-3.501166108824545820e+00,-5.379526659108836206e+00,1.456499137417254452e+00,1.001151463898332095e+00,5.509785436046931162e-01,6.916604586379050401e-01,4.767840060099503025e+06
-3.507700148698416509e+00,-5.359442050770932831e+00,1.389137998616235992e+00,1.032268031693569066e+00,5.619441139994743040e-01,6.998947835747972857e-01,4.767840060099503025e+06
-3.677160220338183905e+00,-5.224965261230218871e+00,1.363953960534189935e+00,1.017799116734236842e+00,4.218093383324039714e-01,7.119476545767621234e-01,4.767840060099503025e+06
-3.702857615075957565e+00,-5.078650676573948530e+00,9.074693702396136041e-01,1.074577734562837339e+00,3.207928757064658076e-01,6.499710971688852368e-01,4.767840060099503025e+06
-3.619087915416978163e+00,-5.025639570386841726e+00,1.059564002687046091e+00,1.070686677708778234e+00,2.326418295918790680e-01,6.025748192952520288e-01,4.767840060099503025e+06
-3.524424583919970821e+00,-4.948023679778322581e+00,7.330856434031376434e-01,1.038791925376341352e+00,3.535320694698862454e-02,4.365339877417586112e-01,4.767840060099503025e+06
-3.232593609828726233e+00,-5.027836991773887654e+00,9.972844663091668949e-01,1.159804448820020317e+00,1.364218102785296205e-01,3.145181744793369427e-01,4.767840060099503025e+06
-2.980310794851454670e+00,-5.070769518424920186e+00,9.858509254060666693e-01,1.097824473563983938e+00,1.147630253571247927e-01,2.753348367550964571e-01,4.767840060099503025e+06
-2.602526206395848973e+00,-5.224080824951974122e+00,1.139440852120154668e+00,9.367433604670409864e-01,1.316508719153250961e-01,3.279578263989647025e-01,4.767840060099503025e+06
-3.028753023672837497e+00,-5.180875950070337410e+00,1.301693574474513726e+00,1.012428788165948390e+00,1.048725132022130246e-01,2.496337586264991415e-01,4.767840060099503025e+06
-3.862566249233948312e+00,-5.213350565661086122e+00,1.640457458823159520e+00,7.718033214321606827e-01,-1.370881803706669455e-02,3.818242018681112238e-01,4.767840060099503025e+06
-3.644186206233196668e+00,-5.183426548540667866e+00,1.557271151066408787e+00,7.614306144354222594e-01,-5.452621749832509135e-02,3.768991303574231178e-01,4.767840060099503025e+06
-3.557621774495569600e+00,-5.147591243156726115e+00,1.573387467985431609e+00,8.132915328529064514e-01,-5.310901794518441132e-02,3.674560907275782329e-01,4.767840060099503025e+06
-3.577512206689009044e+00,-5.228378251221017514e+00,1.539288524849605100e+00,8.400244576157178678e-01,8.795818174580449789e-02,4.227475867935892584e-01,4.767840060099503025e+06
-3.786779993084493867e+00,-5.147854912750735146e+00,1.334213945046474059e+00,9.207324750017973347e-01,-2.411609967609518179e-02,2.717909928355973781e-01,4.767840060099503025e+06
-3.278007742919798240e+00,-5.565308233347576738e+00,1.387317948228255604e+00,9.184226110350678374e-01,3.417406468386370855e-01,1.845308057438354021e-01,4.767840060099503025e+06
-2.755896085704796938e+00,-5.445810240230109400e+00,1.750924461718106562e+00,8.019601672350071819e-01,1.889499005669033616e-01,2.837978983144208711e-01,4.767840060099503025e+06
-2.306108680252480614e+00,-5.303654197691750838e+00,1.477795460884880008e+00,8.818653660233946034e-01,6.274485627662418352e-02,1.799886394647818855e-01,4.767840060099503025e+06
-2.335732747934478493e+00,-5.475609516421110712e+00,1.858987003985117736e+00,8.580649359700368572e-01,2.497234967526135718e-01,2.436143746225558071e-01,4.767840060099503025e+06
-2.163811849302499812e+00,-5.287066667205111870e+00,2.193164296266737257e+00,7.696606884686109096e-01,-7.254476836141487972e-02,2.107355554330208047e-01,4.767840060099503025e+06
-2.189784724700978735e+00,-5.271272207845703051e+00,2.393876406583643313e+00,9.806002093021579658e-01,2.422313355559724268e-01,4.469612087686794522e-01,4.767840060099503025e+06
-2.306352618069944516e+00,-5.202122776312247510e+00,2.305783750384939879e+00,1.069283482223542858e+00,2.314261190705713678e-01,4.214894360864482881e-01,4.767840060099503025e+06
-2.097325254304101882e+00,-5.062007425228868485e+00,1.995732039166290939e+00,1.242654596795128352e+00,3.097685451260352441e-01,5.079603727210006969e-01,4.767840060099503025e+06
-2.571435790917929953e+00,-4.959000413217068193e+00,1.982948762386536501e+00,1.207655200373898507e+00,1.850976519151743549e-01,5.272458936663004803e-01,4.767840060099503025e+06
-2.575531824975459738e+00,-5.164726518514728859e+00,1.909730773239405544e+00,1.134055880386752646e+00,3.057764371028354189e-01,4.919021815178689638e-01,4.767840060099503025e+06
-3.361048669345270135e+00,-4.866065388328114416e+00,1.887784613876023254e+00,1.104135744996421309e+00,-5.546724970035088464e-02,4.825358773774905963e-01,4.767840060099503025e+06
-3.366020645798059263e+00,-4.927218694094162466e+00,1.852645447950814761e+00,9.711664255169624171e-01,-7.252659090259533370e-02,5.124151898823805507e-01,4.767840060099503025e+06
-3.366020645798059263e+00,-4.927218694094162466e+00,1.852645447950814761e+00,9.711664255169624171e-01,-7.252659090259533370e-02,5.124151898823805507e-01,4.767840060099503025e+06
-3.545225618767197773e+00,-4.900506577493088045e+00,2.875506958833741411e+00,1.317522572441978346e+00,7.927914021570398040e-02,3.050329423454808397e-01,4.767840060099503025e+06
-3.002935579317867365e+00,-5.209271535928007957e+00,2.676137973168716933e+00,1.160441259503059097e+00,2.918470566604245975e-01,3.610449465507900024e-01,4.767840060099503025e+06
-2.462652252641956974e+00,-4.955087692283470346e+00,2.710581346151597071e+00,8.723754397403349348e-01,-3.481493917392961546e-01,1.767897070515794811e-01,4.767840060099503025e+06
-2.904014729348258328e+00,-5.119645700039522573e+00,2.422491849919370388e+00,9.483327832354362386e-01,-9.120754266332092852e-02,1.828417275464458147e-01,4.767840060099503025e+06
-2.168342456088518500e+00,-5.534669686438323133e+00,1.916059780470158680e+00,8.962006129588881986e-01,3.655616064809431576e-01,3.318758528967681309e-01,4.767840060099503025e+06
-1.688125755926698446e+00,-5.560115783956927515e+00,2.075021682111532595e+00,7.544251645058609457e-01,2.876809628583946732e-01,3.630272031665542354e-01,4.767840060099503025e+06
-2.129603614434421921e+00,-5.133673805921787014e+00,1.447566692011443168e+00,1.323576319684426572e+00,3.158363176999742783e-01,2.696200088251681226e-01,4.767840060099503025e+06
-1.629216066195342538e+00,-5.493668851813414022e+00,2.427923812041355323e+00,1.722047654414120554e+00,1.058760387873668440e+00,2.942548590445454026e-01,4.767840060099503025e+06
-1.751027858637748125e+00,-5.458285302380021520e+00,2.976401081514564506e+00,1.547569705179895116e+00,8.939690522932859373e-01,3.679275229452879103e-01,4.767840060099503025e+06
-2.008859143830385108e+00,-5.601860666972554803e+00,2.979079236489095006e+00,1.726418006827861618e+00,1.210430934482731979e+00,3.993964610609587185e-01,4.767840060099503025e+06
-1.913678776913313673e+00,-5.566417788618749363e+00,2.851310939637153652e+00,1.611383420436514724e+00,1.075939827627345746e+00,3.961124998185337476e-01,4.767840060099503025e+06
-1.988668972431699267e+00,-5.717620445357929349e+00,2.795823372320649369e+00,1.617033752496840560e+00,1.251023201909437610e+00,4.342173525195214268e-01,4.767840060099503025e+06
-1.964541693057594962e+00,-5.693616380366104401e+00,2.749898137793620911e+00,1.615724980208525174e+00,1.224084198118092992e+00,4.264204468963180839e-01,4.767840060099503025e+06
-1.964541693057594962e+00,-5.693616380366104401e+00,2.749898137793620911e+00,1.615724980208525174e+00,1.224084198118092992e+00,4.264204468963180839e-01,4.767840060099503025e+06
-1.919935275751284420e+00,-5.434117960391706248e+00,2.702240243734644221e+00,1.700339817135836151e+00,9.879106672711941428e-01,3.080598917849039498e-01,4.767840060099503025e+06
-1.625180429037402785e+00,-5.178170181521503324e+00,2.571011547007180820e+00,2.747331883352538640e+00,1.648882987312692006e+00,2.337173189294776132e-01,4.767840060099503025e+06
-3.811214524003125437e+00,-5.095202777368783131e+00,1.891064799465527635e+00,2.833063523190039401e+00,1.860950731456990637e+00,4.911650784895413846e-01,4.767840060099503025e+06
-3.517669749905065757e+00,-5.156397063489484900e+00,1.815288343422299722e+00,2.659767603694311422e+00,1.730280438978916369e+00,4.564515695730884115e-01,4.767840060099503025e+06
-3.038591148963913025e+00,-4.964317874240386175e+00,2.460774356209945779e+00,2.397241723531712054e+00,1.211661684683163598e+00,3.521650802582810824e-01,4.767840060099503025e+06
-3.759043683635238331e+00,-4.574127693675526629e+00,2.165305252178876483e+00,2.787488181147095290e+00,1.049624125644009531e+00,1.693912904777674922e-01,4.767840060099503025e+06
-3.370540177945181348e+00,-4.720852147344876570e+00,2.182704686686832041e+00,2.679492537339772884e+00,1.078084986843746540e+00,1.324837038169859316e-01,4.767840060099503025e+06
-2.659448624653361293e+00,-5.150175288601233525e+00,2.384938347721387686e+00,1.933250187665287001e+00,9.054853933852852199e-01,2.623870365859095610e-01,4.767840060099503025e+06
-3.118009733621533108e+00,-5.228974867071563004e+00,2.724230310121866339e+00,1.721767677897252380e+00,6.869234869173777014e-01,1.724081003165220394e-01,4.767840060099503025e+06
-2.407498830935336454e+00,-4.938523995558417923e+00,2.637535120716282933e+00,1.588545659381239927e+00,2.971536857567813605e-01,1.563186345853856962e-01,4.767840060099503025e+06
-2.098070398594447994e+00,-4.761795600909248805e+00,1.998753954742432892e+00,1.786445302728286499e+00,3.337552232735945257e-01,1.691360035376011095e-01,4.767840060099503025e+06
-1.911885854458923673e+00,-4.965073322105879150e+00,2.554701596834931809e+00,1.286538493722443999e+00,7.718212918676603529e-02,2.456758428197484134e-01,4.767840060099503025e+06
-2.407789510015280854e+00,-4.370936659600322294e+00,2.517616443173270380e+00,1.623092304474822889e+00,-2.237365472681263068e-01,2.229531950217720215e-01,4.767840060099503025e+06
-3.024115108059135970e+00,-5.060546896828969743e+00,2.132339933980684776e+00,1.570002273848847496e+00,4.625792227490667097e-01,2.602369296400343091e-01,4.767840060099503025e+06
-3.189976343476295551e+00,-4.964478436770227709e+00,2.338082630445061483e+00,1.718115233346044324e+00,4.949462377071787156e-01,2.565419872628743603e-01,4.767840060099503025e+06
-3.579808015334582816e+00,-4.913300657690638396e+00,2.480830685020813942e+00,1.961917647529369146e+00,6.874760110812031533e-01,3.082264010324059500e-01,4.767840060099503025e+06
-3.400780865804482911e+00,-4.847974658788730018e+00,2.550694255078454376e+00,1.794825087541191078e+00,4.675375960771223638e-01,3.262959142677574476e-01,4.767840060099503025e+06
-2.001855342549698769e+00,-5.210327323074096739e+00,2.444912692559392475e+00,1.689369515739812533e+00,8.390610909029340148e-01,4.427326418961605725e-01,4.767840060099503025e+06
-1.842722473479630807e+00,-5.106813707330067231e+00,2.779005030646909180e+00,1.857854699123494768e+00,8.251233199682902475e-01,3.870283650701839551e-01,4.767840060099503025e+06
-1.328757198132549000e+00,-5.002437533549542792e+00,2.611975901928834887e+00,2.572922352956098724e+00,1.329427891194655320e+00,2.178111186615185879e-01,4.767840060099503025e+06
-1.690592065926584509e+00,-5.122216693674833898e+00,2.487369336106804329e+00,2.404564934900296436e+00,1.275597144039661401e+00,1.887672396025820154e-01,4.767840060099503025e+06
-1.844592125327614074e+00,-5.168082284851626795e+00,2.329866600476131921e+00,2.278526631631363042e+00,1.220737472529617174e+00,2.147136562965832329e-01,4.767840060099503025e+06
-1.894250543782980190e+00,-5.271615659301470913e+00,2.247108008679383762e+00,2.189271528888990570e+00,1.262840343424184830e+00,2.594628968986610884e-01,4.767840060099503025e+06
-2.088665629967552562e+00,-5.355273995088987604e+00,2.145841262437051089e+00,2.211019370855273447e+00,1.361139966842805471e+00,2.208986422050676912e-01,4.767840060099503025e+06
-1.671908353582381324e+00,-5.227185769902840562e+00,1.925777514025578396e+00,2.176373970065891950e+00,1.272545986919753513e+00,3.215125396420736026e-01,4.767840060099503025e+06
-1.316163605498388067e+00,-5.153791877744235528e+00,2.038965042498066982e+00,2.514293205870818060e+00,1.544503342122446998e+00,3.818922553200599368e-01,4.767840060099503025e+06
-1.545232805000258169e+00,-5.160641030556241127e+00,2.420652441063287696e+00,2.372584808763954278e+00,1.347764833151314123e+00,2.922975553279400507e-01,4.767840060099503025e+06
-3.379202327580299592e+00,-4.635324852143312135e+00,2.228954198874122383e+00,2.870186896267270082e+00,1.116327091696069029e+00,6.672490357930060956e-02,4.767840060099503025e+06
-3.489853787036637733e+00,-4.970680541730856383e+00,1.976368932950177015e+00,2.117996741500753011e+00,8.439113792589534313e-01,1.931107649559118677e-01,4.767840060099503025e+06
-3.514730816750275988e+00,-4.603036817508661116e+00,1.969191170872716556e+00,2.124260648005270813e+00,4.100130566609747618e-01,6.768092076296450266e-02,4.767840060099503025e+06
-3.000451166544686021e+00,-4.730096737894462500e+00,1.825961980606963575e+00,1.834743293130968844e+00,3.321793826126450133e-01,1.414508708269400228e-01,4.767840060099503025e+06
-3.118276966023963759e+00,-4.804687669596974686e+00,1.736130042898637482e+00,1.711510047551346059e+00,2.836431349269724067e-01,1.052783367181968077e-01,4.767840060099503025e+06
-3.675871991805532701e+00,-4.956278221485104218e+00,1.675319844111058609e+00,1.729752721418400307e+00,4.159242401119813692e-01,2.907139334541131159e-02,4.767840060099503025e+06
-2.841768057803425229e+00,-5.133289333293939549e+00,1.796179376644214010e+00,1.643343719882265797e+00,5.241186833900167708e-01,5.941833614425651167e-02,4.767840060099503025e+06
-3.929307120311426260e+00,-4.803603662954160747e+00,1.972544788446661812e+00,2.025989572675692241e+00,5.141221314697128619e-01,-1.924046581887994822e-02,4.767840060099503025e+06
-3.891581221935139112e+00,-4.777843031250943895e+00,1.792819390220488085e+00,1.819992588956749202e+00,2.262125850555389839e-01,-1.185399693417297229e-01,4.767840060099503025e+06
-3.892987194980160659e+00,-4.914891511789994283e+00,1.727219904693545693e+00,1.785237724375309032e+00,3.830739699483152183e-01,-3.007632556582684469e-02,4.767840060099503025e+06
-3.838264686304047490e+00,-5.557714151470507957e+00,2.079211954661843276e+00,1.349494593964218669e+00,7.210468452557603491e-01,1.487063298484610496e-01,4.767840060099503025e+06
-3.429856504530575556e+00,-5.775605826869782966e+00,2.127927133303860963e+00,1.255182634073702008e+00,9.212337175702201009e-01,2.984615951558359792e-01,4.767840060099503025e+06
-3.087766660753782144e+00,-5.294030940676877073e+00,2.238567417373572788e+00,1.398999707797401237e+00,5.431524665653951756e-01,2.670490228424026169e-01,4.767840060099503025e+06
-3.397053026311849244e+00,-5.102328083749021026e+00,2.994723036253924331e+00,1.187990376674602722e+00,1.475044922361872235e-01,2.860176071392539487e-01,4.767840060099503025e+06
-3.158067805007197748e+00,-5.201359666509951296e+00,2.888779601590431678e+00,1.259562353059604511e+00,3.289123451492730332e-01,3.035511137036859264e-01,4.767840060099503025e+06
-3.128006445328511020e+00,-5.242735137380660326e+00,2.942596080529643832e+00,1.213298178382381076e+00,3.351688298937323118e-01,3.169596037751258866e-01,4.767840060099503025e+06
-3.165307183365501764e+00,-5.541794678953618991e+00,2.834164857210029531e+00,8.508042144296256160e-01,3.626683844718556204e-01,3.904863344866130181e-01,4.767840060099503025e+06
-3.694882955299565452e+00,-5.627823427635368247e+00,2.854373296935913462e+00,6.794233124250566025e-01,3.780420793824532111e-01,5.168282236151310327e-01,4.767840060099503025e+06
-3.240813479493969140e+00,-5.594005059858851325e+00,2.560835621299423437e+00,7.599150075980479757e-01,3.892698727408294701e-01,4.562693749467844340e-01,4.767840060099503025e+06
-3.221357398467456168e+00,-5.613624559670722824e+00,2.349376233547460835e+00,8.973780387292197291e-01,5.201885394849764532e-01,4.384210400862313950e-01,4.767840060099503025e+06
-3.488247209749012701e+00,-5.546240905275365840e+00,2.479099050165196161e+00,1.018674255769232095e+00,5.660703156212791853e-01,4.591635854759586466e-01,4.767840060099503025e+06
-3.300062739493985653e+00,-5.497235318509837931e+00,2.757115726568496683e+00,9.891775466277392681e-01,5.144423154839464774e-01,5.079690178643174736e-01,4.767840060099503025e+06
-3.447193119324013733e+00,-5.401251152485586182e+00,2.722332781936696922e+00,1.068383035402316938e+00,4.958929921206900460e-01,5.385379629292242898e-01,4.767840060099503025e+06
-3.447193119324013733e+00,-5.401251152485586182e+00,2.722332781936696922e+00,1.068383035402316938e+00,4.958929921206900460e-01,5.385379629292242898e-01,4.767840060099503025e+06
-3.129384415866042879e+00,-5.504790462123348327e+00,2.842425000004683788e+00,1.062711426168197137e+00,5.202627560296688713e-01,3.903627170777558830e-01,4.767840060099503025e+06
-3.165524903066447848e+00,-5.369195713189565566e+00,2.969637700572516525e+00,1.110415653617970788e+00,4.068685762526492722e-01,3.647252040558416342e-01,4.767840060099503025e+06
-3.172875728187634969e+00,-5.284313322793139811e+00,2.993322704660110745e+00,1.111245265665324888e+00,2.968521810772235536e-01,3.445265745595069706e-01,4.767840060099503025e+06
-3.172875728187634969e+00,-5.284313322793139811e+00,2.993322704660110745e+00,1.111245265665324888e+00,2.968521810772235536e-01,3.445265745595069706e-01,4.767840060099503025e+06
-2.825749276986670555e+00,-5.342576968100929413e+00,2.517149361337748026e+00,1.179873606157831212e+00,4.532411602040069543e-01,3.745706729392003220e-01,4.767840060099503025e+06
-1.741381787390738900e+00,-4.874609875247802648e+00,1.827864409311845684e+00,9.878311121793008631e-01,-1.839567045126924150e-01,3.891989715926105764e-01,4.767840060099503025e+06
-1.445510695699840031e+00,-4.734215220280471925e+00,1.678032069342032750e+00,1.012677188238469084e+00,-2.991316092850362929e-01,3.998952895118991213e-01,4.767840060099503025e+06
-2.728382757645612333e+00,-5.412946269254807596e+00,1.370309530400904086e+00,8.860388122628324314e-01,4.127452049081288266e-01,5.924295709244342678e-01,4.767840060099503025e+06
-2.401456114591743241e+00,-5.755686780456393592e+00,1.580164048652419551e+00,9.748935340755743306e-01,8.347709845905966208e-01,6.074843069754323199e-01,4.767840060099503025e+06
-2.401456114591743241e+00,-5.755686780456393592e+00,1.580164048652419551e+00,9.748935340755743306e-01,8.347709845905966208e-01,6.074843069754323199e-01,4.767840060099503025e+06
-2.930186250186923580e+00,-5.633726928855685934e+00,1.064453498125094155e+00,9.294431012990844732e-01,6.652190359869250003e-01,5.638740651186889830e-01,4.767840060099503025e+06
-2.799081602772386823e+00,-5.693448257097381671e+00,1.059944665613864245e+00,9.104827763463770873e-01,7.676042658889484782e-01,6.500657264542071267e-01,4.767840060099503025e+06
-2.977783017598594206e+00,-5.861460342350193642e+00,1.342114000462169887e+00,9.277956089549280749e-01,9.453243169420632031e-01,6.462282171010658161e-01,4.767840060099503025e+06
-2.918182021156953354e+00,-5.980760059800363848e+00,1.581000379599570627e+00,9.774937098934319835e-01,1.044703925939929112e+00,5.626843807520041096e-01,4.767840060099503025e+06
-2.698114016297672002e+00,-5.906457039465329295e+00,1.511385443329362532e+00,9.806622094844937854e-01,9.172218372539480136e-01,4.909350505382968910e-01,4.767840060099503025e+06
-1.830158221844431887e+00,-6.041687211469183083e+00,1.724744445410754778e+00,1.001598800871659645e+00,1.133141890590576351e+00,5.770601340401382284e-01,4.767840060099503025e+06
-1.240445889256948320e+00,-6.143450018680120195e+00,1.484467123826881840e+00,8.400613597293448143e-01,1.189162343747866446e+00,6.807089438374367418e-01,4.767840060099503025e+06
-1.689130131548350011e+00,-5.916143572043726095e+00,1.848258554359171635e+00,8.710719475050447969e-01,9.453140186407706924e-01,6.242178843377584885e-01,4.767840060099503025e+06
-1.677074135946820643e+00,-5.916141790596100236e+00,1.852196976776888215e+00,8.192676848713050797e-01,9.286763287873004424e-01,6.801990370097991123e-01,4.767840060099503025e+06
-1.668838351475401049e+00,-5.919729583464311773e+00,1.838203603167431144e+00,8.115278674445193241e-01,9.283705335036850359e-01,6.838655176415988635e-01,4.767840060099503025e+06
-1.187494939325386190e+00,-5.881698898452493829e+00,1.418988424274544968e+00,9.770704693469866031e-01,1.057598674411674100e+00,6.562937104256071352e-01,4.767840060099503025e+06
-1.128110374430816076e+00,-5.756669607084875295e+00,9.500454130005753228e-01,1.101970295606055528e+00,1.164405274139423740e+00,7.960705306033241113e-01,4.767840060099503025e+06
-1.339135649438477182e+00,-5.728943298954794372e+00,1.030592212842055488e+00,1.020307694327236447e+00,1.092454371995756013e+00,8.315939570731147867e-01,4.767840060099503025e+06
-1.113320359264007742e+00,-5.760271171194299988e+00,9.964983155190985098e-01,1.103598405311790875e+00,1.266498408871981063e+00,9.140381282819747266e-01,4.767840060099503025e+06
-1.167096544167608219e+00,-5.734513283388040783e+00,9.429942257240158110e-01,1.076124011927142909e+00,1.186311920567699296e+00,8.607914664644225056e-01,4.767840060099503025e+06
-1.315580991891023732e+00,-5.726357264709972306e+00,9.269997163681036323e-01,1.030017805055234881e+00,1.128983854739866732e+00,8.483188795529477133e-01,4.767840060099503025e+06
-1.242988813245446744e+00,-5.704624761865505711e+00,8.900668373547624412e-01,1.046235298281195325e+00,1.154637737945880316e+00,8.919686303982958808e-01,4.767840060099503025e+06
-1.242988813245446744e+00,-5.704624761865505711e+00,8.900668373547624412e-01,1.046235298281195325e+00,1.154637737945880316e+00,8.919686303982958808e-01,4.767840060099503025e+06
-1.242988813245446744e+00,-5.704624761865505711e+00,8.900668373547624412e-01,1.046235298281195325e+00,1.154637737945880316e+00,8.919686303982958808e-01,4.767840060099503025e+06
-1.242988813245446744e+00,-5.704624761865505711e+00,8.900668373547624412e-01,1.046235298281195325e+00,1.154637737945880316e+00,8.919686303982958808e-01,4.767840060099503025e+06
-1.242988813245446744e+00,-5.704624761865505711e+00,8.900668373547624412e-01,1.046235298281195325e+00,1.154637737945880316e+00,8.919686303982958808e-01,4.767840060099503025e+06
-1.234374456227056882e+00,-5.707656371737147794e+00,8.027308474324597043e-01,1.128580151711602975e+00,1.198956091486583997e+00,8.530282379678572058e-01,4.767840060099503025e+06
-1.078562065712765250e+00,-5.691111653454552943e+00,1.630651241645533656e+00,1.731243729573850532e+00,1.259996603820411121e+00,2.609774657390904751e-01,4.767840060099503025e+06
-9.219076234124594649e-01,-5.080251956468633701e+00,1.141979139232905061e+00,6.715582798192588632e-01,-2.033521745653871227e-01,3.828414285563180308e-01,4.767840060099503025e+06
-1.035948962881541480e+00,-5.080601000272385370e+00,1.087686741355638809e+00,7.749651192721219717e-01,-1.146503917507948334e-01,3.381594717489962987e-01,4.767840060099503025e+06
-1.034419141760678063e+00,-5.239110366260229412e+00,1.167324447772305707e+00,7.097257757602435380e-01,5.712451530590079152e-05,3.855661425397728936e-01,4.767840060099503025e+06
-8.479448425138657042e-01,-5.420209983208139626e+00,1.183595740553299303e+00,7.829366670960784536e-01,2.415446916031019631e-01,3.011277048257669509e-01,4.767840060099503025e+06
-7.150047804610810687e-01,-5.387092042835723404e+00,1.002757896538352345e+00,7.274565151516816375e-01,1.655349507052179814e-01,2.932689851457451202e-01,4.767840060099503025e+06
-1.316907666659644871e+00,-5.610332474593310970e+00,1.656292639563242242e+00,6.313210925942220886e-01,2.741602724049304607e-01,3.274465247209271124e-01,4.767840060099503025e+06
-1.323122069428759540e+00,-5.576835313005038763e+00,1.630630938021190079e+00,6.748805617280784208e-01,2.780070044922993144e-01,3.242257418008056558e-01,4.767840060099503025e+06
-1.227130275456782993e+00,-5.620780865811520144e+00,1.480588430936280009e+00,5.732279130087373220e-01,2.806232195546212171e-01,3.510635555290764209e-01,4.767840060099503025e+06
-1.061003829923921726e+00,-5.612839255116749193e+00,1.482494324652808615e+00,5.394503985089824649e-01,2.519469485332668235e-01,3.703196696337165972e-01,4.767840060099503025e+06
-1.006162936644080741e+00,-5.600736090769684594e+00,1.420524172807807073e+00,4.446784969834025603e-01,1.528244130019851266e-01,3.403483100629368652e-01,4.767840060099503025e+06
-1.006162936644080741e+00,-5.600736090769684594e+00,1.420524172807807073e+00,4.446784969834025603e-01,1.528244130019851266e-01,3.403483100629368652e-01,4.767840060099503025e+06
-1.344463300779817017e+00,-5.424912511441998042e+00,1.088287667806828507e+00,5.552578801426205635e-01,1.281524579235273631e-01,4.222975453387287637e-01,4.767840060099503025e+06
-1.270853219199369999e+00,-5.473596569746048246e+00,1.024782920478741755e+00,4.228999777892513690e-01,7.582852578704582514e-02,4.304076033822750169e-01,4.767840060099503025e+06
-1.270853219199369999e+00,-5.473596569746048246e+00,1.024782920478741755e+00,4.228999777892513690e-01,7.582852578704582514e-02,4.304076033822750169e-01,4.767840060099503025e+06
-1.270853219199369999e+00,-5.473596569746048246e+00,1.024782920478741755e+00,4.228999777892513690e-01,7.582852578704582514e-02,4.304076033822750169e-01,4.767840060099503025e+06
-1.275067833413488838e+00,-5.493120753509168175e+00,9.801249518051786680e-01,3.808512997309239090e-01,6.382393368011518575e-02,4.338310072029103459e-01,4.767840060099503025e+06
-1.275067833413488838e+00,-5.493120753509168175e+00,9.801249518051786680e-01,3.808512997309239090e-01,6.382393368011518575e-02,4.338310072029103459e-01,4.767840060099503025e+06
-1.324194417672485136e+00,-5.465106502615606487e+00,1.166305230390609404e+00,4.307527585590269492e-01,4.931585266908743159e-02,4.086842357472469933e-01,4.767840060099503025e+06
-1.314323584742178364e+00,-5.476029733800587884e+00,1.215194292167152801e+00,4.927866391638735521e-01,9.596966824123620565e-02,3.930985997723304703e-01,4.767840060099503025e+06
-1.097971578350594557e+00,-5.427109569225425645e+00,1.200023108266290883e+00,4.582085497749053826e-01,2.902168023704865263e-02,3.984605895893784111e-01,4.767840060099503025e+06
-8.387896352277186551e-01,-5.336502366214291193e+00,1.007565495991703308e+00,4.100997338890430277e-01,-1.166256638276637059e-01,3.575242314745565309e-01,4.767840060099503025e+06
-1.508191716495590917e+00,-5.315274493787682353e+00,1.030545468868469428e+00,5.113215763785028400e-01,-7.691445981333089321e-03,4.952290445909574568e-01,4.767840060099503025e+06
-1.581194783965014006e+00,-5.248206336302819963e+00,1.275963503963816414e+00,5.623775683645606538e-01,-2.262968691685740552e-02,5.336469959043066424e-01,4.767840060099503025e+06
-1.379837644134824792e+00,-5.037789844650914617e+00,1.552829744380273880e+00,6.455197384451508702e-01,-1.887152694727864954e-01,5.039962707765346384e-01,4.767840060099503025e+06
-1.008627919323669575e+00,-4.872351142324171214e+00,1.553312453855499431e+00,6.242269080886819754e-01,-3.519673191221037722e-01,5.323333587481835494e-01,4.767840060099503025e+06
-1.356138058953912262e+00,-5.008051758688190525e+00,1.529588169826078481e+00,6.887163740419591784e-01,-1.836117571740103482e-01,5.073946612149440316e-01,4.767840060099503025e+06
-1.288991268139695112e+00,-5.283008825607310222e+00,1.301105836568055896e+00,1.108832742324810994e+00,3.827578616082584206e-01,3.825886301512908538e-01,4.767840060099503025e+06
-1.161718237464070214e+00,-5.387878175533532321e+00,1.601040084641101258e+00,9.860532677408830882e-01,3.403727662773960438e-01,3.315490838978333299e-01,4.767840060099503025e+06
-1.064107539781924849e+00,-5.255588411965604223e+00,1.379666411720709807e+00,9.316304764886136347e-01,1.132414360435561873e-01,2.573736831449765505e-01,4.767840060099503025e+06
-1.369485703371341456e+00,-5.356505661456285594e+00,1.271271030841795824e+00,9.845787592398063115e-01,2.745461987736712572e-01,2.796832148491673053e-01,4.767840060099503025e+06
-2.295928398570431739e+00,-5.041500124994930943e+00,1.220459483236710829e+00,1.346050418324692854e+00,2.476712410481936022e-01,2.628472559533813757e-01,4.767840060099503025e+06
-2.013021783170648504e+00,-4.340763676496212753e+00,1.055453825220861619e+00,1.709573443952817406e+00,-1.308998819128395219e-01,2.575942104610568495e-01,4.767840060099503025e+06
-1.704553034553209168e+00,-4.774936580773188055e+00,8.818390106887947777e-01,1.747370453347041330e+00,3.599927003145438342e-01,1.774469702440007457e-01,4.767840060099503025e+06
-1.693002738960735831e+00,-4.829945773450022628e+00,9.079576877684296665e-01,1.880307949470723550e+00,5.504475671434023720e-01,1.787079124138998276e-01,4.767840060099503025e+06
-1.664961327422707082e+00,-4.812737175689459690e+00,9.769955158299323816e-01,1.879056001868157244e+00,5.029984880811970704e-01,1.621856959272534593e-01,4.767840060099503025e+06
-1.625274108664892303e+00,-4.839463149147004373e+00,9.637740563618500955e-01,1.808695073515919960e+00,4.550926227535929680e-01,1.263916938121015798e-01,4.767840060099503025e+06
-1.984002793485805549e+00,-4.842905301242875105e+00,1.011628434329557846e+00,1.724527282592737576e+00,3.567440677832766638e-01,9.710413275418997014e-02,4.767840060099503025e+06
-1.786904830407162859e+00,-4.685703243743986057e+00,8.480506215546493864e-01,1.874725319304071824e+00,3.064122382463402294e-01,-1.377771333667010545e-03,4.767840060099503025e+06
-2.120931873509453336e+00,-5.068681446566282389e+00,1.252505357172142508e+00,1.522227344546460692e+00,4.471451549170495920e-01,2.156797168794816200e-01,4.767840060099503025e+06
-2.351575830842143500e+00,-4.921245016431507580e+00,1.035701605268856795e+00,2.017836066035275877e+00,6.917413341116315229e-01,8.662437660502905756e-02,4.767840060099503025e+06
-2.691815871223318002e+00,-5.039617189991577817e+00,1.096385583145683240e+00,1.800065627460337714e+00,6.526530894146019834e-01,1.611691001106417276e-01,4.767840060099503025e+06
-2.584470414100693780e+00,-5.155506554829667465e+00,1.325660051873621015e+00,1.624996427647111163e+00,5.806272159214548312e-01,1.615100804351206065e-01,4.767840060099503025e+06
-2.356040381429806096e+00,-5.059259389778866023e+00,1.018754576097194331e+00,1.706847837353910657e+00,5.926949154669302056e-01,2.171241862823748425e-01,4.767840060099503025e+06
-2.138958991635785178e+00,-5.985416103216537387e+00,1.792493028190388138e+00,9.472363420282434721e-01,9.140988366337668980e-01,4.452671532554719480e-01,4.767840060099503025e+06
-1.936757389143630048e+00,-5.856708322859496718e+00,1.478813406915439721e+00,1.161014734172561624e+00,1.127395532303758330e+00,6.200563135621524058e-01,4.767840060099503025e+06
-1.668670336641139285e+00,-5.975305330175694429e+00,1.455784129009268568e+00,1.293959096154931210e+00,1.390774478755122168e+00,6.378958926601194790e-01,4.767840060099503025e+06
-2.329338567059725751e+00,-5.869196770809441688e+00,1.255525157995017294e+00,1.185439529320119423e+00,1.163712609781506258e+00,6.306235619394806591e-01,4.767840060099503025e+06
-2.184707463620822132e+00,-5.919713200650040363e+00,1.032210057268577508e+00,9.956631746000583760e-01,1.133660364665917575e+00,7.005588296586812147e-01,4.767840060099503025e+06
-1.803674452385677807e+00,-5.848561361132010639e+00,1.121031618868293389e+00,9.063881010957695050e-01,1.011798443072718268e+00,7.551185780682574400e-01,4.767840060099503025e+06
-2.043128281118058887e+00,-5.871474541194656283e+00,1.133260430201519231e+00,9.991470716620663994e-01,1.104812750272616828e+00,7.428484316501697826e-01,4.767840060099503025e+06
-2.168750647913333385e+00,-5.879069996724192393e+00,1.344846020146526211e+00,9.893850262726566758e-01,1.027933614410436958e+00,6.405188686216312099e-01,4.767840060099503025e+06
-1.382742372582244084e+00,-6.204274062427979075e+00,1.147688852895888623e+00,9.197680495918794108e-01,1.270849904731490287e+00,5.843766337500784225e-01,4.767840060099503025e+06
-1.851717385148482720e+00,-6.127648131836614276e+00,1.246269439099445098e+00,9.289895554003804179e-01,1.161802226213887845e+00,5.284336527605693057e-01,4.767840060099503025e+06
-1.647180525739190049e+00,-6.103258231025453284e+00,1.401955491273459087e+00,1.103352836006417093e+00,1.274861149804629834e+00,5.110348597058391729e-01,4.767840060099503025e+06
-2.025150066692540829e+00,-6.101394947002829916e+00,1.359446245022321698e+00,9.975720092284596774e-01,1.353170467282361233e+00,7.661082446280008673e-01,4.767840060099503025e+06
-2.409851279141053126e+00,-6.041023881744277624e+00,1.400882164087402071e+00,1.186580230322263674e+00,1.436789212440286567e+00,7.612054251020564655e-01,4.767840060099503025e+06
-2.114022742248899078e+00,-6.263325252810636457e+00,1.369762880754182621e+00,1.198075202998996058e+00,1.718734908569476083e+00,8.176384577556141675e-01,4.767840060099503025e+06
-1.634334995752870778e+00,-5.766208423766196134e+00,1.355762293959120068e+00,1.069196657823682894e+00,1.151879093644590402e+00,8.867947214281922674e-01,4.767840060099503025e+06
-1.706505294532611794e+00,-5.716670783764393526e+00,1.376719769918184788e+00,1.100012576401324438e+00,1.068833680012729159e+00,7.919791895933081527e-01,4.767840060099503025e+06
-1.544815491186307010e+00,-5.354086143249781493e+00,1.071359907322984473e+00,1.168893558298381041e+00,7.571978124173542879e-01,7.867964092772359308e-01,4.767840060099503025e+06
-1.048644532258893314e+00,-5.439032848739443260e+00,1.065878003853308886e+00,1.456623337880652791e+00,1.008932723083173055e+00,6.071621117695116254e-01,4.767840060099503025e+06
-1.557575305604962601e+00,-5.558495933107284515e+00,1.360027648181920679e+00,1.038448671748941843e+00,7.067183405461194834e-01,5.689136257818886433e-01,4.767840060099503025e+06
-1.230536259048128800e+00,-5.639115902702330096e+00,9.767349798606053124e-01,1.072264192649007519e+00,8.605122069086637016e-01,5.565035717975634899e-01,4.767840060099503025e+06
-1.319293915486607016e+00,-5.631866103867418261e+00,5.359907887116180936e-01,1.288094910972660267e+00,1.022787479864333271e+00,4.401348715805575851e-01,4.767840060099503025e+06
-1.026500872194464620e+00,-5.550986809633894126e+00,4.620305654117915495e-01,1.406442133686816476e+00,9.973587005380826209e-01,3.163143604362074202e-01,4.767840060099503025e+06
-1.026500872194464620e+00,-5.550986809633894126e+00,4.620305654117915495e-01,1.406442133686816476e+00,9.973587005380826209e-01,3.163143604362074202e-01,4.767840060099503025e+06
-1.198097137058632633e+00,-5.539956914316206849e+00,4.633723618706617753e-01,1.365715829006280968e+00,9.670844849300415103e-01,3.670058992033895517e-01,4.767840060099503025e+06
-1.199190583383182629e+00,-5.539263858074557234e+00,4.586883372555560223e-01,1.372263261499929055e+00,9.714953444021454665e-01,3.658774663174387820e-01,4.767840060099503025e+06
-1.280420536054589942e+00,-5.481592650582469695e+00,4.300686868462049173e-01,1.394153609468144595e+00,9.529263485187258187e-01,3.791732690299319808e-01,4.767840060099503025e+06
-1.807041636065029877e+00,-5.581322760102868763e+00,6.058823486141144965e-01,1.264964108944167887e+00,8.874054853603171589e-01,3.561729886039601278e-01,4.767840060099503025e+06
-1.427490601990997199e+00,-5.508612407783977538e+00,3.684462034118345386e-01,1.292070972184668820e+00,8.583691181801889059e-01,3.419389612566057779e-01,4.767840060099503025e+06
-1.596643999411157644e+00,-5.529104788526076675e+00,5.650472397894147347e-01,1.202740407534087730e+00,7.646126541079407701e-01,3.246997499857640079e-01,4.767840060099503025e+06
-1.715639161377573219e+00,-5.519577573689610439e+00,7.395023969907826844e-01,1.146513674203663014e+00,6.844840389340869358e-01,3.184747267412575966e-01,4.767840060099503025e+06
-1.536897041137935016e+00,-5.595469544260898154e+00,6.101399626008645605e-01,1.172806396686133734e+00,8.108094776018291983e-01,3.139037614219512551e-01,4.767840060099503025e+06
-1.536897041137935016e+00,-5.595469544260898154e+00,6.101399626008645605e-01,1.172806396686133734e+00,8.108094776018291983e-01,3.139037614219512551e-01,4.767840060099503025e+06
-1.094465532059608393e+00,-5.633262818887244450e+00,5.492674549592715394e-01,1.038333774387341535e+00,6.711071168379938445e-01,2.174717629883536063e-01,4.767840060099503025e+06
-1.256291295730263213e+00,-5.566829546206031765e+00,5.542604239386939025e-01,1.138497105006307519e+00,6.938031396834722919e-01,2.033536872619021441e-01,4.767840060099503025e+06
-1.190663567550534374e+00,-5.571499094198983926e+00,5.148071222188108642e-01,1.110787432606234360e+00,6.421251029098402618e-01,1.608139370938587165e-01,4.767840060099503025e+06
-1.448425170742428714e+00,-5.605315641060255594e+00,6.976795447563955976e-01,9.042286579661251711e-01,6.077423168650751828e-01,3.591528231561066375e-01,4.767840060099503025e+06
-1.605938411283900802e+00,-5.516546891378335538e+00,4.439335080803616940e-01,7.530525337699441879e-01,4.130429996817086558e-01,3.825253652468076915e-01,4.767840060099503025e+06
-1.605938411283900802e+00,-5.516546891378335538e+00,4.439335080803616940e-01,7.530525337699441879e-01,4.130429996817086558e-01,3.825253652468076915e-01,4.767840060099503025e+06
-1.621773693286387319e+00,-5.516730578719323930e+00,4.906176382470081032e-01,8.438282683690451202e-01,5.083358989255202243e-01,4.105914301714893577e-01,4.767840060099503025e+06
-1.447539303719953985e+00,-5.489400516354932869e+00,3.569557782875054652e-01,8.860081162768940199e-01,5.114734028759027051e-01,3.501314783955148391e-01,4.767840060099503025e+06
-1.447539303719953985e+00,-5.489400516354932869e+00,3.569557782875054652e-01,8.860081162768940199e-01,5.114734028759027051e-01,3.501314783955148391e-01,4.767840060099503025e+06
-1.590562538296162343e+00,-5.457043092907244208e+00,5.177155715417733894e-01,9.135987883560955369e-01,4.918980584142869650e-01,3.561005797457841293e-01,4.767840060099503025e+06
-1.590562538296162343e+00,-5.457043092907244208e+00,5.177155715417733894e-01,9.135987883560955369e-01,4.918980584142869650e-01,3.561005797457841293e-01,4.767840060099503025e+06
-1.725681980909561375e+00,-5.507077657423788963e+00,6.594024406213652156e-01,9.004187276811312923e-01,5.117735905435729649e-01,3.486307759166207831e-01,4.767840060099503025e+06
-2.369784039790746366e+00,-5.484369854373757569e+00,6.958194540988149601e-01,9.002631891220022053e-01,4.915519594636465484e-01,3.823475206577500174e-01,4.767840060099503025e+06
-1.803774512412818609e+00,-5.714365175565756516e+00,5.906081425749944991e-01,6.339755342697412921e-01,5.410347578618976971e-01,4.079861642403572186e-01,4.767840060099503025e+06
-8.974442189502979117e-01,-5.624289703069900170e+00,1.235231168934748824e+00,7.772730295561502967e-01,4.446242932451622831e-01,2.828032062543512359e-01,4.767840060099503025e+06
-8.534302682864587375e-01,-5.897603505124504153e+00,1.423085546989423911e+00,5.656096666242532711e-01,5.373667313580074989e-01,2.839062806445489251e-01,4.767840060099503025e+06
-8.598455950337059450e-01,-5.776575382473067677e+00,1.466965593471346363e+00,5.619807238861903587e-01,4.276722355695423694e-01,3.111525778275884280e-01,4.767840060099503025e+06
-8.645544635860908933e-01,-5.773421186495223623e+00,1.481533578176397858e+00,5.913205805202997878e-01,4.450845922639855567e-01,3.059898524556125543e-01,4.767840060099503025e+06
-8.450097086326346929e-01,-5.972095928201640369e+00,1.497994466556848758e+00,4.057670565388809547e-01,4.816648227693207107e-01,3.204811685023726819e-01,4.767840060099503025e+06
-9.394636481764897518e-01,-5.986159435203409096e+00,1.662029212607711415e+00,5.219138075004196020e-01,5.916037960173621268e-01,3.266228920500201527e-01,4.767840060099503025e+06
-8.862617374521672975e-01,-6.057929529926295409e+00,1.700455666047026249e+00,4.985072018794840520e-01,6.545093171179723335e-01,3.388619517374554801e-01,4.767840060099503025e+06
-8.727948979664146290e-01,-6.111955280313368100e+00,1.645411233502695802e+00,4.895707083305252394e-01,7.076420877725467795e-01,3.398218224944427046e-01,4.767840060099503025e+06
-9.277861454980451672e-01,-6.055519685079368664e+00,1.679879072280164642e+00,5.864396334721739823e-01,7.170652664246579544e-01,3.083973021419093019e-01,4.767840060099503025e+06
-1.212904537063876020e+00,-5.192606844224820328e+00,1.130256023239243124e+00,1.257321440330026796e+00,3.144310000790254689e-01,9.868613187712602097e-02,4.767840060099503025e+06
-1.109697140559864126e+00,-5.282676815368480661e+00,7.855288762353043186e-01,1.258144852074094766e+00,4.392136283215264947e-01,8.313932050719058386e-02,4.767840060099503025e+06
-1.105845626375217883e+00,-5.228436408907596089e+00,6.034875061672251295e-01,1.209795242819872385e+00,3.704699202197229146e-01,7.888875961096350475e-02,4.767840060099503025e+06
-1.100493914692827424e+00,-5.227687831522228379e+00,5.943638342039467837e-01,1.209668633822055694e+00,3.699757468564512375e-01,7.787942354072890927e-02,4.767840060099503025e+06
-1.190076675592785405e+00,-5.292270870155610041e+00,7.924015961194039726e-01,1.194601006456147418e+00,4.355914924973680602e-01,1.435769251077947395e-01,4.767840060099503025e+06
-1.608027644551465629e+00,-5.329843250038149627e+00,7.950149596692520637e-01,1.387705915285011748e+00,6.156504615053139950e-01,8.166667979822722634e-02,4.767840060099503025e+06
-1.256528041468321977e+00,-5.343556936875266672e+00,5.036445773537185921e-01,1.319290415433427066e+00,5.892697223078859903e-01,8.174848500666176410e-02,4.767840060099503025e+06
-1.253240267161168209e+00,-5.355045186308491800e+00,4.834087441792727091e-01,1.313751556720365476e+00,5.988689393385021598e-01,8.463387609840777870e-02,4.767840060099503025e+06
-8.861602561922716781e-01,-5.291232402031737614e+00,6.590945181800724750e-01,1.316133383379288313e+00,5.090170126844295595e-01,1.716720566098811629e-02,4.767840060099503025e+06
-1.293576240342207084e+00,-5.183332619937742081e+00,1.070676127830309188e+00,1.659120968599514523e+00,6.849299756623531410e-01,4.022600100796147604e-02,4.767840060099503025e+06
-1.029994505900564405e+00,-5.036615321194529926e+00,1.766561796157403386e+00,1.952741283890959911e+00,7.436950556694914560e-01,-6.187597351843510118e-02,4.767840060099503025e+06
-1.470098038230468918e+00,-5.102288375828694100e+00,1.785886935970641076e+00,1.976696936957253570e+00,8.195862619982385855e-01,-6.626929934214353946e-02,4.767840060099503025e+06
-2.747550902311884258e+00,-5.255233673050729415e+00,1.654802483065622276e+00,2.214888518267025042e+00,1.285522508263188701e+00,2.234680529512042546e-01,4.767840060099503025e+06
-3.517111643143573385e+00,-5.111959068961240860e+00,2.728361100000618045e+00,2.976563765164528697e+00,1.782138484852112015e+00,1.379514936721623342e-01,4.767840060099503025e+06
-2.772747581426675545e+00,-5.322764448278495486e+00,2.440817444441782946e+00,2.257811184328360810e+00,1.311781341722065841e+00,1.240460600245602146e-01,4.767840060099503025e+06
-3.327222846484263918e+00,-4.922807713372679750e+00,1.348139350519354851e+00,2.193619927139080605e+00,9.078105630076060972e-01,1.762589505357538555e-01,4.767840060099503025e+06
-3.587318841658809543e+00,-4.984061256136540052e+00,1.624361753521232243e+00,2.177814551099459095e+00,9.345891887663431152e-01,1.708137098979118917e-01,4.767840060099503025e+06
-2.783380320237307082e+00,-5.132789351166383796e+00,1.441608080222843036e+00,1.840606715839812946e+00,7.437864132732213696e-01,1.460638158958337818e-01,4.767840060099503025e+06
-2.237472788078747943e+00,-5.479086754343130750e+00,1.246534325681491584e+00,1.211479743403879095e+00,6.401834871917724268e-01,2.956979487686976493e-01,4.767840060099503025e+06
-2.212808815330946643e+00,-5.507617808414233096e+00,1.449890146349328335e+00,1.273220162600806615e+00,6.496227003362693431e-01,1.883226881039039291e-01,4.767840060099503025e+06
-1.795580324219999913e+00,-5.655892906128046072e+00,2.169063390754636611e+00,6.975660561404821713e-01,2.256215494317621584e-01,4.910006120707732791e-02,4.767840060099503025e+06
-1.040056387830370355e+00,-5.797094822356270605e+00,2.206699390992857168e+00,2.756241840428170775e-01,1.469941835495092164e-02,7.832515076234047857e-02,4.767840060099503025e+06
-1.288367460933428799e+00,-5.451603974116332907e+00,1.729578256359418864e+00,8.237208631943478965e-01,1.857241341053305073e-01,1.402560232241351068e-01,4.767840060099503025e+06
-1.356336920785770950e+00,-5.532739700337867994e+00,1.754894906838179391e+00,6.854349732793816319e-01,1.723801672525803741e-01,1.769881787518885474e-01,4.767840060099503025e+06
-1.297431148961677216e+00,-5.661341664513257044e+00,1.833444472157421679e+00,5.356720220849560121e-01,1.749880389378686563e-01,1.745312154291558115e-01,4.767840060099503025e+06
-1.304939706546852429e+00,-5.644123498303589059e+00,1.862545439599593289e+00,5.574057944881103399e-01,1.811093593617665309e-01,1.889995509321014122e-01,4.767840060099503025e+06
-1.712117472600947155e+00,-5.747386610590014655e+00,1.741831817571095842e+00,7.839978404416283464e-01,5.236449364076667390e-01,3.253397220774945087e-01,4.767840060099503025e+06
-1.665391249119004380e+00,-5.688904116005613965e+00,1.679934356155722064e+00,6.747950835429645799e-01,4.913793241179204019e-01,4.938631051364940627e-01,4.767840060099503025e+06
-1.634617094498448164e+00,-5.770543650955085369e+00,1.709876217381604002e+00,7.685174047653852147e-01,6.014253942677474374e-01,4.437100957458847694e-01,4.767840060099503025e+06
-1.271703113370695526e+00,-5.893313191407084872e+00,1.865445802279275922e+00,6.574875098240979820e-01,5.851308577124555432e-01,3.582769680829819836e-01,4.767840060099503025e+06
-1.287903024044650735e+00,-5.854861531579869549e+00,1.746656364709761489e+00,6.288967456594556360e-01,5.442817054327167003e-01,3.856266327211237410e-01,4.767840060099503025e+06
-1.279556953190528201e+00,-5.858800549693138571e+00,1.752036354010247710e+00,6.212932924001512980e-01,5.411281247041321851e-01,3.851717407698501683e-01,4.767840060099503025e+06
-1.279556953190528201e+00,-5.858800549693138571e+00,1.752036354010247710e+00,6.212932924001512980e-01,5.411281247041321851e-01,3.851717407698501683e-01,4.767840060099503025e+06
-1.257452549164773448e+00,-5.930936624128589685e+00,1.826879112226466262e+00,6.761475112722528102e-01,6.528971753361624275e-01,3.764211147905930366e-01,4.767840060099503025e+06
-1.010620871043884650e+00,-6.010004351216007734e+00,1.832904947571869281e+00,5.765639601915785173e-01,6.344968779509289059e-01,3.613645357245129919e-01,4.767840060099503025e+06
-1.430496550610700801e+00,-5.999346019828433185e+00,1.855339254462139653e+00,8.256603904910775338e-01,8.340086379388466087e-01,3.806757590787733792e-01,4.767840060099503025e+06
-1.270376689647872759e+00,-6.033882399318792444e+00,1.944595731960348406e+00,7.586581231833088301e-01,7.984557941557047789e-01,3.734746223293278766e-01,4.767840060099503025e+06
-1.303754454687199305e+00,-6.097723213391454067e+00,2.007096769720537299e+00,6.979531613552591995e-01,8.364896663817905642e-01,4.148044200801379033e-01,4.767840060099503025e+06
-1.613405546364602872e+00,-5.993928074549216944e+00,1.873236139089273111e+00,7.762955238662894164e-01,8.222161640280635231e-01,4.483738272683389092e-01,4.767840060099503025e+06
-1.734813693912994115e+00,-5.764344936254171436e+00,1.517682562314450090e+00,8.031346398016452337e-01,5.469660209878184354e-01,3.494593018898156656e-01,4.767840060099503025e+06
-1.576171960777529080e+00,-5.802472140397388678e+00,1.672439014519460532e+00,6.260946271513613270e-01,4.121561649407947669e-01,3.062711541687320183e-01,4.767840060099503025e+06
-1.629220847209250422e+00,-5.724416157109659231e+00,2.012645970400611439e+00,6.353796576506689497e-01,3.203318329833804157e-01,2.704608562362125768e-01,4.767840060099503025e+06
-1.621136438985105954e+00,-5.624448178211945759e+00,1.851427727116176536e+00,7.917036916144095660e-01,3.997692936939368780e-01,3.158222908587960953e-01,4.767840060099503025e+06
-2.287638839330028873e+00,-5.758391315912746222e+00,2.177037489999428921e+00,7.190339986339588929e-01,5.062755044107029034e-01,3.995535204343642066e-01,4.767840060099503025e+06
-1.525573450303900014e+00,-5.842084534297082854e+00,1.826368231338306058e+00,5.779889324039122478e-01,4.734890732598191487e-01,3.933618708934275565e-01,4.767840060099503025e+06
-1.553566433881914399e+00,-5.877450366534776371e+00,1.663160111713188893e+00,6.457703821733692395e-01,5.685762389319972687e-01,3.719597538412563464e-01,4.767840060099503025e+06
-1.123872452856140569e+00,-5.844011237534211034e+00,1.704398693261694797e+00,6.682447950233820766e-01,5.373097758590387185e-01,3.485805123111452852e-01,4.767840060099503025e+06
-1.578193439475213733e+00,-5.811308753036278141e+00,1.455559961946818248e+00,8.858099480533561110e-01,7.196445038246804815e-01,3.737984522660894871e-01,4.767840060099503025e+06
-1.948733314744961920e+00,-5.863056966821331706e+00,1.277810780053797446e+00,6.236565914078049389e-01,6.326509427477866598e-01,5.279981602885239766e-01,4.767840060099503025e+06
-1.613695706502865201e+00,-6.090983038736085931e+00,1.571005021784449562e+00,7.830628200534051064e-01,9.153893155293528761e-01,4.088315247512919748e-01,4.767840060099503025e+06
-1.417278588834040232e+00,-5.898756090793078499e+00,1.472847326162189274e+00,8.466538020441264356e-01,7.856857771976173410e-01,3.869002202993125916e-01,4.767840060099503025e+06
-1.535034829483445940e+00,-5.936540112841728778e+00,1.792960370780277257e+00,7.183973471660103360e-01,6.874034731295639578e-01,3.529415994906191512e-01,4.767840060099503025e+06
-1.610796771959128515e+00,-5.857804908608755134e+00,1.287178963572338519e+00,8.802318996094189441e-01,7.608642047796727592e-01,3.765232236513571529e-01,4.767840060099503025e+06
-1.817644004513113698e+00,-5.744642970058130516e+00,1.577681554985852275e+00,7.945884483977566637e-01,6.006964413691628923e-01,4.456475846822151587e-01,4.767840060099503025e+06
-1.284431038211940379e+00,-5.780822588717273725e+00,1.713156011253945898e+00,7.038671771955000711e-01,5.175781299781715417e-01,3.627514543129726765e-01,4.767840060099503025e+06
-1.508096284404566001e+00,-5.837913444411600317e+00,1.559860515903657152e+00,5.911379373662681846e-01,5.349967544880506187e-01,4.671932503553131166e-01,4.767840060099503025e+06
-1.640455320339919032e+00,-6.193458569869043195e+00,1.396274224529069130e+00,4.747666222437528227e-01,7.550956310391168103e-01,3.713402107424251808e-01,4.767840060099503025e+06
-1.758837397947487169e+00,-5.686164953496376739e+00,2.069302751595473833e+00,8.191690102008806207e-01,5.212777317930177290e-01,4.119169886546129589e-01,4.767840060099503025e+06
-1.508545961601784224e+00,-5.834943153045963449e+00,1.896591529322634750e+00,8.870002670966187219e-01,7.591818499436797651e-01,4.529372762406418396e-01,4.767840060099503025e+06
-1.366359466675480583e+00,-5.819636464471750870e+00,1.880469460129174708e+00,8.245275688866351427e-01,7.132498380553106143e-01,4.861882576140396650e-01,4.767840060099503025e+06
-1.534000494749164556e+00,-5.848040604804364939e+00,2.004932358856089003e+00,6.950685270697938289e-01,5.941257922497704680e-01,4.412519060067063847e-01,4.767840060099503025e+06
-3.499141808715418023e-01,-6.263287319502472528e+00,2.298611078202203117e+00,6.557789172300985125e-01,8.108441817475156022e-01,2.083713459596526762e-01,4.767840060099503025e+06
-3.499141808715418023e-01,-6.263287319502472528e+00,2.298611078202203117e+00,6.557789172300985125e-01,8.108441817475156022e-01,2.083713459596526762e-01,4.767840060099503025e+06
-3.499141808715418023e-01,-6.263287319502472528e+00,2.298611078202203117e+00,6.557789172300985125e-01,8.108441817475156022e-01,2.083713459596526762e-01,4.767840060099503025e+06
-3.499141808715418023e-01,-6.263287319502472528e+00,2.298611078202203117e+00,6.557789172300985125e-01,8.108441817475156022e-01,2.083713459596526762e-01,4.767840060099503025e+06
-3.499141808715418023e-01,-6.263287319502472528e+00,2.298611078202203117e+00,6.557789172300985125e-01,8.108441817475156022e-01,2.083713459596526762e-01,4.767840060099503025e+06
-3.499141808715418023e-01,-6.263287319502472528e+00,2.298611078202203117e+00,6.557789172300985125e-01,8.108441817475156022e-01,2.083713459596526762e-01,4.767840060099503025e+06
-3.499141808715418023e-01,-6.263287319502472528e+00,2.298611078202203117e+00,6.557789172300985125e-01,8.108441817475156022e-01,2.083713459596526762e-01,4.767840060099503025e+06
-3.499141808715418023e-01,-6.263287319502472528e+00,2.298611078202203117e+00,6.557789172300985125e-01,8.108441817475156022e-01,2.083713459596526762e-01,4.767840060099503025e+06
-3.499141808715418023e-01,-6.263287319502472528e+00,2.298611078202203117e+00,6.557789172300985125e-01,8.108441817475156022e-01,2.083713459596526762e-01,4.767840060099503025e+06
-3.499141808715418023e-01,-6.263287319502472528e+00,2.298611078202203117e+00,6.557789172300985125e-01,8.108441817475156022e-01,2.083713459596526762e-01,4.767840060099503025e+06
-3.499141808715418023e-01,-6.263287319502472528e+00,2.298611078202203117e+00,6.557789172300985125e-01,8.108441817475156022e-01,2.083713459596526762e-01,4.767840060099503025e+06
-3.499141808715418023e-01,-6.263287319502472528e+00,2.298611078202203117e+00,6.557789172300985125e-01,8.108441817475156022e-01,2.083713459596526762e-01,4.767840060099503025e+06
-3.499141808715418023e-01,-6.263287319502472528e+00,2.298611078202203117e+00,6.557789172300985125e-01,8.108441817475156022e-01,2.083713459596526762e-01,4.767840060099503025e+06
-3.499141808715418023e-01,-6.263287319502472528e+00,2.298611078202203117e+00,6.557789172300985125e-01,8.108441817475156022e-01,2.083713459596526762e-01,4.767840060099503025e+06
-3.499141808715418023e-01,-6.263287319502472528e+00,2.298611078202203117e+00,6.557789172300985125e-01,8.108441817475156022e-01,2.083713459596526762e-01,4.767840060099503025e+06
-3.499141808715418023e-01,-6.263287319502472528e+00,2.298611078202203117e+00,6.557789172300985125e-01,8.108441817475156022e-01,2.083713459596526762e-01,4.767840060099503025e+06
-3.499141808715418023e-01,-6.263287319502472528e+00,2.298611078202203117e+00,6.557789172300985125e-01,8.108441817475156022e-01,2.083713459596526762e-01,4.767840060099503025e+06
-3.499141808715418023e-01,-6.263287319502472528e+00,2.298611078202203117e+00,6.557789172300985125e-01,8.108441817475156022e-01,2.083713459596526762e-01,4.767840060099503025e+06
-3.499141808715418023e-01,-6.263287319502472528e+00,2.298611078202203117e+00,6.557789172300985125e-01,8.108441817475156022e-01,2.083713459596526762e-01,4.767840060099503025e+06
-3.499141808715418023e-01,-6.263287319502472528e+00,2.298611078202203117e+00,6.557789172300985125e-01,8.108441817475156022e-01,2.083713459596526762e-01,4.767840060099503025e+06
-1.281079869976043950e+00,-5.928318170141890775e+00,2.452788961431711545e+00,1.636599074550030952e+00,1.633289475707667693e+00,6.264480039119295629e-01,4.767840060099503025e+06
-1.655013865374274307e+00,-5.192125000586477412e+00,2.010613933891741034e+00,2.184845696093601131e+00,1.273001944113415274e+00,3.951136667070995756e-01,4.767840060099503025e+06
-1.713083276189129922e+00,-4.981432562190966529e+00,1.759953402948380319e+00,1.929591648425658779e+00,8.963986584010448233e-01,5.140176733618478933e-01,4.767840060099503025e+06
-1.887833354692487919e+00,-4.807695310935640620e+00,1.705720108946967128e+00,2.017462637354896060e+00,8.616233125043433194e-01,6.109815728466311269e-01,4.767840060099503025e+06
-1.994023706799757711e+00,-4.817132636281336033e+00,1.621990516120752623e+00,2.046379228608834477e+00,9.316860182245847444e-01,6.638010446905802109e-01,4.767840060099503025e+06
-1.521397116893571377e+00,-4.612774903216087630e+00,1.371027738823200615e+00,1.737899032161271506e+00,4.906696741883649349e-01,7.403268362580767148e-01,4.767840060099503025e+06
-1.492529255343858274e+00,-4.647456341889936837e+00,1.411273797472013314e+00,1.695603636713243212e+00,4.686861133609998564e-01,7.084205158592427054e-01,4.767840060099503025e+06
-1.492529255343858274e+00,-4.647456341889936837e+00,1.411273797472013314e+00,1.695603636713243212e+00,4.686861133609998564e-01,7.084205158592427054e-01,4.767840060099503025e+06
-1.969688012100539565e+00,-5.223932310286767411e+00,1.960366711906668336e+00,1.906647005756024083e+00,1.131408248491433621e+00,5.602812293340502237e-01,4.767840060099503025e+06
-2.431396367220744814e+00,-5.472814251709483102e+00,1.449660907844379842e+00,1.941301994704966338e+00,1.482685888026451959e+00,6.437552976435245711e-01,4.767840060099503025e+06
-2.748183409563190960e+00,-5.448576662253783454e+00,1.339075253530985332e+00,2.035231554673020415e+00,1.645329328735698038e+00,7.677612557201933807e-01,4.767840060099503025e+06
-2.748183409563190960e+00,-5.448576662253783454e+00,1.339075253530985332e+00,2.035231554673020415e+00,1.645329328735698038e+00,7.677612557201933807e-01,4.767840060099503025e+06
-2.748183409563190960e+00,-5.448576662253783454e+00,1.339075253530985332e+00,2.035231554673020415e+00,1.645329328735698038e+00,7.677612557201933807e-01,4.767840060099503025e+06
-2.743523286129752492e+00,-5.399420011924924268e+00,1.360081590631465609e+00,2.063643837578631679e+00,1.554374613426744878e+00,6.597789174060133544e-01,4.767840060099503025e+06
-2.821786538791689392e+00,-5.233673676314280598e+00,1.496508200541221356e+00,2.355805679071667491e+00,1.665082191950929102e+00,6.762103256220575176e-01,4.767840060099503025e+06
-2.819371431952548246e+00,-5.256902781082682274e+00,1.472189397839937186e+00,2.309693252626493276e+00,1.641240756514977583e+00,6.679882399719068165e-01,4.767840060099503025e+06
-2.068212801263079825e+00,-5.198465889396009842e+00,1.610562673146764823e+00,1.905242950891493425e+00,1.105599583839785627e+00,5.387865855839062412e-01,4.767840060099503025e+06
-2.054134858985253942e+00,-5.204560251764760892e+00,1.632960645214436513e+00,1.922022608502191865e+00,1.127360211557274283e+00,5.423176451244132723e-01,4.767840060099503025e+06
-2.252292019171280302e+00,-5.350480939649869150e+00,1.754298663098216027e+00,1.742223215751649068e+00,1.108426335169015786e+00,5.505949958575253600e-01,4.767840060099503025e+06
-1.876721486496064184e+00,-5.181612300786245129e+00,1.711456925961994724e+00,1.961330193276209499e+00,1.185927568382102892e+00,6.302125946896374176e-01,4.767840060099503025e+06
-1.810313682172741023e+00,-5.207994689896843887e+00,1.695294134196340341e+00,1.919130520806747509e+00,1.190926975594966741e+00,6.574770904667228688e-01,4.767840060099503025e+06
-1.783973907577253604e+00,-5.250568069477774102e+00,1.834924304570765496e+00,1.922505367255455289e+00,1.176445237470152616e+00,5.605782805031059857e-01,4.767840060099503025e+06
-1.783973907577253604e+00,-5.250568069477774102e+00,1.834924304570765496e+00,1.922505367255455289e+00,1.176445237470152616e+00,5.605782805031059857e-01,4.767840060099503025e+06
-1.783973907577253604e+00,-5.250568069477774102e+00,1.834924304570765496e+00,1.922505367255455289e+00,1.176445237470152616e+00,5.605782805031059857e-01,4.767840060099503025e+06
-1.774661865742948041e+00,-5.570854336644700311e+00,1.521683053011740006e+00,1.523933453367699586e+00,1.189903781855544018e+00,6.659939790574596064e-01,4.767840060099503025e+06
-2.000995986170512442e+00,-5.409903544689561805e+00,1.564344475666953782e+00,1.699253934603956129e+00,1.118154817622375230e+00,5.328808333174992473e-01,4.767840060099503025e+06
-1.042236538378730870e+00,-5.324177025656537054e+00,1.202207657653281858e+00,1.407213019491235784e+00,6.967327888116121581e-01,4.056076417030474168e-01,4.767840060099503025e+06
-1.968966233805779176e+00,-5.399414381197308543e+00,1.041431158871015228e+00,1.316900706345932370e+00,7.387910139795856868e-01,4.736630263435482879e-01,4.767840060099503025e+06
-2.052095999359296208e+00,-5.391216124257247166e+00,1.006689837023366119e+00,1.246699073135723479e+00,7.278078558326579461e-01,5.838480651535089549e-01,4.767840060099503025e+06
-2.172085632456578708e+00,-5.346866836905521225e+00,1.063759263858819804e+00,1.242336766272316373e+00,6.691414092570433514e-01,5.699499735089963437e-01,4.767840060099503025e+06
-2.291212990436772401e+00,-5.358973816307964100e+00,1.021799364332687698e+00,1.281847657922409622e+00,7.411645610891169911e-01,6.063753748394709042e-01,4.767840060099503025e+06
-2.254274732297622652e+00,-5.497208583259322268e+00,1.148542729551999875e+00,1.312863644121470053e+00,9.476921888735817534e-01,6.790122881380574738e-01,4.767840060099503025e+06
-2.229738331237272497e+00,-5.569482519816249422e+00,1.065327277466394662e+00,1.143558374421746127e+00,8.686616594360172527e-01,6.756734825254635535e-01,4.767840060099503025e+06
-2.195349183881817545e+00,-5.555092649278839723e+00,1.002873375441481807e+00,1.129062114962905206e+00,8.572027009665998953e-01,6.953899647306189813e-01,4.767840060099503025e+06
-2.260818486507182978e+00,-5.555046459260208458e+00,1.146978308877420805e+00,1.114263032633556305e+00,8.220766163150534656e-01,6.672689374527724926e-01,4.767840060099503025e+06
-2.191455057477109669e+00,-5.532779066321966255e+00,1.192385025521294217e+00,1.114553087012758015e+00,8.116176055793704602e-01,6.834028703830332674e-01,4.767840060099503025e+06
-2.571209300562902200e+00,-5.471395646307503746e+00,1.272124759239777303e+00,1.116518241040755699e+00,7.066184976244579419e-01,6.355657559468097517e-01,4.767840060099503025e+06
-2.569163175948284028e+00,-5.458772332733138555e+00,1.339470505919275300e+00,1.094581578437882952e+00,6.711556727375813658e-01,6.450747733228756609e-01,4.767840060099503025e+06
-2.569163175948284028e+00,-5.458772332733138555e+00,1.339470505919275300e+00,1.094581578437882952e+00,6.711556727375813658e-01,6.450747733228756609e-01,4.767840060099503025e+06
-2.479472277169308292e+00,-5.390602622769895547e+00,1.321393152557364337e+00,1.181859380284346006e+00,6.461950088268477721e-01,5.761769205224376300e-01,4.767840060099503025e+06
-2.076074061090964928e+00,-5.240819434591254655e+00,1.127170551022179668e+00,1.359579023179412705e+00,6.524127512163777620e-01,5.489045349594408041e-01,4.767840060099503025e+06
-2.020781032084271622e+00,-5.222301855935802095e+00,1.094948137537008925e+00,1.375474581831997112e+00,6.567254178322572411e-01,5.600324266561085285e-01,4.767840060099503025e+06
-2.031758032238841771e+00,-5.217551581316834941e+00,1.100534110918515385e+00,1.371484196649879639e+00,6.426872980356058696e-01,5.499846432198811641e-01,4.767840060099503025e+06
-2.005211050032152276e+00,-5.244910658699817319e+00,1.077554562231404667e+00,1.379228439537874218e+00,6.987578813566733826e-01,5.871186198256708177e-01,4.767840060099503025e+06
-1.859683293407568883e+00,-5.310520478405880596e+00,1.066989996072962077e+00,1.306359176331306937e+00,7.587800418185594031e-01,6.895972235645917436e-01,4.767840060099503025e+06
-2.534296445612795878e+00,-5.372700698862917790e+00,1.137294945588049888e+00,1.413467589112892497e+00,8.724879479310807540e-01,6.310639094624226342e-01,4.767840060099503025e+06
-2.571198223783732750e+00,-5.471701582506634409e+00,9.695443649890086446e-01,1.452860964537009858e+00,1.026908463204406319e+00,6.282016694009597835e-01,4.767840060099503025e+06
-2.960719750159617636e+00,-5.504758895799861662e+00,1.400026965684000313e+00,1.345968239550944023e+00,9.566968072272205026e-01,6.591241014383925068e-01,4.767840060099503025e+06
-2.864415897599362992e+00,-5.315360107687173041e+00,1.293625915019609218e+00,1.279973887296517399e+00,7.327398689062449844e-01,6.810625581028104669e-01,4.767840060099503025e+06
-3.184460065728378364e+00,-5.496471986597170734e+00,1.574320671312183340e+00,1.313387531018486598e+00,9.001662007020229117e-01,6.221033871784938940e-01,4.767840060099503025e+06
-3.558657653221270589e+00,-5.578031889572324431e+00,1.725743617127404539e+00,1.373751491926493262e+00,1.025139346020162101e+00,6.120699597180929707e-01,4.767840060099503025e+06
-3.892871111360764580e+00,-5.556486872945741951e+00,1.422087315469597657e+00,1.321839103724188780e+00,9.535971391658875085e-01,6.034971623906862925e-01,4.767840060099503025e+06
-3.892871111360764580e+00,-5.556486872945741951e+00,1.422087315469597657e+00,1.321839103724188780e+00,9.535971391658875085e-01,6.034971623906862925e-01,4.767840060099503025e+06
-3.825348474670567711e+00,-5.552828924230981400e+00,1.360961448204727864e+00,1.300767199770700433e+00,9.402699145846977746e-01,6.161438427309506860e-01,4.767840060099503025e+06
-3.631746959682600639e+00,-5.720964509230665129e+00,1.578551398038923193e+00,1.016847456970250363e+00,8.529742673996798530e-01,6.209645389592467479e-01,4.767840060099503025e+06
-3.135977820346849576e+00,-5.683993886092794767e+00,1.690529018195154665e+00,1.190571653420539278e+00,9.014683021226955750e-01,5.166519658758323974e-01,4.767840060099503025e+06
-2.835853625142516599e+00,-5.524182398674607697e+00,9.066106990775337771e-01,1.339644642305600764e+00,8.570392482257278566e-01,4.616023229998232891e-01,4.767840060099503025e+06
-2.780277000958222722e+00,-5.498379059330792629e+00,1.009694662581871683e+00,1.336894787274661489e+00,8.459453393070205385e-01,4.896605057663065419e-01,4.767840060099503025e+06
-2.315880307191565457e+00,-5.575096096899100573e+00,1.365180567385252175e+00,1.056533587692684240e+00,7.055466473399116811e-01,5.425948781884748495e-01,4.767840060099503025e+06
-3.087604435925720203e+00,-5.571525674222549185e+00,1.010809838418162077e+00,1.121817464959236732e+00,7.673193792149601844e-01,5.574626969105958008e-01,4.767840060099503025e+06
-2.981503896862014003e+00,-5.516116845749991171e+00,1.069301994125228195e+00,1.199537935483045104e+00,7.634208568084938085e-01,5.280216801748554012e-01,4.767840060099503025e+06
-3.032346610555485267e+00,-5.574540196981516260e+00,1.022733451919071168e+00,1.114177953207696081e+00,7.647470869244066272e-01,5.596176214375463420e-01,4.767840060099503025e+06
-3.425870444640435331e+00,-5.728242447916224833e+00,1.507879199236243251e+00,9.497107858501566691e-01,7.727310470624929595e-01,5.783988981908146920e-01,4.767840060099503025e+06
-3.730491067944783801e+00,-5.771148841888674497e+00,1.562544135670984158e+00,7.965441025433086519e-01,7.769096569977099742e-01,7.036838350530676411e-01,4.767840060099503025e+06
-3.825244294353647767e+00,-5.761234292681338687e+00,1.545500560014036573e+00,9.601151703889272415e-01,9.562704712756912029e-01,7.708326876087914226e-01,4.767840060099503025e+06
-3.970940623067716668e+00,-5.779274792470371125e+00,1.304806055675323817e+00,9.568733568050691307e-01,1.017055331186234257e+00,8.327830196085499459e-01,4.767840060099503025e+06
-3.616751317085872941e+00,-5.728879661263615475e+00,1.376946904813234340e+00,1.034610657607442086e+00,9.870768286147499904e-01,7.594173036284246336e-01,4.767840060099503025e+06
-3.551935331715327937e+00,-5.745021108465024895e+00,1.409061624911353006e+00,1.021258965026837107e+00,9.807616910532741539e-01,7.521309653135281881e-01,4.767840060099503025e+06
-2.682013637250555860e+00,-5.913884973866661454e+00,1.679760014139740854e+00,5.866567409182631421e-01,7.271969732836295330e-01,6.729981265351961950e-01,4.767840060099503025e+06
-2.899107146173744987e+00,-5.800322432857608845e+00,1.752939276388273626e+00,6.259266052171109651e-01,6.746918140864339719e-01,7.057808072535137756e-01,4.767840060099503025e+06
-3.344706591742824031e+00,-5.871358932036105926e+00,1.887195557927109135e+00,6.483025114490299501e-01,7.963370608761374259e-01,7.535457120982729240e-01,4.767840060099503025e+06
-3.869696234133663371e+00,-6.212688903585719125e+00,2.253095087535180951e+00,7.304046361716040048e-01,1.255042908458306128e+00,8.353175157960719410e-01,4.767840060099503025e+06
-3.613722727666682566e+00,-6.142344264539790544e+00,2.269840764488721518e+00,7.338085083705975231e-01,1.110610821179572660e+00,7.118269395811946954e-01,4.767840060099503025e+06
-3.016648167140222547e+00,-6.030963575562219958e+00,2.828916487134745861e+00,9.153775856157015944e-01,1.104825031952436643e+00,6.852763029068669187e-01,4.767840060099503025e+06
-2.903207155923608340e+00,-5.943561856346599725e+00,2.743665431700993196e+00,9.168459086597237073e-01,9.974891119871561740e-01,6.494209868931271057e-01,4.767840060099503025e+06
-2.784449201840133448e+00,-5.940231345829996457e+00,2.754064079126704812e+00,8.118051238243851886e-01,8.633184474879710413e-01,6.117516564285541136e-01,4.767840060099503025e+06
-2.721951970069466320e+00,-5.931652655135613017e+00,2.672688565037227626e+00,8.044318472538584119e-01,8.520510780418781849e-01,6.090711149444241190e-01,4.767840060099503025e+06
-2.761991920729396366e+00,-5.924394485725533066e+00,2.528565250475004689e+00,7.811103808478055965e-01,8.079084226420838455e-01,5.681601827008821992e-01,4.767840060099503025e+06
-2.638842708340821908e+00,-6.009565911445214681e+00,2.672179611392510257e+00,6.987926397419547131e-01,8.199269475241300897e-01,5.845392130742206316e-01,4.767840060099503025e+06
-2.801104686143181421e+00,-5.893767371209432504e+00,2.383896833057489673e+00,7.920469748021657930e-01,7.738518203560373898e-01,5.828870597042122847e-01,4.767840060099503025e+06
-3.140486184371451994e+00,-5.938726895052425903e+00,2.254759547982105428e+00,6.948754883701523388e-01,8.031796278895915187e-01,6.565919933497706973e-01,4.767840060099503025e+06
-3.348817998301711452e+00,-5.939129336582659846e+00,2.410745451835296205e+00,6.155525950820690539e-01,7.483204428135947772e-01,6.400828045110598108e-01,4.767840060099503025e+06
-3.399875957232302071e+00,-5.884625671158255855e+00,2.426512471162821427e+00,7.405606848505530415e-01,7.939890339187938295e-01,6.356243335585438636e-01,4.767840060099503025e+06
-3.440710280656948505e+00,-5.917777174821397423e+00,2.450821198552660007e+00,6.623414354704975082e-01,7.626465537549761420e-01,6.362271972949219423e-01,4.767840060099503025e+06
-2.832447928182515895e+00,-5.941452661370704824e+00,2.277481337297137642e+00,7.308197583241450301e-01,8.222346490540868302e-01,5.871267967618414296e-01,4.767840060099503025e+06
-3.348062510081269316e+00,-6.165798921492370077e+00,2.011760343444284338e+00,5.237027006446439703e-01,1.034877271826069034e+00,7.888249643833794567e-01,4.767840060099503025e+06
-3.942212024082667021e+00,-6.138428372669461730e+00,1.914753009295225405e+00,5.261365396855366416e-01,1.045390742897495784e+00,8.509098256404494798e-01,4.767840060099503025e+06
-3.437061059767767546e+00,-6.253896232719938553e+00,2.070029151503605558e+00,7.279343850976913721e-01,1.289982261381670270e+00,8.072244788303541974e-01,4.767840060099503025e+06
-3.088593465626002565e+00,-6.230053375103542734e+00,1.970825412368834684e+00,7.086455843396225474e-01,1.295406105706761846e+00,8.552279877421212761e-01,4.767840060099503025e+06
-2.918330577029090822e+00,-6.112485705914001421e+00,1.840584474282592975e+00,6.896991237010637876e-01,1.202052808371567583e+00,8.977829242679934429e-01,4.767840060099503025e+06
-1.581614185112762305e+00,-5.413277060452950984e+00,1.580667568605936602e+00,1.931805164586532175e+00,1.079405862843745734e+00,3.148632473803025800e-02,4.767840060099503025e+06
-2.231598708988108193e+00,-5.020243328339962119e+00,9.697524163970816513e-01,2.139680821723791482e+00,9.348571152259701478e-01,8.800328077350627609e-02,4.767840060099503025e+06
-2.744219831167977741e+00,-5.421358605107243100e+00,1.737873324412870568e+00,2.183744937612503101e+00,1.417229888905228830e+00,3.081514468026518294e-01,4.767840060099503025e+06
-3.141207047092081872e+00,-4.900064142499739539e+00,1.014517420402171188e+00,2.011532933851118976e+00,8.244415317793020170e-01,3.701131334553194319e-01,4.767840060099503025e+06
-3.748513342989051367e+00,-4.826342218370998083e+00,6.232414580321828934e-01,2.668867758490474085e+00,1.337777805213539173e+00,2.579952894122240492e-01,4.767840060099503025e+06
-3.468405460981080601e+00,-4.864958507342787897e+00,8.364748866549793771e-01,2.495077234521583698e+00,1.223012286006560867e+00,2.684189795714198579e-01,4.767840060099503025e+06
-3.735775749633501341e+00,-4.832880751793785734e+00,6.707467753126734600e-01,2.668419805584165694e+00,1.354972845421805960e+00,2.592942499110300059e-01,4.767840060099503025e+06
-3.965262780418975730e+00,-4.873558802101052301e+00,6.864005067251365277e-01,2.667983159191592790e+00,1.392463116363794384e+00,2.601282267048993790e-01,4.767840060099503025e+06
-3.533544768113895174e+00,-5.129304622093687094e+00,9.047263629567545706e-01,2.340940679008749914e+00,1.385226492784687125e+00,3.422952380665671424e-01,4.767840060099503025e+06
-3.954888146781148528e+00,-5.018739255525517251e+00,6.450556402404534762e-01,2.546707955070584450e+00,1.515198055609679351e+00,4.124279999475631842e-01,4.767840060099503025e+06
-3.954888146781148528e+00,-5.018739255525517251e+00,6.450556402404534762e-01,2.546707955070584450e+00,1.515198055609679351e+00,4.124279999475631842e-01,4.767840060099503025e+06
-3.781690868940002836e+00,-5.148603335507706547e+00,5.842353070634631607e-01,2.346406061023449396e+00,1.477140470884751533e+00,4.026376227964084120e-01,4.767840060099503025e+06
-3.584081525755629549e+00,-5.118965942893287213e+00,7.249037485382867629e-01,2.263127573376209511e+00,1.362407298628054209e+00,4.168082333273295248e-01,4.767840060099503025e+06
-3.773969563104878411e+00,-5.126186128837004752e+00,6.583595643571158451e-01,2.327243923631598932e+00,1.439366028863565905e+00,4.383256519008137952e-01,4.767840060099503025e+06
-3.170619108577358958e+00,-5.056803114198390681e+00,5.692819923368750423e-01,2.307745988765068201e+00,1.314830194562287558e+00,3.443933432464796884e-01,4.767840060099503025e+06
-3.730407313963980176e+00,-5.001412544163094331e+00,5.401184270649053154e-01,2.568652656507458332e+00,1.542597478502105046e+00,4.434243841437989775e-01,4.767840060099503025e+06
-3.525707150787519950e+00,-5.053866886613883835e+00,6.927438799066742980e-01,2.454546932446339369e+00,1.471688530320403698e+00,4.268381775110707821e-01,4.767840060099503025e+06
-3.467931155084448047e+00,-5.031570412876154919e+00,6.728599996676550843e-01,2.332288696865254085e+00,1.338107456415650320e+00,4.257579184563407559e-01,4.767840060099503025e+06
-3.464634971415997189e+00,-5.036716604884130533e+00,6.719924614453791634e-01,2.310666682615356127e+00,1.317567862909992282e+00,4.173343362299365422e-01,4.767840060099503025e+06
-3.912463567190497926e+00,-4.935584415384703938e+00,4.828498665356355524e-01,2.638088554232116856e+00,1.561759034757034259e+00,4.741990859947327053e-01,4.767840060099503025e+06
-3.707262712912774205e+00,-4.925098837017111819e+00,5.862697312574809416e-01,2.574340749236360804e+00,1.483750018094576628e+00,4.448058567709323174e-01,4.767840060099503025e+06
-3.463234999267766234e+00,-5.067753303652468233e+00,7.329031244534267575e-01,2.437250777794436551e+00,1.497102780353899210e+00,4.794850821456370094e-01,4.767840060099503025e+06
-3.556853201606958059e+00,-5.041527467042977939e+00,6.795639997928584197e-01,2.462014754985535347e+00,1.514110507944806283e+00,5.132747080627332315e-01,4.767840060099503025e+06
-3.457611036524848469e+00,-5.093844672583053068e+00,7.865260350420051338e-01,2.343037149311854694e+00,1.387206267858253961e+00,4.186224795315904856e-01,4.767840060099503025e+06
-3.987960268442786393e+00,-5.174260028485186957e+00,8.742638228253165611e-01,2.447412793089185357e+00,1.582647891717967381e+00,4.677189508801353757e-01,4.767840060099503025e+06
-3.658054999261374896e+00,-5.107390171282152558e+00,1.162057358757125680e+00,2.479010604785871319e+00,1.460626481255657971e+00,3.743001139189764959e-01,4.767840060099503025e+06
-3.580122197063543510e+00,-5.075767265714824283e+00,1.229947014819281925e+00,2.297968217228811838e+00,1.251261304126939589e+00,3.611682974391466905e-01,4.767840060099503025e+06
-3.580122197063543510e+00,-5.075767265714824283e+00,1.229947014819281925e+00,2.297968217228811838e+00,1.251261304126939589e+00,3.611682974391466905e-01,4.767840060099503025e+06
-3.429893176594296822e+00,-5.241151263154432804e+00,1.092034394001328845e+00,2.205359580276179621e+00,1.181098536952557509e+00,1.500851993521606365e-01,4.767840060099503025e+06
-2.542139618061185491e+00,-5.181795073087707593e+00,1.823039123332018452e+00,2.238222748363565273e+00,1.195311996911398111e+00,2.210626482880304333e-01,4.767840060099503025e+06
-2.298376785750432028e+00,-4.786692517234436117e+00,1.443213161851097492e+00,2.436941226696959895e+00,9.420680422438735269e-01,1.437333439534567714e-01,4.767840060099503025e+06
-2.422672847551901487e+00,-4.783017694819223564e+00,1.552716937345588466e+00,2.235828714177250376e+00,7.759747416304608736e-01,2.123270735139966559e-01,4.767840060099503025e+06
-1.580529010861414285e+00,-4.998941091998874597e+00,1.421958296117611820e+00,2.480880339142031765e+00,1.372788210944223319e+00,3.949295362373699825e-01,4.767840060099503025e+06
-1.894160535049011163e+00,-5.163852666402795499e+00,1.401904977679834907e+00,2.148784353033320826e+00,1.262413466647967608e+00,4.650907456686295127e-01,4.767840060099503025e+06
-1.933365160985013320e+00,-5.004488065054411905e+00,1.216175855613878642e+00,2.359639708801165803e+00,1.355467059839224220e+00,5.522451945649077265e-01,4.767840060099503025e+06
-1.834369145649362709e+00,-5.081945713963038180e+00,1.372483911826242853e+00,2.169472163146982879e+00,1.225750670689490063e+00,5.318459083855467950e-01,4.767840060099503025e+06
-2.610569350960144863e+00,-5.116861009927636594e+00,1.558080674218726314e+00,1.995114635076499443e+00,1.053681900215878153e+00,4.852590893563181185e-01,4.767840060099503025e+06
-2.617829924208740611e+00,-5.104740422623532226e+00,1.574306718313032150e+00,2.036251697711202180e+00,1.070513951742739112e+00,4.740973150259254476e-01,4.767840060099503025e+06
-1.863291055780772698e+00,-5.271208848298498673e+00,1.952967025574198878e+00,1.588869457251917527e+00,7.700512414386031512e-01,4.132188810261049339e-01,4.767840060099503025e+06
-1.863291055780772698e+00,-5.271208848298498673e+00,1.952967025574198878e+00,1.588869457251917527e+00,7.700512414386031512e-01,4.132188810261049339e-01,4.767840060099503025e+06
-2.450216925259148137e+00,-5.216912569952518730e+00,1.850333759993395333e+00,1.601299278474531906e+00,7.389295291953914546e-01,4.151077466602822730e-01,4.767840060099503025e+06
-2.435566433272034370e+00,-5.054187131721738169e+00,1.247833555823751883e+00,1.939300428545271959e+00,8.194516903685967746e-01,3.010448638650075059e-01,4.767840060099503025e+06
-2.034858779509386650e+00,-5.261121480061069278e+00,1.800066347042599268e+00,1.782094077877300453e+00,9.001194691986131868e-01,3.001858972372056789e-01,4.767840060099503025e+06
-1.395942309266224424e+00,-4.872564326462901718e+00,1.548556847385654356e+00,2.133024839179329835e+00,7.897517802934483910e-01,2.303264898519703507e-01,4.767840060099503025e+06
-1.549283655934318826e+00,-5.023903017180867181e+00,1.636777769696025953e+00,2.065244213206042900e+00,8.866461826794596046e-01,2.606584784993269399e-01,4.767840060099503025e+06
-1.585888424136248975e+00,-5.079924100779346752e+00,2.086694326069980843e+00,1.976299102492344861e+00,9.582368828698792917e-01,4.014795559411301618e-01,4.767840060099503025e+06
-1.683733307964186299e+00,-5.053016526944590581e+00,2.020502529511318368e+00,1.994149899254013203e+00,9.130515977004967088e-01,3.693305360201510346e-01,4.767840060099503025e+06
-1.799704792865563396e+00,-5.143201206193555031e+00,2.000984936484420551e+00,1.996967676511677503e+00,9.995062821740723358e-01,3.413648179472136279e-01,4.767840060099503025e+06
-2.365065789792348827e+00,-5.099675535386114511e+00,2.806817283838313859e+00,1.991078736724333886e+00,8.662824314429051764e-01,2.388991031612425764e-01,4.767840060099503025e+06
-2.274201282624771281e+00,-5.071858339817615580e+00,2.927398931190348996e+00,1.990395544367176361e+00,8.290908444180586923e-01,2.422441243418238799e-01,4.767840060099503025e+06
-1.294170877451069623e+00,-4.727090419421624112e+00,2.895054515469092316e+00,2.195881244237023466e+00,8.058958230924064825e-01,4.095962366404822808e-01,4.767840060099503025e+06
-1.285075462533977531e+00,-5.086968272913130029e+00,2.440400395415748491e+00,2.032447225819407066e+00,1.125526704039215398e+00,5.314939542908929671e-01,4.767840060099503025e+06
-1.234327167512631940e+00,-5.067120049661157921e+00,2.443303806641442311e+00,2.059864500091538098e+00,1.128082727691118503e+00,5.246311864518746759e-01,4.767840060099503025e+06
-1.234327167512631940e+00,-5.067120049661157921e+00,2.443303806641442311e+00,2.059864500091538098e+00,1.128082727691118503e+00,5.246311864518746759e-01,4.767840060099503025e+06
-1.234327167512631940e+00,-5.067120049661157921e+00,2.443303806641442311e+00,2.059864500091538098e+00,1.128082727691118503e+00,5.246311864518746759e-01,4.767840060099503025e+06
-1.998334821075692158e+00,-5.279411222297056838e+00,2.222206837373740029e+00,1.829502050580107841e+00,1.116762027168581861e+00,5.556002853476825765e-01,4.767840060099503025e+06
-2.483768675162613793e+00,-5.419591897224687926e+00,2.231590179657219064e+00,1.325143103121986909e+00,8.278768471677586671e-01,6.491095102502838499e-01,4.767840060099503025e+06
-2.386629977102545652e+00,-5.384122622857319129e+00,2.239726998640551692e+00,1.379202582621899875e+00,8.580930379641820149e-01,6.584670662834520849e-01,4.767840060099503025e+06
-1.773692335153813859e+00,-5.407583455590972754e+00,1.926940221484002569e+00,1.456684781632806125e+00,9.895254101829908944e-01,6.918663527457727946e-01,4.767840060099503025e+06
-1.522002547047278220e+00,-5.419114254096295547e+00,2.033538866646052767e+00,1.380996776856880270e+00,9.532194472243817884e-01,7.237674517930066109e-01,4.767840060099503025e+06
-1.468327566487556135e+00,-5.320563132017563923e+00,1.667466854538630194e+00,1.329227602060615965e+00,8.420820473612016244e-01,7.588536522759727898e-01,4.767840060099503025e+06
-1.468327566487556135e+00,-5.320563132017563923e+00,1.667466854538630194e+00,1.329227602060615965e+00,8.420820473612016244e-01,7.588536522759727898e-01,4.767840060099503025e+06
-2.114613794850957795e+00,-5.530825522091592283e+00,1.677567606589688065e+00,1.100445074847373750e+00,7.900586948206177462e-01,6.983659005754714322e-01,4.767840060099503025e+06
-2.269529679566026026e+00,-5.567744766087022512e+00,1.756520108827783755e+00,1.065697044467543098e+00,7.752920917298746772e-01,6.648521109600311618e-01,4.767840060099503025e+06
-2.435924206652343660e+00,-5.596742363816883170e+00,1.889295693024457101e+00,7.800380648174811693e-01,5.135569685928706996e-01,6.263291621857404179e-01,4.767840060099503025e+06
-1.344307071822658628e+00,-5.153694317088302945e+00,1.747656422512050556e+00,8.696463564503891241e-01,1.721728056858333744e-01,6.345961184800467114e-01,4.767840060099503025e+06
-1.360242660397589010e+00,-5.134681371526527371e+00,1.740665480645983365e+00,8.721575908985483849e-01,1.398657404140669636e-01,6.115843818831385725e-01,4.767840060099503025e+06
-1.352609088994966680e+00,-5.124119793804208456e+00,1.734371679356040863e+00,8.731723863189937429e-01,1.325612393865212013e-01,6.154082540003529278e-01,4.767840060099503025e+06
-1.764745141688703223e+00,-5.250315994945181863e+00,1.532053749058693626e+00,9.363666899025031576e-01,2.792366341056805590e-01,5.377140748533695280e-01,4.767840060099503025e+06
-1.241900398540968009e+00,-5.255098524697633167e+00,1.028814203845948239e+00,9.180864327987541262e-01,3.567354999013146455e-01,6.681972700118017361e-01,4.767840060099503025e+06
-1.750214004895373821e+00,-5.421245630321371856e+00,1.252758188230372660e+00,8.296447061776878185e-01,4.535121742645304432e-01,6.789776074873213885e-01,4.767840060099503025e+06
-2.353007975901181048e+00,-5.588507852367686546e+00,1.411985789275049363e+00,9.404541628679576881e-01,6.579117972077153098e-01,6.026889425636168252e-01,4.767840060099503025e+06
-2.401513940119444079e+00,-5.586335863005664315e+00,1.534381634964824048e+00,9.401655787188498703e-01,6.493865897314711200e-01,6.065966255665626861e-01,4.767840060099503025e+06
-1.867714486520079209e+00,-5.801226298040071505e+00,1.219930435999061480e+00,9.622628472271181899e-01,9.393115616756005926e-01,6.916000613060925284e-01,4.767840060099503025e+06
-2.000052673963797378e+00,-6.006139343226251981e+00,9.335460428978509251e-01,8.581058359443355377e-01,1.055217634206510047e+00,6.579645516371851466e-01,4.767840060099503025e+06
-3.152035916100299318e+00,-5.938779221778268003e+00,1.673589744502776089e+00,8.989587158094645147e-01,8.842515531761566683e-01,5.428788717876589232e-01,4.767840060099503025e+06
-3.483977324358549232e+00,-5.900337753088477299e+00,1.599549256150224252e+00,9.277659741757047218e-01,8.929474445581099262e-01,5.825048801085523920e-01,4.767840060099503025e+06
-3.242807990912795812e+00,-6.128799713910935587e+00,2.173886828834581397e+00,1.113818411940540987e+00,1.143626063392475745e+00,3.570850654467001561e-01,4.767840060099503025e+06
-2.587884481533740733e+00,-5.785147122475028603e+00,1.688922874398877561e+00,9.120979791693831773e-01,6.697147165107587563e-01,3.853140204986257311e-01,4.767840060099503025e+06
-2.962961591981428278e+00,-6.033525569136219069e+00,1.691799199822962674e+00,8.230894706786859860e-01,8.094780875630218642e-01,3.389077722664605163e-01,4.767840060099503025e+06
-3.087407701046943398e+00,-5.759249068824230378e+00,1.908870066512675878e+00,8.609370641014683079e-01,5.696620689162807949e-01,3.770192922629431176e-01,4.767840060099503025e+06
-2.847905057060307055e+00,-5.727114939784821779e+00,2.022879924061712131e+00,8.560582803540868202e-01,5.460582102305702179e-01,4.003252716532806899e-01,4.767840060099503025e+06
-1.918352986256564696e+00,-5.866522891044921195e+00,2.254812490285858395e+00,7.956595035362218349e-01,7.037167884010329111e-01,4.872941641343995212e-01,4.767840060099503025e+06
-2.138789555125057085e+00,-5.766991215060115472e+00,2.386052190390163918e+00,9.106597343035034431e-01,6.813318005982851311e-01,4.334314589157674535e-01,4.767840060099503025e+06
-2.168459560898870819e+00,-5.816079429890835151e+00,2.613292376836448216e+00,9.118084021639897285e-01,6.946411054093932780e-01,3.901377233773115072e-01,4.767840060099503025e+06
-2.122047963665628867e+00,-5.905718233964607933e+00,2.324556881495856153e+00,8.651470826091981481e-01,7.141832363730399313e-01,3.300588878502271895e-01,4.767840060099503025e+06
-2.040538564627583096e+00,-5.803714663087211179e+00,1.846362847024324960e+00,9.305060220808381022e-01,7.073981170883609781e-01,3.386972227476106601e-01,4.767840060099503025e+06
-1.199669920192242500e+00,-6.074070777285394129e+00,1.644499591164802821e+00,8.566289275822018823e-01,9.488793504617509811e-01,3.840337877001067657e-01,4.767840060099503025e+06
-1.439964250993581274e+00,-5.971379034401426367e+00,1.640582569187147177e+00,9.354185299082263816e-01,8.738183846137037580e-01,3.051955584389439702e-01,4.767840060099503025e+06
-1.504896971409747763e+00,-6.120265039528465678e+00,1.444932145769072029e+00,6.129561166679342588e-01,8.313788115271913970e-01,4.457534713006875426e-01,4.767840060099503025e+06
-2.584399992985874306e+00,-5.131294915852030236e+00,2.708606999425597461e+00,2.184308563631792044e+00,1.080408151605835032e+00,2.006561417258339586e-01,4.767840060099503025e+06
-3.499901127853156879e+00,-4.730203008768404160e+00,2.110187657215538692e+00,2.972131756147139647e+00,1.370974657928500928e+00,6.857423507968180010e-02,4.767840060099503025e+06
-3.499901127853156879e+00,-4.730203008768404160e+00,2.110187657215538692e+00,2.972131756147139647e+00,1.370974657928500928e+00,6.857423507968180010e-02,4.767840060099503025e+06
-2.613507109642205783e+00,-5.019741998829754692e+00,2.020497833538279053e+00,2.424082543459194383e+00,1.166724415405030468e+00,6.405644678420469029e-02,4.767840060099503025e+06
-2.302358647874275022e+00,-5.329176125452338653e+00,1.926286340106746042e+00,2.162410072486198764e+00,1.229781868050989768e+00,6.925042677086004628e-02,4.767840060099503025e+06
-2.900562204041425396e+00,-5.677137926579847615e+00,2.121781432229873587e+00,1.984294950628975318e+00,1.418954396434328302e+00,9.883519915273922263e-02,4.767840060099503025e+06
-3.245422685031384535e+00,-5.878471200432570321e+00,2.211345584813005249e+00,2.047407855084272033e+00,1.406397940828720161e+00,-4.077241116910398366e-01,4.767840060099503025e+06
-3.245422685031384535e+00,-5.878471200432570321e+00,2.211345584813005249e+00,2.047407855084272033e+00,1.406397940828720161e+00,-4.077241116910398366e-01,4.767840060099503025e+06
-3.245422685031384535e+00,-5.878471200432570321e+00,2.211345584813005249e+00,2.047407855084272033e+00,1.406397940828720161e+00,-4.077241116910398366e-01,4.767840060099503025e+06
-3.245422685031384535e+00,-5.878471200432570321e+00,2.211345584813005249e+00,2.047407855084272033e+00,1.406397940828720161e+00,-4.077241116910398366e-01,4.767840060099503025e+06
-3.245422685031384535e+00,-5.878471200432570321e+00,2.211345584813005249e+00,2.047407855084272033e+00,1.406397940828720161e+00,-4.077241116910398366e-01,4.767840060099503025e+06
-3.245422685031384535e+00,-5.878471200432570321e+00,2.211345584813005249e+00,2.047407855084272033e+00,1.406397940828720161e+00,-4.077241116910398366e-01,4.767840060099503025e+06
-3.245422685031384535e+00,-5.878471200432570321e+00,2.211345584813005249e+00,2.047407855084272033e+00,1.406397940828720161e+00,-4.077241116910398366e-01,4.767840060099503025e+06
-3.248282243429958527e+00,-5.850172188259614714e+00,2.120192681790299183e+00,2.009688445097409737e+00,1.369194004054567593e+00,-3.590200432445220802e-01,4.767840060099503025e+06
-3.248282243429958527e+00,-5.850172188259614714e+00,2.120192681790299183e+00,2.009688445097409737e+00,1.369194004054567593e+00,-3.590200432445220802e-01,4.767840060099503025e+06
-3.248282243429958527e+00,-5.850172188259614714e+00,2.120192681790299183e+00,2.009688445097409737e+00,1.369194004054567593e+00,-3.590200432445220802e-01,4.767840060099503025e+06
-3.248282243429958527e+00,-5.850172188259614714e+00,2.120192681790299183e+00,2.009688445097409737e+00,1.369194004054567593e+00,-3.590200432445220802e-01,4.767840060099503025e+06
-3.252822334010947891e+00,-5.852421307875529166e+00,2.121665987155697763e+00,2.009475883260653628e+00,1.370085094584522656e+00,-3.615760104672876007e-01,4.767840060099503025e+06
-3.255283260409022272e+00,-5.852278280524807919e+00,2.116909940209826591e+00,2.009438268492282020e+00,1.371473808888735935e+00,-3.585007411005692868e-01,4.767840060099503025e+06
-3.255283260409022272e+00,-5.852278280524807919e+00,2.116909940209826591e+00,2.009438268492282020e+00,1.371473808888735935e+00,-3.585007411005692868e-01,4.767840060099503025e+06
-3.206148299617486153e+00,-5.836963178078661940e+00,2.117124368411225532e+00,1.970526955805278257e+00,1.331314934650904114e+00,-3.345123719941803797e-01,4.767840060099503025e+06
-3.179841501993966091e+00,-5.827391728496822410e+00,2.115773115930914550e+00,1.966233387892403428e+00,1.321306041659755071e+00,-3.271148636070074778e-01,4.767840060099503025e+06
-3.179841501993966091e+00,-5.827391728496822410e+00,2.115773115930914550e+00,1.966233387892403428e+00,1.321306041659755071e+00,-3.271148636070074778e-01,4.767840060099503025e+06
-3.179841501993966091e+00,-5.827391728496822410e+00,2.115773115930914550e+00,1.966233387892403428e+00,1.321306041659755071e+00,-3.271148636070074778e-01,4.767840060099503025e+06
-2.928613145639996862e+00,-5.725208473780057261e+00,2.125982360396471371e+00,1.987083829345230201e+00,1.340082086606846135e+00,-1.729445300903886817e-01,4.767840060099503025e+06
-2.837064926282074850e+00,-5.877098693898534343e+00,2.349908931997202188e+00,2.032939020402884100e+00,1.495727977310569612e+00,-2.940746101031777027e-01,4.767840060099503025e+06
-3.349806229797659185e+00,-5.901401425972109038e+00,2.387520390209834975e+00,2.091848255347492191e+00,1.605016152192726420e+00,-2.562111909590318870e-01,4.767840060099503025e+06
-3.341249266255843509e+00,-5.875915662524590743e+00,2.350516582663938259e+00,2.105644814577679824e+00,1.595770441691253039e+00,-2.487107204895902535e-01,4.767840060099503025e+06
-3.341249266255843509e+00,-5.875915662524590743e+00,2.350516582663938259e+00,2.105644814577679824e+00,1.595770441691253039e+00,-2.487107204895902535e-01,4.767840060099503025e+06
-3.341249266255843509e+00,-5.875915662524590743e+00,2.350516582663938259e+00,2.105644814577679824e+00,1.595770441691253039e+00,-2.487107204895902535e-01,4.767840060099503025e+06
-3.386226210721670959e+00,-5.864585315113604480e+00,2.328275258533913483e+00,2.137208309416802177e+00,1.613377433352823243e+00,-2.541383220676428634e-01,4.767840060099503025e+06
-3.320468195592483074e+00,-5.858239265187559219e+00,2.215548250122728824e+00,2.081680858508520249e+00,1.583628774581607335e+00,-1.857445791527702617e-01,4.767840060099503025e+06
-3.320468195592483074e+00,-5.858239265187559219e+00,2.215548250122728824e+00,2.081680858508520249e+00,1.583628774581607335e+00,-1.857445791527702617e-01,4.767840060099503025e+06
-3.320468195592483074e+00,-5.858239265187559219e+00,2.215548250122728824e+00,2.081680858508520249e+00,1.583628774581607335e+00,-1.857445791527702617e-01,4.767840060099503025e+06
-3.320468195592483074e+00,-5.858239265187559219e+00,2.215548250122728824e+00,2.081680858508520249e+00,1.583628774581607335e+00,-1.857445791527702617e-01,4.767840060099503025e+06
-2.726833929494904663e+00,-5.569493441465789729e+00,2.362483626842716511e+00,2.081905752025360545e+00,1.338282453186632859e+00,-8.154311057988861133e-02,4.767840060099503025e+06
-2.806857401106835681e+00,-5.576298154168010335e+00,2.471759117487580149e+00,2.144875257188808337e+00,1.385660785070635281e+00,-1.062806576138964343e-01,4.767840060099503025e+06
-2.198457756978769329e+00,-5.572193955000796173e+00,2.306293742623781728e+00,1.986940980352963626e+00,1.226106560771150100e+00,-7.856780321544068468e-02,4.767840060099503025e+06
-2.254950325925396015e+00,-5.625623520405870437e+00,2.364885526761538959e+00,1.982007605857224020e+00,1.169461659920809193e+00,-3.157579069703219110e-01,4.767840060099503025e+06
-2.254950325925396015e+00,-5.625623520405870437e+00,2.364885526761538959e+00,1.982007605857224020e+00,1.169461659920809193e+00,-3.157579069703219110e-01,4.767840060099503025e+06
-2.260784459548901282e+00,-5.610072471507848491e+00,2.297866503049330600e+00,1.986383962338512887e+00,1.170156830092885070e+00,-2.975186781493109334e-01,4.767840060099503025e+06
-2.310367442423243656e+00,-5.531034321520512442e+00,2.338332820813008972e+00,1.678714814798634603e+00,9.592636650744152949e-01,9.961420395134590322e-03,4.767840060099503025e+06
-2.255825182472202428e+00,-5.668571572338357178e+00,2.194466050332172902e+00,2.061837524280965450e+00,1.250182796975200405e+00,-3.754907494655178590e-01,4.767840060099503025e+06
-2.255825182472202428e+00,-5.668571572338357178e+00,2.194466050332172902e+00,2.061837524280965450e+00,1.250182796975200405e+00,-3.754907494655178590e-01,4.767840060099503025e+06
-2.359488472040975893e+00,-5.616394776176658610e+00,2.292949957692294038e+00,1.920130571514035100e+00,1.147273312535216583e+00,-2.188502274954260418e-01,4.767840060099503025e+06
-2.359488472040975893e+00,-5.616394776176658610e+00,2.292949957692294038e+00,1.920130571514035100e+00,1.147273312535216583e+00,-2.188502274954260418e-01,4.767840060099503025e+06
-2.588034058886604427e+00,-5.682728428067711945e+00,2.262532149673195381e+00,1.934654044017522612e+00,1.136403532372521008e+00,-3.674347489554063984e-01,4.767840060099503025e+06
-2.270046063231293765e+00,-5.788849195259793134e+00,2.242446598903507837e+00,1.594886629724831861e+00,1.038304006679222180e+00,-1.772177283359039901e-01,4.767840060099503025e+06
-2.270046063231293765e+00,-5.788849195259793134e+00,2.242446598903507837e+00,1.594886629724831861e+00,1.038304006679222180e+00,-1.772177283359039901e-01,4.767840060099503025e+06
-2.270046063231293765e+00,-5.788849195259793134e+00,2.242446598903507837e+00,1.594886629724831861e+00,1.038304006679222180e+00,-1.772177283359039901e-01,4.767840060099503025e+06
-2.270046063231293765e+00,-5.788849195259793134e+00,2.242446598903507837e+00,1.594886629724831861e+00,1.038304006679222180e+00,-1.772177283359039901e-01,4.767840060099503025e+06
-2.270046063231293765e+00,-5.788849195259793134e+00,2.242446598903507837e+00,1.594886629724831861e+00,1.038304006679222180e+00,-1.772177283359039901e-01,4.767840060099503025e+06
-2.270046063231293765e+00,-5.788849195259793134e+00,2.242446598903507837e+00,1.594886629724831861e+00,1.038304006679222180e+00,-1.772177283359039901e-01,4.767840060099503025e+06
-2.275103601188752656e+00,-5.819274867822070263e+00,2.225104962949945531e+00,1.611900729909689023e+00,1.070134798600774539e+00,-2.071188918613473540e-01,4.767840060099503025e+06
-2.275103601188752656e+00,-5.819274867822070263e+00,2.225104962949945531e+00,1.611900729909689023e+00,1.070134798600774539e+00,-2.071188918613473540e-01,4.767840060099503025e+06
-2.275103601188752656e+00,-5.819274867822070263e+00,2.225104962949945531e+00,1.611900729909689023e+00,1.070134798600774539e+00,-2.071188918613473540e-01,4.767840060099503025e+06
-2.275103601188752656e+00,-5.819274867822070263e+00,2.225104962949945531e+00,1.611900729909689023e+00,1.070134798600774539e+00,-2.071188918613473540e-01,4.767840060099503025e+06
-2.300430190689134236e+00,-5.899521690959747211e+00,2.274105241176359815e+00,1.565671330450618015e+00,1.099806200500205389e+00,-2.295798127396310728e-01,4.767840060099503025e+06
-2.305064130252637788e+00,-5.915243826381308523e+00,2.278535383052335384e+00,1.555567784038907719e+00,1.114261480692973372e+00,-2.062021924198698120e-01,4.767840060099503025e+06
-2.305064130252637788e+00,-5.915243826381308523e+00,2.278535383052335384e+00,1.555567784038907719e+00,1.114261480692973372e+00,-2.062021924198698120e-01,4.767840060099503025e+06
-2.308332403374631969e+00,-5.981479820528368130e+00,2.286379356325311640e+00,1.530024359090529362e+00,1.174434453507782417e+00,-1.524750596018263904e-01,4.767840060099503025e+06
-2.264720773054365477e+00,-6.111971394516323208e+00,2.309125605564593453e+00,1.530844783188004321e+00,1.234420826546176242e+00,-2.833093159387121140e-01,4.767840060099503025e+06
-1.868162265482615769e+00,-6.007894620344773173e+00,2.293067325000946344e+00,1.613636390847886126e+00,1.203821595836245262e+00,-2.698279889428248923e-01,4.767840060099503025e+06
-1.881025479042340187e+00,-5.971498455605752653e+00,2.206709335676636741e+00,1.577101784295994680e+00,1.153130276715141900e+00,-2.416514147374043131e-01,4.767840060099503025e+06
-9.250086983359233628e-01,-6.444618093396814906e+00,2.093122287759547007e+00,1.739286863357872193e+00,1.550352716022181720e+00,-7.414929628248723148e-01,4.767840060099503025e+06
-9.250086983359233628e-01,-6.444618093396814906e+00,2.093122287759547007e+00,1.739286863357872193e+00,1.550352716022181720e+00,-7.414929628248723148e-01,4.767840060099503025e+06
-9.250086983359233628e-01,-6.444618093396814906e+00,2.093122287759547007e+00,1.739286863357872193e+00,1.550352716022181720e+00,-7.414929628248723148e-01,4.767840060099503025e+06
-9.250086983359233628e-01,-6.444618093396814906e+00,2.093122287759547007e+00,1.739286863357872193e+00,1.550352716022181720e+00,-7.414929628248723148e-01,4.767840060099503025e+06
-9.250086983359233628e-01,-6.444618093396814906e+00,2.093122287759547007e+00,1.739286863357872193e+00,1.550352716022181720e+00,-7.414929628248723148e-01,4.767840060099503025e+06
-9.250086983359233628e-01,-6.444618093396814906e+00,2.093122287759547007e+00,1.739286863357872193e+00,1.550352716022181720e+00,-7.414929628248723148e-01,4.767840060099503025e+06
-9.250086983359233628e-01,-6.444618093396814906e+00,2.093122287759547007e+00,1.739286863357872193e+00,1.550352716022181720e+00,-7.414929628248723148e-01,4.767840060099503025e+06
-9.250086983359233628e-01,-6.444618093396814906e+00,2.093122287759547007e+00,1.739286863357872193e+00,1.550352716022181720e+00,-7.414929628248723148e-01,4.767840060099503025e+06
-4.981738409526439426e-01,-6.492703545747125382e+00,2.159092899977065549e+00,1.825608212828090826e+00,1.598960078592368328e+00,-9.103604702038436969e-01,4.767840060099503025e+06
-4.981738409526439426e-01,-6.492703545747125382e+00,2.159092899977065549e+00,1.825608212828090826e+00,1.598960078592368328e+00,-9.103604702038436969e-01,4.767840060099503025e+06
-4.981738409526439426e-01,-6.492703545747125382e+00,2.159092899977065549e+00,1.825608212828090826e+00,1.598960078592368328e+00,-9.103604702038436969e-01,4.767840060099503025e+06
-6.052894628800089549e-01,-6.432305274688751240e+00,2.218475208194521819e+00,1.715895670287141517e+00,1.518876385841027687e+00,-7.588021218604344975e-01,4.767840060099503025e+06
-8.479820888474405294e-01,-6.401022302566337530e+00,2.185457003643247464e+00,1.661490541405880705e+00,1.485856939201141813e+00,-6.587783630629886478e-01,4.767840060099503025e+06
-8.479820888474405294e-01,-6.401022302566337530e+00,2.185457003643247464e+00,1.661490541405880705e+00,1.485856939201141813e+00,-6.587783630629886478e-01,4.767840060099503025e+06
-8.479820888474405294e-01,-6.401022302566337530e+00,2.185457003643247464e+00,1.661490541405880705e+00,1.485856939201141813e+00,-6.587783630629886478e-01,4.767840060099503025e+06
-8.479820888474405294e-01,-6.401022302566337530e+00,2.185457003643247464e+00,1.661490541405880705e+00,1.485856939201141813e+00,-6.587783630629886478e-01,4.767840060099503025e+06
-8.010946119533670640e-01,-6.422574217626882742e+00,2.208015878899931117e+00,1.689466519673262557e+00,1.507865816935309411e+00,-6.994510966478737490e-01,4.767840060099503025e+06
-8.010946119533670640e-01,-6.422574217626882742e+00,2.208015878899931117e+00,1.689466519673262557e+00,1.507865816935309411e+00,-6.994510966478737490e-01,4.767840060099503025e+06
-8.010946119533670640e-01,-6.422574217626882742e+00,2.208015878899931117e+00,1.689466519673262557e+00,1.507865816935309411e+00,-6.994510966478737490e-01,4.767840060099503025e+06
-8.010946119533670640e-01,-6.422574217626882742e+00,2.208015878899931117e+00,1.689466519673262557e+00,1.507865816935309411e+00,-6.994510966478737490e-01,4.767840060099503025e+06
-8.010946119533670640e-01,-6.422574217626882742e+00,2.208015878899931117e+00,1.689466519673262557e+00,1.507865816935309411e+00,-6.994510966478737490e-01,4.767840060099503025e+06
-8.010946119533670640e-01,-6.422574217626882742e+00,2.208015878899931117e+00,1.689466519673262557e+00,1.507865816935309411e+00,-6.994510966478737490e-01,4.767840060099503025e+06
-8.010946119533670640e-01,-6.422574217626882742e+00,2.208015878899931117e+00,1.689466519673262557e+00,1.507865816935309411e+00,-6.994510966478737490e-01,4.767840060099503025e+06
-8.010946119533670640e-01,-6.422574217626882742e+00,2.208015878899931117e+00,1.689466519673262557e+00,1.507865816935309411e+00,-6.994510966478737490e-01,4.767840060099503025e+06
-8.010946119533670640e-01,-6.422574217626882742e+00,2.208015878899931117e+00,1.689466519673262557e+00,1.507865816935309411e+00,-6.994510966478737490e-01,4.767840060099503025e+06
-8.010946119533670640e-01,-6.422574217626882742e+00,2.208015878899931117e+00,1.689466519673262557e+00,1.507865816935309411e+00,-6.994510966478737490e-01,4.767840060099503025e+06
-1.242611163531586183e+00,-5.621746080053122263e+00,2.032175953177054684e+00,1.769484092877088077e+00,1.194383650723778389e+00,2.365026291829173122e-01,4.767840060099503025e+06
-1.213202160296471988e+00,-5.724563980973160326e+00,2.134713665944528938e+00,1.770565563630505768e+00,1.318897900084103458e+00,2.661634554295576049e-01,4.767840060099503025e+06
-1.375419862129929172e+00,-5.654686681992044939e+00,2.081676743472351099e+00,1.548836345126038738e+00,1.079227770113793783e+00,3.270523183648080257e-01,4.767840060099503025e+06
-1.296221728999908285e+00,-5.371085192328025393e+00,2.299885561393494537e+00,1.443964791187985597e+00,7.047563966182910367e-01,3.053852421407129980e-01,4.767840060099503025e+06
-1.060734850420821829e+00,-5.311940814252709586e+00,2.379693188443090968e+00,1.084321668395190841e+00,2.336857721969345381e-01,2.091782701989946536e-01,4.767840060099503025e+06
-1.042981579786799173e+00,-5.187536531548410323e+00,2.038009591003159926e+00,1.036954339892829591e+00,1.263449027593655516e-01,2.115561344718684123e-01,4.767840060099503025e+06
-1.094165441218651225e+00,-5.151707162214641755e+00,2.002526430382165934e+00,9.634683503740441024e-01,5.852045980957037985e-02,2.780583992878997157e-01,4.767840060099503025e+06
-1.144441736795698716e+00,-5.301329391215193532e+00,2.529192057233869306e+00,7.085739032003357529e-01,-7.633613526598415078e-03,3.452176940120255666e-01,4.767840060099503025e+06
-1.620863358662412601e+00,-5.484766593078758135e+00,2.679686426584587888e+00,8.963113298147831198e-01,3.652713541248204798e-01,3.910103065241287146e-01,4.767840060099503025e+06
-1.623835649062361997e+00,-5.507189640149965371e+00,2.727219915816230689e+00,8.531373108232396252e-01,3.487875048560391544e-01,3.984902436225292721e-01,4.767840060099503025e+06
-1.652681407727329077e+00,-5.511897763028287933e+00,2.685373047861704165e+00,8.610779767221909964e-01,3.517347138657391792e-01,3.792401021735308242e-01,4.767840060099503025e+06
-1.068113901247516484e+00,-5.221444978620983335e+00,2.696516938796694518e+00,1.006513667360135145e+00,9.319017842582222322e-02,2.619152864870556985e-01,4.767840060099503025e+06
-2.568316545641242232e+00,-5.159698933925586317e+00,2.792290293964343029e+00,1.638027533526465795e+00,5.048814561971899373e-01,4.341548652378651729e-02,4.767840060099503025e+06
-2.913690608784954783e+00,-5.353679239409753876e+00,2.897763362111513530e+00,1.653118867998637498e+00,7.259744901419615815e-01,6.706564076018523002e-02,4.767840060099503025e+06
-3.398974679176339997e+00,-5.148656937046690807e+00,2.449511427009249065e+00,1.968283861283456559e+00,7.654938782633748939e-01,-8.186738574216123610e-02,4.767840060099503025e+06
-3.329153087403012634e+00,-5.355260766112516002e+00,2.200704030298731517e+00,1.678993981620887421e+00,8.102732113664684599e-01,1.046676316721876776e-01,4.767840060099503025e+06
-3.443505881446089489e+00,-5.272678756159121960e+00,2.619545882249775470e+00,1.743422367185124333e+00,7.375617230755147080e-01,3.525616156007860269e-02,4.767840060099503025e+06
-3.330038925409363859e+00,-5.250946601434772099e+00,2.454444222607854442e+00,1.806297009380020357e+00,7.912320921824851361e-01,6.241069784829683664e-02,4.767840060099503025e+06
-2.861198228212945338e+00,-5.020753023778737223e+00,2.659004386019458099e+00,2.168306446026454282e+00,8.886591310704408109e-01,2.481968581441064414e-02,4.767840060099503025e+06
-3.121245331270105616e+00,-5.145257357820915978e+00,2.662159713208633871e+00,2.361455874867104843e+00,1.172088106571506083e+00,5.081384373928463094e-02,4.767840060099503025e+06
-2.627857597672529355e+00,-5.140334251093209517e+00,2.668098931967159082e+00,2.405966181078759814e+00,1.267123426464071168e+00,1.343196421529526396e-01,4.767840060099503025e+06
-2.115396934965937170e+00,-4.954333179522004471e+00,1.756216773823818134e+00,2.573950104092636249e+00,1.222885915362315945e+00,4.926464379530079429e-02,4.767840060099503025e+06
-2.360919918324504430e+00,-4.749770853455265396e+00,1.986394397499801956e+00,2.218260024535117392e+00,6.712401735963405836e-01,3.306457624281144980e-02,4.767840060099503025e+06
-2.042002019339435037e+00,-4.754236944145806554e+00,2.119357886431198157e+00,2.200692195562604425e+00,7.575945875034588717e-01,1.914492206103866057e-01,4.767840060099503025e+06
-1.808292001132968618e+00,-4.999586797196698740e+00,2.152372722262267057e+00,1.726071821819131547e+00,5.765600039089101569e-01,3.138163741646297633e-01,4.767840060099503025e+06
-1.443399025930126367e+00,-4.889022405337306587e+00,2.367250043191621689e+00,1.715525696751368567e+00,4.606302200389488233e-01,3.366185332121882645e-01,4.767840060099503025e+06
-1.053238896687573645e+00,-4.925180210584111151e+00,2.394269599611407617e+00,1.791256774517377748e+00,5.402263800233814139e-01,2.883568759281541216e-01,4.767840060099503025e+06
-1.100844128262576938e+00,-4.928746686414649858e+00,2.341514881834448669e+00,1.983295563333165701e+00,8.393884776407980475e-01,4.215504803286490576e-01,4.767840060099503025e+06
-1.084458676423015300e+00,-4.932426165645860117e+00,2.357713088231770726e+00,1.963878699648887505e+00,8.307906322594984516e-01,4.311331169246417350e-01,4.767840060099503025e+06
-1.084458676423015300e+00,-4.932426165645860117e+00,2.357713088231770726e+00,1.963878699648887505e+00,8.307906322594984516e-01,4.311331169246417350e-01,4.767840060099503025e+06
-1.084458676423015300e+00,-4.932426165645860117e+00,2.357713088231770726e+00,1.963878699648887505e+00,8.307906322594984516e-01,4.311331169246417350e-01,4.767840060099503025e+06
-1.084458676423015300e+00,-4.932426165645860117e+00,2.357713088231770726e+00,1.963878699648887505e+00,8.307906322594984516e-01,4.311331169246417350e-01,4.767840060099503025e+06
-1.084458676423015300e+00,-4.932426165645860117e+00,2.357713088231770726e+00,1.963878699648887505e+00,8.307906322594984516e-01,4.311331169246417350e-01,4.767840060099503025e+06
-1.958863264520552150e+00,-5.217020117364048026e+00,2.445727417941861770e+00,1.690609959692795261e+00,7.803837631238021988e-01,3.380541228106511698e-01,4.767840060099503025e+06
-1.672351623856495495e+00,-5.260338236142164448e+00,2.210534493643012244e+00,1.614821682708244666e+00,7.582215936214695695e-01,3.161972586084486059e-01,4.767840060099503025e+06
-1.410783300280056718e+00,-5.117239129099059092e+00,2.616064781468151246e+00,1.938025172241972349e+00,8.474073004742145310e-01,2.184685544946922131e-01,4.767840060099503025e+06
-1.486149138678394044e+00,-5.124471800198129756e+00,2.408680540265069503e+00,1.869500249910915901e+00,8.174996190296837106e-01,2.594522720751847311e-01,4.767840060099503025e+06
-1.432006843277750185e+00,-4.961665943493966502e+00,2.278749959345106380e+00,2.000732003362128086e+00,7.556374543697212953e-01,2.177366935450630314e-01,4.767840060099503025e+06
-1.503933208049807124e+00,-5.438020941496924721e+00,2.412916636081532840e+00,1.548170439564919620e+00,8.465578415820256275e-01,2.934420880481381499e-01,4.767840060099503025e+06
-1.236367121273207914e+00,-5.568930127700772559e+00,2.781010752005860009e+00,1.771834405955165614e+00,1.168102592234573800e+00,2.095377481053047608e-01,4.767840060099503025e+06
-2.694697524372955399e+00,-5.657546954189526467e+00,2.772553812846530796e+00,1.390892944418289590e+00,1.000127208699212789e+00,4.460712205518050366e-01,4.767840060099503025e+06
-2.433512479634467596e+00,-5.662992414822380915e+00,2.854614884988617263e+00,1.496129253836246065e+00,1.116110172525321964e+00,4.715423147115241909e-01,4.767840060099503025e+06
-2.269467379377200000e+00,-5.610830502967302458e+00,2.857815743920545160e+00,1.538770000784017933e+00,1.151374555238239950e+00,5.300526036193059509e-01,4.767840060099503025e+06
-2.239206445832856218e+00,-5.604521125654594371e+00,2.923408439924099600e+00,1.495804514577009359e+00,1.102006323742123595e+00,5.309913265140093763e-01,4.767840060099503025e+06
-2.239206445832856218e+00,-5.604521125654594371e+00,2.923408439924099600e+00,1.495804514577009359e+00,1.102006323742123595e+00,5.309913265140093763e-01,4.767840060099503025e+06
-2.334549862728579228e+00,-5.615170543863841068e+00,2.950381614570960043e+00,1.450205207413590491e+00,1.053196028219056668e+00,4.977376361148768136e-01,4.767840060099503025e+06
-2.333422661852399660e+00,-5.615115209754454106e+00,2.980096885794739414e+00,1.428965038183718450e+00,1.048943826503179633e+00,5.301267103251847690e-01,4.767840060099503025e+06
-2.309099429217404076e+00,-5.587952864504558192e+00,2.933896706525831455e+00,1.458490172743488911e+00,1.043586848504118425e+00,5.206852563381454413e-01,4.767840060099503025e+06
-2.355166344121527366e+00,-5.578230451093797448e+00,2.830857630393950330e+00,1.443304800613921524e+00,1.024522905428611352e+00,5.249233842196230349e-01,4.767840060099503025e+06
-2.434258026093891303e+00,-5.591429730022697164e+00,2.761666094116554504e+00,1.472828639308691123e+00,1.083419849722948802e+00,5.496186999758554403e-01,4.767840060099503025e+06
-2.789034109439830988e+00,-5.675183245908103302e+00,2.354355920097535915e+00,1.219918515272238713e+00,1.049777284844765735e+00,7.348765315549692367e-01,4.767840060099503025e+06
-2.789034109439830988e+00,-5.675183245908103302e+00,2.354355920097535915e+00,1.219918515272238713e+00,1.049777284844765735e+00,7.348765315549692367e-01,4.767840060099503025e+06
-2.787030071756084748e+00,-5.545709558905309144e+00,2.271325444133736049e+00,1.243244094854517146e+00,9.577447912409555730e-01,7.537026090988484528e-01,4.767840060099503025e+06
-2.853752950914912656e+00,-5.568154552292559956e+00,2.305074652666214252e+00,1.203111798876749017e+00,9.318444799213774221e-01,7.329784035091407857e-01,4.767840060099503025e+06
-3.540706368373424340e+00,-5.802746127956303290e+00,1.454550766169831810e+00,1.233503747485072077e+00,1.169607005267764732e+00,6.743519741363460662e-01,4.767840060099503025e+06
-3.580724393589285182e+00,-5.834909442446905459e+00,1.491655504477280569e+00,1.226694407675353204e+00,1.190628421993376929e+00,6.720221246101922841e-01,4.767840060099503025e+06
-3.603184533976643511e+00,-5.785970701932551030e+00,1.580303402085843523e+00,1.281114333425951157e+00,1.185451713071739022e+00,6.601184771218258085e-01,4.767840060099503025e+06
-3.218564741919006877e+00,-5.843749653882494677e+00,1.540181535370844790e+00,1.252606095744815518e+00,1.237305139482715699e+00,6.826292580525830100e-01,4.767840060099503025e+06
-3.345877399636664862e+00,-5.872037219569856248e+00,1.600667058359696915e+00,1.193878419181846784e+00,1.226022560911875781e+00,7.207748760193646298e-01,4.767840060099503025e+06
-3.246683345036124990e+00,-5.826617412023910703e+00,1.406769048184281834e+00,1.029768026425416982e+00,1.093314383278908064e+00,7.876035225816944152e-01,4.767840060099503025e+06
-3.371608137477315914e+00,-5.894661506358500169e+00,1.726229771406095459e+00,9.897860306182186818e-01,1.112693602712877095e+00,7.763876366752026081e-01,4.767840060099503025e+06
-3.484947652509616134e+00,-5.838446780897802668e+00,1.802091981972586021e+00,1.171750068783659282e+00,1.183642296862661425e+00,7.261362994761699774e-01,4.767840060099503025e+06
-3.888632316116288123e+00,-5.892319161556234697e+00,1.882554087153912814e+00,1.171992700261117903e+00,1.242446929879363893e+00,7.446599813638977716e-01,4.767840060099503025e+06
-3.728092514318504413e+00,-5.757288314137142038e+00,1.758669266510624718e+00,1.171554658644617275e+00,1.065441979316858800e+00,6.662397727328773778e-01,4.767840060099503025e+06
-3.704350617725845840e+00,-5.662839572181463055e+00,1.295541401814892746e+00,1.317863181909345593e+00,1.182717167779333778e+00,7.697355826208563956e-01,4.767840060099503025e+06
-3.704350617725845840e+00,-5.662839572181463055e+00,1.295541401814892746e+00,1.317863181909345593e+00,1.182717167779333778e+00,7.697355826208563956e-01,4.767840060099503025e+06
-3.396433415280577073e+00,-5.707791504787059544e+00,1.439374127454160490e+00,1.285845554541658275e+00,1.177742553880233745e+00,7.454184593858935726e-01,4.767840060099503025e+06
-3.417198388895898997e+00,-5.718770599913480801e+00,1.418807764576722086e+00,1.284489901278787150e+00,1.194483115942848395e+00,7.554859820338519771e-01,4.767840060099503025e+06
-3.332501305822726412e+00,-5.660333024996018203e+00,1.481938283388607669e+00,1.321717176425178941e+00,1.157588287873540178e+00,7.431369047400162575e-01,4.767840060099503025e+06
-2.613536587813816148e+00,-5.521304890535359000e+00,1.226421731767900258e+00,1.183385073452472902e+00,9.059583001702866678e-01,7.449365947906461116e-01,4.767840060099503025e+06
-2.899460083098995167e+00,-5.589479089776446585e+00,1.424269982625233633e+00,1.142455810709176234e+00,8.999260792918986063e-01,7.005681660004535738e-01,4.767840060099503025e+06
-2.306817280985849372e+00,-5.585994877023909844e+00,9.127379914614575096e-01,1.147572969261963394e+00,9.955376782904239441e-01,8.089196206294366753e-01,4.767840060099503025e+06
-1.607570531601194119e+00,-6.031757710028667674e+00,1.201283342959807321e+00,8.843061599390712457e-01,1.037970378152935913e+00,5.591825816513937841e-01,4.767840060099503025e+06
-1.152719746882706620e+00,-6.037955412516657461e+00,1.143001661491643617e+00,7.307970631027105313e-01,1.046827521249004800e+00,7.154871880962179187e-01,4.767840060099503025e+06
-1.152719746882706620e+00,-6.037955412516657461e+00,1.143001661491643617e+00,7.307970631027105313e-01,1.046827521249004800e+00,7.154871880962179187e-01,4.767840060099503025e+06
-1.160558023892752644e+00,-5.983848923880850990e+00,1.296482624797405059e+00,6.925614403907689454e-01,9.295718730590351031e-01,6.779547177131863833e-01,4.767840060099503025e+06
-1.682119691768832581e+00,-6.036783250470129758e+00,1.467075892674758908e+00,7.061524911751304590e-01,9.621097070834010445e-01,6.650079099872314714e-01,4.767840060099503025e+06
-1.636719768455778823e+00,-6.057791297520877194e+00,1.478201981565148149e+00,7.140350733355547153e-01,9.757993125054293948e-01,6.491524226423796007e-01,4.767840060099503025e+06
-1.761176421114752699e+00,-5.956830123475237215e+00,1.840988300833258373e+00,9.127341471672484330e-01,9.828935896125937655e-01,5.620714328794749193e-01,4.767840060099503025e+06
-1.684114577018579251e+00,-6.179239375835942738e+00,1.918352824287839153e+00,8.482236899901900440e-01,1.079632288284749553e+00,5.055797946291588074e-01,4.767840060099503025e+06
-1.850660221763258839e+00,-6.085203559811385610e+00,1.938924904108947800e+00,8.767641703359663197e-01,9.950087803010341236e-01,4.759998264044559280e-01,4.767840060099503025e+06
-2.105174463433959975e+00,-5.924385439489621596e+00,2.073961356045336490e+00,8.403422597457305132e-01,8.093301871208539167e-01,4.868255846763590577e-01,4.767840060099503025e+06
-2.240532239135576642e+00,-5.858523149173237243e+00,2.208936656464790538e+00,8.448875093371408518e-01,7.608664968371092741e-01,5.029031011899657289e-01,4.767840060099503025e+06
-1.996822180346853770e+00,-6.079178985286984194e+00,1.772489912267782408e+00,8.572445632807451643e-01,9.742476410323420710e-01,4.460989627335680829e-01,4.767840060099503025e+06
-1.399289410620806695e+00,-6.167168048216121079e+00,1.567709737662233538e+00,6.625361736289575587e-01,9.580396452509916116e-01,5.131411535924624845e-01,4.767840060099503025e+06
-1.848444592501918393e+00,-6.196459768478248087e+00,1.657911131280985328e+00,3.768086735936017062e-01,9.974827733502427130e-01,8.158605649996548692e-01,4.767840060099503025e+06
-1.980781634358625087e+00,-6.077126499263248327e+00,1.770581977338075763e+00,5.782644295761303344e-01,7.492003463166619914e-01,4.303494295159548955e-01,4.767840060099503025e+06
-1.408607689930245987e+00,-6.102126209674796797e+00,2.094361572998783672e+00,4.408683090720519338e-01,6.838186773697876308e-01,4.742202212214438051e-01,4.767840060099503025e+06
-1.552220955206001118e+00,-5.994842267209548936e+00,2.045789662499200023e+00,5.591263935655803596e-01,6.863013434371731947e-01,4.816870516628919408e-01,4.767840060099503025e+06
-1.044104528613919225e+00,-6.255500320449761453e+00,2.211494985354041098e+00,1.351377611432107440e-01,6.577067475611098057e-01,5.261970296868454522e-01,4.767840060099503025e+06
