beta, delta, p, c, lamb, k, K
-4.808370993344285971e+00,1.348262618555857273e+00,2.221138856584113364e-01,2.332541656678716047e-01,8.500000000000000611e-02,3.000000000000000000e+00,4.767840060099503025e+06
-4.550456946852958318e+00,1.934640850942604295e+00,4.283291046359101184e-01,1.539362623710781863e-01,8.500000000000000611e-02,3.000000000000000000e+00,4.767840060099503025e+06
-4.690941036569317824e+00,1.262726519168423378e+00,2.307049847325529091e-02,3.420028377897321725e-01,8.500000000000000611e-02,3.000000000000000000e+00,4.767840060099503025e+06
-5.090073616729424266e+00,1.893425079126778598e+00,1.015951163843979099e+00,2.737921370115256603e-01,8.500000000000000611e-02,3.000000000000000000e+00,4.767840060099503025e+06
-5.144741580573780837e+00,1.662802697293260579e+00,7.848962332665869734e-01,2.030765428713214860e-01,8.500000000000000611e-02,3.000000000000000000e+00,4.767840060099503025e+06
-5.212804194462781204e+00,1.675153764261314127e+00,8.953944197153208551e-01,2.447697191338643607e-01,8.500000000000000611e-02,3.000000000000000000e+00,4.767840060099503025e+06
-5.342165960325976570e+00,1.516571111980565822e+00,8.979492502470864945e-01,2.789421218789057688e-01,8.500000000000000611e-02,3.000000000000000000e+00,4.767840060099503025e+06
-5.290322180852841782e+00,1.867473336272823969e+00,1.294961274156766207e+00,4.388008361906194366e-01,8.500000000000000611e-02,3.000000000000000000e+00,4.767840060099503025e+06
-5.308498092240631294e+00,2.106356051157590503e+00,1.442522982656029740e+00,2.589214568744499512e-01,8.500000000000000611e-02,3.000000000000000000e+00,4.767840060099503025e+06
-5.522067115685187488e+00,1.097812101911612492e+00,8.424195848977975576e-01,4.995927777076546450e-01,8.500000000000000611e-02,3.000000000000000000e+00,4.767840060099503025e+06
-5.820221603244773334e+00,1.669115456884142867e+00,1.699920091503201780e+00,5.074733433347213829e-01,8.500000000000000611e-02,3.000000000000000000e+00,4.767840060099503025e+06
-6.139428808694797013e+00,1.822637334735572434e+00,2.204998911186724531e+00,5.615799909845962112e-01,8.500000000000000611e-02,3.000000000000000000e+00,4.767840060099503025e+06
-6.061045087043982704e+00,1.816528403516685986e+00,2.160936525811619546e+00,6.117774698901227159e-01,8.500000000000000611e-02,3.000000000000000000e+00,4.767840060099503025e+06
-6.309622057811203888e+00,2.243440598096103855e+00,2.499292038063204657e+00,2.932084870559895640e-01,8.500000000000000611e-02,3.000000000000000000e+00,4.767840060099503025e+06
-6.309622057811203888e+00,2.243440598096103855e+00,2.499292038063204657e+00,2.932084870559895640e-01,8.500000000000000611e-02,3.000000000000000000e+00,4.767840060099503025e+06
-6.284391063811653133e+00,2.235758426643850161e+00,2.501441694043416764e+00,3.313444485271530571e-01,8.500000000000000611e-02,3.000000000000000000e+00,4.767840060099503025e+06
-6.284391063811653133e+00,2.235758426643850161e+00,2.501441694043416764e+00,3.313444485271530571e-01,8.500000000000000611e-02,3.000000000000000000e+00,4.767840060099503025e+06
-6.284391063811653133e+00,2.235758426643850161e+00,2.501441694043416764e+00,3.313444485271530571e-01,8.500000000000000611e-02,3.000000000000000000e+00,4.767840060099503025e+06
-6.284391063811653133e+00,2.235758426643850161e+00,2.501441694043416764e+00,3.313444485271530571e-01,8.500000000000000611e-02,3.000000000000000000e+00,4.767840060099503025e+06
-6.312898683877597783e+00,2.227767185709323527e+00,2.515883361035442078e+00,3.263520281417315871e-01,8.500000000000000611e-02,3.000000000000000000e+00,4.767840060099503025e+06
-6.312898683877597783e+00,2.227767185709323527e+00,2.515883361035442078e+00,3.263520281417315871e-01,8.500000000000000611e-02,3.000000000000000000e+00,4.767840060099503025e+06
-6.312898683877597783e+00,2.227767185709323527e+00,2.515883361035442078e+00,3.263520281417315871e-01,8.500000000000000611e-02,3.000000000000000000e+00,4.767840060099503025e+06
-6.000468819794479103e+00,2.081258182650873145e+00,2.588236498736082414e+00,8.818938463833286834e-01,8.500000000000000611e-02,3.000000000000000000e+00,4.767840060099503025e+06
-6.119173969433703952e+00,2.023956231775224879e+00,2.597165969909615235e+00,8.002173109855672539e-01,8.500000000000000611e-02,3.000000000000000000e+00,4.767840060099503025e+06
-5.537476944031682002e+00,1.852241373730502572e+00,1.552360175515890894e+00,4.737702416037200548e-01,8.500000000000000611e-02,3.000000000000000000e+00,4.767840060099503025e+06
-4.714102488431233695e+00,2.313639819772528305e+00,9.981898387778566084e-01,2.743560616990291523e-01,8.500000000000000611e-02,3.000000000000000000e+00,4.767840060099503025e+06
-4.942923456813461236e+00,2.723143993083437131e+00,1.740855462719906210e+00,4.169318177872515796e-01,8.500000000000000611e-02,3.000000000000000000e+00,4.767840060099503025e+06
-4.721982494146075737e+00,2.667490805943081966e+00,1.559870162508342428e+00,5.301201841675760029e-01,8.500000000000000611e-02,3.000000000000000000e+00,4.767840060099503025e+06
-5.291447023189938648e+00,2.712570872528736743e+00,2.205878559943794670e+00,5.252243822576114773e-01,8.500000000000000611e-02,3.000000000000000000e+00,4.767840060099503025e+06
-5.147488080629972984e+00,2.438580599095901746e+00,1.978238055524907280e+00,8.105541736886665571e-01,8.500000000000000611e-02,3.000000000000000000e+00,4.767840060099503025e+06
-4.789778350083532032e+00,2.541581640652682772e+00,1.715498986944564930e+00,8.353830997552906812e-01,8.500000000000000611e-02,3.000000000000000000e+00,4.767840060099503025e+06
-5.486626896199665815e+00,2.317296439366542060e+00,2.219778432558783265e+00,8.202429269379962751e-01,8.500000000000000611e-02,3.000000000000000000e+00,4.767840060099503025e+06
-6.024227017941109708e+00,1.851202333820005208e+00,2.713249936121715500e+00,1.273556067347936027e+00,8.500000000000000611e-02,3.000000000000000000e+00,4.767840060099503025e+06
-6.403804873220205529e+00,2.350922413349833651e+00,3.443655176574414334e+00,1.086837837920678673e+00,8.500000000000000611e-02,3.000000000000000000e+00,4.767840060099503025e+06
-6.514164283005435152e+00,2.396902203426031441e+00,3.786888927576435915e+00,1.286451279059000141e+00,8.500000000000000611e-02,3.000000000000000000e+00,4.767840060099503025e+06
-6.078848852856339136e+00,2.237497694997524711e+00,3.367725126003824343e+00,1.468350389505631348e+00,8.500000000000000611e-02,3.000000000000000000e+00,4.767840060099503025e+06
-6.207762549993020684e+00,2.706285075290256081e+00,3.956645569933273876e+00,1.481382652579139370e+00,8.500000000000000611e-02,3.000000000000000000e+00,4.767840060099503025e+06
-6.000036895725019193e+00,2.289390178279716359e+00,3.251230481109468773e+00,1.380567948815910162e+00,8.500000000000000611e-02,3.000000000000000000e+00,4.767840060099503025e+06
-6.097179007176405818e+00,2.237608666612159958e+00,3.239988659188957509e+00,1.325411312869922531e+00,8.500000000000000611e-02,3.000000000000000000e+00,4.767840060099503025e+06
-5.971093066948626849e+00,2.613418278502935177e+00,3.320767739375717120e+00,1.149692422381130674e+00,8.500000000000000611e-02,3.000000000000000000e+00,4.767840060099503025e+06
-5.824841625839090042e+00,2.132319587645162162e+00,2.141985091270823816e+00,5.072751630561207481e-01,8.500000000000000611e-02,3.000000000000000000e+00,4.767840060099503025e+06
-6.139196233343584552e+00,2.430128127096579327e+00,2.879909237809502809e+00,6.123688928053451219e-01,8.500000000000000611e-02,3.000000000000000000e+00,4.767840060099503025e+06
-5.251403843099958557e+00,1.724793080828178837e+00,1.244981251629389662e+00,6.354878775401427982e-01,8.500000000000000611e-02,3.000000000000000000e+00,4.767840060099503025e+06
-5.431419092395451287e+00,2.151812780805816949e+00,1.771763107535023529e+00,5.252667863257899361e-01,8.500000000000000611e-02,3.000000000000000000e+00,4.767840060099503025e+06
-5.625725511691899605e+00,2.079887570259843610e+00,1.960540253443996628e+00,6.065514249611496655e-01,8.500000000000000611e-02,3.000000000000000000e+00,4.767840060099503025e+06
-5.657640073588369845e+00,2.287240247602869481e+00,2.096474535333293865e+00,4.302288422278465196e-01,8.500000000000000611e-02,3.000000000000000000e+00,4.767840060099503025e+06
-5.767964295623320581e+00,2.549832523669331330e+00,2.440916187153050476e+00,4.312703729602935798e-01,8.500000000000000611e-02,3.000000000000000000e+00,4.767840060099503025e+06
-5.769666549769712383e+00,2.500599880717566226e+00,2.406636530600453572e+00,4.551188828921262641e-01,8.500000000000000611e-02,3.000000000000000000e+00,4.767840060099503025e+06
-5.710317173722851969e+00,2.132688990212574520e+00,2.035776413431294785e+00,4.947140022842455021e-01,8.500000000000000611e-02,3.000000000000000000e+00,4.767840060099503025e+06
-6.041797987543872317e+00,2.100842025257200874e+00,2.398971316212874960e+00,5.688950053890958758e-01,8.500000000000000611e-02,3.000000000000000000e+00,4.767840060099503025e+06
-5.704710805633555815e+00,2.607520897655705383e+00,2.473082476592030510e+00,4.769244077076689736e-01,8.500000000000000611e-02,3.000000000000000000e+00,4.767840060099503025e+06
-5.704710805633555815e+00,2.607520897655705383e+00,2.473082476592030510e+00,4.769244077076689736e-01,8.500000000000000611e-02,3.000000000000000000e+00,4.767840060099503025e+06
-5.640509447660027931e+00,1.999746815435621716e+00,1.851433216652281777e+00,5.261935751850925769e-01,8.500000000000000611e-02,3.000000000000000000e+00,4.767840060099503025e+06
-5.851539700299579927e+00,1.907722870422386308e+00,2.025958579212272515e+00,5.842283065696500799e-01,8.500000000000000611e-02,3.000000000000000000e+00,4.767840060099503025e+06
-5.748807387145667747e+00,2.616218017338229895e+00,2.675398980158610218e+00,6.600624949404180208e-01,8.500000000000000611e-02,3.000000000000000000e+00,4.767840060099503025e+06
-6.025533498553972578e+00,2.303830251184403544e+00,2.733177941275680034e+00,7.690868273045373682e-01,8.500000000000000611e-02,3.000000000000000000e+00,4.767840060099503025e+06
-6.172797221022957359e+00,1.795356115060443791e+00,2.189294450714123208e+00,5.258456928485222281e-01,8.500000000000000611e-02,3.000000000000000000e+00,4.767840060099503025e+06
-6.320008109513342021e+00,1.108530055539761250e+00,2.103368780081198430e+00,1.031625879638546905e+00,8.500000000000000611e-02,3.000000000000000000e+00,4.767840060099503025e+06
-6.497545428613443974e+00,1.481539573621275530e+00,2.530175333199653487e+00,8.822994012668983199e-01,8.500000000000000611e-02,3.000000000000000000e+00,4.767840060099503025e+06
-6.392736583121146232e+00,9.971533246215131818e-01,2.027157783103514355e+00,9.540634696279146620e-01,8.500000000000000611e-02,3.000000000000000000e+00,4.767840060099503025e+06
-6.322198218675035619e+00,1.161585136540999263e+00,2.155533902523451673e+00,1.047725312875154913e+00,8.500000000000000611e-02,3.000000000000000000e+00,4.767840060099503025e+06
-6.421545936427888179e+00,1.807329898130766388e+00,3.107531209236989334e+00,1.270808170512808477e+00,8.500000000000000611e-02,3.000000000000000000e+00,4.767840060099503025e+06
-6.301942635462853382e+00,1.990377865030767746e+00,3.060175040287658188e+00,1.153520044534581679e+00,8.500000000000000611e-02,3.000000000000000000e+00,4.767840060099503025e+06
-6.363561393590655868e+00,2.041427553937959161e+00,3.387889829690817756e+00,1.393953682742360423e+00,8.500000000000000611e-02,3.000000000000000000e+00,4.767840060099503025e+06
-6.174126385853412557e+00,2.115158940343285998e+00,3.008727486962410769e+00,1.108321158176811538e+00,8.500000000000000611e-02,3.000000000000000000e+00,4.767840060099503025e+06
-5.821988214910810200e+00,2.295990682169207542e+00,2.512360108808563641e+00,7.549255335328637351e-01,8.500000000000000611e-02,3.000000000000000000e+00,4.767840060099503025e+06
-5.051946384046711813e+00,2.164803203909892115e+00,1.341386241113882827e+00,4.851264135011692513e-01,8.500000000000000611e-02,3.000000000000000000e+00,4.767840060099503025e+06
-4.906580997640989317e+00,2.312047406298394669e+00,1.380793194248574940e+00,5.707672595145039107e-01,8.500000000000000611e-02,3.000000000000000000e+00,4.767840060099503025e+06
-5.357861638137449312e+00,1.942477423033794448e+00,1.862559584430740101e+00,9.961441842333660368e-01,8.500000000000000611e-02,3.000000000000000000e+00,4.767840060099503025e+06
-5.078708588198274754e+00,1.557676181237609203e+00,1.215445206488467988e+00,1.011176119017187958e+00,8.500000000000000611e-02,3.000000000000000000e+00,4.767840060099503025e+06
-6.591011709130203400e+00,1.260541087456182208e+00,3.251187150547850013e+00,1.743445340602556071e+00,8.500000000000000611e-02,3.000000000000000000e+00,4.767840060099503025e+06
-6.737192075462379748e+00,1.254729565297365568e+00,3.481829518700163106e+00,1.839196672961268764e+00,8.500000000000000611e-02,3.000000000000000000e+00,4.767840060099503025e+06
-6.685179837146601578e+00,1.193138248408060598e+00,3.287956998015926224e+00,1.757522476879898710e+00,8.500000000000000611e-02,3.000000000000000000e+00,4.767840060099503025e+06
-6.995934745433122437e+00,1.354551292137481378e+00,3.923161041951930272e+00,1.933902909447594576e+00,8.500000000000000611e-02,3.000000000000000000e+00,4.767840060099503025e+06
-6.404917709426968919e+00,1.490852581877500027e+00,3.162705058755967524e+00,1.639553734388557782e+00,8.500000000000000611e-02,3.000000000000000000e+00,4.767840060099503025e+06
-6.644433050526019180e+00,1.547507162180515206e+00,3.688343568922766380e+00,1.887091352281782930e+00,8.500000000000000611e-02,3.000000000000000000e+00,4.767840060099503025e+06
-6.625761714227739851e+00,1.604544083862209147e+00,3.756275617510028475e+00,1.925970437300163374e+00,8.500000000000000611e-02,3.000000000000000000e+00,4.767840060099503025e+06
-6.406807325126061770e+00,1.519361783843046654e+00,3.154290416231642968e+00,1.610347256307206099e+00,8.500000000000000611e-02,3.000000000000000000e+00,4.767840060099503025e+06
-6.237902882382433845e+00,2.006342482233796076e+00,3.550211644436622294e+00,1.725818675075404318e+00,8.500000000000000611e-02,3.000000000000000000e+00,4.767840060099503025e+06
-6.455032114180510483e+00,2.098648060096619528e+00,3.909945669742325602e+00,1.763810496571124764e+00,8.500000000000000611e-02,3.000000000000000000e+00,4.767840060099503025e+06
-6.223669247244856706e+00,1.523110722161900021e+00,3.039226437335866837e+00,1.684274964071894365e+00,8.500000000000000611e-02,3.000000000000000000e+00,4.767840060099503025e+06
-6.161377041411760125e+00,1.444012352277127320e+00,2.908754576011748583e+00,1.715353164620960991e+00,8.500000000000000611e-02,3.000000000000000000e+00,4.767840060099503025e+06
-6.150888698125399401e+00,1.431500094806121171e+00,2.876710737992077771e+00,1.714777442342197089e+00,8.500000000000000611e-02,3.000000000000000000e+00,4.767840060099503025e+06
-5.494851852203740172e+00,9.638176050226461289e-01,1.273871019947603989e+00,1.193224130001104388e+00,8.500000000000000611e-02,3.000000000000000000e+00,4.767840060099503025e+06
-5.573775008023741151e+00,1.485246397823131614e+00,1.538991853727442516e+00,8.472429976813244945e-01,8.500000000000000611e-02,3.000000000000000000e+00,4.767840060099503025e+06
-5.869513974939247092e+00,1.013599623266762562e+00,1.575680948459446062e+00,1.012680582535344431e+00,8.500000000000000611e-02,3.000000000000000000e+00,4.767840060099503025e+06
-5.609159279117792885e+00,1.018913786254874498e+00,7.653536701927190489e-01,3.675469667684898023e-01,8.500000000000000611e-02,3.000000000000000000e+00,4.767840060099503025e+06
-6.130307081416560777e+00,8.201218776244467712e-01,1.174493804231547145e+00,4.002822558515141127e-01,8.500000000000000611e-02,3.000000000000000000e+00,4.767840060099503025e+06
-6.086596983270714745e+00,9.046342560463667137e-01,1.344226683796362343e+00,5.840139348146691223e-01,8.500000000000000611e-02,3.000000000000000000e+00,4.767840060099503025e+06
-5.820899328375192638e+00,6.019461626832118828e-01,6.757657327800810076e-01,4.211564542526589072e-01,8.500000000000000611e-02,3.000000000000000000e+00,4.767840060099503025e+06
-4.773063797397265162e+00,6.153313649469056568e-01,-4.949461725072912266e-01,3.076355597178103141e-01,8.500000000000000611e-02,3.000000000000000000e+00,4.767840060099503025e+06
-5.048943659695457775e+00,5.936172705189727283e-01,-1.323647016803746190e-01,4.031200337491414043e-01,8.500000000000000611e-02,3.000000000000000000e+00,4.767840060099503025e+06
-5.312178222534068794e+00,4.679938085206039045e-01,7.452729579598593723e-02,4.746935206236860272e-01,8.500000000000000611e-02,3.000000000000000000e+00,4.767840060099503025e+06
-5.314266161651964637e+00,4.708668972567497946e-01,7.607891740168867822e-02,4.699561491017704151e-01,8.500000000000000611e-02,3.000000000000000000e+00,4.767840060099503025e+06
-5.226500666043551568e+00,1.595986106046359598e+00,9.079464986942276106e-01,3.249819649573222891e-01,8.500000000000000611e-02,3.000000000000000000e+00,4.767840060099503025e+06
-5.605681552151906999e+00,2.026798426180568491e+00,1.787188783269652470e+00,4.435024786585431977e-01,8.500000000000000611e-02,3.000000000000000000e+00,4.767840060099503025e+06
-4.572755573922115957e+00,2.283746262671018101e+00,1.052970466896158364e+00,5.997551735096613434e-01,8.500000000000000611e-02,3.000000000000000000e+00,4.767840060099503025e+06
-5.449878607801204033e+00,2.363444820187824202e+00,2.208301419306998969e+00,7.957715347536606920e-01,8.500000000000000611e-02,3.000000000000000000e+00,4.767840060099503025e+06
-5.484561388095556822e+00,2.343542511300008790e+00,2.024084316927706961e+00,4.964182448072082532e-01,8.500000000000000611e-02,3.000000000000000000e+00,4.767840060099503025e+06
-5.289624081890961449e+00,2.863478455778230902e+00,2.230198599685444538e+00,2.999207550778258957e-01,8.500000000000000611e-02,3.000000000000000000e+00,4.767840060099503025e+06
-5.298664207312173247e+00,2.837486347826011723e+00,2.217689138200245935e+00,3.043403153461441413e-01,8.500000000000000611e-02,3.000000000000000000e+00,4.767840060099503025e+06
-5.361127362420760711e+00,2.794297123814690309e+00,2.263693444816728739e+00,3.392711283316878768e-01,8.500000000000000611e-02,3.000000000000000000e+00,4.767840060099503025e+06
-5.166068004683559423e+00,2.997458803739155186e+00,2.269771375968097082e+00,3.389188500588687369e-01,8.500000000000000611e-02,3.000000000000000000e+00,4.767840060099503025e+06
-5.617247204306754504e+00,2.525674975908432707e+00,2.413254189402845640e+00,5.998411243425224582e-01,8.500000000000000611e-02,3.000000000000000000e+00,4.767840060099503025e+06
-5.980711803678823379e+00,2.914012248012469275e+00,3.257647492523669808e+00,7.181436680832371522e-01,8.500000000000000611e-02,3.000000000000000000e+00,4.767840060099503025e+06
-5.980711803678823379e+00,2.914012248012469275e+00,3.257647492523669808e+00,7.181436680832371522e-01,8.500000000000000611e-02,3.000000000000000000e+00,4.767840060099503025e+06
-6.032282325367389397e+00,2.994287808384604066e+00,3.409109873137445845e+00,7.442199087598901919e-01,8.500000000000000611e-02,3.000000000000000000e+00,4.767840060099503025e+06
-5.838755201782095838e+00,2.754535686439480102e+00,2.972851656907256945e+00,7.518949730254201880e-01,8.500000000000000611e-02,3.000000000000000000e+00,4.767840060099503025e+06
-6.010240999638855719e+00,2.816307510184091534e+00,3.150721780087290647e+00,6.653263863767399089e-01,8.500000000000000611e-02,3.000000000000000000e+00,4.767840060099503025e+06
-5.868402547947070502e+00,2.752361964047446818e+00,2.833798883143247238e+00,5.355994393716139168e-01,8.500000000000000611e-02,3.000000000000000000e+00,4.767840060099503025e+06
-5.911495303640127652e+00,2.368061745480276592e+00,2.638835481888685219e+00,6.850848332180211608e-01,8.500000000000000611e-02,3.000000000000000000e+00,4.767840060099503025e+06
-5.829190693076600205e+00,2.262536627639738285e+00,2.440090698113093204e+00,6.823294232950219973e-01,8.500000000000000611e-02,3.000000000000000000e+00,4.767840060099503025e+06
-6.221071419368050748e+00,1.764940813524338292e+00,2.572076986346565786e+00,9.747136980289703434e-01,8.500000000000000611e-02,3.000000000000000000e+00,4.767840060099503025e+06
-6.286567939419438922e+00,2.118037211684692611e+00,2.906333218659341799e+00,8.737280101291129419e-01,8.500000000000000611e-02,3.000000000000000000e+00,4.767840060099503025e+06
-5.953478132670645628e+00,2.199394339278077037e+00,2.428134182757721860e+00,6.194854829262137486e-01,8.500000000000000611e-02,3.000000000000000000e+00,4.767840060099503025e+06
-6.011089871539035734e+00,2.607698027124369489e+00,3.087605188951658697e+00,8.883621785611471866e-01,8.500000000000000611e-02,3.000000000000000000e+00,4.767840060099503025e+06
-5.555466529517924634e+00,2.714460484778808080e+00,2.761019101095114614e+00,9.066831099982872733e-01,8.500000000000000611e-02,3.000000000000000000e+00,4.767840060099503025e+06
-5.690808402337052208e+00,2.811000157032743640e+00,3.023725879236230263e+00,9.380266256384797163e-01,8.500000000000000611e-02,3.000000000000000000e+00,4.767840060099503025e+06
-5.790828844289408472e+00,2.633341489492263765e+00,2.921151960168506090e+00,8.823638213068394354e-01,8.500000000000000611e-02,3.000000000000000000e+00,4.767840060099503025e+06
-5.693479170985756177e+00,1.857401963824596880e+00,2.534911941494447873e+00,1.433275615710708273e+00,8.500000000000000611e-02,3.000000000000000000e+00,4.767840060099503025e+06
-5.494921736210919505e+00,1.843657362053420457e+00,2.107977282870812541e+00,1.205146622543232349e+00,8.500000000000000611e-02,3.000000000000000000e+00,4.767840060099503025e+06
-5.437535358229423466e+00,1.584009346970790766e+00,1.997233451926847980e+00,1.419125931826552778e+00,8.500000000000000611e-02,3.000000000000000000e+00,4.767840060099503025e+06
-5.428642449286736671e+00,1.786449775843909293e+00,2.430170952168354326e+00,1.670147658463556173e+00,8.500000000000000611e-02,3.000000000000000000e+00,4.767840060099503025e+06
-5.372035578460246263e+00,1.389668550847325879e+00,1.898410592746622161e+00,1.569515944938343788e+00,8.500000000000000611e-02,3.000000000000000000e+00,4.767840060099503025e+06
-5.051814165617588337e+00,1.535179497938458759e+00,1.634523114290505008e+00,1.517881435294655690e+00,8.500000000000000611e-02,3.000000000000000000e+00,4.767840060099503025e+06
-5.883291026761400921e+00,1.484056024089353665e+00,2.132429650536690424e+00,1.135193016719945547e+00,8.500000000000000611e-02,3.000000000000000000e+00,4.767840060099503025e+06
-5.821579725067378419e+00,1.224786315223890920e+00,1.611080267499162666e+00,9.029659117088393305e-01,8.500000000000000611e-02,3.000000000000000000e+00,4.767840060099503025e+06
-5.884387158770220339e+00,1.637963468906745490e+00,1.716176314106827583e+00,4.778945186492867259e-01,8.500000000000000611e-02,3.000000000000000000e+00,4.767840060099503025e+06
-6.191623337127036386e+00,1.500943511230326877e+00,1.922013138567237434e+00,4.946708515260406225e-01,8.500000000000000611e-02,3.000000000000000000e+00,4.767840060099503025e+06
-6.169681850931150180e+00,1.605222116003545807e+00,2.003536383037747282e+00,4.835667076797894870e-01,8.500000000000000611e-02,3.000000000000000000e+00,4.767840060099503025e+06
-6.023260804967206283e+00,1.434015111343052373e+00,1.900574527492559840e+00,7.672063007166509685e-01,8.500000000000000611e-02,3.000000000000000000e+00,4.767840060099503025e+06
-5.467167347459588100e+00,8.012054515982443004e-01,7.203892955826929345e-01,7.798445491744032676e-01,8.500000000000000611e-02,3.000000000000000000e+00,4.767840060099503025e+06
-5.569966323957159737e+00,1.144441475508075401e+00,1.069998388410882129e+00,6.648557573806175292e-01,8.500000000000000611e-02,3.000000000000000000e+00,4.767840060099503025e+06
-6.107843088957972455e+00,1.196651746686791196e+00,2.037200657707627371e+00,1.114883729989198935e+00,8.500000000000000611e-02,3.000000000000000000e+00,4.767840060099503025e+06
-6.071314628277756142e+00,9.914828289766819402e-01,1.951065628535980423e+00,1.269844925122489920e+00,8.500000000000000611e-02,3.000000000000000000e+00,4.767840060099503025e+06
-5.917088752772612814e+00,1.365308678983651713e+00,1.956617370219452479e+00,1.040428690908361986e+00,8.500000000000000611e-02,3.000000000000000000e+00,4.767840060099503025e+06
-6.214101633699857352e+00,1.182309284445133724e+00,2.496359949070825923e+00,1.485715477508865900e+00,8.500000000000000611e-02,3.000000000000000000e+00,4.767840060099503025e+06
-6.120680869689116399e+00,1.098414781492724757e+00,2.271280126635274677e+00,1.428177937324358826e+00,8.500000000000000611e-02,3.000000000000000000e+00,4.767840060099503025e+06
-6.516691500289559791e+00,1.364559453470473915e+00,3.025086968457344039e+00,1.529241077991563058e+00,8.500000000000000611e-02,3.000000000000000000e+00,4.767840060099503025e+06
-6.643033350688956062e+00,1.186126949821421528e+00,3.008598813031109209e+00,1.544837810063363737e+00,8.500000000000000611e-02,3.000000000000000000e+00,4.767840060099503025e+06
-6.094072221162769587e+00,9.182517914772375667e-01,1.982852509420096165e+00,1.310838501204253603e+00,8.500000000000000611e-02,3.000000000000000000e+00,4.767840060099503025e+06
-6.398362944613797509e+00,8.867152277463647980e-01,2.083642724950239167e+00,1.103293085785097327e+00,8.500000000000000611e-02,3.000000000000000000e+00,4.767840060099503025e+06
-6.397847585015957073e+00,7.342670164431254198e-01,1.858028945487819827e+00,1.005558281004845345e+00,8.500000000000000611e-02,3.000000000000000000e+00,4.767840060099503025e+06
-6.169286673693830991e+00,1.752062828988252718e+00,2.447790200427233831e+00,9.004561798219176127e-01,8.500000000000000611e-02,3.000000000000000000e+00,4.767840060099503025e+06
-5.813710719729980880e+00,7.482370371022508682e-01,1.489620203697353151e+00,1.243864148684655557e+00,8.500000000000000611e-02,3.000000000000000000e+00,4.767840060099503025e+06
-5.703560039954741256e+00,9.694580564600697725e-01,1.583973023039358496e+00,1.258796448583457295e+00,8.500000000000000611e-02,3.000000000000000000e+00,4.767840060099503025e+06
-5.670520491457920365e+00,9.367011020962152656e-01,1.656696617874431787e+00,1.415194494971475425e+00,8.500000000000000611e-02,3.000000000000000000e+00,4.767840060099503025e+06
-5.320732752388730447e+00,1.633033454229242398e+00,1.659604687032512071e+00,1.110552833543783313e+00,8.500000000000000611e-02,3.000000000000000000e+00,4.767840060099503025e+06
-5.593053858769693854e+00,1.570932708979609016e+00,1.832190744627229639e+00,1.050336035146186120e+00,8.500000000000000611e-02,3.000000000000000000e+00,4.767840060099503025e+06
-5.019494654993157390e+00,2.007278954820586936e+00,1.650468547446150458e+00,1.080602211195708318e+00,8.500000000000000611e-02,3.000000000000000000e+00,4.767840060099503025e+06
-5.226470377650452193e+00,2.349507218787301177e+00,1.974454034796378155e+00,7.988057932261558580e-01,8.500000000000000611e-02,3.000000000000000000e+00,4.767840060099503025e+06
-4.974382471102719805e+00,2.451516400009673635e+00,1.695840821540663512e+00,6.195080697700845462e-01,8.500000000000000611e-02,3.000000000000000000e+00,4.767840060099503025e+06
-4.762582232369137358e+00,2.658414181358879969e+00,1.435641175982448114e+00,3.400509700948307068e-01,8.500000000000000611e-02,3.000000000000000000e+00,4.767840060099503025e+06
-4.976318333158153528e+00,1.594248686407246707e+00,8.595375454147231586e-01,6.851720439358686132e-01,8.500000000000000611e-02,3.000000000000000000e+00,4.767840060099503025e+06
-5.126937557980394189e+00,1.582621571783966230e+00,9.960945456810305076e-01,6.669949195287533383e-01,8.500000000000000611e-02,3.000000000000000000e+00,4.767840060099503025e+06
-5.872156490786292871e+00,1.159824802198726523e+00,1.353311897233010264e+00,6.208599413422120072e-01,8.500000000000000611e-02,3.000000000000000000e+00,4.767840060099503025e+06
-5.903439483714741698e+00,1.196166432259829548e+00,1.411641473993943130e+00,6.130969649091944085e-01,8.500000000000000611e-02,3.000000000000000000e+00,4.767840060099503025e+06
-6.245707487478613373e+00,1.277704935688403820e+00,1.719888282366852206e+00,4.864455381910970377e-01,8.500000000000000611e-02,3.000000000000000000e+00,4.767840060099503025e+06
-6.092482319347579889e+00,1.476006120615549033e+00,1.732297327535107678e+00,3.909971202639173637e-01,8.500000000000000611e-02,3.000000000000000000e+00,4.767840060099503025e+06
-6.285662327839026453e+00,1.175690357980918366e+00,1.781488671580587324e+00,5.678634888583571350e-01,8.500000000000000611e-02,3.000000000000000000e+00,4.767840060099503025e+06
-6.205133406681039965e+00,9.616035951782864188e-01,1.497478118019106574e+00,5.608383817658284531e-01,8.500000000000000611e-02,3.000000000000000000e+00,4.767840060099503025e+06
-6.649170508552819214e+00,1.860569192192754739e+00,2.947354150609212020e+00,7.356999375217149195e-01,8.500000000000000611e-02,3.000000000000000000e+00,4.767840060099503025e+06
-6.610127564783871534e+00,2.224420054371709199e+00,3.841602170807146166e+00,1.396757669789972400e+00,8.500000000000000611e-02,3.000000000000000000e+00,4.767840060099503025e+06
-6.685336343228543754e+00,2.169474042419778925e+00,3.986191837310286701e+00,1.534903840812519960e+00,8.500000000000000611e-02,3.000000000000000000e+00,4.767840060099503025e+06
-6.210443966403705218e+00,1.864900672759425726e+00,3.134260878279113705e+00,1.472195857561565013e+00,8.500000000000000611e-02,3.000000000000000000e+00,4.767840060099503025e+06
-5.795278480597541026e+00,1.987957479087701040e+00,2.571295679738260453e+00,1.208982325908877886e+00,8.500000000000000611e-02,3.000000000000000000e+00,4.767840060099503025e+06
-5.605571195245426352e+00,2.586625977513140384e+00,3.232788737853697469e+00,1.501923628212116446e+00,8.500000000000000611e-02,3.000000000000000000e+00,4.767840060099503025e+06
-5.531756480901700357e+00,2.953661930551352288e+00,3.428734357837938340e+00,1.400537943752966807e+00,8.500000000000000611e-02,3.000000000000000000e+00,4.767840060099503025e+06
-5.725782373793389723e+00,2.812793475583641900e+00,3.628359096709095510e+00,1.547476017467030118e+00,8.500000000000000611e-02,3.000000000000000000e+00,4.767840060099503025e+06
-5.725782373793389723e+00,2.812793475583641900e+00,3.628359096709095510e+00,1.547476017467030118e+00,8.500000000000000611e-02,3.000000000000000000e+00,4.767840060099503025e+06
-5.730380341349410322e+00,2.701962256571396104e+00,3.441271806019568391e+00,1.455462411203948259e+00,8.500000000000000611e-02,3.000000000000000000e+00,4.767840060099503025e+06
-5.538126690256527596e+00,1.870597901220107939e+00,2.264171609958442133e+00,1.266694872636730862e+00,8.500000000000000611e-02,3.000000000000000000e+00,4.767840060099503025e+06
-5.462740311343620370e+00,2.342359122431874052e+00,2.692605471587552035e+00,1.331370024911769701e+00,8.500000000000000611e-02,3.000000000000000000e+00,4.767840060099503025e+06
-5.629256019376049025e+00,2.520290018225707751e+00,2.848659503013791117e+00,1.103056921283272596e+00,8.500000000000000611e-02,3.000000000000000000e+00,4.767840060099503025e+06
-5.436234651861494349e+00,2.601014862624515089e+00,2.530349385246603688e+00,8.921424837945435282e-01,8.500000000000000611e-02,3.000000000000000000e+00,4.767840060099503025e+06
-5.521145411010213166e+00,2.105344552799920610e+00,2.202334249456182391e+00,9.869776144567298237e-01,8.500000000000000611e-02,3.000000000000000000e+00,4.767840060099503025e+06
-5.825581563847636701e+00,2.604947528777275423e+00,2.817725172990395599e+00,7.786702442272231961e-01,8.500000000000000611e-02,3.000000000000000000e+00,4.767840060099503025e+06
-5.439088772106793535e+00,1.852868259848009069e+00,1.493707417494000156e+00,4.883163836948464787e-01,8.500000000000000611e-02,3.000000000000000000e+00,4.767840060099503025e+06
-5.605193194972458492e+00,1.236503558803831337e+00,1.094474632060191688e+00,5.513947986514537991e-01,8.500000000000000611e-02,3.000000000000000000e+00,4.767840060099503025e+06
-4.996970238368091621e+00,8.945431873129748856e-01,-7.949248636057637540e-02,2.671915113746635706e-01,8.500000000000000611e-02,3.000000000000000000e+00,4.767840060099503025e+06
-5.372245773592753793e+00,1.000146288490057600e+00,5.605264800655749280e-01,4.565841648353211601e-01,8.500000000000000611e-02,3.000000000000000000e+00,4.767840060099503025e+06
-5.457047258959031311e+00,1.212542965299767905e+00,8.565399864397805763e-01,4.784061332676104450e-01,8.500000000000000611e-02,3.000000000000000000e+00,4.767840060099503025e+06
-5.398288071043845449e+00,1.335659746204791221e+00,8.749549803415666016e-01,4.141659847779322612e-01,8.500000000000000611e-02,3.000000000000000000e+00,4.767840060099503025e+06
-5.663282036173669987e+00,1.171809666530044147e+00,1.062516467487762295e+00,5.135030514062802753e-01,8.500000000000000611e-02,3.000000000000000000e+00,4.767840060099503025e+06
-5.975926050068045114e+00,9.830406648569337547e-01,1.237362047596219927e+00,5.359208133279170783e-01,8.500000000000000611e-02,3.000000000000000000e+00,4.767840060099503025e+06
-5.712925485177076546e+00,1.538710682169295296e+00,1.469945622938660268e+00,5.048819245724510685e-01,8.500000000000000611e-02,3.000000000000000000e+00,4.767840060099503025e+06
-5.171708246111470508e+00,1.283376238717744089e+00,7.023163754609704768e-01,5.762027785884893394e-01,8.500000000000000611e-02,3.000000000000000000e+00,4.767840060099503025e+06
-5.410731002385079869e+00,1.717495958441640047e+00,1.268600075690266449e+00,4.453116978444241481e-01,8.500000000000000611e-02,3.000000000000000000e+00,4.767840060099503025e+06
-5.306815213578311763e+00,1.754663291265282865e+00,1.192344430503071928e+00,4.740161365092187551e-01,8.500000000000000611e-02,3.000000000000000000e+00,4.767840060099503025e+06
-5.547648801443971323e+00,1.881983833793344107e+00,1.660611715447757097e+00,5.369309543764850812e-01,8.500000000000000611e-02,3.000000000000000000e+00,4.767840060099503025e+06
-6.018907340315773347e+00,2.134311540739927349e+00,2.710871110822862917e+00,9.737630008516839908e-01,8.500000000000000611e-02,3.000000000000000000e+00,4.767840060099503025e+06
-5.670630601134154070e+00,2.146534603989261658e+00,2.235722527593754450e+00,8.174484146375945448e-01,8.500000000000000611e-02,3.000000000000000000e+00,4.767840060099503025e+06
-5.980008141365473762e+00,2.300209597852814092e+00,2.637999096244193264e+00,7.113395392829791053e-01,8.500000000000000611e-02,3.000000000000000000e+00,4.767840060099503025e+06
-6.025422937713186045e+00,2.581469619047526365e+00,2.955265256868066182e+00,7.091324713521162115e-01,8.500000000000000611e-02,3.000000000000000000e+00,4.767840060099503025e+06
-6.227684443948217741e+00,2.693524766186572439e+00,3.300186047540707435e+00,7.422941322558911370e-01,8.500000000000000611e-02,3.000000000000000000e+00,4.767840060099503025e+06
-6.007767494486018656e+00,2.171219804274828302e+00,2.553378085460830782e+00,7.254118923984971268e-01,8.500000000000000611e-02,3.000000000000000000e+00,4.767840060099503025e+06
-5.554579197029116955e+00,2.179171463101942763e+00,2.081810594963836358e+00,7.031781259912268656e-01,8.500000000000000611e-02,3.000000000000000000e+00,4.767840060099503025e+06
-6.054618550747058237e+00,1.540210671304147683e+00,1.880034311552048365e+00,5.533814631819973240e-01,8.500000000000000611e-02,3.000000000000000000e+00,4.767840060099503025e+06
-6.292213871639567024e+00,2.361987907821597954e+00,2.828155664263168667e+00,3.907371892788377710e-01,8.500000000000000611e-02,3.000000000000000000e+00,4.767840060099503025e+06
-5.865374951809286586e+00,2.112101158379622756e+00,2.167449616921673705e+00,4.367001266337512400e-01,8.500000000000000611e-02,3.000000000000000000e+00,4.767840060099503025e+06
-6.517674617470022191e+00,1.744325421167117529e+00,2.572408524138785513e+00,5.747535494561593072e-01,8.500000000000000611e-02,3.000000000000000000e+00,4.767840060099503025e+06
-6.323779085572192038e+00,2.527654292845813000e+00,3.091657637836132899e+00,5.598403943374247183e-01,8.500000000000000611e-02,3.000000000000000000e+00,4.767840060099503025e+06
-6.247866014853485694e+00,1.824792792681422249e+00,2.565276517431175574e+00,8.299596313449577600e-01,8.500000000000000611e-02,3.000000000000000000e+00,4.767840060099503025e+06
-5.682731988471239504e+00,1.933359557561037834e+00,2.046047713720783534e+00,7.908924307034144174e-01,8.500000000000000611e-02,3.000000000000000000e+00,4.767840060099503025e+06
-5.813076611591112552e+00,1.846631178246703309e+00,2.121932179951859787e+00,8.430987195057146888e-01,8.500000000000000611e-02,3.000000000000000000e+00,4.767840060099503025e+06
-6.193533702168893207e+00,1.683287793158874113e+00,2.211228419786938737e+00,7.054435442325301953e-01,8.500000000000000611e-02,3.000000000000000000e+00,4.767840060099503025e+06
-6.202528018929199582e+00,1.365833937321029978e+00,2.152415905836763343e+00,9.534050790695673960e-01,8.500000000000000611e-02,3.000000000000000000e+00,4.767840060099503025e+06
-5.988880491854215116e+00,1.765361414703588983e+00,2.225489064638135783e+00,8.365619493250565641e-01,8.500000000000000611e-02,3.000000000000000000e+00,4.767840060099503025e+06
-6.096564276920631187e+00,1.383776349266834016e+00,2.241797996383727565e+00,1.145708189117620179e+00,8.500000000000000611e-02,3.000000000000000000e+00,4.767840060099503025e+06
-6.122989690447607991e+00,1.293755461398840456e+00,2.206565841388669291e+00,1.176949366770158267e+00,8.500000000000000611e-02,3.000000000000000000e+00,4.767840060099503025e+06
-6.251926266178536196e+00,1.470498419375272814e+00,2.403481464334265016e+00,1.032969867418930043e+00,8.500000000000000611e-02,3.000000000000000000e+00,4.767840060099503025e+06
-6.600657085815564429e+00,1.154266346886678285e+00,2.807779512281465273e+00,1.425610451599618855e+00,8.500000000000000611e-02,3.000000000000000000e+00,4.767840060099503025e+06
-6.513267407083790594e+00,1.129454627647990428e+00,2.609185799370403291e+00,1.329563727124683403e+00,8.500000000000000611e-02,3.000000000000000000e+00,4.767840060099503025e+06
-6.079633025574740834e+00,1.687958066184874095e+00,2.667881493271300641e+00,1.288561327312582439e+00,8.500000000000000611e-02,3.000000000000000000e+00,4.767840060099503025e+06
-6.647077354123447357e+00,2.118671819901689624e+00,3.926615591851687626e+00,1.578158403412189159e+00,8.500000000000000611e-02,3.000000000000000000e+00,4.767840060099503025e+06
-6.420292225760952931e+00,1.913525744889556846e+00,3.249177079987377592e+00,1.312750741620316353e+00,8.500000000000000611e-02,3.000000000000000000e+00,4.767840060099503025e+06
-6.280399690313767991e+00,2.217830918604374979e+00,3.383229750741950426e+00,1.264544851451595342e+00,8.500000000000000611e-02,3.000000000000000000e+00,4.767840060099503025e+06
-6.074714681150976681e+00,2.327191988601875039e+00,3.236522476843443297e+00,1.219525782624529153e+00,8.500000000000000611e-02,3.000000000000000000e+00,4.767840060099503025e+06
-6.216390703176176480e+00,2.344815353494046128e+00,3.524748765892320002e+00,1.359419804953326150e+00,8.500000000000000611e-02,3.000000000000000000e+00,4.767840060099503025e+06
-6.330223241723337502e+00,2.502742805581555263e+00,3.826764656503290674e+00,1.393479820485100440e+00,8.500000000000000611e-02,3.000000000000000000e+00,4.767840060099503025e+06
-6.229432072494412331e+00,1.728136174899981725e+00,3.252459278228604589e+00,1.705285592720619636e+00,8.500000000000000611e-02,3.000000000000000000e+00,4.767840060099503025e+06
-6.483285205113250349e+00,1.296135632262782167e+00,2.997668975101379640e+00,1.600457981807780206e+00,8.500000000000000611e-02,3.000000000000000000e+00,4.767840060099503025e+06
-6.434020903362835497e+00,1.486500905827313312e+00,2.813425659152219982e+00,1.259393953694216250e+00,8.500000000000000611e-02,3.000000000000000000e+00,4.767840060099503025e+06
-6.283113387849648568e+00,1.405009607974216479e+00,2.501505017556964194e+00,1.161943157047212960e+00,8.500000000000000611e-02,3.000000000000000000e+00,4.767840060099503025e+06
-6.445977943567724466e+00,8.024314921825739244e-01,1.996125050204713425e+00,1.026188370459347965e+00,8.500000000000000611e-02,3.000000000000000000e+00,4.767840060099503025e+06
-6.481846112147941597e+00,7.585186995686508116e-01,2.088097018772076652e+00,1.117354958709057655e+00,8.500000000000000611e-02,3.000000000000000000e+00,4.767840060099503025e+06
-5.841708945547890330e+00,8.023548168844686357e-01,1.830583982738744453e+00,1.522700625770810667e+00,8.500000000000000611e-02,3.000000000000000000e+00,4.767840060099503025e+06
-5.667673290389557472e+00,9.852683238477210059e-01,1.247608224753460338e+00,9.572900194645562744e-01,8.500000000000000611e-02,3.000000000000000000e+00,4.767840060099503025e+06
-5.668200239414092678e+00,7.980996757730312030e-01,1.344207752886056095e+00,1.245569175309142684e+00,8.500000000000000611e-02,3.000000000000000000e+00,4.767840060099503025e+06
-5.583719964728336649e+00,1.042840750577683551e+00,1.249858862289976447e+00,9.864205854377274818e-01,8.500000000000000611e-02,3.000000000000000000e+00,4.767840060099503025e+06
-5.794138026231870242e+00,1.703441619073231106e+00,1.981350340077432381e+00,8.825812758007423042e-01,8.500000000000000611e-02,3.000000000000000000e+00,4.767840060099503025e+06
-6.059929992328499715e+00,1.459975870510601625e+00,2.341161610038452690e+00,1.218464018753250500e+00,8.500000000000000611e-02,3.000000000000000000e+00,4.767840060099503025e+06
-5.766996702194306934e+00,1.360998930434833776e+00,1.678689207335132494e+00,9.078161224905191284e-01,8.500000000000000611e-02,3.000000000000000000e+00,4.767840060099503025e+06
-6.034226794122720783e+00,1.059746306075813216e+00,1.834510049422291900e+00,1.115658778597897971e+00,8.500000000000000611e-02,3.000000000000000000e+00,4.767840060099503025e+06
-5.785456201043160718e+00,1.179662108895574324e+00,1.543560563685803411e+00,9.404114757734463037e-01,8.500000000000000611e-02,3.000000000000000000e+00,4.767840060099503025e+06
-5.607005001121724064e+00,7.697457410931474175e-01,1.028572906397418940e+00,9.713341748092738648e-01,8.500000000000000611e-02,3.000000000000000000e+00,4.767840060099503025e+06
-6.264172767453466406e+00,1.223646876018499974e+00,2.350587164357282877e+00,1.199225116771570621e+00,8.500000000000000611e-02,3.000000000000000000e+00,4.767840060099503025e+06
-6.341261536926221964e+00,1.149679662991427875e+00,2.352980475161171370e+00,1.197935392445647951e+00,8.500000000000000611e-02,3.000000000000000000e+00,4.767840060099503025e+06
-6.041534674045731634e+00,9.992501758916431109e-01,1.688826917590806831e+00,9.810024533161543214e-01,8.500000000000000611e-02,3.000000000000000000e+00,4.767840060099503025e+06
-5.936501021731682926e+00,7.459243017725263325e-01,1.237236480931366511e+00,8.492124372692213541e-01,8.500000000000000611e-02,3.000000000000000000e+00,4.767840060099503025e+06
-5.978776787679022320e+00,7.496816658308782522e-01,1.317719598000891335e+00,8.961260283558808437e-01,8.500000000000000611e-02,3.000000000000000000e+00,4.767840060099503025e+06
-5.978807669999219421e+00,7.501829463463427494e-01,1.317636727918067630e+00,8.953288438653043135e-01,8.500000000000000611e-02,3.000000000000000000e+00,4.767840060099503025e+06
-6.224098530038666865e+00,1.050582746265659395e+00,1.913581809665903855e+00,9.751425951601166986e-01,8.500000000000000611e-02,3.000000000000000000e+00,4.767840060099503025e+06
-4.891259425924110005e+00,1.275311378876599511e+00,2.030655071236147080e-01,2.981245270385399770e-01,8.500000000000000611e-02,3.000000000000000000e+00,4.767840060099503025e+06
-5.285235309123139658e+00,1.898270322638540231e+00,1.519628490797389375e+00,6.810911653257593068e-01,8.500000000000000611e-02,3.000000000000000000e+00,4.767840060099503025e+06
-5.129877363093139131e+00,2.749374191078325591e+00,1.987649374186224449e+00,4.635574247609388077e-01,8.500000000000000611e-02,3.000000000000000000e+00,4.767840060099503025e+06
-5.830096970866168071e+00,1.295673314907304974e+00,1.571499058439329133e+00,8.151910684317120737e-01,8.500000000000000611e-02,3.000000000000000000e+00,4.767840060099503025e+06
-5.575894069575153544e+00,1.429029169674597588e+00,1.502548328322663052e+00,8.985257928179879450e-01,8.500000000000000611e-02,3.000000000000000000e+00,4.767840060099503025e+06
-5.600928743040784141e+00,1.355057372850738018e+00,1.342495667602815690e+00,7.712715591333552112e-01,8.500000000000000611e-02,3.000000000000000000e+00,4.767840060099503025e+06
-5.785328139153127047e+00,1.473375643115213851e+00,1.633610517711591159e+00,7.290014548521482896e-01,8.500000000000000611e-02,3.000000000000000000e+00,4.767840060099503025e+06
-5.914212254492223764e+00,1.009557444131436554e+00,1.182342826535289104e+00,5.555491237880896271e-01,8.500000000000000611e-02,3.000000000000000000e+00,4.767840060099503025e+06
-5.617582874993069630e+00,1.408727109076339801e+00,1.020120570985298514e+00,1.018724966058290882e-01,8.500000000000000611e-02,3.000000000000000000e+00,4.767840060099503025e+06
-5.361067475552430572e+00,9.836560083157238621e-01,3.613560777149138481e-01,1.706514336699482826e-01,8.500000000000000611e-02,3.000000000000000000e+00,4.767840060099503025e+06
-5.503267228246509823e+00,1.069045585684772481e+00,6.756445995289471762e-01,3.062753804413102521e-01,8.500000000000000611e-02,3.000000000000000000e+00,4.767840060099503025e+06
-5.363470369227309575e+00,1.051766910379992481e+00,5.337651608035769435e-01,3.100444657327758868e-01,8.500000000000000611e-02,3.000000000000000000e+00,4.767840060099503025e+06
-5.214452335273653816e+00,9.008325086230989376e-01,1.775510135549156487e-01,2.303497134859731066e-01,8.500000000000000611e-02,3.000000000000000000e+00,4.767840060099503025e+06
-5.087010473529632648e+00,7.989699841368225197e-01,-9.387021498193270919e-02,1.617915387380761683e-01,8.500000000000000611e-02,3.000000000000000000e+00,4.767840060099503025e+06
-5.265162669684356089e+00,1.032271824289211493e+00,4.432106229021273158e-01,3.589824529867355896e-01,8.500000000000000611e-02,3.000000000000000000e+00,4.767840060099503025e+06
-5.189650901019453144e+00,1.160945981803705784e+00,4.594227796921188656e-01,3.789263576776534248e-01,8.500000000000000611e-02,3.000000000000000000e+00,4.767840060099503025e+06
-4.500859984471720310e+00,1.314327540946082173e+00,-2.365338460224934991e-01,2.378247563153842448e-01,8.500000000000000611e-02,3.000000000000000000e+00,4.767840060099503025e+06
-4.688502533485174872e+00,1.368524291927451841e+00,1.738864606801633628e-02,2.274393511139123358e-01,8.500000000000000611e-02,3.000000000000000000e+00,4.767840060099503025e+06
-4.807788090583891005e+00,1.763632759679956141e+00,5.332239830453833207e-01,2.112606799822361603e-01,8.500000000000000611e-02,3.000000000000000000e+00,4.767840060099503025e+06
-4.706894000212866302e+00,2.694687311625502346e+00,1.379988072935577792e+00,2.913848499511925150e-01,8.500000000000000611e-02,3.000000000000000000e+00,4.767840060099503025e+06
-5.334478647519683037e+00,2.423219346705429711e+00,1.724449711812941377e+00,1.940913271837155785e-01,8.500000000000000611e-02,3.000000000000000000e+00,4.767840060099503025e+06
-5.659816153857947896e+00,2.265979283973773128e+00,2.097205514965159612e+00,4.629440888521628716e-01,8.500000000000000611e-02,3.000000000000000000e+00,4.767840060099503025e+06
-5.195300187111719481e+00,2.283572414777014892e+00,1.581487637459793039e+00,3.443553494779303392e-01,8.500000000000000611e-02,3.000000000000000000e+00,4.767840060099503025e+06
-5.118947226466612932e+00,2.985823447322557556e+00,2.162587109843888022e+00,3.152042568694312652e-01,8.500000000000000611e-02,3.000000000000000000e+00,4.767840060099503025e+06
-5.100957464300872601e+00,2.963434385947938399e+00,2.127708313584205868e+00,3.244620290762142978e-01,8.500000000000000611e-02,3.000000000000000000e+00,4.767840060099503025e+06
-5.100957464300872601e+00,2.963434385947938399e+00,2.127708313584205868e+00,3.244620290762142978e-01,8.500000000000000611e-02,3.000000000000000000e+00,4.767840060099503025e+06
-4.815152911203763431e+00,2.993852700971068703e+00,1.818251853368102022e+00,2.130437961203229813e-01,8.500000000000000611e-02,3.000000000000000000e+00,4.767840060099503025e+06
-4.859519474037393039e+00,2.292815853190961484e+00,1.129611659029036819e+00,2.035772896558821210e-01,8.500000000000000611e-02,3.000000000000000000e+00,4.767840060099503025e+06
-5.486226486678022596e+00,2.185985496268942896e+00,1.848150037313663674e+00,4.192195915531704564e-01,8.500000000000000611e-02,3.000000000000000000e+00,4.767840060099503025e+06
-5.376187231099065045e+00,2.143052780126093460e+00,1.548155141824655079e+00,3.037929635968241726e-01,8.500000000000000611e-02,3.000000000000000000e+00,4.767840060099503025e+06
-5.352702969237610908e+00,1.502083631988407886e+00,1.003426419404469305e+00,4.362986569832739692e-01,8.500000000000000611e-02,3.000000000000000000e+00,4.767840060099503025e+06
-5.208384282271363297e+00,1.452555174425348206e+00,6.072218093568511055e-01,1.708936268431966443e-01,8.500000000000000611e-02,3.000000000000000000e+00,4.767840060099503025e+06
-4.808044029881604509e+00,1.801171993330525245e+00,5.258121634560732893e-01,1.471060904713424877e-01,8.500000000000000611e-02,3.000000000000000000e+00,4.767840060099503025e+06
-4.971277064510274180e+00,1.331105952711404417e+00,2.828446919842617646e-01,1.755695590154081054e-01,8.500000000000000611e-02,3.000000000000000000e+00,4.767840060099503025e+06
-5.156660009138702705e+00,7.222475774878907018e-01,-1.123196082701283238e-02,2.262747103369194823e-01,8.500000000000000611e-02,3.000000000000000000e+00,4.767840060099503025e+06
-5.173632170861822033e+00,5.362525001337121733e-01,-5.933116632610813124e-02,3.355139901115504197e-01,8.500000000000000611e-02,3.000000000000000000e+00,4.767840060099503025e+06
-5.116661735266601951e+00,4.531472522345495468e-01,-1.776880299875419622e-01,3.474820959458738701e-01,8.500000000000000611e-02,3.000000000000000000e+00,4.767840060099503025e+06
-4.998754921675866214e+00,3.307553641259100008e-01,-4.033824164241965882e-01,3.538035001760072573e-01,8.500000000000000611e-02,3.000000000000000000e+00,4.767840060099503025e+06
-4.997615690132526822e+00,3.301882037795256242e-01,-4.050019155246147307e-01,3.538296461652286617e-01,8.500000000000000611e-02,3.000000000000000000e+00,4.767840060099503025e+06
-5.138565984547402543e+00,4.823565577517368030e-01,-1.228012091933518846e-01,3.746195191199188645e-01,8.500000000000000611e-02,3.000000000000000000e+00,4.767840060099503025e+06
-5.106750003538019556e+00,4.122609480105721147e-01,-2.393333494015568164e-01,3.444531777117388893e-01,8.500000000000000611e-02,3.000000000000000000e+00,4.767840060099503025e+06
-5.285922825123527957e+00,3.701427200997883249e-01,7.665062709006020825e-03,4.753074977989444894e-01,8.500000000000000611e-02,3.000000000000000000e+00,4.767840060099503025e+06
-5.165049539330701656e+00,3.260338982846642253e-01,-2.202551400769361400e-01,3.699643371286195359e-01,8.500000000000000611e-02,3.000000000000000000e+00,4.767840060099503025e+06
-5.138954058836380234e+00,7.240197132502834698e-01,6.473546863584089817e-03,3.406126272465433424e-01,8.500000000000000611e-02,3.000000000000000000e+00,4.767840060099503025e+06
-5.246552658745371467e+00,8.201802542880219926e-01,2.309919253249046456e-01,3.712970889184569190e-01,8.500000000000000611e-02,3.000000000000000000e+00,4.767840060099503025e+06
-5.155718376460789898e+00,7.220063808329983956e-01,1.967095890878378661e-02,3.213148720990327556e-01,8.500000000000000611e-02,3.000000000000000000e+00,4.767840060099503025e+06
-5.155718376460789898e+00,7.220063808329983956e-01,1.967095890878378661e-02,3.213148720990327556e-01,8.500000000000000611e-02,3.000000000000000000e+00,4.767840060099503025e+06
-5.424764026557405749e+00,7.103219578136463763e-01,4.718415455697897998e-01,5.618488816281147491e-01,8.500000000000000611e-02,3.000000000000000000e+00,4.767840060099503025e+06
-5.092321249004147177e+00,5.459062080416370311e-01,6.227096350415184389e-03,5.618948239794017141e-01,8.500000000000000611e-02,3.000000000000000000e+00,4.767840060099503025e+06
-5.265401868948162978e+00,6.639819744304208404e-01,8.434881409431072008e-02,2.872798059962043404e-01,8.500000000000000611e-02,3.000000000000000000e+00,4.767840060099503025e+06
-5.223280913729195341e+00,5.251208254583104029e-01,-1.009974214870199560e-01,2.696826985133802257e-01,8.500000000000000611e-02,3.000000000000000000e+00,4.767840060099503025e+06
-5.130400803949362043e+00,4.884077021248852679e-01,-2.343000421220035601e-01,2.717525211181626710e-01,8.500000000000000611e-02,3.000000000000000000e+00,4.767840060099503025e+06
-5.343739889731185855e+00,1.243405521582580331e+00,7.475229752061779420e-01,3.962076159529682173e-01,8.500000000000000611e-02,3.000000000000000000e+00,4.767840060099503025e+06
-5.136867802660970206e+00,7.036191877963311470e-01,4.423056560111082725e-02,4.047212846955771104e-01,8.500000000000000611e-02,3.000000000000000000e+00,4.767840060099503025e+06
-5.190324925118390276e+00,6.830265085654714241e-01,1.013924793199166841e-01,4.446471844619881986e-01,8.500000000000000611e-02,3.000000000000000000e+00,4.767840060099503025e+06
-5.560317594261517726e+00,8.631048450228595570e-01,7.532934628606891003e-01,5.699621780671932925e-01,8.500000000000000611e-02,3.000000000000000000e+00,4.767840060099503025e+06
-4.967332281579937892e+00,9.314753436002317644e-01,5.856421661996114025e-02,3.884651547656200465e-01,8.500000000000000611e-02,3.000000000000000000e+00,4.767840060099503025e+06
-5.071012319620430198e+00,8.022992696024504600e-01,7.390929758358089074e-03,3.405114819581857577e-01,8.500000000000000611e-02,3.000000000000000000e+00,4.767840060099503025e+06
-5.070670947147063679e+00,8.021959937001263974e-01,6.892761313303186199e-03,3.404224087685480682e-01,8.500000000000000611e-02,3.000000000000000000e+00,4.767840060099503025e+06
-4.764611439632881584e+00,6.439267619567298206e-01,-4.156590499315033771e-01,3.887812631013876086e-01,8.500000000000000611e-02,3.000000000000000000e+00,4.767840060099503025e+06
-4.879200253865953130e+00,5.892536224101793119e-01,-3.168182043353451327e-01,4.182360763894751310e-01,8.500000000000000611e-02,3.000000000000000000e+00,4.767840060099503025e+06
-5.236654620004554950e+00,7.401448086045174790e-01,3.108924083071975542e-01,5.768104531274558244e-01,8.500000000000000611e-02,3.000000000000000000e+00,4.767840060099503025e+06
-5.312336786047398007e+00,1.231917271275275283e+00,5.580140863300913079e-01,1.550499723012850883e-01,8.500000000000000611e-02,3.000000000000000000e+00,4.767840060099503025e+06
-5.391754906039142980e+00,1.213706989342955511e+00,7.095641663743300631e-01,2.773851731097174422e-01,8.500000000000000611e-02,3.000000000000000000e+00,4.767840060099503025e+06
-5.452673768988612224e+00,1.239665485639879439e+00,7.022700964402798229e-01,1.497370461764633287e-01,8.500000000000000611e-02,3.000000000000000000e+00,4.767840060099503025e+06
-5.626611041842729755e+00,1.665113283304975322e+00,1.326672255647235010e+00,2.052883238747437167e-01,8.500000000000000611e-02,3.000000000000000000e+00,4.767840060099503025e+06
-5.407119450108569758e+00,1.565716533611642092e+00,8.447462225247326373e-01,-6.430612584149048017e-02,8.500000000000000611e-02,3.000000000000000000e+00,4.767840060099503025e+06
-5.677286861907226090e+00,1.907144387861843926e+00,1.615284598313623698e+00,1.819490624025434933e-01,8.500000000000000611e-02,3.000000000000000000e+00,4.767840060099503025e+06
-5.980935838702434282e+00,2.358502378449949699e+00,2.138015045263903957e+00,-2.219548847710706152e-01,8.500000000000000611e-02,3.000000000000000000e+00,4.767840060099503025e+06
-5.980935838702434282e+00,2.358502378449949699e+00,2.138015045263903957e+00,-2.219548847710706152e-01,8.500000000000000611e-02,3.000000000000000000e+00,4.767840060099503025e+06
-5.887710268020242665e+00,2.288610529752406197e+00,1.856701804946765622e+00,-4.011039937493152685e-01,8.500000000000000611e-02,3.000000000000000000e+00,4.767840060099503025e+06
-6.012967580151251212e+00,2.309936156131744411e+00,2.168622987572539351e+00,-1.493594188206238682e-01,8.500000000000000611e-02,3.000000000000000000e+00,4.767840060099503025e+06
-5.997398101375055468e+00,2.318682228143762014e+00,2.169484049218086241e+00,-1.359533970672341940e-01,8.500000000000000611e-02,3.000000000000000000e+00,4.767840060099503025e+06
-5.997398101375055468e+00,2.318682228143762014e+00,2.169484049218086241e+00,-1.359533970672341940e-01,8.500000000000000611e-02,3.000000000000000000e+00,4.767840060099503025e+06
-5.882409015323807111e+00,2.278010966020524108e+00,1.920743176622410786e+00,-2.720224132207766932e-01,8.500000000000000611e-02,3.000000000000000000e+00,4.767840060099503025e+06
-5.832741708558370597e+00,2.271684096189454660e+00,1.826425032444716434e+00,-3.270884039696475565e-01,8.500000000000000611e-02,3.000000000000000000e+00,4.767840060099503025e+06
-5.837127840536081358e+00,2.314945139923481499e+00,1.825700350009458628e+00,-3.861566695442237851e-01,8.500000000000000611e-02,3.000000000000000000e+00,4.767840060099503025e+06
-5.837127840536081358e+00,2.314945139923481499e+00,1.825700350009458628e+00,-3.861566695442237851e-01,8.500000000000000611e-02,3.000000000000000000e+00,4.767840060099503025e+06
-5.837127840536081358e+00,2.314945139923481499e+00,1.825700350009458628e+00,-3.861566695442237851e-01,8.500000000000000611e-02,3.000000000000000000e+00,4.767840060099503025e+06
-5.837127840536081358e+00,2.314945139923481499e+00,1.825700350009458628e+00,-3.861566695442237851e-01,8.500000000000000611e-02,3.000000000000000000e+00,4.767840060099503025e+06
-5.837127840536081358e+00,2.314945139923481499e+00,1.825700350009458628e+00,-3.861566695442237851e-01,8.500000000000000611e-02,3.000000000000000000e+00,4.767840060099503025e+06
-5.837127840536081358e+00,2.314945139923481499e+00,1.825700350009458628e+00,-3.861566695442237851e-01,8.500000000000000611e-02,3.000000000000000000e+00,4.767840060099503025e+06
-5.852760353815578576e+00,2.261620546625484618e+00,1.675305683661207912e+00,-5.713350099426232065e-01,8.500000000000000611e-02,3.000000000000000000e+00,4.767840060099503025e+06
-5.852760353815578576e+00,2.261620546625484618e+00,1.675305683661207912e+00,-5.713350099426232065e-01,8.500000000000000611e-02,3.000000000000000000e+00,4.767840060099503025e+06
-5.852760353815578576e+00,2.261620546625484618e+00,1.675305683661207912e+00,-5.713350099426232065e-01,8.500000000000000611e-02,3.000000000000000000e+00,4.767840060099503025e+06
-5.895669909672595743e+00,2.285863309037964974e+00,1.881134976511093626e+00,-3.738305318373831287e-01,8.500000000000000611e-02,3.000000000000000000e+00,4.767840060099503025e+06
-5.859652349465608090e+00,2.261817391807918742e+00,1.803282071172901624e+00,-3.788604428225778586e-01,8.500000000000000611e-02,3.000000000000000000e+00,4.767840060099503025e+06
-5.859601518081703375e+00,2.263422385550416749e+00,1.803149483046514012e+00,-3.809933638667253319e-01,8.500000000000000611e-02,3.000000000000000000e+00,4.767840060099503025e+06
-5.859601518081703375e+00,2.263422385550416749e+00,1.803149483046514012e+00,-3.809933638667253319e-01,8.500000000000000611e-02,3.000000000000000000e+00,4.767840060099503025e+06
-5.867216393039267786e+00,2.225983807869051034e+00,1.811666883989063059e+00,-3.227825851658558953e-01,8.500000000000000611e-02,3.000000000000000000e+00,4.767840060099503025e+06
-5.867216393039267786e+00,2.225983807869051034e+00,1.811666883989063059e+00,-3.227825851658558953e-01,8.500000000000000611e-02,3.000000000000000000e+00,4.767840060099503025e+06
-5.864761530152084568e+00,2.278969498812169370e+00,1.841812560236393281e+00,-3.513899379468439776e-01,8.500000000000000611e-02,3.000000000000000000e+00,4.767840060099503025e+06
-5.864761530152084568e+00,2.278969498812169370e+00,1.841812560236393281e+00,-3.513899379468439776e-01,8.500000000000000611e-02,3.000000000000000000e+00,4.767840060099503025e+06
-5.864761530152084568e+00,2.278969498812169370e+00,1.841812560236393281e+00,-3.513899379468439776e-01,8.500000000000000611e-02,3.000000000000000000e+00,4.767840060099503025e+06
-5.864761530152084568e+00,2.278969498812169370e+00,1.841812560236393281e+00,-3.513899379468439776e-01,8.500000000000000611e-02,3.000000000000000000e+00,4.767840060099503025e+06
-5.900891133225461438e+00,2.285654918776621969e+00,1.931446001498730691e+00,-2.766065802272090202e-01,8.500000000000000611e-02,3.000000000000000000e+00,4.767840060099503025e+06
-5.900891133225461438e+00,2.285654918776621969e+00,1.931446001498730691e+00,-2.766065802272090202e-01,8.500000000000000611e-02,3.000000000000000000e+00,4.767840060099503025e+06
-5.900891133225461438e+00,2.285654918776621969e+00,1.931446001498730691e+00,-2.766065802272090202e-01,8.500000000000000611e-02,3.000000000000000000e+00,4.767840060099503025e+06
-5.900891133225461438e+00,2.285654918776621969e+00,1.931446001498730691e+00,-2.766065802272090202e-01,8.500000000000000611e-02,3.000000000000000000e+00,4.767840060099503025e+06
-5.898867736656243643e+00,2.248810882063872807e+00,1.927373506664920022e+00,-2.136075230813390680e-01,8.500000000000000611e-02,3.000000000000000000e+00,4.767840060099503025e+06
-5.823058253142563423e+00,2.453932839348003547e+00,2.271693325326045176e+00,1.198658756962580896e-01,8.500000000000000611e-02,3.000000000000000000e+00,4.767840060099503025e+06
-5.890534651810710010e+00,2.341936709839309572e+00,2.242421722571920295e+00,1.322161753533850348e-01,8.500000000000000611e-02,3.000000000000000000e+00,4.767840060099503025e+06
-5.868082254203534021e+00,2.276568970243710410e+00,2.285827365395914690e+00,3.708370556437103338e-01,8.500000000000000611e-02,3.000000000000000000e+00,4.767840060099503025e+06
-5.476058685567135598e+00,1.475936191011921306e+00,9.212102175716861963e-01,1.522792054240434678e-01,8.500000000000000611e-02,3.000000000000000000e+00,4.767840060099503025e+06
-5.230982125098259772e+00,1.901680165096233832e+00,1.231616364237473560e+00,3.376663215295166998e-01,8.500000000000000611e-02,3.000000000000000000e+00,4.767840060099503025e+06
-5.501349660513479733e+00,2.259185153369729360e+00,1.764338003215674133e+00,2.368147661842774643e-01,8.500000000000000611e-02,3.000000000000000000e+00,4.767840060099503025e+06
-5.544479320223165253e+00,2.036340906162150688e+00,1.776345736126181185e+00,4.601231475069275101e-01,8.500000000000000611e-02,3.000000000000000000e+00,4.767840060099503025e+06
-5.501398999754091079e+00,1.635768759120461935e+00,1.299755662307233495e+00,4.196953669272572296e-01,8.500000000000000611e-02,3.000000000000000000e+00,4.767840060099503025e+06
-5.570020808167438275e+00,8.544176620718497706e-01,5.356008923544671729e-01,3.171058159241287866e-01,8.500000000000000611e-02,3.000000000000000000e+00,4.767840060099503025e+06
-5.033647571252232389e+00,9.678430173120153857e-01,1.246583040976201318e-01,3.681311421409136919e-01,8.500000000000000611e-02,3.000000000000000000e+00,4.767840060099503025e+06
-5.456692323527323474e+00,8.029696055676844857e-01,4.297278128177766665e-01,3.842103981895322318e-01,8.500000000000000611e-02,3.000000000000000000e+00,4.767840060099503025e+06
-5.612566806051761503e+00,1.066977092030122698e+00,9.090894065622543430e-01,4.757855667120879928e-01,8.500000000000000611e-02,3.000000000000000000e+00,4.767840060099503025e+06
-6.146238709317587201e+00,9.966231347363190274e-01,1.453586928765625119e+00,5.513793351128448705e-01,8.500000000000000611e-02,3.000000000000000000e+00,4.767840060099503025e+06
-6.151700901440317004e+00,1.277691609215552138e+00,1.778783412056549107e+00,6.205929566183336910e-01,8.500000000000000611e-02,3.000000000000000000e+00,4.767840060099503025e+06
-6.032381829094560111e+00,1.547589727919544078e+00,1.950397488592585660e+00,7.236045089823281984e-01,8.500000000000000611e-02,3.000000000000000000e+00,4.767840060099503025e+06
-6.193799803259670611e+00,1.325546527751809700e+00,1.904020729259002565e+00,7.011118076249667208e-01,8.500000000000000611e-02,3.000000000000000000e+00,4.767840060099503025e+06
-6.193799803259670611e+00,1.325546527751809700e+00,1.904020729259002565e+00,7.011118076249667208e-01,8.500000000000000611e-02,3.000000000000000000e+00,4.767840060099503025e+06
-4.853072729895452575e+00,2.738835763220761610e+00,1.575795185261218423e+00,2.523941256044758275e-01,8.500000000000000611e-02,3.000000000000000000e+00,4.767840060099503025e+06
-5.114258346079771478e+00,2.809453430836443388e+00,2.053792561344492729e+00,4.530557933829304496e-01,8.500000000000000611e-02,3.000000000000000000e+00,4.767840060099503025e+06
-5.313411976532241177e+00,2.981403705371641344e+00,2.392074319496252599e+00,3.929056620388275411e-01,8.500000000000000611e-02,3.000000000000000000e+00,4.767840060099503025e+06
-5.232052524530344861e+00,2.963494451271304175e+00,2.275118533018757994e+00,3.760507112178742561e-01,8.500000000000000611e-02,3.000000000000000000e+00,4.767840060099503025e+06
-5.613543377754835362e+00,2.835748693570603329e+00,2.575037036291966785e+00,3.709388304130549763e-01,8.500000000000000611e-02,3.000000000000000000e+00,4.767840060099503025e+06
-5.725307993808433693e+00,2.803109987025394823e+00,2.763420572464042824e+00,5.311641158197835111e-01,8.500000000000000611e-02,3.000000000000000000e+00,4.767840060099503025e+06
-5.653416110207877487e+00,2.780688880692253839e+00,2.652435357191277987e+00,5.115131693510220900e-01,8.500000000000000611e-02,3.000000000000000000e+00,4.767840060099503025e+06
-5.870747458271885044e+00,2.885309640083211224e+00,3.092403492719674851e+00,6.951134499718164550e-01,8.500000000000000611e-02,3.000000000000000000e+00,4.767840060099503025e+06
-5.759324845883079469e+00,2.722006107869539449e+00,2.780893402889764054e+00,6.392694375211925850e-01,8.500000000000000611e-02,3.000000000000000000e+00,4.767840060099503025e+06
-5.589242352885217535e+00,2.900933789178563593e+00,2.736307883606183822e+00,5.938745504474604031e-01,8.500000000000000611e-02,3.000000000000000000e+00,4.767840060099503025e+06
-5.154958638951101513e+00,2.823390726961259922e+00,1.958990009162984380e+00,2.165988205242002085e-01,8.500000000000000611e-02,3.000000000000000000e+00,4.767840060099503025e+06
-5.213888982454002452e+00,2.836058154401199349e+00,2.110692730596856137e+00,2.980317645054914588e-01,8.500000000000000611e-02,3.000000000000000000e+00,4.767840060099503025e+06
-5.369288118771988749e+00,2.915596063538781202e+00,2.383564650919819616e+00,3.375344711839090017e-01,8.500000000000000611e-02,3.000000000000000000e+00,4.767840060099503025e+06
-5.126970653478803541e+00,2.578616811296331690e+00,1.875997382789657664e+00,4.809361215832034797e-01,8.500000000000000611e-02,3.000000000000000000e+00,4.767840060099503025e+06
-5.874655734425179077e+00,2.001636534229116471e+00,2.233609710931588221e+00,6.921154551475666716e-01,8.500000000000000611e-02,3.000000000000000000e+00,4.767840060099503025e+06
-6.108855694430411098e+00,2.676751138839561062e+00,3.116128585835781450e+00,6.204520569848661626e-01,8.500000000000000611e-02,3.000000000000000000e+00,4.767840060099503025e+06
-6.265903631178385780e+00,2.975684712321057024e+00,3.578660879806021100e+00,6.320112595487270557e-01,8.500000000000000611e-02,3.000000000000000000e+00,4.767840060099503025e+06
-6.056537914076980833e+00,2.430834502089714189e+00,2.744547450143733691e+00,5.139572551055210381e-01,8.500000000000000611e-02,3.000000000000000000e+00,4.767840060099503025e+06
-6.083723351642084332e+00,2.510247579617082003e+00,2.834434272341231242e+00,4.924867096782311049e-01,8.500000000000000611e-02,3.000000000000000000e+00,4.767840060099503025e+06
-6.204290686724751147e+00,2.469403647002878621e+00,2.903323493363852315e+00,4.440138122589665226e-01,8.500000000000000611e-02,3.000000000000000000e+00,4.767840060099503025e+06
-5.843186152659854748e+00,1.883652801692734080e+00,1.921384711079279439e+00,4.482107485022143178e-01,8.500000000000000611e-02,3.000000000000000000e+00,4.767840060099503025e+06
-5.598548036758795199e+00,1.913971838815498039e+00,1.558013022937478009e+00,2.671093984352111983e-01,8.500000000000000611e-02,3.000000000000000000e+00,4.767840060099503025e+06
-5.683501070386143716e+00,1.496450710435701659e+00,1.278108131069673359e+00,3.642141330396901910e-01,8.500000000000000611e-02,3.000000000000000000e+00,4.767840060099503025e+06
-5.672036153879263409e+00,1.861656022585701953e+00,1.784550112431137592e+00,5.542056456626675010e-01,8.500000000000000611e-02,3.000000000000000000e+00,4.767840060099503025e+06
-5.509898780052149725e+00,1.156847676960290006e+00,8.341028972155966059e-01,4.349305864451571413e-01,8.500000000000000611e-02,3.000000000000000000e+00,4.767840060099503025e+06
-5.867528516037483932e+00,1.539152953918081934e+00,1.551299227270601655e+00,3.912755227957853132e-01,8.500000000000000611e-02,3.000000000000000000e+00,4.767840060099503025e+06
-6.054498562319372112e+00,1.198823868355211264e+00,1.449297689081348928e+00,3.894338535910407684e-01,8.500000000000000611e-02,3.000000000000000000e+00,4.767840060099503025e+06
-5.950867598869673536e+00,1.220230767911443470e+00,1.262100902257949020e+00,2.631271238370934684e-01,8.500000000000000611e-02,3.000000000000000000e+00,4.767840060099503025e+06
-6.015752631193082678e+00,1.051109239085808555e+00,1.167011403288306326e+00,2.613221490730207597e-01,8.500000000000000611e-02,3.000000000000000000e+00,4.767840060099503025e+06
-6.043828310453853270e+00,8.720554919270899763e-01,1.039721275735625117e+00,2.695019931248190947e-01,8.500000000000000611e-02,3.000000000000000000e+00,4.767840060099503025e+06
-5.790976510935363919e+00,1.817061428995229821e+00,1.830633030650339999e+00,4.522189372211763425e-01,8.500000000000000611e-02,3.000000000000000000e+00,4.767840060099503025e+06
-6.124167646082227634e+00,9.770033864809908319e-01,1.527931939235660064e+00,7.202404146959406894e-01,8.500000000000000611e-02,3.000000000000000000e+00,4.767840060099503025e+06
-6.147755850236146458e+00,1.025678412211440849e+00,1.778557992520666042e+00,9.278436578622444308e-01,8.500000000000000611e-02,3.000000000000000000e+00,4.767840060099503025e+06
-6.075671266204923704e+00,1.022460765370013513e+00,1.772684230031821073e+00,1.008437098047401337e+00,8.500000000000000611e-02,3.000000000000000000e+00,4.767840060099503025e+06
-6.065315146928365486e+00,1.092396172838739465e+00,1.864703722482490278e+00,1.064403015063288160e+00,8.500000000000000611e-02,3.000000000000000000e+00,4.767840060099503025e+06
-6.069232560902888984e+00,1.002006339744817343e+00,1.814696417933964856e+00,1.098317250258204369e+00,8.500000000000000611e-02,3.000000000000000000e+00,4.767840060099503025e+06
-5.789840919905729244e+00,1.105969936694777722e+00,1.411022621526792475e+00,8.591600667700138860e-01,8.500000000000000611e-02,3.000000000000000000e+00,4.767840060099503025e+06
-5.699641748197554314e+00,1.250961193298899765e+00,1.474837325098692808e+00,8.786676595972144899e-01,8.500000000000000611e-02,3.000000000000000000e+00,4.767840060099503025e+06
-5.977612755427312408e+00,1.346326015685491706e+00,2.064351499281633195e+00,1.124049745882649720e+00,8.500000000000000611e-02,3.000000000000000000e+00,4.767840060099503025e+06
-6.296826616606489679e+00,1.320943473664223822e+00,2.357416271221878468e+00,1.114639562834014885e+00,8.500000000000000611e-02,3.000000000000000000e+00,4.767840060099503025e+06
-6.166818694908323018e+00,1.024523103201977481e+00,2.209678900934792800e+00,1.354114886867856526e+00,8.500000000000000611e-02,3.000000000000000000e+00,4.767840060099503025e+06
-5.894959328221273331e+00,9.294004878040582618e-01,1.670063626998893103e+00,1.179996842145403679e+00,8.500000000000000611e-02,3.000000000000000000e+00,4.767840060099503025e+06
-5.918215868208225316e+00,8.813408271395495319e-01,1.670535779482150929e+00,1.209405467292665959e+00,8.500000000000000611e-02,3.000000000000000000e+00,4.767840060099503025e+06
-5.914350199143117770e+00,8.883350063134838326e-01,1.672959843264074653e+00,1.209335013451181107e+00,8.500000000000000611e-02,3.000000000000000000e+00,4.767840060099503025e+06
-6.079304106786887374e+00,1.395267739273675200e+00,2.175424171362694281e+00,1.056059097311967454e+00,8.500000000000000611e-02,3.000000000000000000e+00,4.767840060099503025e+06
-5.820179559453612761e+00,1.527465025560789336e+00,2.198362949472771000e+00,1.266791188823584768e+00,8.500000000000000611e-02,3.000000000000000000e+00,4.767840060099503025e+06
-5.479098059952455912e+00,1.269797371693910604e+00,1.399711657878694337e+00,1.045475563402428865e+00,8.500000000000000611e-02,3.000000000000000000e+00,4.767840060099503025e+06
-5.719890080730373860e+00,1.586890876393446392e+00,1.873643748000119569e+00,9.453049916168722033e-01,8.500000000000000611e-02,3.000000000000000000e+00,4.767840060099503025e+06
-5.636800418840728355e+00,2.058580194385590367e+00,2.778061607937860167e+00,1.529428835058783687e+00,8.500000000000000611e-02,3.000000000000000000e+00,4.767840060099503025e+06
-5.939529932623505815e+00,2.623845999940262352e+00,3.421249208247152840e+00,1.297107844810744037e+00,8.500000000000000611e-02,3.000000000000000000e+00,4.767840060099503025e+06
-6.139485665384556867e+00,2.857687719266243764e+00,3.813879016488487039e+00,1.259283266034266546e+00,8.500000000000000611e-02,3.000000000000000000e+00,4.767840060099503025e+06
-6.218845976859782354e+00,2.812091446492221536e+00,3.757514048775017379e+00,1.149498828932923988e+00,8.500000000000000611e-02,3.000000000000000000e+00,4.767840060099503025e+06
-6.213314724450148319e+00,2.787038342802294899e+00,3.660288838850422000e+00,1.071919883670930052e+00,8.500000000000000611e-02,3.000000000000000000e+00,4.767840060099503025e+06
-6.238326117365243562e+00,2.825025015957721042e+00,3.751675465281799404e+00,1.107448549061733623e+00,8.500000000000000611e-02,3.000000000000000000e+00,4.767840060099503025e+06
-6.212109995155346454e+00,2.727115756328282181e+00,3.626293029420655678e+00,1.103866139952939918e+00,8.500000000000000611e-02,3.000000000000000000e+00,4.767840060099503025e+06
-6.172687618638907026e+00,2.733174213243838135e+00,3.568984609174703948e+00,1.073995931324227548e+00,8.500000000000000611e-02,3.000000000000000000e+00,4.767840060099503025e+06
-6.101480180086709559e+00,2.762944827781247170e+00,3.431684347107796462e+00,9.665369258558971222e-01,8.500000000000000611e-02,3.000000000000000000e+00,4.767840060099503025e+06
-6.129622068665908863e+00,2.875953988081954016e+00,3.607078692612301296e+00,1.012894515001867557e+00,8.500000000000000611e-02,3.000000000000000000e+00,4.767840060099503025e+06
-6.201252984941728386e+00,2.606384810919627260e+00,3.286291351106269687e+00,8.336086651391685365e-01,8.500000000000000611e-02,3.000000000000000000e+00,4.767840060099503025e+06
-5.751241485226238126e+00,2.141706992639611062e+00,2.066029147163509716e+00,4.400605618574974787e-01,8.500000000000000611e-02,3.000000000000000000e+00,4.767840060099503025e+06
-5.643767185723707058e+00,2.171099202168307762e+00,1.817235303738373275e+00,2.504395680432462967e-01,8.500000000000000611e-02,3.000000000000000000e+00,4.767840060099503025e+06
-5.635836592394725564e+00,1.974693062666002641e+00,1.639538723964165223e+00,2.725553700948807889e-01,8.500000000000000611e-02,3.000000000000000000e+00,4.767840060099503025e+06
-5.635510979001397303e+00,1.115362283428544599e+00,1.099729569514372507e+00,6.454906361005190440e-01,8.500000000000000611e-02,3.000000000000000000e+00,4.767840060099503025e+06
-5.339454777522948170e+00,6.905507069214940064e-01,4.221994219307674268e-01,6.799042998305967478e-01,8.500000000000000611e-02,3.000000000000000000e+00,4.767840060099503025e+06
-5.413045189855608008e+00,6.470693296283096529e-01,5.996098380630185964e-01,8.502661524228877221e-01,8.500000000000000611e-02,3.000000000000000000e+00,4.767840060099503025e+06
-5.443398804038571015e+00,7.481882923763247817e-01,5.567432797853339999e-01,6.533893371227854630e-01,8.500000000000000611e-02,3.000000000000000000e+00,4.767840060099503025e+06
-5.448254856711853833e+00,8.571242741611767579e-01,6.344336217451296278e-01,6.048233774820870323e-01,8.500000000000000611e-02,3.000000000000000000e+00,4.767840060099503025e+06
-5.491107591250306896e+00,1.052960193575218417e+00,9.009554497790772665e-01,6.820403723767827220e-01,8.500000000000000611e-02,3.000000000000000000e+00,4.767840060099503025e+06
-5.507484788183011126e+00,1.072034109998542872e+00,8.282798769036754383e-01,5.296041951170837869e-01,8.500000000000000611e-02,3.000000000000000000e+00,4.767840060099503025e+06
-5.081599205689383503e+00,1.120253669992250956e+00,2.860191535644994176e-01,3.306087747991168224e-01,8.500000000000000611e-02,3.000000000000000000e+00,4.767840060099503025e+06
-5.091294751689098064e+00,1.226092984721609991e+00,3.815984298275336695e-01,3.175743894829927139e-01,8.500000000000000611e-02,3.000000000000000000e+00,4.767840060099503025e+06
-5.545295597634225970e+00,1.353634518679364351e+00,1.061072555982645937e+00,4.552248644815761192e-01,8.500000000000000611e-02,3.000000000000000000e+00,4.767840060099503025e+06
-5.087085691995643089e+00,1.703051426445269412e+00,7.782274300361323727e-01,2.141537297621041169e-01,8.500000000000000611e-02,3.000000000000000000e+00,4.767840060099503025e+06
-5.308797403843137808e+00,1.696305960338999608e+00,1.131529960473329322e+00,3.622179797578600757e-01,8.500000000000000611e-02,3.000000000000000000e+00,4.767840060099503025e+06
-5.705774427895107692e+00,1.347438385213233003e+00,1.121250381293545484e+00,2.378188117366384913e-01,8.500000000000000611e-02,3.000000000000000000e+00,4.767840060099503025e+06
-5.747516189731410208e+00,1.284220256747327094e+00,1.097580641939875257e+00,2.713309622545992394e-01,8.500000000000000611e-02,3.000000000000000000e+00,4.767840060099503025e+06
-5.541594172083828873e+00,1.417200617495057102e+00,1.064761200286012510e+00,3.336837035962946785e-01,8.500000000000000611e-02,3.000000000000000000e+00,4.767840060099503025e+06
-5.529579800291419822e+00,1.410371062864623548e+00,1.041180437286093108e+00,3.376497947087293561e-01,8.500000000000000611e-02,3.000000000000000000e+00,4.767840060099503025e+06
-5.674306772742752081e+00,1.643577155122037281e+00,1.465984130956154541e+00,3.894211209310742827e-01,8.500000000000000611e-02,3.000000000000000000e+00,4.767840060099503025e+06
-6.059400553421769864e+00,2.041308517557631763e+00,2.261364648650024289e+00,4.085082213891134129e-01,8.500000000000000611e-02,3.000000000000000000e+00,4.767840060099503025e+06
-5.797384720111370626e+00,1.971289288634123338e+00,2.069426194841789801e+00,6.607565721334245357e-01,8.500000000000000611e-02,3.000000000000000000e+00,4.767840060099503025e+06
-5.772969844918431015e+00,2.266249065965093124e+00,2.625084155656852491e+00,9.984449110268376337e-01,8.500000000000000611e-02,3.000000000000000000e+00,4.767840060099503025e+06
-5.853633724124982507e+00,2.282978321191510673e+00,2.576189090851055852e+00,7.960250745606811673e-01,8.500000000000000611e-02,3.000000000000000000e+00,4.767840060099503025e+06
-5.778597551031475987e+00,2.166868639415548969e+00,2.475883121147045784e+00,9.594072765041345985e-01,8.500000000000000611e-02,3.000000000000000000e+00,4.767840060099503025e+06
-5.834176155495061522e+00,2.149378872195877310e+00,2.418813758164500172e+00,8.339121244417692091e-01,8.500000000000000611e-02,3.000000000000000000e+00,4.767840060099503025e+06
-5.978957786022068177e+00,1.414729706726841174e+00,1.700826443161438828e+00,6.207444819981885464e-01,8.500000000000000611e-02,3.000000000000000000e+00,4.767840060099503025e+06
-6.023922931196604935e+00,1.275783908432326808e+00,1.710747201680022922e+00,7.252656977046957332e-01,8.500000000000000611e-02,3.000000000000000000e+00,4.767840060099503025e+06
-5.514825815303347589e+00,1.110560482404371108e+00,1.086536936183423396e+00,7.696583680752218104e-01,8.500000000000000611e-02,3.000000000000000000e+00,4.767840060099503025e+06
-5.468524069549688171e+00,4.682005410959999558e-01,4.799865808023553448e-01,7.894315670472906721e-01,8.500000000000000611e-02,3.000000000000000000e+00,4.767840060099503025e+06
-5.358864400666032424e+00,4.627974862684979818e-01,3.035911594378322143e-01,7.175852452817683691e-01,8.500000000000000611e-02,3.000000000000000000e+00,4.767840060099503025e+06
-5.268091453877682184e+00,3.249198347207813420e-01,-3.187170142028550313e-02,5.512365470532507583e-01,8.500000000000000611e-02,3.000000000000000000e+00,4.767840060099503025e+06
-5.370656039827816031e+00,4.140632159319201921e-01,1.697395585717142441e-01,5.562228518377498876e-01,8.500000000000000611e-02,3.000000000000000000e+00,4.767840060099503025e+06
-5.430725862894235867e+00,3.872784303677730411e-01,2.543201521434833023e-01,5.857421256737653792e-01,8.500000000000000611e-02,3.000000000000000000e+00,4.767840060099503025e+06
-5.563343822401458638e+00,3.369309030315646991e-01,4.375383015514321405e-01,6.305920176379690156e-01,8.500000000000000611e-02,3.000000000000000000e+00,4.767840060099503025e+06
-5.563343822401458638e+00,3.369309030315646991e-01,4.375383015514321405e-01,6.305920176379690156e-01,8.500000000000000611e-02,3.000000000000000000e+00,4.767840060099503025e+06
-5.540475851977810784e+00,3.737267389331000444e-01,5.487523114695569415e-01,7.837490529870518863e-01,8.500000000000000611e-02,3.000000000000000000e+00,4.767840060099503025e+06
-5.540475851977810784e+00,3.737267389331000444e-01,5.487523114695569415e-01,7.837490529870518863e-01,8.500000000000000611e-02,3.000000000000000000e+00,4.767840060099503025e+06
-5.533304967673277730e+00,4.149721973926209229e-01,5.645320720025066574e-01,7.746679206010367302e-01,8.500000000000000611e-02,3.000000000000000000e+00,4.767840060099503025e+06
-5.484191332693153953e+00,3.570799830377771045e-01,4.798105115045957492e-01,8.033414058409285019e-01,8.500000000000000611e-02,3.000000000000000000e+00,4.767840060099503025e+06
-5.498024882835272464e+00,4.167432952937427659e-01,5.527035688842885097e-01,8.080498695341087334e-01,8.500000000000000611e-02,3.000000000000000000e+00,4.767840060099503025e+06
-5.539445815797771289e+00,3.916247733972060829e-01,5.774347354790132503e-01,8.159637131530192988e-01,8.500000000000000611e-02,3.000000000000000000e+00,4.767840060099503025e+06
-5.516339605246286304e+00,3.441777456949064451e-01,5.376336171358466753e-01,8.441901613852749175e-01,8.500000000000000611e-02,3.000000000000000000e+00,4.767840060099503025e+06
-5.659779907631362406e+00,4.373045708786003072e-01,7.868534361827932422e-01,8.741610061401042797e-01,8.500000000000000611e-02,3.000000000000000000e+00,4.767840060099503025e+06
-5.808090871345345185e+00,3.861770587408999145e-01,1.026349705549621127e+00,1.013410466982341607e+00,8.500000000000000611e-02,3.000000000000000000e+00,4.767840060099503025e+06
-5.852490249545030387e+00,2.994885583723190248e-01,9.970973783770931131e-01,1.009921882984006203e+00,8.500000000000000611e-02,3.000000000000000000e+00,4.767840060099503025e+06
-5.560865640268872312e+00,4.362591253989128726e-01,6.046337775362424782e-01,8.005270961355750448e-01,8.500000000000000611e-02,3.000000000000000000e+00,4.767840060099503025e+06
-5.822008766464170648e+00,3.640465358471383084e-01,9.360802865745571077e-01,9.195214050549137541e-01,8.500000000000000611e-02,3.000000000000000000e+00,4.767840060099503025e+06
-5.822008766464170648e+00,3.640465358471383084e-01,9.360802865745571077e-01,9.195214050549137541e-01,8.500000000000000611e-02,3.000000000000000000e+00,4.767840060099503025e+06
-5.489780062312411779e+00,3.464401992167204236e-01,4.507778219668356900e-01,7.803715037079541617e-01,8.500000000000000611e-02,3.000000000000000000e+00,4.767840060099503025e+06
-5.488952998037576414e+00,2.773608452842251104e-01,3.742703767312187679e-01,7.665316245311114551e-01,8.500000000000000611e-02,3.000000000000000000e+00,4.767840060099503025e+06
-5.529591816650903269e+00,4.678322364646120279e-01,7.381275089678371870e-01,9.805133424747208837e-01,8.500000000000000611e-02,3.000000000000000000e+00,4.767840060099503025e+06
-5.976587570179249020e+00,4.540904644022577541e-01,1.319485819200795662e+00,1.103471304508034212e+00,8.500000000000000611e-02,3.000000000000000000e+00,4.767840060099503025e+06
-5.756546175543874710e+00,5.573520359452428519e-01,1.049647944355543316e+00,9.711698349266663088e-01,8.500000000000000611e-02,3.000000000000000000e+00,4.767840060099503025e+06
-5.869921228248121459e+00,4.595217431662213525e-01,1.106461277951750422e+00,9.981928563496782481e-01,8.500000000000000611e-02,3.000000000000000000e+00,4.767840060099503025e+06
-5.904848766954021499e+00,4.597712475151186085e-01,1.160297598746229175e+00,1.018270326558897043e+00,8.500000000000000611e-02,3.000000000000000000e+00,4.767840060099503025e+06
-5.879718920036815177e+00,5.542675560417231750e-01,1.428976095868042195e+00,1.231417308344154637e+00,8.500000000000000611e-02,3.000000000000000000e+00,4.767840060099503025e+06
-5.858404397235818628e+00,3.536703737914201895e-01,1.203080353428565452e+00,1.175720214410136855e+00,8.500000000000000611e-02,3.000000000000000000e+00,4.767840060099503025e+06
-5.860606404853698770e+00,6.629692166705251077e-01,1.406662239106408752e+00,1.142643783231971577e+00,8.500000000000000611e-02,3.000000000000000000e+00,4.767840060099503025e+06
-5.837482437604756491e+00,9.174184087102127405e-01,1.671578133459686422e+00,1.247134449216067198e+00,8.500000000000000611e-02,3.000000000000000000e+00,4.767840060099503025e+06
-6.112855808093918597e+00,5.721522149091062825e-01,2.195543730853411368e+00,1.782047826788752065e+00,8.500000000000000611e-02,3.000000000000000000e+00,4.767840060099503025e+06
-6.112855808093918597e+00,5.721522149091062825e-01,2.195543730853411368e+00,1.782047826788752065e+00,8.500000000000000611e-02,3.000000000000000000e+00,4.767840060099503025e+06
-6.100852351326952139e+00,5.757529440051415426e-01,2.115093425158687701e+00,1.705419820749368931e+00,8.500000000000000611e-02,3.000000000000000000e+00,4.767840060099503025e+06
-6.096551080050827132e+00,6.017054339640141025e-01,2.124745073409616936e+00,1.697965383990912569e+00,8.500000000000000611e-02,3.000000000000000000e+00,4.767840060099503025e+06
-5.932248028854167465e+00,8.617587265591082346e-01,2.244577331599776571e+00,1.771397366437565735e+00,8.500000000000000611e-02,3.000000000000000000e+00,4.767840060099503025e+06
-5.932248028854167465e+00,8.617587265591082346e-01,2.244577331599776571e+00,1.771397366437565735e+00,8.500000000000000611e-02,3.000000000000000000e+00,4.767840060099503025e+06
-5.977393593555357043e+00,7.373649485798394743e-01,1.893801484805689439e+00,1.476521256026630757e+00,8.500000000000000611e-02,3.000000000000000000e+00,4.767840060099503025e+06
-6.125792435425903015e+00,6.325731986511389238e-01,1.871042450038323590e+00,1.354184060990252236e+00,8.500000000000000611e-02,3.000000000000000000e+00,4.767840060099503025e+06
-6.048229350763153711e+00,9.263301092889755228e-01,1.947401894136765010e+00,1.277334373560139680e+00,8.500000000000000611e-02,3.000000000000000000e+00,4.767840060099503025e+06
-5.616301663377264219e+00,1.043326009915001684e+00,1.018808345898126078e+00,7.094896475103091849e-01,8.500000000000000611e-02,3.000000000000000000e+00,4.767840060099503025e+06
-6.311523816029354528e+00,1.752918713238430959e+00,2.357995998182047082e+00,5.835456698022611910e-01,8.500000000000000611e-02,3.000000000000000000e+00,4.767840060099503025e+06
-6.115710932833862579e+00,1.720573876094519727e+00,2.095560085911790438e+00,5.362685449712442098e-01,8.500000000000000611e-02,3.000000000000000000e+00,4.767840060099503025e+06
-6.351074181306518796e+00,2.617792074225781640e+00,3.249539571843774954e+00,5.964419762379330470e-01,8.500000000000000611e-02,3.000000000000000000e+00,4.767840060099503025e+06
-6.345476922697084632e+00,2.158935638586086281e+00,2.752298957328976670e+00,5.402975241630693093e-01,8.500000000000000611e-02,3.000000000000000000e+00,4.767840060099503025e+06
-5.861906608605366387e+00,1.111389708240034579e+00,1.347445322525254063e+00,6.509265544713400686e-01,8.500000000000000611e-02,3.000000000000000000e+00,4.767840060099503025e+06
-5.674318404447097564e+00,7.966081617568269158e-01,8.665164817713493228e-01,6.660488408631219936e-01,8.500000000000000611e-02,3.000000000000000000e+00,4.767840060099503025e+06
-6.442663416715776137e+00,6.240622790462990732e-01,1.566312875857731601e+00,7.089555276248876714e-01,8.500000000000000611e-02,3.000000000000000000e+00,4.767840060099503025e+06
-6.406155066892418759e+00,8.206151120267783927e-01,1.668508933882111300e+00,6.579091301870051423e-01,8.500000000000000611e-02,3.000000000000000000e+00,4.767840060099503025e+06
-6.416765659670970123e+00,8.245075256941447606e-01,1.663472779373690758e+00,6.374157052008200264e-01,8.500000000000000611e-02,3.000000000000000000e+00,4.767840060099503025e+06
-6.430030479672744548e+00,8.128431127664547118e-01,1.653488104216001897e+00,6.223488602585823815e-01,8.500000000000000611e-02,3.000000000000000000e+00,4.767840060099503025e+06
-6.570614731586583268e+00,6.172710431388257479e-01,1.819936869836635607e+00,8.311198690010577206e-01,8.500000000000000611e-02,3.000000000000000000e+00,4.767840060099503025e+06
-6.652138493108906481e+00,5.942713279163086559e-01,1.817694173213867614e+00,7.454421613764723453e-01,8.500000000000000611e-02,3.000000000000000000e+00,4.767840060099503025e+06
-6.225815151064974629e+00,6.318117242268130873e-01,1.467815336567182438e+00,8.125776530425812272e-01,8.500000000000000611e-02,3.000000000000000000e+00,4.767840060099503025e+06
-6.272809896179348144e+00,5.571243026971102186e-01,1.446216458334597332e+00,8.028227977009850802e-01,8.500000000000000611e-02,3.000000000000000000e+00,4.767840060099503025e+06
-6.424548267133034507e+00,4.971843201127427170e-01,1.572816353591519167e+00,8.363714357743319283e-01,8.500000000000000611e-02,3.000000000000000000e+00,4.767840060099503025e+06
-6.424548267133034507e+00,4.971843201127427170e-01,1.572816353591519167e+00,8.363714357743319283e-01,8.500000000000000611e-02,3.000000000000000000e+00,4.767840060099503025e+06
-6.331103816875785384e+00,4.105343759784576552e-01,1.324517139440826607e+00,7.386126849633584124e-01,8.500000000000000611e-02,3.000000000000000000e+00,4.767840060099503025e+06
-6.371171315346883191e+00,8.236729247482497129e-01,1.644418956576759072e+00,6.714389037299186569e-01,8.500000000000000611e-02,3.000000000000000000e+00,4.767840060099503025e+06
-6.325666284919858384e+00,9.379291307535000399e-01,1.856725228668501870e+00,8.589459571211276456e-01,8.500000000000000611e-02,3.000000000000000000e+00,4.767840060099503025e+06
-6.385183815693537213e+00,9.842008711853025282e-01,2.141034039169655845e+00,1.060386450542499581e+00,8.500000000000000611e-02,3.000000000000000000e+00,4.767840060099503025e+06
-6.418095508745579991e+00,8.928683857823787040e-01,2.026611716094015136e+00,9.828527494449181834e-01,8.500000000000000611e-02,3.000000000000000000e+00,4.767840060099503025e+06
-6.141460529935689472e+00,5.625677674649800508e-01,1.393921676984260838e+00,9.244017692478784243e-01,8.500000000000000611e-02,3.000000000000000000e+00,4.767840060099503025e+06
-6.433007342852256727e+00,8.117091547780084237e-01,1.792730746013992960e+00,8.181730315590434177e-01,8.500000000000000611e-02,3.000000000000000000e+00,4.767840060099503025e+06
-6.321235172936931157e+00,1.028725319326556198e+00,1.911434169026826169e+00,8.611442536818645355e-01,8.500000000000000611e-02,3.000000000000000000e+00,4.767840060099503025e+06
-6.277842933248461321e+00,1.072661729560326460e+00,2.076803462490955710e+00,1.056211962332585630e+00,8.500000000000000611e-02,3.000000000000000000e+00,4.767840060099503025e+06
-6.169994868914496777e+00,8.583109823494786683e-01,1.601378318439946824e+00,8.905202462789157947e-01,8.500000000000000611e-02,3.000000000000000000e+00,4.767840060099503025e+06
-6.023141171559824869e+00,1.252156049952259043e+00,1.847741895420416780e+00,9.007937019015527236e-01,8.500000000000000611e-02,3.000000000000000000e+00,4.767840060099503025e+06
-6.151382735422441073e+00,2.001910978083595527e+00,2.706176097272871672e+00,9.404197866948570406e-01,8.500000000000000611e-02,3.000000000000000000e+00,4.767840060099503025e+06
-6.114133803403869472e+00,1.921088128076001933e+00,2.560572416864739687e+00,9.001351819617682271e-01,8.500000000000000611e-02,3.000000000000000000e+00,4.767840060099503025e+06
-6.021225834738914706e+00,2.654910470680017731e+00,3.017942626925269156e+00,7.040772589607671161e-01,8.500000000000000611e-02,3.000000000000000000e+00,4.767840060099503025e+06
-5.978721106336849722e+00,2.015368487219230342e+00,2.418387026319193556e+00,7.712849442288283175e-01,8.500000000000000611e-02,3.000000000000000000e+00,4.767840060099503025e+06
-5.929750686331810350e+00,2.016958068406502935e+00,2.437731615308571520e+00,8.713192255098609618e-01,8.500000000000000611e-02,3.000000000000000000e+00,4.767840060099503025e+06
-5.902178778016582861e+00,1.923531120268219485e+00,2.321969084396635630e+00,8.611109412611697156e-01,8.500000000000000611e-02,3.000000000000000000e+00,4.767840060099503025e+06
-5.394666261676785091e+00,1.623007258100014782e+00,1.306077652937592593e+00,5.871841905706399745e-01,8.500000000000000611e-02,3.000000000000000000e+00,4.767840060099503025e+06
-5.566251548955354345e+00,1.502669708415619088e+00,1.285277398814837380e+00,5.513568930693590886e-01,8.500000000000000611e-02,3.000000000000000000e+00,4.767840060099503025e+06
-5.310412812633205526e+00,1.638073338467306073e+00,1.048294562437285249e+00,4.383269383263597163e-01,8.500000000000000611e-02,3.000000000000000000e+00,4.767840060099503025e+06
-5.995291470161863145e+00,1.506490255084116825e+00,1.745363318562835220e+00,5.442637026510193099e-01,8.500000000000000611e-02,3.000000000000000000e+00,4.767840060099503025e+06
-6.056132121852967565e+00,1.795669959469984533e+00,1.928342892339064196e+00,2.295188069050048685e-01,8.500000000000000611e-02,3.000000000000000000e+00,4.767840060099503025e+06
-6.231558133306386082e+00,1.929091862596496121e+00,2.249368561390652665e+00,2.451639612651276556e-01,8.500000000000000611e-02,3.000000000000000000e+00,4.767840060099503025e+06
-5.957063749899023541e+00,1.694573935528618236e+00,1.763861127793529437e+00,3.126717800402589731e-01,8.500000000000000611e-02,3.000000000000000000e+00,4.767840060099503025e+06
-5.845462817858287252e+00,1.773221556745496308e+00,1.816721272113843266e+00,4.179420221972051097e-01,8.500000000000000611e-02,3.000000000000000000e+00,4.767840060099503025e+06
-6.120143321569345929e+00,1.217121202477647657e+00,1.607606003061996525e+00,4.552521423121120847e-01,8.500000000000000611e-02,3.000000000000000000e+00,4.767840060099503025e+06
-6.274726393051428985e+00,1.097631428001771603e+00,1.648109778638510603e+00,4.848932861590352639e-01,8.500000000000000611e-02,3.000000000000000000e+00,4.767840060099503025e+06
-6.554668051000421158e+00,1.216155371334620483e+00,2.082947784215746445e+00,5.324767736634662407e-01,8.500000000000000611e-02,3.000000000000000000e+00,4.767840060099503025e+06
-6.026827528057466132e+00,9.933746573366288857e-01,1.643474622516395200e+00,9.083049273631427223e-01,8.500000000000000611e-02,3.000000000000000000e+00,4.767840060099503025e+06
-6.218683797965251614e+00,8.080371724227226604e-01,1.973483711383843708e+00,1.248230820315685774e+00,8.500000000000000611e-02,3.000000000000000000e+00,4.767840060099503025e+06
-5.953141393734596498e+00,7.297168542963374804e-01,1.623556753807195330e+00,1.273584652303146214e+00,8.500000000000000611e-02,3.000000000000000000e+00,4.767840060099503025e+06
-5.915132444450073912e+00,7.777838185038381535e-01,1.595811923837973323e+00,1.234630134443967187e+00,8.500000000000000611e-02,3.000000000000000000e+00,4.767840060099503025e+06
-5.930183704089698082e+00,7.642181184229637214e-01,1.608026715301045684e+00,1.244423733757574757e+00,8.500000000000000611e-02,3.000000000000000000e+00,4.767840060099503025e+06
-5.728548137295883969e+00,5.983973301991485361e-01,1.092531731538993522e+00,1.059227010560172655e+00,8.500000000000000611e-02,3.000000000000000000e+00,4.767840060099503025e+06
-5.727116573555942836e+00,7.112949976818403464e-01,1.191773434104816953e+00,1.056825776147389817e+00,8.500000000000000611e-02,3.000000000000000000e+00,4.767840060099503025e+06
-4.816165558074399833e+00,1.327831479927239933e+00,2.012339160699240237e-01,3.204384301135183577e-01,8.500000000000000611e-02,3.000000000000000000e+00,4.767840060099503025e+06
-5.060801518403754251e+00,1.549343652676910210e+00,7.401823834779861500e-01,4.506381288603266699e-01,8.500000000000000611e-02,3.000000000000000000e+00,4.767840060099503025e+06
-5.171428833281956905e+00,2.119076140048502754e+00,1.415751405249999983e+00,4.368444012038913415e-01,8.500000000000000611e-02,3.000000000000000000e+00,4.767840060099503025e+06
-4.975784110536917382e+00,2.243473166220083748e+00,1.363535139778732974e+00,4.552612896437965295e-01,8.500000000000000611e-02,3.000000000000000000e+00,4.767840060099503025e+06
-4.943058165039235341e+00,2.996431429933604562e+00,2.029766829870276013e+00,3.912084596910837542e-01,8.500000000000000611e-02,3.000000000000000000e+00,4.767840060099503025e+06
-5.050594110007588178e+00,2.904460347665029474e+00,2.053879332032056304e+00,3.932135983353206576e-01,8.500000000000000611e-02,3.000000000000000000e+00,4.767840060099503025e+06
-5.052157283695652090e+00,2.686563906988861827e+00,1.812870805621443537e+00,3.602695327529589209e-01,8.500000000000000611e-02,3.000000000000000000e+00,4.767840060099503025e+06
-5.368669509169018639e+00,2.736535878334813265e+00,2.199686753406273176e+00,3.789646889339130520e-01,8.500000000000000611e-02,3.000000000000000000e+00,4.767840060099503025e+06
-5.396638166865783681e+00,2.871883189996914609e+00,2.451711785910341668e+00,5.563431915384170479e-01,8.500000000000000611e-02,3.000000000000000000e+00,4.767840060099503025e+06
-5.541029370467444259e+00,2.224875455538915858e+00,1.881269304046734092e+00,3.787799656527736092e-01,8.500000000000000611e-02,3.000000000000000000e+00,4.767840060099503025e+06
-5.729618763757936328e+00,2.209188071986774471e+00,2.051838219080572845e+00,4.063502290005107653e-01,8.500000000000000611e-02,3.000000000000000000e+00,4.767840060099503025e+06
-5.699138324249710230e+00,2.298362316825959262e+00,1.761416873558332874e+00,-5.197187431597227736e-02,8.500000000000000611e-02,3.000000000000000000e+00,4.767840060099503025e+06
-5.699138324249710230e+00,2.298362316825959262e+00,1.761416873558332874e+00,-5.197187431597227736e-02,8.500000000000000611e-02,3.000000000000000000e+00,4.767840060099503025e+06
-5.630143502522993337e+00,2.280380404645585557e+00,2.164802013274830905e+00,5.498766405237361932e-01,8.500000000000000611e-02,3.000000000000000000e+00,4.767840060099503025e+06
-5.707275826213937364e+00,2.972907160333862819e+00,3.044847543212549912e+00,7.190492425238184104e-01,8.500000000000000611e-02,3.000000000000000000e+00,4.767840060099503025e+06
-5.680810236631873344e+00,2.976615656948217836e+00,3.039969129632800637e+00,7.526740440418459022e-01,8.500000000000000611e-02,3.000000000000000000e+00,4.767840060099503025e+06
-5.476333622500199283e+00,2.956297202085130582e+00,2.813634330312108744e+00,7.704683199451488607e-01,8.500000000000000611e-02,3.000000000000000000e+00,4.767840060099503025e+06
-5.758646311851312483e+00,2.737326749931540348e+00,2.684998050746632448e+00,5.513000942282996197e-01,8.500000000000000611e-02,3.000000000000000000e+00,4.767840060099503025e+06
-5.681416755831145693e+00,2.537741868002350909e+00,2.379459096424814568e+00,4.945109945021077258e-01,8.500000000000000611e-02,3.000000000000000000e+00,4.767840060099503025e+06
-5.447429913216685016e+00,2.200295256435171432e+00,1.731966851288745612e+00,3.315376500441273855e-01,8.500000000000000611e-02,3.000000000000000000e+00,4.767840060099503025e+06
-5.284178473956539612e+00,1.627647132699937105e+00,9.579077222851981599e-01,2.494819262464099130e-01,8.500000000000000611e-02,3.000000000000000000e+00,4.767840060099503025e+06
-5.082913502720253440e+00,1.246932478345277540e+00,2.457483047154440658e-01,1.054875738122192652e-01,8.500000000000000611e-02,3.000000000000000000e+00,4.767840060099503025e+06
-5.021927991190702656e+00,2.288468153574950925e+00,1.213936167534362953e+00,-2.505600578021904834e-02,8.500000000000000611e-02,3.000000000000000000e+00,4.767840060099503025e+06
-4.940947438878040998e+00,2.340995346244950426e+00,1.203262857629626925e+00,-2.401054086787091091e-03,8.500000000000000611e-02,3.000000000000000000e+00,4.767840060099503025e+06
-4.940947438878040998e+00,2.340995346244950426e+00,1.203262857629626925e+00,-2.401054086787091091e-03,8.500000000000000611e-02,3.000000000000000000e+00,4.767840060099503025e+06
-4.969134530930110927e+00,2.158653933405237701e+00,1.107650324557479804e+00,9.561076514159466688e-02,8.500000000000000611e-02,3.000000000000000000e+00,4.767840060099503025e+06
-4.569040844535088297e+00,2.300339293329348056e+00,7.534198094565491832e-01,-3.499527446236183614e-02,8.500000000000000611e-02,3.000000000000000000e+00,4.767840060099503025e+06
-4.883111813534894097e+00,2.226439712612986010e+00,1.053402378981488585e+00,4.483697614725219716e-02,8.500000000000000611e-02,3.000000000000000000e+00,4.767840060099503025e+06
-4.848354985030119302e+00,2.230936081769044232e+00,8.136596420563300125e-01,-2.991785706387726229e-01,8.500000000000000611e-02,3.000000000000000000e+00,4.767840060099503025e+06
-4.848354985030119302e+00,2.230936081769044232e+00,8.136596420563300125e-01,-2.991785706387726229e-01,8.500000000000000611e-02,3.000000000000000000e+00,4.767840060099503025e+06
-4.848354985030119302e+00,2.230936081769044232e+00,8.136596420563300125e-01,-2.991785706387726229e-01,8.500000000000000611e-02,3.000000000000000000e+00,4.767840060099503025e+06
-4.976444796192347475e+00,2.253039418336760136e+00,1.019056341815232525e+00,-2.027480013120538382e-01,8.500000000000000611e-02,3.000000000000000000e+00,4.767840060099503025e+06
-4.976444796192347475e+00,2.253039418336760136e+00,1.019056341815232525e+00,-2.027480013120538382e-01,8.500000000000000611e-02,3.000000000000000000e+00,4.767840060099503025e+06
-4.976444796192347475e+00,2.253039418336760136e+00,1.019056341815232525e+00,-2.027480013120538382e-01,8.500000000000000611e-02,3.000000000000000000e+00,4.767840060099503025e+06
-4.976444796192347475e+00,2.253039418336760136e+00,1.019056341815232525e+00,-2.027480013120538382e-01,8.500000000000000611e-02,3.000000000000000000e+00,4.767840060099503025e+06
-4.976444796192347475e+00,2.253039418336760136e+00,1.019056341815232525e+00,-2.027480013120538382e-01,8.500000000000000611e-02,3.000000000000000000e+00,4.767840060099503025e+06
-4.976444796192347475e+00,2.253039418336760136e+00,1.019056341815232525e+00,-2.027480013120538382e-01,8.500000000000000611e-02,3.000000000000000000e+00,4.767840060099503025e+06
-4.976444796192347475e+00,2.253039418336760136e+00,1.019056341815232525e+00,-2.027480013120538382e-01,8.500000000000000611e-02,3.000000000000000000e+00,4.767840060099503025e+06
-4.976444796192347475e+00,2.253039418336760136e+00,1.019056341815232525e+00,-2.027480013120538382e-01,8.500000000000000611e-02,3.000000000000000000e+00,4.767840060099503025e+06
-4.976444796192347475e+00,2.253039418336760136e+00,1.019056341815232525e+00,-2.027480013120538382e-01,8.500000000000000611e-02,3.000000000000000000e+00,4.767840060099503025e+06
-4.976444796192347475e+00,2.253039418336760136e+00,1.019056341815232525e+00,-2.027480013120538382e-01,8.500000000000000611e-02,3.000000000000000000e+00,4.767840060099503025e+06
-4.683531790723965749e+00,2.222286060362404392e+00,6.927641769760795043e-01,-1.971472087498792047e-01,8.500000000000000611e-02,3.000000000000000000e+00,4.767840060099503025e+06
-4.683531790723965749e+00,2.222286060362404392e+00,6.927641769760795043e-01,-1.971472087498792047e-01,8.500000000000000611e-02,3.000000000000000000e+00,4.767840060099503025e+06
-4.683531790723965749e+00,2.222286060362404392e+00,6.927641769760795043e-01,-1.971472087498792047e-01,8.500000000000000611e-02,3.000000000000000000e+00,4.767840060099503025e+06
-4.683531790723965749e+00,2.222286060362404392e+00,6.927641769760795043e-01,-1.971472087498792047e-01,8.500000000000000611e-02,3.000000000000000000e+00,4.767840060099503025e+06
-4.683531790723965749e+00,2.222286060362404392e+00,6.927641769760795043e-01,-1.971472087498792047e-01,8.500000000000000611e-02,3.000000000000000000e+00,4.767840060099503025e+06
-4.855079463062986100e+00,2.012504309943089709e+00,8.396175159956831280e-01,3.450571766564258791e-02,8.500000000000000611e-02,3.000000000000000000e+00,4.767840060099503025e+06
-5.299070409065447684e+00,1.755459270347231149e+00,1.113818955214674888e+00,2.294624845316994288e-01,8.500000000000000611e-02,3.000000000000000000e+00,4.767840060099503025e+06
-5.940327043449831201e+00,1.675659396936047152e+00,1.730425605708290959e+00,2.759181058026342059e-01,8.500000000000000611e-02,3.000000000000000000e+00,4.767840060099503025e+06
-6.005308026534728505e+00,1.660666539216764548e+00,2.088315353175949518e+00,7.810806458048291656e-01,8.500000000000000611e-02,3.000000000000000000e+00,4.767840060099503025e+06
-6.195175058006878288e+00,1.259582384413784784e+00,1.812357563143954131e+00,6.686966879619973270e-01,8.500000000000000611e-02,3.000000000000000000e+00,4.767840060099503025e+06
-5.925404071086857627e+00,1.136169775629420231e+00,1.362458966335458266e+00,6.011864276901441873e-01,8.500000000000000611e-02,3.000000000000000000e+00,4.767840060099503025e+06
-5.933686304750549922e+00,8.901549186412062165e-01,1.256894133019631266e+00,7.223961804006919785e-01,8.500000000000000611e-02,3.000000000000000000e+00,4.767840060099503025e+06
-6.349271167695637708e+00,2.285733414536089914e+00,2.913530327391137043e+00,5.318954995829524579e-01,8.500000000000000611e-02,3.000000000000000000e+00,4.767840060099503025e+06
-6.224471065516485879e+00,2.000892402438379847e+00,2.482275571233410361e+00,4.913197046131159706e-01,8.500000000000000611e-02,3.000000000000000000e+00,4.767840060099503025e+06
-6.627857570122560382e+00,1.378846372189357794e+00,2.265336520279368049e+00,4.398457333658188362e-01,8.500000000000000611e-02,3.000000000000000000e+00,4.767840060099503025e+06
-6.494812533005197785e+00,9.595758930184614677e-01,1.647610311748107570e+00,3.431176141755038489e-01,8.500000000000000611e-02,3.000000000000000000e+00,4.767840060099503025e+06
-6.508368964361189946e+00,9.175729468318865045e-01,1.684465649352941963e+00,4.253756378023161866e-01,8.500000000000000611e-02,3.000000000000000000e+00,4.767840060099503025e+06
-6.063071357406800033e+00,1.721866694140142595e+00,1.918429913890715044e+00,3.021164415983345064e-01,8.500000000000000611e-02,3.000000000000000000e+00,4.767840060099503025e+06
-6.024356694485776487e+00,1.765010302689588695e+00,1.931807825163124992e+00,3.210238742184225447e-01,8.500000000000000611e-02,3.000000000000000000e+00,4.767840060099503025e+06
-6.187074979145472220e+00,1.616069160640646318e+00,2.022790061303478382e+00,4.557459825636863693e-01,8.500000000000000611e-02,3.000000000000000000e+00,4.767840060099503025e+06
-6.339644892901556972e+00,1.678861067796902917e+00,2.299981948492723305e+00,5.331171514111843202e-01,8.500000000000000611e-02,3.000000000000000000e+00,4.767840060099503025e+06
-5.619726284769085645e+00,1.422579003651782914e+00,1.256171144751527136e+00,4.837509259165787556e-01,8.500000000000000611e-02,3.000000000000000000e+00,4.767840060099503025e+06
-5.579567047115649103e+00,1.368952414415917307e+00,1.037514503059388860e+00,3.349147634437628085e-01,8.500000000000000611e-02,3.000000000000000000e+00,4.767840060099503025e+06
-5.609362454022592814e+00,1.327049686356222447e+00,1.027547711714896561e+00,3.331705479788987234e-01,8.500000000000000611e-02,3.000000000000000000e+00,4.767840060099503025e+06
-5.723620383776250264e+00,1.294560242719324794e+00,1.197552461412487279e+00,4.139718096219398014e-01,8.500000000000000611e-02,3.000000000000000000e+00,4.767840060099503025e+06
-5.728187520642075370e+00,1.315684437148406216e+00,1.189132440447885797e+00,3.675242790540256821e-01,8.500000000000000611e-02,3.000000000000000000e+00,4.767840060099503025e+06
-5.370955478639866776e+00,1.647037775739560006e+00,1.000828988461627045e+00,2.378644304753131100e-01,8.500000000000000611e-02,3.000000000000000000e+00,4.767840060099503025e+06
-5.371886679392007480e+00,1.680985452643637856e+00,1.076727630653140810e+00,3.099243178778618990e-01,8.500000000000000611e-02,3.000000000000000000e+00,4.767840060099503025e+06
-5.455002807017574895e+00,1.597248598830681710e+00,1.131268252391504081e+00,3.668778697856570070e-01,8.500000000000000611e-02,3.000000000000000000e+00,4.767840060099503025e+06
-5.538614337294577972e+00,1.513555864101629789e+00,1.165378677381576633e+00,3.970901080366187053e-01,8.500000000000000611e-02,3.000000000000000000e+00,4.767840060099503025e+06
-5.849663423246324712e+00,1.592793536138488619e+00,1.822223111296006337e+00,7.450773303535882519e-01,8.500000000000000611e-02,3.000000000000000000e+00,4.767840060099503025e+06
-5.637473516167895937e+00,1.198021925973372870e+00,1.200852200111993451e+00,6.886025227920182790e-01,8.500000000000000611e-02,3.000000000000000000e+00,4.767840060099503025e+06
-5.078609133616381222e+00,1.019730473226453160e+00,4.842324473716752564e-01,7.222311656793418688e-01,8.500000000000000611e-02,3.000000000000000000e+00,4.767840060099503025e+06
-5.654194496437689565e+00,1.250926088215546184e+00,1.427157195765835107e+00,8.887846029002686166e-01,8.500000000000000611e-02,3.000000000000000000e+00,4.767840060099503025e+06
-5.548603890182327802e+00,1.090264604895189171e+00,1.062518168891389170e+00,7.683716860648597269e-01,8.500000000000000611e-02,3.000000000000000000e+00,4.767840060099503025e+06
-5.614745357312632912e+00,1.206514699216705067e+00,1.296026518619497025e+00,8.301571637139227855e-01,8.500000000000000611e-02,3.000000000000000000e+00,4.767840060099503025e+06
-5.628008463754952118e+00,1.062786713863056010e+00,1.231005601110363834e+00,9.063425652133744181e-01,8.500000000000000611e-02,3.000000000000000000e+00,4.767840060099503025e+06
-5.751791231930255321e+00,1.219371928217694689e+00,1.824476342335521473e+00,1.228380017325565010e+00,8.500000000000000611e-02,3.000000000000000000e+00,4.767840060099503025e+06
-5.760733712655494720e+00,1.749643370606228210e+00,2.123495772769864676e+00,9.818503705940766491e-01,8.500000000000000611e-02,3.000000000000000000e+00,4.767840060099503025e+06
-4.964452571369189826e+00,1.713846994735529705e+00,1.452547560154687556e+00,1.249147164098086016e+00,8.500000000000000611e-02,3.000000000000000000e+00,4.767840060099503025e+06
-4.851090447512477866e+00,1.372768551617538746e+00,7.191503880722718289e-01,9.006383505074945228e-01,8.500000000000000611e-02,3.000000000000000000e+00,4.767840060099503025e+06
-4.933593829485635851e+00,1.466102214461935338e+00,5.951793716070851170e-01,5.063919891686036179e-01,8.500000000000000611e-02,3.000000000000000000e+00,4.767840060099503025e+06
-5.445436149575151319e+00,1.835394931658320017e+00,1.572554481518768199e+00,6.541139021353550298e-01,8.500000000000000611e-02,3.000000000000000000e+00,4.767840060099503025e+06
-5.360625859556823691e+00,1.325298051986082637e+00,1.032117532875924448e+00,7.097608762197307186e-01,8.500000000000000611e-02,3.000000000000000000e+00,4.767840060099503025e+06
-5.382039654196767664e+00,1.288417083619233461e+00,1.028146875254625670e+00,7.256909870685761543e-01,8.500000000000000611e-02,3.000000000000000000e+00,4.767840060099503025e+06
-5.275179595675798971e+00,1.191630538003451756e+00,8.243744239465903290e-01,7.104759149795718542e-01,8.500000000000000611e-02,3.000000000000000000e+00,4.767840060099503025e+06
-5.349614959584863882e+00,1.153764733782357554e+00,8.794946739545649317e-01,7.228531533658774100e-01,8.500000000000000611e-02,3.000000000000000000e+00,4.767840060099503025e+06
-5.277575224603291204e+00,1.146577679486048496e+00,5.940508914550877151e-01,4.829280377438692762e-01,8.500000000000000611e-02,3.000000000000000000e+00,4.767840060099503025e+06
-5.312977533599588575e+00,7.411511365928131756e-01,3.701006149433953007e-01,5.827623185519232862e-01,8.500000000000000611e-02,3.000000000000000000e+00,4.767840060099503025e+06
-5.034138093532880553e+00,7.104681944185582410e-01,2.471738061043904366e-01,7.945078515657464369e-01,8.500000000000000611e-02,3.000000000000000000e+00,4.767840060099503025e+06
-5.556225100245717030e+00,6.003591520085128641e-01,6.407879072471986959e-01,7.175266630118963818e-01,8.500000000000000611e-02,3.000000000000000000e+00,4.767840060099503025e+06
-5.471926153880198207e+00,4.214926785910576013e-01,6.607455526763981180e-01,9.510051309178382262e-01,8.500000000000000611e-02,3.000000000000000000e+00,4.767840060099503025e+06
-5.476335150362931614e+00,2.472386640608350561e-01,5.676960245049804676e-01,1.016979874502483394e+00,8.500000000000000611e-02,3.000000000000000000e+00,4.767840060099503025e+06
-5.473572719106379658e+00,2.453439722417360969e-01,5.310526317987727118e-01,9.850609263526355353e-01,8.500000000000000611e-02,3.000000000000000000e+00,4.767840060099503025e+06
-5.310837279081003004e+00,2.832187215990135121e-01,2.554572692132935918e-01,8.171419416473102437e-01,8.500000000000000611e-02,3.000000000000000000e+00,4.767840060099503025e+06
-5.093115551628002891e+00,4.137680472288880473e-01,-1.811255473489617462e-02,6.644342503711976322e-01,8.500000000000000611e-02,3.000000000000000000e+00,4.767840060099503025e+06
-5.283415512914590551e+00,2.852235289153847719e-01,7.298737989570552864e-02,6.837662137254496564e-01,8.500000000000000611e-02,3.000000000000000000e+00,4.767840060099503025e+06
-5.274427572137844855e+00,4.284561371127770801e-01,1.353892372543377687e-01,6.251511351795513427e-01,8.500000000000000611e-02,3.000000000000000000e+00,4.767840060099503025e+06
-5.272266252343850823e+00,5.166859269458492498e-01,1.990312655113273266e-01,6.044943220448590893e-01,8.500000000000000611e-02,3.000000000000000000e+00,4.767840060099503025e+06
-4.821057743488251113e+00,5.127941435963419003e-01,-3.791894864943172738e-01,4.706289770510383441e-01,8.500000000000000611e-02,3.000000000000000000e+00,4.767840060099503025e+06
-4.706563674531227370e+00,4.037424353582967917e-01,-5.991231231837292892e-01,4.631208020005358472e-01,8.500000000000000611e-02,3.000000000000000000e+00,4.767840060099503025e+06
-4.696903609618540365e+00,4.070432884809158658e-01,-5.730111372578998719e-01,5.045603522785928607e-01,8.500000000000000611e-02,3.000000000000000000e+00,4.767840060099503025e+06
-4.741987184554645296e+00,3.501028566924145324e-01,-5.459047057366921418e-01,5.497939834965372974e-01,8.500000000000000611e-02,3.000000000000000000e+00,4.767840060099503025e+06
-5.253708086004528433e+00,4.616814358454574552e-01,1.701283663393378109e-01,6.868434066840810592e-01,8.500000000000000611e-02,3.000000000000000000e+00,4.767840060099503025e+06
-5.382904569139665973e+00,4.653685316500471014e-01,3.595848142233893374e-01,7.485849076916506473e-01,8.500000000000000611e-02,3.000000000000000000e+00,4.767840060099503025e+06
-5.332853241843064751e+00,5.238927564685922356e-01,2.446666904638167828e-01,5.904964256056157712e-01,8.500000000000000611e-02,3.000000000000000000e+00,4.767840060099503025e+06
-5.286068592982204883e+00,5.700645333193014030e-01,1.437429066573838732e-01,4.855164800673944514e-01,8.500000000000000611e-02,3.000000000000000000e+00,4.767840060099503025e+06
-5.321741991407327177e+00,7.485482112337584759e-01,3.703021803483115271e-01,5.241831853810814401e-01,8.500000000000000611e-02,3.000000000000000000e+00,4.767840060099503025e+06
-5.423960576191368510e+00,8.917667029414571012e-01,6.504771205154886715e-01,5.907181444380475988e-01,8.500000000000000611e-02,3.000000000000000000e+00,4.767840060099503025e+06
-5.404001346408357165e+00,7.772350201096971389e-01,5.290365339666058819e-01,6.117011062190377269e-01,8.500000000000000611e-02,3.000000000000000000e+00,4.767840060099503025e+06
-4.884682811254720036e+00,5.325757937809241227e-01,-2.989475385904714066e-01,5.280906682328616597e-01,8.500000000000000611e-02,3.000000000000000000e+00,4.767840060099503025e+06
-5.452826609234234567e+00,8.775061880301213701e-01,6.350542677769785982e-01,5.293624440274274923e-01,8.500000000000000611e-02,3.000000000000000000e+00,4.767840060099503025e+06
-5.344263154819147488e+00,4.557667126025785054e-01,2.962267833994817745e-01,6.960277253230632288e-01,8.500000000000000611e-02,3.000000000000000000e+00,4.767840060099503025e+06
-5.387953924776534897e+00,5.906336665642692996e-01,5.219340687443315696e-01,8.055756422081805646e-01,8.500000000000000611e-02,3.000000000000000000e+00,4.767840060099503025e+06
-5.816616169814964543e+00,5.406777370671012051e-01,1.042200587510417220e+00,9.182364871783050830e-01,8.500000000000000611e-02,3.000000000000000000e+00,4.767840060099503025e+06
-5.809498180854708593e+00,5.356129695955336167e-01,1.032673743877466466e+00,9.201130155361929575e-01,8.500000000000000611e-02,3.000000000000000000e+00,4.767840060099503025e+06
-5.676232139476677041e+00,1.068413429687174343e+00,1.163415614642994145e+00,7.071745599425393047e-01,8.500000000000000611e-02,3.000000000000000000e+00,4.767840060099503025e+06
-5.636180208330814345e+00,1.718849567837263947e+00,1.427832650959157679e+00,3.076389682619913302e-01,8.500000000000000611e-02,3.000000000000000000e+00,4.767840060099503025e+06
-6.054209883352328347e+00,1.501068708519846640e+00,1.799008662553069460e+00,5.078970157344024905e-01,8.500000000000000611e-02,3.000000000000000000e+00,4.767840060099503025e+06
-6.394492544102763354e+00,1.588109514854845195e+00,2.291175577606234359e+00,5.917169073090006171e-01,8.500000000000000611e-02,3.000000000000000000e+00,4.767840060099503025e+06
-5.761765311766802178e+00,1.718273137209386459e+00,1.766957637690588889e+00,5.993849420639063563e-01,8.500000000000000611e-02,3.000000000000000000e+00,4.767840060099503025e+06
-5.648466372860578844e+00,1.805550044889766115e+00,1.522272949175200951e+00,2.660795574929373242e-01,8.500000000000000611e-02,3.000000000000000000e+00,4.767840060099503025e+06
-6.349985764737844818e+00,1.041546743590622937e+00,1.812433376809303942e+00,6.533690025583747119e-01,8.500000000000000611e-02,3.000000000000000000e+00,4.767840060099503025e+06
-6.960124265966846302e+00,1.418446137503198035e+00,3.100807001689973585e+00,1.042556660205488761e+00,8.500000000000000611e-02,3.000000000000000000e+00,4.767840060099503025e+06
-6.830768921525015358e+00,1.181202424350840108e+00,2.657579951180116140e+00,9.162687314440318698e-01,8.500000000000000611e-02,3.000000000000000000e+00,4.767840060099503025e+06
-6.850917971918904392e+00,9.260574035532926906e-01,2.992308849320419295e+00,1.507358823751348886e+00,8.500000000000000611e-02,3.000000000000000000e+00,4.767840060099503025e+06
-6.904356802501727230e+00,9.247033394570872700e-01,3.026293967713705513e+00,1.485477753769800513e+00,8.500000000000000611e-02,3.000000000000000000e+00,4.767840060099503025e+06
-7.059789702144449564e+00,8.909889362598474305e-01,3.181960627446042800e+00,1.501406486772697946e+00,8.500000000000000611e-02,3.000000000000000000e+00,4.767840060099503025e+06
-7.109268576055381317e+00,6.272443203620068353e-01,3.152842907934390482e+00,1.684819504075747432e+00,8.500000000000000611e-02,3.000000000000000000e+00,4.767840060099503025e+06
-7.109268576055381317e+00,6.272443203620068353e-01,3.152842907934390482e+00,1.684819504075747432e+00,8.500000000000000611e-02,3.000000000000000000e+00,4.767840060099503025e+06
-6.833452666202260772e+00,1.019162562025402119e+00,3.057414811405395394e+00,1.495859343429258193e+00,8.500000000000000611e-02,3.000000000000000000e+00,4.767840060099503025e+06
-6.163339233779516313e+00,1.083195009154750199e+00,2.259616403638289306e+00,1.345193255994030279e+00,8.500000000000000611e-02,3.000000000000000000e+00,4.767840060099503025e+06
-6.425830242143534043e+00,1.067978385687319065e+00,2.719322209997710793e+00,1.549024749389360966e+00,8.500000000000000611e-02,3.000000000000000000e+00,4.767840060099503025e+06
-6.521405776140938748e+00,6.696609212593649385e-01,2.433710418903664685e+00,1.528366916258959707e+00,8.500000000000000611e-02,3.000000000000000000e+00,4.767840060099503025e+06
-6.493259080853580834e+00,6.886905378556050783e-01,2.405697551783419375e+00,1.513410288248203894e+00,8.500000000000000611e-02,3.000000000000000000e+00,4.767840060099503025e+06
-6.776965099510412927e+00,5.362629582916358384e-01,2.330446895232330728e+00,1.259250137840056460e+00,8.500000000000000611e-02,3.000000000000000000e+00,4.767840060099503025e+06
-6.285377379090719252e+00,7.164273496503965610e-01,1.893870466993079482e+00,1.163735580808819003e+00,8.500000000000000611e-02,3.000000000000000000e+00,4.767840060099503025e+06
-6.437793894974130460e+00,6.943726775476966040e-01,2.098176377308534235e+00,1.233863216994254275e+00,8.500000000000000611e-02,3.000000000000000000e+00,4.767840060099503025e+06
-7.165180386762846965e+00,7.458988229909064849e-01,2.897547339290862389e+00,1.238739766820573518e+00,8.500000000000000611e-02,3.000000000000000000e+00,4.767840060099503025e+06
-6.942651801598066719e+00,9.903468672894695235e-01,2.806439938524893041e+00,1.159153345633833210e+00,8.500000000000000611e-02,3.000000000000000000e+00,4.767840060099503025e+06
-6.364207224128754170e+00,8.059495293238891911e-01,2.209732388988663310e+00,1.329833664390008163e+00,8.500000000000000611e-02,3.000000000000000000e+00,4.767840060099503025e+06
-6.426602159053122598e+00,6.888901043234016974e-01,2.378581565707369450e+00,1.548658116470760238e+00,8.500000000000000611e-02,3.000000000000000000e+00,4.767840060099503025e+06
-6.426767277454079164e+00,6.800279471577664880e-01,2.432707738409202847e+00,1.610559533432111223e+00,8.500000000000000611e-02,3.000000000000000000e+00,4.767840060099503025e+06
-6.482563756741171801e+00,6.260540299492964866e-01,2.517736738933894269e+00,1.680905703798859951e+00,8.500000000000000611e-02,3.000000000000000000e+00,4.767840060099503025e+06
-6.426407098770534176e+00,6.076309775049932860e-01,2.390148544729981950e+00,1.603086306338043832e+00,8.500000000000000611e-02,3.000000000000000000e+00,4.767840060099503025e+06
-6.426407098770534176e+00,6.076309775049932860e-01,2.390148544729981950e+00,1.603086306338043832e+00,8.500000000000000611e-02,3.000000000000000000e+00,4.767840060099503025e+06
-6.453584425602168828e+00,5.792475792961088166e-01,2.438900704210102077e+00,1.652768382600160901e+00,8.500000000000000611e-02,3.000000000000000000e+00,4.767840060099503025e+06
-6.384927527562772376e+00,6.042068539201879140e-01,2.378515960664577378e+00,1.661916014821371412e+00,8.500000000000000611e-02,3.000000000000000000e+00,4.767840060099503025e+06
-6.384927527562772376e+00,6.042068539201879140e-01,2.378515960664577378e+00,1.661916014821371412e+00,8.500000000000000611e-02,3.000000000000000000e+00,4.767840060099503025e+06
-6.256845438553677141e+00,6.408319026817441699e-01,2.203488783756676117e+00,1.570432182039984692e+00,8.500000000000000611e-02,3.000000000000000000e+00,4.767840060099503025e+06
-6.257178549492466324e+00,6.377856786503930397e-01,2.202193982409904827e+00,1.571673579873012372e+00,8.500000000000000611e-02,3.000000000000000000e+00,4.767840060099503025e+06
-6.299142600852838392e+00,6.183495581826927712e-01,2.089364439694242570e+00,1.443645687349039974e+00,8.500000000000000611e-02,3.000000000000000000e+00,4.767840060099503025e+06
-6.323017356631265073e+00,6.524054694784349184e-01,2.135854503378762370e+00,1.438158621018315042e+00,8.500000000000000611e-02,3.000000000000000000e+00,4.767840060099503025e+06
-6.376385440813614025e+00,5.734647035219901934e-01,2.072030630469730017e+00,1.396902744633083948e+00,8.500000000000000611e-02,3.000000000000000000e+00,4.767840060099503025e+06
-5.975305375996464718e+00,6.658214333364913529e-01,1.444988060796481788e+00,1.086237527649057233e+00,8.500000000000000611e-02,3.000000000000000000e+00,4.767840060099503025e+06
-5.973974110673015758e+00,6.613390985992859683e-01,1.464892232485512258e+00,1.118970593425828275e+00,8.500000000000000611e-02,3.000000000000000000e+00,4.767840060099503025e+06
-6.085871196331218869e+00,6.284922474322096608e-01,1.698881092511806745e+00,1.294208442823829408e+00,8.500000000000000611e-02,3.000000000000000000e+00,4.767840060099503025e+06
-6.059596190104522329e+00,7.191414513017908572e-01,1.660558948207230712e+00,1.189117681938705928e+00,8.500000000000000611e-02,3.000000000000000000e+00,4.767840060099503025e+06
-5.991158497740891598e+00,7.976363957713028530e-01,1.615087076773211061e+00,1.133953412167307384e+00,8.500000000000000611e-02,3.000000000000000000e+00,4.767840060099503025e+06
-6.250738587858053030e+00,1.173658953906338231e+00,2.305278054653983055e+00,1.218428224200601928e+00,8.500000000000000611e-02,3.000000000000000000e+00,4.767840060099503025e+06
-6.357222172237019464e+00,1.674429607504084316e+00,3.097860877580137728e+00,1.442760427483392727e+00,8.500000000000000611e-02,3.000000000000000000e+00,4.767840060099503025e+06
-5.847969263941940277e+00,2.510144028885465950e+00,2.871065292676493907e+00,8.986672479116655232e-01,8.500000000000000611e-02,3.000000000000000000e+00,4.767840060099503025e+06
-5.988424102977069730e+00,2.216408919260278498e+00,2.576378579183126405e+00,7.195123930306126514e-01,8.500000000000000611e-02,3.000000000000000000e+00,4.767840060099503025e+06
-5.722553821423471021e+00,1.876123711470906397e+00,2.023445395835639093e+00,7.758697633270610350e-01,8.500000000000000611e-02,3.000000000000000000e+00,4.767840060099503025e+06
-6.263981485362877244e+00,1.858414934021571430e+00,2.458871890086235634e+00,6.666044338074621489e-01,8.500000000000000611e-02,3.000000000000000000e+00,4.767840060099503025e+06
-6.301013921940417539e+00,2.274065561900815879e+00,2.925308791404575448e+00,6.897966329715043976e-01,8.500000000000000611e-02,3.000000000000000000e+00,4.767840060099503025e+06
-6.092473731445420704e+00,2.240936083241381382e+00,2.559255079617692274e+00,5.226627097711087355e-01,8.500000000000000611e-02,3.000000000000000000e+00,4.767840060099503025e+06
-6.191923075938588816e+00,2.578530557970256876e+00,3.122280883901866755e+00,7.161368693071040736e-01,8.500000000000000611e-02,3.000000000000000000e+00,4.767840060099503025e+06
-5.961557643941925555e+00,2.319501822715836603e+00,2.501281384734302726e+00,4.785403935103474948e-01,8.500000000000000611e-02,3.000000000000000000e+00,4.767840060099503025e+06
-5.687851901129318932e+00,2.486491038074512439e+00,2.353745382563719346e+00,4.509548831650306289e-01,8.500000000000000611e-02,3.000000000000000000e+00,4.767840060099503025e+06
-5.490471875055227713e+00,2.066117795054066786e+00,1.643340258071061655e+00,3.450238340511466717e-01,8.500000000000000611e-02,3.000000000000000000e+00,4.767840060099503025e+06
-6.052642773684282496e+00,2.636679830995018570e+00,2.942477430433561025e+00,5.501761340018603841e-01,8.500000000000000611e-02,3.000000000000000000e+00,4.767840060099503025e+06
-6.285644771447299384e+00,2.806619368905500789e+00,3.359431047842737605e+00,5.563267381250814880e-01,8.500000000000000611e-02,3.000000000000000000e+00,4.767840060099503025e+06
-6.347564225793830062e+00,2.901922667645614240e+00,3.461271455382725293e+00,4.857837885268893041e-01,8.500000000000000611e-02,3.000000000000000000e+00,4.767840060099503025e+06
-6.033204744186990709e+00,2.071160375699327538e+00,2.465050247183180332e+00,6.975513766021994577e-01,8.500000000000000611e-02,3.000000000000000000e+00,4.767840060099503025e+06
-5.980122258169678240e+00,2.312597610383248181e+00,2.707578274875700242e+00,7.193656483316949179e-01,8.500000000000000611e-02,3.000000000000000000e+00,4.767840060099503025e+06
-6.185515178867849073e+00,2.894718054697213105e+00,3.639148849157774812e+00,9.339036429828025954e-01,8.500000000000000611e-02,3.000000000000000000e+00,4.767840060099503025e+06
-6.113344654926624600e+00,2.851633664815298452e+00,3.561094391138321935e+00,9.822253197896120280e-01,8.500000000000000611e-02,3.000000000000000000e+00,4.767840060099503025e+06
-6.673225051325696100e+00,2.254163473505146342e+00,3.364100225262200983e+00,7.459052285520437753e-01,8.500000000000000611e-02,3.000000000000000000e+00,4.767840060099503025e+06
-5.292457435745701488e+00,2.896334272123085363e+00,2.260681616913295944e+00,3.180507698619902679e-01,8.500000000000000611e-02,3.000000000000000000e+00,4.767840060099503025e+06
-5.303709674306351651e+00,2.838792856314218405e+00,2.217741823550823721e+00,3.209864660881052156e-01,8.500000000000000611e-02,3.000000000000000000e+00,4.767840060099503025e+06
-5.453416418483739037e+00,2.802633084506392258e+00,2.366070600658996881e+00,3.672176814675228163e-01,8.500000000000000611e-02,3.000000000000000000e+00,4.767840060099503025e+06
-5.426007320241570397e+00,2.662878548632727771e+00,2.210085660010619790e+00,3.849970779499305995e-01,8.500000000000000611e-02,3.000000000000000000e+00,4.767840060099503025e+06
-5.864063099599423623e+00,2.605882055714566103e+00,2.658267995151098795e+00,4.385496040288400788e-01,8.500000000000000611e-02,3.000000000000000000e+00,4.767840060099503025e+06
-5.563131710316801204e+00,2.412481311421341257e+00,1.891815397890880268e+00,4.591935884792608391e-02,8.500000000000000611e-02,3.000000000000000000e+00,4.767840060099503025e+06
-5.168434792447104797e+00,1.895436892662049955e+00,1.036201806406101156e+00,1.539795056827709674e-01,8.500000000000000611e-02,3.000000000000000000e+00,4.767840060099503025e+06
-5.514167109272205991e+00,2.187245012166163072e+00,1.680068588820935904e+00,1.304600393085680876e-01,8.500000000000000611e-02,3.000000000000000000e+00,4.767840060099503025e+06
-5.482589921748398432e+00,2.414977016915731411e+00,1.912485919959145519e+00,2.456960092548649000e-01,8.500000000000000611e-02,3.000000000000000000e+00,4.767840060099503025e+06
-5.448022872222435531e+00,1.306632292005820206e+00,8.551472545054568108e-01,3.461036756087222943e-01,8.500000000000000611e-02,3.000000000000000000e+00,4.767840060099503025e+06
-5.646929995333258567e+00,1.439328875561778132e+00,1.226966611359285420e+00,4.020251793083218783e-01,8.500000000000000611e-02,3.000000000000000000e+00,4.767840060099503025e+06
-5.820167160052384325e+00,1.417561577811057738e+00,1.287937662056398036e+00,2.579052262732797751e-01,8.500000000000000611e-02,3.000000000000000000e+00,4.767840060099503025e+06
-6.023962126575866272e+00,9.990255160614293084e-01,1.282945769518397006e+00,5.117432553415710572e-01,8.500000000000000611e-02,3.000000000000000000e+00,4.767840060099503025e+06
-6.491885540188178538e+00,1.236736778885769272e+00,2.071993178700104021e+00,5.676228067208470840e-01,8.500000000000000611e-02,3.000000000000000000e+00,4.767840060099503025e+06
-5.681111054246527736e+00,1.994794032611334034e+00,1.794323789551955928e+00,3.745564483309392068e-01,8.500000000000000611e-02,3.000000000000000000e+00,4.767840060099503025e+06
-5.210014394463160059e+00,2.356288290419094711e+00,1.603048811365170412e+00,3.330245742364512096e-01,8.500000000000000611e-02,3.000000000000000000e+00,4.767840060099503025e+06
-5.440291063386652581e+00,2.597905660998771626e+00,2.200199224864467951e+00,4.736158685858376516e-01,8.500000000000000611e-02,3.000000000000000000e+00,4.767840060099503025e+06
-5.163937892270271668e+00,2.591214406245378576e+00,1.895638300131082588e+00,4.881174421650250062e-01,8.500000000000000611e-02,3.000000000000000000e+00,4.767840060099503025e+06
-5.449613161765865854e+00,2.188776881401735430e+00,1.839296956673023509e+00,5.241259241519778955e-01,8.500000000000000611e-02,3.000000000000000000e+00,4.767840060099503025e+06
-5.714297006418956215e+00,2.538526679778025041e+00,2.504660431711866142e+00,6.071847777483939668e-01,8.500000000000000611e-02,3.000000000000000000e+00,4.767840060099503025e+06
-5.354187818767574214e+00,2.703616124334009996e+00,2.384092233123510596e+00,6.966812816940392006e-01,8.500000000000000611e-02,3.000000000000000000e+00,4.767840060099503025e+06
-5.231797161639647697e+00,2.935209692147347837e+00,2.486485742810351063e+00,7.056616179813843814e-01,8.500000000000000611e-02,3.000000000000000000e+00,4.767840060099503025e+06
-5.234594849760672020e+00,2.938556858058569254e+00,2.474459104161678802e+00,6.744469157949714022e-01,8.500000000000000611e-02,3.000000000000000000e+00,4.767840060099503025e+06
-5.177318503858409748e+00,2.857070401078994237e+00,2.317625979884257781e+00,6.562877428962904380e-01,8.500000000000000611e-02,3.000000000000000000e+00,4.767840060099503025e+06
-5.359259388204950625e+00,2.597494917791325797e+00,2.259158402607943650e+00,6.255551094030047388e-01,8.500000000000000611e-02,3.000000000000000000e+00,4.767840060099503025e+06
-5.390955247209570977e+00,2.799756650385673229e+00,2.425203657018226711e+00,5.702312792648009943e-01,8.500000000000000611e-02,3.000000000000000000e+00,4.767840060099503025e+06
-5.545389914533608078e+00,2.836849331881432956e+00,2.636247470205645094e+00,5.845643818531506275e-01,8.500000000000000611e-02,3.000000000000000000e+00,4.767840060099503025e+06
-4.913516075978519915e+00,2.747300798376014264e+00,2.172924552461866554e+00,9.571840550802154235e-01,8.500000000000000611e-02,3.000000000000000000e+00,4.767840060099503025e+06
-4.943255432720950360e+00,1.982960624954403173e+00,1.778258664405720113e+00,1.335262211028244383e+00,8.500000000000000611e-02,3.000000000000000000e+00,4.767840060099503025e+06
-5.173546071001391411e+00,1.712615513342295781e+00,1.383819004668800812e+00,9.014793713720060664e-01,8.500000000000000611e-02,3.000000000000000000e+00,4.767840060099503025e+06
-5.280232895869002796e+00,1.930322533619157399e+00,1.870494852191907587e+00,1.123400565925142924e+00,8.500000000000000611e-02,3.000000000000000000e+00,4.767840060099503025e+06
-5.385142059571823125e+00,2.256691908384475642e+00,2.273064064111168570e+00,1.073049871945982003e+00,8.500000000000000611e-02,3.000000000000000000e+00,4.767840060099503025e+06
-5.506566676060746346e+00,2.052323613946319458e+00,2.119723418948404881e+00,9.545094832206300062e-01,8.500000000000000611e-02,3.000000000000000000e+00,4.767840060099503025e+06
-6.337574671134408533e+00,1.531884354310832697e+00,2.351292647767706079e+00,8.175533675303658931e-01,8.500000000000000611e-02,3.000000000000000000e+00,4.767840060099503025e+06
-6.406069616649625154e+00,1.323966761565932959e+00,2.426966998695674782e+00,1.056899799562514897e+00,8.500000000000000611e-02,3.000000000000000000e+00,4.767840060099503025e+06
-6.329860647884055780e+00,1.139864127374933478e+00,2.382186225366156762e+00,1.251446799866247073e+00,8.500000000000000611e-02,3.000000000000000000e+00,4.767840060099503025e+06
-6.668010389879652777e+00,1.572264001994862381e+00,3.368737197667321936e+00,1.498885552453065317e+00,8.500000000000000611e-02,3.000000000000000000e+00,4.767840060099503025e+06
-6.030565869121136124e+00,1.690609770653377808e+00,2.296387925715209555e+00,9.209651287552661492e-01,8.500000000000000611e-02,3.000000000000000000e+00,4.767840060099503025e+06
-6.086785814169660469e+00,2.087870922711839938e+00,2.765186006940033359e+00,9.800401517626617931e-01,8.500000000000000611e-02,3.000000000000000000e+00,4.767840060099503025e+06
-6.112799684838462255e+00,2.533160839888340288e+00,3.101955930059387967e+00,8.429377672071205474e-01,8.500000000000000611e-02,3.000000000000000000e+00,4.767840060099503025e+06
-5.745466000429260589e+00,2.318610797445349814e+00,2.462745724022759042e+00,7.761925151297315306e-01,8.500000000000000611e-02,3.000000000000000000e+00,4.767840060099503025e+06
-5.705441453228511151e+00,2.299883052916775306e+00,2.365709149205353690e+00,7.196912163818810493e-01,8.500000000000000611e-02,3.000000000000000000e+00,4.767840060099503025e+06
-5.589305724899870320e+00,2.033394689638278408e+00,1.788943305752268120e+00,4.841834753843585748e-01,8.500000000000000611e-02,3.000000000000000000e+00,4.767840060099503025e+06
-5.849628786019934523e+00,1.721300983106011095e+00,1.705559598725950643e+00,4.188200208744222164e-01,8.500000000000000611e-02,3.000000000000000000e+00,4.767840060099503025e+06
-6.251714193044406898e+00,2.466040012625204447e+00,3.082943595626431055e+00,7.064030712279405488e-01,8.500000000000000611e-02,3.000000000000000000e+00,4.767840060099503025e+06
-4.089300595043161124e+00,9.732110803142653976e-01,-9.839319708087788108e-01,1.638406464531427797e-01,8.500000000000000611e-02,3.000000000000000000e+00,4.767840060099503025e+06
-4.652840094719313591e+00,1.558858310866459540e+00,1.535739093302342650e-01,1.677320506263790811e-01,8.500000000000000611e-02,3.000000000000000000e+00,4.767840060099503025e+06
-4.637714346387936892e+00,1.889261468973616243e+00,5.563254392633341094e-01,3.611609011942881753e-01,8.500000000000000611e-02,3.000000000000000000e+00,4.767840060099503025e+06
-4.872292491224601285e+00,2.153171945777667684e+00,1.348163189402616702e+00,6.876036075636117184e-01,8.500000000000000611e-02,3.000000000000000000e+00,4.767840060099503025e+06
-4.982557439286045664e+00,2.900357661855955449e+00,1.991139361977591005e+00,4.400838799012138924e-01,8.500000000000000611e-02,3.000000000000000000e+00,4.767840060099503025e+06
-4.897716400817282434e+00,2.604422346884505579e+00,1.683420217742578995e+00,5.573314204166142094e-01,8.500000000000000611e-02,3.000000000000000000e+00,4.767840060099503025e+06
-5.124197019596262948e+00,2.070399364222493155e+00,1.526376981705862557e+00,6.910871429445686331e-01,8.500000000000000611e-02,3.000000000000000000e+00,4.767840060099503025e+06
-5.130355720393290575e+00,2.769601694150251703e+00,2.223635801101677245e+00,7.010645195219586956e-01,8.500000000000000611e-02,3.000000000000000000e+00,4.767840060099503025e+06
-5.236417195356963816e+00,2.226907106698662542e+00,1.748074102604764812e+00,6.514019394834300591e-01,8.500000000000000611e-02,3.000000000000000000e+00,4.767840060099503025e+06
-5.188269381776421163e+00,2.285178136647379787e+00,1.693692494202760246e+00,5.689407617524012695e-01,8.500000000000000611e-02,3.000000000000000000e+00,4.767840060099503025e+06
-5.090743587114514135e+00,1.032230422571247308e+00,1.533086875963670659e-01,2.629030149856911303e-01,8.500000000000000611e-02,3.000000000000000000e+00,4.767840060099503025e+06
-5.688330657467998819e+00,1.675250531561474077e+00,1.428188348872338587e+00,2.957124010065710351e-01,8.500000000000000611e-02,3.000000000000000000e+00,4.767840060099503025e+06
-5.719695911218156681e+00,2.025106242844409543e+00,1.828422343997808008e+00,3.561609111977883657e-01,8.500000000000000611e-02,3.000000000000000000e+00,4.767840060099503025e+06
-5.562118716705447774e+00,2.105536170712879240e+00,1.723080342098883166e+00,2.798628815808958947e-01,8.500000000000000611e-02,3.000000000000000000e+00,4.767840060099503025e+06
-5.775503145674023564e+00,1.931870542797089474e+00,1.940321591618714425e+00,4.908441542055471118e-01,8.500000000000000611e-02,3.000000000000000000e+00,4.767840060099503025e+06
-5.838818976695461238e+00,1.953471518965601783e+00,2.002094026420562667e+00,4.529127130920946320e-01,8.500000000000000611e-02,3.000000000000000000e+00,4.767840060099503025e+06
-5.810846385631529998e+00,2.687326629715114379e+00,2.593311089959590809e+00,3.443004428794553262e-01,8.500000000000000611e-02,3.000000000000000000e+00,4.767840060099503025e+06
-5.722354069153399614e+00,2.487261336175124349e+00,2.459682760400374590e+00,6.092518827505584156e-01,8.500000000000000611e-02,3.000000000000000000e+00,4.767840060099503025e+06
-5.903387729144141893e+00,2.684777228099094248e+00,2.880882397186272925e+00,6.577892165031820060e-01,8.500000000000000611e-02,3.000000000000000000e+00,4.767840060099503025e+06
-6.583295896744690623e+00,1.950910871284122328e+00,2.801407285082204268e+00,5.397713420291463393e-01,8.500000000000000611e-02,3.000000000000000000e+00,4.767840060099503025e+06
-6.176687518264017740e+00,1.390921801733587593e+00,1.746167196106446662e+00,3.853526380888788738e-01,8.500000000000000611e-02,3.000000000000000000e+00,4.767840060099503025e+06
-6.264069656485913740e+00,1.185467013245083301e+00,1.590799412831325421e+00,3.104185595641162920e-01,8.500000000000000611e-02,3.000000000000000000e+00,4.767840060099503025e+06
-5.837930578947919003e+00,6.596120447502846762e-01,9.857094147572809106e-01,7.142473276707819174e-01,8.500000000000000611e-02,3.000000000000000000e+00,4.767840060099503025e+06
-5.770880317145373972e+00,9.158868164636180254e-01,9.524283013478525017e-01,4.656266564197633073e-01,8.500000000000000611e-02,3.000000000000000000e+00,4.767840060099503025e+06
-5.527072381056441941e+00,1.004112342481177755e+00,7.281897216748758339e-01,4.279416720173090383e-01,8.500000000000000611e-02,3.000000000000000000e+00,4.767840060099503025e+06
-5.488266637805189418e+00,9.235923383074734483e-01,5.168635938097320137e-01,2.897123463032631463e-01,8.500000000000000611e-02,3.000000000000000000e+00,4.767840060099503025e+06
-5.462333579098688219e+00,1.141673306566115764e+00,8.597359234967882902e-01,5.320720446780340396e-01,8.500000000000000611e-02,3.000000000000000000e+00,4.767840060099503025e+06
-5.098810227981225296e+00,1.341166348052555524e+00,3.007806413874456464e-01,2.961919365424081629e-02,8.500000000000000611e-02,3.000000000000000000e+00,4.767840060099503025e+06
-4.932732267128008274e+00,1.341696478931091452e+00,3.513568353884191087e-01,3.801865038071234326e-01,8.500000000000000611e-02,3.000000000000000000e+00,4.767840060099503025e+06
-5.225547277639047472e+00,1.412177404871274300e+00,8.030515689726648310e-01,4.873693045473814767e-01,8.500000000000000611e-02,3.000000000000000000e+00,4.767840060099503025e+06
-5.349982225430375493e+00,1.364306941212053648e+00,9.458694477415390267e-01,5.586863177834708871e-01,8.500000000000000611e-02,3.000000000000000000e+00,4.767840060099503025e+06
-5.078014997276699916e+00,1.545287947036387388e+00,8.494496073005408654e-01,6.084006807972472952e-01,8.500000000000000611e-02,3.000000000000000000e+00,4.767840060099503025e+06
-5.141743307890044079e+00,1.599612821517928607e+00,9.207983470651881497e-01,5.472188709145922036e-01,8.500000000000000611e-02,3.000000000000000000e+00,4.767840060099503025e+06
-5.017273509175977253e+00,1.092370146651310714e+00,2.401454434615732936e-01,4.408771561332638367e-01,8.500000000000000611e-02,3.000000000000000000e+00,4.767840060099503025e+06
-5.872196797631938026e+00,1.112987264126956921e+00,1.555178733139546576e+00,9.472170980317697886e-01,8.500000000000000611e-02,3.000000000000000000e+00,4.767840060099503025e+06
-5.300901911130821986e+00,1.151939744817968680e+00,7.617185802663672956e-01,6.353562933472073349e-01,8.500000000000000611e-02,3.000000000000000000e+00,4.767840060099503025e+06
-5.380823679622862343e+00,9.167632742142939328e-01,7.718018363387622038e-01,7.976907633648167018e-01,8.500000000000000611e-02,3.000000000000000000e+00,4.767840060099503025e+06
-5.020028660216725669e+00,6.480709737472175602e-01,-9.169078641657590900e-02,5.167886537917226741e-01,8.500000000000000611e-02,3.000000000000000000e+00,4.767840060099503025e+06
-5.124247008022710048e+00,7.581882534304078547e-01,1.440904436761426544e-01,5.501785736006137295e-01,8.500000000000000611e-02,3.000000000000000000e+00,4.767840060099503025e+06
-5.518261228476177394e+00,8.556216692133729040e-01,8.617669344248568564e-01,7.813767893005173493e-01,8.500000000000000611e-02,3.000000000000000000e+00,4.767840060099503025e+06
-5.769381812089900308e+00,9.621033159051987083e-01,1.489420492639262461e+00,1.085253587127176456e+00,8.500000000000000611e-02,3.000000000000000000e+00,4.767840060099503025e+06
-6.284201446587185380e+00,9.563313250310609970e-01,2.566718426842681922e+00,1.648327545548131212e+00,8.500000000000000611e-02,3.000000000000000000e+00,4.767840060099503025e+06
-6.535131887490917890e+00,5.698904507736348712e-01,2.710045605309525651e+00,1.884218908327123021e+00,8.500000000000000611e-02,3.000000000000000000e+00,4.767840060099503025e+06
-6.535131887490917890e+00,5.698904507736348712e-01,2.710045605309525651e+00,1.884218908327123021e+00,8.500000000000000611e-02,3.000000000000000000e+00,4.767840060099503025e+06
-6.079901919698030177e+00,6.085059646263836219e-01,1.889471663136844004e+00,1.483937060616749903e+00,8.500000000000000611e-02,3.000000000000000000e+00,4.767840060099503025e+06
-5.129716450698183827e+00,2.936630907967243242e+00,2.305302525764820309e+00,5.859950903419625101e-01,8.500000000000000611e-02,3.000000000000000000e+00,4.767840060099503025e+06
-5.147385152895965099e+00,2.825291497555118880e+00,2.198139997773751464e+00,5.606602569501302202e-01,8.500000000000000611e-02,3.000000000000000000e+00,4.767840060099503025e+06
-5.571176616999878206e+00,2.535743334492302381e+00,2.542717671166284887e+00,8.153900862400298433e-01,8.500000000000000611e-02,3.000000000000000000e+00,4.767840060099503025e+06
-5.754560875253000418e+00,2.559354721012957246e+00,2.838780475681637050e+00,9.187036354551041395e-01,8.500000000000000611e-02,3.000000000000000000e+00,4.767840060099503025e+06
-6.008655108662783739e+00,2.834009727202147388e+00,3.363140009205114023e+00,8.978732650919507563e-01,8.500000000000000611e-02,3.000000000000000000e+00,4.767840060099503025e+06
-5.979062502899312292e+00,2.886523139076813571e+00,3.498388636247728556e+00,1.051930258413257047e+00,8.500000000000000611e-02,3.000000000000000000e+00,4.767840060099503025e+06
-6.132840808628233553e+00,2.148684023161029799e+00,2.827898419969907984e+00,9.340037314039436600e-01,8.500000000000000611e-02,3.000000000000000000e+00,4.767840060099503025e+06
-5.723089678525424162e+00,2.608219804002777309e+00,2.699198012727011875e+00,7.429616436029971016e-01,8.500000000000000611e-02,3.000000000000000000e+00,4.767840060099503025e+06
-5.917552734512206314e+00,2.753231441994854478e+00,3.037905905692265041e+00,7.209460734663679649e-01,8.500000000000000611e-02,3.000000000000000000e+00,4.767840060099503025e+06
-5.887663098062679623e+00,2.871491117406022475e+00,3.203591206391696478e+00,8.480567128962168688e-01,8.500000000000000611e-02,3.000000000000000000e+00,4.767840060099503025e+06
-5.931431012496712007e+00,2.467259040070572063e+00,2.824989950140660788e+00,8.135719972776385145e-01,8.500000000000000611e-02,3.000000000000000000e+00,4.767840060099503025e+06
-5.708719858199343022e+00,2.114313403626553178e+00,2.227149899103350705e+00,7.377690596700643422e-01,8.500000000000000611e-02,3.000000000000000000e+00,4.767840060099503025e+06
-5.569507315444313100e+00,2.854641861766149979e+00,3.035288154902015201e+00,1.027360586605739368e+00,8.500000000000000611e-02,3.000000000000000000e+00,4.767840060099503025e+06
-5.585449601918910822e+00,2.448223834087047468e+00,2.731849218076642494e+00,1.134645626490733639e+00,8.500000000000000611e-02,3.000000000000000000e+00,4.767840060099503025e+06
-5.666775614379445436e+00,1.865615747811093517e+00,2.163259288256016877e+00,1.029920921491292329e+00,8.500000000000000611e-02,3.000000000000000000e+00,4.767840060099503025e+06
-5.692148276474886082e+00,1.797757716022313490e+00,2.094789469621254341e+00,9.952686397331624857e-01,8.500000000000000611e-02,3.000000000000000000e+00,4.767840060099503025e+06
-5.796235000092202938e+00,2.892893176405180178e+00,3.598430443466566597e+00,1.377114308433265100e+00,8.500000000000000611e-02,3.000000000000000000e+00,4.767840060099503025e+06
-5.653065207376927859e+00,2.154851113581984112e+00,2.719796504737866272e+00,1.331423274822629788e+00,8.500000000000000611e-02,3.000000000000000000e+00,4.767840060099503025e+06
-5.842907311602807852e+00,2.503585746868751016e+00,3.336445035236399903e+00,1.418746792777438426e+00,8.500000000000000611e-02,3.000000000000000000e+00,4.767840060099503025e+06
-5.825906777436408390e+00,2.588684876808463819e+00,3.529554359614214043e+00,1.569264593825641541e+00,8.500000000000000611e-02,3.000000000000000000e+00,4.767840060099503025e+06
-5.521093598105421663e+00,2.156485288733585914e+00,2.429928634492952710e+00,1.179718697452748044e+00,8.500000000000000611e-02,3.000000000000000000e+00,4.767840060099503025e+06
-5.453623912987748845e+00,2.062198653989849806e+00,2.313893407921776557e+00,1.237743276915988400e+00,8.500000000000000611e-02,3.000000000000000000e+00,4.767840060099503025e+06
-5.671102234378564866e+00,2.273722249740594670e+00,2.766998977117221425e+00,1.252152643666453402e+00,8.500000000000000611e-02,3.000000000000000000e+00,4.767840060099503025e+06
-5.485404921042766446e+00,2.187250315923097155e+00,2.412760399353384155e+00,1.141479708455850339e+00,8.500000000000000611e-02,3.000000000000000000e+00,4.767840060099503025e+06
-5.804472428577890142e+00,2.525304240273528844e+00,3.552109244433674817e+00,1.688311619970529698e+00,8.500000000000000611e-02,3.000000000000000000e+00,4.767840060099503025e+06
-5.842851351184266129e+00,2.310960284331784464e+00,3.214833798935087916e+00,1.496032514787173806e+00,8.500000000000000611e-02,3.000000000000000000e+00,4.767840060099503025e+06
-5.882396243132585134e+00,2.707395231490040022e+00,3.840694691933618010e+00,1.714475503018075608e+00,8.500000000000000611e-02,3.000000000000000000e+00,4.767840060099503025e+06
-6.048264835265315220e+00,2.143563862758099070e+00,3.238309922865800772e+00,1.471842554073902187e+00,8.500000000000000611e-02,3.000000000000000000e+00,4.767840060099503025e+06
-6.573280882343969900e+00,1.852671600073989122e+00,3.645772096254645156e+00,1.623658248197705545e+00,8.500000000000000611e-02,3.000000000000000000e+00,4.767840060099503025e+06
-6.469929527398415203e+00,1.506489712474320619e+00,3.137258072801718534e+00,1.550407696591138640e+00,8.500000000000000611e-02,3.000000000000000000e+00,4.767840060099503025e+06
-6.660839806349672543e+00,1.665832108567085745e+00,3.680613723720526753e+00,1.751714946364821168e+00,8.500000000000000611e-02,3.000000000000000000e+00,4.767840060099503025e+06
-6.527273040358775091e+00,1.634926380710799210e+00,3.494556063624898901e+00,1.731412028507710144e+00,8.500000000000000611e-02,3.000000000000000000e+00,4.767840060099503025e+06
-6.356533120282195526e+00,1.866729326606982653e+00,3.471951840147463386e+00,1.657348121179868849e+00,8.500000000000000611e-02,3.000000000000000000e+00,4.767840060099503025e+06
-5.822458130059733783e+00,1.645388120489968520e+00,2.601680658870177076e+00,1.540627989884693072e+00,8.500000000000000611e-02,3.000000000000000000e+00,4.767840060099503025e+06
-5.801544019254966322e+00,1.613316598147443548e+00,2.609014280026585642e+00,1.637114777875812388e+00,8.500000000000000611e-02,3.000000000000000000e+00,4.767840060099503025e+06
-5.817066243861644281e+00,1.471495190095965189e+00,2.309434915787987208e+00,1.429748813134970931e+00,8.500000000000000611e-02,3.000000000000000000e+00,4.767840060099503025e+06
-5.981217255985648684e+00,1.268498213301085142e+00,2.202743897480716750e+00,1.332077985951338306e+00,8.500000000000000611e-02,3.000000000000000000e+00,4.767840060099503025e+06
-6.012273210548174873e+00,8.846821369563762083e-01,2.009260549802758256e+00,1.445753597771004539e+00,8.500000000000000611e-02,3.000000000000000000e+00,4.767840060099503025e+06
-6.094011238616954707e+00,9.423213442904234682e-01,2.173222644113055324e+00,1.494589137011614444e+00,8.500000000000000611e-02,3.000000000000000000e+00,4.767840060099503025e+06
-6.061409555680680405e+00,1.140866858157527197e+00,2.549295226462623631e+00,1.743685247845874642e+00,8.500000000000000611e-02,3.000000000000000000e+00,4.767840060099503025e+06
-5.771958723877500752e+00,1.239034158564981336e+00,1.933416964861639942e+00,1.315034439207413364e+00,8.500000000000000611e-02,3.000000000000000000e+00,4.767840060099503025e+06
-5.828397502045940648e+00,1.332967674657889567e+00,2.089835869776545785e+00,1.312325784757520930e+00,8.500000000000000611e-02,3.000000000000000000e+00,4.767840060099503025e+06
-5.255943757452586240e+00,1.376218030168569806e+00,1.526672299325648963e+00,1.309176839298000106e+00,8.500000000000000611e-02,3.000000000000000000e+00,4.767840060099503025e+06
-5.357349970318141530e+00,1.590985508716686425e+00,1.787861229008732566e+00,1.239688732402362437e+00,8.500000000000000611e-02,3.000000000000000000e+00,4.767840060099503025e+06
-6.116677441446825014e+00,1.489339877342733320e+00,2.260259752525414445e+00,1.052731618284374004e+00,8.500000000000000611e-02,3.000000000000000000e+00,4.767840060099503025e+06
-6.080279997411921933e+00,1.793812567890861409e+00,2.368437647600840634e+00,8.538001247922120118e-01,8.500000000000000611e-02,3.000000000000000000e+00,4.767840060099503025e+06
-6.027813482824032398e+00,2.173686256541160322e+00,2.223966021248397595e+00,2.638527918740621869e-01,8.500000000000000611e-02,3.000000000000000000e+00,4.767840060099503025e+06
-5.760882869523963556e+00,2.339790486887370236e+00,2.112024575802631698e+00,2.345886366420059932e-01,8.500000000000000611e-02,3.000000000000000000e+00,4.767840060099503025e+06
-5.673713349477448986e+00,1.820591663816419459e+00,1.567902735961523186e+00,3.025235837166244668e-01,8.500000000000000611e-02,3.000000000000000000e+00,4.767840060099503025e+06
-5.646009936951064567e+00,2.014343532612204335e+00,1.800592740429694638e+00,4.040895014263056750e-01,8.500000000000000611e-02,3.000000000000000000e+00,4.767840060099503025e+06
-5.520597221809326882e+00,2.733251988874418892e+00,2.255924304058800178e+00,1.898808279315556957e-01,8.500000000000000611e-02,3.000000000000000000e+00,4.767840060099503025e+06
-5.368641974166550312e+00,2.790499877816465801e+00,2.106353340709142152e+00,9.870973666279669878e-02,8.500000000000000611e-02,3.000000000000000000e+00,4.767840060099503025e+06
-5.335964673218893672e+00,2.618994773143476174e+00,2.025322582917013836e+00,2.707866855822496088e-01,8.500000000000000611e-02,3.000000000000000000e+00,4.767840060099503025e+06
-5.435471008302091178e+00,2.767990167313840288e+00,2.260547978256379764e+00,2.893313798024110817e-01,8.500000000000000611e-02,3.000000000000000000e+00,4.767840060099503025e+06
-5.371265724789306084e+00,2.967459345949851723e+00,2.361858172622276264e+00,2.502270790882589746e-01,8.500000000000000611e-02,3.000000000000000000e+00,4.767840060099503025e+06
-5.366416640061477672e+00,2.567339328733203807e+00,2.025801990635743621e+00,3.685361568592179227e-01,8.500000000000000611e-02,3.000000000000000000e+00,4.767840060099503025e+06
-5.849210682542958395e+00,1.933711399585839708e+00,2.210498638689728068e+00,7.870519986271761192e-01,8.500000000000000611e-02,3.000000000000000000e+00,4.767840060099503025e+06
-5.905306540581610975e+00,2.622192697980543663e+00,3.165134664566644052e+00,1.079169207997243918e+00,8.500000000000000611e-02,3.000000000000000000e+00,4.767840060099503025e+06
-5.022290671893201441e+00,2.886693719121752988e+00,2.224723679881024818e+00,7.436379264917017951e-01,8.500000000000000611e-02,3.000000000000000000e+00,4.767840060099503025e+06
-5.043797670674191380e+00,2.810864754669897270e+00,2.121943586783445745e+00,6.746116462208534559e-01,8.500000000000000611e-02,3.000000000000000000e+00,4.767840060099503025e+06
-5.433735341881519076e+00,2.521277514686747878e+00,2.198994115141384764e+00,5.777830954865327273e-01,8.500000000000000611e-02,3.000000000000000000e+00,4.767840060099503025e+06
-5.186609644061520363e+00,2.559994489374382454e+00,1.899275484303759587e+00,4.729760973527790124e-01,8.500000000000000611e-02,3.000000000000000000e+00,4.767840060099503025e+06
-5.310760323186071830e+00,2.098879057710476559e+00,1.595878195748208661e+00,4.938979509628333986e-01,8.500000000000000611e-02,3.000000000000000000e+00,4.767840060099503025e+06
-4.959244081005769189e+00,2.117802286424437685e+00,1.205975526161895406e+00,4.842062744246302119e-01,8.500000000000000611e-02,3.000000000000000000e+00,4.767840060099503025e+06
-5.239335403204949948e+00,2.172456721419061321e+00,1.605569255724634159e+00,5.084269587946907976e-01,8.500000000000000611e-02,3.000000000000000000e+00,4.767840060099503025e+06
-5.102743084624531633e+00,1.992563864998242895e+00,1.212238256661935409e+00,4.420616729742645745e-01,8.500000000000000611e-02,3.000000000000000000e+00,4.767840060099503025e+06
-5.385281605221202916e+00,2.189374389796180154e+00,1.740500452989712121e+00,4.716288853757574229e-01,8.500000000000000611e-02,3.000000000000000000e+00,4.767840060099503025e+06
-5.744372625296110257e+00,2.658100965237985669e+00,2.526279475836412658e+00,4.138397760641212009e-01,8.500000000000000611e-02,3.000000000000000000e+00,4.767840060099503025e+06
-5.751450922383496867e+00,2.628580279118082785e+00,2.489747868552337984e+00,3.909649615784381860e-01,8.500000000000000611e-02,3.000000000000000000e+00,4.767840060099503025e+06
-5.827630089343748487e+00,2.818764117110129419e+00,2.773343351026567483e+00,4.072299518693462406e-01,8.500000000000000611e-02,3.000000000000000000e+00,4.767840060099503025e+06
-5.750826827920732853e+00,2.998236008926907115e+00,2.806276520832057475e+00,3.241316057986250998e-01,8.500000000000000611e-02,3.000000000000000000e+00,4.767840060099503025e+06
-5.784257667314167684e+00,2.605634724640751632e+00,2.527143500729060133e+00,4.119899246527667369e-01,8.500000000000000611e-02,3.000000000000000000e+00,4.767840060099503025e+06
-5.690774540223836553e+00,2.767392256726416200e+00,2.556895976440039853e+00,3.882365169266119853e-01,8.500000000000000611e-02,3.000000000000000000e+00,4.767840060099503025e+06
-5.790936179236368275e+00,2.528061347729050112e+00,2.492850493701975090e+00,4.756767752716244968e-01,8.500000000000000611e-02,3.000000000000000000e+00,4.767840060099503025e+06
-5.622469458140992415e+00,2.875918063075571407e+00,2.702953697986516524e+00,5.422981055295933439e-01,8.500000000000000611e-02,3.000000000000000000e+00,4.767840060099503025e+06
-5.727030617498291676e+00,2.742941422507009008e+00,2.692119609549797232e+00,5.508336524939085876e-01,8.500000000000000611e-02,3.000000000000000000e+00,4.767840060099503025e+06
-5.361815082423745160e+00,1.776863010060756976e+00,1.255192438011779821e+00,3.454788176991926973e-01,8.500000000000000611e-02,3.000000000000000000e+00,4.767840060099503025e+06
-5.640819789915827442e+00,1.617445996140599807e+00,1.553121708176135707e+00,5.805049633870102976e-01,8.500000000000000611e-02,3.000000000000000000e+00,4.767840060099503025e+06
-6.009358691612111336e+00,1.594026004356124071e+00,1.873768349460716687e+00,5.459209412529991701e-01,8.500000000000000611e-02,3.000000000000000000e+00,4.767840060099503025e+06
-6.379449077740134477e+00,1.345880443468387533e+00,1.975941330494919379e+00,4.878466348723276558e-01,8.500000000000000611e-02,3.000000000000000000e+00,4.767840060099503025e+06
-6.454596346297636345e+00,1.553492989902535815e+00,2.158631022104792851e+00,3.590884407884644136e-01,8.500000000000000611e-02,3.000000000000000000e+00,4.767840060099503025e+06
-6.622530965063911701e+00,1.325897396154987140e+00,2.256288801351841844e+00,5.642669695308437650e-01,8.500000000000000611e-02,3.000000000000000000e+00,4.767840060099503025e+06
-6.347695976745773017e+00,2.052245872760876555e+00,3.186042648429595836e+00,1.168917350159293100e+00,8.500000000000000611e-02,3.000000000000000000e+00,4.767840060099503025e+06
-6.402030465103638157e+00,1.413442565821059649e+00,2.713072545668519187e+00,1.247290975362434828e+00,8.500000000000000611e-02,3.000000000000000000e+00,4.767840060099503025e+06
-6.380537083903171869e+00,2.198924889158808682e+00,3.472614903540338194e+00,1.309153453234737530e+00,8.500000000000000611e-02,3.000000000000000000e+00,4.767840060099503025e+06
-6.117681087213238555e+00,2.346126539346094386e+00,3.089881128955861200e+00,1.019598532393476642e+00,8.500000000000000611e-02,3.000000000000000000e+00,4.767840060099503025e+06
-6.190492370914378206e+00,2.771314313167844823e+00,3.644934246137940814e+00,1.099276519547000008e+00,8.500000000000000611e-02,3.000000000000000000e+00,4.767840060099503025e+06
-6.142051991722792259e+00,2.535910563677419738e+00,3.329119177471620894e+00,1.047811951891040261e+00,8.500000000000000611e-02,3.000000000000000000e+00,4.767840060099503025e+06
-5.647656648700375648e+00,2.727812215815986541e+00,3.168346991956327408e+00,1.221115281869803670e+00,8.500000000000000611e-02,3.000000000000000000e+00,4.767840060099503025e+06
-5.563479722305245012e+00,2.930723958272195340e+00,3.241695917549890726e+00,1.170224738950951027e+00,8.500000000000000611e-02,3.000000000000000000e+00,4.767840060099503025e+06
-5.294273534753623167e+00,2.962083716721436666e+00,2.339803223643393881e+00,3.753233293564139927e-01,8.500000000000000611e-02,3.000000000000000000e+00,4.767840060099503025e+06
-5.196644624930690348e+00,2.866661024043475781e+00,2.292062357216443580e+00,5.979577869981269611e-01,8.500000000000000611e-02,3.000000000000000000e+00,4.767840060099503025e+06
-5.194442654625892608e+00,2.895859399051401883e+00,2.317939517001956773e+00,5.987490740450600590e-01,8.500000000000000611e-02,3.000000000000000000e+00,4.767840060099503025e+06
-5.194442654625892608e+00,2.895859399051401883e+00,2.317939517001956773e+00,5.987490740450600590e-01,8.500000000000000611e-02,3.000000000000000000e+00,4.767840060099503025e+06
-5.307243107296470974e+00,2.217627293001834587e+00,1.712260168845619379e+00,4.708731627151802046e-01,8.500000000000000611e-02,3.000000000000000000e+00,4.767840060099503025e+06
-5.393305517656889592e+00,2.530058524917599527e+00,2.072406152861073103e+00,4.154858681395328102e-01,8.500000000000000611e-02,3.000000000000000000e+00,4.767840060099503025e+06
-5.117842620543063603e+00,2.613658201294485561e+00,1.825627989406925167e+00,3.651193701014838755e-01,8.500000000000000611e-02,3.000000000000000000e+00,4.767840060099503025e+06
-5.405856525621128839e+00,2.303480483255728295e+00,1.867804846990209544e+00,4.568886591659030438e-01,8.500000000000000611e-02,3.000000000000000000e+00,4.767840060099503025e+06
-4.986680260409494636e+00,2.093471401270130539e+00,1.046965284030246579e+00,1.686149353997510869e-01,8.500000000000000611e-02,3.000000000000000000e+00,4.767840060099503025e+06
-5.045563479526088635e+00,2.748798649238727521e+00,1.693658080909477892e+00,8.688760334208932290e-02,8.500000000000000611e-02,3.000000000000000000e+00,4.767840060099503025e+06
-5.293892807434286141e+00,2.228998994450369864e+00,1.431675204915367372e+00,5.319717637582210834e-03,8.500000000000000611e-02,3.000000000000000000e+00,4.767840060099503025e+06
-5.031928768683186171e+00,2.549171198523764836e+00,1.512061223094219198e+00,2.878269285960211032e-02,8.500000000000000611e-02,3.000000000000000000e+00,4.767840060099503025e+06
-5.492653865995091422e+00,2.171926757884900194e+00,1.775330998777394420e+00,3.137636369460949370e-01,8.500000000000000611e-02,3.000000000000000000e+00,4.767840060099503025e+06
-5.407429340578994825e+00,2.793474079792293896e+00,2.229137720190257355e+00,2.261980349727857886e-01,8.500000000000000611e-02,3.000000000000000000e+00,4.767840060099503025e+06
-5.548937833817562115e+00,2.514746971918527585e+00,2.125616124244954275e+00,2.931127654191044152e-01,8.500000000000000611e-02,3.000000000000000000e+00,4.767840060099503025e+06
-6.350982460551599651e+00,1.942628189779355807e+00,2.645793805154172507e+00,6.203538212254753326e-01,8.500000000000000611e-02,3.000000000000000000e+00,4.767840060099503025e+06
-6.336832480734420514e+00,2.734352710095220740e+00,3.502518537453817693e+00,7.439366830927751639e-01,8.500000000000000611e-02,3.000000000000000000e+00,4.767840060099503025e+06
-6.091546949222369278e+00,2.761725160040638727e+00,3.151283906480321750e+00,5.867157810173516674e-01,8.500000000000000611e-02,3.000000000000000000e+00,4.767840060099503025e+06
-6.388204159300627794e+00,2.443822066846394137e+00,3.265272970561259758e+00,7.575149428982730360e-01,8.500000000000000611e-02,3.000000000000000000e+00,4.767840060099503025e+06
-6.606178598869018259e+00,2.166524210526777239e+00,3.356759016479208935e+00,9.260398498704128789e-01,8.500000000000000611e-02,3.000000000000000000e+00,4.767840060099503025e+06
-6.283278905236986844e+00,2.045645561972325055e+00,2.877796578842350073e+00,9.041802038501385308e-01,8.500000000000000611e-02,3.000000000000000000e+00,4.767840060099503025e+06
-6.231024429035588064e+00,1.857726197204925489e+00,2.648949273789908965e+00,8.989127810767493232e-01,8.500000000000000611e-02,3.000000000000000000e+00,4.767840060099503025e+06
-5.377323583757336323e+00,1.825777356944966900e+00,1.378651919345524002e+00,5.075585527520318774e-01,8.500000000000000611e-02,3.000000000000000000e+00,4.767840060099503025e+06
-4.914397353895274989e+00,1.824669980266215408e+00,8.722562244835443401e-01,4.943749361991345848e-01,8.500000000000000611e-02,3.000000000000000000e+00,4.767840060099503025e+06
-4.854681775348685946e+00,1.820303445347277282e+00,7.916859147267188979e-01,4.478008875807606981e-01,8.500000000000000611e-02,3.000000000000000000e+00,4.767840060099503025e+06
-4.679252878969831997e+00,1.778716011542188724e+00,6.225940090309585173e-01,5.108369775919996414e-01,8.500000000000000611e-02,3.000000000000000000e+00,4.767840060099503025e+06
-4.619685987580964159e+00,1.739201520680359714e+00,5.549121402459249452e-01,5.548228804493228195e-01,8.500000000000000611e-02,3.000000000000000000e+00,4.767840060099503025e+06
-5.198164385970184931e+00,1.333930940441529156e+00,1.245910468549501937e+00,1.112221300341499797e+00,8.500000000000000611e-02,3.000000000000000000e+00,4.767840060099503025e+06
-5.387901976966458228e+00,1.123439860016878455e+00,1.356022658087364885e+00,1.246619854175013087e+00,8.500000000000000611e-02,3.000000000000000000e+00,4.767840060099503025e+06
-5.518629870554034866e+00,9.360327314773919660e-01,1.372603105172686133e+00,1.296085191295529127e+00,8.500000000000000611e-02,3.000000000000000000e+00,4.767840060099503025e+06
-5.229156978240267151e+00,9.102519143061951201e-01,1.080081515375778789e+00,1.310150051228880619e+00,8.500000000000000611e-02,3.000000000000000000e+00,4.767840060099503025e+06
-5.032869425978473643e+00,1.289215373540755216e+00,1.418776624874398040e+00,1.510724042064443884e+00,8.500000000000000611e-02,3.000000000000000000e+00,4.767840060099503025e+06
-4.948724543894267747e+00,1.092974414520580639e+00,1.311731001420180176e+00,1.676174225369650550e+00,8.500000000000000611e-02,3.000000000000000000e+00,4.767840060099503025e+06
-5.163582360046248709e+00,8.148868440164004356e-01,1.116104799097131561e+00,1.522924937816187541e+00,8.500000000000000611e-02,3.000000000000000000e+00,4.767840060099503025e+06
-5.268175450555301786e+00,9.013851769489397148e-01,1.217766482812251416e+00,1.411219909257132477e+00,8.500000000000000611e-02,3.000000000000000000e+00,4.767840060099503025e+06
-5.703691923594221613e+00,9.960570016664210824e-01,1.691615798393494519e+00,1.339586463929972382e+00,8.500000000000000611e-02,3.000000000000000000e+00,4.767840060099503025e+06
-5.682283508541257966e+00,7.954102131743568949e-01,1.556083354738399427e+00,1.428260437795761062e+00,8.500000000000000611e-02,3.000000000000000000e+00,4.767840060099503025e+06
-5.483607396308451065e+00,4.041307294373581716e-01,1.034745785087419545e+00,1.399152834139895107e+00,8.500000000000000611e-02,3.000000000000000000e+00,4.767840060099503025e+06
-5.568179101428253119e+00,4.354451260960592873e-01,1.168568424022550900e+00,1.417989196658891338e+00,8.500000000000000611e-02,3.000000000000000000e+00,4.767840060099503025e+06
-5.774286057408644979e+00,5.351650980565563209e-01,1.493106513225696208e+00,1.438924985161044390e+00,8.500000000000000611e-02,3.000000000000000000e+00,4.767840060099503025e+06
-5.876935596823063435e+00,4.514651642797151698e-01,1.704427858529570683e+00,1.625481255619878107e+00,8.500000000000000611e-02,3.000000000000000000e+00,4.767840060099503025e+06
-5.928702606696152344e+00,6.973593206025793245e-01,1.944825987335698558e+00,1.625999526072235302e+00,8.500000000000000611e-02,3.000000000000000000e+00,4.767840060099503025e+06
-5.928702606696152344e+00,6.973593206025793245e-01,1.944825987335698558e+00,1.625999526072235302e+00,8.500000000000000611e-02,3.000000000000000000e+00,4.767840060099503025e+06
-5.963414207494052377e+00,6.909124894849160148e-01,2.001380646329795621e+00,1.652481556764580084e+00,8.500000000000000611e-02,3.000000000000000000e+00,4.767840060099503025e+06
-5.979545798091979059e+00,1.180321783350061660e+00,2.515578874597370174e+00,1.793298099404504686e+00,8.500000000000000611e-02,3.000000000000000000e+00,4.767840060099503025e+06
-6.149715873170928049e+00,1.928696107493821366e+00,3.145630213990306068e+00,1.491992391874015444e+00,8.500000000000000611e-02,3.000000000000000000e+00,4.767840060099503025e+06
-5.984547338918804193e+00,2.088952991888398891e+00,3.012927519731423143e+00,1.369432083483445695e+00,8.500000000000000611e-02,3.000000000000000000e+00,4.767840060099503025e+06
-5.976653491250029759e+00,1.514612384290444869e+00,1.876943408963764437e+00,7.384382349393723288e-01,8.500000000000000611e-02,3.000000000000000000e+00,4.767840060099503025e+06
-6.173324542695862505e+00,1.511724422584551863e+00,2.032758438791691713e+00,6.856209576265938077e-01,8.500000000000000611e-02,3.000000000000000000e+00,4.767840060099503025e+06
-6.137316036718730494e+00,1.609018767169282160e+00,2.125440935998916814e+00,7.261736531564227937e-01,8.500000000000000611e-02,3.000000000000000000e+00,4.767840060099503025e+06
-6.017686974225792795e+00,1.939925043494476142e+00,2.419351746516427593e+00,7.938690367856083840e-01,8.500000000000000611e-02,3.000000000000000000e+00,4.767840060099503025e+06
-6.365781595026081874e+00,2.296334409871147564e+00,3.410410386350711143e+00,1.117373267804204318e+00,8.500000000000000611e-02,3.000000000000000000e+00,4.767840060099503025e+06
-6.115928034249563439e+00,1.842071842609335208e+00,2.744494873479801811e+00,1.176625498324176400e+00,8.500000000000000611e-02,3.000000000000000000e+00,4.767840060099503025e+06
-6.229633010991648234e+00,2.072692877278914825e+00,3.161497111085566303e+00,1.276739637315973397e+00,8.500000000000000611e-02,3.000000000000000000e+00,4.767840060099503025e+06
-6.453582565544383698e+00,2.653867040683305145e+00,3.990376883956066933e+00,1.288519940433288546e+00,8.500000000000000611e-02,3.000000000000000000e+00,4.767840060099503025e+06
-6.390394348853530637e+00,2.594131526060002635e+00,3.937887056250488182e+00,1.367660654271541265e+00,8.500000000000000611e-02,3.000000000000000000e+00,4.767840060099503025e+06
-6.370144050988178819e+00,2.623427369506331264e+00,3.888453600532996823e+00,1.294824769142304266e+00,8.500000000000000611e-02,3.000000000000000000e+00,4.767840060099503025e+06
-6.211484678593350850e+00,2.556022030932538769e+00,3.605141332092117512e+00,1.239063801033868595e+00,8.500000000000000611e-02,3.000000000000000000e+00,4.767840060099503025e+06
-5.968729336770417504e+00,2.978487650046427682e+00,3.596720338824125562e+00,1.054969521921253151e+00,8.500000000000000611e-02,3.000000000000000000e+00,4.767840060099503025e+06
-6.008730324962316516e+00,2.787648292524280702e+00,3.450523771570209952e+00,1.046604760732123607e+00,8.500000000000000611e-02,3.000000000000000000e+00,4.767840060099503025e+06
-5.991552129207653010e+00,2.658851081949514139e+00,3.249679012998838878e+00,9.968858547070620357e-01,8.500000000000000611e-02,3.000000000000000000e+00,4.767840060099503025e+06
-5.947109667377908693e+00,2.639699258977132867e+00,3.187978250038009165e+00,1.006536608936784649e+00,8.500000000000000611e-02,3.000000000000000000e+00,4.767840060099503025e+06
-5.664690454301273270e+00,2.872745288003678787e+00,3.128919906381836924e+00,1.000583442871250561e+00,8.500000000000000611e-02,3.000000000000000000e+00,4.767840060099503025e+06
-5.694255764809348364e+00,2.817813149615230550e+00,3.116211245869950908e+00,1.012138965367093801e+00,8.500000000000000611e-02,3.000000000000000000e+00,4.767840060099503025e+06
-5.554535447846716600e+00,2.724946730915984716e+00,2.845121123047962719e+00,9.793552992552019276e-01,8.500000000000000611e-02,3.000000000000000000e+00,4.767840060099503025e+06
-5.604279156845915821e+00,2.602657393363132066e+00,2.692891474036796851e+00,8.351165889873974901e-01,8.500000000000000611e-02,3.000000000000000000e+00,4.767840060099503025e+06
-5.379261875562963979e+00,2.817103195712399089e+00,2.916973904033286491e+00,1.170918399463159565e+00,8.500000000000000611e-02,3.000000000000000000e+00,4.767840060099503025e+06
-5.428276716822957759e+00,2.587559083896805667e+00,2.739108108824069632e+00,1.158169225104425992e+00,8.500000000000000611e-02,3.000000000000000000e+00,4.767840060099503025e+06
-5.238796021555804039e+00,2.747277786582401404e+00,2.625331954641272780e+00,1.074926384222177678e+00,8.500000000000000611e-02,3.000000000000000000e+00,4.767840060099503025e+06
-5.327339742751480145e+00,2.844268640548607952e+00,2.685251854585306130e+00,9.306405614263946191e-01,8.500000000000000611e-02,3.000000000000000000e+00,4.767840060099503025e+06
-5.220803050636985354e+00,2.920355372376247871e+00,2.662541133663921311e+00,9.380566930972830120e-01,8.500000000000000611e-02,3.000000000000000000e+00,4.767840060099503025e+06
-5.754848226043642434e+00,2.798011524340226153e+00,3.154346471673758145e+00,1.012287983912738110e+00,8.500000000000000611e-02,3.000000000000000000e+00,4.767840060099503025e+06
-5.615935928139014877e+00,2.401942665323232973e+00,2.410813326338171692e+00,7.306362783164161989e-01,8.500000000000000611e-02,3.000000000000000000e+00,4.767840060099503025e+06
-5.345391699619551851e+00,2.614177751944353201e+00,2.244273711131237192e+00,6.489705995392095472e-01,8.500000000000000611e-02,3.000000000000000000e+00,4.767840060099503025e+06
-5.307521162512397694e+00,2.976012918225489301e+00,2.615943915490618554e+00,7.068480626268789369e-01,8.500000000000000611e-02,3.000000000000000000e+00,4.767840060099503025e+06
-5.303559572255665877e+00,2.044072591876330058e+00,1.631970186308692172e+00,6.112874932641317871e-01,8.500000000000000611e-02,3.000000000000000000e+00,4.767840060099503025e+06
-5.259695511373230659e+00,1.255086046291987723e+00,6.376754829535125069e-01,3.676222479954023292e-01,8.500000000000000611e-02,3.000000000000000000e+00,4.767840060099503025e+06
-5.221811700840286896e+00,1.226465800422687824e+00,5.378840439308443244e-01,3.459696258497425569e-01,8.500000000000000611e-02,3.000000000000000000e+00,4.767840060099503025e+06
-5.781552301089433854e+00,1.483071111827146016e+00,1.542499007242053022e+00,5.966700209245706654e-01,8.500000000000000611e-02,3.000000000000000000e+00,4.767840060099503025e+06
-5.566489994902585003e+00,1.540785380085798018e+00,1.293378482329332169e+00,5.006113404887947427e-01,8.500000000000000611e-02,3.000000000000000000e+00,4.767840060099503025e+06
-5.394817031866142365e+00,1.392560233296264327e+00,1.048457693656031697e+00,6.507597516539850302e-01,8.500000000000000611e-02,3.000000000000000000e+00,4.767840060099503025e+06
-5.673148612052123951e+00,1.850486703305361802e+00,2.033205435966530139e+00,8.929628935574004389e-01,8.500000000000000611e-02,3.000000000000000000e+00,4.767840060099503025e+06
-5.710509124011600157e+00,2.148451579053594074e+00,2.348351780659077903e+00,8.985402166609396390e-01,8.500000000000000611e-02,3.000000000000000000e+00,4.767840060099503025e+06
-5.854054448466400551e+00,2.098446173861684194e+00,2.399140718383789395e+00,8.349497484047132545e-01,8.500000000000000611e-02,3.000000000000000000e+00,4.767840060099503025e+06
-5.743553244295143578e+00,2.504369211762041303e+00,2.701572093640875138e+00,8.803163790396666410e-01,8.500000000000000611e-02,3.000000000000000000e+00,4.767840060099503025e+06
-5.867583844126081694e+00,1.743605047665936159e+00,1.997898756169282031e+00,7.481779024789452226e-01,8.500000000000000611e-02,3.000000000000000000e+00,4.767840060099503025e+06
-6.149449274958148415e+00,2.228479032082476330e+00,2.648626413024871784e+00,6.006173968691428389e-01,8.500000000000000611e-02,3.000000000000000000e+00,4.767840060099503025e+06
-5.923218817296348249e+00,1.964582299599933579e+00,2.232305779630501696e+00,6.831882316579276360e-01,8.500000000000000611e-02,3.000000000000000000e+00,4.767840060099503025e+06
-6.274519443445903732e+00,1.568036662776508772e+00,2.268085734010445442e+00,7.564048162190024627e-01,8.500000000000000611e-02,3.000000000000000000e+00,4.767840060099503025e+06
-6.167877293119164328e+00,1.828282371252972549e+00,2.327207650919965065e+00,7.020817266626407926e-01,8.500000000000000611e-02,3.000000000000000000e+00,4.767840060099503025e+06
-5.225129605506705133e+00,7.935393108934876150e-01,4.044176075064495612e-01,7.008131666510643010e-01,8.500000000000000611e-02,3.000000000000000000e+00,4.767840060099503025e+06
-5.167898029414780936e+00,1.033651850807315808e+00,5.113198279619510789e-01,5.949402697884682567e-01,8.500000000000000611e-02,3.000000000000000000e+00,4.767840060099503025e+06
-5.455118146840276516e+00,7.255420768390196118e-01,5.919348093592845528e-01,6.642932124897462653e-01,8.500000000000000611e-02,3.000000000000000000e+00,4.767840060099503025e+06
-5.450572068373959134e+00,4.144507980599839714e-01,3.051258440069488653e-01,6.330934133760078852e-01,8.500000000000000611e-02,3.000000000000000000e+00,4.767840060099503025e+06
-5.471795565107195003e+00,4.734222313896006007e-01,3.592854062231700674e-01,6.003916901843548981e-01,8.500000000000000611e-02,3.000000000000000000e+00,4.767840060099503025e+06
-5.444657229240490892e+00,5.623023770950993372e-01,3.958993964624173967e-01,5.877318820928971732e-01,8.500000000000000611e-02,3.000000000000000000e+00,4.767840060099503025e+06
-5.500796597616445460e+00,6.862874766488887834e-01,5.645553526676371225e-01,5.854793041338435255e-01,8.500000000000000611e-02,3.000000000000000000e+00,4.767840060099503025e+06
-5.544257713281697697e+00,4.781251003228890184e-01,4.438635233307637318e-01,5.771210017007808446e-01,8.500000000000000611e-02,3.000000000000000000e+00,4.767840060099503025e+06
-5.683455803861473754e+00,5.268384344937695474e-01,6.262426417304250981e-01,5.667719084024440690e-01,8.500000000000000611e-02,3.000000000000000000e+00,4.767840060099503025e+06
-5.786951501501832240e+00,6.378588628825166973e-01,6.951733491544082044e-01,4.157507843900338229e-01,8.500000000000000611e-02,3.000000000000000000e+00,4.767840060099503025e+06
-5.501168592979980509e+00,6.095141342778098714e-01,3.834653862889715326e-01,4.309409842615641861e-01,8.500000000000000611e-02,3.000000000000000000e+00,4.767840060099503025e+06
-5.358462957569292584e+00,9.714800066220358188e-01,5.435806132909986044e-01,4.380116145816329021e-01,8.500000000000000611e-02,3.000000000000000000e+00,4.767840060099503025e+06
-5.264000166327766017e+00,6.703835479498472250e-01,1.938138657847022772e-01,4.908625664412913370e-01,8.500000000000000611e-02,3.000000000000000000e+00,4.767840060099503025e+06
-5.296130458799950702e+00,7.952786610641526810e-01,3.264252683714922165e-01,4.746534545183093146e-01,8.500000000000000611e-02,3.000000000000000000e+00,4.767840060099503025e+06
-5.342569320026731461e+00,1.420942571906591345e+00,1.006324659904848318e+00,5.338960725419651387e-01,8.500000000000000611e-02,3.000000000000000000e+00,4.767840060099503025e+06
-4.896556090586175358e+00,6.745060168191698846e-01,-1.997331020913186705e-01,4.941354968929773106e-01,8.500000000000000611e-02,3.000000000000000000e+00,4.767840060099503025e+06
-5.367138662169741004e+00,1.110125962438322844e+00,6.606593012397479203e-01,4.448595086121401310e-01,8.500000000000000611e-02,3.000000000000000000e+00,4.767840060099503025e+06
-5.377184959622258731e+00,1.286190931873603116e+00,8.365010839146375110e-01,5.304098015281769607e-01,8.500000000000000611e-02,3.000000000000000000e+00,4.767840060099503025e+06
-5.153971288786200589e+00,1.920900617537613320e+00,1.151494208762154248e+00,4.164943425522862341e-01,8.500000000000000611e-02,3.000000000000000000e+00,4.767840060099503025e+06
-5.729903083564146904e+00,2.181268326694496995e+00,2.057268018635032725e+00,4.366847593927706273e-01,8.500000000000000611e-02,3.000000000000000000e+00,4.767840060099503025e+06
-6.039870584216722627e+00,1.230279917571208692e+00,1.601249857695337564e+00,6.196008211775096974e-01,8.500000000000000611e-02,3.000000000000000000e+00,4.767840060099503025e+06
-6.222736692941160719e+00,1.586171644384411383e+00,2.186154033309072098e+00,6.922161794391495926e-01,8.500000000000000611e-02,3.000000000000000000e+00,4.767840060099503025e+06
-5.888147415449024535e+00,1.690469287819980515e+00,1.885942200849398453e+00,6.288508965350418922e-01,8.500000000000000611e-02,3.000000000000000000e+00,4.767840060099503025e+06
-5.789141279556211828e+00,1.515611589586761676e+00,1.677799093033049083e+00,7.444997486110784823e-01,8.500000000000000611e-02,3.000000000000000000e+00,4.767840060099503025e+06
-5.611738180149069777e+00,9.960315358171594191e-01,1.086449396501523390e+00,8.247580081326670864e-01,8.500000000000000611e-02,3.000000000000000000e+00,4.767840060099503025e+06
-5.600849768467609735e+00,1.198615996508649362e+00,1.164345194282551343e+00,6.944851788665108439e-01,8.500000000000000611e-02,3.000000000000000000e+00,4.767840060099503025e+06
-5.457455608267553160e+00,9.847685404100952056e-01,6.553320707841387982e-01,5.294960197913819444e-01,8.500000000000000611e-02,3.000000000000000000e+00,4.767840060099503025e+06
-5.416657090206871139e+00,1.472197072566448828e+00,1.112312202664309080e+00,5.309823473970445296e-01,8.500000000000000611e-02,3.000000000000000000e+00,4.767840060099503025e+06
-5.141474034141239713e+00,1.626861374714257069e+00,8.448123191444900648e-01,3.450751136443360734e-01,8.500000000000000611e-02,3.000000000000000000e+00,4.767840060099503025e+06
-4.962945154736830844e+00,2.198120573418218537e+00,1.280265731444760746e+00,4.263300432323534617e-01,8.500000000000000611e-02,3.000000000000000000e+00,4.767840060099503025e+06
-4.926993679611565646e+00,1.778824860462991042e+00,8.524867922861915082e-01,4.733785568663107512e-01,8.500000000000000611e-02,3.000000000000000000e+00,4.767840060099503025e+06
-4.520838469721457642e+00,1.764507366111297326e+00,3.895297266780635148e-01,4.540829085205874693e-01,8.500000000000000611e-02,3.000000000000000000e+00,4.767840060099503025e+06
-4.587243774442438138e+00,2.291606988336827300e+00,8.900980556528164112e-01,3.401763017964980484e-01,8.500000000000000611e-02,3.000000000000000000e+00,4.767840060099503025e+06
-4.722640578389452060e+00,1.929802073330459500e+00,7.167023280321642709e-01,3.750956587641158246e-01,8.500000000000000611e-02,3.000000000000000000e+00,4.767840060099503025e+06
-4.948488094679768245e+00,2.018526240658351956e+00,1.225293515266477673e+00,6.385556166390252697e-01,8.500000000000000611e-02,3.000000000000000000e+00,4.767840060099503025e+06
-5.468004878544274305e+00,1.864562559800911679e+00,1.665289750918272471e+00,6.965058673614744622e-01,8.500000000000000611e-02,3.000000000000000000e+00,4.767840060099503025e+06
-5.416683458551101005e+00,1.770698362457071573e+00,1.326607130552104996e+00,4.152953836068333793e-01,8.500000000000000611e-02,3.000000000000000000e+00,4.767840060099503025e+06
-5.233743650009041737e+00,1.547121898635180903e+00,1.327713389305497538e+00,9.498170948912165734e-01,8.500000000000000611e-02,3.000000000000000000e+00,4.767840060099503025e+06
-5.271579860982862797e+00,1.575732396652647083e+00,1.394459261548946394e+00,9.674449435840064559e-01,8.500000000000000611e-02,3.000000000000000000e+00,4.767840060099503025e+06
-5.687817316972356707e+00,1.466514110152998818e+00,1.905704792548885473e+00,1.142380871421165178e+00,8.500000000000000611e-02,3.000000000000000000e+00,4.767840060099503025e+06
-5.306892721976859129e+00,1.139664971372249980e+00,1.103950878829052851e+00,1.038658902849290522e+00,8.500000000000000611e-02,3.000000000000000000e+00,4.767840060099503025e+06
-5.067227055196345198e+00,1.321360022264490564e+00,8.277177964790691789e-01,8.620705705286529907e-01,8.500000000000000611e-02,3.000000000000000000e+00,4.767840060099503025e+06
-5.210271651497924594e+00,1.076995611803696962e+00,9.484020758706048770e-01,1.066247217096419453e+00,8.500000000000000611e-02,3.000000000000000000e+00,4.767840060099503025e+06
-5.127082450659495194e+00,7.686450829997838463e-01,6.120745972032599624e-01,1.090511203902696957e+00,8.500000000000000611e-02,3.000000000000000000e+00,4.767840060099503025e+06
-5.095053781337326448e+00,1.160603138332142237e+00,6.620588394507556096e-01,7.564518974540576091e-01,8.500000000000000611e-02,3.000000000000000000e+00,4.767840060099503025e+06
-4.910936231697827559e+00,1.149778788932734663e+00,4.764076490411985887e-01,7.732532569960509639e-01,8.500000000000000611e-02,3.000000000000000000e+00,4.767840060099503025e+06
-4.847175644284225093e+00,1.157352118331492763e+00,3.900573435819971735e-01,7.504686562195077570e-01,8.500000000000000611e-02,3.000000000000000000e+00,4.767840060099503025e+06
-5.302183702150164990e+00,9.406619278287894348e-01,8.688421678693932781e-01,9.400190510574806257e-01,8.500000000000000611e-02,3.000000000000000000e+00,4.767840060099503025e+06
-5.003922370053262902e+00,5.562184990282168506e-01,3.249705593713665408e-01,1.064443434237041020e+00,8.500000000000000611e-02,3.000000000000000000e+00,4.767840060099503025e+06
-4.895879358972051065e+00,4.590016063266787461e-01,3.165471999505113931e-01,1.243231047959573399e+00,8.500000000000000611e-02,3.000000000000000000e+00,4.767840060099503025e+06
-5.166371515013651106e+00,6.146385322136370677e-01,6.181297403814213220e-01,1.130476349519195178e+00,8.500000000000000611e-02,3.000000000000000000e+00,4.767840060099503025e+06
-5.185693958388157832e+00,6.629690975971462841e-01,6.738374197464779281e-01,1.134633553662348637e+00,8.500000000000000611e-02,3.000000000000000000e+00,4.767840060099503025e+06
-5.047658593075552425e+00,4.977561611688278154e-01,4.753124530867631758e-01,1.213656015079926043e+00,8.500000000000000611e-02,3.000000000000000000e+00,4.767840060099503025e+06
-5.041638555740165728e+00,4.825043659725052336e-01,4.613387895411973361e-01,1.220636775119047890e+00,8.500000000000000611e-02,3.000000000000000000e+00,4.767840060099503025e+06
-4.979537857530695000e+00,4.754200528581356000e-01,3.186596716417751107e-01,1.139841851295367636e+00,8.500000000000000611e-02,3.000000000000000000e+00,4.767840060099503025e+06
-5.038980330119102291e+00,4.689475849299755694e-01,3.150974884624719863e-01,1.091446460768754401e+00,8.500000000000000611e-02,3.000000000000000000e+00,4.767840060099503025e+06
-5.655919492790109082e+00,7.494551993011921986e-01,1.111922723141233860e+00,9.935920517490128834e-01,8.500000000000000611e-02,3.000000000000000000e+00,4.767840060099503025e+06
-5.517666494484362971e+00,2.975191521114615156e-01,7.547298869099110519e-01,1.150069685458541047e+00,8.500000000000000611e-02,3.000000000000000000e+00,4.767840060099503025e+06
-5.517666494484362971e+00,2.975191521114615156e-01,7.547298869099110519e-01,1.150069685458541047e+00,8.500000000000000611e-02,3.000000000000000000e+00,4.767840060099503025e+06
-5.446070675763847291e+00,4.649618974915414871e-01,1.007162584383397785e+00,1.331426928093582873e+00,8.500000000000000611e-02,3.000000000000000000e+00,4.767840060099503025e+06
-5.096334364798613237e+00,1.632259801425458012e-01,1.878770659899520190e-01,1.107920589828236713e+00,8.500000000000000611e-02,3.000000000000000000e+00,4.767840060099503025e+06
-5.260435165655857226e+00,3.601285334305207586e-01,6.647021421689771614e-01,1.272602709186119396e+00,8.500000000000000611e-02,3.000000000000000000e+00,4.767840060099503025e+06
-5.263479239820309630e+00,4.509823757404706202e-01,5.498561563071737712e-01,1.065157295497953571e+00,8.500000000000000611e-02,3.000000000000000000e+00,4.767840060099503025e+06
-4.978288251267828812e+00,6.636578468081236748e-01,-1.356031807693631741e-01,4.742933191384822722e-01,8.500000000000000611e-02,3.000000000000000000e+00,4.767840060099503025e+06
-5.362320329031494914e+00,1.141806774231656885e+00,5.937902614369814369e-01,2.395529784243146110e-01,8.500000000000000611e-02,3.000000000000000000e+00,4.767840060099503025e+06
-5.370593677580564496e+00,6.718626668760923071e-01,1.471181116334654426e-01,1.716125952283273914e-01,8.500000000000000611e-02,3.000000000000000000e+00,4.767840060099503025e+06
-5.360354891943435618e+00,6.385646239893845166e-01,1.120053193112120482e-01,1.824488137257273546e-01,8.500000000000000611e-02,3.000000000000000000e+00,4.767840060099503025e+06
-5.538570549327348047e+00,1.547795056992123719e+00,1.203763623055192689e+00,3.039448433131956007e-01,8.500000000000000611e-02,3.000000000000000000e+00,4.767840060099503025e+06
-5.510779014833608436e+00,1.640961375134717848e+00,1.218085579146360731e+00,2.619749193336081694e-01,8.500000000000000611e-02,3.000000000000000000e+00,4.767840060099503025e+06
-5.370404200866770061e+00,2.363227533969634031e+00,1.630750578824020414e+00,5.358407020632277584e-02,8.500000000000000611e-02,3.000000000000000000e+00,4.767840060099503025e+06
-5.355259451926086989e+00,2.140832261609618925e+00,1.447149066566743469e+00,1.242402011139975837e-01,8.500000000000000611e-02,3.000000000000000000e+00,4.767840060099503025e+06
-5.458772906493421395e+00,1.829269612845813464e+00,1.317097257692706025e+00,2.201532716888444652e-01,8.500000000000000611e-02,3.000000000000000000e+00,4.767840060099503025e+06
-5.108746475355058436e+00,1.298672211752136540e+00,3.974985085953099961e-01,3.480754462066423804e-02,8.500000000000000611e-02,3.000000000000000000e+00,4.767840060099503025e+06
-5.358094346848430334e+00,1.117740746592843948e+00,5.590211911303506476e-01,2.010569229474168940e-01,8.500000000000000611e-02,3.000000000000000000e+00,4.767840060099503025e+06
-5.295025176262524447e+00,9.853054077460590143e-01,4.577193699351854161e-01,3.668105263290578066e-01,8.500000000000000611e-02,3.000000000000000000e+00,4.767840060099503025e+06
-5.256504567249681514e+00,1.319136349017841159e+00,6.299471183217217884e-01,2.109311507975488720e-01,8.500000000000000611e-02,3.000000000000000000e+00,4.767840060099503025e+06
-4.787686489931949119e+00,1.380160596048624511e+00,-1.209324469913064526e-03,-9.934467928622253696e-02,8.500000000000000611e-02,3.000000000000000000e+00,4.767840060099503025e+06
-4.782873342732181676e+00,1.532710380889462654e+00,1.791685602946304634e-01,-3.886088431430512191e-02,8.500000000000000611e-02,3.000000000000000000e+00,4.767840060099503025e+06
-4.781948500948326242e+00,1.337091783715599114e+00,3.231419525095086120e-02,7.431727477767136048e-02,8.500000000000000611e-02,3.000000000000000000e+00,4.767840060099503025e+06
-5.136067905048363080e+00,1.378287806455872788e+00,5.321548380795899647e-01,2.160997556132929764e-01,8.500000000000000611e-02,3.000000000000000000e+00,4.767840060099503025e+06
-5.464842085284412398e+00,1.064812639789731286e+00,8.004300396993737632e-01,5.204377215028752612e-01,8.500000000000000611e-02,3.000000000000000000e+00,4.767840060099503025e+06
-5.755339826572844153e+00,6.340505954575653691e-01,9.495810730603824190e-01,8.286634192336678195e-01,8.500000000000000611e-02,3.000000000000000000e+00,4.767840060099503025e+06
-5.936259664257105051e+00,5.719897160005684711e-01,1.048870215457120558e+00,7.728630565339070779e-01,8.500000000000000611e-02,3.000000000000000000e+00,4.767840060099503025e+06
-5.884029908156310107e+00,6.768586940407035346e-01,1.071670532083947913e+00,7.491812992380566527e-01,8.500000000000000611e-02,3.000000000000000000e+00,4.767840060099503025e+06
-6.083192360188419023e+00,9.563319202051185908e-01,1.309742823101018416e+00,4.570510706235870746e-01,8.500000000000000611e-02,3.000000000000000000e+00,4.767840060099503025e+06
-5.845194476502734382e+00,1.088315145246390614e+00,1.247498654470492463e+00,5.606621256804227293e-01,8.500000000000000611e-02,3.000000000000000000e+00,4.767840060099503025e+06
-5.850842785670641533e+00,8.329044467999444645e-01,1.179834441338703188e+00,7.917257348601972611e-01,8.500000000000000611e-02,3.000000000000000000e+00,4.767840060099503025e+06
-6.008231711070268766e+00,9.025975680139863844e-01,1.697357838809009145e+00,1.109369953198100056e+00,8.500000000000000611e-02,3.000000000000000000e+00,4.767840060099503025e+06
-5.927079104825323519e+00,9.400563499114338306e-01,1.666361664931723663e+00,1.132445414671812589e+00,8.500000000000000611e-02,3.000000000000000000e+00,4.767840060099503025e+06
-5.909566673833349881e+00,9.988093070848009791e-01,1.637353163032657211e+00,1.059556636468403035e+00,8.500000000000000611e-02,3.000000000000000000e+00,4.767840060099503025e+06
-5.474393936101994207e+00,1.409694188740074017e+00,9.236814877077024200e-01,2.700109876425592081e-01,8.500000000000000611e-02,3.000000000000000000e+00,4.767840060099503025e+06
-5.590863047877771663e+00,1.541122558615184213e+00,1.268224170062536293e+00,4.647206425765243454e-01,8.500000000000000611e-02,3.000000000000000000e+00,4.767840060099503025e+06
-5.475826756615953528e+00,1.272916502054786569e+00,8.826819592714296725e-01,4.190849531263179939e-01,8.500000000000000611e-02,3.000000000000000000e+00,4.767840060099503025e+06
-5.364112567325837411e+00,1.121346455798353015e+00,6.137961585180689017e-01,4.242122189300577828e-01,8.500000000000000611e-02,3.000000000000000000e+00,4.767840060099503025e+06
-5.433671863391889012e+00,8.404484782220409400e-01,4.737290547127148699e-01,4.780767798952535452e-01,8.500000000000000611e-02,3.000000000000000000e+00,4.767840060099503025e+06
-5.196103881050023965e+00,8.926665891742566750e-01,2.559067947093274231e-01,4.430411594532717157e-01,8.500000000000000611e-02,3.000000000000000000e+00,4.767840060099503025e+06
-5.086559327578727974e+00,1.193580439406086047e+00,3.607829235587716177e-01,3.282945439040317326e-01,8.500000000000000611e-02,3.000000000000000000e+00,4.767840060099503025e+06
-4.894959072632122599e+00,1.083892762422054012e+00,1.883365044567226754e-01,5.744581091060835254e-01,8.500000000000000611e-02,3.000000000000000000e+00,4.767840060099503025e+06
-5.119669458902767367e+00,1.907809880981818695e+00,1.225370780126940673e+00,5.495694995966202701e-01,8.500000000000000611e-02,3.000000000000000000e+00,4.767840060099503025e+06
-5.168219850609211186e+00,1.774753904988578324e+00,1.125258872055383996e+00,5.047057383221736915e-01,8.500000000000000611e-02,3.000000000000000000e+00,4.767840060099503025e+06
-4.318531034809848457e+00,2.044727954091279720e+00,3.846952859610719422e-01,4.021685640240488802e-01,8.500000000000000611e-02,3.000000000000000000e+00,4.767840060099503025e+06
-5.329902699841603031e+00,1.358716931845848741e+00,1.119759752192424074e+00,8.305644605813740089e-01,8.500000000000000611e-02,3.000000000000000000e+00,4.767840060099503025e+06
-5.393854004012464287e+00,2.184427805299773873e+00,2.027312652172221785e+00,8.559936870872566494e-01,8.500000000000000611e-02,3.000000000000000000e+00,4.767840060099503025e+06
-5.569589827837734042e+00,1.991179086380756136e+00,2.057307922774707531e+00,9.044880403496959875e-01,8.500000000000000611e-02,3.000000000000000000e+00,4.767840060099503025e+06
-4.702972882997037196e+00,2.230239015820230097e+00,1.401940603394182805e+00,9.106246854018182901e-01,8.500000000000000611e-02,3.000000000000000000e+00,4.767840060099503025e+06
-4.839149189532690798e+00,1.802197754601621016e+00,1.023217242471115007e+00,7.662751253688854236e-01,8.500000000000000611e-02,3.000000000000000000e+00,4.767840060099503025e+06
-4.903468608274909712e+00,2.332626092301808729e+00,1.425666031733992423e+00,5.372266304518608093e-01,8.500000000000000611e-02,3.000000000000000000e+00,4.767840060099503025e+06
-4.747089043841047129e+00,2.731626693476778556e+00,1.587768069255275805e+00,5.058785976426340980e-01,8.500000000000000611e-02,3.000000000000000000e+00,4.767840060099503025e+06
-5.049555752532476127e+00,2.815579956487593183e+00,1.967979577114352896e+00,4.469639092891815602e-01,8.500000000000000611e-02,3.000000000000000000e+00,4.767840060099503025e+06
-5.289063777270105682e+00,2.221219506306325808e+00,1.693778543594278263e+00,4.700524073395897506e-01,8.500000000000000611e-02,3.000000000000000000e+00,4.767840060099503025e+06
-5.181618409895498267e+00,2.998813527822037805e+00,2.461560264506717388e+00,6.480413799338380354e-01,8.500000000000000611e-02,3.000000000000000000e+00,4.767840060099503025e+06
-4.955885465539032531e+00,2.840530302939787255e+00,2.154880356780460637e+00,7.570694790241578875e-01,8.500000000000000611e-02,3.000000000000000000e+00,4.767840060099503025e+06
-5.484213560366826279e+00,2.435047756340218417e+00,2.451420866045076696e+00,9.350597253451004010e-01,8.500000000000000611e-02,3.000000000000000000e+00,4.767840060099503025e+06
-5.420382362657866437e+00,2.272299383344760226e+00,2.149762843704170479e+00,8.349140278201119258e-01,8.500000000000000611e-02,3.000000000000000000e+00,4.767840060099503025e+06
-5.241471932455121774e+00,2.695148039072341462e+00,2.257906452840062528e+00,7.128520303545460290e-01,8.500000000000000611e-02,3.000000000000000000e+00,4.767840060099503025e+06
-5.496222044302932375e+00,2.335861988884801121e+00,2.120764551959854138e+00,6.661662006732746999e-01,8.500000000000000611e-02,3.000000000000000000e+00,4.767840060099503025e+06
-6.040076839001042863e+00,2.310880529550041640e+00,3.013832495323626404e+00,1.076149916704344678e+00,8.500000000000000611e-02,3.000000000000000000e+00,4.767840060099503025e+06
-5.616646799283998348e+00,2.322108085203951067e+00,2.096035216815693936e+00,5.033255613255991356e-01,8.500000000000000611e-02,3.000000000000000000e+00,4.767840060099503025e+06
-5.524279152446468721e+00,2.060823493603145984e+00,1.752376813492330099e+00,4.398142816812715683e-01,8.500000000000000611e-02,3.000000000000000000e+00,4.767840060099503025e+06
-5.271837772121147125e+00,1.966659922090506996e+00,1.513311085738298090e+00,6.513815971942962246e-01,8.500000000000000611e-02,3.000000000000000000e+00,4.767840060099503025e+06
-5.514679512549772511e+00,1.638339290038165474e+00,1.235232956310936325e+00,3.324986748639310874e-01,8.500000000000000611e-02,3.000000000000000000e+00,4.767840060099503025e+06
-5.475549108959202549e+00,1.704086368804759610e+00,1.243877891809529457e+00,2.947923924706924437e-01,8.500000000000000611e-02,3.000000000000000000e+00,4.767840060099503025e+06
-5.456839426272485305e+00,2.001155146552936692e+00,1.542036085849090021e+00,3.388758985881498154e-01,8.500000000000000611e-02,3.000000000000000000e+00,4.767840060099503025e+06
-5.664466856879247558e+00,2.057083725466434920e+00,1.764541280184075633e+00,2.756495257335069282e-01,8.500000000000000611e-02,3.000000000000000000e+00,4.767840060099503025e+06
-5.875587649006247304e+00,1.833576530527548654e+00,1.882022157489068759e+00,4.494072620149214270e-01,8.500000000000000611e-02,3.000000000000000000e+00,4.767840060099503025e+06
-6.206040905342910641e+00,2.137358288703916198e+00,2.838035507720349404e+00,8.837859118414828075e-01,8.500000000000000611e-02,3.000000000000000000e+00,4.767840060099503025e+06
-5.974608680252807780e+00,1.681193734488434011e+00,2.048068279594999375e+00,7.462099683839497066e-01,8.500000000000000611e-02,3.000000000000000000e+00,4.767840060099503025e+06
-6.104165794743703799e+00,1.842218263782762211e+00,2.361056554649691552e+00,7.815212886988645025e-01,8.500000000000000611e-02,3.000000000000000000e+00,4.767840060099503025e+06
-5.940777184950968071e+00,2.924225586528677923e+00,3.316858515774611327e+00,8.233323940671678498e-01,8.500000000000000611e-02,3.000000000000000000e+00,4.767840060099503025e+06
-5.760305193082760233e+00,2.321944099742628609e+00,2.138224610281161731e+00,2.598247292430495570e-01,8.500000000000000611e-02,3.000000000000000000e+00,4.767840060099503025e+06
-5.539724483491617946e+00,2.665048587102796684e+00,2.364637304401768780e+00,4.184326862526430713e-01,8.500000000000000611e-02,3.000000000000000000e+00,4.767840060099503025e+06
-5.502933046659065575e+00,2.716266416251875704e+00,2.197039125826579120e+00,1.472260700604884343e-01,8.500000000000000611e-02,3.000000000000000000e+00,4.767840060099503025e+06
-6.378504107277708002e+00,2.538272168516718885e+00,3.230905274035754005e+00,6.406182448256743101e-01,8.500000000000000611e-02,3.000000000000000000e+00,4.767840060099503025e+06
-6.289873393285305703e+00,2.356809138295997030e+00,2.878447069095717126e+00,5.137465755326536820e-01,8.500000000000000611e-02,3.000000000000000000e+00,4.767840060099503025e+06
-6.420087435385442021e+00,2.429866514993886284e+00,3.209241726141240925e+00,6.689491827865327034e-01,8.500000000000000611e-02,3.000000000000000000e+00,4.767840060099503025e+06
-6.086138502073800360e+00,2.216093952719063509e+00,2.671864166966673615e+00,6.701650116215822628e-01,8.500000000000000611e-02,3.000000000000000000e+00,4.767840060099503025e+06
-6.144745631764638283e+00,2.442543834792314517e+00,2.934860534641331675e+00,6.574186500504671793e-01,8.500000000000000611e-02,3.000000000000000000e+00,4.767840060099503025e+06
-6.511692422781347744e+00,2.433505644800066925e+00,3.359995190152365918e+00,7.065114575605996317e-01,8.500000000000000611e-02,3.000000000000000000e+00,4.767840060099503025e+06
-5.982904271561714005e+00,1.993990710703489322e+00,2.294477332321116059e+00,5.842885842712015609e-01,8.500000000000000611e-02,3.000000000000000000e+00,4.767840060099503025e+06
-6.238639863893872040e+00,1.631771169327619120e+00,2.112381390403026415e+00,4.890335758794900900e-01,8.500000000000000611e-02,3.000000000000000000e+00,4.767840060099503025e+06
-6.272826437963320956e+00,1.519994643295353054e+00,2.112554237594643336e+00,6.086099541837464155e-01,8.500000000000000611e-02,3.000000000000000000e+00,4.767840060099503025e+06
-5.786007098679546878e+00,2.129165423881961505e+00,2.327338547927064294e+00,7.748194401669949993e-01,8.500000000000000611e-02,3.000000000000000000e+00,4.767840060099503025e+06
-5.976115974981857093e+00,1.607910622921111088e+00,1.892243817685826279e+00,6.423577429949094419e-01,8.500000000000000611e-02,3.000000000000000000e+00,4.767840060099503025e+06
-6.060199108939126056e+00,1.633854152763841272e+00,1.980577584590620610e+00,5.960627799865410026e-01,8.500000000000000611e-02,3.000000000000000000e+00,4.767840060099503025e+06
-6.106092401305108552e+00,1.907643004530690911e+00,2.267445104693605717e+00,5.704727604325602330e-01,8.500000000000000611e-02,3.000000000000000000e+00,4.767840060099503025e+06
-6.022789868577719474e+00,1.624826657241156713e+00,2.246871832796189850e+00,9.879672994521291329e-01,8.500000000000000611e-02,3.000000000000000000e+00,4.767840060099503025e+06
-5.964907899263657498e+00,1.015536488845896645e+00,1.395663920704560690e+00,7.394727603446727970e-01,8.500000000000000611e-02,3.000000000000000000e+00,4.767840060099503025e+06
-6.055066222132142961e+00,8.794004346741551847e-01,1.480041941023160668e+00,8.608823171653263717e-01,8.500000000000000611e-02,3.000000000000000000e+00,4.767840060099503025e+06
-6.082602348747681908e+00,1.079874649497096106e+00,1.701611454226752640e+00,8.323062438090057524e-01,8.500000000000000611e-02,3.000000000000000000e+00,4.767840060099503025e+06
-6.256094444924264586e+00,1.038688713891234849e+00,2.150377484610644263e+00,1.194312794412236922e+00,8.500000000000000611e-02,3.000000000000000000e+00,4.767840060099503025e+06
-5.925952657875694918e+00,1.146323824520176116e+00,2.178819706505117360e+00,1.510435397452944750e+00,8.500000000000000611e-02,3.000000000000000000e+00,4.767840060099503025e+06
-5.971589198947492960e+00,1.283771000098733683e+00,2.389357919629778060e+00,1.535989376441647458e+00,8.500000000000000611e-02,3.000000000000000000e+00,4.767840060099503025e+06
-5.770000938934558121e+00,1.113497808504683606e+00,1.993879453211403474e+00,1.505158125336047981e+00,8.500000000000000611e-02,3.000000000000000000e+00,4.767840060099503025e+06
-6.005376393249998834e+00,9.586616131118728124e-01,2.094056667963566820e+00,1.492154311258305110e+00,8.500000000000000611e-02,3.000000000000000000e+00,4.767840060099503025e+06
-6.005376393249998834e+00,9.586616131118728124e-01,2.094056667963566820e+00,1.492154311258305110e+00,8.500000000000000611e-02,3.000000000000000000e+00,4.767840060099503025e+06
-5.823410900857575179e+00,1.235212324007369356e+00,2.167244342534636381e+00,1.483678418359309026e+00,8.500000000000000611e-02,3.000000000000000000e+00,4.767840060099503025e+06
-5.502613999766345465e+00,1.402447000792524934e+00,1.847440812378259967e+00,1.344428216130590936e+00,8.500000000000000611e-02,3.000000000000000000e+00,4.767840060099503025e+06
-5.413895493664915293e+00,1.405416336142019773e+00,2.113361142229728706e+00,1.742587597157978507e+00,8.500000000000000611e-02,3.000000000000000000e+00,4.767840060099503025e+06
-5.775423298971974262e+00,1.288785806991224581e+00,1.852992651326342166e+00,1.152680053995066345e+00,8.500000000000000611e-02,3.000000000000000000e+00,4.767840060099503025e+06
-5.876324018914486302e+00,8.553637551450439247e-01,1.738513505057589947e+00,1.370961312505106999e+00,8.500000000000000611e-02,3.000000000000000000e+00,4.767840060099503025e+06
-6.009033779172019862e+00,1.302520174250847873e+00,2.251807979504363288e+00,1.311953374907666170e+00,8.500000000000000611e-02,3.000000000000000000e+00,4.767840060099503025e+06
-6.299287273022103228e+00,1.319455156848724053e+00,2.491327907425983312e+00,1.232840650438646879e+00,8.500000000000000611e-02,3.000000000000000000e+00,4.767840060099503025e+06
-6.416831681972190005e+00,9.878708273643925786e-01,2.464360432864402206e+00,1.430871965697075643e+00,8.500000000000000611e-02,3.000000000000000000e+00,4.767840060099503025e+06
-6.449393558790188941e+00,1.134045496123851304e+00,2.506463447731763772e+00,1.296510246463556282e+00,8.500000000000000611e-02,3.000000000000000000e+00,4.767840060099503025e+06
-6.567428145202842238e+00,1.392970226350278562e+00,2.586328134121589795e+00,9.612940014535962252e-01,8.500000000000000611e-02,3.000000000000000000e+00,4.767840060099503025e+06
-6.605695955394083718e+00,1.481562317786655480e+00,2.601558999060754829e+00,8.442055420638945318e-01,8.500000000000000611e-02,3.000000000000000000e+00,4.767840060099503025e+06
-6.310536079750718841e+00,1.274215155176849246e+00,1.904474703383497003e+00,5.590787456031791613e-01,8.500000000000000611e-02,3.000000000000000000e+00,4.767840060099503025e+06
-5.852182501477142473e+00,1.519691916796716002e+00,1.447665255319790845e+00,2.923068512623461790e-01,8.500000000000000611e-02,3.000000000000000000e+00,4.767840060099503025e+06
-5.995623806489572161e+00,1.607703493849090615e+00,1.805992268019066538e+00,4.769963922077578022e-01,8.500000000000000611e-02,3.000000000000000000e+00,4.767840060099503025e+06
-6.085420232283220265e+00,1.551443562526861442e+00,1.949376115093317541e+00,6.137638549534439880e-01,8.500000000000000611e-02,3.000000000000000000e+00,4.767840060099503025e+06
-6.226815517179839610e+00,1.552027999222040933e+00,2.120405158357722364e+00,6.469408887638694594e-01,8.500000000000000611e-02,3.000000000000000000e+00,4.767840060099503025e+06
-6.343262625902394980e+00,1.633631760571911062e+00,2.359976490722787812e+00,6.826076743298210570e-01,8.500000000000000611e-02,3.000000000000000000e+00,4.767840060099503025e+06
-5.786062160185513115e+00,1.047989466206250775e+00,1.157916767659674662e+00,5.995449793959751750e-01,8.500000000000000611e-02,3.000000000000000000e+00,4.767840060099503025e+06
-6.073512330732431685e+00,8.792202902417749488e-01,1.353022917197862718e+00,6.757838739381214488e-01,8.500000000000000611e-02,3.000000000000000000e+00,4.767840060099503025e+06
-5.607505449951210252e+00,9.344532490037309458e-01,1.015657240069620215e+00,8.139844994429672465e-01,8.500000000000000611e-02,3.000000000000000000e+00,4.767840060099503025e+06
-5.726262331245983717e+00,7.175910085739221067e-01,9.185520002350061608e-01,7.861200103541589046e-01,8.500000000000000611e-02,3.000000000000000000e+00,4.767840060099503025e+06
-6.075301459923262648e+00,1.258220638099071254e+00,2.090329713399658118e+00,1.127829085107994622e+00,8.500000000000000611e-02,3.000000000000000000e+00,4.767840060099503025e+06
-6.545405686246036581e+00,1.139890080612557366e+00,2.651156256104933995e+00,1.325124963068709416e+00,8.500000000000000611e-02,3.000000000000000000e+00,4.767840060099503025e+06
-6.573231851327094866e+00,1.394449071721231448e+00,3.099165370399060926e+00,1.520329731415155816e+00,8.500000000000000611e-02,3.000000000000000000e+00,4.767840060099503025e+06
-6.507880906401301679e+00,1.586776791669825659e+00,3.122280663733294048e+00,1.420612986299405689e+00,8.500000000000000611e-02,3.000000000000000000e+00,4.767840060099503025e+06
-5.094179007971521678e+00,1.658634240699065732e+00,9.440238858290012081e-01,5.320040779287771304e-01,8.500000000000000611e-02,3.000000000000000000e+00,4.767840060099503025e+06
-5.054989568416059065e+00,1.748791439852711349e+00,1.052479570056908287e+00,6.281718219530652014e-01,8.500000000000000611e-02,3.000000000000000000e+00,4.767840060099503025e+06
-4.835077098667480477e+00,2.492079030909938098e+00,1.659089958720807445e+00,7.589815699473636545e-01,8.500000000000000611e-02,3.000000000000000000e+00,4.767840060099503025e+06
-5.409042269115348134e+00,2.512533850330155971e+00,2.172382610256093471e+00,5.847970411153049497e-01,8.500000000000000611e-02,3.000000000000000000e+00,4.767840060099503025e+06
-6.350807117362464282e+00,2.985241111373559075e+00,3.899005009538101696e+00,9.739801196102395586e-01,8.500000000000000611e-02,3.000000000000000000e+00,4.767840060099503025e+06
-6.199580354177525621e+00,2.439858963917464152e+00,2.983276727080419910e+00,6.895823798891569378e-01,8.500000000000000611e-02,3.000000000000000000e+00,4.767840060099503025e+06
-6.163200193866915200e+00,2.015011494495774436e+00,2.593192655946363612e+00,7.498096729113574721e-01,8.500000000000000611e-02,3.000000000000000000e+00,4.767840060099503025e+06
-5.544204262036954489e+00,1.957113110579501658e+00,1.611483228461334072e+00,3.851524179724698516e-01,8.500000000000000611e-02,3.000000000000000000e+00,4.767840060099503025e+06
-4.761873221577486603e+00,1.892722518931921893e+00,9.269840264601270086e-01,6.091539848528293444e-01,8.500000000000000611e-02,3.000000000000000000e+00,4.767840060099503025e+06
-5.268568468459530862e+00,2.448853782415736369e+00,1.709031089261745073e+00,2.383739598842676832e-01,8.500000000000000611e-02,3.000000000000000000e+00,4.767840060099503025e+06
-5.232920210397288052e+00,2.635603277179053627e+00,1.833954442475513424e+00,2.106356730191253912e-01,8.500000000000000611e-02,3.000000000000000000e+00,4.767840060099503025e+06
-5.312854623177793556e+00,1.961256674680113221e+00,1.316540371301658130e+00,2.750705170338171857e-01,8.500000000000000611e-02,3.000000000000000000e+00,4.767840060099503025e+06
-5.022934345331178996e+00,2.604667425921749047e+00,1.672536053347325691e+00,3.096800691874167510e-01,8.500000000000000611e-02,3.000000000000000000e+00,4.767840060099503025e+06
-4.952446554109131149e+00,2.829600249390261446e+00,1.798892113058661479e+00,2.783820953896412598e-01,8.500000000000000611e-02,3.000000000000000000e+00,4.767840060099503025e+06
-5.055727915651281101e+00,2.606072328247815317e+00,1.768453018337379667e+00,4.122081563576502350e-01,8.500000000000000611e-02,3.000000000000000000e+00,4.767840060099503025e+06
-4.941332171132109430e+00,2.709379867079364068e+00,1.656186560126730933e+00,2.657119113826261203e-01,8.500000000000000611e-02,3.000000000000000000e+00,4.767840060099503025e+06
-5.558853824906461405e+00,2.649431285520631008e+00,2.374155081392523403e+00,4.481126846944423203e-01,8.500000000000000611e-02,3.000000000000000000e+00,4.767840060099503025e+06
-5.937586842937084164e+00,2.582064324147709478e+00,2.579916044769843264e+00,2.617401518589773102e-01,8.500000000000000611e-02,3.000000000000000000e+00,4.767840060099503025e+06
-5.838639169285431585e+00,2.279802604681633760e+00,2.243430950401003265e+00,3.635790164120611401e-01,8.500000000000000611e-02,3.000000000000000000e+00,4.767840060099503025e+06
-5.971624075117572872e+00,2.176333891559345535e+00,2.306719162234815546e+00,4.019375683054386972e-01,8.500000000000000611e-02,3.000000000000000000e+00,4.767840060099503025e+06
-5.903475043867073779e+00,1.610690898794308712e+00,1.632583580401552492e+00,3.110206390713111668e-01,8.500000000000000611e-02,3.000000000000000000e+00,4.767840060099503025e+06
-5.913988892635583916e+00,1.643805721651240725e+00,1.675605308155798667e+00,3.184324768265053285e-01,8.500000000000000611e-02,3.000000000000000000e+00,4.767840060099503025e+06
-6.190956506992487007e+00,1.534346084379737629e+00,1.900947112875965850e+00,4.072028914812855227e-01,8.500000000000000611e-02,3.000000000000000000e+00,4.767840060099503025e+06
-6.182139165063574637e+00,1.331689870185023938e+00,1.678400083645841256e+00,3.676050259021362843e-01,8.500000000000000611e-02,3.000000000000000000e+00,4.767840060099503025e+06
-5.661268671153276699e+00,1.283647772768416351e+00,1.170212816981118564e+00,5.046382781887356339e-01,8.500000000000000611e-02,3.000000000000000000e+00,4.767840060099503025e+06
-6.720871542268516130e+00,2.355895059416457826e+00,3.412958142316576016e+00,6.447469410453796623e-01,8.500000000000000611e-02,3.000000000000000000e+00,4.767840060099503025e+06
-6.669553112121366922e+00,2.287190964388934322e+00,3.219801378086927013e+00,5.017591706912788441e-01,8.500000000000000611e-02,3.000000000000000000e+00,4.767840060099503025e+06
-5.815181435453763648e+00,2.607476362163932304e+00,2.661700339076017663e+00,5.859930257270551390e-01,8.500000000000000611e-02,3.000000000000000000e+00,4.767840060099503025e+06
-6.257832971470095984e+00,1.551661206092088907e+00,2.259206495332783060e+00,7.337538786541705216e-01,8.500000000000000611e-02,3.000000000000000000e+00,4.767840060099503025e+06
-5.947395672098127584e+00,1.518369542844268061e+00,1.547520830135052261e+00,2.676073050714403712e-01,8.500000000000000611e-02,3.000000000000000000e+00,4.767840060099503025e+06
-5.585951288386931779e+00,1.338967399099967981e+00,1.037026360722882234e+00,3.402061210999359209e-01,8.500000000000000611e-02,3.000000000000000000e+00,4.767840060099503025e+06
-5.734059991806735646e+00,1.028248466233965708e+00,8.925168911458762899e-01,3.212498568260219733e-01,8.500000000000000611e-02,3.000000000000000000e+00,4.767840060099503025e+06
-5.717883418584120747e+00,1.124173884188353956e+00,9.676426435253442371e-01,3.212807102917766278e-01,8.500000000000000611e-02,3.000000000000000000e+00,4.767840060099503025e+06
-5.879017366241885867e+00,1.436582864419297056e+00,1.454238326864831787e+00,3.284006057499126996e-01,8.500000000000000611e-02,3.000000000000000000e+00,4.767840060099503025e+06
-5.766496586654691114e+00,1.590260023952755564e+00,1.454689754774117105e+00,2.624619174945854727e-01,8.500000000000000611e-02,3.000000000000000000e+00,4.767840060099503025e+06
-5.782922420376922723e+00,1.725903121704326582e+00,1.646246345784970977e+00,3.141471540776297200e-01,8.500000000000000611e-02,3.000000000000000000e+00,4.767840060099503025e+06
-5.782705753679928229e+00,1.725801520879246542e+00,1.646056573822903601e+00,3.144453825568366279e-01,8.500000000000000611e-02,3.000000000000000000e+00,4.767840060099503025e+06
-5.631095447854136182e+00,1.567370450643256641e+00,1.298460806232111020e+00,2.846126763519611358e-01,8.500000000000000611e-02,3.000000000000000000e+00,4.767840060099503025e+06
-5.677230580346385835e+00,1.673205963151009223e+00,1.417205937255611836e+00,2.192494410579821085e-01,8.500000000000000611e-02,3.000000000000000000e+00,4.767840060099503025e+06
-5.648771654319842739e+00,1.470869841151676960e+00,1.145063135717718561e+00,1.411215552030931630e-01,8.500000000000000611e-02,3.000000000000000000e+00,4.767840060099503025e+06
-5.929846944925142971e+00,1.375175713046201453e+00,1.456417153357845828e+00,3.118537625911668165e-01,8.500000000000000611e-02,3.000000000000000000e+00,4.767840060099503025e+06
-6.495972763974692477e+00,9.755998436233794813e-01,1.766004120043605186e+00,5.187097236588829041e-01,8.500000000000000611e-02,3.000000000000000000e+00,4.767840060099503025e+06
-6.229318341067096476e+00,8.313378934000458242e-01,1.501046642057111136e+00,6.953952222638212222e-01,8.500000000000000611e-02,3.000000000000000000e+00,4.767840060099503025e+06
-6.050954486206082450e+00,8.673561603497210726e-01,1.501447726100527236e+00,8.740574121782864747e-01,8.500000000000000611e-02,3.000000000000000000e+00,4.767840060099503025e+06
-6.215847873595976125e+00,9.763401583287731889e-01,1.965786098000910975e+00,1.071796952360395183e+00,8.500000000000000611e-02,3.000000000000000000e+00,4.767840060099503025e+06
-6.029883194574781058e+00,9.517088151531738482e-01,1.868879616092130380e+00,1.198754565844768250e+00,8.500000000000000611e-02,3.000000000000000000e+00,4.767840060099503025e+06
-5.923492227587613179e+00,8.662965040948580331e-01,1.230555632185090564e+00,7.012456573057546105e-01,8.500000000000000611e-02,3.000000000000000000e+00,4.767840060099503025e+06
-6.246267831167907403e+00,5.517131378068401704e-01,1.274373961675937084e+00,6.676988425240903968e-01,8.500000000000000611e-02,3.000000000000000000e+00,4.767840060099503025e+06
-6.010733301156925279e+00,1.004497107114697974e+00,1.493326249200960465e+00,7.246851732576115035e-01,8.500000000000000611e-02,3.000000000000000000e+00,4.767840060099503025e+06
-6.172518760096630253e+00,1.153498996025915435e+00,1.715177372549473001e+00,6.752263120923303052e-01,8.500000000000000611e-02,3.000000000000000000e+00,4.767840060099503025e+06
-6.031439547425880399e+00,8.741352937815887181e-01,1.213466452342589097e+00,5.726510266095331536e-01,8.500000000000000611e-02,3.000000000000000000e+00,4.767840060099503025e+06
-5.835987602864389778e+00,1.182324373585342370e+00,1.350678907981497368e+00,6.401474525729873299e-01,8.500000000000000611e-02,3.000000000000000000e+00,4.767840060099503025e+06
-5.649880183433451108e+00,9.466723935304552917e-01,8.172874444025293172e-01,5.242246457885878508e-01,8.500000000000000611e-02,3.000000000000000000e+00,4.767840060099503025e+06
-5.594104144831970160e+00,2.012773734679341953e+00,1.796092694292634073e+00,4.962910846307825308e-01,8.500000000000000611e-02,3.000000000000000000e+00,4.767840060099503025e+06
-5.401788036682010130e+00,1.986409515708228657e+00,1.484037205482902522e+00,3.573363305612574647e-01,8.500000000000000611e-02,3.000000000000000000e+00,4.767840060099503025e+06
-5.591961023389593777e+00,1.895120717154658241e+00,1.650961757137507480e+00,4.140548903397027747e-01,8.500000000000000611e-02,3.000000000000000000e+00,4.767840060099503025e+06
-5.688635873541629806e+00,1.360906805163552669e+00,1.496387530375709707e+00,8.621433395896157537e-01,8.500000000000000611e-02,3.000000000000000000e+00,4.767840060099503025e+06
-5.742825386786901021e+00,1.189626724088051146e+00,1.368615933893171599e+00,7.927026921738064003e-01,8.500000000000000611e-02,3.000000000000000000e+00,4.767840060099503025e+06
-5.381802910919609495e+00,1.891163417135704350e+00,1.556589141580290381e+00,6.245384017219680617e-01,8.500000000000000611e-02,3.000000000000000000e+00,4.767840060099503025e+06
-5.344073594118079917e+00,2.220048549012133776e+00,1.822915577251721819e+00,6.133007981175231382e-01,8.500000000000000611e-02,3.000000000000000000e+00,4.767840060099503025e+06
-5.638374376002770028e+00,2.887482166688690288e+00,2.818657434034633980e+00,6.286051772050532671e-01,8.500000000000000611e-02,3.000000000000000000e+00,4.767840060099503025e+06
-5.595364838279651032e+00,2.911099174107305565e+00,2.768744234483718980e+00,5.922402821338281775e-01,8.500000000000000611e-02,3.000000000000000000e+00,4.767840060099503025e+06
-5.280074344660341090e+00,2.884703303013082198e+00,2.330342601620931653e+00,5.084293689175739539e-01,8.500000000000000611e-02,3.000000000000000000e+00,4.767840060099503025e+06
-5.200945934156033346e+00,2.616491244796068205e+00,1.987589460889904514e+00,5.109270990073742080e-01,8.500000000000000611e-02,3.000000000000000000e+00,4.767840060099503025e+06
-5.556142563045981753e+00,2.244959766197093032e+00,1.946946314601645689e+00,4.712915447955411397e-01,8.500000000000000611e-02,3.000000000000000000e+00,4.767840060099503025e+06
-5.966786665585246396e+00,2.365956157734870224e+00,2.599190686895924252e+00,5.889860935579636081e-01,8.500000000000000611e-02,3.000000000000000000e+00,4.767840060099503025e+06
-6.493239632518756466e+00,2.040697378511215021e+00,2.886516846264040037e+00,6.686514081235271911e-01,8.500000000000000611e-02,3.000000000000000000e+00,4.767840060099503025e+06
-5.816449236211708396e+00,2.282450140993413701e+00,2.424851532410917443e+00,6.981123600806670160e-01,8.500000000000000611e-02,3.000000000000000000e+00,4.767840060099503025e+06
-5.895370140142088822e+00,2.230130151676284811e+00,2.651795586705405050e+00,9.168821472867982880e-01,8.500000000000000611e-02,3.000000000000000000e+00,4.767840060099503025e+06
-5.775809179129132609e+00,1.207930194789038181e+00,1.564817569007055154e+00,9.842814949482681097e-01,8.500000000000000611e-02,3.000000000000000000e+00,4.767840060099503025e+06
-5.582241012890235332e+00,1.212143672074843082e+00,1.432202165517997505e+00,1.024821702388705624e+00,8.500000000000000611e-02,3.000000000000000000e+00,4.767840060099503025e+06
-5.848558106636704501e+00,1.485807991205824186e+00,1.674215560066987019e+00,6.960791926682612374e-01,8.500000000000000611e-02,3.000000000000000000e+00,4.767840060099503025e+06
-5.729704158403995606e+00,1.060048225803999600e+00,1.286314967671306819e+00,8.549349516702415830e-01,8.500000000000000611e-02,3.000000000000000000e+00,4.767840060099503025e+06
-5.297898804510812631e+00,9.140934234777164935e-01,6.968258936876061682e-01,8.474075081481089455e-01,8.500000000000000611e-02,3.000000000000000000e+00,4.767840060099503025e+06
-5.087051324926754603e+00,1.200082256645022216e+00,5.934206120140077534e-01,6.410514532568294399e-01,8.500000000000000611e-02,3.000000000000000000e+00,4.767840060099503025e+06
-5.070422908730263245e+00,1.379431435077895340e+00,6.881309449886221508e-01,5.719304568265077826e-01,8.500000000000000611e-02,3.000000000000000000e+00,4.767840060099503025e+06
-5.413633895520466588e+00,8.877420420338995033e-01,4.387541914907124307e-01,3.751762321271454037e-01,8.500000000000000611e-02,3.000000000000000000e+00,4.767840060099503025e+06
-5.699178191660081438e+00,1.142188178582575153e+00,1.267192258080787726e+00,7.468699307433851464e-01,8.500000000000000611e-02,3.000000000000000000e+00,4.767840060099503025e+06
-5.330926328047123519e+00,8.951612319683948105e-01,4.189404228182518342e-01,5.231588661827020204e-01,8.500000000000000611e-02,3.000000000000000000e+00,4.767840060099503025e+06
-5.528128689974314725e+00,1.119868965742828237e+00,8.852392780840681041e-01,5.644591404804760737e-01,8.500000000000000611e-02,3.000000000000000000e+00,4.767840060099503025e+06
-5.626372142655130304e+00,1.286782809135686545e+00,1.025040933251117892e+00,3.433810981806593166e-01,8.500000000000000611e-02,3.000000000000000000e+00,4.767840060099503025e+06
-5.413998145739980394e+00,1.199236081376465535e+00,7.628746201734748489e-01,4.082725119612205522e-01,8.500000000000000611e-02,3.000000000000000000e+00,4.767840060099503025e+06
-5.386962005321468183e+00,1.194899018556170978e+00,6.884010681605614579e-01,3.531335571128889628e-01,8.500000000000000611e-02,3.000000000000000000e+00,4.767840060099503025e+06
-5.284018696453884445e+00,7.724112696453768745e-01,1.913900813671176593e-01,3.887140826380303671e-01,8.500000000000000611e-02,3.000000000000000000e+00,4.767840060099503025e+06
-5.691131040722766876e+00,1.367956521038805162e+00,1.309776484659139539e+00,5.574013114804911018e-01,8.500000000000000611e-02,3.000000000000000000e+00,4.767840060099503025e+06
-5.510502767075182717e+00,1.198503149045745841e+00,8.482257966741417743e-01,4.168363514678045112e-01,8.500000000000000611e-02,3.000000000000000000e+00,4.767840060099503025e+06
-5.708990763834879800e+00,1.701395952228389463e+00,1.805731426179725707e+00,7.332407209712896723e-01,8.500000000000000611e-02,3.000000000000000000e+00,4.767840060099503025e+06
-5.483298072007516843e+00,1.926926342733900510e+00,1.944225349902915179e+00,9.629901340517851294e-01,8.500000000000000611e-02,3.000000000000000000e+00,4.767840060099503025e+06
-5.823883629602281786e+00,2.265367465219381593e+00,2.826366111937821834e+00,1.162901786690441197e+00,8.500000000000000611e-02,3.000000000000000000e+00,4.767840060099503025e+06
-6.090460629304693008e+00,2.493440899304300018e+00,3.408227658865823351e+00,1.250115120961677651e+00,8.500000000000000611e-02,3.000000000000000000e+00,4.767840060099503025e+06
-5.277761562791638106e+00,2.615299251128086144e+00,1.921548650968254002e+00,2.532553497797683795e-01,8.500000000000000611e-02,3.000000000000000000e+00,4.767840060099503025e+06
-5.283417818016607370e+00,2.485536279513295810e+00,1.827046725271102456e+00,2.822471908475481794e-01,8.500000000000000611e-02,3.000000000000000000e+00,4.767840060099503025e+06
-5.575033027164408850e+00,2.084582311757384510e+00,1.667391198012238007e+00,1.850485427822848861e-01,8.500000000000000611e-02,3.000000000000000000e+00,4.767840060099503025e+06
-5.798728132442167116e+00,1.955148493496887685e+00,1.758437077914814850e+00,1.464437665531465593e-01,8.500000000000000611e-02,3.000000000000000000e+00,4.767840060099503025e+06
-5.460603081345366761e+00,1.918138068451441081e+00,1.476981606757993504e+00,3.275789673166336069e-01,8.500000000000000611e-02,3.000000000000000000e+00,4.767840060099503025e+06
-4.870900501777464697e+00,1.769059542702244858e+00,6.080322318834531226e-01,1.612697774706168263e-01,8.500000000000000611e-02,3.000000000000000000e+00,4.767840060099503025e+06
-5.130230985334071292e+00,1.780983155379758154e+00,1.046725945352083409e+00,4.203806139722573443e-01,8.500000000000000611e-02,3.000000000000000000e+00,4.767840060099503025e+06
-5.499425913838315694e+00,2.589816438568321555e+00,2.295709715673706075e+00,6.025282488622472066e-01,8.500000000000000611e-02,3.000000000000000000e+00,4.767840060099503025e+06
-5.067598002033419924e+00,2.667171317871286362e+00,1.961502457047075154e+00,6.260572967105370035e-01,8.500000000000000611e-02,3.000000000000000000e+00,4.767840060099503025e+06
-5.073672661208394885e+00,2.527068848147604019e+00,1.835855712205221701e+00,6.183569933693158216e-01,8.500000000000000611e-02,3.000000000000000000e+00,4.767840060099503025e+06
-5.135964555518772734e+00,2.720934863125274550e+00,2.063835439175402797e+00,5.479270810437618655e-01,8.500000000000000611e-02,3.000000000000000000e+00,4.767840060099503025e+06
-5.133358034814521353e+00,2.573942929427794013e+00,1.890205180623331982e+00,5.020423491982671793e-01,8.500000000000000611e-02,3.000000000000000000e+00,4.767840060099503025e+06
-5.136582405382238647e+00,2.802760955771809392e+00,1.942845458670863446e+00,2.126649826606299976e-01,8.500000000000000611e-02,3.000000000000000000e+00,4.767840060099503025e+06
-5.174627763002535019e+00,2.907439193914752806e+00,2.103823708521158409e+00,2.358364451919520155e-01,8.500000000000000611e-02,3.000000000000000000e+00,4.767840060099503025e+06
-4.860973235657637836e+00,2.913190022453537864e+00,1.674253671693440193e+00,6.901171924203097774e-02,8.500000000000000611e-02,3.000000000000000000e+00,4.767840060099503025e+06
-5.405387478987039529e+00,2.555140531985203189e+00,1.958500617681425915e+00,1.731039116116389054e-01,8.500000000000000611e-02,3.000000000000000000e+00,4.767840060099503025e+06
-5.237975047841513465e+00,2.175302707865207630e+00,1.506563116894586773e+00,2.986840566205460901e-01,8.500000000000000611e-02,3.000000000000000000e+00,4.767840060099503025e+06
-5.193691880487666168e+00,2.494294111984599382e+00,1.759799114783008323e+00,3.048377347238883650e-01,8.500000000000000611e-02,3.000000000000000000e+00,4.767840060099503025e+06
-5.405067520517374824e+00,2.902345732052119320e+00,2.407478609822885751e+00,3.181191235328820754e-01,8.500000000000000611e-02,3.000000000000000000e+00,4.767840060099503025e+06
-5.295369604566005250e+00,2.999252304764008059e+00,2.321033934517603203e+00,1.990475689414302751e-01,8.500000000000000611e-02,3.000000000000000000e+00,4.767840060099503025e+06
-5.295369604566005250e+00,2.999252304764008059e+00,2.321033934517603203e+00,1.990475689414302751e-01,8.500000000000000611e-02,3.000000000000000000e+00,4.767840060099503025e+06
-5.269999306507996195e+00,2.980914899985904309e+00,2.322263223336794358e+00,2.794280553528652455e-01,8.500000000000000611e-02,3.000000000000000000e+00,4.767840060099503025e+06
-5.264701653390526204e+00,2.988424973353753344e+00,2.301196344208821021e+00,2.509714792881905243e-01,8.500000000000000611e-02,3.000000000000000000e+00,4.767840060099503025e+06
-5.306603730440516919e+00,2.555850697224078427e+00,1.957954779739475182e+00,3.464371784401748533e-01,8.500000000000000611e-02,3.000000000000000000e+00,4.767840060099503025e+06
-4.752061098810770545e+00,2.935669454954300317e+00,1.589313518067085207e+00,1.037049982787615621e-01,8.500000000000000611e-02,3.000000000000000000e+00,4.767840060099503025e+06
-4.605816773762790639e+00,2.751804049050649681e+00,1.391207600665111954e+00,3.698288066103402882e-01,8.500000000000000611e-02,3.000000000000000000e+00,4.767840060099503025e+06
-4.522905844745735315e+00,2.767613365183771101e+00,1.309563928693463719e+00,3.563578066307592218e-01,8.500000000000000611e-02,3.000000000000000000e+00,4.767840060099503025e+06
-4.841659781834054321e+00,2.346173554344903600e+00,1.151069078424721948e+00,1.570146302088044343e-01,8.500000000000000611e-02,3.000000000000000000e+00,4.767840060099503025e+06
-5.250364640350945855e+00,2.598991402773529913e+00,1.903883697146402820e+00,3.162127288575058426e-01,8.500000000000000611e-02,3.000000000000000000e+00,4.767840060099503025e+06
-5.178887603967127440e+00,2.634825343639807471e+00,1.963858628833485831e+00,5.154023744962040743e-01,8.500000000000000611e-02,3.000000000000000000e+00,4.767840060099503025e+06
-5.314273277561007092e+00,2.472664745361556005e+00,2.116871817820081603e+00,7.158701491779184689e-01,8.500000000000000611e-02,3.000000000000000000e+00,4.767840060099503025e+06
-5.451896744611113732e+00,1.976532308810159178e+00,1.998282460437080132e+00,9.388145855363241310e-01,8.500000000000000611e-02,3.000000000000000000e+00,4.767840060099503025e+06
-4.856671183861993590e+00,2.791216713116422721e+00,2.155491041433013955e+00,9.271147894568936287e-01,8.500000000000000611e-02,3.000000000000000000e+00,4.767840060099503025e+06
-5.193415258123412315e+00,2.541765387697340728e+00,2.384448455214387863e+00,1.094918860716399767e+00,8.500000000000000611e-02,3.000000000000000000e+00,4.767840060099503025e+06
-5.632005071882502989e+00,1.934332833945282992e+00,2.721965127100784976e+00,1.594684262509827644e+00,8.500000000000000611e-02,3.000000000000000000e+00,4.767840060099503025e+06
-6.024436343121059245e+00,2.187094534773017962e+00,3.332674388166240398e+00,1.545840298633644805e+00,8.500000000000000611e-02,3.000000000000000000e+00,4.767840060099503025e+06
-5.779101884793911736e+00,1.395247026403654278e+00,1.801197440035140040e+00,9.938967131505170860e-01,8.500000000000000611e-02,3.000000000000000000e+00,4.767840060099503025e+06
-5.919677954464920511e+00,1.199551989525296403e+00,2.013991065530871261e+00,1.304091605616764404e+00,8.500000000000000611e-02,3.000000000000000000e+00,4.767840060099503025e+06
-6.127134150270551416e+00,1.510089921532753010e+00,2.531599745366229559e+00,1.293073147725361416e+00,8.500000000000000611e-02,3.000000000000000000e+00,4.767840060099503025e+06
-6.091990696171323272e+00,1.245861658634286773e+00,2.221865977580455009e+00,1.255130348222844860e+00,8.500000000000000611e-02,3.000000000000000000e+00,4.767840060099503025e+06
-6.117206799686693230e+00,1.206530260019488932e+00,2.236987648201564038e+00,1.285603699407817935e+00,8.500000000000000611e-02,3.000000000000000000e+00,4.767840060099503025e+06
-5.271095975941808121e+00,1.239936885454211435e+00,8.646416094697779720e-01,6.923570216603239791e-01,8.500000000000000611e-02,3.000000000000000000e+00,4.767840060099503025e+06
-5.678266752175655796e+00,1.556592033104065464e+00,1.518164476037285660e+00,6.159476572773444625e-01,8.500000000000000611e-02,3.000000000000000000e+00,4.767840060099503025e+06
-5.864787731274044624e+00,1.358576694822553277e+00,1.630128975690227966e+00,7.537266193097461597e-01,8.500000000000000611e-02,3.000000000000000000e+00,4.767840060099503025e+06
-6.101853852253206867e+00,1.651127010033620390e+00,2.193773633389298094e+00,7.926445241482681370e-01,8.500000000000000611e-02,3.000000000000000000e+00,4.767840060099503025e+06
-5.497035800521187454e+00,8.971572228834712170e-01,6.651615850658747497e-01,6.104604245903620940e-01,8.500000000000000611e-02,3.000000000000000000e+00,4.767840060099503025e+06
-5.539730393731294278e+00,1.056379000794950285e+00,8.847421446543302093e-01,6.279893680779227161e-01,8.500000000000000611e-02,3.000000000000000000e+00,4.767840060099503025e+06
-5.924701689021102169e+00,1.337747993342623731e+00,1.534712142607308261e+00,5.930532874833618351e-01,8.500000000000000611e-02,3.000000000000000000e+00,4.767840060099503025e+06
-5.717512152306205131e+00,1.628364315677506280e+00,1.742927741935910158e+00,7.523317504762669916e-01,8.500000000000000611e-02,3.000000000000000000e+00,4.767840060099503025e+06
-5.774907599111455347e+00,1.733469312471158208e+00,1.955351931357803164e+00,8.120816909958983310e-01,8.500000000000000611e-02,3.000000000000000000e+00,4.767840060099503025e+06
-6.340308478919633117e+00,2.700337025747801878e+00,3.272433139055445750e+00,5.610586785462676751e-01,8.500000000000000611e-02,3.000000000000000000e+00,4.767840060099503025e+06
-6.134925715604611085e+00,2.308570479323257985e+00,2.923933647904608968e+00,8.165536544185887369e-01,8.500000000000000611e-02,3.000000000000000000e+00,4.767840060099503025e+06
-6.361073242416587448e+00,2.711576676859267288e+00,3.623177573643373783e+00,9.109364365366721117e-01,8.500000000000000611e-02,3.000000000000000000e+00,4.767840060099503025e+06
-6.502691731752176629e+00,2.812141165106096796e+00,3.649461507935222393e+00,6.872561861522576976e-01,8.500000000000000611e-02,3.000000000000000000e+00,4.767840060099503025e+06
-6.483053899280908361e+00,2.490560638817512107e+00,3.492092102972242706e+00,8.665846280366999999e-01,8.500000000000000611e-02,3.000000000000000000e+00,4.767840060099503025e+06
-6.463418139918561955e+00,2.432832228635993133e+00,3.380581751582201644e+00,8.153833689480789459e-01,8.500000000000000611e-02,3.000000000000000000e+00,4.767840060099503025e+06
-6.692689742304666289e+00,2.724273771864880178e+00,3.818867269290795008e+00,7.276093577713048655e-01,8.500000000000000611e-02,3.000000000000000000e+00,4.767840060099503025e+06
-6.274732352552997661e+00,1.843005611657207554e+00,2.424880997841115882e+00,6.077073897325735441e-01,8.500000000000000611e-02,3.000000000000000000e+00,4.767840060099503025e+06
-6.548567166761864122e+00,1.320080916881879673e+00,2.263263520795106398e+00,6.749445804825502382e-01,8.500000000000000611e-02,3.000000000000000000e+00,4.767840060099503025e+06
-6.202045153821276635e+00,9.331750410472796631e-01,1.521522323168409851e+00,6.432906768313310097e-01,8.500000000000000611e-02,3.000000000000000000e+00,4.767840060099503025e+06
-6.122271444269418161e+00,9.440408408806632012e-01,1.700955631751784880e+00,9.466955500020729497e-01,8.500000000000000611e-02,3.000000000000000000e+00,4.767840060099503025e+06
-6.144283266509039443e+00,9.989379774845983384e-01,1.793251452152625047e+00,9.670505297723902549e-01,8.500000000000000611e-02,3.000000000000000000e+00,4.767840060099503025e+06
-6.639897245858739083e+00,1.219190681048635039e+00,2.487337394284785841e+00,9.385443632384724566e-01,8.500000000000000611e-02,3.000000000000000000e+00,4.767840060099503025e+06
-6.617240687639007746e+00,1.126447547437531949e+00,2.482092669470394863e+00,1.053786992356540830e+00,8.500000000000000611e-02,3.000000000000000000e+00,4.767840060099503025e+06
-7.013454839386609407e+00,1.275670231947646061e+00,3.203375917592336197e+00,1.250126906672199834e+00,8.500000000000000611e-02,3.000000000000000000e+00,4.767840060099503025e+06
-6.485713249589596607e+00,1.595748829657611223e+00,3.001915496695285235e+00,1.307589311697788581e+00,8.500000000000000611e-02,3.000000000000000000e+00,4.767840060099503025e+06
-6.283644433900968274e+00,1.632660747382003175e+00,2.785658508356879448e+00,1.257983650396004016e+00,8.500000000000000611e-02,3.000000000000000000e+00,4.767840060099503025e+06
-6.357025914276916545e+00,1.721100666983751193e+00,3.263504852478297025e+00,1.600152431149715948e+00,8.500000000000000611e-02,3.000000000000000000e+00,4.767840060099503025e+06
-6.003475673914094202e+00,1.888029982821235908e+00,2.738646283481827481e+00,1.249160494927206155e+00,8.500000000000000611e-02,3.000000000000000000e+00,4.767840060099503025e+06
-6.010389297295961164e+00,2.082004083019442398e+00,2.735894485967508061e+00,1.011377520516159034e+00,8.500000000000000611e-02,3.000000000000000000e+00,4.767840060099503025e+06
-6.463945016182370829e+00,2.582892005269270541e+00,3.699858458938853012e+00,1.031470674832569934e+00,8.500000000000000611e-02,3.000000000000000000e+00,4.767840060099503025e+06
-6.334076472243962641e+00,1.971839086774734184e+00,2.915116093717962542e+00,9.647076545320480978e-01,8.500000000000000611e-02,3.000000000000000000e+00,4.767840060099503025e+06
-5.830993583119128409e+00,2.364754396456596020e+00,2.951757901149837160e+00,1.172624688995885123e+00,8.500000000000000611e-02,3.000000000000000000e+00,4.767840060099503025e+06
-5.510371167982445861e+00,2.640040966231838482e+00,3.045878901442788944e+00,1.350490094301334043e+00,8.500000000000000611e-02,3.000000000000000000e+00,4.767840060099503025e+06
-5.538961746426765309e+00,2.651902548412670590e+00,3.207963539237988826e+00,1.492121676067683644e+00,8.500000000000000611e-02,3.000000000000000000e+00,4.767840060099503025e+06
-5.499620797089914248e+00,2.846747794654242547e+00,3.062341507219451309e+00,1.168642671896248819e+00,8.500000000000000611e-02,3.000000000000000000e+00,4.767840060099503025e+06
-6.199888887536269877e+00,1.845026804449573898e+00,2.793496113279599236e+00,1.159887365146409888e+00,8.500000000000000611e-02,3.000000000000000000e+00,4.767840060099503025e+06
-6.124099541669237645e+00,1.756555900793301372e+00,2.303257735823312835e+00,7.547755611224086225e-01,8.500000000000000611e-02,3.000000000000000000e+00,4.767840060099503025e+06
-6.044101091306966822e+00,1.798579535779706751e+00,2.268520747648257618e+00,7.832399280500633720e-01,8.500000000000000611e-02,3.000000000000000000e+00,4.767840060099503025e+06
-6.387344545305686516e+00,1.396775599664586975e+00,2.345875027112598765e+00,9.315698507177494481e-01,8.500000000000000611e-02,3.000000000000000000e+00,4.767840060099503025e+06
-5.823652499176144914e+00,2.171963331097616745e+00,2.803476847610146372e+00,1.252015661013864634e+00,8.500000000000000611e-02,3.000000000000000000e+00,4.767840060099503025e+06
-6.483772742663761690e+00,2.124565678786067835e+00,3.278411085667721103e+00,1.037664061029092810e+00,8.500000000000000611e-02,3.000000000000000000e+00,4.767840060099503025e+06
-6.612125632767396510e+00,2.279212549363846207e+00,3.615523198108598901e+00,1.106076364798826539e+00,8.500000000000000611e-02,3.000000000000000000e+00,4.767840060099503025e+06
-6.406994164047597806e+00,1.951533347080677494e+00,3.095240808260204979e+00,1.102021129772357888e+00,8.500000000000000611e-02,3.000000000000000000e+00,4.767840060099503025e+06
-6.761751971424073915e+00,1.664675204790632357e+00,3.394647183090112819e+00,1.340888475801564894e+00,8.500000000000000611e-02,3.000000000000000000e+00,4.767840060099503025e+06
-6.209770039410223319e+00,1.517511923084378322e+00,2.534787953414727291e+00,1.183552930476608811e+00,8.500000000000000611e-02,3.000000000000000000e+00,4.767840060099503025e+06
-6.368526078306524063e+00,2.040529062951258243e+00,3.163285519911601007e+00,1.137755812105234909e+00,8.500000000000000611e-02,3.000000000000000000e+00,4.767840060099503025e+06
-5.967869462817232851e+00,2.362537319733263974e+00,3.012921686322767023e+00,1.075851129056063726e+00,8.500000000000000611e-02,3.000000000000000000e+00,4.767840060099503025e+06
-5.624571516833534623e+00,2.576077341811404242e+00,2.636069508833200459e+00,7.805441506678477692e-01,8.500000000000000611e-02,3.000000000000000000e+00,4.767840060099503025e+06
-5.364673469134778827e+00,2.987681415377334559e+00,2.418696515058491148e+00,3.903009019732550655e-01,8.500000000000000611e-02,3.000000000000000000e+00,4.767840060099503025e+06
-5.110435031148849561e+00,2.613825805589700124e+00,1.829863244160103264e+00,-1.798395655195295095e-03,8.500000000000000611e-02,3.000000000000000000e+00,4.767840060099503025e+06
-5.110435031148849561e+00,2.613825805589700124e+00,1.829863244160103264e+00,-1.798395655195295095e-03,8.500000000000000611e-02,3.000000000000000000e+00,4.767840060099503025e+06
-5.110435031148849561e+00,2.613825805589700124e+00,1.829863244160103264e+00,-1.798395655195295095e-03,8.500000000000000611e-02,3.000000000000000000e+00,4.767840060099503025e+06
-5.110435031148849561e+00,2.613825805589700124e+00,1.829863244160103264e+00,-1.798395655195295095e-03,8.500000000000000611e-02,3.000000000000000000e+00,4.767840060099503025e+06
-5.110435031148849561e+00,2.613825805589700124e+00,1.829863244160103264e+00,-1.798395655195295095e-03,8.500000000000000611e-02,3.000000000000000000e+00,4.767840060099503025e+06
-5.110435031148849561e+00,2.613825805589700124e+00,1.829863244160103264e+00,-1.798395655195295095e-03,8.500000000000000611e-02,3.000000000000000000e+00,4.767840060099503025e+06
-5.110435031148849561e+00,2.613825805589700124e+00,1.829863244160103264e+00,-1.798395655195295095e-03,8.500000000000000611e-02,3.000000000000000000e+00,4.767840060099503025e+06
-5.064371529248317572e+00,2.596494067772962211e+00,1.778281516976736976e+00,-3.095350308027329245e-01,8.500000000000000611e-02,3.000000000000000000e+00,4.767840060099503025e+06
-5.064371529248317572e+00,2.596494067772962211e+00,1.778281516976736976e+00,-3.095350308027329245e-01,8.500000000000000611e-02,3.000000000000000000e+00,4.767840060099503025e+06
-5.064371529248317572e+00,2.596494067772962211e+00,1.778281516976736976e+00,-3.095350308027329245e-01,8.500000000000000611e-02,3.000000000000000000e+00,4.767840060099503025e+06
-5.064371529248317572e+00,2.596494067772962211e+00,1.778281516976736976e+00,-3.095350308027329245e-01,8.500000000000000611e-02,3.000000000000000000e+00,4.767840060099503025e+06
-5.064371529248317572e+00,2.596494067772962211e+00,1.778281516976736976e+00,-3.095350308027329245e-01,8.500000000000000611e-02,3.000000000000000000e+00,4.767840060099503025e+06
-5.064371529248317572e+00,2.596494067772962211e+00,1.778281516976736976e+00,-3.095350308027329245e-01,8.500000000000000611e-02,3.000000000000000000e+00,4.767840060099503025e+06
-5.064371529248317572e+00,2.596494067772962211e+00,1.778281516976736976e+00,-3.095350308027329245e-01,8.500000000000000611e-02,3.000000000000000000e+00,4.767840060099503025e+06
-5.064371529248317572e+00,2.596494067772962211e+00,1.778281516976736976e+00,-3.095350308027329245e-01,8.500000000000000611e-02,3.000000000000000000e+00,4.767840060099503025e+06
-5.064371529248317572e+00,2.596494067772962211e+00,1.778281516976736976e+00,-3.095350308027329245e-01,8.500000000000000611e-02,3.000000000000000000e+00,4.767840060099503025e+06
-5.064371529248317572e+00,2.596494067772962211e+00,1.778281516976736976e+00,-3.095350308027329245e-01,8.500000000000000611e-02,3.000000000000000000e+00,4.767840060099503025e+06
-5.064371529248317572e+00,2.596494067772962211e+00,1.778281516976736976e+00,-3.095350308027329245e-01,8.500000000000000611e-02,3.000000000000000000e+00,4.767840060099503025e+06
-5.064371529248317572e+00,2.596494067772962211e+00,1.778281516976736976e+00,-3.095350308027329245e-01,8.500000000000000611e-02,3.000000000000000000e+00,4.767840060099503025e+06
-5.064371529248317572e+00,2.596494067772962211e+00,1.778281516976736976e+00,-3.095350308027329245e-01,8.500000000000000611e-02,3.000000000000000000e+00,4.767840060099503025e+06
-5.064371529248317572e+00,2.596494067772962211e+00,1.778281516976736976e+00,-3.095350308027329245e-01,8.500000000000000611e-02,3.000000000000000000e+00,4.767840060099503025e+06
-5.064371529248317572e+00,2.596494067772962211e+00,1.778281516976736976e+00,-3.095350308027329245e-01,8.500000000000000611e-02,3.000000000000000000e+00,4.767840060099503025e+06
-5.064371529248317572e+00,2.596494067772962211e+00,1.778281516976736976e+00,-3.095350308027329245e-01,8.500000000000000611e-02,3.000000000000000000e+00,4.767840060099503025e+06
-5.064371529248317572e+00,2.596494067772962211e+00,1.778281516976736976e+00,-3.095350308027329245e-01,8.500000000000000611e-02,3.000000000000000000e+00,4.767840060099503025e+06
-5.064371529248317572e+00,2.596494067772962211e+00,1.778281516976736976e+00,-3.095350308027329245e-01,8.500000000000000611e-02,3.000000000000000000e+00,4.767840060099503025e+06
-5.064371529248317572e+00,2.596494067772962211e+00,1.778281516976736976e+00,-3.095350308027329245e-01,8.500000000000000611e-02,3.000000000000000000e+00,4.767840060099503025e+06
-5.064371529248317572e+00,2.596494067772962211e+00,1.778281516976736976e+00,-3.095350308027329245e-01,8.500000000000000611e-02,3.000000000000000000e+00,4.767840060099503025e+06
-5.064371529248317572e+00,2.596494067772962211e+00,1.778281516976736976e+00,-3.095350308027329245e-01,8.500000000000000611e-02,3.000000000000000000e+00,4.767840060099503025e+06
-5.064371529248317572e+00,2.596494067772962211e+00,1.778281516976736976e+00,-3.095350308027329245e-01,8.500000000000000611e-02,3.000000000000000000e+00,4.767840060099503025e+06
-5.064371529248317572e+00,2.596494067772962211e+00,1.778281516976736976e+00,-3.095350308027329245e-01,8.500000000000000611e-02,3.000000000000000000e+00,4.767840060099503025e+06
-5.064371529248317572e+00,2.596494067772962211e+00,1.778281516976736976e+00,-3.095350308027329245e-01,8.500000000000000611e-02,3.000000000000000000e+00,4.767840060099503025e+06
-5.064371529248317572e+00,2.596494067772962211e+00,1.778281516976736976e+00,-3.095350308027329245e-01,8.500000000000000611e-02,3.000000000000000000e+00,4.767840060099503025e+06
-5.064371529248317572e+00,2.596494067772962211e+00,1.778281516976736976e+00,-3.095350308027329245e-01,8.500000000000000611e-02,3.000000000000000000e+00,4.767840060099503025e+06
-5.064371529248317572e+00,2.596494067772962211e+00,1.778281516976736976e+00,-3.095350308027329245e-01,8.500000000000000611e-02,3.000000000000000000e+00,4.767840060099503025e+06
-5.064371529248317572e+00,2.596494067772962211e+00,1.778281516976736976e+00,-3.095350308027329245e-01,8.500000000000000611e-02,3.000000000000000000e+00,4.767840060099503025e+06
-5.064371529248317572e+00,2.596494067772962211e+00,1.778281516976736976e+00,-3.095350308027329245e-01,8.500000000000000611e-02,3.000000000000000000e+00,4.767840060099503025e+06
-5.064371529248317572e+00,2.596494067772962211e+00,1.778281516976736976e+00,-3.095350308027329245e-01,8.500000000000000611e-02,3.000000000000000000e+00,4.767840060099503025e+06
-5.064371529248317572e+00,2.596494067772962211e+00,1.778281516976736976e+00,-3.095350308027329245e-01,8.500000000000000611e-02,3.000000000000000000e+00,4.767840060099503025e+06
-5.064371529248317572e+00,2.596494067772962211e+00,1.778281516976736976e+00,-3.095350308027329245e-01,8.500000000000000611e-02,3.000000000000000000e+00,4.767840060099503025e+06
-5.064371529248317572e+00,2.596494067772962211e+00,1.778281516976736976e+00,-3.095350308027329245e-01,8.500000000000000611e-02,3.000000000000000000e+00,4.767840060099503025e+06
-5.064371529248317572e+00,2.596494067772962211e+00,1.778281516976736976e+00,-3.095350308027329245e-01,8.500000000000000611e-02,3.000000000000000000e+00,4.767840060099503025e+06
-5.064371529248317572e+00,2.596494067772962211e+00,1.778281516976736976e+00,-3.095350308027329245e-01,8.500000000000000611e-02,3.000000000000000000e+00,4.767840060099503025e+06
-5.064371529248317572e+00,2.596494067772962211e+00,1.778281516976736976e+00,-3.095350308027329245e-01,8.500000000000000611e-02,3.000000000000000000e+00,4.767840060099503025e+06
-5.064371529248317572e+00,2.596494067772962211e+00,1.778281516976736976e+00,-3.095350308027329245e-01,8.500000000000000611e-02,3.000000000000000000e+00,4.767840060099503025e+06
-5.064371529248317572e+00,2.596494067772962211e+00,1.778281516976736976e+00,-3.095350308027329245e-01,8.500000000000000611e-02,3.000000000000000000e+00,4.767840060099503025e+06
-5.064371529248317572e+00,2.596494067772962211e+00,1.778281516976736976e+00,-3.095350308027329245e-01,8.500000000000000611e-02,3.000000000000000000e+00,4.767840060099503025e+06
-5.064371529248317572e+00,2.596494067772962211e+00,1.778281516976736976e+00,-3.095350308027329245e-01,8.500000000000000611e-02,3.000000000000000000e+00,4.767840060099503025e+06
-5.064371529248317572e+00,2.596494067772962211e+00,1.778281516976736976e+00,-3.095350308027329245e-01,8.500000000000000611e-02,3.000000000000000000e+00,4.767840060099503025e+06
-5.064371529248317572e+00,2.596494067772962211e+00,1.778281516976736976e+00,-3.095350308027329245e-01,8.500000000000000611e-02,3.000000000000000000e+00,4.767840060099503025e+06
-5.064371529248317572e+00,2.596494067772962211e+00,1.778281516976736976e+00,-3.095350308027329245e-01,8.500000000000000611e-02,3.000000000000000000e+00,4.767840060099503025e+06
-5.064371529248317572e+00,2.596494067772962211e+00,1.778281516976736976e+00,-3.095350308027329245e-01,8.500000000000000611e-02,3.000000000000000000e+00,4.767840060099503025e+06
-5.064371529248317572e+00,2.596494067772962211e+00,1.778281516976736976e+00,-3.095350308027329245e-01,8.500000000000000611e-02,3.000000000000000000e+00,4.767840060099503025e+06
-5.064371529248317572e+00,2.596494067772962211e+00,1.778281516976736976e+00,-3.095350308027329245e-01,8.500000000000000611e-02,3.000000000000000000e+00,4.767840060099503025e+06
-5.064371529248317572e+00,2.596494067772962211e+00,1.778281516976736976e+00,-3.095350308027329245e-01,8.500000000000000611e-02,3.000000000000000000e+00,4.767840060099503025e+06
-5.064371529248317572e+00,2.596494067772962211e+00,1.778281516976736976e+00,-3.095350308027329245e-01,8.500000000000000611e-02,3.000000000000000000e+00,4.767840060099503025e+06
-5.064371529248317572e+00,2.596494067772962211e+00,1.778281516976736976e+00,-3.095350308027329245e-01,8.500000000000000611e-02,3.000000000000000000e+00,4.767840060099503025e+06
-5.064371529248317572e+00,2.596494067772962211e+00,1.778281516976736976e+00,-3.095350308027329245e-01,8.500000000000000611e-02,3.000000000000000000e+00,4.767840060099503025e+06
-5.064371529248317572e+00,2.596494067772962211e+00,1.778281516976736976e+00,-3.095350308027329245e-01,8.500000000000000611e-02,3.000000000000000000e+00,4.767840060099503025e+06
-5.064371529248317572e+00,2.596494067772962211e+00,1.778281516976736976e+00,-3.095350308027329245e-01,8.500000000000000611e-02,3.000000000000000000e+00,4.767840060099503025e+06
-5.064371529248317572e+00,2.596494067772962211e+00,1.778281516976736976e+00,-3.095350308027329245e-01,8.500000000000000611e-02,3.000000000000000000e+00,4.767840060099503025e+06
-5.064371529248317572e+00,2.596494067772962211e+00,1.778281516976736976e+00,-3.095350308027329245e-01,8.500000000000000611e-02,3.000000000000000000e+00,4.767840060099503025e+06
-5.064371529248317572e+00,2.596494067772962211e+00,1.778281516976736976e+00,-3.095350308027329245e-01,8.500000000000000611e-02,3.000000000000000000e+00,4.767840060099503025e+06
-5.064371529248317572e+00,2.596494067772962211e+00,1.778281516976736976e+00,-3.095350308027329245e-01,8.500000000000000611e-02,3.000000000000000000e+00,4.767840060099503025e+06
-5.064371529248317572e+00,2.596494067772962211e+00,1.778281516976736976e+00,-3.095350308027329245e-01,8.500000000000000611e-02,3.000000000000000000e+00,4.767840060099503025e+06
-5.064371529248317572e+00,2.596494067772962211e+00,1.778281516976736976e+00,-3.095350308027329245e-01,8.500000000000000611e-02,3.000000000000000000e+00,4.767840060099503025e+06
-5.064371529248317572e+00,2.596494067772962211e+00,1.778281516976736976e+00,-3.095350308027329245e-01,8.500000000000000611e-02,3.000000000000000000e+00,4.767840060099503025e+06
-5.064371529248317572e+00,2.596494067772962211e+00,1.778281516976736976e+00,-3.095350308027329245e-01,8.500000000000000611e-02,3.000000000000000000e+00,4.767840060099503025e+06
-5.064371529248317572e+00,2.596494067772962211e+00,1.778281516976736976e+00,-3.095350308027329245e-01,8.500000000000000611e-02,3.000000000000000000e+00,4.767840060099503025e+06
-5.064371529248317572e+00,2.596494067772962211e+00,1.778281516976736976e+00,-3.095350308027329245e-01,8.500000000000000611e-02,3.000000000000000000e+00,4.767840060099503025e+06
-5.064371529248317572e+00,2.596494067772962211e+00,1.778281516976736976e+00,-3.095350308027329245e-01,8.500000000000000611e-02,3.000000000000000000e+00,4.767840060099503025e+06
-5.064371529248317572e+00,2.596494067772962211e+00,1.778281516976736976e+00,-3.095350308027329245e-01,8.500000000000000611e-02,3.000000000000000000e+00,4.767840060099503025e+06
-4.810607562761123113e+00,2.673808242332045282e+00,1.600605864118580524e+00,-4.750094346663617517e-01,8.500000000000000611e-02,3.000000000000000000e+00,4.767840060099503025e+06
-4.810607562761123113e+00,2.673808242332045282e+00,1.600605864118580524e+00,-4.750094346663617517e-01,8.500000000000000611e-02,3.000000000000000000e+00,4.767840060099503025e+06
-4.810607562761123113e+00,2.673808242332045282e+00,1.600605864118580524e+00,-4.750094346663617517e-01,8.500000000000000611e-02,3.000000000000000000e+00,4.767840060099503025e+06
-4.810607562761123113e+00,2.673808242332045282e+00,1.600605864118580524e+00,-4.750094346663617517e-01,8.500000000000000611e-02,3.000000000000000000e+00,4.767840060099503025e+06
-4.810607562761123113e+00,2.673808242332045282e+00,1.600605864118580524e+00,-4.750094346663617517e-01,8.500000000000000611e-02,3.000000000000000000e+00,4.767840060099503025e+06
-4.810607562761123113e+00,2.673808242332045282e+00,1.600605864118580524e+00,-4.750094346663617517e-01,8.500000000000000611e-02,3.000000000000000000e+00,4.767840060099503025e+06
-4.810607562761123113e+00,2.673808242332045282e+00,1.600605864118580524e+00,-4.750094346663617517e-01,8.500000000000000611e-02,3.000000000000000000e+00,4.767840060099503025e+06
-4.810607562761123113e+00,2.673808242332045282e+00,1.600605864118580524e+00,-4.750094346663617517e-01,8.500000000000000611e-02,3.000000000000000000e+00,4.767840060099503025e+06
-4.810607562761123113e+00,2.673808242332045282e+00,1.600605864118580524e+00,-4.750094346663617517e-01,8.500000000000000611e-02,3.000000000000000000e+00,4.767840060099503025e+06
-4.810607562761123113e+00,2.673808242332045282e+00,1.600605864118580524e+00,-4.750094346663617517e-01,8.500000000000000611e-02,3.000000000000000000e+00,4.767840060099503025e+06
-4.810607562761123113e+00,2.673808242332045282e+00,1.600605864118580524e+00,-4.750094346663617517e-01,8.500000000000000611e-02,3.000000000000000000e+00,4.767840060099503025e+06
-4.810607562761123113e+00,2.673808242332045282e+00,1.600605864118580524e+00,-4.750094346663617517e-01,8.500000000000000611e-02,3.000000000000000000e+00,4.767840060099503025e+06
-4.810607562761123113e+00,2.673808242332045282e+00,1.600605864118580524e+00,-4.750094346663617517e-01,8.500000000000000611e-02,3.000000000000000000e+00,4.767840060099503025e+06
-4.810607562761123113e+00,2.673808242332045282e+00,1.600605864118580524e+00,-4.750094346663617517e-01,8.500000000000000611e-02,3.000000000000000000e+00,4.767840060099503025e+06
-4.810607562761123113e+00,2.673808242332045282e+00,1.600605864118580524e+00,-4.750094346663617517e-01,8.500000000000000611e-02,3.000000000000000000e+00,4.767840060099503025e+06
-4.810607562761123113e+00,2.673808242332045282e+00,1.600605864118580524e+00,-4.750094346663617517e-01,8.500000000000000611e-02,3.000000000000000000e+00,4.767840060099503025e+06
-4.839065531127141107e+00,2.623446188803800094e+00,1.589094717817167712e+00,-4.403550520915419098e-01,8.500000000000000611e-02,3.000000000000000000e+00,4.767840060099503025e+06
-4.839065531127141107e+00,2.623446188803800094e+00,1.589094717817167712e+00,-4.403550520915419098e-01,8.500000000000000611e-02,3.000000000000000000e+00,4.767840060099503025e+06
-4.839065531127141107e+00,2.623446188803800094e+00,1.589094717817167712e+00,-4.403550520915419098e-01,8.500000000000000611e-02,3.000000000000000000e+00,4.767840060099503025e+06
-5.638296565562158413e+00,1.647348417885166283e+00,1.378336162773219797e+00,3.318794245592549541e-01,8.500000000000000611e-02,3.000000000000000000e+00,4.767840060099503025e+06
-5.492492464775909689e+00,1.204873777768982190e+00,9.628974052469950751e-01,6.213060604027128564e-01,8.500000000000000611e-02,3.000000000000000000e+00,4.767840060099503025e+06
-5.535507148113469000e+00,1.286914468015626811e+00,1.052552265672279219e+00,5.657085130228619585e-01,8.500000000000000611e-02,3.000000000000000000e+00,4.767840060099503025e+06
-5.671108685657165971e+00,1.440397976102746558e+00,1.305172975207557595e+00,5.214663941010654336e-01,8.500000000000000611e-02,3.000000000000000000e+00,4.767840060099503025e+06
-5.557737016829316978e+00,1.728482944736998927e+00,1.421819181895239481e+00,4.270395095702339550e-01,8.500000000000000611e-02,3.000000000000000000e+00,4.767840060099503025e+06
-5.594463268599997541e+00,1.035076192403993067e+00,8.948911358381718140e-01,5.866866266428563126e-01,8.500000000000000611e-02,3.000000000000000000e+00,4.767840060099503025e+06
-5.905953092002441451e+00,1.469360533424636239e+00,1.710653845422148711e+00,6.658625794923770380e-01,8.500000000000000611e-02,3.000000000000000000e+00,4.767840060099503025e+06
-5.899486824952073327e+00,1.501424974684713476e+00,1.716396693518480010e+00,6.569332673051133664e-01,8.500000000000000611e-02,3.000000000000000000e+00,4.767840060099503025e+06
-5.866948470646668135e+00,2.003444439002677768e+00,2.113714388509811748e+00,6.007508390282763067e-01,8.500000000000000611e-02,3.000000000000000000e+00,4.767840060099503025e+06
-5.811944448983792810e+00,1.771635035775197098e+00,2.003679712145777003e+00,8.340722696941016423e-01,8.500000000000000611e-02,3.000000000000000000e+00,4.767840060099503025e+06
-5.455050596414286801e+00,1.094436795013545183e+00,9.743671789528343119e-01,7.587983170438721281e-01,8.500000000000000611e-02,3.000000000000000000e+00,4.767840060099503025e+06
-5.612701442409234076e+00,1.055294219366565311e+00,1.155620890669000866e+00,8.348175779975949284e-01,8.500000000000000611e-02,3.000000000000000000e+00,4.767840060099503025e+06
-5.648818813265288341e+00,9.614065183975573081e-01,1.086333802854760222e+00,8.064290926628634448e-01,8.500000000000000611e-02,3.000000000000000000e+00,4.767840060099503025e+06
-5.607474707182618090e+00,9.312489584662190234e-01,9.839005050533912167e-01,7.633125121220591947e-01,8.500000000000000611e-02,3.000000000000000000e+00,4.767840060099503025e+06
-5.295740504766732748e+00,1.003317005361171299e+00,7.000809154945555335e-01,7.270625424857565244e-01,8.500000000000000611e-02,3.000000000000000000e+00,4.767840060099503025e+06
-5.361888137711143365e+00,1.121942261160813636e+00,1.063284873355445415e+00,9.690180441150952895e-01,8.500000000000000611e-02,3.000000000000000000e+00,4.767840060099503025e+06
-5.638103245588453660e+00,1.166028893638138220e+00,1.336134745106318356e+00,8.771756387190340343e-01,8.500000000000000611e-02,3.000000000000000000e+00,4.767840060099503025e+06
-5.578781033543045886e+00,1.035229075389607845e+00,1.164876434316107101e+00,8.912806210487487224e-01,8.500000000000000611e-02,3.000000000000000000e+00,4.767840060099503025e+06
-5.595144069335442616e+00,7.530439174768648325e-01,1.173149356815583300e+00,1.155546800181112665e+00,8.500000000000000611e-02,3.000000000000000000e+00,4.767840060099503025e+06
-5.594710760907307012e+00,7.331909900164639282e-01,1.164724888790731994e+00,1.168370580867011066e+00,8.500000000000000611e-02,3.000000000000000000e+00,4.767840060099503025e+06
-5.615757997769074805e+00,7.001186813353983407e-01,1.252123534789969295e+00,1.276666262541427344e+00,8.500000000000000611e-02,3.000000000000000000e+00,4.767840060099503025e+06
-5.700877713100563682e+00,1.092578686199715987e+00,1.610456431817747003e+00,1.168783397462152429e+00,8.500000000000000611e-02,3.000000000000000000e+00,4.767840060099503025e+06
-5.929584168578059256e+00,1.022327529068018270e+00,2.115172197060163128e+00,1.533026546073469554e+00,8.500000000000000611e-02,3.000000000000000000e+00,4.767840060099503025e+06
-5.929584168578059256e+00,1.022327529068018270e+00,2.115172197060163128e+00,1.533026546073469554e+00,8.500000000000000611e-02,3.000000000000000000e+00,4.767840060099503025e+06
-5.968003433708734207e+00,1.039709237655128238e+00,2.018703868002174051e+00,1.367955094699078611e+00,8.500000000000000611e-02,3.000000000000000000e+00,4.767840060099503025e+06
-5.937228784395318648e+00,1.016422652161723450e+00,1.969521384929298291e+00,1.373898011823883047e+00,8.500000000000000611e-02,3.000000000000000000e+00,4.767840060099503025e+06
-5.929153530574287956e+00,1.019511074371606041e+00,1.952894372332887762e+00,1.360595154473014157e+00,8.500000000000000611e-02,3.000000000000000000e+00,4.767840060099503025e+06
-6.412162228103288619e+00,1.305403358336706621e+00,2.637152989769654621e+00,1.284214487325099352e+00,8.500000000000000611e-02,3.000000000000000000e+00,4.767840060099503025e+06
-6.266425420561798632e+00,1.488191395001207562e+00,2.642201488214622529e+00,1.281497812318192819e+00,8.500000000000000611e-02,3.000000000000000000e+00,4.767840060099503025e+06
-5.310837261316428304e+00,1.077065646350972905e+00,1.485387191681621921e+00,1.503618509737783215e+00,8.500000000000000611e-02,3.000000000000000000e+00,4.767840060099503025e+06
-5.650615592718806646e+00,1.117163025338569593e+00,1.757702510531927942e+00,1.375454939917736930e+00,8.500000000000000611e-02,3.000000000000000000e+00,4.767840060099503025e+06
-5.305297319813110590e+00,9.192537999813409355e-01,1.046687903503546568e+00,1.203956645439898443e+00,8.500000000000000611e-02,3.000000000000000000e+00,4.767840060099503025e+06
-5.268221930526630459e+00,1.191180006227281263e+00,8.866407978003933987e-01,7.703926390190769524e-01,8.500000000000000611e-02,3.000000000000000000e+00,4.767840060099503025e+06
-5.321517186533209376e+00,9.949154036674945356e-01,1.123518983841897079e+00,1.150598587892543545e+00,8.500000000000000611e-02,3.000000000000000000e+00,4.767840060099503025e+06
-5.400301803858646110e+00,8.370569235812799214e-01,9.873128088697316063e-01,1.086935407768971906e+00,8.500000000000000611e-02,3.000000000000000000e+00,4.767840060099503025e+06
-5.218868466288000718e+00,9.081773837409230499e-01,5.486608153962768686e-01,7.883231669944246178e-01,8.500000000000000611e-02,3.000000000000000000e+00,4.767840060099503025e+06
-5.118985513742759785e+00,2.184072257267986483e+00,1.649030984017188395e+00,7.554608257462410714e-01,8.500000000000000611e-02,3.000000000000000000e+00,4.767840060099503025e+06
-5.256151784048471498e+00,2.095882475312639492e+00,1.753232887238524773e+00,7.965639694302721896e-01,8.500000000000000611e-02,3.000000000000000000e+00,4.767840060099503025e+06
-4.997212289436168575e+00,1.384135178291773238e+00,6.739836397967056136e-01,6.850144138206624156e-01,8.500000000000000611e-02,3.000000000000000000e+00,4.767840060099503025e+06
-5.399139227588226397e+00,1.429226456167412174e+00,1.167516485701617146e+00,7.090546473402775662e-01,8.500000000000000611e-02,3.000000000000000000e+00,4.767840060099503025e+06
-5.293544818894243775e+00,1.336732330931613921e+00,9.546742719594609738e-01,6.923901892104389333e-01,8.500000000000000611e-02,3.000000000000000000e+00,4.767840060099503025e+06
-5.053698148431937653e+00,1.158512372402653146e+00,5.513282497294027529e-01,7.202412413117783574e-01,8.500000000000000611e-02,3.000000000000000000e+00,4.767840060099503025e+06
-5.136631927842320700e+00,1.141767856042114504e+00,6.411892269363832497e-01,7.271652608394325590e-01,8.500000000000000611e-02,3.000000000000000000e+00,4.767840060099503025e+06
-5.535102450209369529e+00,1.924354316329956793e+00,1.882959077930437486e+00,7.792278546206925505e-01,8.500000000000000611e-02,3.000000000000000000e+00,4.767840060099503025e+06
-5.428946993891433870e+00,1.204723010647194448e+00,1.313863232486809585e+00,1.063803427099460297e+00,8.500000000000000611e-02,3.000000000000000000e+00,4.767840060099503025e+06
-5.517707049537576403e+00,1.369410560735116800e+00,1.693610175154345754e+00,1.210270326001478658e+00,8.500000000000000611e-02,3.000000000000000000e+00,4.767840060099503025e+06
-5.498074283716653632e+00,1.251472996880786281e+00,1.751069831358631479e+00,1.426117117834878822e+00,8.500000000000000611e-02,3.000000000000000000e+00,4.767840060099503025e+06
-5.742562311909176209e+00,1.690443040660266405e+00,2.432621241524296707e+00,1.436637142460380323e+00,8.500000000000000611e-02,3.000000000000000000e+00,4.767840060099503025e+06
-5.696302048536107776e+00,1.560780150521089427e+00,2.191945729547291499e+00,1.336904571893144489e+00,8.500000000000000611e-02,3.000000000000000000e+00,4.767840060099503025e+06
-5.814964254192806159e+00,1.928661112376794051e+00,2.539572956530026904e+00,1.210695428365409221e+00,8.500000000000000611e-02,3.000000000000000000e+00,4.767840060099503025e+06
-5.838328534325769148e+00,1.616263627881330711e+00,2.259079576644962284e+00,1.227500102393410675e+00,8.500000000000000611e-02,3.000000000000000000e+00,4.767840060099503025e+06
-5.695966118983753823e+00,1.580468806776622381e+00,1.895655764603576987e+00,1.033229648710349835e+00,8.500000000000000611e-02,3.000000000000000000e+00,4.767840060099503025e+06
-5.797779142556533039e+00,1.432298535174282517e+00,1.973557851013534092e+00,1.150566025255107760e+00,8.500000000000000611e-02,3.000000000000000000e+00,4.767840060099503025e+06
-5.674346167107178651e+00,1.610596611383946941e+00,2.003002617928504314e+00,1.120905824792978178e+00,8.500000000000000611e-02,3.000000000000000000e+00,4.767840060099503025e+06
-5.532999330264295246e+00,1.596848103987104306e+00,1.726925988646540455e+00,1.001637982058715792e+00,8.500000000000000611e-02,3.000000000000000000e+00,4.767840060099503025e+06
-5.441688610637056556e+00,1.706793580391656295e+00,1.946503579692321129e+00,1.256914652997891180e+00,8.500000000000000611e-02,3.000000000000000000e+00,4.767840060099503025e+06
-6.026402309451773576e+00,2.622551414343414766e+00,3.880774260989557689e+00,1.675211948137176776e+00,8.500000000000000611e-02,3.000000000000000000e+00,4.767840060099503025e+06
-6.003516029097506035e+00,2.252282061463789731e+00,3.283154418224674576e+00,1.431861584232124507e+00,8.500000000000000611e-02,3.000000000000000000e+00,4.767840060099503025e+06
-6.078939682803603972e+00,2.807517468759373358e+00,3.889832178895320070e+00,1.429026795665506278e+00,8.500000000000000611e-02,3.000000000000000000e+00,4.767840060099503025e+06
-6.066807040089259750e+00,2.763920481629531967e+00,3.805132407670004380e+00,1.394320707366558665e+00,8.500000000000000611e-02,3.000000000000000000e+00,4.767840060099503025e+06
-6.137165880257771988e+00,2.381536423288942217e+00,3.414428013428608910e+00,1.305563742097038071e+00,8.500000000000000611e-02,3.000000000000000000e+00,4.767840060099503025e+06
-6.103254279498190549e+00,2.415304529126647726e+00,3.374014744326611748e+00,1.260496846893926604e+00,8.500000000000000611e-02,3.000000000000000000e+00,4.767840060099503025e+06
-6.106104306664201786e+00,2.583211057241052266e+00,3.512248697808222797e+00,1.219794451793191126e+00,8.500000000000000611e-02,3.000000000000000000e+00,4.767840060099503025e+06
-5.926886346224675250e+00,2.238706516760227139e+00,2.871892279741157683e+00,1.094941115324054248e+00,8.500000000000000611e-02,3.000000000000000000e+00,4.767840060099503025e+06
-5.890624577908924131e+00,2.354264517918219557e+00,2.871644566992773040e+00,1.046004199766534803e+00,8.500000000000000611e-02,3.000000000000000000e+00,4.767840060099503025e+06
-5.938915191212087663e+00,2.287618381383573318e+00,2.748420409629440453e+00,9.067667046193790270e-01,8.500000000000000611e-02,3.000000000000000000e+00,4.767840060099503025e+06
-6.280004761563400706e+00,1.934676261503638361e+00,2.733681405475536952e+00,8.948200806472137447e-01,8.500000000000000611e-02,3.000000000000000000e+00,4.767840060099503025e+06
-5.928738250810177135e+00,1.981772933783204405e+00,2.228245074564863870e+00,6.715028681365997620e-01,8.500000000000000611e-02,3.000000000000000000e+00,4.767840060099503025e+06
-5.565771095905940768e+00,2.302898120718705144e+00,2.135121037870949756e+00,6.310179088208467402e-01,8.500000000000000611e-02,3.000000000000000000e+00,4.767840060099503025e+06
-5.133869898691228784e+00,1.920526873363122444e+00,1.395822688043580451e+00,7.050863398464511933e-01,8.500000000000000611e-02,3.000000000000000000e+00,4.767840060099503025e+06
-5.058752446969007721e+00,1.893418613596537625e+00,1.274877784813175374e+00,6.883907030870253241e-01,8.500000000000000611e-02,3.000000000000000000e+00,4.767840060099503025e+06
-5.616354500889171319e+00,2.339644689580782089e+00,2.244827773123070358e+00,6.722641628355191523e-01,8.500000000000000611e-02,3.000000000000000000e+00,4.767840060099503025e+06
-5.241056528092327582e+00,1.735279545530621359e+00,1.420292832843737862e+00,8.285096384521970503e-01,8.500000000000000611e-02,3.000000000000000000e+00,4.767840060099503025e+06
-5.053098121068869908e+00,1.862813961557636677e+00,1.400220522280152924e+00,8.869160617137045177e-01,8.500000000000000611e-02,3.000000000000000000e+00,4.767840060099503025e+06
-5.046978874118918768e+00,2.064297782953640858e+00,1.700324707769136801e+00,1.035182139122358791e+00,8.500000000000000611e-02,3.000000000000000000e+00,4.767840060099503025e+06
-5.420701228511390468e+00,1.893160147583845321e+00,1.787749435510957330e+00,8.578650501641801318e-01,8.500000000000000611e-02,3.000000000000000000e+00,4.767840060099503025e+06
-5.301573526018513505e+00,1.512546535152613059e+00,1.183252295372481555e+00,7.320119320327361789e-01,8.500000000000000611e-02,3.000000000000000000e+00,4.767840060099503025e+06
-5.070569203870795683e+00,1.258213437346773933e+00,4.603773828356666487e-01,3.886323723211422276e-01,8.500000000000000611e-02,3.000000000000000000e+00,4.767840060099503025e+06
-4.980240962824429296e+00,1.204121579684568122e+00,2.644570461118163074e-01,3.097612982500720369e-01,8.500000000000000611e-02,3.000000000000000000e+00,4.767840060099503025e+06
-4.652886107382308012e+00,1.154895129677489196e+00,-9.934257466778280421e-02,3.284144169517947409e-01,8.500000000000000611e-02,3.000000000000000000e+00,4.767840060099503025e+06
-5.293668378959107024e+00,1.120174607955400470e+00,6.042920936654633257e-01,4.656553059018387897e-01,8.500000000000000611e-02,3.000000000000000000e+00,4.767840060099503025e+06
-5.081203202953739506e+00,8.306979499875448703e-01,8.523720301951243083e-02,4.652635294087261175e-01,8.500000000000000611e-02,3.000000000000000000e+00,4.767840060099503025e+06
-5.445148381253239300e+00,1.198727993818898607e+00,9.421209949928002203e-01,6.008790079840962139e-01,8.500000000000000611e-02,3.000000000000000000e+00,4.767840060099503025e+06
-5.385574833590324850e+00,2.028258368140873458e+00,1.637107959825034209e+00,5.525657254213499625e-01,8.500000000000000611e-02,3.000000000000000000e+00,4.767840060099503025e+06
-5.549107716091140396e+00,1.806712278321357612e+00,2.099339578942258200e+00,1.139079626019738667e+00,8.500000000000000611e-02,3.000000000000000000e+00,4.767840060099503025e+06
-5.902793534965010025e+00,2.723808880396274557e+00,3.388810222626414959e+00,1.221204865837245190e+00,8.500000000000000611e-02,3.000000000000000000e+00,4.767840060099503025e+06
-5.503274972223896278e+00,2.285541458114160207e+00,2.196029244547974990e+00,8.024027985605981517e-01,8.500000000000000611e-02,3.000000000000000000e+00,4.767840060099503025e+06
-5.481069493251945701e+00,2.341355926224813366e+00,2.387482942887031001e+00,9.707904379393025307e-01,8.500000000000000611e-02,3.000000000000000000e+00,4.767840060099503025e+06
-5.390709188561696230e+00,2.438388186400253232e+00,2.356170035888041081e+00,9.334425003347217586e-01,8.500000000000000611e-02,3.000000000000000000e+00,4.767840060099503025e+06
-5.605514573259032574e+00,2.420088443519334831e+00,3.003624759016207513e+00,1.434611940885195169e+00,8.500000000000000611e-02,3.000000000000000000e+00,4.767840060099503025e+06
-4.633199459485405569e+00,2.439388923494275385e+00,9.090857230108484455e-01,3.300797479839037707e-03,8.500000000000000611e-02,3.000000000000000000e+00,4.767840060099503025e+06
-5.209415933832616474e+00,2.030877748664561722e+00,1.270123996606688177e+00,2.842665241307495427e-01,8.500000000000000611e-02,3.000000000000000000e+00,4.767840060099503025e+06
-5.849540915233936822e+00,2.327227699816103001e+00,2.383789527214905668e+00,4.670130795062854001e-01,8.500000000000000611e-02,3.000000000000000000e+00,4.767840060099503025e+06
-5.931066753098169997e+00,1.855972514871946144e+00,2.014182579612160851e+00,5.223076252976062150e-01,8.500000000000000611e-02,3.000000000000000000e+00,4.767840060099503025e+06
-6.184803761456318938e+00,2.040304813288887686e+00,2.361635888448383458e+00,4.018157417982969881e-01,8.500000000000000611e-02,3.000000000000000000e+00,4.767840060099503025e+06
-6.122864640534800174e+00,1.864800855342406471e+00,2.120751581241507200e+00,3.655655868027781752e-01,8.500000000000000611e-02,3.000000000000000000e+00,4.767840060099503025e+06
-6.612523936255590762e+00,1.692847724142262589e+00,2.491512672155225872e+00,3.321999096477050717e-01,8.500000000000000611e-02,3.000000000000000000e+00,4.767840060099503025e+06
-6.130745119943940225e+00,2.064124499040631111e+00,2.406966198749484143e+00,4.563050033503426306e-01,8.500000000000000611e-02,3.000000000000000000e+00,4.767840060099503025e+06
-6.002397911263325447e+00,2.433959841182876005e+00,2.549427610488855578e+00,3.598729314715892191e-01,8.500000000000000611e-02,3.000000000000000000e+00,4.767840060099503025e+06
-6.208035027820573148e+00,2.117401291550464748e+00,2.491780864795954731e+00,4.137499721002720898e-01,8.500000000000000611e-02,3.000000000000000000e+00,4.767840060099503025e+06
-6.333808583622253963e+00,2.315483935594989440e+00,2.852256956803215893e+00,4.596779955524195049e-01,8.500000000000000611e-02,3.000000000000000000e+00,4.767840060099503025e+06
-6.110381234506446546e+00,1.896853306183180710e+00,2.139948597573000377e+00,3.582325156612509165e-01,8.500000000000000611e-02,3.000000000000000000e+00,4.767840060099503025e+06
-5.940624305082033985e+00,1.651607222626486182e+00,1.787647795757114189e+00,4.230001674207464757e-01,8.500000000000000611e-02,3.000000000000000000e+00,4.767840060099503025e+06
-5.853842828673206711e+00,1.550999319831508405e+00,1.469145561444177073e+00,2.621253581554058854e-01,8.500000000000000611e-02,3.000000000000000000e+00,4.767840060099503025e+06
-6.115272320381088811e+00,1.842789502535300716e+00,2.324236119274178058e+00,6.590617270298282371e-01,8.500000000000000611e-02,3.000000000000000000e+00,4.767840060099503025e+06
-6.530433010351516465e+00,1.496541099845475120e+00,2.465371652828908466e+00,7.129752162511840963e-01,8.500000000000000611e-02,3.000000000000000000e+00,4.767840060099503025e+06
-6.863926871354503412e+00,1.251561286158910491e+00,2.616353576157393501e+00,7.692138717771710432e-01,8.500000000000000611e-02,3.000000000000000000e+00,4.767840060099503025e+06
-6.198226678747047913e+00,1.776455067674973964e+00,2.516273685194635235e+00,9.045539847574106673e-01,8.500000000000000611e-02,3.000000000000000000e+00,4.767840060099503025e+06
-5.774807047716315367e+00,2.205832035368307409e+00,2.516527468175778104e+00,9.423134060541047408e-01,8.500000000000000611e-02,3.000000000000000000e+00,4.767840060099503025e+06
-5.739811451620982830e+00,1.987166852556830010e+00,2.241800916914161501e+00,9.131058307570879551e-01,8.500000000000000611e-02,3.000000000000000000e+00,4.767840060099503025e+06
-5.462601347009000463e+00,1.266466625579766303e+00,1.447869601035895792e+00,1.114344728861156097e+00,8.500000000000000611e-02,3.000000000000000000e+00,4.767840060099503025e+06
-5.498257213418031419e+00,1.155355725219102903e+00,1.425991478313020089e+00,1.149394723906234095e+00,8.500000000000000611e-02,3.000000000000000000e+00,4.767840060099503025e+06
-6.055618468275086208e+00,2.923117941327969760e+00,3.600002013400261269e+00,1.022801445762820283e+00,8.500000000000000611e-02,3.000000000000000000e+00,4.767840060099503025e+06
-6.021927538481019582e+00,2.921029145355600765e+00,3.592270863540236725e+00,1.053380742071434728e+00,8.500000000000000611e-02,3.000000000000000000e+00,4.767840060099503025e+06
-6.581838926537288081e+00,2.130121982066258468e+00,3.513682979453126354e+00,1.173697843833729326e+00,8.500000000000000611e-02,3.000000000000000000e+00,4.767840060099503025e+06
-6.211793555878654338e+00,1.697559919452366284e+00,2.724639313541168839e+00,1.179447076958939578e+00,8.500000000000000611e-02,3.000000000000000000e+00,4.767840060099503025e+06
-5.550909185020836745e+00,1.996256257340415896e+00,2.274980096097998672e+00,1.120562982316477552e+00,8.500000000000000611e-02,3.000000000000000000e+00,4.767840060099503025e+06
-5.480084848343215853e+00,2.190887270393213626e+00,2.527045840660036014e+00,1.299612406662962183e+00,8.500000000000000611e-02,3.000000000000000000e+00,4.767840060099503025e+06
-5.544568314755575322e+00,2.868562502027589556e+00,3.255932153870677581e+00,1.307749342635607936e+00,8.500000000000000611e-02,3.000000000000000000e+00,4.767840060099503025e+06
-5.593117839967723270e+00,2.367907548230597126e+00,2.723418204417158428e+00,1.198222892703769027e+00,8.500000000000000611e-02,3.000000000000000000e+00,4.767840060099503025e+06
-5.601251763722006949e+00,2.642126265779321415e+00,3.184194200571559996e+00,1.388402539147306936e+00,8.500000000000000611e-02,3.000000000000000000e+00,4.767840060099503025e+06
-5.744582390653114601e+00,2.086152183404012650e+00,2.656633951431756291e+00,1.236145597676836516e+00,8.500000000000000611e-02,3.000000000000000000e+00,4.767840060099503025e+06
-5.956436728168317707e+00,2.365166281692364869e+00,3.151144520500536395e+00,1.242180931504566876e+00,8.500000000000000611e-02,3.000000000000000000e+00,4.767840060099503025e+06
-6.159361883486528910e+00,2.319637923737315255e+00,3.250472468007966853e+00,1.172427342122495331e+00,8.500000000000000611e-02,3.000000000000000000e+00,4.767840060099503025e+06
-6.137064972945125874e+00,2.205261136178647607e+00,3.064774712251560285e+00,1.116303155829449612e+00,8.500000000000000611e-02,3.000000000000000000e+00,4.767840060099503025e+06
-6.261764537159480781e+00,2.373000376207027085e+00,3.327903404176057123e+00,1.092633029133380340e+00,8.500000000000000611e-02,3.000000000000000000e+00,4.767840060099503025e+06
-5.816398669544883049e+00,2.137768909899850023e+00,2.156200086548141659e+00,4.763425091033534065e-01,8.500000000000000611e-02,3.000000000000000000e+00,4.767840060099503025e+06
-6.249712172388290021e+00,2.691691301140369141e+00,3.122817874633186719e+00,4.383192604945391757e-01,8.500000000000000611e-02,3.000000000000000000e+00,4.767840060099503025e+06
-6.217888869342258040e+00,2.668158629345612098e+00,3.075207234848101656e+00,4.506691104042753193e-01,8.500000000000000611e-02,3.000000000000000000e+00,4.767840060099503025e+06
-6.604650342533409990e+00,2.022059331498891943e+00,2.848948433164851579e+00,4.309189837231199860e-01,8.500000000000000611e-02,3.000000000000000000e+00,4.767840060099503025e+06
-6.200201028312637419e+00,2.575427811442901671e+00,2.996494360200764540e+00,4.591340786969092536e-01,8.500000000000000611e-02,3.000000000000000000e+00,4.767840060099503025e+06
-6.623858597331357956e+00,2.765959835563569058e+00,3.736902034217492119e+00,6.244225714102320524e-01,8.500000000000000611e-02,3.000000000000000000e+00,4.767840060099503025e+06
-6.244444429156193799e+00,2.117853457907930004e+00,2.949369202522309941e+00,9.386889806471790942e-01,8.500000000000000611e-02,3.000000000000000000e+00,4.767840060099503025e+06
-6.323297421600398316e+00,1.798469912283920280e+00,2.766946004212464061e+00,9.812237702881333457e-01,8.500000000000000611e-02,3.000000000000000000e+00,4.767840060099503025e+06
-6.612258190727856366e+00,2.270553054190622255e+00,3.307992612694738099e+00,7.579385329646789460e-01,8.500000000000000611e-02,3.000000000000000000e+00,4.767840060099503025e+06
-5.947537177903464922e+00,2.347344303505805918e+00,2.561346885414269359e+00,5.591344028386185938e-01,8.500000000000000611e-02,3.000000000000000000e+00,4.767840060099503025e+06
-6.244146504042302759e+00,2.949688106270172749e+00,3.537029330737276211e+00,6.528563128487196998e-01,8.500000000000000611e-02,3.000000000000000000e+00,4.767840060099503025e+06
-6.244146504042302759e+00,2.949688106270172749e+00,3.537029330737276211e+00,6.528563128487196998e-01,8.500000000000000611e-02,3.000000000000000000e+00,4.767840060099503025e+06
-5.993937720824212612e+00,2.530849931222456384e+00,3.004841181218397939e+00,8.119041049751166694e-01,8.500000000000000611e-02,3.000000000000000000e+00,4.767840060099503025e+06
-6.014629804706917326e+00,2.164179995239422727e+00,2.733046489067649354e+00,9.035607419335909274e-01,8.500000000000000611e-02,3.000000000000000000e+00,4.767840060099503025e+06
-5.936927442733697546e+00,2.237330138377147115e+00,3.236126118774346416e+00,1.494368105402274161e+00,8.500000000000000611e-02,3.000000000000000000e+00,4.767840060099503025e+06
-5.987329397349604676e+00,2.425952927208926191e+00,3.521905505987762197e+00,1.544447838952128116e+00,8.500000000000000611e-02,3.000000000000000000e+00,4.767840060099503025e+06
-5.851203224279577952e+00,1.732112699801948708e+00,2.434372234217065056e+00,1.249932920257911029e+00,8.500000000000000611e-02,3.000000000000000000e+00,4.767840060099503025e+06
-5.890885124956025898e+00,1.832258701130339951e+00,2.618667703655896073e+00,1.319119436411707369e+00,8.500000000000000611e-02,3.000000000000000000e+00,4.767840060099503025e+06
-5.993183024810219806e+00,2.283416511884959199e+00,3.259883592569038147e+00,1.414982294748275971e+00,8.500000000000000611e-02,3.000000000000000000e+00,4.767840060099503025e+06
-6.062119088843791026e+00,2.436150685563318596e+00,3.584547312558178600e+00,1.531568551039976578e+00,8.500000000000000611e-02,3.000000000000000000e+00,4.767840060099503025e+06
-5.738694761198446237e+00,2.441492177624539739e+00,3.069442973229553395e+00,1.314254049908935240e+00,8.500000000000000611e-02,3.000000000000000000e+00,4.767840060099503025e+06
-5.608335389631988299e+00,2.092262189817912343e+00,2.689737027653993362e+00,1.403757353970655375e+00,8.500000000000000611e-02,3.000000000000000000e+00,4.767840060099503025e+06
-5.041754898096153070e+00,2.944252401839293931e+00,3.342723033372230201e+00,1.838485692862107168e+00,8.500000000000000611e-02,3.000000000000000000e+00,4.767840060099503025e+06
-5.778875736961078147e+00,2.473299778624158396e+00,3.395526559303384317e+00,1.602802624393604880e+00,8.500000000000000611e-02,3.000000000000000000e+00,4.767840060099503025e+06
-5.995589259387311465e+00,1.316946476868329885e+00,2.667400383623732107e+00,1.756876022976521901e+00,8.500000000000000611e-02,3.000000000000000000e+00,4.767840060099503025e+06
-5.817067093236550690e+00,1.010554659623111418e+00,2.224760875257226544e+00,1.785365609979764123e+00,8.500000000000000611e-02,3.000000000000000000e+00,4.767840060099503025e+06
-5.837310393014909060e+00,1.005040703307392924e+00,2.209758635587673492e+00,1.751551327387866674e+00,8.500000000000000611e-02,3.000000000000000000e+00,4.767840060099503025e+06
-5.859450331208195806e+00,1.053950757484399592e+00,2.318198806070073115e+00,1.792043952830884468e+00,8.500000000000000611e-02,3.000000000000000000e+00,4.767840060099503025e+06
-5.908522257488566076e+00,1.009071231867481711e+00,2.275987206326509860e+00,1.732205780743945933e+00,8.500000000000000611e-02,3.000000000000000000e+00,4.767840060099503025e+06
-5.867245388522557725e+00,1.019264243588972940e+00,2.045939654292657117e+00,1.555827451921722338e+00,8.500000000000000611e-02,3.000000000000000000e+00,4.767840060099503025e+06
-5.876978846301917692e+00,1.017192927375758060e+00,2.026119899167245109e+00,1.521950689118568789e+00,8.500000000000000611e-02,3.000000000000000000e+00,4.767840060099503025e+06
-5.880173692096706262e+00,1.267036491216167793e+00,2.190875254983036147e+00,1.446579394804336616e+00,8.500000000000000611e-02,3.000000000000000000e+00,4.767840060099503025e+06
-5.900169552645709636e+00,1.195778568731471259e+00,2.262504172439347983e+00,1.572491069278479037e+00,8.500000000000000611e-02,3.000000000000000000e+00,4.767840060099503025e+06
-6.001847045566493399e+00,1.088897169653259889e+00,2.364909621250816052e+00,1.680029170522439275e+00,8.500000000000000611e-02,3.000000000000000000e+00,4.767840060099503025e+06
-5.972611717113116114e+00,1.134213064948829119e+00,2.144599281872529239e+00,1.418975606872865836e+00,8.500000000000000611e-02,3.000000000000000000e+00,4.767840060099503025e+06
-6.177291083304480956e+00,1.052237386875466862e+00,2.420180786490895297e+00,1.576975384963877236e+00,8.500000000000000611e-02,3.000000000000000000e+00,4.767840060099503025e+06
-6.097205675095761279e+00,1.066755307278608234e+00,2.208691685223944212e+00,1.410790818052620521e+00,8.500000000000000611e-02,3.000000000000000000e+00,4.767840060099503025e+06
-6.473855736450040865e+00,1.453212015913828647e+00,2.225325337452151775e+00,5.398143079449433390e-01,8.500000000000000611e-02,3.000000000000000000e+00,4.767840060099503025e+06
-6.101713054408472559e+00,2.067930597854552133e+00,2.327643616113800107e+00,3.538612361049335853e-01,8.500000000000000611e-02,3.000000000000000000e+00,4.767840060099503025e+06
-5.362557307003681828e+00,1.371917195844109649e+00,8.148938627256513412e-01,3.172826820644218948e-01,8.500000000000000611e-02,3.000000000000000000e+00,4.767840060099503025e+06
-5.360371098462334949e+00,1.418508358773351574e+00,9.927253333334657981e-01,5.406072154121298601e-01,8.500000000000000611e-02,3.000000000000000000e+00,4.767840060099503025e+06
-5.467463995995720083e+00,1.412243967013744106e+00,1.127585463197491311e+00,6.301763386650975907e-01,8.500000000000000611e-02,3.000000000000000000e+00,4.767840060099503025e+06
-5.817799747150941059e+00,1.483323396690694906e+00,2.092755674526357801e+00,1.196439074567821059e+00,8.500000000000000611e-02,3.000000000000000000e+00,4.767840060099503025e+06
-5.725685491934052962e+00,1.481272522642463674e+00,1.918540961155868363e+00,1.122913522219914029e+00,8.500000000000000611e-02,3.000000000000000000e+00,4.767840060099503025e+06
-6.509446913667424894e+00,1.184552593578734214e+00,2.537421298926892721e+00,1.187003701632902697e+00,8.500000000000000611e-02,3.000000000000000000e+00,4.767840060099503025e+06
-6.125250327485412427e+00,1.397414637311601648e+00,2.073515227898254931e+00,8.903877952914982519e-01,8.500000000000000611e-02,3.000000000000000000e+00,4.767840060099503025e+06
-6.459251225416525521e+00,1.319951290766021579e+00,2.478189652211930216e+00,1.059007307960100119e+00,8.500000000000000611e-02,3.000000000000000000e+00,4.767840060099503025e+06
-6.210603720794064309e+00,1.674747719012921410e+00,2.518612850714989193e+00,1.026314124933424887e+00,8.500000000000000611e-02,3.000000000000000000e+00,4.767840060099503025e+06
-6.108015465053290960e+00,1.076386176234603642e+00,1.612246019565478861e+00,7.315216240021379379e-01,8.500000000000000611e-02,3.000000000000000000e+00,4.767840060099503025e+06
-6.146540040372561187e+00,1.085900052497326129e+00,1.789457480870101147e+00,8.961999607957942260e-01,8.500000000000000611e-02,3.000000000000000000e+00,4.767840060099503025e+06
-5.747552185830047122e+00,4.592154064754896403e-01,4.599883202184722464e-01,4.072462658081644760e-01,8.500000000000000611e-02,3.000000000000000000e+00,4.767840060099503025e+06
-5.789894273828525506e+00,6.595212401575367700e-01,7.199141414706806685e-01,4.457023196211955529e-01,8.500000000000000611e-02,3.000000000000000000e+00,4.767840060099503025e+06
-5.672747307366620362e+00,1.006902196470931710e+00,9.393717557748451075e-01,5.147529635312591001e-01,8.500000000000000611e-02,3.000000000000000000e+00,4.767840060099503025e+06
-5.567236429061107827e+00,9.796195211245056766e-01,6.823406296841303398e-01,3.588052136407248183e-01,8.500000000000000611e-02,3.000000000000000000e+00,4.767840060099503025e+06
-4.968776908494851874e+00,2.385774371521829806e+00,1.374400799637774284e+00,1.742247440448067008e-01,8.500000000000000611e-02,3.000000000000000000e+00,4.767840060099503025e+06
-4.796356371989928924e+00,2.409283882856360304e+00,1.147197328181802423e+00,8.624989363700627520e-02,8.500000000000000611e-02,3.000000000000000000e+00,4.767840060099503025e+06
-4.576848616527940727e+00,2.497164175391892726e+00,9.564332180828518659e-01,-5.166078127642581563e-03,8.500000000000000611e-02,3.000000000000000000e+00,4.767840060099503025e+06
-4.621915778522995844e+00,1.725215526403072186e+00,3.078177458332719274e-01,2.145001048254227272e-01,8.500000000000000611e-02,3.000000000000000000e+00,4.767840060099503025e+06
-4.974314898441761557e+00,2.085160905381317598e+00,1.063190863721564128e+00,2.491021640317839791e-01,8.500000000000000611e-02,3.000000000000000000e+00,4.767840060099503025e+06
-4.392509422792848284e+00,2.530969102273848303e+00,8.385984850672540958e-01,2.337618877179712951e-01,8.500000000000000611e-02,3.000000000000000000e+00,4.767840060099503025e+06
-4.996038312670306070e+00,2.243769196381502073e+00,1.218058575052687775e+00,2.515697522453571588e-01,8.500000000000000611e-02,3.000000000000000000e+00,4.767840060099503025e+06
-5.095399271550981268e+00,2.211116311534202961e+00,1.203450070551880691e+00,1.267216101980905285e-01,8.500000000000000611e-02,3.000000000000000000e+00,4.767840060099503025e+06
-4.516859337504506300e+00,2.660823511146403142e+00,1.054986341984150089e+00,7.491839449540527163e-02,8.500000000000000611e-02,3.000000000000000000e+00,4.767840060099503025e+06
-4.135594713500700514e+00,2.849467933059601776e+00,8.013043488464841602e-01,6.287822953508159785e-03,8.500000000000000611e-02,3.000000000000000000e+00,4.767840060099503025e+06
-5.262629803853474897e+00,1.943366342242915046e+00,1.263211542349806260e+00,3.014842090348442971e-01,8.500000000000000611e-02,3.000000000000000000e+00,4.767840060099503025e+06
-5.275145508732226318e+00,1.917589989017297158e+00,1.183901608618965762e+00,1.768967472601026825e-01,8.500000000000000611e-02,3.000000000000000000e+00,4.767840060099503025e+06
-4.838222796103730516e+00,2.259605337295770067e+00,1.083713083025986457e+00,1.805921808917368976e-01,8.500000000000000611e-02,3.000000000000000000e+00,4.767840060099503025e+06
-4.821163159803155907e+00,1.143743754204469276e+00,1.925438511144461629e-02,2.367994877534567166e-01,8.500000000000000611e-02,3.000000000000000000e+00,4.767840060099503025e+06
-4.828804595946404987e+00,1.082209781278067329e+00,-8.200785474433969213e-02,1.461509817040262948e-01,8.500000000000000611e-02,3.000000000000000000e+00,4.767840060099503025e+06
-5.117056237221756732e+00,1.060598541420796126e+00,3.759174135418054119e-01,4.254260034646604183e-01,8.500000000000000611e-02,3.000000000000000000e+00,4.767840060099503025e+06
-5.861319301024241923e+00,1.966337543748408745e+00,2.068573262731346674e+00,5.038872582872848671e-01,8.500000000000000611e-02,3.000000000000000000e+00,4.767840060099503025e+06
-5.474812901834079426e+00,1.916053497698857022e+00,1.489981064308860681e+00,3.564874791052369263e-01,8.500000000000000611e-02,3.000000000000000000e+00,4.767840060099503025e+06
-5.126089130772954583e+00,1.742154781574999589e+00,8.605309313892139933e-01,2.726333837335875310e-01,8.500000000000000611e-02,3.000000000000000000e+00,4.767840060099503025e+06
-5.748362329087123079e+00,1.275118499827294416e+00,1.150160323025559261e+00,3.839149226372592372e-01,8.500000000000000611e-02,3.000000000000000000e+00,4.767840060099503025e+06
-5.584989331537769885e+00,1.869398836750024273e+00,1.550308723583327719e+00,3.508604617791836189e-01,8.500000000000000611e-02,3.000000000000000000e+00,4.767840060099503025e+06
-5.503928090964524955e+00,2.174789845968387869e+00,1.724858661764306245e+00,2.798687460611964939e-01,8.500000000000000611e-02,3.000000000000000000e+00,4.767840060099503025e+06
-5.427124877299481120e+00,2.030637582256030083e+00,1.477916841803772918e+00,2.440069859751579084e-01,8.500000000000000611e-02,3.000000000000000000e+00,4.767840060099503025e+06
-6.154235261835200532e+00,2.845068061841064644e+00,3.309330893123677342e+00,6.622041028518761419e-01,8.500000000000000611e-02,3.000000000000000000e+00,4.767840060099503025e+06
-6.639662851212786876e+00,2.695825630616658586e+00,3.726290973703794585e+00,7.227624888544322834e-01,8.500000000000000611e-02,3.000000000000000000e+00,4.767840060099503025e+06
-6.439231131364593352e+00,2.547211001683947096e+00,3.345188465997449345e+00,6.938004935714637833e-01,8.500000000000000611e-02,3.000000000000000000e+00,4.767840060099503025e+06
-6.220497267189657897e+00,2.593701839793923547e+00,3.108691310358602244e+00,6.395934426749517732e-01,8.500000000000000611e-02,3.000000000000000000e+00,4.767840060099503025e+06
-5.909419313569474141e+00,2.614181908940731436e+00,2.919084553552758532e+00,7.554272035613573966e-01,8.500000000000000611e-02,3.000000000000000000e+00,4.767840060099503025e+06
-5.496610357996652318e+00,2.020899281180229323e+00,1.745724853082354144e+00,5.316716560987597706e-01,8.500000000000000611e-02,3.000000000000000000e+00,4.767840060099503025e+06
-5.451995668476263823e+00,2.895253202266930614e+00,2.378567880938077028e+00,2.504221784076624546e-01,8.500000000000000611e-02,3.000000000000000000e+00,4.767840060099503025e+06
-5.375735297649781863e+00,2.579714635005038392e+00,2.204109207899037415e+00,5.436259461304565610e-01,8.500000000000000611e-02,3.000000000000000000e+00,4.767840060099503025e+06
-5.456774956388293241e+00,2.236557599099148419e+00,1.972541569884349588e+00,5.810644862622504903e-01,8.500000000000000611e-02,3.000000000000000000e+00,4.767840060099503025e+06
-5.302038481953086801e+00,2.404650201931577413e+00,2.090492258727143504e+00,7.376372700537324745e-01,8.500000000000000611e-02,3.000000000000000000e+00,4.767840060099503025e+06
-5.715970724371216782e+00,2.149614331572322623e+00,2.297420811053544121e+00,7.828366490516631693e-01,8.500000000000000611e-02,3.000000000000000000e+00,4.767840060099503025e+06
-5.373987487003841323e+00,1.614711170844532084e+00,1.054785744350115850e+00,3.101612692761844259e-01,8.500000000000000611e-02,3.000000000000000000e+00,4.767840060099503025e+06
-5.378506065303353623e+00,1.672911669602749285e+00,1.122400513264060873e+00,3.099420911790135014e-01,8.500000000000000611e-02,3.000000000000000000e+00,4.767840060099503025e+06
-5.356678364794313474e+00,1.652931732654778108e+00,1.056049509721610047e+00,2.782395575092090345e-01,8.500000000000000611e-02,3.000000000000000000e+00,4.767840060099503025e+06
-5.272966791062202674e+00,1.551290238836000146e+00,9.296600499389163774e-01,3.549370845539149277e-01,8.500000000000000611e-02,3.000000000000000000e+00,4.767840060099503025e+06
-5.348687428163930058e+00,1.452165507719941351e+00,9.442070755229867718e-01,3.889115505312476517e-01,8.500000000000000611e-02,3.000000000000000000e+00,4.767840060099503025e+06
-4.957512927304078332e+00,1.696935110422374660e+00,6.087111821431663294e-01,1.672804928344360786e-01,8.500000000000000611e-02,3.000000000000000000e+00,4.767840060099503025e+06
-5.200107848611894568e+00,1.413491560852599083e+00,6.546553393481056027e-01,2.599094786068257279e-01,8.500000000000000611e-02,3.000000000000000000e+00,4.767840060099503025e+06
-5.200107848611894568e+00,1.413491560852599083e+00,6.546553393481056027e-01,2.599094786068257279e-01,8.500000000000000611e-02,3.000000000000000000e+00,4.767840060099503025e+06
-5.093746027767781293e+00,1.160636648042792318e+00,2.448237210782460982e-01,1.818356089176209611e-01,8.500000000000000611e-02,3.000000000000000000e+00,4.767840060099503025e+06
-5.357347978071305583e+00,1.166388908390732393e+00,5.774665804124219370e-01,2.744795734585521174e-01,8.500000000000000611e-02,3.000000000000000000e+00,4.767840060099503025e+06
-5.030412543368805167e+00,1.311936656706031101e+00,5.616901113569627846e-01,5.277855782769562687e-01,8.500000000000000611e-02,3.000000000000000000e+00,4.767840060099503025e+06
-5.181011943516617535e+00,2.120701490954804314e+00,1.721149227616832089e+00,8.383072117436026760e-01,8.500000000000000611e-02,3.000000000000000000e+00,4.767840060099503025e+06
-5.216176033247480248e+00,1.908015861802485613e+00,1.658425372566403100e+00,9.657491573091387949e-01,8.500000000000000611e-02,3.000000000000000000e+00,4.767840060099503025e+06
-5.073097165249357055e+00,2.233732471140432274e+00,1.743067452897205882e+00,8.825936045342197556e-01,8.500000000000000611e-02,3.000000000000000000e+00,4.767840060099503025e+06
-5.509590912874755553e+00,1.885771483354679479e+00,1.824279023914016529e+00,8.040244382829290215e-01,8.500000000000000611e-02,3.000000000000000000e+00,4.767840060099503025e+06
-5.206087691743946699e+00,1.983029132158015795e+00,1.523660793239616673e+00,7.582274554361325691e-01,8.500000000000000611e-02,3.000000000000000000e+00,4.767840060099503025e+06
-5.477485006619612129e+00,1.793465253068098786e+00,1.744645624291418562e+00,9.046444171792511479e-01,8.500000000000000611e-02,3.000000000000000000e+00,4.767840060099503025e+06
-5.888870626636840022e+00,1.622046798328332429e+00,2.130700055121493630e+00,1.008886652790341065e+00,8.500000000000000611e-02,3.000000000000000000e+00,4.767840060099503025e+06
-5.684625717669961276e+00,1.934752669523970514e+00,2.168646973465823358e+00,9.792561518814451027e-01,8.500000000000000611e-02,3.000000000000000000e+00,4.767840060099503025e+06
-5.992384376149893832e+00,1.906805702286802129e+00,2.576022765545373794e+00,1.074158090526516895e+00,8.500000000000000611e-02,3.000000000000000000e+00,4.767840060099503025e+06
-5.999832429172102799e+00,1.402821631920602163e+00,1.767522622345096384e+00,7.059223604415806319e-01,8.500000000000000611e-02,3.000000000000000000e+00,4.767840060099503025e+06
-6.404804445463389229e+00,2.155881952228893006e+00,2.868273281043804079e+00,6.510347118592624271e-01,8.500000000000000611e-02,3.000000000000000000e+00,4.767840060099503025e+06
-5.929490758664206496e+00,1.543925728625072491e+00,1.656628024220738071e+00,4.546770652271055480e-01,8.500000000000000611e-02,3.000000000000000000e+00,4.767840060099503025e+06
-5.997909876501888782e+00,1.531452499955727298e+00,1.612564492255206705e+00,3.269616781182859144e-01,8.500000000000000611e-02,3.000000000000000000e+00,4.767840060099503025e+06
-5.953497157747717594e+00,1.907145320803659949e+00,2.564763411139618920e+00,1.133316359899388281e+00,8.500000000000000611e-02,3.000000000000000000e+00,4.767840060099503025e+06
-5.988235140684929014e+00,1.559092158890613700e+00,2.158305680590734799e+00,1.002421371384567106e+00,8.500000000000000611e-02,3.000000000000000000e+00,4.767840060099503025e+06
-5.970953016375393219e+00,1.522307602490417633e+00,2.133499391291774572e+00,1.030312983712659669e+00,8.500000000000000611e-02,3.000000000000000000e+00,4.767840060099503025e+06
-5.864063132450485938e+00,1.537322207993142786e+00,1.871914891740790399e+00,8.279177896842943030e-01,8.500000000000000611e-02,3.000000000000000000e+00,4.767840060099503025e+06
-5.768306154550863596e+00,2.082187622375430980e+00,2.229127115113129776e+00,7.326540259738225647e-01,8.500000000000000611e-02,3.000000000000000000e+00,4.767840060099503025e+06
-5.805215478369598614e+00,2.972917370119731117e+00,3.037510783252497681e+00,5.545122527865389284e-01,8.500000000000000611e-02,3.000000000000000000e+00,4.767840060099503025e+06
-5.723938696661073244e+00,2.875697193562350762e+00,2.838703803890105792e+00,5.512375352877235679e-01,8.500000000000000611e-02,3.000000000000000000e+00,4.767840060099503025e+06
-6.144298672255443350e+00,2.945802679831386328e+00,3.383661203625643488e+00,6.211454476391855550e-01,8.500000000000000611e-02,3.000000000000000000e+00,4.767840060099503025e+06
-6.226429152604883832e+00,2.391201822085694761e+00,2.860963475786602039e+00,5.105740072133306828e-01,8.500000000000000611e-02,3.000000000000000000e+00,4.767840060099503025e+06
-6.187196865288576930e+00,2.226714585425912496e+00,2.619788670168801126e+00,4.575058190186731544e-01,8.500000000000000611e-02,3.000000000000000000e+00,4.767840060099503025e+06
-6.249173482370706800e+00,2.350101067424121837e+00,2.795494948325462747e+00,4.442904484688002253e-01,8.500000000000000611e-02,3.000000000000000000e+00,4.767840060099503025e+06
-6.306540014653894133e+00,2.833349510895704526e+00,3.393435758905780641e+00,5.574069446539524630e-01,8.500000000000000611e-02,3.000000000000000000e+00,4.767840060099503025e+06
-6.359382023796122496e+00,2.637003095504458994e+00,3.247720904732480651e+00,5.949641760206034746e-01,8.500000000000000611e-02,3.000000000000000000e+00,4.767840060099503025e+06
-6.624211167963814262e+00,2.308003600700412328e+00,3.233811745897634093e+00,6.150933899380717218e-01,8.500000000000000611e-02,3.000000000000000000e+00,4.767840060099503025e+06
-6.306017965293961858e+00,2.141126138952919256e+00,2.742900833001135741e+00,6.331814112914466719e-01,8.500000000000000611e-02,3.000000000000000000e+00,4.767840060099503025e+06
-6.507405765951378207e+00,2.377170009996387279e+00,3.132017688900048835e+00,5.882866381568011560e-01,8.500000000000000611e-02,3.000000000000000000e+00,4.767840060099503025e+06
-6.176155801144235902e+00,1.842933132603063351e+00,2.186898096618852705e+00,3.915943622283728498e-01,8.500000000000000611e-02,3.000000000000000000e+00,4.767840060099503025e+06
-6.709211453430999228e+00,2.489733595586489656e+00,3.443796974663712707e+00,5.256026755734113376e-01,8.500000000000000611e-02,3.000000000000000000e+00,4.767840060099503025e+06
-6.483142772599624237e+00,2.950698651088169200e+00,3.626781659124511226e+00,4.513093774990065143e-01,8.500000000000000611e-02,3.000000000000000000e+00,4.767840060099503025e+06
-6.339937928026159852e+00,2.662373199769547671e+00,3.202012484063060604e+00,4.507092378705648272e-01,8.500000000000000611e-02,3.000000000000000000e+00,4.767840060099503025e+06
-6.136275700432009650e+00,2.209249011396098084e+00,2.571991245206386889e+00,5.337116745727590317e-01,8.500000000000000611e-02,3.000000000000000000e+00,4.767840060099503025e+06
-6.111991304158042482e+00,2.193133275332511012e+00,2.532174037974481706e+00,5.366083428976814451e-01,8.500000000000000611e-02,3.000000000000000000e+00,4.767840060099503025e+06
-6.116033885948478854e+00,2.200705291940160624e+00,2.542341560618833984e+00,5.346613647914031375e-01,8.500000000000000611e-02,3.000000000000000000e+00,4.767840060099503025e+06
-5.461213342343421928e+00,2.728417745030899066e+00,2.279238421231245315e+00,4.046744309520197702e-01,8.500000000000000611e-02,3.000000000000000000e+00,4.767840060099503025e+06
-5.820343043538496630e+00,2.319061134924919276e+00,2.521575107729583376e+00,7.337565757589312732e-01,8.500000000000000611e-02,3.000000000000000000e+00,4.767840060099503025e+06
-6.152183728487385928e+00,2.684357079510063748e+00,3.277017818006274563e+00,8.171198691318557472e-01,8.500000000000000611e-02,3.000000000000000000e+00,4.767840060099503025e+06
-6.252708809356128938e+00,2.234398402693487107e+00,3.214676474541054763e+00,1.106157807952846461e+00,8.500000000000000611e-02,3.000000000000000000e+00,4.767840060099503025e+06
-6.445322740066234957e+00,2.416795299160401811e+00,3.701658716024899043e+00,1.217993140096886417e+00,8.500000000000000611e-02,3.000000000000000000e+00,4.767840060099503025e+06
-6.376249195651111812e+00,2.817710826279849812e+00,3.923974436667426069e+00,1.090161491171916852e+00,8.500000000000000611e-02,3.000000000000000000e+00,4.767840060099503025e+06
-6.381301457122026122e+00,2.830955768694925823e+00,3.950069202768394128e+00,1.098448761356878078e+00,8.500000000000000611e-02,3.000000000000000000e+00,4.767840060099503025e+06
-6.265516953182854287e+00,2.728855468740601697e+00,3.630955805025898098e+00,1.014101924534265509e+00,8.500000000000000611e-02,3.000000000000000000e+00,4.767840060099503025e+06
-6.379828805715798801e+00,2.855312624453639980e+00,3.757847096585050561e+00,8.704286252316046912e-01,8.500000000000000611e-02,3.000000000000000000e+00,4.767840060099503025e+06
-4.628142914589899348e+00,2.427208388162115149e+00,9.438460130570673901e-01,1.060037613612811458e-01,8.500000000000000611e-02,3.000000000000000000e+00,4.767840060099503025e+06
-5.447565352294541974e+00,1.512208980620440624e+00,1.092954319674900088e+00,3.556025830632489892e-01,8.500000000000000611e-02,3.000000000000000000e+00,4.767840060099503025e+06
-5.327327121439576985e+00,1.421361755230538204e+00,8.303118792325977493e-01,3.587196372982899839e-01,8.500000000000000611e-02,3.000000000000000000e+00,4.767840060099503025e+06
-5.285725342571423013e+00,1.165185942618462089e+00,5.620800330804566203e-01,4.079477146286851208e-01,8.500000000000000611e-02,3.000000000000000000e+00,4.767840060099503025e+06
-5.289551651355965056e+00,1.388321029534167250e+00,8.604292659119745501e-01,4.852631685660208638e-01,8.500000000000000611e-02,3.000000000000000000e+00,4.767840060099503025e+06
-5.631213403983149846e+00,1.454284267066241920e+00,1.257983633345899577e+00,4.420255219064989083e-01,8.500000000000000611e-02,3.000000000000000000e+00,4.767840060099503025e+06
-5.554777328815494464e+00,1.156123120608049781e+00,8.598282874971475698e-01,3.807609070384466166e-01,8.500000000000000611e-02,3.000000000000000000e+00,4.767840060099503025e+06
-5.559495800869248328e+00,1.216900216581882521e+00,8.911800606420335891e-01,3.424679537499012438e-01,8.500000000000000611e-02,3.000000000000000000e+00,4.767840060099503025e+06
-5.752015882197731855e+00,2.038313093046571822e+00,1.876108977256913057e+00,3.180886980030449562e-01,8.500000000000000611e-02,3.000000000000000000e+00,4.767840060099503025e+06
-5.956054622714632707e+00,1.203880546371039806e+00,1.240916419621930000e+00,2.465344245634241149e-01,8.500000000000000611e-02,3.000000000000000000e+00,4.767840060099503025e+06
-6.478634486432753192e+00,1.170767778515430901e+00,1.795855728759677916e+00,2.820097947442668507e-01,8.500000000000000611e-02,3.000000000000000000e+00,4.767840060099503025e+06
-5.803323610650822140e+00,7.169139863760458642e-01,8.270056052566889804e-01,5.237188274016277845e-01,8.500000000000000611e-02,3.000000000000000000e+00,4.767840060099503025e+06
-5.677204325634994220e+00,8.075908968877810734e-01,7.703590567972210534e-01,4.992553302093241108e-01,8.500000000000000611e-02,3.000000000000000000e+00,4.767840060099503025e+06
-5.922333204271726714e+00,1.051224949306375445e+00,1.225366767665528434e+00,4.992829775814511262e-01,8.500000000000000611e-02,3.000000000000000000e+00,4.767840060099503025e+06
-6.223938439485622531e+00,1.081250541606327165e+00,1.693746103724192764e+00,6.613652126474878212e-01,8.500000000000000611e-02,3.000000000000000000e+00,4.767840060099503025e+06
-6.436339836328861530e+00,6.752080882074158463e-01,1.517221685704424727e+00,6.216808675338079127e-01,8.500000000000000611e-02,3.000000000000000000e+00,4.767840060099503025e+06
-5.903106338875742765e+00,1.329845372227774769e+00,1.390920732258304593e+00,4.008773268724127314e-01,8.500000000000000611e-02,3.000000000000000000e+00,4.767840060099503025e+06
-6.006113643486414411e+00,9.333392718670849852e-01,1.005102415772880953e+00,1.030719731950137108e-01,8.500000000000000611e-02,3.000000000000000000e+00,4.767840060099503025e+06
-5.822784649385247313e+00,1.132596430465737214e+00,1.072521235625141012e+00,2.778256648022182640e-01,8.500000000000000611e-02,3.000000000000000000e+00,4.767840060099503025e+06
-5.724007843149003349e+00,1.102095211846723322e+00,8.620746792087157218e-01,1.114430004655082573e-01,8.500000000000000611e-02,3.000000000000000000e+00,4.767840060099503025e+06
-5.557255520741901655e+00,7.157489691087344230e-01,5.045581231769267205e-01,4.054624792522543708e-01,8.500000000000000611e-02,3.000000000000000000e+00,4.767840060099503025e+06
-5.345613262052594905e+00,4.824837964465726881e-01,2.036079963587278385e-02,3.129945499073958914e-01,8.500000000000000611e-02,3.000000000000000000e+00,4.767840060099503025e+06
-5.338785522138845607e+00,5.755815253113776286e-01,1.213112547848318457e-01,3.403202375157117210e-01,8.500000000000000611e-02,3.000000000000000000e+00,4.767840060099503025e+06
-5.363106928119068861e+00,2.804519795960339068e-01,-4.928389075894379356e-03,3.966577318448535339e-01,8.500000000000000611e-02,3.000000000000000000e+00,4.767840060099503025e+06
-5.542503511096520619e+00,4.054509772440857418e-01,3.413035204662893674e-01,4.683995982703137440e-01,8.500000000000000611e-02,3.000000000000000000e+00,4.767840060099503025e+06
-5.410705761407745840e+00,2.689660490705712004e-01,4.916361808825175927e-02,4.164757391444394719e-01,8.500000000000000611e-02,3.000000000000000000e+00,4.767840060099503025e+06
-5.468397439827314521e+00,6.402807338198444054e-01,4.192343407087166796e-01,4.749046090461544467e-01,8.500000000000000611e-02,3.000000000000000000e+00,4.767840060099503025e+06
-5.805287876247637868e+00,6.243060915062805805e-01,8.351130154322361498e-01,6.252716663693330679e-01,8.500000000000000611e-02,3.000000000000000000e+00,4.767840060099503025e+06
-5.658600745723579628e+00,6.167476534440426983e-01,6.585519415763523288e-01,6.016987601520612516e-01,8.500000000000000611e-02,3.000000000000000000e+00,4.767840060099503025e+06
-5.658600745723579628e+00,6.167476534440426983e-01,6.585519415763523288e-01,6.016987601520612516e-01,8.500000000000000611e-02,3.000000000000000000e+00,4.767840060099503025e+06
-5.667266150976985273e+00,6.525349965677738062e-01,8.599766510494890603e-01,7.955164244613396329e-01,8.500000000000000611e-02,3.000000000000000000e+00,4.767840060099503025e+06
-5.820706970442198092e+00,7.216849853698192874e-01,1.159272309797544143e+00,8.785022477536100771e-01,8.500000000000000611e-02,3.000000000000000000e+00,4.767840060099503025e+06
-5.882365516775677428e+00,6.098463988052051921e-01,1.169512627346074307e+00,9.574686169852270057e-01,8.500000000000000611e-02,3.000000000000000000e+00,4.767840060099503025e+06
-5.999366117444917990e+00,8.008441986168099991e-01,1.266724448103542677e+00,7.584070392276347494e-01,8.500000000000000611e-02,3.000000000000000000e+00,4.767840060099503025e+06
-6.073624241153442682e+00,1.770486524962697761e+00,2.508336566661414579e+00,1.034072372556265051e+00,8.500000000000000611e-02,3.000000000000000000e+00,4.767840060099503025e+06
-6.040711001700496574e+00,1.054564406622316763e+00,2.115537231882754998e+00,1.370640212418572590e+00,8.500000000000000611e-02,3.000000000000000000e+00,4.767840060099503025e+06
-6.165702742423029292e+00,1.117359177415391702e+00,2.332983062151728237e+00,1.414357220685414696e+00,8.500000000000000611e-02,3.000000000000000000e+00,4.767840060099503025e+06
-6.059641987625646209e+00,1.191779130125613539e+00,2.284139158732357622e+00,1.407371068880005183e+00,8.500000000000000611e-02,3.000000000000000000e+00,4.767840060099503025e+06
-6.056973517121074124e+00,1.152610192409029288e+00,2.199929364564325862e+00,1.362988476282526396e+00,8.500000000000000611e-02,3.000000000000000000e+00,4.767840060099503025e+06
-5.260452652172225463e+00,1.449870766353610119e+00,1.370165311860685797e+00,1.065726110149951111e+00,8.500000000000000611e-02,3.000000000000000000e+00,4.767840060099503025e+06
-5.206187402224872862e+00,1.178140198255939186e+00,1.080325213240009630e+00,1.100986509238799371e+00,8.500000000000000611e-02,3.000000000000000000e+00,4.767840060099503025e+06
-4.909161750908248578e+00,7.267740187796187801e-01,2.421620466406335659e-01,9.620000063978433325e-01,8.500000000000000611e-02,3.000000000000000000e+00,4.767840060099503025e+06
-4.906348208252694576e+00,7.108565311616651394e-01,2.283976286165786962e-01,9.642622487082770366e-01,8.500000000000000611e-02,3.000000000000000000e+00,4.767840060099503025e+06
-5.608353416022905158e+00,9.532565548795403076e-01,1.108286826030935757e+00,8.642229713783086131e-01,8.500000000000000611e-02,3.000000000000000000e+00,4.767840060099503025e+06
-5.402313960305420437e+00,6.585261266922916024e-01,5.406912732492106244e-01,7.625405338497295293e-01,8.500000000000000611e-02,3.000000000000000000e+00,4.767840060099503025e+06
-5.146051698293327092e+00,6.634145678769517440e-01,1.276708875553809186e-01,5.959106460574009612e-01,8.500000000000000611e-02,3.000000000000000000e+00,4.767840060099503025e+06
-5.018272191990004849e+00,8.157710416769645700e-01,1.601728571977956150e-01,6.293485931164224390e-01,8.500000000000000611e-02,3.000000000000000000e+00,4.767840060099503025e+06
-5.018272191990004849e+00,8.157710416769645700e-01,1.601728571977956150e-01,6.293485931164224390e-01,8.500000000000000611e-02,3.000000000000000000e+00,4.767840060099503025e+06
-5.183116596909801643e+00,6.570343022540119371e-01,1.442543006386238780e-01,5.841628802585512314e-01,8.500000000000000611e-02,3.000000000000000000e+00,4.767840060099503025e+06
-5.408053129398934900e+00,1.047231589868734769e+00,7.206718002001122336e-01,5.320195284866241492e-01,8.500000000000000611e-02,3.000000000000000000e+00,4.767840060099503025e+06
-5.439018464093341443e+00,6.100444580929613725e-01,3.278501927926988913e-01,4.575260960397306564e-01,8.500000000000000611e-02,3.000000000000000000e+00,4.767840060099503025e+06
-5.387709861390100663e+00,3.912627341885661636e-01,3.843068171060615157e-02,4.116802741749189809e-01,8.500000000000000611e-02,3.000000000000000000e+00,4.767840060099503025e+06
-5.614681006245857198e+00,5.521823354114651083e-01,6.143561214597461628e-01,6.375651502614829713e-01,8.500000000000000611e-02,3.000000000000000000e+00,4.767840060099503025e+06
-5.614681006245857198e+00,5.521823354114651083e-01,6.143561214597461628e-01,6.375651502614829713e-01,8.500000000000000611e-02,3.000000000000000000e+00,4.767840060099503025e+06
-5.842502883880853481e+00,1.058932900295159740e+00,1.260889078279998854e+00,6.325523077103782921e-01,8.500000000000000611e-02,3.000000000000000000e+00,4.767840060099503025e+06
-5.776100188286579673e+00,1.117347614041223069e+00,1.102800320408432899e+00,4.779258703009935383e-01,8.500000000000000611e-02,3.000000000000000000e+00,4.767840060099503025e+06
-5.755100865786830333e+00,1.308728338879905584e+00,1.185923098527338571e+00,3.758910170828460573e-01,8.500000000000000611e-02,3.000000000000000000e+00,4.767840060099503025e+06
-5.711815039492766033e+00,1.147173797717778720e+00,1.299707678028307001e+00,7.119161551916837194e-01,8.500000000000000611e-02,3.000000000000000000e+00,4.767840060099503025e+06
-6.035115084688709608e+00,1.115469107984008224e+00,1.564984090270754358e+00,6.994734310203160055e-01,8.500000000000000611e-02,3.000000000000000000e+00,4.767840060099503025e+06
-6.023107112451585365e+00,7.758175844463797155e-01,1.421015047339888593e+00,9.133408502203170798e-01,8.500000000000000611e-02,3.000000000000000000e+00,4.767840060099503025e+06
-5.768351246378863095e+00,8.908497586266093116e-01,1.176901777198195331e+00,8.325317971946082363e-01,8.500000000000000611e-02,3.000000000000000000e+00,4.767840060099503025e+06
-5.492220421621640369e+00,9.376024656684005532e-01,7.166664525331167823e-01,6.094734610375104333e-01,8.500000000000000611e-02,3.000000000000000000e+00,4.767840060099503025e+06
-5.626584285231385429e+00,1.611237901410147222e+00,1.645329241194607661e+00,7.962755996155268523e-01,8.500000000000000611e-02,3.000000000000000000e+00,4.767840060099503025e+06
-5.987211891493970484e+00,1.427506188377733576e+00,1.832758729661046360e+00,7.872893114506092083e-01,8.500000000000000611e-02,3.000000000000000000e+00,4.767840060099503025e+06
-6.090552891266809432e+00,1.563054744462019974e+00,2.143057094728379575e+00,8.170932613587580384e-01,8.500000000000000611e-02,3.000000000000000000e+00,4.767840060099503025e+06
-5.613457111045161874e+00,1.620805102165812084e+00,1.370375780248517250e+00,4.439695031217772980e-01,8.500000000000000611e-02,3.000000000000000000e+00,4.767840060099503025e+06
-5.358512391737319192e+00,1.741716795305245036e+00,1.272785483109986071e+00,4.807195040542400211e-01,8.500000000000000611e-02,3.000000000000000000e+00,4.767840060099503025e+06
-5.221856420205298832e+00,1.648102904030803284e+00,9.717544214289215443e-01,3.941283973194878998e-01,8.500000000000000611e-02,3.000000000000000000e+00,4.767840060099503025e+06
-5.119801496429480459e+00,1.231328506686536928e+00,3.647046491740515428e-01,2.706545710229296131e-01,8.500000000000000611e-02,3.000000000000000000e+00,4.767840060099503025e+06
-5.319443512567647581e+00,1.196530874284764678e+00,6.698265591672027952e-01,4.314715493080154562e-01,8.500000000000000611e-02,3.000000000000000000e+00,4.767840060099503025e+06
-5.330672200235429870e+00,1.457321312763177890e+00,1.016445553880900521e+00,5.368974110012024736e-01,8.500000000000000611e-02,3.000000000000000000e+00,4.767840060099503025e+06
-4.947253951840543174e+00,1.490058602897421203e+00,6.042149814799759877e-01,4.887187499319292083e-01,8.500000000000000611e-02,3.000000000000000000e+00,4.767840060099503025e+06
-5.047379343644339933e+00,1.660343149434678311e+00,8.556982056218610522e-01,4.447250187089236695e-01,8.500000000000000611e-02,3.000000000000000000e+00,4.767840060099503025e+06
-5.872136077266450371e+00,1.127187693103139043e+00,1.161076304169885498e+00,4.221733312817759209e-01,8.500000000000000611e-02,3.000000000000000000e+00,4.767840060099503025e+06
-5.750475697233636829e+00,1.003750667375115091e+00,1.221036174122063445e+00,7.812484243366644154e-01,8.500000000000000611e-02,3.000000000000000000e+00,4.767840060099503025e+06
-5.590110887866984513e+00,1.099289533756163673e+00,1.130136224368150533e+00,7.869232190447390529e-01,8.500000000000000611e-02,3.000000000000000000e+00,4.767840060099503025e+06
-5.626071464194022376e+00,1.553924969473450046e+00,1.545704187989834111e+00,7.138754945385384909e-01,8.500000000000000611e-02,3.000000000000000000e+00,4.767840060099503025e+06
-5.644241493347582406e+00,1.194027591855660875e+00,1.080924581619568947e+00,5.447945849736447466e-01,8.500000000000000611e-02,3.000000000000000000e+00,4.767840060099503025e+06
-5.735509337067900226e+00,1.268769830931626652e+00,1.294946005201687456e+00,5.753630514234879811e-01,8.500000000000000611e-02,3.000000000000000000e+00,4.767840060099503025e+06
-5.640246385140274654e+00,1.347794663592102093e+00,1.323921355064507477e+00,6.446121340411588019e-01,8.500000000000000611e-02,3.000000000000000000e+00,4.767840060099503025e+06
-5.638361068627752104e+00,1.486474970539992446e+00,1.518790261105410266e+00,7.711811720758469102e-01,8.500000000000000611e-02,3.000000000000000000e+00,4.767840060099503025e+06
-5.458780601718588699e+00,1.505980311917037406e+00,1.608058717011771499e+00,1.039495508769471277e+00,8.500000000000000611e-02,3.000000000000000000e+00,4.767840060099503025e+06
-4.397321073612124209e+00,9.994108123148395251e-01,-2.421649964423062684e-01,7.472095079340989043e-01,8.500000000000000611e-02,3.000000000000000000e+00,4.767840060099503025e+06
-4.663504141522434310e+00,1.455324467572425728e+00,5.210237736079674775e-01,8.445203187158065727e-01,8.500000000000000611e-02,3.000000000000000000e+00,4.767840060099503025e+06
-5.685367337256442610e+00,2.024592449970144870e+00,2.146826904441213379e+00,8.097494362511949983e-01,8.500000000000000611e-02,3.000000000000000000e+00,4.767840060099503025e+06
-5.642585692850125234e+00,1.898857948348980695e+00,2.042124385259756369e+00,9.138295477752195195e-01,8.500000000000000611e-02,3.000000000000000000e+00,4.767840060099503025e+06
-5.526263129255615247e+00,1.944213821275544207e+00,1.830732131996344325e+00,7.638770402050494290e-01,8.500000000000000611e-02,3.000000000000000000e+00,4.767840060099503025e+06
-5.723776560372114908e+00,1.816841445231480501e+00,2.180629511094648088e+00,1.045819092489762347e+00,8.500000000000000611e-02,3.000000000000000000e+00,4.767840060099503025e+06
-5.356760442912337439e+00,1.688764108517461615e+00,1.659116007417124727e+00,1.032912746723164910e+00,8.500000000000000611e-02,3.000000000000000000e+00,4.767840060099503025e+06
-5.543976025695402043e+00,2.070658459405832819e+00,1.966220557896117604e+00,7.244193089498810467e-01,8.500000000000000611e-02,3.000000000000000000e+00,4.767840060099503025e+06
-4.824682709402372538e+00,2.662785072385103646e+00,1.487609652294608065e+00,2.319028441697103260e-01,8.500000000000000611e-02,3.000000000000000000e+00,4.767840060099503025e+06
-4.746298871845749723e+00,2.959666791522496787e+00,1.673455379083649053e+00,1.971942323875676140e-01,8.500000000000000611e-02,3.000000000000000000e+00,4.767840060099503025e+06
-4.710521536971258527e+00,2.605085880931811815e+00,1.311035642687118585e+00,3.066511287736810032e-01,8.500000000000000611e-02,3.000000000000000000e+00,4.767840060099503025e+06
-5.048496478654166175e+00,1.947086604986087099e+00,1.036437102302694591e+00,2.892870887895261367e-01,8.500000000000000611e-02,3.000000000000000000e+00,4.767840060099503025e+06
-4.800123814443804093e+00,2.206484577762409138e+00,8.705711259998806240e-01,2.507001455723201211e-02,8.500000000000000611e-02,3.000000000000000000e+00,4.767840060099503025e+06
-5.124483710695182381e+00,1.939802391787176949e+00,1.137704696233533541e+00,3.724788447042778339e-01,8.500000000000000611e-02,3.000000000000000000e+00,4.767840060099503025e+06
-4.960281773236709491e+00,1.648315288982115323e+00,7.382623977550527572e-01,4.634031280641240924e-01,8.500000000000000611e-02,3.000000000000000000e+00,4.767840060099503025e+06
-4.849647813278348707e+00,2.046262597487306767e+00,1.124399080771731674e+00,6.439032173267678072e-01,8.500000000000000611e-02,3.000000000000000000e+00,4.767840060099503025e+06
-5.307292134009883533e+00,1.382287755917151584e+00,1.073557112788958046e+00,7.539295440489779399e-01,8.500000000000000611e-02,3.000000000000000000e+00,4.767840060099503025e+06
-5.171144489116832332e+00,1.187955248384474416e+00,9.108948858877005117e-01,9.260087190159049797e-01,8.500000000000000611e-02,3.000000000000000000e+00,4.767840060099503025e+06
-5.467434504183375843e+00,1.609583621530191966e+00,1.500958032104298123e+00,7.786266429015162860e-01,8.500000000000000611e-02,3.000000000000000000e+00,4.767840060099503025e+06
-5.280177240527883953e+00,1.756556398915712691e+00,1.402436586775308580e+00,7.526908306887424294e-01,8.500000000000000611e-02,3.000000000000000000e+00,4.767840060099503025e+06
-4.892626573094407405e+00,1.668685325143381304e+00,7.853479991287339868e-01,5.783338035509026920e-01,8.500000000000000611e-02,3.000000000000000000e+00,4.767840060099503025e+06
-4.655696414045365827e+00,1.916273106090681688e+00,8.093623942550530748e-01,6.460236597741482178e-01,8.500000000000000611e-02,3.000000000000000000e+00,4.767840060099503025e+06
-5.055710405297046073e+00,2.179464266350292334e+00,1.380527250057368205e+00,4.528439797945774115e-01,8.500000000000000611e-02,3.000000000000000000e+00,4.767840060099503025e+06
-4.964198628003178904e+00,2.508917253061500041e+00,1.672852598450629502e+00,5.879265541427463049e-01,8.500000000000000611e-02,3.000000000000000000e+00,4.767840060099503025e+06
-4.988512271822011179e+00,2.534564268273139298e+00,1.730342987993963799e+00,6.189402227380179644e-01,8.500000000000000611e-02,3.000000000000000000e+00,4.767840060099503025e+06
-5.424197857022080349e+00,2.254967877265484866e+00,1.827616321462468552e+00,4.486624919146307566e-01,8.500000000000000611e-02,3.000000000000000000e+00,4.767840060099503025e+06
-5.908700801218453869e+00,1.777543413027180552e+00,2.008364659350695192e+00,6.516365881930951121e-01,8.500000000000000611e-02,3.000000000000000000e+00,4.767840060099503025e+06
-5.870722040726594315e+00,7.770473430439153173e-01,1.024623796980638435e+00,6.845333353230835804e-01,8.500000000000000611e-02,3.000000000000000000e+00,4.767840060099503025e+06
-5.684332785575025859e+00,8.856869019417125122e-01,8.713275543106259180e-01,5.991350310623053677e-01,8.500000000000000611e-02,3.000000000000000000e+00,4.767840060099503025e+06
-5.341548811659710516e+00,1.464799988623135540e+00,1.053640682934786188e+00,5.492539208994319244e-01,8.500000000000000611e-02,3.000000000000000000e+00,4.767840060099503025e+06
-5.174921339468165904e+00,1.341419680492924149e+00,5.364730311541692220e-01,2.777205458852698428e-01,8.500000000000000611e-02,3.000000000000000000e+00,4.767840060099503025e+06
-5.170332286530700650e+00,1.585907994966247569e+00,9.414748919715731912e-01,4.902150698467297452e-01,8.500000000000000611e-02,3.000000000000000000e+00,4.767840060099503025e+06
-4.750078414661547122e+00,1.445865544442488160e+00,2.873552386505484613e-01,3.395095939612551850e-01,8.500000000000000611e-02,3.000000000000000000e+00,4.767840060099503025e+06
-5.067952133364291178e+00,1.072445448136221335e+00,3.584568655598145970e-01,4.982528737624203896e-01,8.500000000000000611e-02,3.000000000000000000e+00,4.767840060099503025e+06
-5.110513412306402437e+00,9.797216147071202696e-01,4.266618523254674944e-01,6.576551950972071570e-01,8.500000000000000611e-02,3.000000000000000000e+00,4.767840060099503025e+06
-4.802214539902893264e+00,7.668044371335597242e-01,-4.775000146029317882e-02,7.216198118933228045e-01,8.500000000000000611e-02,3.000000000000000000e+00,4.767840060099503025e+06
-4.854379065006352079e+00,8.493251199211849789e-01,-9.875164136449510188e-02,4.514865032661268263e-01,8.500000000000000611e-02,3.000000000000000000e+00,4.767840060099503025e+06
-5.310533365501399317e+00,1.435932392098660859e+00,8.823566797084498869e-01,3.730286800361113375e-01,8.500000000000000611e-02,3.000000000000000000e+00,4.767840060099503025e+06
-5.032264110156758008e+00,9.065549365700886764e-01,7.658403671774416388e-02,2.917784416407872561e-01,8.500000000000000611e-02,3.000000000000000000e+00,4.767840060099503025e+06
-4.862967468977664076e+00,7.824968767988702556e-01,-4.542894255304574802e-01,-2.146447949478003103e-02,8.500000000000000611e-02,3.000000000000000000e+00,4.767840060099503025e+06
-5.304098796776979263e+00,1.254750753612775105e+00,7.244203118878431713e-01,3.853215092767590111e-01,8.500000000000000611e-02,3.000000000000000000e+00,4.767840060099503025e+06
-5.680724688083249596e+00,7.653824284103163400e-01,8.505790892595203045e-01,6.572935550176552955e-01,8.500000000000000611e-02,3.000000000000000000e+00,4.767840060099503025e+06
-5.552563039734285333e+00,9.801422775818493527e-01,8.218143618567845810e-01,5.986273464869558136e-01,8.500000000000000611e-02,3.000000000000000000e+00,4.767840060099503025e+06
-5.624651670533734382e+00,1.012970669097413623e+00,1.530052529315882426e+00,1.274339962511857882e+00,8.500000000000000611e-02,3.000000000000000000e+00,4.767840060099503025e+06
-5.698401059362150356e+00,9.573505463016402928e-01,1.668275175729783122e+00,1.403012836055984591e+00,8.500000000000000611e-02,3.000000000000000000e+00,4.767840060099503025e+06
-5.712148460269307115e+00,1.095476909747224337e+00,1.763968743494013669e+00,1.381477994508532037e+00,8.500000000000000611e-02,3.000000000000000000e+00,4.767840060099503025e+06
-5.596216351361960939e+00,8.994395426684567152e-01,1.272083890085379032e+00,1.118799655371478741e+00,8.500000000000000611e-02,3.000000000000000000e+00,4.767840060099503025e+06
-5.477187829070287783e+00,6.122945630941780681e-01,7.813479746038338725e-01,9.966142728556529606e-01,8.500000000000000611e-02,3.000000000000000000e+00,4.767840060099503025e+06
-5.304899063635274636e+00,8.839082341290176448e-01,6.326739519535251599e-01,7.457047103704101954e-01,8.500000000000000611e-02,3.000000000000000000e+00,4.767840060099503025e+06
-5.361972957396721640e+00,6.834637286602098794e-01,5.660011565227531793e-01,8.142070253198878671e-01,8.500000000000000611e-02,3.000000000000000000e+00,4.767840060099503025e+06
-5.285814130250594545e+00,7.070771616491726697e-01,4.857698385758921766e-01,7.774127886467315784e-01,8.500000000000000611e-02,3.000000000000000000e+00,4.767840060099503025e+06
-5.441237110183647196e+00,6.469283674342980461e-01,6.194927900988027591e-01,8.063489237520531372e-01,8.500000000000000611e-02,3.000000000000000000e+00,4.767840060099503025e+06
-5.443939934327835850e+00,6.889974021780512770e-01,5.342863573244003295e-01,6.786867786236181477e-01,8.500000000000000611e-02,3.000000000000000000e+00,4.767840060099503025e+06
-5.336811076537522958e+00,7.505618194319094716e-01,4.425394891076570580e-01,6.397654627267214122e-01,8.500000000000000611e-02,3.000000000000000000e+00,4.767840060099503025e+06
-5.154314885895955101e+00,8.106418379311708389e-01,2.970859673439250059e-01,6.051976451423960457e-01,8.500000000000000611e-02,3.000000000000000000e+00,4.767840060099503025e+06
-5.169478884301921262e+00,5.846647636511728141e-01,2.440691087072686116e-01,7.692507144510443151e-01,8.500000000000000611e-02,3.000000000000000000e+00,4.767840060099503025e+06
-5.703173276911830847e+00,1.039234004326926808e+00,1.166047446762165096e+00,7.371024922528695011e-01,8.500000000000000611e-02,3.000000000000000000e+00,4.767840060099503025e+06
-5.693102032872999985e+00,1.161302859664888221e+00,1.222900949098677748e+00,6.612100688296873585e-01,8.500000000000000611e-02,3.000000000000000000e+00,4.767840060099503025e+06
-5.782997698708435941e+00,9.037808234648772032e-01,8.669246848991061238e-01,4.180890919761136582e-01,8.500000000000000611e-02,3.000000000000000000e+00,4.767840060099503025e+06
-5.849424834182467059e+00,1.188811411131523110e+00,1.297392272236141064e+00,5.219369591716780388e-01,8.500000000000000611e-02,3.000000000000000000e+00,4.767840060099503025e+06
-5.862858417534212663e+00,1.074495754722545549e+00,1.075364315668072557e+00,3.174511601132614103e-01,8.500000000000000611e-02,3.000000000000000000e+00,4.767840060099503025e+06
-6.068651960271802537e+00,1.648157833435977215e+00,1.938058825924488637e+00,5.158244907801556867e-01,8.500000000000000611e-02,3.000000000000000000e+00,4.767840060099503025e+06
-6.022824429258695211e+00,2.247481137533396289e+00,2.610090120695919058e+00,6.666371482971455986e-01,8.500000000000000611e-02,3.000000000000000000e+00,4.767840060099503025e+06
-6.046584395183526084e+00,2.273000444344529747e+00,2.773884042410516226e+00,8.110384016099362325e-01,8.500000000000000611e-02,3.000000000000000000e+00,4.767840060099503025e+06
-6.258766096911895005e+00,2.845610191412964340e+00,3.511817891221003851e+00,7.926025659092961195e-01,8.500000000000000611e-02,3.000000000000000000e+00,4.767840060099503025e+06
-6.058608585809715841e+00,2.569561133797899188e+00,2.920554049735320845e+00,6.213143557481061174e-01,8.500000000000000611e-02,3.000000000000000000e+00,4.767840060099503025e+06
-6.174485465241368765e+00,2.086994335821485080e+00,2.951450157467487845e+00,1.073914310308384801e+00,8.500000000000000611e-02,3.000000000000000000e+00,4.767840060099503025e+06
-6.437479238239459001e+00,2.156054355946817047e+00,3.408490540688414949e+00,1.213268340287837255e+00,8.500000000000000611e-02,3.000000000000000000e+00,4.767840060099503025e+06
-6.113384237475444571e+00,2.407465833262157684e+00,3.169391401950837128e+00,1.031024210335208746e+00,8.500000000000000611e-02,3.000000000000000000e+00,4.767840060099503025e+06
-5.959887211406663887e+00,2.951894652094194882e+00,3.363259429345886176e+00,7.891948819241773050e-01,8.500000000000000611e-02,3.000000000000000000e+00,4.767840060099503025e+06
-5.959887211406663887e+00,2.951894652094194882e+00,3.363259429345886176e+00,7.891948819241773050e-01,8.500000000000000611e-02,3.000000000000000000e+00,4.767840060099503025e+06
-5.945553891194147234e+00,2.897608638083942978e+00,3.304543047832470215e+00,8.031298478992996426e-01,8.500000000000000611e-02,3.000000000000000000e+00,4.767840060099503025e+06
-5.984358288232260570e+00,2.566955690223870157e+00,3.171048423406286787e+00,1.033144783297102798e+00,8.500000000000000611e-02,3.000000000000000000e+00,4.767840060099503025e+06
-5.935815611276938242e+00,2.078460503103073620e+00,2.660399670431463193e+00,1.028795445627081806e+00,8.500000000000000611e-02,3.000000000000000000e+00,4.767840060099503025e+06
-5.950305345516293087e+00,2.286594729234737944e+00,2.937195784714204727e+00,1.115678883383766085e+00,8.500000000000000611e-02,3.000000000000000000e+00,4.767840060099503025e+06
-6.108116769773513255e+00,1.679630225036090385e+00,2.358509759033750264e+00,9.689611167049052565e-01,8.500000000000000611e-02,3.000000000000000000e+00,4.767840060099503025e+06
-6.146554708270665301e+00,2.080098850865557569e+00,2.657296893864347087e+00,7.863302878971847321e-01,8.500000000000000611e-02,3.000000000000000000e+00,4.767840060099503025e+06
-6.230409567757932976e+00,1.833547925487671648e+00,2.412658332948879103e+00,6.533018991031718237e-01,8.500000000000000611e-02,3.000000000000000000e+00,4.767840060099503025e+06
-6.891940511592505203e+00,1.303344761487580161e+00,2.679809009169622946e+00,7.808716200322340928e-01,8.500000000000000611e-02,3.000000000000000000e+00,4.767840060099503025e+06
-6.154316528400997299e+00,9.568792059611035405e-01,1.596308199644041359e+00,7.681012244587110960e-01,8.500000000000000611e-02,3.000000000000000000e+00,4.767840060099503025e+06
-6.176439575971055085e+00,6.131300245270698834e-01,1.500648518067049908e+00,9.576936964757887250e-01,8.500000000000000611e-02,3.000000000000000000e+00,4.767840060099503025e+06
-6.139917383185732547e+00,7.218154163891756792e-01,1.644888440558911480e+00,1.056733872709006317e+00,8.500000000000000611e-02,3.000000000000000000e+00,4.767840060099503025e+06
-5.852068940784093343e+00,1.394615894157487768e+00,1.508077266542689143e+00,5.854295718824853445e-01,8.500000000000000611e-02,3.000000000000000000e+00,4.767840060099503025e+06
-5.532335735254206632e+00,1.229986634166355675e+00,9.632006766747637228e-01,4.809158625945627596e-01,8.500000000000000611e-02,3.000000000000000000e+00,4.767840060099503025e+06
-5.667761801360840401e+00,1.149782257247160544e+00,1.105677577240046450e+00,5.854719266795118671e-01,8.500000000000000611e-02,3.000000000000000000e+00,4.767840060099503025e+06
-5.563166172677114218e+00,9.082537857600176956e-01,7.607322297641794240e-01,5.904280334022291576e-01,8.500000000000000611e-02,3.000000000000000000e+00,4.767840060099503025e+06
-5.563166172677114218e+00,9.082537857600176956e-01,7.607322297641794240e-01,5.904280334022291576e-01,8.500000000000000611e-02,3.000000000000000000e+00,4.767840060099503025e+06
-5.649816751422492622e+00,9.271962727250588898e-01,7.682905722993726982e-01,4.698650221049570641e-01,8.500000000000000611e-02,3.000000000000000000e+00,4.767840060099503025e+06
-5.467402751131369421e+00,2.234100196354600776e+00,1.883889664749660353e+00,5.656910861508214206e-01,8.500000000000000611e-02,3.000000000000000000e+00,4.767840060099503025e+06
-5.683737219056241408e+00,2.127465637878257709e+00,2.438750141012655526e+00,1.035277094661495534e+00,8.500000000000000611e-02,3.000000000000000000e+00,4.767840060099503025e+06
-5.276646436885695124e+00,2.504626470613946054e+00,2.523306421590151061e+00,1.192597262011190207e+00,8.500000000000000611e-02,3.000000000000000000e+00,4.767840060099503025e+06
-5.407587136007004247e+00,2.478903237220432043e+00,2.537279753018690354e+00,1.089199831841889843e+00,8.500000000000000611e-02,3.000000000000000000e+00,4.767840060099503025e+06
-5.529897055291880470e+00,2.827805206984880471e+00,2.900756633856109712e+00,9.632166982978321856e-01,8.500000000000000611e-02,3.000000000000000000e+00,4.767840060099503025e+06
-5.377856351824430448e+00,2.790162241481898509e+00,2.632443966241268196e+00,8.575092497846744655e-01,8.500000000000000611e-02,3.000000000000000000e+00,4.767840060099503025e+06
-5.331806236684238698e+00,2.882920144572314936e+00,2.638099414702695267e+00,8.150539494406326968e-01,8.500000000000000611e-02,3.000000000000000000e+00,4.767840060099503025e+06
-5.576779506301463130e+00,2.447422008318845599e+00,2.435301990809690675e+00,7.817190125122015498e-01,8.500000000000000611e-02,3.000000000000000000e+00,4.767840060099503025e+06
-5.623131756139495785e+00,2.607251342975166253e+00,2.598824033258169575e+00,7.287990766369070172e-01,8.500000000000000611e-02,3.000000000000000000e+00,4.767840060099503025e+06
-5.608059628457104040e+00,2.922871926096075157e+00,2.791441243548716145e+00,6.287400715214598312e-01,8.500000000000000611e-02,3.000000000000000000e+00,4.767840060099503025e+06
-5.150781169885892297e+00,1.897795491445671168e+00,1.049911033705003494e+00,1.988782642658074584e-01,8.500000000000000611e-02,3.000000000000000000e+00,4.767840060099503025e+06
-4.975787201400540205e+00,1.464772514892070721e+00,4.389868166099525348e-01,2.261203914032422491e-01,8.500000000000000611e-02,3.000000000000000000e+00,4.767840060099503025e+06
-5.484834877320810875e+00,2.247804695941974629e+00,1.703938866365542371e+00,1.722985007663072610e-01,8.500000000000000611e-02,3.000000000000000000e+00,4.767840060099503025e+06
-5.440534155601393529e+00,1.909674746447100224e+00,1.368185039228953626e+00,2.553278752115126782e-01,8.500000000000000611e-02,3.000000000000000000e+00,4.767840060099503025e+06
-6.184603926215781478e+00,2.100297484229266320e+00,2.538195937228409527e+00,5.655116931726446028e-01,8.500000000000000611e-02,3.000000000000000000e+00,4.767840060099503025e+06
-5.861990232372184195e+00,2.075652267471710388e+00,2.173100338817580912e+00,5.350687284807660316e-01,8.500000000000000611e-02,3.000000000000000000e+00,4.767840060099503025e+06
-5.828423376715418769e+00,1.667915339806807173e+00,1.711432152922424121e+00,4.721598409621479697e-01,8.500000000000000611e-02,3.000000000000000000e+00,4.767840060099503025e+06
-5.464870932604398490e+00,1.197368761231054846e+00,8.243202661573927337e-01,4.054466579641589075e-01,8.500000000000000611e-02,3.000000000000000000e+00,4.767840060099503025e+06
-5.464320855545406808e+00,9.633739552338018708e-01,5.400913991658102820e-01,2.873700628950849323e-01,8.500000000000000611e-02,3.000000000000000000e+00,4.767840060099503025e+06
-5.464003520748018872e+00,1.092876362435409865e+00,7.045884704392975095e-01,3.871703848614742038e-01,8.500000000000000611e-02,3.000000000000000000e+00,4.767840060099503025e+06
-5.615958782814963968e+00,9.664830014452868712e-01,7.933712514903505930e-01,4.710679395485012910e-01,8.500000000000000611e-02,3.000000000000000000e+00,4.767840060099503025e+06
-5.126193012097995272e+00,9.870349599026362331e-01,3.015609689034826069e-01,4.902745331691116260e-01,8.500000000000000611e-02,3.000000000000000000e+00,4.767840060099503025e+06
-4.979392106211996349e+00,9.459822672088877837e-01,1.750776628051020634e-02,3.278094541483594360e-01,8.500000000000000611e-02,3.000000000000000000e+00,4.767840060099503025e+06
-4.941266041170944590e+00,8.159103314671849461e-01,-1.133622634927017314e-01,3.493222099450069007e-01,8.500000000000000611e-02,3.000000000000000000e+00,4.767840060099503025e+06
-5.185129278873421121e+00,1.183917329214300374e+00,5.269483235527165910e-01,4.191437719206935197e-01,8.500000000000000611e-02,3.000000000000000000e+00,4.767840060099503025e+06
-5.151221726249201716e+00,1.066382246960231761e+00,3.189648941274382254e-01,3.579920893010229976e-01,8.500000000000000611e-02,3.000000000000000000e+00,4.767840060099503025e+06
-5.302290925273190680e+00,1.687628104214867086e+00,1.123942108517869798e+00,4.246690946458049898e-01,8.500000000000000611e-02,3.000000000000000000e+00,4.767840060099503025e+06
-5.342841541301639907e+00,1.729018664867470134e+00,1.270824228553099955e+00,5.396623776253719473e-01,8.500000000000000611e-02,3.000000000000000000e+00,4.767840060099503025e+06
-4.879666746018643586e+00,1.423703629732281373e+00,3.819384000390743106e-01,3.268739424833017604e-01,8.500000000000000611e-02,3.000000000000000000e+00,4.767840060099503025e+06
-5.199862004352506339e+00,2.156317740427915464e+00,1.366024752525271113e+00,2.243320953165590936e-01,8.500000000000000611e-02,3.000000000000000000e+00,4.767840060099503025e+06
-5.162350932149027294e+00,1.758481087976240254e+00,9.185795426576355283e-01,2.003813616702174727e-01,8.500000000000000611e-02,3.000000000000000000e+00,4.767840060099503025e+06
-4.849414351262865353e+00,2.013312717496927640e+00,7.802396030802891680e-01,1.126480796095269410e-02,8.500000000000000611e-02,3.000000000000000000e+00,4.767840060099503025e+06
-5.366436660327163821e+00,1.640925503708414723e+00,1.166814636402940142e+00,3.550794572728375176e-01,8.500000000000000611e-02,3.000000000000000000e+00,4.767840060099503025e+06
-5.726617644947032737e+00,2.191908694539543845e+00,2.033193148724711907e+00,3.647271659539795818e-01,8.500000000000000611e-02,3.000000000000000000e+00,4.767840060099503025e+06
-5.960572184817843677e+00,1.164682983353108048e+00,1.305905354112679717e+00,4.328626698466799816e-01,8.500000000000000611e-02,3.000000000000000000e+00,4.767840060099503025e+06
-6.063580993404187325e+00,1.553547875061094041e+00,1.801158310098089466e+00,4.677049596479627702e-01,8.500000000000000611e-02,3.000000000000000000e+00,4.767840060099503025e+06
-6.133288577730710678e+00,1.221208519994498420e+00,1.758273365211404871e+00,7.253117665066928232e-01,8.500000000000000611e-02,3.000000000000000000e+00,4.767840060099503025e+06
-6.174928431378836180e+00,6.561881205189787902e-01,1.353527986503969771e+00,7.673583272428795565e-01,8.500000000000000611e-02,3.000000000000000000e+00,4.767840060099503025e+06
-6.312840284408836489e+00,8.634025906587263766e-01,1.734801056065923941e+00,8.265425103966352882e-01,8.500000000000000611e-02,3.000000000000000000e+00,4.767840060099503025e+06
-6.303714472550679737e+00,8.221576568091581994e-01,1.689029156734708659e+00,8.287324073115851508e-01,8.500000000000000611e-02,3.000000000000000000e+00,4.767840060099503025e+06
-6.368835524341595722e+00,8.017872411382149789e-01,1.744370087721741847e+00,8.305023262952087038e-01,8.500000000000000611e-02,3.000000000000000000e+00,4.767840060099503025e+06
-6.406025135221860012e+00,6.498036390990900024e-01,1.612112912410258447e+00,7.868375966972764868e-01,8.500000000000000611e-02,3.000000000000000000e+00,4.767840060099503025e+06
-6.587678169145947393e+00,6.574071137435821832e-01,1.788008445795085999e+00,7.783326293295453890e-01,8.500000000000000611e-02,3.000000000000000000e+00,4.767840060099503025e+06
-6.082763092559135387e+00,8.481713228851097686e-01,1.456199798018346314e+00,7.982600298884270362e-01,8.500000000000000611e-02,3.000000000000000000e+00,4.767840060099503025e+06
-6.081865617713078542e+00,8.641770192267699269e-01,1.471425408372953436e+00,7.991642431968548621e-01,8.500000000000000611e-02,3.000000000000000000e+00,4.767840060099503025e+06
-5.794798744646179500e+00,5.095451568172755241e-01,8.323287953476119494e-01,7.567190877755582967e-01,8.500000000000000611e-02,3.000000000000000000e+00,4.767840060099503025e+06
-5.801545681125160669e+00,5.710838090384644516e-01,8.903209883235193578e-01,7.573932210103053730e-01,8.500000000000000611e-02,3.000000000000000000e+00,4.767840060099503025e+06
-5.526339277726102672e+00,7.923649395971594789e-01,6.287383526368482967e-01,5.446237089444077029e-01,8.500000000000000611e-02,3.000000000000000000e+00,4.767840060099503025e+06
-5.554965743119836930e+00,6.196461280500876745e-01,5.131576517816747174e-01,5.584085300668437668e-01,8.500000000000000611e-02,3.000000000000000000e+00,4.767840060099503025e+06
-5.719589159695927627e+00,5.911793774291045356e-01,9.114427179682869085e-01,8.204975592017055286e-01,8.500000000000000611e-02,3.000000000000000000e+00,4.767840060099503025e+06
-6.411113843321448513e+00,3.634878362414559749e-01,1.764578249266820276e+00,1.150015151919677958e+00,8.500000000000000611e-02,3.000000000000000000e+00,4.767840060099503025e+06
-6.108680946520270716e+00,5.804354409521730318e-01,1.577704867339055683e+00,1.119869681010791984e+00,8.500000000000000611e-02,3.000000000000000000e+00,4.767840060099503025e+06
-5.851931414462247183e+00,5.482181564386091610e-01,1.151940043907829114e+00,9.677705246937154948e-01,8.500000000000000611e-02,3.000000000000000000e+00,4.767840060099503025e+06
-5.436444359554464256e+00,5.713621321630089067e-01,7.728971574178793436e-01,1.035958721014407224e+00,8.500000000000000611e-02,3.000000000000000000e+00,4.767840060099503025e+06
-5.564355470109241253e+00,6.183154524168488209e-01,1.011693457934247142e+00,1.106077060078166197e+00,8.500000000000000611e-02,3.000000000000000000e+00,4.767840060099503025e+06
-5.596371668306970193e+00,5.997079805700450406e-01,1.091775177307538813e+00,1.171688540494614683e+00,8.500000000000000611e-02,3.000000000000000000e+00,4.767840060099503025e+06
-5.632811330269851702e+00,3.640527335883102511e-01,1.274655932702386751e+00,1.509678899405361374e+00,8.500000000000000611e-02,3.000000000000000000e+00,4.767840060099503025e+06
-6.162651018579561324e+00,6.933929752698064775e-01,2.302912916773834695e+00,1.730794890848757150e+00,8.500000000000000611e-02,3.000000000000000000e+00,4.767840060099503025e+06
-6.160294568333061882e+00,6.885392024025959179e-01,2.285196718674529670e+00,1.719636199213468775e+00,8.500000000000000611e-02,3.000000000000000000e+00,4.767840060099503025e+06
-6.225139654839305869e+00,7.793670118189511831e-01,2.310698318362734760e+00,1.597376671422113148e+00,8.500000000000000611e-02,3.000000000000000000e+00,4.767840060099503025e+06
-6.225716941185424957e+00,7.609548418113318835e-01,2.294591160542510444e+00,1.596223241982406726e+00,8.500000000000000611e-02,3.000000000000000000e+00,4.767840060099503025e+06
-6.466625694347913011e+00,5.519217090661818759e-01,2.358196274021101324e+00,1.575879251384038726e+00,8.500000000000000611e-02,3.000000000000000000e+00,4.767840060099503025e+06
-6.312062650701528277e+00,5.699268063916749227e-01,2.086865700015888780e+00,1.433539525865045183e+00,8.500000000000000611e-02,3.000000000000000000e+00,4.767840060099503025e+06
-5.872975908611589801e+00,3.489247730042885909e-01,1.497510840772501961e+00,1.410335926653645711e+00,8.500000000000000611e-02,3.000000000000000000e+00,4.767840060099503025e+06
-5.869198086918309798e+00,3.620535603775039135e-01,1.497402813816129052e+00,1.401893339409534534e+00,8.500000000000000611e-02,3.000000000000000000e+00,4.767840060099503025e+06
-5.869198086918309798e+00,3.620535603775039135e-01,1.497402813816129052e+00,1.401893339409534534e+00,8.500000000000000611e-02,3.000000000000000000e+00,4.767840060099503025e+06
-5.970314768171662401e+00,3.039108019966589858e-01,1.695929778477966110e+00,1.545178979662444663e+00,8.500000000000000611e-02,3.000000000000000000e+00,4.767840060099503025e+06
-5.970314768171662401e+00,3.039108019966589858e-01,1.695929778477966110e+00,1.545178979662444663e+00,8.500000000000000611e-02,3.000000000000000000e+00,4.767840060099503025e+06
-5.973976065123500767e+00,2.926110338581475734e-01,1.704358530187489063e+00,1.559432794578714754e+00,8.500000000000000611e-02,3.000000000000000000e+00,4.767840060099503025e+06
-5.975517994022881751e+00,2.877535889356208632e-01,1.710713579634531190e+00,1.568163212649663407e+00,8.500000000000000611e-02,3.000000000000000000e+00,4.767840060099503025e+06
-5.975517994022881751e+00,2.877535889356208632e-01,1.710713579634531190e+00,1.568163212649663407e+00,8.500000000000000611e-02,3.000000000000000000e+00,4.767840060099503025e+06
-5.980458252799142116e+00,3.085720598527142977e-01,1.713129707331150886e+00,1.550566866177675696e+00,8.500000000000000611e-02,3.000000000000000000e+00,4.767840060099503025e+06
-5.964854534564787869e+00,2.255223014627973921e-01,1.850474712456673831e+00,1.773241275770524705e+00,8.500000000000000611e-02,3.000000000000000000e+00,4.767840060099503025e+06
-5.923220242962612403e+00,4.611574354769246153e-01,1.960149909465437545e+00,1.783188483277379888e+00,8.500000000000000611e-02,3.000000000000000000e+00,4.767840060099503025e+06
-5.978769869822359695e+00,3.691622686237805429e-01,1.995619360988877489e+00,1.840055263632872862e+00,8.500000000000000611e-02,3.000000000000000000e+00,4.767840060099503025e+06
-5.937722220632667636e+00,4.065627553109238956e-01,2.010890001134908012e+00,1.861062330678242560e+00,8.500000000000000611e-02,3.000000000000000000e+00,4.767840060099503025e+06
-5.868730821110308860e+00,4.490636738657666771e-01,1.827344881286031120e+00,1.720913129196220304e+00,8.500000000000000611e-02,3.000000000000000000e+00,4.767840060099503025e+06
-5.928073904417017204e+00,4.145382037753893023e-01,1.933680725943842438e+00,1.802408773506177786e+00,8.500000000000000611e-02,3.000000000000000000e+00,4.767840060099503025e+06
-6.000697055951620840e+00,5.116016952192897760e-01,1.831861263932727857e+00,1.535892438024213602e+00,8.500000000000000611e-02,3.000000000000000000e+00,4.767840060099503025e+06
-6.000697055951620840e+00,5.116016952192897760e-01,1.831861263932727857e+00,1.535892438024213602e+00,8.500000000000000611e-02,3.000000000000000000e+00,4.767840060099503025e+06
-6.044463054993769013e+00,3.962436507556785781e-01,1.840263811997567611e+00,1.603522633283077425e+00,8.500000000000000611e-02,3.000000000000000000e+00,4.767840060099503025e+06
-6.017616432325334053e+00,3.726299331181451846e-01,1.881954351473791753e+00,1.695751931629155163e+00,8.500000000000000611e-02,3.000000000000000000e+00,4.767840060099503025e+06
-6.033256446190899069e+00,4.280678279956364740e-01,1.944004729318388414e+00,1.696711192378358657e+00,8.500000000000000611e-02,3.000000000000000000e+00,4.767840060099503025e+06
-6.030993961066194231e+00,5.228116163932519100e-01,1.992891949640622773e+00,1.660689582544687237e+00,8.500000000000000611e-02,3.000000000000000000e+00,4.767840060099503025e+06
-6.036871961735043257e+00,5.361485240811821873e-01,2.009365012810365059e+00,1.661087657860341071e+00,8.500000000000000611e-02,3.000000000000000000e+00,4.767840060099503025e+06
-6.036871961735043257e+00,5.361485240811821873e-01,2.009365012810365059e+00,1.661087657860341071e+00,8.500000000000000611e-02,3.000000000000000000e+00,4.767840060099503025e+06
-6.175374359129285118e+00,6.765238470399741466e-01,2.131526060619214569e+00,1.546383194271983008e+00,8.500000000000000611e-02,3.000000000000000000e+00,4.767840060099503025e+06
-6.055597907542656699e+00,7.931841671563955032e-01,2.012365811461000131e+00,1.460096585557669080e+00,8.500000000000000611e-02,3.000000000000000000e+00,4.767840060099503025e+06
-6.720043368051031862e+00,8.293217773111178914e-01,3.255901333040117862e+00,1.980466789879297362e+00,8.500000000000000611e-02,3.000000000000000000e+00,4.767840060099503025e+06
-6.173380673145839381e+00,1.062593049875432794e+00,2.543697484924650087e+00,1.656286195533720917e+00,8.500000000000000611e-02,3.000000000000000000e+00,4.767840060099503025e+06
-6.182500911576262581e+00,1.025971641215701169e+00,2.597090696650445008e+00,1.744734488354348745e+00,8.500000000000000611e-02,3.000000000000000000e+00,4.767840060099503025e+06
-6.173595955916459488e+00,8.435337275582979188e-01,2.489045353420018980e+00,1.805802365135866339e+00,8.500000000000000611e-02,3.000000000000000000e+00,4.767840060099503025e+06
-6.059689848742411122e+00,8.057610980957995439e-01,2.186854155655080234e+00,1.673805283414626865e+00,8.500000000000000611e-02,3.000000000000000000e+00,4.767840060099503025e+06
-6.308847802544307548e+00,1.053687950297889753e+00,2.395678657571746140e+00,1.391024042535040861e+00,8.500000000000000611e-02,3.000000000000000000e+00,4.767840060099503025e+06
-6.265631005151878874e+00,1.276303747321955395e+00,2.392649540861649715e+00,1.201925701660517820e+00,8.500000000000000611e-02,3.000000000000000000e+00,4.767840060099503025e+06
-5.943929045134384026e+00,1.236086089991692560e+00,1.927789163015672269e+00,1.105601317028996666e+00,8.500000000000000611e-02,3.000000000000000000e+00,4.767840060099503025e+06
-6.062108523450945974e+00,1.441982757501296231e+00,2.558894055842581672e+00,1.463087033860439812e+00,8.500000000000000611e-02,3.000000000000000000e+00,4.767840060099503025e+06
-6.040266241993601959e+00,1.894995717460209228e+00,2.793975341560748227e+00,1.244156144016031140e+00,8.500000000000000611e-02,3.000000000000000000e+00,4.767840060099503025e+06
-6.449864696742984016e+00,2.048378593798265701e+00,3.332249241942553564e+00,1.214906509933684431e+00,8.500000000000000611e-02,3.000000000000000000e+00,4.767840060099503025e+06
-6.524452321574020885e+00,1.739853604798899500e+00,2.745318789073183829e+00,8.305745991772583992e-01,8.500000000000000611e-02,3.000000000000000000e+00,4.767840060099503025e+06
-5.559699404418651625e+00,1.589312607266027966e+00,1.272317528221355909e+00,3.153197854488835605e-01,8.500000000000000611e-02,3.000000000000000000e+00,4.767840060099503025e+06
-5.710795309135144215e+00,1.194516522191327201e+00,9.737453614992486184e-01,2.391447793389269716e-01,8.500000000000000611e-02,3.000000000000000000e+00,4.767840060099503025e+06
-5.213576313247362037e+00,8.659160387592925723e-01,2.031843996448019496e-01,3.829716404336915847e-01,8.500000000000000611e-02,3.000000000000000000e+00,4.767840060099503025e+06
-4.813008273216804689e+00,1.617865877762287186e+00,4.780073026869344766e-01,3.956734327136857132e-01,8.500000000000000611e-02,3.000000000000000000e+00,4.767840060099503025e+06
-4.255518869949641569e+00,2.622755146918466451e+00,8.605684791544414569e-01,3.607268734626969398e-01,8.500000000000000611e-02,3.000000000000000000e+00,4.767840060099503025e+06
-5.069599565902126237e+00,2.271966800824828159e+00,1.350159462272640054e+00,3.344555120725621888e-01,8.500000000000000611e-02,3.000000000000000000e+00,4.767840060099503025e+06
-5.142865484508207352e+00,2.249992415498155207e+00,1.481130704844255908e+00,4.037325891806771150e-01,8.500000000000000611e-02,3.000000000000000000e+00,4.767840060099503025e+06
-5.544086221514398005e+00,1.805861011239039193e+00,1.395087202105618651e+00,3.058713117578512053e-01,8.500000000000000611e-02,3.000000000000000000e+00,4.767840060099503025e+06
-5.309285448468493485e+00,8.311071642228119449e-01,2.441626251572179829e-01,2.726829783564921894e-01,8.500000000000000611e-02,3.000000000000000000e+00,4.767840060099503025e+06
-5.238353617037859955e+00,1.726820581849091152e+00,1.322067894608254912e+00,7.193466014103885309e-01,8.500000000000000611e-02,3.000000000000000000e+00,4.767840060099503025e+06
-5.169711930586588622e+00,1.725127889569148421e+00,1.219172317355459612e+00,6.941881480679678029e-01,8.500000000000000611e-02,3.000000000000000000e+00,4.767840060099503025e+06
-5.892475799064949449e+00,1.764257353192281386e+00,2.195711639660077985e+00,9.156177434373218293e-01,8.500000000000000611e-02,3.000000000000000000e+00,4.767840060099503025e+06
-5.693314648543652545e+00,1.844642686388770825e+00,1.869161421270589818e+00,6.555113220783714834e-01,8.500000000000000611e-02,3.000000000000000000e+00,4.767840060099503025e+06
-6.108477605147426104e+00,2.146235746203585482e+00,2.818502886170627164e+00,9.556520966072509227e-01,8.500000000000000611e-02,3.000000000000000000e+00,4.767840060099503025e+06
-5.954094094344097421e+00,2.115671753595356641e+00,2.357475153162818859e+00,6.041382766195447784e-01,8.500000000000000611e-02,3.000000000000000000e+00,4.767840060099503025e+06
-5.785395064283899380e+00,2.144266717248069831e+00,2.035563917007781942e+00,3.550688288718653607e-01,8.500000000000000611e-02,3.000000000000000000e+00,4.767840060099503025e+06
-5.754249304621685823e+00,1.952229981361716771e+00,1.823497528410565671e+00,3.563521182719002756e-01,8.500000000000000611e-02,3.000000000000000000e+00,4.767840060099503025e+06
-5.305084483243041049e+00,2.271173538534994041e+00,1.597211992572122652e+00,2.459865036788300430e-01,8.500000000000000611e-02,3.000000000000000000e+00,4.767840060099503025e+06
-4.809491232263871652e+00,1.329919093004517716e+00,2.407639620868455843e-01,3.184048522384163027e-01,8.500000000000000611e-02,3.000000000000000000e+00,4.767840060099503025e+06
-5.386106669718764728e+00,1.801331678764425348e+00,1.215126923364487244e+00,1.902361356567527084e-01,8.500000000000000611e-02,3.000000000000000000e+00,4.767840060099503025e+06
-5.588680982942102027e+00,1.261138805606368818e+00,8.880143910041937705e-01,2.057309528268795318e-01,8.500000000000000611e-02,3.000000000000000000e+00,4.767840060099503025e+06
-5.597143046728676907e+00,1.646532486917199334e+00,1.359835872917706912e+00,3.486718486292469388e-01,8.500000000000000611e-02,3.000000000000000000e+00,4.767840060099503025e+06
-6.219789217015163629e+00,2.849797431977512563e+00,3.170716719567113095e+00,2.498341424747377304e-01,8.500000000000000611e-02,3.000000000000000000e+00,4.767840060099503025e+06
-6.031875281951752044e+00,2.790753208162844334e+00,2.965711746594126730e+00,3.535332670135148403e-01,8.500000000000000611e-02,3.000000000000000000e+00,4.767840060099503025e+06
-5.750530378993668812e+00,2.898710635978661632e+00,2.864402788941448286e+00,4.964230160988341023e-01,8.500000000000000611e-02,3.000000000000000000e+00,4.767840060099503025e+06
-5.569931421084401535e+00,2.983268891081683361e+00,2.702417355848993896e+00,4.287420875984715440e-01,8.500000000000000611e-02,3.000000000000000000e+00,4.767840060099503025e+06
-5.596764092744388464e+00,2.900583006877913039e+00,2.651918082186953907e+00,4.341847500634934409e-01,8.500000000000000611e-02,3.000000000000000000e+00,4.767840060099503025e+06
-5.402336052053267501e+00,2.957053185670386775e+00,2.433678881438067432e+00,3.669139176984734796e-01,8.500000000000000611e-02,3.000000000000000000e+00,4.767840060099503025e+06
-5.295732236402428406e+00,2.927827884237809819e+00,2.222206663842506646e+00,2.813517089834954854e-01,8.500000000000000611e-02,3.000000000000000000e+00,4.767840060099503025e+06
-5.310462592321101738e+00,2.688543502496276716e+00,2.000735025717216953e+00,2.753087482235359040e-01,8.500000000000000611e-02,3.000000000000000000e+00,4.767840060099503025e+06
-4.714238743702053647e+00,1.867046629720014339e+00,6.755810569023357193e-01,4.415210848768826857e-01,8.500000000000000611e-02,3.000000000000000000e+00,4.767840060099503025e+06
-5.062689167653240396e+00,1.558650322087722362e+00,6.436925222497467125e-01,2.885854181412377262e-01,8.500000000000000611e-02,3.000000000000000000e+00,4.767840060099503025e+06
-5.227520674846958926e+00,1.909687138317472499e+00,1.208792843573104347e+00,3.433027579998925161e-01,8.500000000000000611e-02,3.000000000000000000e+00,4.767840060099503025e+06
-4.823694015880625408e+00,2.049696235045566972e+00,9.027094983428418651e-01,3.446952688595629755e-01,8.500000000000000611e-02,3.000000000000000000e+00,4.767840060099503025e+06
-4.739883120468019406e+00,2.208807344574344800e+00,9.916157795135012165e-01,3.936671422788082242e-01,8.500000000000000611e-02,3.000000000000000000e+00,4.767840060099503025e+06
-4.859897819878913339e+00,2.223207772245433755e+00,1.157222418315849266e+00,4.198970498297323051e-01,8.500000000000000611e-02,3.000000000000000000e+00,4.767840060099503025e+06
-5.185080401600656863e+00,2.244508932656438915e+00,1.554470657041488346e+00,4.584881233804227740e-01,8.500000000000000611e-02,3.000000000000000000e+00,4.767840060099503025e+06
-5.326154844457788862e+00,2.234077127264778806e+00,1.713649228590225171e+00,4.803813246429871620e-01,8.500000000000000611e-02,3.000000000000000000e+00,4.767840060099503025e+06
-5.337594740006021965e+00,2.351619652288437390e+00,1.880237994747413932e+00,5.297456095609671678e-01,8.500000000000000611e-02,3.000000000000000000e+00,4.767840060099503025e+06
-5.581492371779542161e+00,1.842702273270202751e+00,1.566083007344532652e+00,4.484573201641207651e-01,8.500000000000000611e-02,3.000000000000000000e+00,4.767840060099503025e+06
-5.840856930104600053e+00,2.332562547639933204e+00,2.397733889150392983e+00,5.167666018751404522e-01,8.500000000000000611e-02,3.000000000000000000e+00,4.767840060099503025e+06
-5.796805548213817438e+00,2.535343608877801636e+00,2.574781064824083199e+00,5.581682691679656916e-01,8.500000000000000611e-02,3.000000000000000000e+00,4.767840060099503025e+06
-6.461798551041293415e+00,2.577307427028291631e+00,3.460890271060646839e+00,7.306847569641452544e-01,8.500000000000000611e-02,3.000000000000000000e+00,4.767840060099503025e+06
-5.939734717672473963e+00,2.504366436896914294e+00,2.937257296732999734e+00,8.520204640788567874e-01,8.500000000000000611e-02,3.000000000000000000e+00,4.767840060099503025e+06
-6.012911570666854111e+00,1.979626640883907385e+00,2.859849057312371379e+00,1.298830507449234339e+00,8.500000000000000611e-02,3.000000000000000000e+00,4.767840060099503025e+06
-5.845993150830060436e+00,2.216337431501615551e+00,3.301437867620879096e+00,1.697245152621041253e+00,8.500000000000000611e-02,3.000000000000000000e+00,4.767840060099503025e+06
-5.830046085759934549e+00,2.121970995982462860e+00,3.023899029723960741e+00,1.506503341254144646e+00,8.500000000000000611e-02,3.000000000000000000e+00,4.767840060099503025e+06
-6.119383640483294862e+00,1.450763577903602997e+00,2.707906841496877881e+00,1.533098641680209262e+00,8.500000000000000611e-02,3.000000000000000000e+00,4.767840060099503025e+06
-6.346756208759097184e+00,1.548395735419965114e+00,3.202717391849216444e+00,1.738219696047333951e+00,8.500000000000000611e-02,3.000000000000000000e+00,4.767840060099503025e+06
-6.295988911344214678e+00,1.573408099665816628e+00,3.179768898648090314e+00,1.742377768614424616e+00,8.500000000000000611e-02,3.000000000000000000e+00,4.767840060099503025e+06
-6.199079607399911929e+00,1.610535161016499295e+00,3.037812859925657083e+00,1.649445157224387337e+00,8.500000000000000611e-02,3.000000000000000000e+00,4.767840060099503025e+06
-6.194764790561873014e+00,1.794882797461344381e+00,3.035048823067353130e+00,1.434487855203085527e+00,8.500000000000000611e-02,3.000000000000000000e+00,4.767840060099503025e+06
-6.382948096240874669e+00,1.300155497638375568e+00,2.907698965386642520e+00,1.605929817744243149e+00,8.500000000000000611e-02,3.000000000000000000e+00,4.767840060099503025e+06
-6.194790664083217102e+00,1.250969273460612818e+00,2.464167559492356219e+00,1.392715787697528018e+00,8.500000000000000611e-02,3.000000000000000000e+00,4.767840060099503025e+06
-6.239446656328032859e+00,1.081875617057352246e+00,2.182097607936971162e+00,1.195155324137289643e+00,8.500000000000000611e-02,3.000000000000000000e+00,4.767840060099503025e+06
-6.318613710446603804e+00,1.311845275370158603e+00,2.128247632425806835e+00,8.191943455535553031e-01,8.500000000000000611e-02,3.000000000000000000e+00,4.767840060099503025e+06
-6.297867543014676883e+00,1.517984539373085084e+00,2.442962954672935005e+00,9.663503936479423961e-01,8.500000000000000611e-02,3.000000000000000000e+00,4.767840060099503025e+06
-6.738861691717673352e+00,1.170239500932104715e+00,2.312412939346685015e+00,6.900009591749901583e-01,8.500000000000000611e-02,3.000000000000000000e+00,4.767840060099503025e+06
-6.701736450780640730e+00,1.418075336016705545e+00,2.894060285467219718e+00,1.104981186537100646e+00,8.500000000000000611e-02,3.000000000000000000e+00,4.767840060099503025e+06
-6.160372339306917411e+00,2.507682030472786927e+00,3.185125260732492247e+00,9.028691677783114988e-01,8.500000000000000611e-02,3.000000000000000000e+00,4.767840060099503025e+06
-6.061977910085272647e+00,2.422851281294557513e+00,2.960938356622467627e+00,8.442232846457959905e-01,8.500000000000000611e-02,3.000000000000000000e+00,4.767840060099503025e+06
-6.010662648229923910e+00,2.998876456798114543e+00,3.139764788452097388e+00,4.476954769936632994e-01,8.500000000000000611e-02,3.000000000000000000e+00,4.767840060099503025e+06
-6.113232855424985068e+00,1.219054381923666996e+00,1.732574008250260533e+00,6.684412457925898998e-01,8.500000000000000611e-02,3.000000000000000000e+00,4.767840060099503025e+06
-6.187631380183672647e+00,1.900518224382365506e+00,2.539165506665741034e+00,7.786743392123864904e-01,8.500000000000000611e-02,3.000000000000000000e+00,4.767840060099503025e+06
-5.978274964149500548e+00,1.612238649362682796e+00,1.756393815345421938e+00,4.223596417987702800e-01,8.500000000000000611e-02,3.000000000000000000e+00,4.767840060099503025e+06
-6.152743613706832093e+00,1.664024857864254914e+00,2.001117280165979118e+00,4.207247921147401204e-01,8.500000000000000611e-02,3.000000000000000000e+00,4.767840060099503025e+06
-5.890353244018871948e+00,1.752771253604168411e+00,1.761344305468958149e+00,3.373199096071841652e-01,8.500000000000000611e-02,3.000000000000000000e+00,4.767840060099503025e+06
-5.538331222366048578e+00,2.026759731930456443e+00,1.565761682293303592e+00,2.889769353077709657e-01,8.500000000000000611e-02,3.000000000000000000e+00,4.767840060099503025e+06
-5.033061267188089438e+00,1.257991610563289342e+00,3.308155520566737895e-01,2.906617017267379421e-01,8.500000000000000611e-02,3.000000000000000000e+00,4.767840060099503025e+06
-4.627073799752885463e+00,9.295760732172633212e-01,-4.493747824137255265e-01,2.003828886716966795e-01,8.500000000000000611e-02,3.000000000000000000e+00,4.767840060099503025e+06
-5.549195567434702880e+00,1.613157501518047710e+00,1.296483291189639786e+00,3.631343174068198398e-01,8.500000000000000611e-02,3.000000000000000000e+00,4.767840060099503025e+06
-5.254889319259197222e+00,1.697755479419575053e+00,9.792731128918491512e-01,2.135332947892258915e-01,8.500000000000000611e-02,3.000000000000000000e+00,4.767840060099503025e+06
-4.467736804376011506e+00,9.355408580970450139e-01,-6.004575915927854446e-01,1.332322972359702429e-01,8.500000000000000611e-02,3.000000000000000000e+00,4.767840060099503025e+06
-4.786435828231931922e+00,9.338333482854467293e-01,-1.149389060308678712e-01,4.007072348015376928e-01,8.500000000000000611e-02,3.000000000000000000e+00,4.767840060099503025e+06
-5.021704914700050537e+00,7.698012100251432344e-01,-2.645273106904233451e-02,3.916873175471817792e-01,8.500000000000000611e-02,3.000000000000000000e+00,4.767840060099503025e+06
-5.254745591634931934e+00,6.261989626144555121e-01,1.500217669324668268e-01,4.675960853327306155e-01,8.500000000000000611e-02,3.000000000000000000e+00,4.767840060099503025e+06
-5.195927735551096660e+00,5.830927507902285978e-01,4.123802423879119328e-02,4.442132143364923014e-01,8.500000000000000611e-02,3.000000000000000000e+00,4.767840060099503025e+06
-5.203956120394225948e+00,6.042111981200802839e-01,7.157357717122403429e-02,4.396717698926211337e-01,8.500000000000000611e-02,3.000000000000000000e+00,4.767840060099503025e+06
-5.182115193927630870e+00,1.410600026784334160e+00,6.142936447373261721e-01,1.588075902992786559e-01,8.500000000000000611e-02,3.000000000000000000e+00,4.767840060099503025e+06
-5.113653379695525025e+00,1.234851219194442962e+00,3.281775789097997054e-01,1.300904260523805533e-01,8.500000000000000611e-02,3.000000000000000000e+00,4.767840060099503025e+06
-4.997916052986409952e+00,1.242068832397744904e+00,2.080101744615618364e-01,1.292464139204826390e-01,8.500000000000000611e-02,3.000000000000000000e+00,4.767840060099503025e+06
-5.265039702567615443e+00,1.510402043019680063e+00,7.382058825338477792e-01,1.489087330273412002e-01,8.500000000000000611e-02,3.000000000000000000e+00,4.767840060099503025e+06
-5.345955750529785888e+00,1.168005748632823693e+00,6.025744072258302220e-01,2.711923974926543357e-01,8.500000000000000611e-02,3.000000000000000000e+00,4.767840060099503025e+06
-5.278349002220081410e+00,1.337567653613639385e+00,6.801929547636107465e-01,2.451209845566293399e-01,8.500000000000000611e-02,3.000000000000000000e+00,4.767840060099503025e+06
-5.227102631799611210e+00,1.266057868395707775e+00,5.487873912120411202e-01,2.285379901788399393e-01,8.500000000000000611e-02,3.000000000000000000e+00,4.767840060099503025e+06
-5.178916126507608908e+00,1.335686655219794572e+00,4.981824494825930483e-01,1.365130851389911304e-01,8.500000000000000611e-02,3.000000000000000000e+00,4.767840060099503025e+06
-4.923341605221514428e+00,1.010850111899434856e+00,-4.786946063516106520e-02,1.824423718564679442e-01,8.500000000000000611e-02,3.000000000000000000e+00,4.767840060099503025e+06
-5.054790063036493031e+00,1.075464912443222065e+00,1.993482577886247498e-01,2.747644024365902826e-01,8.500000000000000611e-02,3.000000000000000000e+00,4.767840060099503025e+06
-4.996166505301049554e+00,1.106974146490601996e+00,1.273240899869068077e-01,2.274098675731593411e-01,8.500000000000000611e-02,3.000000000000000000e+00,4.767840060099503025e+06
-5.376977789954335840e+00,1.226009176531276168e+00,7.663291162127683354e-01,3.967738375913714144e-01,8.500000000000000611e-02,3.000000000000000000e+00,4.767840060099503025e+06
-4.188130722561603569e+00,1.805255351141120901e+00,-5.026121655027770974e-02,2.328141901354146559e-01,8.500000000000000611e-02,3.000000000000000000e+00,4.767840060099503025e+06
-5.135878074455733078e+00,2.063645142876261662e+00,1.238302112885841799e+00,2.925995520659846472e-01,8.500000000000000611e-02,3.000000000000000000e+00,4.767840060099503025e+06
-5.617077448994612254e+00,2.216514203610918443e+00,1.951064120705909843e+00,4.203390650826868136e-01,8.500000000000000611e-02,3.000000000000000000e+00,4.767840060099503025e+06
-5.454046838787173002e+00,2.093712930109140835e+00,1.567830602584226130e+00,2.705071576352109375e-01,8.500000000000000611e-02,3.000000000000000000e+00,4.767840060099503025e+06
-5.441441546180229238e+00,1.707023748967358312e+00,1.278568064982320340e+00,4.274592048215296036e-01,8.500000000000000611e-02,3.000000000000000000e+00,4.767840060099503025e+06
-4.769147481148444889e+00,1.671876498996015759e+00,4.683857141258114809e-01,3.574850881998656860e-01,8.500000000000000611e-02,3.000000000000000000e+00,4.767840060099503025e+06
-5.258821457677471223e+00,2.041771575131660743e+00,1.377362167258866954e+00,3.915166367222892574e-01,8.500000000000000611e-02,3.000000000000000000e+00,4.767840060099503025e+06
-5.461829907604160539e+00,1.552790471979868192e+00,1.026509521771557631e+00,2.324898185396758188e-01,8.500000000000000611e-02,3.000000000000000000e+00,4.767840060099503025e+06
-5.094916347479648167e+00,2.010338630901574941e+00,1.122650243435239670e+00,2.838390862857021468e-01,8.500000000000000611e-02,3.000000000000000000e+00,4.767840060099503025e+06
-5.304995704370521814e+00,1.777226459648888035e+00,1.237481375415552254e+00,4.573932420411433442e-01,8.500000000000000611e-02,3.000000000000000000e+00,4.767840060099503025e+06
-5.098355790559016221e+00,1.960952582167361902e+00,1.213197682392872068e+00,4.874095358552890112e-01,8.500000000000000611e-02,3.000000000000000000e+00,4.767840060099503025e+06
-5.095240768740318060e+00,2.129109089994247306e+00,1.379161984867141477e+00,5.050741050569538260e-01,8.500000000000000611e-02,3.000000000000000000e+00,4.767840060099503025e+06
-5.933431636835744705e+00,1.834020395110786072e+00,2.343667515117989986e+00,9.711559042528450370e-01,8.500000000000000611e-02,3.000000000000000000e+00,4.767840060099503025e+06
-5.819126044854160185e+00,1.859213105452515835e+00,2.199539091160913173e+00,9.067205835100351496e-01,8.500000000000000611e-02,3.000000000000000000e+00,4.767840060099503025e+06
-5.739362194655885041e+00,2.255350820697392678e+00,2.465202937179153952e+00,8.887788490798415042e-01,8.500000000000000611e-02,3.000000000000000000e+00,4.767840060099503025e+06
-5.663963712131984352e+00,2.192740162998544129e+00,2.251202875572760220e+00,7.807586653172560176e-01,8.500000000000000611e-02,3.000000000000000000e+00,4.767840060099503025e+06
-5.385957910304164820e+00,2.279432587700277679e+00,2.086051708113647596e+00,8.411783999632548303e-01,8.500000000000000611e-02,3.000000000000000000e+00,4.767840060099503025e+06
-5.182114185175533017e+00,2.243840053005424995e+00,1.947535048806748437e+00,9.079136899427362462e-01,8.500000000000000611e-02,3.000000000000000000e+00,4.767840060099503025e+06
-5.125103357109238367e+00,2.407263360844974720e+00,1.713318008809745052e+00,5.385738092133687260e-01,8.500000000000000611e-02,3.000000000000000000e+00,4.767840060099503025e+06
-5.261572788758880570e+00,2.501656521746210782e+00,1.913965750542969690e+00,4.664186508772381057e-01,8.500000000000000611e-02,3.000000000000000000e+00,4.767840060099503025e+06
-5.343319232429204035e+00,2.631683571539163324e+00,2.049407195368160295e+00,2.775192688713096212e-01,8.500000000000000611e-02,3.000000000000000000e+00,4.767840060099503025e+06
-5.316474034197005594e+00,2.949436114245908236e+00,2.323221264966012001e+00,2.449458838234120639e-01,8.500000000000000611e-02,3.000000000000000000e+00,4.767840060099503025e+06
-5.351552752879054964e+00,2.909544688235682131e+00,2.322188672315506963e+00,2.560628841819816426e-01,8.500000000000000611e-02,3.000000000000000000e+00,4.767840060099503025e+06
-5.351552752879054964e+00,2.909544688235682131e+00,2.322188672315506963e+00,2.560628841819816426e-01,8.500000000000000611e-02,3.000000000000000000e+00,4.767840060099503025e+06
-5.412712474783738514e+00,2.702827971327817380e+00,2.183066730132789957e+00,2.945089528363072362e-01,8.500000000000000611e-02,3.000000000000000000e+00,4.767840060099503025e+06
-5.733716780601556984e+00,1.985498961144256613e+00,1.857640882691506068e+00,3.239708025062416619e-01,8.500000000000000611e-02,3.000000000000000000e+00,4.767840060099503025e+06
-5.353811052459798603e+00,2.115686157418641855e+00,1.502987285271293771e+00,1.644818440676320548e-01,8.500000000000000611e-02,3.000000000000000000e+00,4.767840060099503025e+06
-5.049470107640169125e+00,2.194456992829894482e+00,1.174957639457408831e+00,6.108809668593354059e-02,8.500000000000000611e-02,3.000000000000000000e+00,4.767840060099503025e+06
-5.106673811920139805e+00,2.983380913991036110e+00,2.010008892759410415e+00,1.001432151368478740e-01,8.500000000000000611e-02,3.000000000000000000e+00,4.767840060099503025e+06
-5.425384550019447083e+00,2.507413360743723452e+00,1.922179040470778144e+00,1.707503966865218104e-01,8.500000000000000611e-02,3.000000000000000000e+00,4.767840060099503025e+06
-5.349903769498936867e+00,2.563292328387579921e+00,1.926740337369696521e+00,2.184208713248761979e-01,8.500000000000000611e-02,3.000000000000000000e+00,4.767840060099503025e+06
-5.328638719343640417e+00,1.950925861153189445e+00,1.276334261429130645e+00,1.532286944494412328e-01,8.500000000000000611e-02,3.000000000000000000e+00,4.767840060099503025e+06
-5.508946778584164150e+00,1.992296323018627913e+00,1.495194905800859120e+00,1.874907050631153815e-01,8.500000000000000611e-02,3.000000000000000000e+00,4.767840060099503025e+06
-5.885902955639638279e+00,1.762513619821144406e+00,1.728817709943964331e+00,2.493521723679417712e-01,8.500000000000000611e-02,3.000000000000000000e+00,4.767840060099503025e+06
-5.982017638153986461e+00,1.857016129019369854e+00,1.883414972315673674e+00,1.677214573049016222e-01,8.500000000000000611e-02,3.000000000000000000e+00,4.767840060099503025e+06
-6.064115601214662199e+00,2.047259590947798635e+00,2.320419293398901850e+00,4.377572137734373481e-01,8.500000000000000611e-02,3.000000000000000000e+00,4.767840060099503025e+06
-6.060421118089152515e+00,2.248966667287503274e+00,2.249021247210155838e+00,1.423511738519953607e-01,8.500000000000000611e-02,3.000000000000000000e+00,4.767840060099503025e+06
-6.229960728345498744e+00,2.067812484229559100e+00,2.492030664110341576e+00,4.401134494081204718e-01,8.500000000000000611e-02,3.000000000000000000e+00,4.767840060099503025e+06
-6.385558712648816027e+00,2.009207451691112922e+00,2.604293472390989628e+00,4.520685540628548438e-01,8.500000000000000611e-02,3.000000000000000000e+00,4.767840060099503025e+06
-6.191122305569921380e+00,1.921581280623821719e+00,2.335788190820516252e+00,4.743482234412810250e-01,8.500000000000000611e-02,3.000000000000000000e+00,4.767840060099503025e+06
-5.973082883522231157e+00,1.717047629517818086e+00,1.943623808726812952e+00,5.149756360793791288e-01,8.500000000000000611e-02,3.000000000000000000e+00,4.767840060099503025e+06
-6.177723916569651585e+00,2.140250932306175802e+00,2.613242980565460893e+00,5.947971848486517388e-01,8.500000000000000611e-02,3.000000000000000000e+00,4.767840060099503025e+06
-6.429503477782565923e+00,1.804137154406327381e+00,2.761929572118437370e+00,8.832437727404343075e-01,8.500000000000000611e-02,3.000000000000000000e+00,4.767840060099503025e+06
-6.506214977350425421e+00,2.385756418325000627e+00,3.355524680999042886e+00,8.184493089210128636e-01,8.500000000000000611e-02,3.000000000000000000e+00,4.767840060099503025e+06
-6.131083924402082275e+00,2.620595349856019052e+00,3.105078319614238413e+00,4.181015966273139428e-01,8.500000000000000611e-02,3.000000000000000000e+00,4.767840060099503025e+06
-6.131083924402082275e+00,2.620595349856019052e+00,3.105078319614238413e+00,4.181015966273139428e-01,8.500000000000000611e-02,3.000000000000000000e+00,4.767840060099503025e+06
-6.131083924402082275e+00,2.620595349856019052e+00,3.105078319614238413e+00,4.181015966273139428e-01,8.500000000000000611e-02,3.000000000000000000e+00,4.767840060099503025e+06
-6.087321133625434477e+00,2.570719818723315342e+00,3.012535186457248049e+00,4.294305290091875449e-01,8.500000000000000611e-02,3.000000000000000000e+00,4.767840060099503025e+06
-6.087321133625434477e+00,2.570719818723315342e+00,3.012535186457248049e+00,4.294305290091875449e-01,8.500000000000000611e-02,3.000000000000000000e+00,4.767840060099503025e+06
-6.087321133625434477e+00,2.570719818723315342e+00,3.012535186457248049e+00,4.294305290091875449e-01,8.500000000000000611e-02,3.000000000000000000e+00,4.767840060099503025e+06
-6.087321133625434477e+00,2.570719818723315342e+00,3.012535186457248049e+00,4.294305290091875449e-01,8.500000000000000611e-02,3.000000000000000000e+00,4.767840060099503025e+06
-6.087321133625434477e+00,2.570719818723315342e+00,3.012535186457248049e+00,4.294305290091875449e-01,8.500000000000000611e-02,3.000000000000000000e+00,4.767840060099503025e+06
-6.095030858059700130e+00,2.588078612854287197e+00,3.036622151698473715e+00,4.191993619849610497e-01,8.500000000000000611e-02,3.000000000000000000e+00,4.767840060099503025e+06
-6.227758788995545913e+00,2.566329462652072291e+00,2.799146585673450982e+00,-1.465430207240152605e-01,8.500000000000000611e-02,3.000000000000000000e+00,4.767840060099503025e+06
-6.298582386412695300e+00,2.392698006188780369e+00,2.488148993764256023e+00,-4.370668427807899992e-01,8.500000000000000611e-02,3.000000000000000000e+00,4.767840060099503025e+06
-6.431654061619156870e+00,2.410714939601684037e+00,2.759467276619070208e+00,-2.899669893909424534e-01,8.500000000000000611e-02,3.000000000000000000e+00,4.767840060099503025e+06
-6.353573984531994512e+00,2.393785470730250609e+00,2.661431218529940246e+00,-2.558576645942725047e-01,8.500000000000000611e-02,3.000000000000000000e+00,4.767840060099503025e+06
-6.405121691007074070e+00,2.303021513693660260e+00,2.458481423505115782e+00,-5.965827484668023706e-01,8.500000000000000611e-02,3.000000000000000000e+00,4.767840060099503025e+06
-6.405121691007074070e+00,2.303021513693660260e+00,2.458481423505115782e+00,-5.965827484668023706e-01,8.500000000000000611e-02,3.000000000000000000e+00,4.767840060099503025e+06
-6.191317703760036650e+00,2.496175511586443463e+00,2.692062765964273741e+00,-1.187288232885661543e-01,8.500000000000000611e-02,3.000000000000000000e+00,4.767840060099503025e+06
-6.342067763442903683e+00,2.602697040248777682e+00,3.096035448217477892e+00,-4.926051777619511185e-04,8.500000000000000611e-02,3.000000000000000000e+00,4.767840060099503025e+06
-6.342067763442903683e+00,2.602697040248777682e+00,3.096035448217477892e+00,-4.926051777619511185e-04,8.500000000000000611e-02,3.000000000000000000e+00,4.767840060099503025e+06
-6.342067763442903683e+00,2.602697040248777682e+00,3.096035448217477892e+00,-4.926051777619511185e-04,8.500000000000000611e-02,3.000000000000000000e+00,4.767840060099503025e+06
-6.342067763442903683e+00,2.602697040248777682e+00,3.096035448217477892e+00,-4.926051777619511185e-04,8.500000000000000611e-02,3.000000000000000000e+00,4.767840060099503025e+06
-6.342067763442903683e+00,2.602697040248777682e+00,3.096035448217477892e+00,-4.926051777619511185e-04,8.500000000000000611e-02,3.000000000000000000e+00,4.767840060099503025e+06
-6.390686450864158985e+00,2.564261928825978032e+00,3.084119034882925714e+00,-1.059893901501310909e-01,8.500000000000000611e-02,3.000000000000000000e+00,4.767840060099503025e+06
-6.390686450864158985e+00,2.564261928825978032e+00,3.084119034882925714e+00,-1.059893901501310909e-01,8.500000000000000611e-02,3.000000000000000000e+00,4.767840060099503025e+06
-6.390686450864158985e+00,2.564261928825978032e+00,3.084119034882925714e+00,-1.059893901501310909e-01,8.500000000000000611e-02,3.000000000000000000e+00,4.767840060099503025e+06
-6.390686450864158985e+00,2.564261928825978032e+00,3.084119034882925714e+00,-1.059893901501310909e-01,8.500000000000000611e-02,3.000000000000000000e+00,4.767840060099503025e+06
-6.390686450864158985e+00,2.564261928825978032e+00,3.084119034882925714e+00,-1.059893901501310909e-01,8.500000000000000611e-02,3.000000000000000000e+00,4.767840060099503025e+06
-6.390686450864158985e+00,2.564261928825978032e+00,3.084119034882925714e+00,-1.059893901501310909e-01,8.500000000000000611e-02,3.000000000000000000e+00,4.767840060099503025e+06
-6.390686450864158985e+00,2.564261928825978032e+00,3.084119034882925714e+00,-1.059893901501310909e-01,8.500000000000000611e-02,3.000000000000000000e+00,4.767840060099503025e+06
-6.334725131632240824e+00,2.625671077648338514e+00,3.048247022310438759e+00,-2.787879878760176622e-01,8.500000000000000611e-02,3.000000000000000000e+00,4.767840060099503025e+06
-6.275156495779064869e+00,2.600549112642311034e+00,2.963711582514773291e+00,-2.366048613042937010e-01,8.500000000000000611e-02,3.000000000000000000e+00,4.767840060099503025e+06
-6.275156495779064869e+00,2.600549112642311034e+00,2.963711582514773291e+00,-2.366048613042937010e-01,8.500000000000000611e-02,3.000000000000000000e+00,4.767840060099503025e+06
-6.275156495779064869e+00,2.600549112642311034e+00,2.963711582514773291e+00,-2.366048613042937010e-01,8.500000000000000611e-02,3.000000000000000000e+00,4.767840060099503025e+06
-5.980432413739529274e+00,2.567358784822951545e+00,2.693408396265241755e+00,1.641796423626806778e-02,8.500000000000000611e-02,3.000000000000000000e+00,4.767840060099503025e+06
-5.980366198529785571e+00,2.553153095141895257e+00,2.683065310907722711e+00,2.583816009170891714e-02,8.500000000000000611e-02,3.000000000000000000e+00,4.767840060099503025e+06
-5.980402733317798258e+00,2.551544251947412967e+00,2.695094406743035353e+00,4.981290143494754297e-02,8.500000000000000611e-02,3.000000000000000000e+00,4.767840060099503025e+06
-5.925533728077752471e+00,2.560757106216937640e+00,2.670949741839578895e+00,1.283042903137124879e-01,8.500000000000000611e-02,3.000000000000000000e+00,4.767840060099503025e+06
-5.925533728077752471e+00,2.560757106216937640e+00,2.670949741839578895e+00,1.283042903137124879e-01,8.500000000000000611e-02,3.000000000000000000e+00,4.767840060099503025e+06
-5.861378240388916971e+00,2.606850295627881398e+00,2.599241919763381148e+00,2.724233383150265198e-02,8.500000000000000611e-02,3.000000000000000000e+00,4.767840060099503025e+06
-5.861378240388916971e+00,2.606850295627881398e+00,2.599241919763381148e+00,2.724233383150265198e-02,8.500000000000000611e-02,3.000000000000000000e+00,4.767840060099503025e+06
-5.861378240388916971e+00,2.606850295627881398e+00,2.599241919763381148e+00,2.724233383150265198e-02,8.500000000000000611e-02,3.000000000000000000e+00,4.767840060099503025e+06
-5.861378240388916971e+00,2.606850295627881398e+00,2.599241919763381148e+00,2.724233383150265198e-02,8.500000000000000611e-02,3.000000000000000000e+00,4.767840060099503025e+06
-5.789072429433021583e+00,2.639742417400981367e+00,2.649924993709181997e+00,2.315912483060068583e-01,8.500000000000000611e-02,3.000000000000000000e+00,4.767840060099503025e+06
-5.789072429433021583e+00,2.639742417400981367e+00,2.649924993709181997e+00,2.315912483060068583e-01,8.500000000000000611e-02,3.000000000000000000e+00,4.767840060099503025e+06
-5.789072429433021583e+00,2.639742417400981367e+00,2.649924993709181997e+00,2.315912483060068583e-01,8.500000000000000611e-02,3.000000000000000000e+00,4.767840060099503025e+06
-5.789072429433021583e+00,2.639742417400981367e+00,2.649924993709181997e+00,2.315912483060068583e-01,8.500000000000000611e-02,3.000000000000000000e+00,4.767840060099503025e+06
-5.789072429433021583e+00,2.639742417400981367e+00,2.649924993709181997e+00,2.315912483060068583e-01,8.500000000000000611e-02,3.000000000000000000e+00,4.767840060099503025e+06
-5.581450288180232810e+00,1.159876450048515473e+00,9.353364075099528385e-01,4.217740274024547320e-01,8.500000000000000611e-02,3.000000000000000000e+00,4.767840060099503025e+06
-5.632087505754170387e+00,8.556149715945631229e-01,7.031099245233669581e-01,4.399483770976392871e-01,8.500000000000000611e-02,3.000000000000000000e+00,4.767840060099503025e+06
-5.806911866455771509e+00,5.839144360610727391e-01,6.496875166159068460e-01,4.143163993447742666e-01,8.500000000000000611e-02,3.000000000000000000e+00,4.767840060099503025e+06
-5.828647788358995996e+00,9.296014092060224110e-01,9.926163553186657662e-01,4.375139392164575924e-01,8.500000000000000611e-02,3.000000000000000000e+00,4.767840060099503025e+06
-5.744524237170199221e+00,7.961539205630924210e-01,8.221400558318273655e-01,5.328005118770571258e-01,8.500000000000000611e-02,3.000000000000000000e+00,4.767840060099503025e+06
-5.714141614082477894e+00,1.307981514021887781e+00,1.182505700748637922e+00,4.265518300744069458e-01,8.500000000000000611e-02,3.000000000000000000e+00,4.767840060099503025e+06
-5.324585992820082936e+00,8.770850446295045399e-01,3.856167667627752316e-01,4.591799496070477216e-01,8.500000000000000611e-02,3.000000000000000000e+00,4.767840060099503025e+06
-5.207463107840860417e+00,1.166199860683659217e+00,6.563177719819059952e-01,6.764973719303859490e-01,8.500000000000000611e-02,3.000000000000000000e+00,4.767840060099503025e+06
-5.252216941368570424e+00,1.405925961471010677e+00,1.056027965681007430e+00,8.210155965301748626e-01,8.500000000000000611e-02,3.000000000000000000e+00,4.767840060099503025e+06
-5.563115636642354644e+00,1.629185353366710221e+00,1.403451939897177425e+00,5.607153245375597894e-01,8.500000000000000611e-02,3.000000000000000000e+00,4.767840060099503025e+06
-5.821546819077574320e+00,1.519250711164565670e+00,1.493101315368642545e+00,4.018830010486987847e-01,8.500000000000000611e-02,3.000000000000000000e+00,4.767840060099503025e+06
-5.924412248407975312e+00,1.182127091023575938e+00,1.240550589475272858e+00,3.456903614488962551e-01,8.500000000000000611e-02,3.000000000000000000e+00,4.767840060099503025e+06
-5.831249288590441004e+00,9.146471696811037111e-01,8.584833583877814478e-01,2.772790637846154205e-01,8.500000000000000611e-02,3.000000000000000000e+00,4.767840060099503025e+06
-5.154819701236622365e+00,1.254048601274981634e+00,4.944085510643183579e-01,3.525713620926870240e-01,8.500000000000000611e-02,3.000000000000000000e+00,4.767840060099503025e+06
-5.380264346054719482e+00,1.396783474054931418e+00,8.532097154653044413e-01,3.001469076283286852e-01,8.500000000000000611e-02,3.000000000000000000e+00,4.767840060099503025e+06
-5.216033632239716056e+00,1.857537202507998142e+00,1.235646128842362579e+00,3.912332923109604343e-01,8.500000000000000611e-02,3.000000000000000000e+00,4.767840060099503025e+06
-5.417158093532523644e+00,1.955665086296504374e+00,1.503743401099184585e+00,3.554718954396069441e-01,8.500000000000000611e-02,3.000000000000000000e+00,4.767840060099503025e+06
-5.408172616891184781e+00,2.568512623101249837e+00,2.031990228404271903e+00,2.508796451164234664e-01,8.500000000000000611e-02,3.000000000000000000e+00,4.767840060099503025e+06
-5.362672540319645798e+00,2.747169288016976019e+00,2.087348266628421989e+00,1.128357293918580972e-01,8.500000000000000611e-02,3.000000000000000000e+00,4.767840060099503025e+06
-5.291402945169242145e+00,2.594583986298064193e+00,1.950075004941099532e+00,2.904021772342897378e-01,8.500000000000000611e-02,3.000000000000000000e+00,4.767840060099503025e+06
-5.407426923468356961e+00,2.790339859633548691e+00,2.250840807944876065e+00,2.756666742484805144e-01,8.500000000000000611e-02,3.000000000000000000e+00,4.767840060099503025e+06
-5.465988298605008566e+00,2.923041680036815304e+00,2.478788558247814855e+00,3.339744532609952854e-01,8.500000000000000611e-02,3.000000000000000000e+00,4.767840060099503025e+06
-5.358745927866154446e+00,2.699301750482254292e+00,2.132048860451518202e+00,2.798423361320044878e-01,8.500000000000000611e-02,3.000000000000000000e+00,4.767840060099503025e+06
-5.363919444953114457e+00,2.430949711826202009e+00,1.798622839410748186e+00,1.196652550921387670e-01,8.500000000000000611e-02,3.000000000000000000e+00,4.767840060099503025e+06
-5.363919444953114457e+00,2.430949711826202009e+00,1.798622839410748186e+00,1.196652550921387670e-01,8.500000000000000611e-02,3.000000000000000000e+00,4.767840060099503025e+06
-5.347446956620853342e+00,2.405391457902626762e+00,1.762503243849540935e+00,1.357911308724396582e-01,8.500000000000000611e-02,3.000000000000000000e+00,4.767840060099503025e+06
-5.347446956620853342e+00,2.405391457902626762e+00,1.762503243849540935e+00,1.357911308724396582e-01,8.500000000000000611e-02,3.000000000000000000e+00,4.767840060099503025e+06
-5.347446956620853342e+00,2.405391457902626762e+00,1.762503243849540935e+00,1.357911308724396582e-01,8.500000000000000611e-02,3.000000000000000000e+00,4.767840060099503025e+06
-5.562034261600195428e+00,2.734015927342428043e+00,2.461317006075080194e+00,4.186288453374287788e-01,8.500000000000000611e-02,3.000000000000000000e+00,4.767840060099503025e+06
-5.474232398285140633e+00,2.651845354655866238e+00,2.224958264032819599e+00,3.072838937217936550e-01,8.500000000000000611e-02,3.000000000000000000e+00,4.767840060099503025e+06
-5.540265163936040516e+00,2.742096039303596910e+00,2.337621935352716118e+00,2.772994234959424986e-01,8.500000000000000611e-02,3.000000000000000000e+00,4.767840060099503025e+06
-5.619548576403252227e+00,2.720547933827130116e+00,2.425975359086950611e+00,3.192417023939271847e-01,8.500000000000000611e-02,3.000000000000000000e+00,4.767840060099503025e+06
-5.383150650808794069e+00,1.968320670860524313e+00,1.512178675227999092e+00,4.049846132514263175e-01,8.500000000000000611e-02,3.000000000000000000e+00,4.767840060099503025e+06
-5.983685751979571421e+00,2.535329343008156044e+00,3.052487178926805989e+00,8.888340944512130859e-01,8.500000000000000611e-02,3.000000000000000000e+00,4.767840060099503025e+06
-6.000246934529274156e+00,2.930517953125939101e+00,3.322812300177491629e+00,7.331748450324353517e-01,8.500000000000000611e-02,3.000000000000000000e+00,4.767840060099503025e+06
-6.000246934529274156e+00,2.930517953125939101e+00,3.322812300177491629e+00,7.331748450324353517e-01,8.500000000000000611e-02,3.000000000000000000e+00,4.767840060099503025e+06
-5.995142955383409245e+00,2.873691057973791096e+00,3.259053526271220136e+00,7.307616979918063471e-01,8.500000000000000611e-02,3.000000000000000000e+00,4.767840060099503025e+06
-6.120335117116825430e+00,2.830218687534197919e+00,3.368192173358061758e+00,7.722634574009179520e-01,8.500000000000000611e-02,3.000000000000000000e+00,4.767840060099503025e+06
-5.821701689877500030e+00,2.486591047550008593e+00,2.552324905218868789e+00,5.524088740288752852e-01,8.500000000000000611e-02,3.000000000000000000e+00,4.767840060099503025e+06
-5.799830950410261643e+00,2.544865118920673019e+00,2.589590592517978074e+00,5.558224975810575064e-01,8.500000000000000611e-02,3.000000000000000000e+00,4.767840060099503025e+06
-5.711444263049086700e+00,2.472557927539953404e+00,2.464741221900943025e+00,5.818732373167130323e-01,8.500000000000000611e-02,3.000000000000000000e+00,4.767840060099503025e+06
-5.883754856895190954e+00,2.610991251557520432e+00,2.605562829058864160e+00,3.497991543178696205e-01,8.500000000000000611e-02,3.000000000000000000e+00,4.767840060099503025e+06
-5.852466308076303747e+00,2.536725692739524529e+00,2.512421519489801192e+00,3.687797339309710765e-01,8.500000000000000611e-02,3.000000000000000000e+00,4.767840060099503025e+06
-6.017376278920545829e+00,2.567123500591924401e+00,2.807284260814562948e+00,5.087235176000973746e-01,8.500000000000000611e-02,3.000000000000000000e+00,4.767840060099503025e+06
-6.580227744495641851e+00,2.361348244945494113e+00,3.221635168987305953e+00,5.223407393814353261e-01,8.500000000000000611e-02,3.000000000000000000e+00,4.767840060099503025e+06
-6.578514218773259259e+00,2.365958968748971714e+00,3.273764097438964349e+00,5.962846840345907840e-01,8.500000000000000611e-02,3.000000000000000000e+00,4.767840060099503025e+06
-6.431473046424885709e+00,2.911621322235190767e+00,3.474962803940814915e+00,3.622889787298011477e-01,8.500000000000000611e-02,3.000000000000000000e+00,4.767840060099503025e+06
-5.855456794415530908e+00,2.932880201455493996e+00,2.876488046993480374e+00,3.494894163169035561e-01,8.500000000000000611e-02,3.000000000000000000e+00,4.767840060099503025e+06
-5.594956369999994905e+00,2.673342771490571756e+00,2.488716254412958850e+00,5.501543640712680538e-01,8.500000000000000611e-02,3.000000000000000000e+00,4.767840060099503025e+06
-5.653140200328603981e+00,2.049419911342924117e+00,2.028889015549970587e+00,6.887785571374185345e-01,8.500000000000000611e-02,3.000000000000000000e+00,4.767840060099503025e+06
-5.727893708231645675e+00,1.407287911387627322e+00,1.460687184731370492e+00,6.946033739795670625e-01,8.500000000000000611e-02,3.000000000000000000e+00,4.767840060099503025e+06
-5.339935804495653748e+00,9.621992485473748191e-01,5.763921320895484257e-01,5.694866624650364306e-01,8.500000000000000611e-02,3.000000000000000000e+00,4.767840060099503025e+06
-5.284504744391086639e+00,9.625688524902789034e-01,2.859709219745552033e-01,2.485494516310800261e-01,8.500000000000000611e-02,3.000000000000000000e+00,4.767840060099503025e+06
-5.686258535804268988e+00,1.409842767688896048e+00,1.338271989048494204e+00,4.757266950451172205e-01,8.500000000000000611e-02,3.000000000000000000e+00,4.767840060099503025e+06
-5.920156244950109503e+00,1.286500651282211471e+00,1.440266623839948856e+00,4.644192212785507867e-01,8.500000000000000611e-02,3.000000000000000000e+00,4.767840060099503025e+06
-6.072882205705534275e+00,1.277519643413004280e+00,1.507516318403242739e+00,3.391399118411355662e-01,8.500000000000000611e-02,3.000000000000000000e+00,4.767840060099503025e+06
-5.743278969435388959e+00,1.115773935038972375e+00,1.012842572283108478e+00,3.579330769504868170e-01,8.500000000000000611e-02,3.000000000000000000e+00,4.767840060099503025e+06
-5.546163375198392309e+00,7.997500954700090814e-01,5.478503795098348395e-01,4.212561015285460897e-01,8.500000000000000611e-02,3.000000000000000000e+00,4.767840060099503025e+06
-5.198702076235821146e+00,6.814104704901358112e-01,7.076284084239320427e-02,3.654265254777530059e-01,8.500000000000000611e-02,3.000000000000000000e+00,4.767840060099503025e+06
-5.522345885967393286e+00,7.739430463420018391e-01,5.575784152230141011e-01,4.638501487743840190e-01,8.500000000000000611e-02,3.000000000000000000e+00,4.767840060099503025e+06
-5.669560778924692457e+00,6.633172980993018442e-01,6.749623273716610639e-01,5.205334940565109481e-01,8.500000000000000611e-02,3.000000000000000000e+00,4.767840060099503025e+06
-5.698525674929226348e+00,8.613365359764180162e-01,8.948408455335676859e-01,5.777114930980664642e-01,8.500000000000000611e-02,3.000000000000000000e+00,4.767840060099503025e+06
-5.514656138081173609e+00,9.204405767160332985e-01,6.447935235372769247e-01,4.386564292693440059e-01,8.500000000000000611e-02,3.000000000000000000e+00,4.767840060099503025e+06
-6.050427915517576416e+00,1.119078514773774735e+00,1.965025744945062991e+00,1.122845984975157529e+00,8.500000000000000611e-02,3.000000000000000000e+00,4.767840060099503025e+06
-6.755762522330906350e+00,1.255906096180244624e+00,2.549499335893374852e+00,8.142958361418151103e-01,8.500000000000000611e-02,3.000000000000000000e+00,4.767840060099503025e+06
-6.677416787526770037e+00,1.725156326512027771e+00,2.835291150154876760e+00,7.189323469290452850e-01,8.500000000000000611e-02,3.000000000000000000e+00,4.767840060099503025e+06
-6.224971267270166031e+00,1.531280448193262256e+00,2.136961102139190327e+00,6.420883052069323860e-01,8.500000000000000611e-02,3.000000000000000000e+00,4.767840060099503025e+06
-6.546259273236252341e+00,1.697912366814160245e+00,2.868466575396965368e+00,9.762886267370943782e-01,8.500000000000000611e-02,3.000000000000000000e+00,4.767840060099503025e+06
-6.327802358296139573e+00,1.594426153064008922e+00,2.539297343024767617e+00,9.650394385380743900e-01,8.500000000000000611e-02,3.000000000000000000e+00,4.767840060099503025e+06
-6.393105932557951121e+00,1.197802523843689126e+00,2.292657938752015401e+00,1.047429851134605627e+00,8.500000000000000611e-02,3.000000000000000000e+00,4.767840060099503025e+06
-6.272863919385669007e+00,1.172624131366923006e+00,2.055522039191024053e+00,9.405441124860332014e-01,8.500000000000000611e-02,3.000000000000000000e+00,4.767840060099503025e+06
-6.422386722608298903e+00,1.301442377436284215e+00,2.342614778614459325e+00,9.376374678605944313e-01,8.500000000000000611e-02,3.000000000000000000e+00,4.767840060099503025e+06
-6.373759847587016303e+00,1.610814225755435203e+00,2.473562341135810527e+00,8.183008511692644316e-01,8.500000000000000611e-02,3.000000000000000000e+00,4.767840060099503025e+06
-6.288255750099978947e+00,2.552706690656329602e+00,3.114229869163191999e+00,5.428805164820076357e-01,8.500000000000000611e-02,3.000000000000000000e+00,4.767840060099503025e+06
-6.134432527324801931e+00,2.393561151065934478e+00,2.793085146352754400e+00,5.479713871977638373e-01,8.500000000000000611e-02,3.000000000000000000e+00,4.767840060099503025e+06
-6.227272856806844281e+00,2.897147677700286028e+00,3.458738575479249011e+00,6.548569629054512564e-01,8.500000000000000611e-02,3.000000000000000000e+00,4.767840060099503025e+06
-6.100495197810552384e+00,2.479938502673223688e+00,2.929672918376988289e+00,6.885382655698906174e-01,8.500000000000000611e-02,3.000000000000000000e+00,4.767840060099503025e+06
-6.026002620197273174e+00,2.602463586541270857e+00,3.488531367307563080e+00,1.261858292341410337e+00,8.500000000000000611e-02,3.000000000000000000e+00,4.767840060099503025e+06
-5.963935472375879066e+00,2.909368061819343598e+00,3.824546729428766945e+00,1.382964597464769518e+00,8.500000000000000611e-02,3.000000000000000000e+00,4.767840060099503025e+06
-6.262286838706080161e+00,2.580289368546760720e+00,3.985433618682967527e+00,1.575808475031838185e+00,8.500000000000000611e-02,3.000000000000000000e+00,4.767840060099503025e+06
-6.240074419025600783e+00,2.417453075672738816e+00,3.817135770023911689e+00,1.586453749635983401e+00,8.500000000000000611e-02,3.000000000000000000e+00,4.767840060099503025e+06
-6.030998062050490383e+00,2.245227149617337936e+00,3.174973260785217022e+00,1.294061049059456625e+00,8.500000000000000611e-02,3.000000000000000000e+00,4.767840060099503025e+06
-6.019049400579107534e+00,2.188521140932656373e+00,3.705957631612638359e+00,1.914929541775740152e+00,8.500000000000000611e-02,3.000000000000000000e+00,4.767840060099503025e+06
-6.221263236443902223e+00,2.339601093461324055e+00,3.992315332524726923e+00,1.854780672208203196e+00,8.500000000000000611e-02,3.000000000000000000e+00,4.767840060099503025e+06
-6.159028550225194465e+00,2.298730065199601658e+00,3.722303487904203401e+00,1.681939336115414241e+00,8.500000000000000611e-02,3.000000000000000000e+00,4.767840060099503025e+06
-6.096997316783685505e+00,2.409724549549239203e+00,3.545540237311890053e+00,1.455417294815850360e+00,8.500000000000000611e-02,3.000000000000000000e+00,4.767840060099503025e+06
-5.865889506164960743e+00,2.451054300576567258e+00,3.740772880188369953e+00,1.841624911619393457e+00,8.500000000000000611e-02,3.000000000000000000e+00,4.767840060099503025e+06
-5.933853981757723162e+00,2.470609556037068444e+00,3.689550528098138216e+00,1.705770118395061319e+00,8.500000000000000611e-02,3.000000000000000000e+00,4.767840060099503025e+06
-5.940261665139269454e+00,2.491770201730825640e+00,3.732983054455617733e+00,1.720699910294347657e+00,8.500000000000000611e-02,3.000000000000000000e+00,4.767840060099503025e+06
-5.971083663968845379e+00,2.442584793847283553e+00,3.835056711726021472e+00,1.845467006928225295e+00,8.500000000000000611e-02,3.000000000000000000e+00,4.767840060099503025e+06
-5.587350425980930346e+00,2.004433232043519197e+00,1.651948736631424275e+00,2.235512806572860778e-01,8.500000000000000611e-02,3.000000000000000000e+00,4.767840060099503025e+06
-6.063988897544344780e+00,1.789141589404466215e+00,1.945920847711613444e+00,3.238966605661922071e-01,8.500000000000000611e-02,3.000000000000000000e+00,4.767840060099503025e+06
-6.574791898195210926e+00,2.209501236196430796e+00,3.023677322532150491e+00,4.958678089645428555e-01,8.500000000000000611e-02,3.000000000000000000e+00,4.767840060099503025e+06
-6.175163348631114602e+00,2.189680561409522497e+00,2.563723320112676340e+00,4.579598196911223162e-01,8.500000000000000611e-02,3.000000000000000000e+00,4.767840060099503025e+06
-6.148151040651430144e+00,2.517792462282531396e+00,2.827360832088813503e+00,3.936650634883201438e-01,8.500000000000000611e-02,3.000000000000000000e+00,4.767840060099503025e+06
-6.109833213801477925e+00,1.570158238419369301e+00,1.756010299718594458e+00,2.893773284718843541e-01,8.500000000000000611e-02,3.000000000000000000e+00,4.767840060099503025e+06
-5.710844687918892326e+00,1.470912186984020709e+00,1.358464277251118624e+00,4.564810930601862493e-01,8.500000000000000611e-02,3.000000000000000000e+00,4.767840060099503025e+06
-5.651271223556486589e+00,1.503206246602005081e+00,1.340022518970780396e+00,5.193257196981024837e-01,8.500000000000000611e-02,3.000000000000000000e+00,4.767840060099503025e+06
-6.029317854547156408e+00,2.233576964827513223e+00,2.427625313644989902e+00,5.506466228293740439e-01,8.500000000000000611e-02,3.000000000000000000e+00,4.767840060099503025e+06
-5.802502357952388223e+00,1.949857653925614276e+00,1.906056807289232768e+00,4.771509382325551663e-01,8.500000000000000611e-02,3.000000000000000000e+00,4.767840060099503025e+06
-5.785907175625715659e+00,2.008783516789978130e+00,2.008870339074831257e+00,5.381221316320957682e-01,8.500000000000000611e-02,3.000000000000000000e+00,4.767840060099503025e+06
-5.986873414998031606e+00,2.229175266423055746e+00,2.534219128407044330e+00,6.995705198438775252e-01,8.500000000000000611e-02,3.000000000000000000e+00,4.767840060099503025e+06
-5.972922897745362114e+00,2.306633054263224736e+00,2.595559560950491118e+00,6.986255790719450021e-01,8.500000000000000611e-02,3.000000000000000000e+00,4.767840060099503025e+06
-6.454134324177078774e+00,1.861934765603975084e+00,2.786660964008190078e+00,8.179861882130017303e-01,8.500000000000000611e-02,3.000000000000000000e+00,4.767840060099503025e+06
-6.321289406697110813e+00,2.217390009743727575e+00,3.000867883720728102e+00,8.269543483564448794e-01,8.500000000000000611e-02,3.000000000000000000e+00,4.767840060099503025e+06
-5.921453055385593522e+00,1.882892433001472465e+00,2.165699522962026613e+00,7.130775959002468856e-01,8.500000000000000611e-02,3.000000000000000000e+00,4.767840060099503025e+06
-6.858704294436936522e+00,1.923290653051000776e+00,3.076066088045928737e+00,5.892838792612323795e-01,8.500000000000000611e-02,3.000000000000000000e+00,4.767840060099503025e+06
-6.413408597570279923e+00,1.974943473826956897e+00,3.075067957625932991e+00,1.054647553834367368e+00,8.500000000000000611e-02,3.000000000000000000e+00,4.767840060099503025e+06
-6.053698778312053719e+00,2.275904596719240836e+00,2.752465559545011153e+00,7.348665579616591170e-01,8.500000000000000611e-02,3.000000000000000000e+00,4.767840060099503025e+06
-6.005794203478588500e+00,2.588307922840546560e+00,2.973228636988503482e+00,7.073583003074128683e-01,8.500000000000000611e-02,3.000000000000000000e+00,4.767840060099503025e+06
-5.929040094745277045e+00,2.661433469789577178e+00,2.979794918442676188e+00,6.959999206231979318e-01,8.500000000000000611e-02,3.000000000000000000e+00,4.767840060099503025e+06
-5.718527824590316833e+00,2.764130550803655328e+00,2.782924196274897177e+00,6.366873194883085896e-01,8.500000000000000611e-02,3.000000000000000000e+00,4.767840060099503025e+06
-5.690646418280083552e+00,2.735914742839543390e+00,2.696298973414398503e+00,5.956423220862654411e-01,8.500000000000000611e-02,3.000000000000000000e+00,4.767840060099503025e+06
-6.006606261672357228e+00,2.842799604702379579e+00,3.402579374749203467e+00,9.532961077915806936e-01,8.500000000000000611e-02,3.000000000000000000e+00,4.767840060099503025e+06
-6.085156269872253887e+00,2.616977498985614492e+00,3.297857864564962327e+00,9.791506254087238847e-01,8.500000000000000611e-02,3.000000000000000000e+00,4.767840060099503025e+06
-5.739393300239648887e+00,2.375758822460924069e+00,2.582453568129546628e+00,8.425791298117011330e-01,8.500000000000000611e-02,3.000000000000000000e+00,4.767840060099503025e+06
-5.280304655438014194e+00,2.090127642808645270e+00,1.713812251459023495e+00,7.330654834671763709e-01,8.500000000000000611e-02,3.000000000000000000e+00,4.767840060099503025e+06
-5.236030249358766930e+00,2.191919350953856593e+00,1.767165973539073009e+00,7.419831127671245863e-01,8.500000000000000611e-02,3.000000000000000000e+00,4.767840060099503025e+06
-5.326956443341416936e+00,2.012144554949126807e+00,1.555553645131185991e+00,5.526266952157710133e-01,8.500000000000000611e-02,3.000000000000000000e+00,4.767840060099503025e+06
-5.667994573404131486e+00,2.021555637030856278e+00,1.833235858953428110e+00,4.722008716480914359e-01,8.500000000000000611e-02,3.000000000000000000e+00,4.767840060099503025e+06
-5.696012143140143813e+00,2.063789722520196435e+00,1.937099470997720729e+00,5.310323673323309457e-01,8.500000000000000611e-02,3.000000000000000000e+00,4.767840060099503025e+06
-6.182401216390413623e+00,2.133973028032189134e+00,2.968264973811081564e+00,1.071483741071438178e+00,8.500000000000000611e-02,3.000000000000000000e+00,4.767840060099503025e+06
-6.113532712193886276e+00,1.969170410678146688e+00,2.918464694149208505e+00,1.218556130709025798e+00,8.500000000000000611e-02,3.000000000000000000e+00,4.767840060099503025e+06
-6.389668702219955421e+00,2.351870877730287468e+00,3.641034786566003767e+00,1.277667492137309679e+00,8.500000000000000611e-02,3.000000000000000000e+00,4.767840060099503025e+06
-5.827247284706204233e+00,2.515139987414621636e+00,3.360050929250622431e+00,1.446975906598204631e+00,8.500000000000000611e-02,3.000000000000000000e+00,4.767840060099503025e+06
-5.619562468642903319e+00,2.595221864645600007e+00,3.109402132513008787e+00,1.307634042070647373e+00,8.500000000000000611e-02,3.000000000000000000e+00,4.767840060099503025e+06
-5.576870498156260680e+00,2.779587101838699503e+00,3.272381218507685929e+00,1.338113835260943851e+00,8.500000000000000611e-02,3.000000000000000000e+00,4.767840060099503025e+06
-5.640863528615703615e+00,2.914684518888680742e+00,3.444795690840799285e+00,1.326474262211903898e+00,8.500000000000000611e-02,3.000000000000000000e+00,4.767840060099503025e+06
-5.769373826351603896e+00,2.990192755282912618e+00,3.494201274759726861e+00,1.162766991857514975e+00,8.500000000000000611e-02,3.000000000000000000e+00,4.767840060099503025e+06
-5.809591765217754222e+00,2.809392965554968757e+00,3.371458824345696215e+00,1.167875302618307742e+00,8.500000000000000611e-02,3.000000000000000000e+00,4.767840060099503025e+06
-5.901091191317592077e+00,2.638976336353636487e+00,3.357045137443580352e+00,1.229787024766555659e+00,8.500000000000000611e-02,3.000000000000000000e+00,4.767840060099503025e+06
-6.002006230438929890e+00,2.798435528952711859e+00,3.663146763005025619e+00,1.274288423444747576e+00,8.500000000000000611e-02,3.000000000000000000e+00,4.767840060099503025e+06
-5.903561249036686220e+00,2.869475083187785991e+00,3.671226818187598884e+00,1.343914669648332394e+00,8.500000000000000611e-02,3.000000000000000000e+00,4.767840060099503025e+06
-5.345748675951244699e+00,2.614828485005288528e+00,2.563525206121163968e+00,1.047884555439854593e+00,8.500000000000000611e-02,3.000000000000000000e+00,4.767840060099503025e+06
-4.931748215490888043e+00,2.291302954012533810e+00,1.685835728180010040e+00,8.948066530897367254e-01,8.500000000000000611e-02,3.000000000000000000e+00,4.767840060099503025e+06
-4.707846447633617259e+00,2.061076201236317296e+00,1.159237571583347393e+00,8.219400676308971088e-01,8.500000000000000611e-02,3.000000000000000000e+00,4.767840060099503025e+06
-5.192587036152464641e+00,1.859921372788124083e+00,1.536603754073632366e+00,8.837250556315816574e-01,8.500000000000000611e-02,3.000000000000000000e+00,4.767840060099503025e+06
-4.680361495686916840e+00,1.683478061240597956e+00,4.606215293376885178e-01,4.720742727597879718e-01,8.500000000000000611e-02,3.000000000000000000e+00,4.767840060099503025e+06
-5.157420515381830661e+00,1.947007263792833287e+00,1.515997689946052995e+00,7.865934398066166677e-01,8.500000000000000611e-02,3.000000000000000000e+00,4.767840060099503025e+06
-5.184263855607223803e+00,1.215986168034983272e+00,7.728706319002793812e-01,7.414359095469741368e-01,8.500000000000000611e-02,3.000000000000000000e+00,4.767840060099503025e+06
-4.693693158806304666e+00,1.149397665158603754e+00,7.628599655923151701e-02,5.684094336893953381e-01,8.500000000000000611e-02,3.000000000000000000e+00,4.767840060099503025e+06
-5.366875110831989204e+00,1.060836303390919610e+00,6.056495135600603597e-01,4.647704565586194825e-01,8.500000000000000611e-02,3.000000000000000000e+00,4.767840060099503025e+06
-5.568776212555001770e+00,1.221653506174261494e+00,1.094818897495311916e+00,6.548140362475960430e-01,8.500000000000000611e-02,3.000000000000000000e+00,4.767840060099503025e+06
-5.567825120602907241e+00,1.059223739647963125e+00,1.095923193253972361e+00,8.438938359037405634e-01,8.500000000000000611e-02,3.000000000000000000e+00,4.767840060099503025e+06
-5.679081911078481149e+00,1.199684306235150544e+00,1.291568680074847819e+00,7.238376650297669856e-01,8.500000000000000611e-02,3.000000000000000000e+00,4.767840060099503025e+06
-5.669586219842015495e+00,5.997435876206151928e-01,8.008954418301790223e-01,7.891491999905899668e-01,8.500000000000000611e-02,3.000000000000000000e+00,4.767840060099503025e+06
-5.948660657949464081e+00,1.412242620220330869e+00,1.825224497052174044e+00,7.921229884868258297e-01,8.500000000000000611e-02,3.000000000000000000e+00,4.767840060099503025e+06
-5.950160261071257395e+00,1.263641487091738513e+00,1.957873331896145430e+00,1.123631116390221063e+00,8.500000000000000611e-02,3.000000000000000000e+00,4.767840060099503025e+06
-5.780321495776860274e+00,1.467007047825702459e+00,1.759532034424999614e+00,8.650015035212508252e-01,8.500000000000000611e-02,3.000000000000000000e+00,4.767840060099503025e+06
-5.394882938160693087e+00,1.319156799172033878e+00,1.085983571782950019e+00,7.348201063897663587e-01,8.500000000000000611e-02,3.000000000000000000e+00,4.767840060099503025e+06
-6.315012906102084322e+00,1.153335490067352920e+00,2.039161049958823746e+00,8.991895761610033677e-01,8.500000000000000611e-02,3.000000000000000000e+00,4.767840060099503025e+06
-6.435971746977140917e+00,1.272318478548653653e+00,2.327928309635332482e+00,9.400155147017048574e-01,8.500000000000000611e-02,3.000000000000000000e+00,4.767840060099503025e+06
-6.162953411668074644e+00,1.446564509635004381e+00,2.090256895704184714e+00,8.253087539558418007e-01,8.500000000000000611e-02,3.000000000000000000e+00,4.767840060099503025e+06
-5.984546368862258880e+00,1.616193792726751788e+00,1.898503579392849083e+00,6.049186552516644388e-01,8.500000000000000611e-02,3.000000000000000000e+00,4.767840060099503025e+06
-6.174925887418873494e+00,1.685010973865180617e+00,2.108904388581767542e+00,5.466132154312791647e-01,8.500000000000000611e-02,3.000000000000000000e+00,4.767840060099503025e+06
-5.507879460821911266e+00,1.021939633682292126e+00,7.165262473330704651e-01,4.546401043804414455e-01,8.500000000000000611e-02,3.000000000000000000e+00,4.767840060099503025e+06
-5.201538818897541105e+00,1.875888311582259993e+00,1.451006825911982157e+00,7.482021129985518826e-01,8.500000000000000611e-02,3.000000000000000000e+00,4.767840060099503025e+06
-5.125820883462054667e+00,1.710124886816118073e+00,1.128442399416353492e+00,6.357482404688855615e-01,8.500000000000000611e-02,3.000000000000000000e+00,4.767840060099503025e+06
-4.937629178652662709e+00,1.758516952153124091e+00,1.134775711365484385e+00,8.627543517381803806e-01,8.500000000000000611e-02,3.000000000000000000e+00,4.767840060099503025e+06
-5.452601770851206453e+00,1.956266541279804816e+00,1.726633528294083231e+00,6.889383649295643952e-01,8.500000000000000611e-02,3.000000000000000000e+00,4.767840060099503025e+06
-5.812532166440834480e+00,1.835476226496671082e+00,2.016687126625651860e+00,7.278178845827250054e-01,8.500000000000000611e-02,3.000000000000000000e+00,4.767840060099503025e+06
-6.082617982387319877e+00,1.412604301185653943e+00,1.852901439542484763e+00,6.840407332259457185e-01,8.500000000000000611e-02,3.000000000000000000e+00,4.767840060099503025e+06
-6.275465674598394550e+00,9.783635916605579741e-01,1.546340909749446935e+00,5.733220282435920190e-01,8.500000000000000611e-02,3.000000000000000000e+00,4.767840060099503025e+06
-5.889956632651804469e+00,1.290280161521452085e+00,1.501903664522340032e+00,6.348823418035408617e-01,8.500000000000000611e-02,3.000000000000000000e+00,4.767840060099503025e+06
-5.840980266775036789e+00,1.597041860277578884e+00,1.752345893065410110e+00,6.176003198104462744e-01,8.500000000000000611e-02,3.000000000000000000e+00,4.767840060099503025e+06
-5.578848970356972359e+00,1.523539700399766605e+00,1.607792969153629459e+00,8.580502692641926998e-01,8.500000000000000611e-02,3.000000000000000000e+00,4.767840060099503025e+06
-5.601800563453069870e+00,1.416716114002227966e+00,1.753657652149218871e+00,1.155495012995169324e+00,8.500000000000000611e-02,3.000000000000000000e+00,4.767840060099503025e+06
-5.588546232324494767e+00,1.299451201140447543e+00,1.502390183175038363e+00,9.925214207099677388e-01,8.500000000000000611e-02,3.000000000000000000e+00,4.767840060099503025e+06
-5.639226037526653634e+00,9.847750888152226878e-01,1.384877775931323551e+00,1.133668751791315099e+00,8.500000000000000611e-02,3.000000000000000000e+00,4.767840060099503025e+06
-5.706057128996079086e+00,1.009845583560971649e+00,1.443970214357931159e+00,1.083977695511242567e+00,8.500000000000000611e-02,3.000000000000000000e+00,4.767840060099503025e+06
-5.372879956786746902e+00,8.690558200845883707e-01,7.551355020385633887e-01,8.383863594162429544e-01,8.500000000000000611e-02,3.000000000000000000e+00,4.767840060099503025e+06
-6.136384345326018064e+00,1.379146718417310957e+00,2.456823370532215112e+00,1.329950110538356878e+00,8.500000000000000611e-02,3.000000000000000000e+00,4.767840060099503025e+06
-6.309038054014223462e+00,1.822058725313663530e+00,2.941511517269832954e+00,1.190743887215902852e+00,8.500000000000000611e-02,3.000000000000000000e+00,4.767840060099503025e+06
-6.152410495990102035e+00,1.563533490230204936e+00,2.575280330502002890e+00,1.227862619460751592e+00,8.500000000000000611e-02,3.000000000000000000e+00,4.767840060099503025e+06
-6.182085477111884941e+00,1.211300375267494012e+00,2.549202579483487163e+00,1.542227541928107737e+00,8.500000000000000611e-02,3.000000000000000000e+00,4.767840060099503025e+06
-6.248318821851972515e+00,1.165185041533752575e+00,2.686480940699261133e+00,1.664807213487976556e+00,8.500000000000000611e-02,3.000000000000000000e+00,4.767840060099503025e+06
-6.270492237593969342e+00,1.247517855325404046e+00,2.715621303207586656e+00,1.590902818988658485e+00,8.500000000000000611e-02,3.000000000000000000e+00,4.767840060099503025e+06
-6.122287334590495789e+00,9.576811430300962158e-01,2.425395442779813227e+00,1.721744590283353471e+00,8.500000000000000611e-02,3.000000000000000000e+00,4.767840060099503025e+06
-5.695300521513356529e+00,1.449051454903305114e+00,2.383105185893406031e+00,1.669686528249612500e+00,8.500000000000000611e-02,3.000000000000000000e+00,4.767840060099503025e+06
-5.629058098399961629e+00,1.692192679455481130e+00,2.301249943216399085e+00,1.375014156443588043e+00,8.500000000000000611e-02,3.000000000000000000e+00,4.767840060099503025e+06
-4.874696235696827529e+00,2.260462592599763898e+00,1.231941041852246066e+00,4.079403574705147140e-01,8.500000000000000611e-02,3.000000000000000000e+00,4.767840060099503025e+06
-4.483597849451928852e+00,2.810046679736621922e+00,1.395462043400568897e+00,4.776207825578715482e-01,8.500000000000000611e-02,3.000000000000000000e+00,4.767840060099503025e+06
-4.928042776846424111e+00,2.444094443164004815e+00,1.457925271214107088e+00,4.073831829314763509e-01,8.500000000000000611e-02,3.000000000000000000e+00,4.767840060099503025e+06
-4.836262934299483618e+00,1.039380550781262347e+00,5.513866664328892497e-02,4.948623303840971044e-01,8.500000000000000611e-02,3.000000000000000000e+00,4.767840060099503025e+06
-5.289573649096527497e+00,1.534555802796741419e+00,9.762683337961292063e-01,4.380029839491466626e-01,8.500000000000000611e-02,3.000000000000000000e+00,4.767840060099503025e+06
-5.449690581080755436e+00,1.872936879474443428e+00,1.360610841299771501e+00,2.298180042385113697e-01,8.500000000000000611e-02,3.000000000000000000e+00,4.767840060099503025e+06
-5.726524104811467453e+00,2.524747668722025384e+00,2.291130597085887732e+00,2.319281813951184212e-01,8.500000000000000611e-02,3.000000000000000000e+00,4.767840060099503025e+06
-5.812744422743295836e+00,2.599323115629259995e+00,2.569732011407323213e+00,3.998086489135461719e-01,8.500000000000000611e-02,3.000000000000000000e+00,4.767840060099503025e+06
-5.833012396933295207e+00,2.647271071975550782e+00,2.654708819887327653e+00,4.298962097654172032e-01,8.500000000000000611e-02,3.000000000000000000e+00,4.767840060099503025e+06
-5.861448033735952912e+00,2.641824476673782396e+00,2.636577639017184893e+00,3.865114825909305996e-01,8.500000000000000611e-02,3.000000000000000000e+00,4.767840060099503025e+06
-5.546067236553309243e+00,2.726892715170762926e+00,2.355447638150100609e+00,2.913734215163964469e-01,8.500000000000000611e-02,3.000000000000000000e+00,4.767840060099503025e+06
-5.943456544420080867e+00,2.433296566054480969e+00,2.584662478030362642e+00,4.771664511043443024e-01,8.500000000000000611e-02,3.000000000000000000e+00,4.767840060099503025e+06
-5.861860618649736843e+00,2.654136181730783139e+00,2.713118043619345165e+00,4.617669762125120037e-01,8.500000000000000611e-02,3.000000000000000000e+00,4.767840060099503025e+06
-5.755533003172643269e+00,2.972654664832973470e+00,2.780721818696089365e+00,2.371625587027506588e-01,8.500000000000000611e-02,3.000000000000000000e+00,4.767840060099503025e+06
-5.753306903493306201e+00,2.927532793901379993e+00,2.747853437965865453e+00,2.575373785428485274e-01,8.500000000000000611e-02,3.000000000000000000e+00,4.767840060099503025e+06
-5.997664875172777244e+00,2.977511695700222116e+00,3.129644880201194024e+00,3.821279399372604635e-01,8.500000000000000611e-02,3.000000000000000000e+00,4.767840060099503025e+06
-5.966992549399083856e+00,2.848317927689393514e+00,2.965059775838859046e+00,3.788799784473088628e-01,8.500000000000000611e-02,3.000000000000000000e+00,4.767840060099503025e+06
-5.906017921878016885e+00,2.304147585499102036e+00,2.321806682315859405e+00,3.158939420252079300e-01,8.500000000000000611e-02,3.000000000000000000e+00,4.767840060099503025e+06
-5.639313115400333309e+00,2.448110473128115583e+00,2.164913465099969514e+00,3.097474591039942604e-01,8.500000000000000611e-02,3.000000000000000000e+00,4.767840060099503025e+06
-5.974720971731288799e+00,2.727533818449263681e+00,2.762293547053456422e+00,2.600454128426087363e-01,8.500000000000000611e-02,3.000000000000000000e+00,4.767840060099503025e+06
-5.806914333092273672e+00,2.772243309309247561e+00,2.662727104904330400e+00,3.311150972435201734e-01,8.500000000000000611e-02,3.000000000000000000e+00,4.767840060099503025e+06
-5.750861302157618482e+00,2.743490083595102380e+00,2.599662137352023006e+00,3.755685853654182615e-01,8.500000000000000611e-02,3.000000000000000000e+00,4.767840060099503025e+06
-5.757852274364387846e+00,2.843705409986379884e+00,2.704027542576297183e+00,3.765997800708899557e-01,8.500000000000000611e-02,3.000000000000000000e+00,4.767840060099503025e+06
-5.781966110176277596e+00,2.731317203334714172e+00,2.722112404037867250e+00,5.258490219854925485e-01,8.500000000000000611e-02,3.000000000000000000e+00,4.767840060099503025e+06
-6.038112933547930439e+00,2.734929809854063532e+00,3.034793990732978841e+00,5.746751591940627568e-01,8.500000000000000611e-02,3.000000000000000000e+00,4.767840060099503025e+06
-5.701913451647006248e+00,2.622215093906834493e+00,2.521117189734960906e+00,4.999273950117657517e-01,8.500000000000000611e-02,3.000000000000000000e+00,4.767840060099503025e+06
-5.644301950414964963e+00,2.553787446753535306e+00,2.413819988623857160e+00,5.385572717153315203e-01,8.500000000000000611e-02,3.000000000000000000e+00,4.767840060099503025e+06
-5.818383367708950260e+00,2.668854110092815368e+00,2.630758992368472438e+00,4.281042967494799178e-01,8.500000000000000611e-02,3.000000000000000000e+00,4.767840060099503025e+06
-5.779352517778666432e+00,2.548267643402496230e+00,2.416799273015496574e+00,3.634593377270735060e-01,8.500000000000000611e-02,3.000000000000000000e+00,4.767840060099503025e+06
-6.011671602909942180e+00,2.433784647053189865e+00,2.503963785106250839e+00,3.501699435330277721e-01,8.500000000000000611e-02,3.000000000000000000e+00,4.767840060099503025e+06
-5.938961914966881750e+00,2.249651910347478356e+00,2.621082465494654734e+00,7.800467016780757712e-01,8.500000000000000611e-02,3.000000000000000000e+00,4.767840060099503025e+06
-5.874087793335302621e+00,2.236618566362591487e+00,2.442804669232257364e+00,6.676304645033819263e-01,8.500000000000000611e-02,3.000000000000000000e+00,4.767840060099503025e+06
-6.321187811697632775e+00,2.014966978086221605e+00,2.807570168933356314e+00,8.631484654919955313e-01,8.500000000000000611e-02,3.000000000000000000e+00,4.767840060099503025e+06
-6.012186076031592386e+00,2.012478088302881662e+00,2.348396194043682605e+00,6.750025809745384686e-01,8.500000000000000611e-02,3.000000000000000000e+00,4.767840060099503025e+06
-5.948930438925999375e+00,1.689158102599614075e+00,2.041362706435961183e+00,7.610095870469510970e-01,8.500000000000000611e-02,3.000000000000000000e+00,4.767840060099503025e+06
-6.233443280566936195e+00,1.482665234684979572e+00,2.366783297747964809e+00,1.023062813293801554e+00,8.500000000000000611e-02,3.000000000000000000e+00,4.767840060099503025e+06
-5.758924006522043726e+00,2.412754646856962282e+00,2.692583148350998989e+00,9.418944880987234480e-01,8.500000000000000611e-02,3.000000000000000000e+00,4.767840060099503025e+06
-5.897808960471009776e+00,1.692836723538817978e+00,2.445961251723644647e+00,1.268529981493342840e+00,8.500000000000000611e-02,3.000000000000000000e+00,4.767840060099503025e+06
-5.949846867578779452e+00,1.377437019817293606e+00,1.950398590890675576e+00,9.871656036119249578e-01,8.500000000000000611e-02,3.000000000000000000e+00,4.767840060099503025e+06
-6.072335352871140124e+00,1.157915668318421076e+00,1.902539836723168731e+00,1.016861785489628467e+00,8.500000000000000611e-02,3.000000000000000000e+00,4.767840060099503025e+06
-5.757469137761809463e+00,1.085526443735918445e+00,1.465066867997171896e+00,9.896905055777005522e-01,8.500000000000000611e-02,3.000000000000000000e+00,4.767840060099503025e+06
-5.788802290283929786e+00,1.091780058453166502e+00,1.597173842168992719e+00,1.085556398082451857e+00,8.500000000000000611e-02,3.000000000000000000e+00,4.767840060099503025e+06
-5.510354114075369125e+00,1.278332186922968905e+00,1.297321400556713300e+00,8.916966555786013382e-01,8.500000000000000611e-02,3.000000000000000000e+00,4.767840060099503025e+06
-5.600324572384717925e+00,1.331951739359086728e+00,1.466538977896541196e+00,9.277020686401614702e-01,8.500000000000000611e-02,3.000000000000000000e+00,4.767840060099503025e+06
-5.634875338543732681e+00,1.121357498614668602e+00,1.342347833961398562e+00,9.446643602611596302e-01,8.500000000000000611e-02,3.000000000000000000e+00,4.767840060099503025e+06
-5.939404978920517664e+00,1.736755416387277595e+00,2.211887608576994513e+00,9.098838507495475847e-01,8.500000000000000611e-02,3.000000000000000000e+00,4.767840060099503025e+06
-5.906408996624592511e+00,1.761659645701229016e+00,2.262791744601261534e+00,9.854489801873773658e-01,8.500000000000000611e-02,3.000000000000000000e+00,4.767840060099503025e+06
-5.998973207222369375e+00,1.178399057997703281e+00,1.897501503608705953e+00,1.122165715036293587e+00,8.500000000000000611e-02,3.000000000000000000e+00,4.767840060099503025e+06
-6.010015658923664184e+00,1.093803944494625036e+00,1.889396551566239868e+00,1.167109739877092878e+00,8.500000000000000611e-02,3.000000000000000000e+00,4.767840060099503025e+06
-5.932957758924585434e+00,1.082868891845558679e+00,1.739547220140532202e+00,1.092132740652885792e+00,8.500000000000000611e-02,3.000000000000000000e+00,4.767840060099503025e+06
-5.916000048375933851e+00,9.830560149585692020e-01,1.622042620932471202e+00,1.088734041846205702e+00,8.500000000000000611e-02,3.000000000000000000e+00,4.767840060099503025e+06
-5.887989305011641861e+00,7.570761599434350231e-01,1.495285328127986535e+00,1.215077289347455514e+00,8.500000000000000611e-02,3.000000000000000000e+00,4.767840060099503025e+06
-5.577466025270219063e+00,1.297504111092180112e+00,1.210811974803566393e+00,6.873758594095067398e-01,8.500000000000000611e-02,3.000000000000000000e+00,4.767840060099503025e+06
-5.510115279666854882e+00,1.125869523254304116e+00,8.742033723942020940e-01,5.831641428556620932e-01,8.500000000000000611e-02,3.000000000000000000e+00,4.767840060099503025e+06
-5.510115279666854882e+00,1.125869523254304116e+00,8.742033723942020940e-01,5.831641428556620932e-01,8.500000000000000611e-02,3.000000000000000000e+00,4.767840060099503025e+06
-5.404270848509818315e+00,7.862496715860476382e-01,6.265177239092518668e-01,7.639948616230197720e-01,8.500000000000000611e-02,3.000000000000000000e+00,4.767840060099503025e+06
-5.019192451856385517e+00,8.123662967499876153e-01,1.021399307399859513e-01,5.728707778703855391e-01,8.500000000000000611e-02,3.000000000000000000e+00,4.767840060099503025e+06
-4.646498458379631380e+00,7.198147932951544092e-01,-4.475435996411976092e-01,4.631732241753886425e-01,8.500000000000000611e-02,3.000000000000000000e+00,4.767840060099503025e+06
-4.881984916419535026e+00,1.075009917572942397e+00,1.641404132306908958e-01,4.832917797798901294e-01,8.500000000000000611e-02,3.000000000000000000e+00,4.767840060099503025e+06
-4.466828788001900641e+00,7.998394810809400512e-01,-6.827613840680042401e-01,2.848206847868893776e-01,8.500000000000000611e-02,3.000000000000000000e+00,4.767840060099503025e+06
-5.188237905541909889e+00,1.218006650287991821e+00,4.885720995746052342e-01,3.009623939479889043e-01,8.500000000000000611e-02,3.000000000000000000e+00,4.767840060099503025e+06
-5.447548979531561919e+00,9.075083720734824499e-01,5.034243123217065907e-01,3.450252025203108808e-01,8.500000000000000611e-02,3.000000000000000000e+00,4.767840060099503025e+06
-5.512377589152595014e+00,8.898277176404905120e-01,5.318950671214672798e-01,3.080773282469104757e-01,8.500000000000000611e-02,3.000000000000000000e+00,4.767840060099503025e+06
-5.693529557488296255e+00,9.313211547784246980e-01,8.296042003163134337e-01,4.070276326823116242e-01,8.500000000000000611e-02,3.000000000000000000e+00,4.767840060099503025e+06
-5.658521463127550000e+00,9.582238292966076543e-01,8.142467033725506731e-01,4.009041843418245099e-01,8.500000000000000611e-02,3.000000000000000000e+00,4.767840060099503025e+06
-5.752311703032686019e+00,9.507312367673915743e-01,9.530205169659010656e-01,4.910022580533396352e-01,8.500000000000000611e-02,3.000000000000000000e+00,4.767840060099503025e+06
-5.408570305615540974e+00,8.506963448074922329e-01,3.918615079485276986e-01,3.411012188224900599e-01,8.500000000000000611e-02,3.000000000000000000e+00,4.767840060099503025e+06
-5.478429167628090291e+00,1.587895605084321371e+00,1.146027082887287829e+00,3.208656693847273811e-01,8.500000000000000611e-02,3.000000000000000000e+00,4.767840060099503025e+06
-5.278943034834584047e+00,1.352941367614950208e+00,7.888016885753714735e-01,4.745430926507951952e-01,8.500000000000000611e-02,3.000000000000000000e+00,4.767840060099503025e+06
-5.513408772813330749e+00,2.135311570580882279e+00,2.150532633775174229e+00,8.921743635144767648e-01,8.500000000000000611e-02,3.000000000000000000e+00,4.767840060099503025e+06
-5.514213082844619862e+00,1.575811952360147261e+00,1.739394448014144778e+00,1.066054685593795348e+00,8.500000000000000611e-02,3.000000000000000000e+00,4.767840060099503025e+06
-5.382262246107843318e+00,1.583601661673577743e+00,1.670143965173057188e+00,1.134259464971574927e+00,8.500000000000000611e-02,3.000000000000000000e+00,4.767840060099503025e+06
-5.339109421981750536e+00,2.877339868437800430e+00,2.477945249331223732e+00,6.442862178002995988e-01,8.500000000000000611e-02,3.000000000000000000e+00,4.767840060099503025e+06
-5.406421667738427139e+00,2.964370293459287709e+00,2.732339908880656143e+00,7.834107971045349839e-01,8.500000000000000611e-02,3.000000000000000000e+00,4.767840060099503025e+06
-5.092556948988641530e+00,2.606692824597975910e+00,1.874893103465233413e+00,1.954462740583216562e-01,8.500000000000000611e-02,3.000000000000000000e+00,4.767840060099503025e+06
-5.092556948988641530e+00,2.606692824597975910e+00,1.874893103465233413e+00,1.954462740583216562e-01,8.500000000000000611e-02,3.000000000000000000e+00,4.767840060099503025e+06
-5.092556948988641530e+00,2.606692824597975910e+00,1.874893103465233413e+00,1.954462740583216562e-01,8.500000000000000611e-02,3.000000000000000000e+00,4.767840060099503025e+06
-5.066949212800451186e+00,2.612178163046672275e+00,1.853362156085787582e+00,1.876396893815532319e-01,8.500000000000000611e-02,3.000000000000000000e+00,4.767840060099503025e+06
-5.066949212800451186e+00,2.612178163046672275e+00,1.853362156085787582e+00,1.876396893815532319e-01,8.500000000000000611e-02,3.000000000000000000e+00,4.767840060099503025e+06
-5.066949212800451186e+00,2.612178163046672275e+00,1.853362156085787582e+00,1.876396893815532319e-01,8.500000000000000611e-02,3.000000000000000000e+00,4.767840060099503025e+06
-5.066949212800451186e+00,2.612178163046672275e+00,1.853362156085787582e+00,1.876396893815532319e-01,8.500000000000000611e-02,3.000000000000000000e+00,4.767840060099503025e+06
-5.066949212800451186e+00,2.612178163046672275e+00,1.853362156085787582e+00,1.876396893815532319e-01,8.500000000000000611e-02,3.000000000000000000e+00,4.767840060099503025e+06
-5.066949212800451186e+00,2.612178163046672275e+00,1.853362156085787582e+00,1.876396893815532319e-01,8.500000000000000611e-02,3.000000000000000000e+00,4.767840060099503025e+06
-4.767767838665948332e+00,2.710164099813628713e+00,1.877401151130585033e+00,3.896295132225076618e-01,8.500000000000000611e-02,3.000000000000000000e+00,4.767840060099503025e+06
-4.767767838665948332e+00,2.710164099813628713e+00,1.877401151130585033e+00,3.896295132225076618e-01,8.500000000000000611e-02,3.000000000000000000e+00,4.767840060099503025e+06
-4.767767838665948332e+00,2.710164099813628713e+00,1.877401151130585033e+00,3.896295132225076618e-01,8.500000000000000611e-02,3.000000000000000000e+00,4.767840060099503025e+06
-4.369486920358709447e+00,2.737626634099295853e+00,1.576137935222244213e+00,4.512601235689778223e-01,8.500000000000000611e-02,3.000000000000000000e+00,4.767840060099503025e+06
-4.369486920358709447e+00,2.737626634099295853e+00,1.576137935222244213e+00,4.512601235689778223e-01,8.500000000000000611e-02,3.000000000000000000e+00,4.767840060099503025e+06
-4.369486920358709447e+00,2.737626634099295853e+00,1.576137935222244213e+00,4.512601235689778223e-01,8.500000000000000611e-02,3.000000000000000000e+00,4.767840060099503025e+06
-3.718912232068960932e+00,2.673574827547356314e+00,7.446066803869824113e-01,3.620663029995307980e-03,8.500000000000000611e-02,3.000000000000000000e+00,4.767840060099503025e+06
-5.401019757131871657e+00,7.754604272566505418e-01,5.058130551904542749e-01,6.393928204879207877e-01,8.500000000000000611e-02,3.000000000000000000e+00,4.767840060099503025e+06
-5.482701305408319570e+00,9.455562079885024840e-01,7.515079475305576073e-01,5.617806706775553272e-01,8.500000000000000611e-02,3.000000000000000000e+00,4.767840060099503025e+06
-5.208301588759669087e+00,8.715132224711543696e-01,3.928335803245093238e-01,5.470822891822544332e-01,8.500000000000000611e-02,3.000000000000000000e+00,4.767840060099503025e+06
-5.379114000866219492e+00,5.574263937519423617e-01,3.058743669136322341e-01,6.044103630909440916e-01,8.500000000000000611e-02,3.000000000000000000e+00,4.767840060099503025e+06
-5.039846114822184475e+00,9.653279402495255068e-01,2.060153110901319362e-01,5.062872101062004804e-01,8.500000000000000611e-02,3.000000000000000000e+00,4.767840060099503025e+06
-5.105518072479674707e+00,8.685188974928086392e-01,2.524193861057841826e-01,5.635840662526176992e-01,8.500000000000000611e-02,3.000000000000000000e+00,4.767840060099503025e+06
-4.805332537109925362e+00,9.610990858864341124e-01,-1.049145511352753690e-01,3.798639981156639589e-01,8.500000000000000611e-02,3.000000000000000000e+00,4.767840060099503025e+06
-5.067049958694587630e+00,9.059209433445389870e-01,2.503596557651087684e-01,5.610144127997118702e-01,8.500000000000000611e-02,3.000000000000000000e+00,4.767840060099503025e+06
-5.121346616864786760e+00,7.939485343340101364e-01,2.180746580493224673e-01,5.875339442810092461e-01,8.500000000000000611e-02,3.000000000000000000e+00,4.767840060099503025e+06
-5.548184555363760317e+00,9.324894655164370771e-01,1.041459239733697473e+00,8.844035587218654904e-01,8.500000000000000611e-02,3.000000000000000000e+00,4.767840060099503025e+06
-5.401927707108073129e+00,6.698519796457713671e-01,7.199932732869496199e-01,9.887246330755929957e-01,8.500000000000000611e-02,3.000000000000000000e+00,4.767840060099503025e+06
-5.387707860200915633e+00,8.061414477898751763e-01,8.044675262689788831e-01,9.449567832238873200e-01,8.500000000000000611e-02,3.000000000000000000e+00,4.767840060099503025e+06
-5.392508118887517909e+00,8.407614034017960591e-01,8.339912798073068068e-01,9.342206194661994978e-01,8.500000000000000611e-02,3.000000000000000000e+00,4.767840060099503025e+06
-5.344446366810100102e+00,8.186926077034212268e-01,8.185886643278359465e-01,1.008976957009155129e+00,8.500000000000000611e-02,3.000000000000000000e+00,4.767840060099503025e+06
-5.574124448561062373e+00,1.341991883488843573e+00,1.336996922168983026e+00,7.559142145445053584e-01,8.500000000000000611e-02,3.000000000000000000e+00,4.767840060099503025e+06
-5.613650550712980802e+00,1.685247473734244217e+00,1.631294969641213122e+00,6.654963347143477703e-01,8.500000000000000611e-02,3.000000000000000000e+00,4.767840060099503025e+06
-5.859569528024446861e+00,2.686848860976433606e+00,2.757320815361462341e+00,5.292377487260406799e-01,8.500000000000000611e-02,3.000000000000000000e+00,4.767840060099503025e+06
-6.019453964504927868e+00,2.970319693877058409e+00,3.220492079853918721e+00,5.620855122342369725e-01,8.500000000000000611e-02,3.000000000000000000e+00,4.767840060099503025e+06
-5.997340939763413203e+00,2.852382076861029070e+00,3.097991931942977395e+00,5.790328127541730652e-01,8.500000000000000611e-02,3.000000000000000000e+00,4.767840060099503025e+06
-5.820544706645560673e+00,2.709042809313778832e+00,2.743946258248023184e+00,5.326527462664418788e-01,8.500000000000000611e-02,3.000000000000000000e+00,4.767840060099503025e+06
-5.882105338374643999e+00,2.762400179260745325e+00,2.916927242732168857e+00,5.885850876801792531e-01,8.500000000000000611e-02,3.000000000000000000e+00,4.767840060099503025e+06
-5.882057181346963759e+00,2.633170825666586001e+00,2.740710909274299389e+00,5.300220250770475428e-01,8.500000000000000611e-02,3.000000000000000000e+00,4.767840060099503025e+06
-5.624879417060885345e+00,1.939536268115237938e+00,1.652870034347172501e+00,3.359568058390908774e-01,8.500000000000000611e-02,3.000000000000000000e+00,4.767840060099503025e+06
-5.765745472105099800e+00,2.087089889029047018e+00,2.072645465179037139e+00,5.979581740405378598e-01,8.500000000000000611e-02,3.000000000000000000e+00,4.767840060099503025e+06
-5.078064361967932427e+00,1.668905557423189912e+00,8.713840326634899602e-01,4.737014360237554733e-01,8.500000000000000611e-02,3.000000000000000000e+00,4.767840060099503025e+06
-5.177496539762005412e+00,1.646420422748165580e+00,1.309489866241428935e+00,8.511564332320095128e-01,8.500000000000000611e-02,3.000000000000000000e+00,4.767840060099503025e+06
-5.422657753548098647e+00,1.943078261332936929e+00,1.712878399196400947e+00,6.972011293657839337e-01,8.500000000000000611e-02,3.000000000000000000e+00,4.767840060099503025e+06
-5.232040248063751342e+00,2.111331252251808177e+00,1.664739433179525552e+00,6.874185027533923353e-01,8.500000000000000611e-02,3.000000000000000000e+00,4.767840060099503025e+06
-5.296982597314978669e+00,1.964401527438917938e+00,1.708399415773316443e+00,8.647560485314635947e-01,8.500000000000000611e-02,3.000000000000000000e+00,4.767840060099503025e+06
-5.390674824389746433e+00,2.082168027070517180e+00,1.975559370983767327e+00,9.560325836012375511e-01,8.500000000000000611e-02,3.000000000000000000e+00,4.767840060099503025e+06
-5.239338002904307068e+00,2.048502925643953532e+00,1.458015503455714956e+00,5.271162790247008179e-01,8.500000000000000611e-02,3.000000000000000000e+00,4.767840060099503025e+06
-5.228036404746429611e+00,2.105647060328883935e+00,1.554629461044381822e+00,6.085141657224741873e-01,8.500000000000000611e-02,3.000000000000000000e+00,4.767840060099503025e+06
-5.026651067781299886e+00,1.726565636679934457e+00,9.540710269529828480e-01,5.454901034763786072e-01,8.500000000000000611e-02,3.000000000000000000e+00,4.767840060099503025e+06
-5.271090930204821667e+00,2.170213682676010336e+00,1.471971952959058694e+00,2.989819520085455484e-01,8.500000000000000611e-02,3.000000000000000000e+00,4.767840060099503025e+06
-5.611921125803104538e+00,2.141748453739103830e+00,2.072267502116850402e+00,6.679774159039263415e-01,8.500000000000000611e-02,3.000000000000000000e+00,4.767840060099503025e+06
-5.263813537814617582e+00,2.379120943259746657e+00,1.831274868149441959e+00,5.661312257761462741e-01,8.500000000000000611e-02,3.000000000000000000e+00,4.767840060099503025e+06
-4.929365034940268231e+00,8.527395575744574074e-01,1.546680219510941923e-01,6.922857545293348291e-01,8.500000000000000611e-02,3.000000000000000000e+00,4.767840060099503025e+06
-5.311545815969685336e+00,1.252248903266212299e+00,9.508616788063211089e-01,7.138610125206743540e-01,8.500000000000000611e-02,3.000000000000000000e+00,4.767840060099503025e+06
-5.336663988093507172e+00,1.417070248303365698e+00,9.409107877186679847e-01,4.385196370621710638e-01,8.500000000000000611e-02,3.000000000000000000e+00,4.767840060099503025e+06
-5.412090987207925252e+00,1.521703913482722603e+00,1.066980889964262103e+00,3.803159045500720259e-01,8.500000000000000611e-02,3.000000000000000000e+00,4.767840060099503025e+06
-5.505413360242336296e+00,1.349076660990067289e+00,1.043885490491086809e+00,4.540899648459007509e-01,8.500000000000000611e-02,3.000000000000000000e+00,4.767840060099503025e+06
-4.976091298224643467e+00,1.375601243923680439e+00,3.436060762094519383e-01,1.345649075860844701e-01,8.500000000000000611e-02,3.000000000000000000e+00,4.767840060099503025e+06
-5.297829332502011823e+00,1.877019722987114392e+00,1.308029383879974361e+00,4.253019378683181584e-01,8.500000000000000611e-02,3.000000000000000000e+00,4.767840060099503025e+06
-5.321244519345323276e+00,1.813196837697760966e+00,1.454749230625825618e+00,6.754658460257488839e-01,8.500000000000000611e-02,3.000000000000000000e+00,4.767840060099503025e+06
-5.079557892001882458e+00,1.702395865695323973e+00,9.366337432064617552e-01,4.793862476871318945e-01,8.500000000000000611e-02,3.000000000000000000e+00,4.767840060099503025e+06
-5.232633293421767640e+00,2.525569986319060600e+00,1.893865127422574179e+00,4.584066941977479326e-01,8.500000000000000611e-02,3.000000000000000000e+00,4.767840060099503025e+06
-5.077787058246013174e+00,2.623400330722795104e+00,1.836212044885429107e+00,4.569246104452681645e-01,8.500000000000000611e-02,3.000000000000000000e+00,4.767840060099503025e+06
-4.844408446898027520e+00,2.933677848946259381e+00,2.007519805943139612e+00,6.414479625824246467e-01,8.500000000000000611e-02,3.000000000000000000e+00,4.767840060099503025e+06
-5.251688833172510229e+00,2.946307082489670215e+00,2.382198271721424288e+00,5.615859653686500197e-01,8.500000000000000611e-02,3.000000000000000000e+00,4.767840060099503025e+06
-5.208251029994287684e+00,2.931754693019631652e+00,2.302151381901311300e+00,5.405026043382110679e-01,8.500000000000000611e-02,3.000000000000000000e+00,4.767840060099503025e+06
-5.193835445497832382e+00,2.907461889124145493e+00,2.384783647656234962e+00,6.708827228630047657e-01,8.500000000000000611e-02,3.000000000000000000e+00,4.767840060099503025e+06
-5.193835445497832382e+00,2.907461889124145493e+00,2.384783647656234962e+00,6.708827228630047657e-01,8.500000000000000611e-02,3.000000000000000000e+00,4.767840060099503025e+06
-5.246288859458747567e+00,2.867244111383950855e+00,2.448828158170418767e+00,7.255139768156111391e-01,8.500000000000000611e-02,3.000000000000000000e+00,4.767840060099503025e+06
-5.252832745486530008e+00,2.682550503836374833e+00,2.216313025857279406e+00,6.475047796426611768e-01,8.500000000000000611e-02,3.000000000000000000e+00,4.767840060099503025e+06
-5.502235335912975422e+00,1.222973111677124969e+00,1.171794325854485841e+00,7.922055337265090369e-01,8.500000000000000611e-02,3.000000000000000000e+00,4.767840060099503025e+06
-5.008369686458382652e+00,1.104251458301422462e+00,2.742917806175491080e-01,5.056639091018971799e-01,8.500000000000000611e-02,3.000000000000000000e+00,4.767840060099503025e+06
-4.695320162891030158e+00,6.311771589668246918e-01,-2.724880021835134336e-01,7.450744712751065091e-01,8.500000000000000611e-02,3.000000000000000000e+00,4.767840060099503025e+06
-5.522388946683132183e+00,8.657291280832710711e-01,8.300119321431158603e-01,7.492556074123071230e-01,8.500000000000000611e-02,3.000000000000000000e+00,4.767840060099503025e+06
-5.846705235811806567e+00,1.066928866681738697e+00,1.402232827500964785e+00,8.097581538035111270e-01,8.500000000000000611e-02,3.000000000000000000e+00,4.767840060099503025e+06
-5.715382072835625493e+00,9.759079993016198662e-01,1.235224719025909357e+00,8.896674227765031251e-01,8.500000000000000611e-02,3.000000000000000000e+00,4.767840060099503025e+06
-5.307757622813152665e+00,1.017918167999174450e+00,6.656016992842488378e-01,6.775142703139311884e-01,8.500000000000000611e-02,3.000000000000000000e+00,4.767840060099503025e+06
-5.763668803362911319e+00,8.948483605387824724e-01,1.824189885192630811e+00,1.494431923907955539e+00,8.500000000000000611e-02,3.000000000000000000e+00,4.767840060099503025e+06
-5.929196648146181303e+00,9.314168389336565657e-01,2.330358573228366481e+00,1.796949947942059200e+00,8.500000000000000611e-02,3.000000000000000000e+00,4.767840060099503025e+06
-5.884631376395655700e+00,8.883818775706309179e-01,2.345348308628386391e+00,1.900349359212325506e+00,8.500000000000000611e-02,3.000000000000000000e+00,4.767840060099503025e+06
-5.855938734468068674e+00,8.981680317228155630e-01,2.367157852739398383e+00,1.942350024345808057e+00,8.500000000000000611e-02,3.000000000000000000e+00,4.767840060099503025e+06
-5.845207179111953089e+00,8.555464379801218655e-01,2.320690981766098560e+00,1.946721777803862796e+00,8.500000000000000611e-02,3.000000000000000000e+00,4.767840060099503025e+06
-5.802985829014922992e+00,8.000459889067534913e-01,2.274016376422551389e+00,1.993931141982463018e+00,8.500000000000000611e-02,3.000000000000000000e+00,4.767840060099503025e+06
-5.802985829014922992e+00,8.000459889067534913e-01,2.274016376422551389e+00,1.993931141982463018e+00,8.500000000000000611e-02,3.000000000000000000e+00,4.767840060099503025e+06
-5.805898767342916322e+00,8.583781454985163206e-01,2.278516923496166413e+00,1.947253612553048630e+00,8.500000000000000611e-02,3.000000000000000000e+00,4.767840060099503025e+06
-5.803395976481755980e+00,9.263780183539227497e-01,2.282116742944919174e+00,1.882306240157327393e+00,8.500000000000000611e-02,3.000000000000000000e+00,4.767840060099503025e+06
-5.791514221518764494e+00,9.272110896064745811e-01,2.368239561664752912e+00,1.971743347442274308e+00,8.500000000000000611e-02,3.000000000000000000e+00,4.767840060099503025e+06
-5.593784965995484804e+00,1.072139120670104084e+00,1.766043896019706017e+00,1.447186964919845220e+00,8.500000000000000611e-02,3.000000000000000000e+00,4.767840060099503025e+06
-4.752478199673196180e+00,8.779554552712229842e-01,1.112811837230172740e+00,1.913108824222884419e+00,8.500000000000000611e-02,3.000000000000000000e+00,4.767840060099503025e+06
-5.255179924721634421e+00,1.049410677960144422e+00,1.650654263404462974e+00,1.769628287601811456e+00,8.500000000000000611e-02,3.000000000000000000e+00,4.767840060099503025e+06
-5.448419727611496732e+00,1.717842634846378669e+00,2.391306714761423535e+00,1.653742304872394930e+00,8.500000000000000611e-02,3.000000000000000000e+00,4.767840060099503025e+06
-5.438110853915405052e+00,1.767487787130122889e+00,2.540114510907150347e+00,1.781803413906495992e+00,8.500000000000000611e-02,3.000000000000000000e+00,4.767840060099503025e+06
-5.454658527633573506e+00,1.774702918258624029e+00,2.532895925584571550e+00,1.747447484197686807e+00,8.500000000000000611e-02,3.000000000000000000e+00,4.767840060099503025e+06
-5.448992201673860336e+00,1.790345985734174805e+00,2.627320439746072545e+00,1.849286948264800667e+00,8.500000000000000611e-02,3.000000000000000000e+00,4.767840060099503025e+06
-5.663221840313525490e+00,1.426338084498580239e+00,1.788666038118113200e+00,1.058486905584252735e+00,8.500000000000000611e-02,3.000000000000000000e+00,4.767840060099503025e+06
-5.711194747235888158e+00,8.030643866840432299e-01,9.900294542837186906e-01,7.707305922862309755e-01,8.500000000000000611e-02,3.000000000000000000e+00,4.767840060099503025e+06
-5.578335147051382670e+00,9.018945368483043401e-01,1.026870097548083782e+00,8.545169278099333798e-01,8.500000000000000611e-02,3.000000000000000000e+00,4.767840060099503025e+06
-5.101455490280281779e+00,1.717978472567308401e+00,1.080383347315780007e+00,6.143190553251201003e-01,8.500000000000000611e-02,3.000000000000000000e+00,4.767840060099503025e+06
-4.579388014822757924e+00,1.575959974661271801e+00,3.269344425376042862e-01,5.343708453441231576e-01,8.500000000000000611e-02,3.000000000000000000e+00,4.767840060099503025e+06
-4.888238815779799573e+00,1.713534426001597666e+00,7.275255692356437098e-01,4.373026045602925738e-01,8.500000000000000611e-02,3.000000000000000000e+00,4.767840060099503025e+06
-4.956767417279235310e+00,1.204490505548013068e+00,4.357139380370830817e-01,6.181870361783902146e-01,8.500000000000000611e-02,3.000000000000000000e+00,4.767840060099503025e+06
-5.670344263644804705e+00,1.566056281273198625e+00,1.731605380143640183e+00,8.868309162138857671e-01,8.500000000000000611e-02,3.000000000000000000e+00,4.767840060099503025e+06
-5.712313930620783076e+00,1.655177360425611255e+00,1.835793624056760498e+00,8.678280195168550648e-01,8.500000000000000611e-02,3.000000000000000000e+00,4.767840060099503025e+06
-5.431691240108353469e+00,2.178362044698078925e+00,1.825731568827692275e+00,5.820895141817687968e-01,8.500000000000000611e-02,3.000000000000000000e+00,4.767840060099503025e+06
-5.873081035482359269e+00,2.393220155789035797e+00,2.690061410606612302e+00,7.918852745573501384e-01,8.500000000000000611e-02,3.000000000000000000e+00,4.767840060099503025e+06
-5.855530678294963209e+00,1.530366254817250304e+00,1.942634338724958054e+00,9.269671971251096654e-01,8.500000000000000611e-02,3.000000000000000000e+00,4.767840060099503025e+06
-5.431663744557793549e+00,2.055478572853856711e+00,1.624508874824468929e+00,4.057302556069711241e-01,8.500000000000000611e-02,3.000000000000000000e+00,4.767840060099503025e+06
-5.949318321848810598e+00,2.706880949464287145e+00,2.771301119708604599e+00,3.663894585759244205e-01,8.500000000000000611e-02,3.000000000000000000e+00,4.767840060099503025e+06
-5.967018617024655747e+00,2.890571677529068850e+00,2.870084440913941215e+00,2.136838840916257531e-01,8.500000000000000611e-02,3.000000000000000000e+00,4.767840060099503025e+06
-6.099079277215373907e+00,2.871029202947772418e+00,3.048304540159540998e+00,2.314824661256580374e-01,8.500000000000000611e-02,3.000000000000000000e+00,4.767840060099503025e+06
-5.646525052306924586e+00,2.527421061797627821e+00,2.276713519877978875e+00,3.178045010410736060e-01,8.500000000000000611e-02,3.000000000000000000e+00,4.767840060099503025e+06
-5.303130296803047372e+00,2.936836886427065973e+00,2.361122580868621590e+00,3.106544251459290029e-01,8.500000000000000611e-02,3.000000000000000000e+00,4.767840060099503025e+06
-5.653838246937357148e+00,2.220412420507294815e+00,2.090761595109856597e+00,4.521533702570587065e-01,8.500000000000000611e-02,3.000000000000000000e+00,4.767840060099503025e+06
-5.809849892891272738e+00,2.948226887294568499e+00,2.759983676856976764e+00,1.741765889308353188e-01,8.500000000000000611e-02,3.000000000000000000e+00,4.767840060099503025e+06
-5.743509128999008340e+00,2.603411590450338764e+00,2.584557435209651644e+00,5.398336378777633948e-01,8.500000000000000611e-02,3.000000000000000000e+00,4.767840060099503025e+06
-5.737945537490549697e+00,2.907366678903967383e+00,2.929920291780814701e+00,6.018065561477423664e-01,8.500000000000000611e-02,3.000000000000000000e+00,4.767840060099503025e+06
-5.811470649971132829e+00,2.553077379439702366e+00,2.755727388054316052e+00,7.436402471198605424e-01,8.500000000000000611e-02,3.000000000000000000e+00,4.767840060099503025e+06
-5.700703173473367968e+00,2.572251098131909330e+00,2.569429320585500776e+00,6.019201433318062122e-01,8.500000000000000611e-02,3.000000000000000000e+00,4.767840060099503025e+06
-5.415760178130505587e+00,2.920737737144297519e+00,2.548514571765220449e+00,5.213711384660484338e-01,8.500000000000000611e-02,3.000000000000000000e+00,4.767840060099503025e+06
-5.788562871329640203e+00,2.807111447000719906e+00,2.877413911821599335e+00,5.960273730886351817e-01,8.500000000000000611e-02,3.000000000000000000e+00,4.767840060099503025e+06
-5.625277658519283186e+00,2.923693989553767913e+00,2.700436287706208471e+00,4.236120494787365964e-01,8.500000000000000611e-02,3.000000000000000000e+00,4.767840060099503025e+06
-5.646510775514493652e+00,2.936991563809085548e+00,2.736169041867619001e+00,4.105428931471077902e-01,8.500000000000000611e-02,3.000000000000000000e+00,4.767840060099503025e+06
-5.582876429740082358e+00,2.884211263095383337e+00,2.636157864590871203e+00,4.456296715293094346e-01,8.500000000000000611e-02,3.000000000000000000e+00,4.767840060099503025e+06
-5.917202968195272916e+00,2.928351352485393910e+00,2.973891643703070464e+00,3.400694723808549980e-01,8.500000000000000611e-02,3.000000000000000000e+00,4.767840060099503025e+06
-5.704418260236506555e+00,2.822109231702214061e+00,2.602634415995368045e+00,2.597695082953197510e-01,8.500000000000000611e-02,3.000000000000000000e+00,4.767840060099503025e+06
-5.689905853196545849e+00,2.738742207014303265e+00,2.505063254372160042e+00,2.709099545224760708e-01,8.500000000000000611e-02,3.000000000000000000e+00,4.767840060099503025e+06
-6.016551757627643049e+00,2.922645205081201514e+00,2.978671488472242501e+00,1.617573839388478096e-01,8.500000000000000611e-02,3.000000000000000000e+00,4.767840060099503025e+06
-5.892137103026257705e+00,2.450007347515533951e+00,2.483902156474596001e+00,3.395092567646075810e-01,8.500000000000000611e-02,3.000000000000000000e+00,4.767840060099503025e+06
-5.616784514135615858e+00,2.276539611394860607e+00,2.014743377351025266e+00,3.352359472394078055e-01,8.500000000000000611e-02,3.000000000000000000e+00,4.767840060099503025e+06
-5.698099019387742104e+00,2.632974074856512026e+00,2.465626496145174595e+00,3.946687131765805878e-01,8.500000000000000611e-02,3.000000000000000000e+00,4.767840060099503025e+06
-5.490768349734499232e+00,2.307790687246002559e+00,1.967994553582162798e+00,4.534956933380701605e-01,8.500000000000000611e-02,3.000000000000000000e+00,4.767840060099503025e+06
-5.403348842989550427e+00,1.911475152186114190e+00,1.380427340931905000e+00,2.920395878624794661e-01,8.500000000000000611e-02,3.000000000000000000e+00,4.767840060099503025e+06
-5.262632708058906594e+00,2.226601527280803960e+00,1.586477187543229306e+00,3.771005037627440659e-01,8.500000000000000611e-02,3.000000000000000000e+00,4.767840060099503025e+06
-5.629721692236016040e+00,2.161964261590639591e+00,1.981859164519491623e+00,4.816638898983477968e-01,8.500000000000000611e-02,3.000000000000000000e+00,4.767840060099503025e+06
-5.869760307277172018e+00,2.766466386800234378e+00,2.800135453833745736e+00,4.618290566889319826e-01,8.500000000000000611e-02,3.000000000000000000e+00,4.767840060099503025e+06
-5.869760307277172018e+00,2.766466386800234378e+00,2.800135453833745736e+00,4.618290566889319826e-01,8.500000000000000611e-02,3.000000000000000000e+00,4.767840060099503025e+06
-5.864779517766325334e+00,2.744614654718221303e+00,2.773207319682312377e+00,4.632349043212996564e-01,8.500000000000000611e-02,3.000000000000000000e+00,4.767840060099503025e+06
-5.988888071262504553e+00,2.658314767116530142e+00,2.874163417898327300e+00,5.106312020754848469e-01,8.500000000000000611e-02,3.000000000000000000e+00,4.767840060099503025e+06
-5.452354907978860687e+00,2.807431197344343321e+00,2.359491739838963209e+00,3.789003770579302821e-01,8.500000000000000611e-02,3.000000000000000000e+00,4.767840060099503025e+06
-5.645150211018175490e+00,2.744345704055708879e+00,2.460181403815517420e+00,3.108812761263481939e-01,8.500000000000000611e-02,3.000000000000000000e+00,4.767840060099503025e+06
-5.604110934000523514e+00,2.601510887748276879e+00,2.291887627703784069e+00,3.416620911201401212e-01,8.500000000000000611e-02,3.000000000000000000e+00,4.767840060099503025e+06
-5.563932741543488270e+00,2.757985425034833238e+00,2.391937499934016387e+00,3.325845294670559671e-01,8.500000000000000611e-02,3.000000000000000000e+00,4.767840060099503025e+06
-5.563932741543488270e+00,2.757985425034833238e+00,2.391937499934016387e+00,3.325845294670559671e-01,8.500000000000000611e-02,3.000000000000000000e+00,4.767840060099503025e+06
-5.638657752335975992e+00,2.930268046336778287e+00,2.767363445591748849e+00,5.014243862675832331e-01,8.500000000000000611e-02,3.000000000000000000e+00,4.767840060099503025e+06
-5.654291879778275742e+00,2.980913999637002210e+00,2.830667290067029995e+00,5.101022819019612742e-01,8.500000000000000611e-02,3.000000000000000000e+00,4.767840060099503025e+06
-5.675837939275237609e+00,2.984234631802994642e+00,2.854478196122981259e+00,5.071241446211157688e-01,8.500000000000000611e-02,3.000000000000000000e+00,4.767840060099503025e+06
-5.716115762144863055e+00,2.914182203408090643e+00,2.864252904516730425e+00,5.505627767946147388e-01,8.500000000000000611e-02,3.000000000000000000e+00,4.767840060099503025e+06
-5.663866790082085600e+00,2.707216640801380692e+00,2.643205570856086872e+00,5.985364128797860950e-01,8.500000000000000611e-02,3.000000000000000000e+00,4.767840060099503025e+06
-5.102133736843716960e+00,2.781555054633564339e+00,2.275478600823251263e+00,7.875796204142688772e-01,8.500000000000000611e-02,3.000000000000000000e+00,4.767840060099503025e+06
-5.118923009548637104e+00,2.132890558680919035e+00,1.745652580444176927e+00,8.954056614760527166e-01,8.500000000000000611e-02,3.000000000000000000e+00,4.767840060099503025e+06
-4.795444661854793900e+00,2.993873189141680324e+00,2.235957437401530523e+00,8.989825945862630618e-01,8.500000000000000611e-02,3.000000000000000000e+00,4.767840060099503025e+06
-5.413845636722864896e+00,2.174598075022421195e+00,2.146476199486171410e+00,9.246428785078147916e-01,8.500000000000000611e-02,3.000000000000000000e+00,4.767840060099503025e+06
-5.329727092271381750e+00,2.925398425376100064e+00,2.603512921474918418e+00,6.879885995309547031e-01,8.500000000000000611e-02,3.000000000000000000e+00,4.767840060099503025e+06
-5.329727092271381750e+00,2.925398425376100064e+00,2.603512921474918418e+00,6.879885995309547031e-01,8.500000000000000611e-02,3.000000000000000000e+00,4.767840060099503025e+06
-5.836642854688490978e+00,1.936095121139091990e+00,2.376806854363120003e+00,9.849669511206151640e-01,8.500000000000000611e-02,3.000000000000000000e+00,4.767840060099503025e+06
-5.559281090154642335e+00,1.845061207701379491e+00,1.833979109817718944e+00,8.058592388362683101e-01,8.500000000000000611e-02,3.000000000000000000e+00,4.767840060099503025e+06
-5.740163841707724757e+00,2.148260634688770931e+00,2.280979674405727131e+00,7.533456156352276167e-01,8.500000000000000611e-02,3.000000000000000000e+00,4.767840060099503025e+06
-5.608249985490236789e+00,1.480778452559537772e+00,1.229218455467350424e+00,4.859585834231925361e-01,8.500000000000000611e-02,3.000000000000000000e+00,4.767840060099503025e+06
-5.719859909319952251e+00,1.737956361991410681e+00,1.624221190115212154e+00,4.813818863515368918e-01,8.500000000000000611e-02,3.000000000000000000e+00,4.767840060099503025e+06
-5.661439009507788889e+00,1.476371687393261745e+00,1.450432560656041092e+00,6.422157475199883336e-01,8.500000000000000611e-02,3.000000000000000000e+00,4.767840060099503025e+06
-5.774730245074315427e+00,1.494925916133008625e+00,1.577056997098430724e+00,6.250068900722233201e-01,8.500000000000000611e-02,3.000000000000000000e+00,4.767840060099503025e+06
-5.995933566452189112e+00,1.930920783100217974e+00,2.127048772837784707e+00,5.160297282154414633e-01,8.500000000000000611e-02,3.000000000000000000e+00,4.767840060099503025e+06
-6.044320085860886316e+00,1.721701728516392471e+00,2.280638041993001686e+00,8.761780719778680115e-01,8.500000000000000611e-02,3.000000000000000000e+00,4.767840060099503025e+06
-6.019803096073673032e+00,1.892344877410364834e+00,2.497691328286970602e+00,9.993904734506543486e-01,8.500000000000000611e-02,3.000000000000000000e+00,4.767840060099503025e+06
-5.495287619655194078e+00,2.175988478339243137e+00,1.990700247909591436e+00,6.601377009946364227e-01,8.500000000000000611e-02,3.000000000000000000e+00,4.767840060099503025e+06
-5.564474117390636465e+00,2.904000765303437870e+00,2.733017605547494622e+00,6.642552131657032399e-01,8.500000000000000611e-02,3.000000000000000000e+00,4.767840060099503025e+06
-6.381128801747975920e+00,1.656992021810081317e+00,2.495084960460025147e+00,7.654494115206730287e-01,8.500000000000000611e-02,3.000000000000000000e+00,4.767840060099503025e+06
-6.955761619862769862e+00,1.711495917322743976e+00,3.213095489395553450e+00,8.865500406878772388e-01,8.500000000000000611e-02,3.000000000000000000e+00,4.767840060099503025e+06
-5.940967777992947951e+00,2.165410792203516621e+00,2.428402607127145174e+00,6.287592188515340741e-01,8.500000000000000611e-02,3.000000000000000000e+00,4.767840060099503025e+06
-6.185295418715337057e+00,2.915028090207597344e+00,3.368263508615182200e+00,5.967388736567028618e-01,8.500000000000000611e-02,3.000000000000000000e+00,4.767840060099503025e+06
-6.150630215765397146e+00,2.822342348489924824e+00,3.239842774630353084e+00,5.925118825965589586e-01,8.500000000000000611e-02,3.000000000000000000e+00,4.767840060099503025e+06
-6.091526484424768739e+00,2.688361352920616731e+00,3.133149132070259135e+00,6.959182506702485949e-01,8.500000000000000611e-02,3.000000000000000000e+00,4.767840060099503025e+06
-6.392899974631785831e+00,2.453030970095753549e+00,3.096881251638904153e+00,5.034849208850618041e-01,8.500000000000000611e-02,3.000000000000000000e+00,4.767840060099503025e+06
-6.431135381563872322e+00,2.514049010500906789e+00,3.203967502698810144e+00,5.139764407230317245e-01,8.500000000000000611e-02,3.000000000000000000e+00,4.767840060099503025e+06
-6.726141376159069374e+00,2.629841690237181950e+00,3.660354167342923404e+00,5.503905630229602997e-01,8.500000000000000611e-02,3.000000000000000000e+00,4.767840060099503025e+06
-5.853909513563149147e+00,1.983149430670354985e+00,2.000009094440858171e+00,4.448876380463636648e-01,8.500000000000000611e-02,3.000000000000000000e+00,4.767840060099503025e+06
-5.450189178358808562e+00,2.283696956674605705e+00,1.934555153436177344e+00,5.208709648298077699e-01,8.500000000000000611e-02,3.000000000000000000e+00,4.767840060099503025e+06
-4.915752631768146586e+00,2.156272380271083922e+00,1.023558754337536847e+00,1.695327544957667132e-01,8.500000000000000611e-02,3.000000000000000000e+00,4.767840060099503025e+06
-4.784910968215725369e+00,2.815017531673551510e+00,1.494523733453703596e+00,1.126070246947932785e-01,8.500000000000000611e-02,3.000000000000000000e+00,4.767840060099503025e+06
-5.337509604368880112e+00,2.397037158318123140e+00,1.792923365190737695e+00,3.178485676896135592e-01,8.500000000000000611e-02,3.000000000000000000e+00,4.767840060099503025e+06
-5.582555969811214602e+00,2.238291249057761334e+00,1.909481359051547145e+00,3.573423701678523079e-01,8.500000000000000611e-02,3.000000000000000000e+00,4.767840060099503025e+06
-5.321914887321773868e+00,2.750044612725130566e+00,2.113946540834473531e+00,3.447658139932882060e-01,8.500000000000000611e-02,3.000000000000000000e+00,4.767840060099503025e+06
-5.309458814560800377e+00,2.144687007289613589e+00,1.520800409346880988e+00,3.162886715264204840e-01,8.500000000000000611e-02,3.000000000000000000e+00,4.767840060099503025e+06
-5.203837045594394084e+00,2.263815495727269589e+00,1.507786195795877582e+00,2.917652920003702688e-01,8.500000000000000611e-02,3.000000000000000000e+00,4.767840060099503025e+06
-5.573064943891641754e+00,2.035986036827733603e+00,1.554400716017012352e+00,2.312971029611408658e-01,8.500000000000000611e-02,3.000000000000000000e+00,4.767840060099503025e+06
-5.380396693936874364e+00,2.283400777629860823e+00,1.692254460974048857e+00,2.370818521541432078e-01,8.500000000000000611e-02,3.000000000000000000e+00,4.767840060099503025e+06
-5.360715009616669136e+00,2.377724619969826314e+00,1.733288221797600670e+00,1.972544932965299425e-01,8.500000000000000611e-02,3.000000000000000000e+00,4.767840060099503025e+06
-5.001810978133003793e+00,2.439431886515117220e+00,1.544960788919094608e+00,3.650197777314782011e-01,8.500000000000000611e-02,3.000000000000000000e+00,4.767840060099503025e+06
-5.181724467214197993e+00,2.117669685805710245e+00,1.351616495295724585e+00,2.928043443445765281e-01,8.500000000000000611e-02,3.000000000000000000e+00,4.767840060099503025e+06
-4.796326592713842984e+00,2.468727624287228473e+00,1.204965265199346991e+00,1.506408328362732751e-01,8.500000000000000611e-02,3.000000000000000000e+00,4.767840060099503025e+06
-4.678783144664738991e+00,2.499635436925514487e+00,1.158548369536846145e+00,2.025256938365172510e-01,8.500000000000000611e-02,3.000000000000000000e+00,4.767840060099503025e+06
-4.909343395200620463e+00,2.383714219304127191e+00,1.359024493305325709e+00,3.168078115390775551e-01,8.500000000000000611e-02,3.000000000000000000e+00,4.767840060099503025e+06
-5.069807128789926232e+00,2.433130773674991865e+00,1.655606523633374794e+00,4.445137363659855678e-01,8.500000000000000611e-02,3.000000000000000000e+00,4.767840060099503025e+06
-5.278901926461320393e+00,2.364866424933855349e+00,1.671866888106120275e+00,1.877459358462486017e-01,8.500000000000000611e-02,3.000000000000000000e+00,4.767840060099503025e+06
-4.301421913088520732e+00,2.626536079295010317e+00,8.191416998940681538e-01,2.260012738864700665e-01,8.500000000000000611e-02,3.000000000000000000e+00,4.767840060099503025e+06
-5.527812483229466167e+00,1.930312734355450921e+00,1.621256420958202327e+00,4.776338784207740940e-01,8.500000000000000611e-02,3.000000000000000000e+00,4.767840060099503025e+06
-5.346239275912467726e+00,2.613403579547052491e+00,2.010646691052171420e+00,3.414721859580595598e-01,8.500000000000000611e-02,3.000000000000000000e+00,4.767840060099503025e+06
-5.486025418704166157e+00,1.656382061169067166e+00,1.290802976896286536e+00,4.306392700700232834e-01,8.500000000000000611e-02,3.000000000000000000e+00,4.767840060099503025e+06
-5.330377051031485180e+00,1.866161174553523816e+00,1.375094111124365970e+00,5.174064798827031630e-01,8.500000000000000611e-02,3.000000000000000000e+00,4.767840060099503025e+06
-5.165797859311661355e+00,2.649477554938211910e+00,1.929275696085612335e+00,4.644633781216008783e-01,8.500000000000000611e-02,3.000000000000000000e+00,4.767840060099503025e+06
-5.194290103440068584e+00,2.913062317070600038e+00,2.337981618846639797e+00,6.140297684739696171e-01,8.500000000000000611e-02,3.000000000000000000e+00,4.767840060099503025e+06
-5.164925153796878554e+00,2.740864490573762691e+00,2.087872160712000102e+00,5.493617012323500637e-01,8.500000000000000611e-02,3.000000000000000000e+00,4.767840060099503025e+06
-5.126957201456978197e+00,2.863914170691727712e+00,2.149833915346449853e+00,5.274124571290520480e-01,8.500000000000000611e-02,3.000000000000000000e+00,4.767840060099503025e+06
-5.170866172403461469e+00,2.636563475392852851e+00,1.897533797048286619e+00,4.019241894834131301e-01,8.500000000000000611e-02,3.000000000000000000e+00,4.767840060099503025e+06
-5.736968803934554550e+00,1.174432127493316047e+00,1.011991803338269769e+00,3.040082981625281677e-01,8.500000000000000611e-02,3.000000000000000000e+00,4.767840060099503025e+06
-5.871039847560146185e+00,1.229962649883912462e+00,1.199267043715288361e+00,3.140848519816924478e-01,8.500000000000000611e-02,3.000000000000000000e+00,4.767840060099503025e+06
-5.759455709540585389e+00,1.369405925144199010e+00,1.262798179102603058e+00,3.698401898669060328e-01,8.500000000000000611e-02,3.000000000000000000e+00,4.767840060099503025e+06
-5.795872196885818006e+00,1.378038702047494235e+00,1.234732347335562030e+00,2.808043446634871376e-01,8.500000000000000611e-02,3.000000000000000000e+00,4.767840060099503025e+06
-5.570960440739875175e+00,1.099658359038058864e+00,8.654155959563278877e-01,4.825671685549381973e-01,8.500000000000000611e-02,3.000000000000000000e+00,4.767840060099503025e+06
-5.433933865039169753e+00,1.665629680908790045e+00,1.370466395151656247e+00,5.898283122369998299e-01,8.500000000000000611e-02,3.000000000000000000e+00,4.767840060099503025e+06
-5.520829778816459310e+00,1.436029224028862794e+00,1.349105867441448448e+00,7.536076550755861359e-01,8.500000000000000611e-02,3.000000000000000000e+00,4.767840060099503025e+06
-5.978836290473838133e+00,1.544707280287768381e+00,1.890528093093575501e+00,7.038545896970210825e-01,8.500000000000000611e-02,3.000000000000000000e+00,4.767840060099503025e+06
-6.284259791997454769e+00,1.375693700982160372e+00,2.114189761035355275e+00,8.017668524619793180e-01,8.500000000000000611e-02,3.000000000000000000e+00,4.767840060099503025e+06
-5.716588479171751835e+00,1.973647343310308333e+00,2.018024804601072031e+00,6.867057595780826640e-01,8.500000000000000611e-02,3.000000000000000000e+00,4.767840060099503025e+06
-5.273984532464214503e+00,2.543090456864872451e+00,1.999296832544688485e+00,5.319595446190861221e-01,8.500000000000000611e-02,3.000000000000000000e+00,4.767840060099503025e+06
-4.692800910881438803e+00,1.648002932189170266e+00,4.288413326575879481e-01,4.333815105078767660e-01,8.500000000000000611e-02,3.000000000000000000e+00,4.767840060099503025e+06
-4.918207509092178853e+00,1.657666447954850408e+00,7.600315114083464607e-01,5.509519334446885130e-01,8.500000000000000611e-02,3.000000000000000000e+00,4.767840060099503025e+06
-5.045876406965535743e+00,1.629879148796845145e+00,8.044301765409562766e-01,4.532630892070944051e-01,8.500000000000000611e-02,3.000000000000000000e+00,4.767840060099503025e+06
-5.086165369402950276e+00,1.714864733492464044e+00,9.970445268732346378e-01,5.341603910943005795e-01,8.500000000000000611e-02,3.000000000000000000e+00,4.767840060099503025e+06
-5.111023382072627186e+00,1.826113524417307898e+00,1.108561789949870979e+00,4.949148342417145630e-01,8.500000000000000611e-02,3.000000000000000000e+00,4.767840060099503025e+06
-5.289764190766505614e+00,2.168398058579814158e+00,1.684359388930483536e+00,5.890991585362447269e-01,8.500000000000000611e-02,3.000000000000000000e+00,4.767840060099503025e+06
-5.685731077514154741e+00,1.870781364128363933e+00,2.296092177657699462e+00,1.176980001175729207e+00,8.500000000000000611e-02,3.000000000000000000e+00,4.767840060099503025e+06
-5.785249278533910910e+00,1.071452905776229869e+00,1.679569968294429172e+00,1.190569114758537994e+00,8.500000000000000611e-02,3.000000000000000000e+00,4.767840060099503025e+06
-5.876539189556828191e+00,1.016848347947019615e+00,1.683321344657663809e+00,1.163600275682071805e+00,8.500000000000000611e-02,3.000000000000000000e+00,4.767840060099503025e+06
-5.930209482502894147e+00,9.804493741980466748e-01,1.678217076958255172e+00,1.141997218314125817e+00,8.500000000000000611e-02,3.000000000000000000e+00,4.767840060099503025e+06
-5.557344334509583206e+00,1.570879910348419672e+00,1.516465358767565164e+00,7.852716765545851851e-01,8.500000000000000611e-02,3.000000000000000000e+00,4.767840060099503025e+06
-5.767082412720977658e+00,1.983347612413795646e+00,2.143596639874383314e+00,7.767281745034094742e-01,8.500000000000000611e-02,3.000000000000000000e+00,4.767840060099503025e+06
-5.873400063977491037e+00,1.577834657264955531e+00,1.998946661338298014e+00,9.077616974762832136e-01,8.500000000000000611e-02,3.000000000000000000e+00,4.767840060099503025e+06
-6.201057132725944498e+00,1.537461936332871870e+00,2.395327136469950879e+00,1.013310811324209970e+00,8.500000000000000611e-02,3.000000000000000000e+00,4.767840060099503025e+06
-6.254928741859198560e+00,1.455949838976730915e+00,2.590163249562107417e+00,1.227769537493728302e+00,8.500000000000000611e-02,3.000000000000000000e+00,4.767840060099503025e+06
-6.098176500906495434e+00,1.943041519074780732e+00,2.956271298971524075e+00,1.356662833508020416e+00,8.500000000000000611e-02,3.000000000000000000e+00,4.767840060099503025e+06
-6.049699868221590116e+00,1.808242562141782805e+00,2.555432203735395369e+00,1.065677400369559047e+00,8.500000000000000611e-02,3.000000000000000000e+00,4.767840060099503025e+06
-6.269867947662930874e+00,1.856350000386169929e+00,2.750530598312733943e+00,1.013369690413664870e+00,8.500000000000000611e-02,3.000000000000000000e+00,4.767840060099503025e+06
-6.400365437666634350e+00,1.457986354291501918e+00,2.710980573548719796e+00,1.231859514719510162e+00,8.500000000000000611e-02,3.000000000000000000e+00,4.767840060099503025e+06
-6.366109190991130262e+00,1.578500811319782038e+00,2.678278548369078305e+00,1.089613085503869039e+00,8.500000000000000611e-02,3.000000000000000000e+00,4.767840060099503025e+06
-6.215018119822572906e+00,1.154510819194014104e+00,1.783193031548973018e+00,6.934537431580761746e-01,8.500000000000000611e-02,3.000000000000000000e+00,4.767840060099503025e+06
-6.134936165406839947e+00,1.169788216022791705e+00,1.810345657787800322e+00,8.058030069865628198e-01,8.500000000000000611e-02,3.000000000000000000e+00,4.767840060099503025e+06
-6.290027132709867352e+00,1.388777153888076432e+00,2.127414075077088018e+00,7.617923311589394064e-01,8.500000000000000611e-02,3.000000000000000000e+00,4.767840060099503025e+06
-6.306115917764917533e+00,1.273973140470867849e+00,2.035702003337192423e+00,7.658945513090683610e-01,8.500000000000000611e-02,3.000000000000000000e+00,4.767840060099503025e+06
-6.371735045144398590e+00,1.275938824173562081e+00,2.106746708236543419e+00,7.778820286648356896e-01,8.500000000000000611e-02,3.000000000000000000e+00,4.767840060099503025e+06
-6.232827497222182878e+00,1.320738315937894036e+00,1.949723306031465597e+00,7.074528414257874598e-01,8.500000000000000611e-02,3.000000000000000000e+00,4.767840060099503025e+06
-5.984526403405147299e+00,1.338760215443117962e+00,1.649599661947677598e+00,6.340720817046727742e-01,8.500000000000000611e-02,3.000000000000000000e+00,4.767840060099503025e+06
-5.959454522201224513e+00,1.715134266462179813e+00,1.867245769936062061e+00,4.793951439429559591e-01,8.500000000000000611e-02,3.000000000000000000e+00,4.767840060099503025e+06
-6.294220994951266412e+00,1.410946943713286217e+00,2.008410358394438155e+00,5.701628838908723296e-01,8.500000000000000611e-02,3.000000000000000000e+00,4.767840060099503025e+06
-6.455412050590517481e+00,1.815063100890153436e+00,2.545268008792326064e+00,5.447202323616561204e-01,8.500000000000000611e-02,3.000000000000000000e+00,4.767840060099503025e+06
-6.202993981907736654e+00,1.682180366656697679e+00,2.139252360518995921e+00,5.302186138965263584e-01,8.500000000000000611e-02,3.000000000000000000e+00,4.767840060099503025e+06
-6.529535217965418248e+00,1.417046087166672130e+00,2.123590640622482706e+00,3.961975440096373036e-01,8.500000000000000611e-02,3.000000000000000000e+00,4.767840060099503025e+06
-6.395434579110749418e+00,1.604932363645518834e+00,2.214895414032747922e+00,4.717964601198082475e-01,8.500000000000000611e-02,3.000000000000000000e+00,4.767840060099503025e+06
-6.665967647362371906e+00,1.433041019214485345e+00,2.771930289384548107e+00,9.909720843885896358e-01,8.500000000000000611e-02,3.000000000000000000e+00,4.767840060099503025e+06
-6.556550066534599708e+00,1.847476132871276544e+00,3.129920239619684352e+00,1.109712557495229568e+00,8.500000000000000611e-02,3.000000000000000000e+00,4.767840060099503025e+06
-6.136569006643535218e+00,2.088408879441757016e+00,2.610880091596984975e+00,7.102610554716159985e-01,8.500000000000000611e-02,3.000000000000000000e+00,4.767840060099503025e+06
-6.206258546854800606e+00,2.217018416900477185e+00,3.351476240309946064e+00,1.322083776743066652e+00,8.500000000000000611e-02,3.000000000000000000e+00,4.767840060099503025e+06
-6.315348235219538253e+00,2.231974551206752810e+00,3.762065878270465902e+00,1.628031927042499660e+00,8.500000000000000611e-02,3.000000000000000000e+00,4.767840060099503025e+06
-6.367463980476596674e+00,2.186478874709237630e+00,3.896172047739944411e+00,1.761397952470853401e+00,8.500000000000000611e-02,3.000000000000000000e+00,4.767840060099503025e+06
-6.324688414687622107e+00,1.973009454336951407e+00,3.495434887844447225e+00,1.602792157752639834e+00,8.500000000000000611e-02,3.000000000000000000e+00,4.767840060099503025e+06
-6.501409208678747831e+00,2.030910688454044433e+00,3.836565733302787606e+00,1.712459910617787795e+00,8.500000000000000611e-02,3.000000000000000000e+00,4.767840060099503025e+06
-6.577692492963543636e+00,1.916048989829611360e+00,3.985498298226465508e+00,1.905411033272441657e+00,8.500000000000000611e-02,3.000000000000000000e+00,4.767840060099503025e+06
-6.255937488306818395e+00,2.205169846776183107e+00,3.709218653233329555e+00,1.648736404589199678e+00,8.500000000000000611e-02,3.000000000000000000e+00,4.767840060099503025e+06
-6.083249263246113259e+00,1.933371591894992303e+00,3.396398018905990579e+00,1.777439495412362236e+00,8.500000000000000611e-02,3.000000000000000000e+00,4.767840060099503025e+06
-6.154115053007913616e+00,1.932251747553526577e+00,3.617492989613461329e+00,1.936304138408007081e+00,8.500000000000000611e-02,3.000000000000000000e+00,4.767840060099503025e+06
-6.154115053007913616e+00,1.932251747553526577e+00,3.617492989613461329e+00,1.936304138408007081e+00,8.500000000000000611e-02,3.000000000000000000e+00,4.767840060099503025e+06
-6.183142105294433755e+00,2.197693466743153135e+00,3.783925162759635086e+00,1.809055975120956061e+00,8.500000000000000611e-02,3.000000000000000000e+00,4.767840060099503025e+06
-6.093749039811003243e+00,2.135148400033620053e+00,3.545603510932222591e+00,1.726502573205732194e+00,8.500000000000000611e-02,3.000000000000000000e+00,4.767840060099503025e+06
-5.895885349804165010e+00,1.109458501478325365e+00,2.116449592310905459e+00,1.480549270079878132e+00,8.500000000000000611e-02,3.000000000000000000e+00,4.767840060099503025e+06
-5.931666941229680745e+00,1.230130226927421244e+00,2.456922011437987940e+00,1.703105506392653012e+00,8.500000000000000611e-02,3.000000000000000000e+00,4.767840060099503025e+06
-5.966503779530929030e+00,1.088506348121678791e+00,2.392237480603848887e+00,1.727541003781984719e+00,8.500000000000000611e-02,3.000000000000000000e+00,4.767840060099503025e+06
-5.910608964823067524e+00,1.136656083935470685e+00,2.311787090204494355e+00,1.659160002871673312e+00,8.500000000000000611e-02,3.000000000000000000e+00,4.767840060099503025e+06
-5.980221294802968934e+00,1.069974723618048795e+00,2.529101317790304115e+00,1.883219200959417083e+00,8.500000000000000611e-02,3.000000000000000000e+00,4.767840060099503025e+06
-5.950711751604494282e+00,1.276578897446439820e+00,2.272279948580586684e+00,1.435537122150380096e+00,8.500000000000000611e-02,3.000000000000000000e+00,4.767840060099503025e+06
-5.950179117353227021e+00,1.286452317970010473e+00,2.394236458031169690e+00,1.571262433376057643e+00,8.500000000000000611e-02,3.000000000000000000e+00,4.767840060099503025e+06
-5.615588737775131456e+00,1.321962022727601216e+00,1.946688936877758014e+00,1.444817383081232975e+00,8.500000000000000611e-02,3.000000000000000000e+00,4.767840060099503025e+06
-5.465329971403257048e+00,1.455769352601520517e+00,1.638600011452120864e+00,1.134905372293341541e+00,8.500000000000000611e-02,3.000000000000000000e+00,4.767840060099503025e+06
-5.764615416413877647e+00,1.362430993025915082e+00,2.107903528595250542e+00,1.425181270230361896e+00,8.500000000000000611e-02,3.000000000000000000e+00,4.767840060099503025e+06
-5.730063897662536654e+00,1.271721273855195289e+00,1.746014376193397055e+00,1.151364795929096463e+00,8.500000000000000611e-02,3.000000000000000000e+00,4.767840060099503025e+06
-5.897331903830117739e+00,1.584797798663089008e+00,2.128678615349467229e+00,1.023116031650015856e+00,8.500000000000000611e-02,3.000000000000000000e+00,4.767840060099503025e+06
-5.904427329274783531e+00,1.094658973760871623e+00,2.211597713926050979e+00,1.601850194596084798e+00,8.500000000000000611e-02,3.000000000000000000e+00,4.767840060099503025e+06
-6.028251006382098431e+00,9.741961847043315581e-01,2.275881855338388604e+00,1.650424927068047776e+00,8.500000000000000611e-02,3.000000000000000000e+00,4.767840060099503025e+06
-5.777950645518602713e+00,1.243078461175835203e+00,1.761783224862648378e+00,1.119230173648170901e+00,8.500000000000000611e-02,3.000000000000000000e+00,4.767840060099503025e+06
-5.679907376404317532e+00,1.190147036568037775e+00,1.332146871399143340e+00,8.176640891039017589e-01,8.500000000000000611e-02,3.000000000000000000e+00,4.767840060099503025e+06
-5.448946559909074949e+00,1.163226111979505317e+00,1.042746980418992386e+00,8.069157245501055176e-01,8.500000000000000611e-02,3.000000000000000000e+00,4.767840060099503025e+06
-5.564896650361551345e+00,1.092346784786930147e+00,1.181234272141918229e+00,8.851247426392254702e-01,8.500000000000000611e-02,3.000000000000000000e+00,4.767840060099503025e+06
-5.336626622684073951e+00,1.130146801547876612e+00,8.892456081801753953e-01,7.938733330316545267e-01,8.500000000000000611e-02,3.000000000000000000e+00,4.767840060099503025e+06
-5.371551183549313713e+00,9.016212299826400489e-01,8.459190635979194628e-01,9.454912564820110443e-01,8.500000000000000611e-02,3.000000000000000000e+00,4.767840060099503025e+06
-5.384596201983381292e+00,8.764434381620334058e-01,5.880044710453171675e-01,6.141606499468413860e-01,8.500000000000000611e-02,3.000000000000000000e+00,4.767840060099503025e+06
-5.041716559007669574e+00,7.285557331671700387e-01,1.492005202373564154e-01,6.638346915374178092e-01,8.500000000000000611e-02,3.000000000000000000e+00,4.767840060099503025e+06
-5.234640403981422274e+00,5.861303710405951772e-01,3.411170587048252267e-01,7.997243586945240734e-01,8.500000000000000611e-02,3.000000000000000000e+00,4.767840060099503025e+06
-6.027345881439355679e+00,2.348487952097937814e+00,2.346232859509011170e+00,1.389907794846264033e-01,8.500000000000000611e-02,3.000000000000000000e+00,4.767840060099503025e+06
-5.857723399716954660e+00,2.344663142008758694e+00,2.163515619356638275e+00,1.306379654332157636e-01,8.500000000000000611e-02,3.000000000000000000e+00,4.767840060099503025e+06
-6.039977826486826018e+00,2.263711491573606960e+00,2.228664562531652571e+00,1.686402674016246606e-01,8.500000000000000611e-02,3.000000000000000000e+00,4.767840060099503025e+06
-6.039977826486826018e+00,2.263711491573606960e+00,2.228664562531652571e+00,1.686402674016246606e-01,8.500000000000000611e-02,3.000000000000000000e+00,4.767840060099503025e+06
-6.039977826486826018e+00,2.263711491573606960e+00,2.228664562531652571e+00,1.686402674016246606e-01,8.500000000000000611e-02,3.000000000000000000e+00,4.767840060099503025e+06
-6.039977826486826018e+00,2.263711491573606960e+00,2.228664562531652571e+00,1.686402674016246606e-01,8.500000000000000611e-02,3.000000000000000000e+00,4.767840060099503025e+06
-6.039977826486826018e+00,2.263711491573606960e+00,2.228664562531652571e+00,1.686402674016246606e-01,8.500000000000000611e-02,3.000000000000000000e+00,4.767840060099503025e+06
-5.878352235698032224e+00,2.266055718072623293e+00,2.103157560719116859e+00,2.088459236855886303e-01,8.500000000000000611e-02,3.000000000000000000e+00,4.767840060099503025e+06
-5.888823207900681922e+00,2.235237081687153182e+00,2.073040284249495713e+00,1.944116596230817118e-01,8.500000000000000611e-02,3.000000000000000000e+00,4.767840060099503025e+06
-5.916478929361540295e+00,2.379954677867896606e+00,2.195035799730900017e+00,1.345248541128639119e-01,8.500000000000000611e-02,3.000000000000000000e+00,4.767840060099503025e+06
-5.916478929361540295e+00,2.379954677867896606e+00,2.195035799730900017e+00,1.345248541128639119e-01,8.500000000000000611e-02,3.000000000000000000e+00,4.767840060099503025e+06
-5.887157115186882450e+00,2.109948939994318096e+00,2.148548215922778226e+00,4.493749202788158148e-01,8.500000000000000611e-02,3.000000000000000000e+00,4.767840060099503025e+06
-5.523708181370473369e+00,1.654144290035511666e+00,1.384254771035397846e+00,5.411740196723975327e-01,8.500000000000000611e-02,3.000000000000000000e+00,4.767840060099503025e+06
-5.075775923911894694e+00,1.425333491196069780e+00,5.850458349185216900e-01,3.548141592326606863e-01,8.500000000000000611e-02,3.000000000000000000e+00,4.767840060099503025e+06
-4.675596720561638442e+00,1.772086938923909782e+00,4.118775140075137120e-01,1.816964324335809400e-01,8.500000000000000611e-02,3.000000000000000000e+00,4.767840060099503025e+06
-4.945400763952630285e+00,1.353009243488828339e+00,3.313794284830149373e-01,2.504233013681744779e-01,8.500000000000000611e-02,3.000000000000000000e+00,4.767840060099503025e+06
-4.614397409552557505e+00,1.032171301792452756e+00,-3.490377859155382456e-01,2.180450091360189302e-01,8.500000000000000611e-02,3.000000000000000000e+00,4.767840060099503025e+06
-4.373477656662001500e+00,1.086603059832074170e+00,-5.910739821034632913e-01,1.664519805131875474e-01,8.500000000000000611e-02,3.000000000000000000e+00,4.767840060099503025e+06
-4.854880415838425556e+00,1.454327961530027746e+00,3.314237727251152510e-01,2.754525397912661044e-01,8.500000000000000611e-02,3.000000000000000000e+00,4.767840060099503025e+06
-4.875638515210209967e+00,1.850018012466674078e+00,7.032857293222203321e-01,2.242729291994052243e-01,8.500000000000000611e-02,3.000000000000000000e+00,4.767840060099503025e+06
-5.166262691397185414e+00,1.949314023880059921e+00,1.069921742446830137e+00,1.746356969428708439e-01,8.500000000000000611e-02,3.000000000000000000e+00,4.767840060099503025e+06
-5.366556259031391107e+00,1.821014549521283277e+00,1.226144852328755253e+00,2.630956062386456962e-01,8.500000000000000611e-02,3.000000000000000000e+00,4.767840060099503025e+06
-4.528598736040434503e+00,1.481203710945023566e+00,-9.863961685474542662e-02,1.234406504900189272e-01,8.500000000000000611e-02,3.000000000000000000e+00,4.767840060099503025e+06
-5.055527242881542094e+00,1.934090872817329831e+00,1.145480718469296777e+00,4.735388072116218372e-01,8.500000000000000611e-02,3.000000000000000000e+00,4.767840060099503025e+06
-4.601324507927475160e+00,1.895854472322475059e+00,5.477621843488644782e-01,3.669688567986056915e-01,8.500000000000000611e-02,3.000000000000000000e+00,4.767840060099503025e+06
-4.911094961720721130e+00,1.531973616682999584e+00,8.437762167578057859e-01,8.294901848461549987e-01,8.500000000000000611e-02,3.000000000000000000e+00,4.767840060099503025e+06
-4.878747493483528430e+00,1.468603169738755376e+00,8.345148196448328726e-01,9.362116675465159688e-01,8.500000000000000611e-02,3.000000000000000000e+00,4.767840060099503025e+06
-5.542803766374027497e+00,1.238687477725676889e+00,1.274872438778936079e+00,8.628390573036210931e-01,8.500000000000000611e-02,3.000000000000000000e+00,4.767840060099503025e+06
-5.564449838013912242e+00,1.096890997318216598e+00,1.237912302467347070e+00,9.351017496611711000e-01,8.500000000000000611e-02,3.000000000000000000e+00,4.767840060099503025e+06
-5.527041584353749037e+00,9.931718824134826429e-01,1.125292516311276581e+00,9.705763430929076341e-01,8.500000000000000611e-02,3.000000000000000000e+00,4.767840060099503025e+06
-5.015743031141317587e+00,1.308890305630983741e+00,5.405006402759722217e-01,5.527343863968356974e-01,8.500000000000000611e-02,3.000000000000000000e+00,4.767840060099503025e+06
-5.130433007089679975e+00,8.646075219585218630e-01,5.060983489377492983e-01,8.473771091905036856e-01,8.500000000000000611e-02,3.000000000000000000e+00,4.767840060099503025e+06
-4.892969165437797585e+00,1.043108368120722718e+00,4.627018962642770461e-01,8.932794302086031202e-01,8.500000000000000611e-02,3.000000000000000000e+00,4.767840060099503025e+06
-5.113043078957389298e+00,1.038048456914062445e+00,6.456653299029521120e-01,8.450403609033118046e-01,8.500000000000000611e-02,3.000000000000000000e+00,4.767840060099503025e+06
-5.297357858600834746e+00,1.608086272358976831e+00,1.838619930525514645e+00,1.378331759968124848e+00,8.500000000000000611e-02,3.000000000000000000e+00,4.767840060099503025e+06
-5.514715841446566458e+00,1.417402251256226542e+00,1.912914578629195672e+00,1.397481077883436340e+00,8.500000000000000611e-02,3.000000000000000000e+00,4.767840060099503025e+06
-5.739502244574021361e+00,1.416412497897501677e+00,2.136705975551754122e+00,1.386283675638498636e+00,8.500000000000000611e-02,3.000000000000000000e+00,4.767840060099503025e+06
-5.438322650659896951e+00,1.549292521595855510e+00,1.904848426901607050e+00,1.353473843057818149e+00,8.500000000000000611e-02,3.000000000000000000e+00,4.767840060099503025e+06
-5.367643387165031754e+00,2.236462432441658876e+00,2.496017064844026745e+00,1.362459361820823389e+00,8.500000000000000611e-02,3.000000000000000000e+00,4.767840060099503025e+06
-5.360207555825641457e+00,1.984849369012411158e+00,2.130713418165298911e+00,1.219158102696526136e+00,8.500000000000000611e-02,3.000000000000000000e+00,4.767840060099503025e+06
-5.407834582414109192e+00,2.001258284909782859e+00,2.363511393983938724e+00,1.401092655906624351e+00,8.500000000000000611e-02,3.000000000000000000e+00,4.767840060099503025e+06
-5.511686022302258792e+00,2.296703639630671923e+00,2.845704051140846680e+00,1.505738910485326265e+00,8.500000000000000611e-02,3.000000000000000000e+00,4.767840060099503025e+06
-5.426027614647698449e+00,1.721837160154052082e+00,1.742599542351639386e+00,9.792034555550430674e-01,8.500000000000000611e-02,3.000000000000000000e+00,4.767840060099503025e+06
-4.908501610090464595e+00,1.891543858185064098e+00,1.684214721032156303e+00,1.337782363282099762e+00,8.500000000000000611e-02,3.000000000000000000e+00,4.767840060099503025e+06
-5.307457009070017051e+00,2.333238262385886497e+00,2.488804080911881655e+00,1.287428703963628074e+00,8.500000000000000611e-02,3.000000000000000000e+00,4.767840060099503025e+06
-4.697743443423960663e+00,2.876583040559437698e+00,2.228616318560711296e+00,1.117404648641894704e+00,8.500000000000000611e-02,3.000000000000000000e+00,4.767840060099503025e+06
-4.878852519531026388e+00,2.603687796148859590e+00,2.126662390359062016e+00,1.086473323494294485e+00,8.500000000000000611e-02,3.000000000000000000e+00,4.767840060099503025e+06
-5.029747854303192156e+00,2.675024707388185874e+00,2.367247135015851267e+00,1.096279128337016129e+00,8.500000000000000611e-02,3.000000000000000000e+00,4.767840060099503025e+06
-5.283078227544431016e+00,2.406600589471079132e+00,2.263172527361689834e+00,1.010133388675951371e+00,8.500000000000000611e-02,3.000000000000000000e+00,4.767840060099503025e+06
-5.590874238999378854e+00,1.709955492761292994e+00,1.950159180118697266e+00,1.033976563186847386e+00,8.500000000000000611e-02,3.000000000000000000e+00,4.767840060099503025e+06
-5.249994564359916183e+00,2.172746327687630874e+00,1.923132804971539045e+00,8.820433143300054901e-01,8.500000000000000611e-02,3.000000000000000000e+00,4.767840060099503025e+06
-4.855433963753571724e+00,2.052556694176502994e+00,1.051320825575349005e+00,4.949513540582158311e-01,8.500000000000000611e-02,3.000000000000000000e+00,4.767840060099503025e+06
-5.238936190063380849e+00,1.985780476342285716e+00,1.600751236664111898e+00,7.365525929874344735e-01,8.500000000000000611e-02,3.000000000000000000e+00,4.767840060099503025e+06
-5.112465704092347352e+00,1.442199465784056223e+00,8.362455017301437810e-01,6.317342159262453460e-01,8.500000000000000611e-02,3.000000000000000000e+00,4.767840060099503025e+06
-5.769249297002445154e+00,1.353390329229241518e+00,1.466719047649831964e+00,6.480032215193920475e-01,8.500000000000000611e-02,3.000000000000000000e+00,4.767840060099503025e+06
-5.595146451538859367e+00,1.557572148339135154e+00,1.394756569108155375e+00,5.445945275207291214e-01,8.500000000000000611e-02,3.000000000000000000e+00,4.767840060099503025e+06
-5.377817191386548679e+00,8.739844249372503704e-01,5.451535622538281611e-01,5.933880672184530525e-01,8.500000000000000611e-02,3.000000000000000000e+00,4.767840060099503025e+06
-5.355592974457893618e+00,1.776504660334109698e+00,1.367714555962648237e+00,5.453619117405881234e-01,8.500000000000000611e-02,3.000000000000000000e+00,4.767840060099503025e+06
-5.374826769172631913e+00,1.449397223209437202e+00,1.100264556150091444e+00,5.856328916713682275e-01,8.500000000000000611e-02,3.000000000000000000e+00,4.767840060099503025e+06
-5.009397532640686102e+00,1.804917284774348651e+00,9.879789472053942534e-01,5.103526093370488459e-01,8.500000000000000611e-02,3.000000000000000000e+00,4.767840060099503025e+06
-5.274779253557809078e+00,1.314678836439957310e+00,9.606022290604894209e-01,7.186613246638235974e-01,8.500000000000000611e-02,3.000000000000000000e+00,4.767840060099503025e+06
-5.293344827963297305e+00,1.622890867871708442e+00,1.024752522182702519e+00,4.207958951812924564e-01,8.500000000000000611e-02,3.000000000000000000e+00,4.767840060099503025e+06
-5.130539500640944439e+00,2.112083478146273396e+00,1.313899670142880449e+00,4.005478152626280597e-01,8.500000000000000611e-02,3.000000000000000000e+00,4.767840060099503025e+06
-5.244757678291494862e+00,1.849695755624791049e+00,1.141661975629871151e+00,3.422784633242567653e-01,8.500000000000000611e-02,3.000000000000000000e+00,4.767840060099503025e+06
-5.273655098160662469e+00,1.668880500973758174e+00,1.022771987269563532e+00,4.057754735845978677e-01,8.500000000000000611e-02,3.000000000000000000e+00,4.767840060099503025e+06
-5.356357252035984118e+00,1.538154941216068661e+00,9.481235007206640919e-01,3.078253864126231365e-01,8.500000000000000611e-02,3.000000000000000000e+00,4.767840060099503025e+06
-6.163684743353069706e+00,2.185455823517644891e+00,2.464243008695476522e+00,3.162432018245988630e-01,8.500000000000000611e-02,3.000000000000000000e+00,4.767840060099503025e+06
-5.916207893229296744e+00,2.137948404009124559e+00,2.188340724302098472e+00,3.630271288031901022e-01,8.500000000000000611e-02,3.000000000000000000e+00,4.767840060099503025e+06
-5.974851819804396946e+00,2.059462592991727625e+00,2.115849284966466737e+00,2.767227737818828137e-01,8.500000000000000611e-02,3.000000000000000000e+00,4.767840060099503025e+06
-5.903892111306960011e+00,1.775310254292841616e+00,1.722502285732882887e+00,1.923896137166331011e-01,8.500000000000000611e-02,3.000000000000000000e+00,4.767840060099503025e+06
-5.837157107814101131e+00,1.389192710399442143e+00,1.408703358347766388e+00,4.337603718595806068e-01,8.500000000000000611e-02,3.000000000000000000e+00,4.767840060099503025e+06
-5.716574413984230496e+00,1.732470765891590325e+00,1.627321782628860181e+00,5.015661644068245550e-01,8.500000000000000611e-02,3.000000000000000000e+00,4.767840060099503025e+06
-5.590696862154409530e+00,1.823739511379375955e+00,1.550117212107155584e+00,3.358152187631221475e-01,8.500000000000000611e-02,3.000000000000000000e+00,4.767840060099503025e+06
-5.903054648942233307e+00,1.187103812977345463e+00,1.196744211568028016e+00,3.171279985023021109e-01,8.500000000000000611e-02,3.000000000000000000e+00,4.767840060099503025e+06
-6.221603011833449770e+00,1.345028544289182060e+00,1.796890949409330140e+00,4.699125936113422997e-01,8.500000000000000611e-02,3.000000000000000000e+00,4.767840060099503025e+06
-6.179999256266738961e+00,1.578992298545449202e+00,1.970305399039807170e+00,4.885165327938129076e-01,8.500000000000000611e-02,3.000000000000000000e+00,4.767840060099503025e+06
-5.988830283425224721e+00,2.010583409971462565e+00,2.301929903906930974e+00,6.350401329929786787e-01,8.500000000000000611e-02,3.000000000000000000e+00,4.767840060099503025e+06
-5.468451690785157915e+00,1.936847422351266168e+00,1.453053048803427894e+00,3.003780049772242222e-01,8.500000000000000611e-02,3.000000000000000000e+00,4.767840060099503025e+06
-5.024664055701803633e+00,1.642986905675473119e+00,6.262425302086247481e-01,2.018691878818887619e-01,8.500000000000000611e-02,3.000000000000000000e+00,4.767840060099503025e+06
-5.422405614568977406e+00,1.884053496966619612e+00,1.386256344691664921e+00,3.397469687091851931e-01,8.500000000000000611e-02,3.000000000000000000e+00,4.767840060099503025e+06
-5.193232906779952529e+00,1.842616332864658091e+00,1.087953539557292126e+00,3.027117524861751008e-01,8.500000000000000611e-02,3.000000000000000000e+00,4.767840060099503025e+06
-4.656193936797936139e+00,1.533976829489081428e+00,1.437457420174062528e-01,1.689203895878853001e-01,8.500000000000000611e-02,3.000000000000000000e+00,4.767840060099503025e+06
-5.540023014871325202e+00,1.435676200281085002e+00,1.152659238451958723e+00,4.533281971606313299e-01,8.500000000000000611e-02,3.000000000000000000e+00,4.767840060099503025e+06
-5.379917999032075571e+00,1.464037841304653087e+00,1.057405858450555236e+00,4.631166825949930010e-01,8.500000000000000611e-02,3.000000000000000000e+00,4.767840060099503025e+06
-5.732593882661939588e+00,9.711097613359173097e-01,1.283239337060146923e+00,8.621283107727751860e-01,8.500000000000000611e-02,3.000000000000000000e+00,4.767840060099503025e+06
-5.523669166074531844e+00,1.312143660660467948e+00,1.260036145679417130e+00,7.351538755090085697e-01,8.500000000000000611e-02,3.000000000000000000e+00,4.767840060099503025e+06
-5.345685567544375516e+00,1.300233458296282230e+00,1.048875449911442770e+00,8.076796445010411274e-01,8.500000000000000611e-02,3.000000000000000000e+00,4.767840060099503025e+06
-5.118682570314613933e+00,1.430732609982790393e+00,7.680527378959198792e-01,5.990652937402253242e-01,8.500000000000000611e-02,3.000000000000000000e+00,4.767840060099503025e+06
-5.244144077014002647e+00,1.524494308933479259e+00,1.012112961151124146e+00,6.008946294895652906e-01,8.500000000000000611e-02,3.000000000000000000e+00,4.767840060099503025e+06
-5.693965164050858618e+00,2.050872428496811395e+00,2.187877490821666271e+00,8.240568601687190409e-01,8.500000000000000611e-02,3.000000000000000000e+00,4.767840060099503025e+06
-5.489581775752538029e+00,1.060348696832733140e+00,8.432019951773398470e-01,6.124266570288018352e-01,8.500000000000000611e-02,3.000000000000000000e+00,4.767840060099503025e+06
-5.571332377885799936e+00,1.222170540717655740e+00,1.069514916790670789e+00,5.917026188291572009e-01,8.500000000000000611e-02,3.000000000000000000e+00,4.767840060099503025e+06
-5.859454799665268609e+00,1.020790562715976790e+00,1.226010884132501699e+00,6.645090222441221162e-01,8.500000000000000611e-02,3.000000000000000000e+00,4.767840060099503025e+06
-5.280156751578726215e+00,1.392532615993746781e+00,8.423275259501342704e-01,4.768289664107502324e-01,8.500000000000000611e-02,3.000000000000000000e+00,4.767840060099503025e+06
-5.383669844657568149e+00,1.806640565483348171e+00,1.333873720111494965e+00,4.621837982846017101e-01,8.500000000000000611e-02,3.000000000000000000e+00,4.767840060099503025e+06
-5.444175378924118291e+00,2.000752823180351747e+00,1.571729658435753407e+00,4.485710487491671450e-01,8.500000000000000611e-02,3.000000000000000000e+00,4.767840060099503025e+06
-5.022395845263261549e+00,1.491034989509343323e+00,4.817367414474054144e-01,2.273329392557760231e-01,8.500000000000000611e-02,3.000000000000000000e+00,4.767840060099503025e+06
-5.144812540044625848e+00,1.623946957689410775e+00,8.283676335101678445e-01,2.992661905124946453e-01,8.500000000000000611e-02,3.000000000000000000e+00,4.767840060099503025e+06
-5.170324959159521505e+00,1.656797328534019620e+00,8.421776307960110453e-01,2.332682494213268454e-01,8.500000000000000611e-02,3.000000000000000000e+00,4.767840060099503025e+06
-5.046965604508330649e+00,1.079828537697251623e+00,6.671729709529516938e-02,8.636298432113370671e-02,8.500000000000000611e-02,3.000000000000000000e+00,4.767840060099503025e+06
-5.094013393011801227e+00,1.071926089325491382e+00,1.315700692433200425e-01,1.054581629682556643e-01,8.500000000000000611e-02,3.000000000000000000e+00,4.767840060099503025e+06
-5.497708569356573705e+00,1.301120587204802614e+00,9.435465764081394369e-01,3.934567159013027671e-01,8.500000000000000611e-02,3.000000000000000000e+00,4.767840060099503025e+06
-5.534661648890671692e+00,1.672465253554462183e+00,1.456734278506111924e+00,5.290307601938712967e-01,8.500000000000000611e-02,3.000000000000000000e+00,4.767840060099503025e+06
-5.138245060071033876e+00,2.074498804327188139e+00,1.331406672418412152e+00,4.607441619913444919e-01,8.500000000000000611e-02,3.000000000000000000e+00,4.767840060099503025e+06
-4.623441157554266212e+00,1.147446202217157207e+00,-2.417704751402638408e-01,2.606001230585309192e-01,8.500000000000000611e-02,3.000000000000000000e+00,4.767840060099503025e+06
-4.761443402244450063e+00,1.087241755608185256e+00,-1.184050525704334333e-01,2.285633796511498117e-01,8.500000000000000611e-02,3.000000000000000000e+00,4.767840060099503025e+06
-5.375143983662800551e+00,8.636867865442284797e-01,4.179351989454245242e-01,3.800820836950585813e-01,8.500000000000000611e-02,3.000000000000000000e+00,4.767840060099503025e+06
-5.276362931047368754e+00,7.146242447644575169e-01,1.915820225533968468e-01,3.853769644914692427e-01,8.500000000000000611e-02,3.000000000000000000e+00,4.767840060099503025e+06
-5.628733600304610896e+00,9.982567409958185145e-01,8.581267321382428648e-01,4.338213564995705429e-01,8.500000000000000611e-02,3.000000000000000000e+00,4.767840060099503025e+06
-5.698848406193651073e+00,1.482066018036017452e+00,1.598864980739961972e+00,7.631710698410379967e-01,8.500000000000000611e-02,3.000000000000000000e+00,4.767840060099503025e+06
-5.639210148060188388e+00,2.287179498409979139e+00,2.318899730701857731e+00,7.557500449469212178e-01,8.500000000000000611e-02,3.000000000000000000e+00,4.767840060099503025e+06
-5.861207134714276457e+00,2.208196735819365486e+00,2.419830407118442661e+00,6.499255483774467601e-01,8.500000000000000611e-02,3.000000000000000000e+00,4.767840060099503025e+06
-6.277597274868205623e+00,2.861887314035854502e+00,3.499456672349686492e+00,6.630398829328985055e-01,8.500000000000000611e-02,3.000000000000000000e+00,4.767840060099503025e+06
-6.319611394029577944e+00,2.870615098805230136e+00,3.553224026851682815e+00,6.546092419262388162e-01,8.500000000000000611e-02,3.000000000000000000e+00,4.767840060099503025e+06
-6.519181517849153451e+00,2.971782903300999479e+00,3.779687543154089724e+00,5.359165496001141449e-01,8.500000000000000611e-02,3.000000000000000000e+00,4.767840060099503025e+06
-5.893641932898576741e+00,2.112028177374656757e+00,2.355179691129590580e+00,6.564924461682664081e-01,8.500000000000000611e-02,3.000000000000000000e+00,4.767840060099503025e+06
-6.554783849473147406e+00,1.004338909799056268e+00,2.300492864809889682e+00,1.035933065058157743e+00,8.500000000000000611e-02,3.000000000000000000e+00,4.767840060099503025e+06
-6.650429208203385123e+00,1.160389672423095320e+00,2.574553174498646513e+00,1.081627150174127028e+00,8.500000000000000611e-02,3.000000000000000000e+00,4.767840060099503025e+06
-6.454259899799070332e+00,1.122943006521832654e+00,2.279157405196058583e+00,1.016000558944979426e+00,8.500000000000000611e-02,3.000000000000000000e+00,4.767840060099503025e+06
-6.463309963543126813e+00,1.206556967128359581e+00,2.419810507325965254e+00,1.090374400253552922e+00,8.500000000000000611e-02,3.000000000000000000e+00,4.767840060099503025e+06
-6.099890513462287167e+00,1.285564914439365936e+00,2.015371016712886654e+00,9.831121209817822448e-01,8.500000000000000611e-02,3.000000000000000000e+00,4.767840060099503025e+06
-5.988467901985448094e+00,1.500286928171395306e+00,1.966680834121021348e+00,7.993048023772921784e-01,8.500000000000000611e-02,3.000000000000000000e+00,4.767840060099503025e+06
-5.898844939341992166e+00,1.483698073377476279e+00,1.950949519231246931e+00,9.265569627202533409e-01,8.500000000000000611e-02,3.000000000000000000e+00,4.767840060099503025e+06
-5.771943278384176423e+00,1.008903228570727784e+00,1.747935164948763109e+00,1.348017103231129443e+00,8.500000000000000611e-02,3.000000000000000000e+00,4.767840060099503025e+06
-5.970297770928047143e+00,1.559561301145709233e+00,2.367781663045022356e+00,1.237958525062385906e+00,8.500000000000000611e-02,3.000000000000000000e+00,4.767840060099503025e+06
-5.345223114900312211e+00,1.811630749267168161e+00,1.858726340527544263e+00,1.131805432234115338e+00,8.500000000000000611e-02,3.000000000000000000e+00,4.767840060099503025e+06
-5.398705788172353692e+00,1.665129421866614834e+00,1.743432095138694571e+00,1.099163567428066202e+00,8.500000000000000611e-02,3.000000000000000000e+00,4.767840060099503025e+06
-5.413281540907672884e+00,2.086299401989840874e+00,2.157409682276002716e+00,1.071623470059540839e+00,8.500000000000000611e-02,3.000000000000000000e+00,4.767840060099503025e+06
-4.753833581836324207e+00,2.416618374910273204e+00,1.827892229386379075e+00,1.084724070587711919e+00,8.500000000000000611e-02,3.000000000000000000e+00,4.767840060099503025e+06
-4.489792105319688531e+00,2.229195871795907280e+00,1.537247987065679666e+00,1.287347681693118195e+00,8.500000000000000611e-02,3.000000000000000000e+00,4.767840060099503025e+06
-4.784274573259104990e+00,2.301426615281445098e+00,1.829520325017649274e+00,1.196526903565104494e+00,8.500000000000000611e-02,3.000000000000000000e+00,4.767840060099503025e+06
-5.322099621506358957e+00,1.818308993488375602e+00,1.959143596955711164e+00,1.249732215809952418e+00,8.500000000000000611e-02,3.000000000000000000e+00,4.767840060099503025e+06
-5.777213953842605498e+00,2.283163448099281734e+00,2.611882118000724340e+00,9.217961946456794120e-01,8.500000000000000611e-02,3.000000000000000000e+00,4.767840060099503025e+06
-5.902382390044364158e+00,2.512887369813255223e+00,3.035820562521926114e+00,1.018731353937470274e+00,8.500000000000000611e-02,3.000000000000000000e+00,4.767840060099503025e+06
-5.755899015921283279e+00,2.953911105032171136e+00,3.348394904399872196e+00,1.051887214103901513e+00,8.500000000000000611e-02,3.000000000000000000e+00,4.767840060099503025e+06
-5.742821381478073306e+00,2.952315306107236026e+00,3.341958920554803480e+00,1.067210198113809572e+00,8.500000000000000611e-02,3.000000000000000000e+00,4.767840060099503025e+06
-5.768567460473279063e+00,2.939747929818745220e+00,3.349497932755843177e+00,1.057855864242296384e+00,8.500000000000000611e-02,3.000000000000000000e+00,4.767840060099503025e+06
-5.771758660151695253e+00,2.775216832705526215e+00,3.343179233347269630e+00,1.221551466407101882e+00,8.500000000000000611e-02,3.000000000000000000e+00,4.767840060099503025e+06
-5.680940510654092890e+00,2.965858842726509792e+00,3.264839490629291685e+00,1.026018604364723696e+00,8.500000000000000611e-02,3.000000000000000000e+00,4.767840060099503025e+06
-5.652781374363888389e+00,2.750334560431342279e+00,3.011392164968909491e+00,1.003482850603664378e+00,8.500000000000000611e-02,3.000000000000000000e+00,4.767840060099503025e+06
-5.620334244617155584e+00,2.450188150334898118e+00,2.769997519577523271e+00,1.117678942104757489e+00,8.500000000000000611e-02,3.000000000000000000e+00,4.767840060099503025e+06
-5.562003119276217156e+00,2.114297072441257086e+00,2.623255818255975758e+00,1.405173849491823557e+00,8.500000000000000611e-02,3.000000000000000000e+00,4.767840060099503025e+06
-5.752468155520602977e+00,2.155328007211715136e+00,2.671407176973598752e+00,1.173206847217849402e+00,8.500000000000000611e-02,3.000000000000000000e+00,4.767840060099503025e+06
-5.630271077362348109e+00,2.356968823518357237e+00,2.862791055546454189e+00,1.305568693547360271e+00,8.500000000000000611e-02,3.000000000000000000e+00,4.767840060099503025e+06
-5.721502650689860303e+00,2.458250043532296480e+00,3.196570393836100976e+00,1.466875050303868111e+00,8.500000000000000611e-02,3.000000000000000000e+00,4.767840060099503025e+06
-5.825463020022455751e+00,2.497275910087334960e+00,3.168296540476140510e+00,1.268145974205147519e+00,8.500000000000000611e-02,3.000000000000000000e+00,4.767840060099503025e+06
-5.962815823385646752e+00,2.989158105986414071e+00,3.471776713039601781e+00,9.598762735818295866e-01,8.500000000000000611e-02,3.000000000000000000e+00,4.767840060099503025e+06
-5.992967484288131530e+00,2.814404936915043454e+00,3.665823768417224571e+00,1.299946113017046212e+00,8.500000000000000611e-02,3.000000000000000000e+00,4.767840060099503025e+06
-5.684188846166805753e+00,2.954323965935673257e+00,3.246102196573852350e+00,1.014708949750153355e+00,8.500000000000000611e-02,3.000000000000000000e+00,4.767840060099503025e+06
-5.479282768440796758e+00,2.846540956389209232e+00,2.908032425456463788e+00,9.925157485622011500e-01,8.500000000000000611e-02,3.000000000000000000e+00,4.767840060099503025e+06
-5.331928385867749753e+00,2.567548143931265514e+00,1.907414907144410199e+00,2.072777622254318164e-01,8.500000000000000611e-02,3.000000000000000000e+00,4.767840060099503025e+06
-5.411201244684482603e+00,2.513666900682413718e+00,1.996141223137507748e+00,2.735583351417465447e-01,8.500000000000000611e-02,3.000000000000000000e+00,4.767840060099503025e+06
-5.509712151758747289e+00,2.784936727775942700e+00,2.365219822075979472e+00,2.398183230913258357e-01,8.500000000000000611e-02,3.000000000000000000e+00,4.767840060099503025e+06
-5.431299456244891743e+00,2.974931557375006363e+00,2.388837638104233108e+00,1.134270290443126772e-01,8.500000000000000611e-02,3.000000000000000000e+00,4.767840060099503025e+06
-5.644643879575110823e+00,2.014633290756923767e+00,1.723204151158094000e+00,2.195834024862257650e-01,8.500000000000000611e-02,3.000000000000000000e+00,4.767840060099503025e+06
-5.596671069972138035e+00,1.957023414643097148e+00,1.697354435739497847e+00,3.440222890415335910e-01,8.500000000000000611e-02,3.000000000000000000e+00,4.767840060099503025e+06
-5.897178900342565200e+00,2.032053357245696468e+00,2.101735868136271890e+00,3.959600624531673385e-01,8.500000000000000611e-02,3.000000000000000000e+00,4.767840060099503025e+06
-5.559386612497658753e+00,1.971611120455567745e+00,1.657591787480313439e+00,3.638449579149831692e-01,8.500000000000000611e-02,3.000000000000000000e+00,4.767840060099503025e+06
-5.567050799660006710e+00,1.533317965586455056e+00,1.101032296866606419e+00,1.415823780557547984e-01,8.500000000000000611e-02,3.000000000000000000e+00,4.767840060099503025e+06
-5.715376796360245315e+00,1.157829319714694716e+00,1.040037354061825958e+00,3.897431348837068765e-01,8.500000000000000611e-02,3.000000000000000000e+00,4.767840060099503025e+06
-6.247431684436332233e+00,1.251927218173159106e+00,1.841319216661378544e+00,5.999069140458164195e-01,8.500000000000000611e-02,3.000000000000000000e+00,4.767840060099503025e+06
-6.405512303488164250e+00,1.654247352272927518e+00,2.568999192254728836e+00,8.296718388638489872e-01,8.500000000000000611e-02,3.000000000000000000e+00,4.767840060099503025e+06
-6.548634033329751247e+00,1.929928738170545222e+00,2.652707680727793171e+00,4.553154914000590026e-01,8.500000000000000611e-02,3.000000000000000000e+00,4.767840060099503025e+06
-6.550430218660458159e+00,2.185970137228205434e+00,3.089303898313950469e+00,6.677068110169031012e-01,8.500000000000000611e-02,3.000000000000000000e+00,4.767840060099503025e+06
-6.393651511819862243e+00,2.186815994473240821e+00,2.880286355747128990e+00,6.008198237394668517e-01,8.500000000000000611e-02,3.000000000000000000e+00,4.767840060099503025e+06
-6.206178571427679813e+00,1.930404011439263101e+00,2.440619701968632871e+00,5.837128441281878022e-01,8.500000000000000611e-02,3.000000000000000000e+00,4.767840060099503025e+06
-4.978609157668112850e+00,2.766384799779629589e+00,2.091797955851749879e+00,7.096408647130860725e-01,8.500000000000000611e-02,3.000000000000000000e+00,4.767840060099503025e+06
-4.818158937168669276e+00,2.852848182939486943e+00,1.792629713167763539e+00,4.266375647196175569e-01,8.500000000000000611e-02,3.000000000000000000e+00,4.767840060099503025e+06
-5.055097775492381373e+00,2.838528096018726909e+00,2.041269191135262950e+00,4.513644332131423464e-01,8.500000000000000611e-02,3.000000000000000000e+00,4.767840060099503025e+06
-5.476479936307322660e+00,2.535686208105561334e+00,2.158387919780881958e+00,4.228947077046399383e-01,8.500000000000000611e-02,3.000000000000000000e+00,4.767840060099503025e+06
-5.431298586406900775e+00,2.597615106158714049e+00,2.166649828187307225e+00,4.112420830596580368e-01,8.500000000000000611e-02,3.000000000000000000e+00,4.767840060099503025e+06
-5.478471246647303339e+00,2.744980959296710932e+00,2.434165369956908354e+00,5.633288946474379610e-01,8.500000000000000611e-02,3.000000000000000000e+00,4.767840060099503025e+06
-5.303819674245266569e+00,2.811509362969009551e+00,2.198356153327339246e+00,4.158202073236124674e-01,8.500000000000000611e-02,3.000000000000000000e+00,4.767840060099503025e+06
-5.319083291619760345e+00,2.085130947779834099e+00,1.479192994923578919e+00,3.410716470034685366e-01,8.500000000000000611e-02,3.000000000000000000e+00,4.767840060099503025e+06
-5.894310028612202323e+00,2.213198747716556447e+00,2.245887215961737127e+00,4.090921271974077289e-01,8.500000000000000611e-02,3.000000000000000000e+00,4.767840060099503025e+06
-6.122454552670495431e+00,1.782164809926941818e+00,2.175477681346079439e+00,5.565583564644053238e-01,8.500000000000000611e-02,3.000000000000000000e+00,4.767840060099503025e+06
-5.813144937467374262e+00,1.421153655520158710e+00,1.403584573140634228e+00,4.359462907351004390e-01,8.500000000000000611e-02,3.000000000000000000e+00,4.767840060099503025e+06
-5.633226422844670900e+00,1.890786591360322788e+00,1.752804626167333124e+00,5.815020233604856204e-01,8.500000000000000611e-02,3.000000000000000000e+00,4.767840060099503025e+06
-6.315747776628139576e+00,1.240422772597889800e+00,1.925272935041074440e+00,6.670701330919779348e-01,8.500000000000000611e-02,3.000000000000000000e+00,4.767840060099503025e+06
-6.216424965000896918e+00,1.210471081935369009e+00,1.757017787096876837e+00,6.237530986849043613e-01,8.500000000000000611e-02,3.000000000000000000e+00,4.767840060099503025e+06
-4.787205671219811443e+00,2.473358735021149890e+00,1.189444832868400859e+00,1.643955224798660797e-01,8.500000000000000611e-02,3.000000000000000000e+00,4.767840060099503025e+06
-4.627466891711779162e+00,2.758376320763805012e+00,1.281972798420526249e+00,1.469973531005116518e-01,8.500000000000000611e-02,3.000000000000000000e+00,4.767840060099503025e+06
-5.159380212689303136e+00,1.815289088374199222e+00,9.758217214131075234e-01,2.507192898546580784e-01,8.500000000000000611e-02,3.000000000000000000e+00,4.767840060099503025e+06
-5.350607504482507437e+00,1.971724171849742913e+00,1.580648742660879735e+00,6.282917725053235314e-01,8.500000000000000611e-02,3.000000000000000000e+00,4.767840060099503025e+06
-5.299868622436157750e+00,1.853429881012998326e+00,1.378036404362003475e+00,5.968253146506475870e-01,8.500000000000000611e-02,3.000000000000000000e+00,4.767840060099503025e+06
-5.365049649881600935e+00,2.575289052378955112e+00,2.111634834533116845e+00,5.216168234758049582e-01,8.500000000000000611e-02,3.000000000000000000e+00,4.767840060099503025e+06
-5.504037129583624122e+00,2.644714093880687678e+00,2.445683120650998799e+00,6.655242956149660660e-01,8.500000000000000611e-02,3.000000000000000000e+00,4.767840060099503025e+06
-5.555500214743405607e+00,2.893664889503956950e+00,2.770119592904473738e+00,7.000793277655275038e-01,8.500000000000000611e-02,3.000000000000000000e+00,4.767840060099503025e+06
-5.396392067652649338e+00,2.782694935434248062e+00,2.569097315155348671e+00,8.080080184585120007e-01,8.500000000000000611e-02,3.000000000000000000e+00,4.767840060099503025e+06
-5.553323345345082984e+00,2.666424699728131564e+00,2.602864031443281156e+00,7.801130569772238843e-01,8.500000000000000611e-02,3.000000000000000000e+00,4.767840060099503025e+06
-5.580496367985970707e+00,2.866200884893790324e+00,2.802121150124195381e+00,7.192246151766326090e-01,8.500000000000000611e-02,3.000000000000000000e+00,4.767840060099503025e+06
-5.287582784743273479e+00,2.652996013506939477e+00,2.066942952496379604e+00,3.909894987513258258e-01,8.500000000000000611e-02,3.000000000000000000e+00,4.767840060099503025e+06
-5.165486274613728668e+00,2.643516961869800674e+00,1.953451031537394522e+00,4.285748196688630163e-01,8.500000000000000611e-02,3.000000000000000000e+00,4.767840060099503025e+06
-5.110748218503453622e+00,2.850199153677348551e+00,1.915316065494624409e+00,1.607909231181550158e-01,8.500000000000000611e-02,3.000000000000000000e+00,4.767840060099503025e+06
-4.513110569626793911e+00,2.566655750001403113e+00,1.140168001090600791e+00,3.636823287230777080e-01,8.500000000000000611e-02,3.000000000000000000e+00,4.767840060099503025e+06
-4.823625770332716556e+00,2.665991915724776007e+00,1.551681830567255727e+00,4.051853562609647463e-01,8.500000000000000611e-02,3.000000000000000000e+00,4.767840060099503025e+06
-5.189066189302393717e+00,2.178644643694903849e+00,1.514973083634644890e+00,4.736221886350667210e-01,8.500000000000000611e-02,3.000000000000000000e+00,4.767840060099503025e+06
-5.463349997514602485e+00,2.582900631902897093e+00,2.278868220876313799e+00,5.864328729086512038e-01,8.500000000000000611e-02,3.000000000000000000e+00,4.767840060099503025e+06
-5.301748965198205710e+00,2.459139717810577608e+00,1.996703251415985036e+00,5.961064805125804167e-01,8.500000000000000611e-02,3.000000000000000000e+00,4.767840060099503025e+06
-5.799969497853356692e+00,2.244542617403983975e+00,2.451014957108252901e+00,7.838241756564220397e-01,8.500000000000000611e-02,3.000000000000000000e+00,4.767840060099503025e+06
-5.221388070906971102e+00,2.906476645056478514e+00,2.398047642748956765e+00,6.721736706526090233e-01,8.500000000000000611e-02,3.000000000000000000e+00,4.767840060099503025e+06
-5.652707691332983231e+00,2.566952848455714697e+00,2.512244181113865604e+00,6.045240324758121009e-01,8.500000000000000611e-02,3.000000000000000000e+00,4.767840060099503025e+06
-5.699449031858158321e+00,2.718151379806855950e+00,2.731921248265957836e+00,6.452524770926296727e-01,8.500000000000000611e-02,3.000000000000000000e+00,4.767840060099503025e+06
-5.378109651242272804e+00,2.615904228823974886e+00,1.965256001443204115e+00,2.392223142496497368e-01,8.500000000000000611e-02,3.000000000000000000e+00,4.767840060099503025e+06
-5.422757326055401172e+00,2.741517109742401814e+00,2.165793096632769643e+00,2.557237647309784645e-01,8.500000000000000611e-02,3.000000000000000000e+00,4.767840060099503025e+06
-5.327699053555374320e+00,2.737103720168408749e+00,2.107492164997467832e+00,3.242392473064782399e-01,8.500000000000000611e-02,3.000000000000000000e+00,4.767840060099503025e+06
-5.328250350409803993e+00,2.698963519040598502e+00,2.043467354681192116e+00,2.907411929486755087e-01,8.500000000000000611e-02,3.000000000000000000e+00,4.767840060099503025e+06
-5.365346420814919526e+00,2.905461387627963799e+00,2.257687594278145138e+00,2.562406576917355405e-01,8.500000000000000611e-02,3.000000000000000000e+00,4.767840060099503025e+06
-5.725650470251299140e+00,2.681745840137355508e+00,2.695735460607955769e+00,5.649025107425587056e-01,8.500000000000000611e-02,3.000000000000000000e+00,4.767840060099503025e+06
-5.794767763329844001e+00,2.598076643494734661e+00,2.737099706244661146e+00,6.495431005936451729e-01,8.500000000000000611e-02,3.000000000000000000e+00,4.767840060099503025e+06
-5.843853185143013995e+00,2.984450885935864051e+00,3.183296741410055475e+00,6.715459893635734590e-01,8.500000000000000611e-02,3.000000000000000000e+00,4.767840060099503025e+06
-5.883432225653823622e+00,2.961069631173385730e+00,3.236558301921224512e+00,7.140922316568244499e-01,8.500000000000000611e-02,3.000000000000000000e+00,4.767840060099503025e+06
-5.792763232385611083e+00,2.735278502943358614e+00,2.700327709534906528e+00,4.398299164222376212e-01,8.500000000000000611e-02,3.000000000000000000e+00,4.767840060099503025e+06
-6.088644818674595172e+00,2.384608913048755774e+00,3.040044027594067444e+00,9.343400229099481091e-01,8.500000000000000611e-02,3.000000000000000000e+00,4.767840060099503025e+06
-6.174510824315532886e+00,2.523509318928691236e+00,3.535241157905116616e+00,1.230125503759433414e+00,8.500000000000000611e-02,3.000000000000000000e+00,4.767840060099503025e+06
-5.384310240178216134e+00,2.525372778576434385e+00,2.226435235452877137e+00,6.912018431461863788e-01,8.500000000000000611e-02,3.000000000000000000e+00,4.767840060099503025e+06
-5.523074496920390430e+00,2.206389143289154919e+00,2.203654221993321727e+00,8.579663515225668391e-01,8.500000000000000611e-02,3.000000000000000000e+00,4.767840060099503025e+06
-5.333755751596148009e+00,2.342791296406503410e+00,2.543564471227298007e+00,1.275529534254913111e+00,8.500000000000000611e-02,3.000000000000000000e+00,4.767840060099503025e+06
-5.124205531849820083e+00,2.164549561784230747e+00,2.266474634969279922e+00,1.414765227172977591e+00,8.500000000000000611e-02,3.000000000000000000e+00,4.767840060099503025e+06
-4.965292570467584099e+00,1.597969739432015368e+00,1.004643320247468719e+00,8.150936484103892266e-01,8.500000000000000611e-02,3.000000000000000000e+00,4.767840060099503025e+06
-5.361797048329242976e+00,2.369472786487397009e+00,2.343873929472229278e+00,1.032993395397490799e+00,8.500000000000000611e-02,3.000000000000000000e+00,4.767840060099503025e+06
-5.331631537847468572e+00,2.488356747388432044e+00,2.702194888722976529e+00,1.340067424904210602e+00,8.500000000000000611e-02,3.000000000000000000e+00,4.767840060099503025e+06
-5.619085302784133873e+00,2.923509233970860155e+00,3.331952112265526011e+00,1.217905736526217364e+00,8.500000000000000611e-02,3.000000000000000000e+00,4.767840060099503025e+06
-5.630305651618339624e+00,2.543421866670055209e+00,2.852966579941088821e+00,1.084576602191866801e+00,8.500000000000000611e-02,3.000000000000000000e+00,4.767840060099503025e+06
-5.649852931335809458e+00,2.550255216594896623e+00,3.093713643799372193e+00,1.324345614605909605e+00,8.500000000000000611e-02,3.000000000000000000e+00,4.767840060099503025e+06
-5.648094710938031504e+00,2.887687233796335295e+00,3.548019190633452169e+00,1.462522844373626896e+00,8.500000000000000611e-02,3.000000000000000000e+00,4.767840060099503025e+06
-5.477336103290824987e+00,2.978591823909689129e+00,3.436985909913659487e+00,1.429915423986856338e+00,8.500000000000000611e-02,3.000000000000000000e+00,4.767840060099503025e+06
-5.608612116408685289e+00,2.948687167183827285e+00,3.290177660998423903e+00,1.133896129506753780e+00,8.500000000000000611e-02,3.000000000000000000e+00,4.767840060099503025e+06
-5.521735550306974716e+00,2.975833358468343626e+00,3.292525459826718848e+00,1.207163563421278285e+00,8.500000000000000611e-02,3.000000000000000000e+00,4.767840060099503025e+06
-5.533095469273369815e+00,2.903083684043225254e+00,3.207666701340166515e+00,1.179004781074862063e+00,8.500000000000000611e-02,3.000000000000000000e+00,4.767840060099503025e+06
-5.576892415752835674e+00,2.841738619874534244e+00,3.062140424288920748e+00,1.045595773589896416e+00,8.500000000000000611e-02,3.000000000000000000e+00,4.767840060099503025e+06
-5.577741834038801194e+00,2.761522866423228084e+00,3.005402080811784504e+00,1.072044596469273081e+00,8.500000000000000611e-02,3.000000000000000000e+00,4.767840060099503025e+06
-5.589782030969908888e+00,2.674895015135459353e+00,3.142485094196193707e+00,1.340609292592293444e+00,8.500000000000000611e-02,3.000000000000000000e+00,4.767840060099503025e+06
-5.930028448826014653e+00,2.061660423496869843e+00,2.564996760713473822e+00,9.435154350961977299e-01,8.500000000000000611e-02,3.000000000000000000e+00,4.767840060099503025e+06
-4.882806076942289408e+00,1.763571422450466386e+00,7.497506386838703740e-01,4.192521035706202603e-01,8.500000000000000611e-02,3.000000000000000000e+00,4.767840060099503025e+06
-5.556943464561623358e+00,2.929757360007716471e+00,2.866437186302934315e+00,7.828988652253704439e-01,8.500000000000000611e-02,3.000000000000000000e+00,4.767840060099503025e+06
-5.154537811543432824e+00,2.984884415636989807e+00,2.310789361740349435e+00,4.927450171663533274e-01,8.500000000000000611e-02,3.000000000000000000e+00,4.767840060099503025e+06
-5.154537811543432824e+00,2.984884415636989807e+00,2.310789361740349435e+00,4.927450171663533274e-01,8.500000000000000611e-02,3.000000000000000000e+00,4.767840060099503025e+06
-5.240868285502038759e+00,2.856234423397482569e+00,2.275585093906481227e+00,4.898928214253097102e-01,8.500000000000000611e-02,3.000000000000000000e+00,4.767840060099503025e+06
-5.479568381171803004e+00,2.889481798580862737e+00,2.546829807649372945e+00,4.698781106068840585e-01,8.500000000000000611e-02,3.000000000000000000e+00,4.767840060099503025e+06
-5.405015802645795731e+00,2.951447214620796178e+00,2.608335489996330026e+00,5.970847528846418006e-01,8.500000000000000611e-02,3.000000000000000000e+00,4.767840060099503025e+06
-4.590505975066736966e+00,1.394965911810102766e+00,-1.314565081775789235e-01,1.350578484233776466e-01,8.500000000000000611e-02,3.000000000000000000e+00,4.767840060099503025e+06
-4.791905408113784404e+00,1.125345761941714873e+00,-1.262417717644983561e-01,2.289318543353657809e-01,8.500000000000000611e-02,3.000000000000000000e+00,4.767840060099503025e+06
-4.894148075928165476e+00,1.339005302573919032e+00,3.192388580356707584e-01,4.001024445124781170e-01,8.500000000000000611e-02,3.000000000000000000e+00,4.767840060099503025e+06
-5.116912278691961191e+00,2.019606288931758531e+00,1.192276059289007151e+00,3.619984547153076715e-01,8.500000000000000611e-02,3.000000000000000000e+00,4.767840060099503025e+06
-5.425190163913685026e+00,2.222800555011208878e+00,1.906190344301883277e+00,5.982728622197022172e-01,8.500000000000000611e-02,3.000000000000000000e+00,4.767840060099503025e+06
-5.100329109635275415e+00,2.655683363609926850e+00,2.038634436288083496e+00,6.897144479067165435e-01,8.500000000000000611e-02,3.000000000000000000e+00,4.767840060099503025e+06
-4.401558907073395588e+00,2.238682918131418731e+00,8.762581316413952104e-01,6.483487266898817492e-01,8.500000000000000611e-02,3.000000000000000000e+00,4.767840060099503025e+06
-5.094450325731369134e+00,2.121839703786135622e+00,1.379641272105879723e+00,5.059403734538694408e-01,8.500000000000000611e-02,3.000000000000000000e+00,4.767840060099503025e+06
-5.258824965452301825e+00,1.825609402886207100e+00,1.481584087399274496e+00,7.762104197395086613e-01,8.500000000000000611e-02,3.000000000000000000e+00,4.767840060099503025e+06
-4.855805177798431238e+00,1.048094548939974890e+00,4.712731757448389569e-01,9.509971261348671989e-01,8.500000000000000611e-02,3.000000000000000000e+00,4.767840060099503025e+06
-5.658059522042849565e+00,1.009339019813983995e+00,1.359327971633594867e+00,1.046615640655419455e+00,8.500000000000000611e-02,3.000000000000000000e+00,4.767840060099503025e+06
-5.700772639654191565e+00,1.101029513992950681e+00,1.499114166735421083e+00,1.051555320966088614e+00,8.500000000000000611e-02,3.000000000000000000e+00,4.767840060099503025e+06
-6.346653189504550596e+00,1.239027593168587460e+00,2.877525127335632149e+00,1.682066944351662485e+00,8.500000000000000611e-02,3.000000000000000000e+00,4.767840060099503025e+06
-6.307682828867416269e+00,1.285148067270772243e+00,2.847105126623598714e+00,1.640936159853235043e+00,8.500000000000000611e-02,3.000000000000000000e+00,4.767840060099503025e+06
-6.432501958022426081e+00,9.371285038207668450e-01,2.358316191998309552e+00,1.333436098339429776e+00,8.500000000000000611e-02,3.000000000000000000e+00,4.767840060099503025e+06
-6.370020933534240370e+00,1.009218711653257827e+00,2.219899292461870566e+00,1.187480232761779941e+00,8.500000000000000611e-02,3.000000000000000000e+00,4.767840060099503025e+06
-6.080729814078661200e+00,9.167712605483639976e-01,1.880937412493784988e+00,1.229256941781626145e+00,8.500000000000000611e-02,3.000000000000000000e+00,4.767840060099503025e+06
-5.985279470510178612e+00,1.183671158214642194e+00,1.970753933813914172e+00,1.158534274591601632e+00,8.500000000000000611e-02,3.000000000000000000e+00,4.767840060099503025e+06
-6.354813989437637645e+00,1.300201397858969710e+00,2.825658077809823254e+00,1.551543607861562535e+00,8.500000000000000611e-02,3.000000000000000000e+00,4.767840060099503025e+06
-6.442354957720770159e+00,1.431241497401869012e+00,3.056286646876201996e+00,1.558007702669966132e+00,8.500000000000000611e-02,3.000000000000000000e+00,4.767840060099503025e+06
-6.335379000696379492e+00,1.691082586066630311e+00,3.205192254824494213e+00,1.592026970080735460e+00,8.500000000000000611e-02,3.000000000000000000e+00,4.767840060099503025e+06
-6.352548097888732315e+00,1.804141769633755388e+00,3.267164078085647461e+00,1.521779565458620809e+00,8.500000000000000611e-02,3.000000000000000000e+00,4.767840060099503025e+06
-4.996354673867473117e+00,2.289213836976349725e+00,1.930984321217617428e+00,1.113491700710746768e+00,8.500000000000000611e-02,3.000000000000000000e+00,4.767840060099503025e+06
-5.056038031860804693e+00,1.505747457179801518e+00,9.158561926251274077e-01,7.168740562710449460e-01,8.500000000000000611e-02,3.000000000000000000e+00,4.767840060099503025e+06
-5.236065667494363751e+00,1.689642904651009081e+00,1.470327827152314804e+00,9.490245101292599239e-01,8.500000000000000611e-02,3.000000000000000000e+00,4.767840060099503025e+06
-5.091005144820912598e+00,1.375212156310057665e+00,1.012912400173513472e+00,9.705757712406994919e-01,8.500000000000000611e-02,3.000000000000000000e+00,4.767840060099503025e+06
-5.284092785678740078e+00,1.415575423596518556e+00,1.083784459436794023e+00,7.823873769034398462e-01,8.500000000000000611e-02,3.000000000000000000e+00,4.767840060099503025e+06
-5.284385349332703541e+00,1.480425484977125006e+00,1.074908629223589429e+00,6.784892559231416875e-01,8.500000000000000611e-02,3.000000000000000000e+00,4.767840060099503025e+06
-5.042310465222215043e+00,1.611316174773830046e+00,1.052955716300393307e+00,7.931306719039025177e-01,8.500000000000000611e-02,3.000000000000000000e+00,4.767840060099503025e+06
-5.024087569171692635e+00,2.488537437394985119e+00,1.455610592070784470e+00,1.827875512051105877e-01,8.500000000000000611e-02,3.000000000000000000e+00,4.767840060099503025e+06
-5.221077740028190917e+00,1.658571374471123239e+00,9.733208888290494354e-01,3.520068456129881174e-01,8.500000000000000611e-02,3.000000000000000000e+00,4.767840060099503025e+06
-5.418245661056140250e+00,1.672312783038136796e+00,1.581679831258538727e+00,8.641692510036280694e-01,8.500000000000000611e-02,3.000000000000000000e+00,4.767840060099503025e+06
-5.527948446738468746e+00,1.386729402505816999e+00,1.445347530142019554e+00,9.217222560521889374e-01,8.500000000000000611e-02,3.000000000000000000e+00,4.767840060099503025e+06
-5.318729209377706546e+00,1.842738522120199729e+00,1.731881755343076534e+00,9.631874196666604382e-01,8.500000000000000611e-02,3.000000000000000000e+00,4.767840060099503025e+06
-5.314871112136597020e+00,1.382475301662974498e+00,1.625717024333257488e+00,1.378436750804763467e+00,8.500000000000000611e-02,3.000000000000000000e+00,4.767840060099503025e+06
-5.338924023189182577e+00,1.410726222913777139e+00,1.685020953214495743e+00,1.389007522412915474e+00,8.500000000000000611e-02,3.000000000000000000e+00,4.767840060099503025e+06
-5.294834490503857793e+00,1.272341320344588134e+00,1.420972060261552095e+00,1.271131827441709383e+00,8.500000000000000611e-02,3.000000000000000000e+00,4.767840060099503025e+06
-5.321863903719372679e+00,1.291213932204368087e+00,1.399289851462998779e+00,1.193524661424805622e+00,8.500000000000000611e-02,3.000000000000000000e+00,4.767840060099503025e+06
-5.668520651045855452e+00,1.284594541968843817e+00,1.587963830754203665e+00,1.006611748687916030e+00,8.500000000000000611e-02,3.000000000000000000e+00,4.767840060099503025e+06
-5.678097314647876814e+00,1.148952672156312582e+00,1.535076379525447621e+00,1.093365356033566105e+00,8.500000000000000611e-02,3.000000000000000000e+00,4.767840060099503025e+06
-6.000990511738222288e+00,1.944388584099056017e+00,2.562299153773640370e+00,1.017264878582754051e+00,8.500000000000000611e-02,3.000000000000000000e+00,4.767840060099503025e+06
-6.266330136566013564e+00,1.860966984682653980e+00,3.000865252532141980e+00,1.293112964475938709e+00,8.500000000000000611e-02,3.000000000000000000e+00,4.767840060099503025e+06
-6.278843264458432216e+00,1.723644804158907196e+00,2.988367523194325859e+00,1.415151652302935492e+00,8.500000000000000611e-02,3.000000000000000000e+00,4.767840060099503025e+06
-5.645503615466062719e+00,6.843829964146675993e-01,8.374660363771527782e-01,7.974680916065548519e-01,8.500000000000000611e-02,3.000000000000000000e+00,4.767840060099503025e+06
-5.641916383426012871e+00,1.008106148782364597e+00,1.130097357337945807e+00,8.000418486010338892e-01,8.500000000000000611e-02,3.000000000000000000e+00,4.767840060099503025e+06
-5.600343894904148634e+00,2.218287512584805832e+00,2.247596093735824585e+00,7.933520448668572866e-01,8.500000000000000611e-02,3.000000000000000000e+00,4.767840060099503025e+06
-5.499060124996285381e+00,2.923628495133711258e+00,3.345548858751281607e+00,1.379224025992097147e+00,8.500000000000000611e-02,3.000000000000000000e+00,4.767840060099503025e+06
-5.574910972145308286e+00,2.869917705111990180e+00,3.296069533617723923e+00,1.284693092641946421e+00,8.500000000000000611e-02,3.000000000000000000e+00,4.767840060099503025e+06
-5.521132611210235019e+00,2.965116749390079409e+00,3.351040220887996135e+00,1.305016929504013490e+00,8.500000000000000611e-02,3.000000000000000000e+00,4.767840060099503025e+06
-5.637371005677725755e+00,2.751484689593516553e+00,3.300702195628569591e+00,1.351695984346613422e+00,8.500000000000000611e-02,3.000000000000000000e+00,4.767840060099503025e+06
-5.887229872221245941e+00,2.465804552629885293e+00,3.281631526732728510e+00,1.349861944465420738e+00,8.500000000000000611e-02,3.000000000000000000e+00,4.767840060099503025e+06
-5.903510683924174884e+00,2.588151799107841988e+00,3.500714292577727704e+00,1.447444707711337264e+00,8.500000000000000611e-02,3.000000000000000000e+00,4.767840060099503025e+06
-5.802412323688385776e+00,2.394292454104572254e+00,3.000308531307184889e+00,1.221588216204442467e+00,8.500000000000000611e-02,3.000000000000000000e+00,4.767840060099503025e+06
-5.723110389998107728e+00,2.731502636645033455e+00,3.342784327532243083e+00,1.339524061234712127e+00,8.500000000000000611e-02,3.000000000000000000e+00,4.767840060099503025e+06
-6.102478044233105692e+00,2.828615504695164429e+00,3.741987837083902146e+00,1.235644074570355189e+00,8.500000000000000611e-02,3.000000000000000000e+00,4.767840060099503025e+06
-5.870349135347672664e+00,2.401161017231831174e+00,3.133713855989193942e+00,1.281877032766064683e+00,8.500000000000000611e-02,3.000000000000000000e+00,4.767840060099503025e+06
-6.012167462777373572e+00,2.763009539538237913e+00,3.580801912166433620e+00,1.218520653652263919e+00,8.500000000000000611e-02,3.000000000000000000e+00,4.767840060099503025e+06
-5.745605382587973153e+00,2.861174600063945306e+00,3.168645422831050773e+00,9.313330095594148927e-01,8.500000000000000611e-02,3.000000000000000000e+00,4.767840060099503025e+06
-5.798610627299948916e+00,2.928893888654616084e+00,3.660147899292295115e+00,1.360643084945451609e+00,8.500000000000000611e-02,3.000000000000000000e+00,4.767840060099503025e+06
-5.820419562934155522e+00,2.972561006607915779e+00,3.742533760537855692e+00,1.379476523456697468e+00,8.500000000000000611e-02,3.000000000000000000e+00,4.767840060099503025e+06
-5.698300548570555790e+00,2.736944056369751355e+00,3.319325339679251918e+00,1.321585898895620392e+00,8.500000000000000611e-02,3.000000000000000000e+00,4.767840060099503025e+06
-5.679915809064014276e+00,2.837742563447880784e+00,3.516016143472395328e+00,1.454180678801701543e+00,8.500000000000000611e-02,3.000000000000000000e+00,4.767840060099503025e+06
-6.338057474396377344e+00,2.375144752886880539e+00,3.567160694667912857e+00,1.245573022851741651e+00,8.500000000000000611e-02,3.000000000000000000e+00,4.767840060099503025e+06
-6.533719416134691649e+00,2.165695638717899829e+00,3.589227589398789497e+00,1.258398800521622007e+00,8.500000000000000611e-02,3.000000000000000000e+00,4.767840060099503025e+06
-6.554906569358739610e+00,1.896337160112049114e+00,3.443202755502670076e+00,1.373928979077571944e+00,8.500000000000000611e-02,3.000000000000000000e+00,4.767840060099503025e+06
-6.346736247737000625e+00,1.735262232043706110e+00,3.057079697732238088e+00,1.356661732914867580e+00,8.500000000000000611e-02,3.000000000000000000e+00,4.767840060099503025e+06
-6.665256222143128184e+00,1.958621050029450528e+00,3.798021247857771954e+00,1.564616071935347019e+00,8.500000000000000611e-02,3.000000000000000000e+00,4.767840060099503025e+06
-6.238272840716293288e+00,1.455416477363377536e+00,2.459052726177513026e+00,1.128364149480348688e+00,8.500000000000000611e-02,3.000000000000000000e+00,4.767840060099503025e+06
-6.478934295524023668e+00,1.770521801806177686e+00,3.136948221009065563e+00,1.277352746429342378e+00,8.500000000000000611e-02,3.000000000000000000e+00,4.767840060099503025e+06
-7.082001380426619086e+00,1.477744529349137803e+00,3.472125734084028803e+00,1.274047686128687573e+00,8.500000000000000611e-02,3.000000000000000000e+00,4.767840060099503025e+06
-6.591834347240260961e+00,1.445890951013363290e+00,2.761204568871650444e+00,1.051397545716973081e+00,8.500000000000000611e-02,3.000000000000000000e+00,4.767840060099503025e+06
-6.365423606400478995e+00,1.802605386820365307e+00,2.911587038943161065e+00,1.094803205589489403e+00,8.500000000000000611e-02,3.000000000000000000e+00,4.767840060099503025e+06
-6.518362346195194945e+00,1.716639073049638142e+00,3.083009579056066762e+00,1.226221136680200940e+00,8.500000000000000611e-02,3.000000000000000000e+00,4.767840060099503025e+06
-6.136556764655219709e+00,1.121892098660592474e+00,1.955627617517971650e+00,1.038028058734470793e+00,8.500000000000000611e-02,3.000000000000000000e+00,4.767840060099503025e+06
-6.304957694371076116e+00,1.037844293043235222e+00,1.972302118127557957e+00,9.565756334548149997e-01,8.500000000000000611e-02,3.000000000000000000e+00,4.767840060099503025e+06
-6.272643573334902634e+00,1.088871721234858203e+00,1.951148610838467023e+00,9.272043346344834847e-01,8.500000000000000611e-02,3.000000000000000000e+00,4.767840060099503025e+06
-5.839615678144260968e+00,1.422321299038980191e+00,1.686308349730342382e+00,7.617457817746413617e-01,8.500000000000000611e-02,3.000000000000000000e+00,4.767840060099503025e+06
-6.158292004410921727e+00,1.329452865983788312e+00,2.229386092411079989e+00,1.118125641767262035e+00,8.500000000000000611e-02,3.000000000000000000e+00,4.767840060099503025e+06
-5.972414298514228115e+00,9.714196339766472121e-01,1.730660845878652099e+00,1.137399198280562906e+00,8.500000000000000611e-02,3.000000000000000000e+00,4.767840060099503025e+06
-5.959615792841109538e+00,1.860170474931555518e+00,2.347364381871840155e+00,8.867462038346354269e-01,8.500000000000000611e-02,3.000000000000000000e+00,4.767840060099503025e+06
-5.696421225438392355e+00,1.618694307643874231e+00,2.019715207095123866e+00,1.096284307724486595e+00,8.500000000000000611e-02,3.000000000000000000e+00,4.767840060099503025e+06
-5.269889271121090957e+00,8.709926992658489908e-01,7.472718655348413730e-01,9.909935919506045465e-01,8.500000000000000611e-02,3.000000000000000000e+00,4.767840060099503025e+06
-5.249135680838535656e+00,1.304810283836462581e+00,1.126123189136319258e+00,9.704987726799181313e-01,8.500000000000000611e-02,3.000000000000000000e+00,4.767840060099503025e+06
-5.613691898177366468e+00,1.696817981139376430e+00,1.911176420472762594e+00,1.002125373352958038e+00,8.500000000000000611e-02,3.000000000000000000e+00,4.767840060099503025e+06
-5.256793296078473787e+00,1.962776561573471135e+00,1.617926852049713204e+00,8.247404357590446544e-01,8.500000000000000611e-02,3.000000000000000000e+00,4.767840060099503025e+06
-5.909489897915318757e+00,2.843315770470992376e+00,3.181910834929063014e+00,7.910267362882908992e-01,8.500000000000000611e-02,3.000000000000000000e+00,4.767840060099503025e+06
-6.182744564815688015e+00,2.629724996668812320e+00,3.381337647478060759e+00,9.655651828463680530e-01,8.500000000000000611e-02,3.000000000000000000e+00,4.767840060099503025e+06
-6.350467772831611235e+00,2.711653129444652421e+00,3.967490659062860470e+00,1.333688399250544832e+00,8.500000000000000611e-02,3.000000000000000000e+00,4.767840060099503025e+06
-6.180438974803424301e+00,2.602951264727018099e+00,3.562959477635705419e+00,1.177067215624791441e+00,8.500000000000000611e-02,3.000000000000000000e+00,4.767840060099503025e+06
-6.047101770129296838e+00,2.571013104126117721e+00,3.221807340274637887e+00,9.972922154753154356e-01,8.500000000000000611e-02,3.000000000000000000e+00,4.767840060099503025e+06
-6.108818739897492023e+00,2.817254840987579723e+00,3.565827241694597749e+00,1.015248256156172868e+00,8.500000000000000611e-02,3.000000000000000000e+00,4.767840060099503025e+06
-6.107848466880557936e+00,2.824385958207488834e+00,3.570713899192452079e+00,1.014097871796079797e+00,8.500000000000000611e-02,3.000000000000000000e+00,4.767840060099503025e+06
-6.108445153223549973e+00,2.906893154696490900e+00,3.590715150728361227e+00,9.437279946864411961e-01,8.500000000000000611e-02,3.000000000000000000e+00,4.767840060099503025e+06
-5.726516800869682733e+00,2.944500744582459806e+00,2.939544295589297196e+00,6.070600034250153154e-01,8.500000000000000611e-02,3.000000000000000000e+00,4.767840060099503025e+06
-5.598259236277402628e+00,2.708855254175732696e+00,2.586094039811567491e+00,6.187910983281186272e-01,8.500000000000000611e-02,3.000000000000000000e+00,4.767840060099503025e+06
-5.664713643388675557e+00,2.980082421235718648e+00,2.909946590687321866e+00,5.998472418980929088e-01,8.500000000000000611e-02,3.000000000000000000e+00,4.767840060099503025e+06
-5.664713643388675557e+00,2.980082421235718648e+00,2.909946590687321866e+00,5.998472418980929088e-01,8.500000000000000611e-02,3.000000000000000000e+00,4.767840060099503025e+06
-5.887239359303347186e+00,2.304674241522303824e+00,2.606837339549847421e+00,7.808215458018877841e-01,8.500000000000000611e-02,3.000000000000000000e+00,4.767840060099503025e+06
-5.816536198776974587e+00,2.053873926948002193e+00,2.495442757606232576e+00,1.028345758569808366e+00,8.500000000000000611e-02,3.000000000000000000e+00,4.767840060099503025e+06
-5.907882337619260404e+00,1.918611152340404136e+00,2.124660883078355766e+00,5.909067173546749263e-01,8.500000000000000611e-02,3.000000000000000000e+00,4.767840060099503025e+06
-5.859265422442141436e+00,1.880205417956597902e+00,1.877649104644334432e+00,4.174631330314209077e-01,8.500000000000000611e-02,3.000000000000000000e+00,4.767840060099503025e+06
-5.892496435273507416e+00,2.174695819494180338e+00,2.449067879199874120e+00,7.192416563295850329e-01,8.500000000000000611e-02,3.000000000000000000e+00,4.767840060099503025e+06
-5.309594073638430167e+00,1.891212091850742461e+00,1.412544392599293319e+00,4.881354936457465987e-01,8.500000000000000611e-02,3.000000000000000000e+00,4.767840060099503025e+06
-5.168361280026375404e+00,2.571803218240726441e+00,2.008451521921590377e+00,6.125051248080783939e-01,8.500000000000000611e-02,3.000000000000000000e+00,4.767840060099503025e+06
-5.460425137087737468e+00,2.561644943555801301e+00,2.294675624251087953e+00,6.022214042516020882e-01,8.500000000000000611e-02,3.000000000000000000e+00,4.767840060099503025e+06
-5.444924824654199469e+00,2.735860933015555219e+00,2.491336252864418288e+00,6.706015364982375049e-01,8.500000000000000611e-02,3.000000000000000000e+00,4.767840060099503025e+06
-5.593376782710027584e+00,2.064382534412302128e+00,1.859823619166780517e+00,5.049526783469054925e-01,8.500000000000000611e-02,3.000000000000000000e+00,4.767840060099503025e+06
-6.644294273714310251e+00,2.742480389573853650e+00,3.708944235468147443e+00,6.172125191576538494e-01,8.500000000000000611e-02,3.000000000000000000e+00,4.767840060099503025e+06
-6.264565448375229550e+00,2.491029519488915156e+00,2.884467269066797623e+00,3.469543056242688772e-01,8.500000000000000611e-02,3.000000000000000000e+00,4.767840060099503025e+06
-6.048094093768241031e+00,2.585426778812487392e+00,2.982892845646450741e+00,6.380726811265828857e-01,8.500000000000000611e-02,3.000000000000000000e+00,4.767840060099503025e+06
-6.210208871433370525e+00,2.776929707744548281e+00,3.171263233007712401e+00,4.159086692028831078e-01,8.500000000000000611e-02,3.000000000000000000e+00,4.767840060099503025e+06
-6.142056275226767781e+00,2.613730711058300571e+00,2.933664328600686932e+00,3.929168236812149440e-01,8.500000000000000611e-02,3.000000000000000000e+00,4.767840060099503025e+06
-5.846925887685595846e+00,2.707415905915993015e+00,2.795280945759476054e+00,4.979822525839251446e-01,8.500000000000000611e-02,3.000000000000000000e+00,4.767840060099503025e+06
-6.056611952587132919e+00,2.352990262460809667e+00,2.377999146962648247e+00,2.873471480427830516e-01,8.500000000000000611e-02,3.000000000000000000e+00,4.767840060099503025e+06
-6.139246919750302567e+00,2.328126988737318825e+00,2.899671947834860930e+00,8.142586832873460745e-01,8.500000000000000611e-02,3.000000000000000000e+00,4.767840060099503025e+06
-6.087133008601218087e+00,2.535901911266382314e+00,2.774496843081636577e+00,2.388000356909509847e-01,8.500000000000000611e-02,3.000000000000000000e+00,4.767840060099503025e+06
-5.927575163353163923e+00,2.380376813519153423e+00,2.140121542739786609e+00,-2.310505138403600167e-01,8.500000000000000611e-02,3.000000000000000000e+00,4.767840060099503025e+06
-5.955984414706295027e+00,2.373862933452119073e+00,2.150404883325309768e+00,-2.434913588863526490e-01,8.500000000000000611e-02,3.000000000000000000e+00,4.767840060099503025e+06
-5.948989456027961253e+00,2.319257271281756960e+00,2.117869269095610019e+00,-2.034253620825914322e-01,8.500000000000000611e-02,3.000000000000000000e+00,4.767840060099503025e+06
-5.248941951212389156e+00,1.859283707579141076e+00,1.174450664251228460e+00,3.479133310231274923e-01,8.500000000000000611e-02,3.000000000000000000e+00,4.767840060099503025e+06
-5.298598701513324905e+00,1.643657597364718281e+00,1.100147925150506190e+00,4.968373227334024755e-01,8.500000000000000611e-02,3.000000000000000000e+00,4.767840060099503025e+06
-5.346608625121451297e+00,1.533459050211013919e+00,1.053987594804050465e+00,5.047978535138862854e-01,8.500000000000000611e-02,3.000000000000000000e+00,4.767840060099503025e+06
-5.445201457724492933e+00,1.613556842210477571e+00,1.251295125405403663e+00,5.445866097032436848e-01,8.500000000000000611e-02,3.000000000000000000e+00,4.767840060099503025e+06
-5.552746981362565393e+00,1.058282102317035456e+00,9.014053912457491435e-01,6.832358993002328740e-01,8.500000000000000611e-02,3.000000000000000000e+00,4.767840060099503025e+06
-5.666110803933005258e+00,1.420407071806920385e+00,1.353734372886793214e+00,6.195479664732036484e-01,8.500000000000000611e-02,3.000000000000000000e+00,4.767840060099503025e+06
-5.642894970587147618e+00,1.549262231065714701e+00,1.342325715567177502e+00,4.513543299796315411e-01,8.500000000000000611e-02,3.000000000000000000e+00,4.767840060099503025e+06
-5.477703851223601816e+00,1.939449433301375869e+00,1.471547223657555747e+00,3.406487414735538954e-01,8.500000000000000611e-02,3.000000000000000000e+00,4.767840060099503025e+06
-5.967338614503659322e+00,2.344462485620144143e+00,2.313103678315921563e+00,2.471495883409008387e-01,8.500000000000000611e-02,3.000000000000000000e+00,4.767840060099503025e+06
-5.917396536210490332e+00,2.139324011643950030e+00,2.125770484846397412e+00,3.068378605302286566e-01,8.500000000000000611e-02,3.000000000000000000e+00,4.767840060099503025e+06
-5.928919501470526043e+00,1.866760018095195761e+00,2.191541586575406431e+00,7.582975729319864078e-01,8.500000000000000611e-02,3.000000000000000000e+00,4.767840060099503025e+06
-6.231182494704541774e+00,1.900346131172147679e+00,2.444416207606645131e+00,6.461546525453214507e-01,8.500000000000000611e-02,3.000000000000000000e+00,4.767840060099503025e+06
-5.984810554444283781e+00,1.258062067567303322e+00,1.510867235927964014e+00,6.013269111788644983e-01,8.500000000000000611e-02,3.000000000000000000e+00,4.767840060099503025e+06
-5.825278875147853697e+00,1.650963164237491787e+00,1.691449538861256929e+00,4.864230025288661663e-01,8.500000000000000611e-02,3.000000000000000000e+00,4.767840060099503025e+06
-5.766292755572966833e+00,1.767736830120527403e+00,1.728922309954326941e+00,4.852953303796582740e-01,8.500000000000000611e-02,3.000000000000000000e+00,4.767840060099503025e+06
-5.616287833616596892e+00,2.071853213029537066e+00,1.759024597411408708e+00,3.196907986868865459e-01,8.500000000000000611e-02,3.000000000000000000e+00,4.767840060099503025e+06
-6.062085062559307680e+00,1.641416697002346048e+00,1.793686206960816820e+00,3.390290521952341596e-01,8.500000000000000611e-02,3.000000000000000000e+00,4.767840060099503025e+06
-6.014967594935874295e+00,1.629243965400722027e+00,1.757732369981043874e+00,3.550918642813224446e-01,8.500000000000000611e-02,3.000000000000000000e+00,4.767840060099503025e+06
-5.976728614556876096e+00,1.843818016645776048e+00,1.951218199452572577e+00,3.850947667354877590e-01,8.500000000000000611e-02,3.000000000000000000e+00,4.767840060099503025e+06
-5.917072735846763187e+00,2.191313794685551208e+00,2.372320960017053615e+00,6.151397054993114066e-01,8.500000000000000611e-02,3.000000000000000000e+00,4.767840060099503025e+06
-6.063017944538416693e+00,2.257439653786035727e+00,2.280889717592740062e+00,2.572622169797916802e-01,8.500000000000000611e-02,3.000000000000000000e+00,4.767840060099503025e+06
-5.751142814677610460e+00,1.256052389790990986e+00,1.307507257887187802e+00,5.758971675113594424e-01,8.500000000000000611e-02,3.000000000000000000e+00,4.767840060099503025e+06
-5.665241677976450951e+00,2.070174061934806353e+00,2.021418279834514831e+00,6.138641643960621730e-01,8.500000000000000611e-02,3.000000000000000000e+00,4.767840060099503025e+06
-5.277538695859743001e+00,2.756045770777580284e+00,2.228958570516230253e+00,5.091554929097427129e-01,8.500000000000000611e-02,3.000000000000000000e+00,4.767840060099503025e+06
-5.323938279333183310e+00,2.997284209278956890e+00,2.544249339074150740e+00,5.527524671990140526e-01,8.500000000000000611e-02,3.000000000000000000e+00,4.767840060099503025e+06
-5.323938279333183310e+00,2.997284209278956890e+00,2.544249339074150740e+00,5.527524671990140526e-01,8.500000000000000611e-02,3.000000000000000000e+00,4.767840060099503025e+06
-5.596521308736051026e+00,2.914429179710048334e+00,2.762514932529435363e+00,5.751302412946728282e-01,8.500000000000000611e-02,3.000000000000000000e+00,4.767840060099503025e+06
-5.565941136165226233e+00,2.985448056978428966e+00,2.798757452754102815e+00,5.710104880317123932e-01,8.500000000000000611e-02,3.000000000000000000e+00,4.767840060099503025e+06
-5.627186116865743770e+00,2.982761306336701779e+00,2.867604819405324079e+00,5.907906106461803253e-01,8.500000000000000611e-02,3.000000000000000000e+00,4.767840060099503025e+06
-5.632743915624359943e+00,2.997511391818831417e+00,2.885155233545295239e+00,5.887062927244435251e-01,8.500000000000000611e-02,3.000000000000000000e+00,4.767840060099503025e+06
-5.632743915624359943e+00,2.997511391818831417e+00,2.885155233545295239e+00,5.887062927244435251e-01,8.500000000000000611e-02,3.000000000000000000e+00,4.767840060099503025e+06
-5.556685603781387428e+00,2.753337189935025187e+00,2.623091459970924966e+00,6.538714912215481956e-01,8.500000000000000611e-02,3.000000000000000000e+00,4.767840060099503025e+06
-5.362194880639568950e+00,2.989187996918786006e+00,2.430462600311201093e+00,3.884556042871106785e-01,8.500000000000000611e-02,3.000000000000000000e+00,4.767840060099503025e+06
-5.363988068535169518e+00,2.697720972756449953e+00,2.333511221742267772e+00,6.036703324926662173e-01,8.500000000000000611e-02,3.000000000000000000e+00,4.767840060099503025e+06
-5.195855808169671519e+00,2.695832391870530031e+00,2.016916997521863486e+00,4.418416323596466855e-01,8.500000000000000611e-02,3.000000000000000000e+00,4.767840060099503025e+06
-5.328109536717648531e+00,2.279588375264790301e+00,1.693234817225038658e+00,3.404948213127940715e-01,8.500000000000000611e-02,3.000000000000000000e+00,4.767840060099503025e+06
-4.962945874783366129e+00,2.305445080743581343e+00,1.299459024001517360e+00,2.549704996862742212e-01,8.500000000000000611e-02,3.000000000000000000e+00,4.767840060099503025e+06
-4.822881254353839076e+00,2.237090047051395469e+00,1.021810791317888434e+00,1.673678369338695848e-01,8.500000000000000611e-02,3.000000000000000000e+00,4.767840060099503025e+06
-4.969748717391482273e+00,2.179304374186466386e+00,1.193043453875622495e+00,3.021492195405958148e-01,8.500000000000000611e-02,3.000000000000000000e+00,4.767840060099503025e+06
-5.350791926035192603e+00,2.062502541846089610e+00,1.573256457616819537e+00,4.355933852703216536e-01,8.500000000000000611e-02,3.000000000000000000e+00,4.767840060099503025e+06
-4.938818359035270333e+00,1.804922593646414164e+00,8.767904314171415248e-01,4.276187900048247226e-01,8.500000000000000611e-02,3.000000000000000000e+00,4.767840060099503025e+06
-5.361855819429617753e+00,2.338527666778215774e+00,1.783933070662113929e+00,3.441411859507912951e-01,8.500000000000000611e-02,3.000000000000000000e+00,4.767840060099503025e+06
-5.259950490301973147e+00,2.117255556502363856e+00,1.353154600017675069e+00,1.949220122274857303e-01,8.500000000000000611e-02,3.000000000000000000e+00,4.767840060099503025e+06
-5.208330290567575460e+00,2.206033066251277486e+00,1.375015476199557884e+00,1.773302946665955560e-01,8.500000000000000611e-02,3.000000000000000000e+00,4.767840060099503025e+06
-4.891113559811635092e+00,2.096190187643786285e+00,9.301401551282870717e-01,1.742892160060584561e-01,8.500000000000000611e-02,3.000000000000000000e+00,4.767840060099503025e+06
-4.768090718489199631e+00,1.921222201280984088e+00,6.551288492697602273e-01,2.203957712527524482e-01,8.500000000000000611e-02,3.000000000000000000e+00,4.767840060099503025e+06
-5.514304180481104822e+00,1.385436987762493466e+00,1.098892107233695459e+00,4.350282577501758396e-01,8.500000000000000611e-02,3.000000000000000000e+00,4.767840060099503025e+06
-5.924520922413809565e+00,9.953855842982795021e-01,1.089247079171598909e+00,3.407344195251270080e-01,8.500000000000000611e-02,3.000000000000000000e+00,4.767840060099503025e+06
-5.738163905814921861e+00,8.173509429103362756e-01,1.105339302244812583e+00,8.277651613973517897e-01,8.500000000000000611e-02,3.000000000000000000e+00,4.767840060099503025e+06
-5.908468848700935361e+00,9.708548020647216337e-01,1.360208215176640367e+00,7.710726328185684153e-01,8.500000000000000611e-02,3.000000000000000000e+00,4.767840060099503025e+06
-5.923267351518131107e+00,1.050144474175511045e+00,1.462023229032138660e+00,8.149641992048792805e-01,8.500000000000000611e-02,3.000000000000000000e+00,4.767840060099503025e+06
-5.920674791563925510e+00,1.046305927722916085e+00,1.469942939955781291e+00,8.292880654938802332e-01,8.500000000000000611e-02,3.000000000000000000e+00,4.767840060099503025e+06
-5.947558040917139799e+00,9.228451187004151901e-01,1.325495758139199953e+00,7.548816391816431937e-01,8.500000000000000611e-02,3.000000000000000000e+00,4.767840060099503025e+06
-6.287159147648779367e+00,6.964724381524374230e-01,1.482060337504501613e+00,7.560033135208111821e-01,8.500000000000000611e-02,3.000000000000000000e+00,4.767840060099503025e+06
-6.361574870566035322e+00,1.019707368159530114e+00,1.944000973738702953e+00,8.509027462757106086e-01,8.500000000000000611e-02,3.000000000000000000e+00,4.767840060099503025e+06
-6.085214810495545912e+00,8.421152169332475346e-01,1.472896857560364037e+00,8.137849163537084207e-01,8.500000000000000611e-02,3.000000000000000000e+00,4.767840060099503025e+06
-6.147246291105757265e+00,9.878695741055580903e-01,1.694827029667443696e+00,8.562886804165356081e-01,8.500000000000000611e-02,3.000000000000000000e+00,4.767840060099503025e+06
-5.991741344031227712e+00,7.993655744223933102e-01,1.153876224070484513e+00,6.357237337070285044e-01,8.500000000000000611e-02,3.000000000000000000e+00,4.767840060099503025e+06
-6.173916541017041126e+00,9.847317492188734089e-01,1.798927558343389244e+00,9.636651757711336419e-01,8.500000000000000611e-02,3.000000000000000000e+00,4.767840060099503025e+06
-5.699209148557802251e+00,1.166768210315448862e+00,1.316770382898546643e+00,7.782782461638581006e-01,8.500000000000000611e-02,3.000000000000000000e+00,4.767840060099503025e+06
-5.248572263355536727e+00,1.069354925246269961e+00,6.637853518746611448e-01,6.513617984752637646e-01,8.500000000000000611e-02,3.000000000000000000e+00,4.767840060099503025e+06
-4.975900608544847614e+00,1.314978026461795624e+00,3.652543124898871008e-01,4.226489195765742446e-01,8.500000000000000611e-02,3.000000000000000000e+00,4.767840060099503025e+06
-5.078267153781712118e+00,1.945157040333447274e+00,1.112259380913884543e+00,4.136996186567729605e-01,8.500000000000000611e-02,3.000000000000000000e+00,4.767840060099503025e+06
-5.233699096726148525e+00,1.644717685058086243e+00,1.025896622859940432e+00,4.597368847260328573e-01,8.500000000000000611e-02,3.000000000000000000e+00,4.767840060099503025e+06
-5.846235537588631459e+00,1.864898160459330878e+00,2.136972272755504942e+00,8.298606914453002803e-01,8.500000000000000611e-02,3.000000000000000000e+00,4.767840060099503025e+06
-5.964664340624890038e+00,1.630080379575227223e+00,2.122401427806501761e+00,9.446850907642243556e-01,8.500000000000000611e-02,3.000000000000000000e+00,4.767840060099503025e+06
-5.365569294263279332e+00,9.735278155370963304e-01,5.564145457377764892e-01,4.852496631664184878e-01,8.500000000000000611e-02,3.000000000000000000e+00,4.767840060099503025e+06
-5.344777566551111470e+00,9.221268741247683476e-01,4.682852698836195149e-01,4.635317245035543987e-01,8.500000000000000611e-02,3.000000000000000000e+00,4.767840060099503025e+06
-5.463986183474239589e+00,1.061789632867088606e+00,7.858703858084958860e-01,5.604791646166099595e-01,8.500000000000000611e-02,3.000000000000000000e+00,4.767840060099503025e+06
-5.604732827371756265e+00,1.656176527010832178e+00,1.649891837647893489e+00,7.401037015728459956e-01,8.500000000000000611e-02,3.000000000000000000e+00,4.767840060099503025e+06
-5.665212982900985850e+00,2.175044681569281657e+00,1.829777047740588802e+00,9.837307706527553819e-02,8.500000000000000611e-02,3.000000000000000000e+00,4.767840060099503025e+06
-5.774850032538049405e+00,2.206435967758734851e+00,2.025611109561622936e+00,1.850638371723177800e-01,8.500000000000000611e-02,3.000000000000000000e+00,4.767840060099503025e+06
-5.662870486682040294e+00,2.159254143946387927e+00,1.878809500125518284e+00,2.270233413653331422e-01,8.500000000000000611e-02,3.000000000000000000e+00,4.767840060099503025e+06
-5.674807029447011431e+00,1.813721738134590478e+00,1.542603564381176628e+00,1.678683835369325084e-01,8.500000000000000611e-02,3.000000000000000000e+00,4.767840060099503025e+06
-5.526329839292103863e+00,1.440840821489159929e+00,9.828953714546011522e-01,1.061944820340437468e-01,8.500000000000000611e-02,3.000000000000000000e+00,4.767840060099503025e+06
-5.526329839292103863e+00,1.440840821489159929e+00,9.828953714546011522e-01,1.061944820340437468e-01,8.500000000000000611e-02,3.000000000000000000e+00,4.767840060099503025e+06
-5.550234589751261716e+00,1.567471326018085254e+00,1.140687668408099098e+00,1.279067589215757694e-01,8.500000000000000611e-02,3.000000000000000000e+00,4.767840060099503025e+06
-5.412925988791704057e+00,1.560767289698022697e+00,1.104529630075102853e+00,3.872802899412646216e-01,8.500000000000000611e-02,3.000000000000000000e+00,4.767840060099503025e+06
-4.983137985801595171e+00,1.604016396145906409e+00,6.062072961274775906e-01,2.287781253571079532e-01,8.500000000000000611e-02,3.000000000000000000e+00,4.767840060099503025e+06
-5.094195578683594405e+00,2.143338979187079829e+00,1.371471868446024089e+00,4.098454761352446907e-01,8.500000000000000611e-02,3.000000000000000000e+00,4.767840060099503025e+06
-5.228908020523529210e+00,1.505799682610239776e+00,9.311717078677528292e-01,4.964220526863374339e-01,8.500000000000000611e-02,3.000000000000000000e+00,4.767840060099503025e+06
-5.539414546322791288e+00,9.776058529818072440e-01,7.229368850144888281e-01,4.595026834320791176e-01,8.500000000000000611e-02,3.000000000000000000e+00,4.767840060099503025e+06
-5.651018780360552718e+00,1.114291706245139846e+00,1.105489005473633268e+00,6.411825582580070737e-01,8.500000000000000611e-02,3.000000000000000000e+00,4.767840060099503025e+06
-5.848137951799345480e+00,8.246307102336600803e-01,1.037097672750126875e+00,6.449728620586320238e-01,8.500000000000000611e-02,3.000000000000000000e+00,4.767840060099503025e+06
-5.772834729563769862e+00,8.859506150480087605e-01,1.019828812910751115e+00,6.502611782464609025e-01,8.500000000000000611e-02,3.000000000000000000e+00,4.767840060099503025e+06
-5.876201958967126160e+00,1.091013662962460939e+00,1.401975309519678525e+00,7.109751990493269336e-01,8.500000000000000611e-02,3.000000000000000000e+00,4.767840060099503025e+06
-5.059399154539197419e+00,5.257636544649106902e-01,1.110116497037219041e-01,7.649887277669220609e-01,8.500000000000000611e-02,3.000000000000000000e+00,4.767840060099503025e+06
-4.972719549682155460e+00,3.490432742489191220e-01,-1.160774615726034575e-01,7.745477954696056155e-01,8.500000000000000611e-02,3.000000000000000000e+00,4.767840060099503025e+06
-5.039385028574551839e+00,5.366984706365947044e-01,4.134598248796561570e-01,1.116163491263869822e+00,8.500000000000000611e-02,3.000000000000000000e+00,4.767840060099503025e+06
-4.813622426494047701e+00,3.818281591502026284e-01,1.343311801307311981e-03,1.067873104520765892e+00,8.500000000000000611e-02,3.000000000000000000e+00,4.767840060099503025e+06
-5.525175154937316258e+00,1.887014949198132285e+00,1.435643988282589323e+00,2.739849328380611904e-01,8.500000000000000611e-02,3.000000000000000000e+00,4.767840060099503025e+06
-5.478225045354466971e+00,2.058625494335509565e+00,1.553497958138700952e+00,2.768527341065114555e-01,8.500000000000000611e-02,3.000000000000000000e+00,4.767840060099503025e+06
-5.425049113524639921e+00,2.274184669442088413e+00,1.650060582579214952e+00,2.495528322878804162e-01,8.500000000000000611e-02,3.000000000000000000e+00,4.767840060099503025e+06
-5.569600289381437364e+00,2.247593114198274122e+00,1.842949896316708580e+00,3.194833051511232758e-01,8.500000000000000611e-02,3.000000000000000000e+00,4.767840060099503025e+06
-6.019561373051407926e+00,2.408193077305084362e+00,2.482176346490596597e+00,3.409301848624205489e-01,8.500000000000000611e-02,3.000000000000000000e+00,4.767840060099503025e+06
-5.916720478481537704e+00,1.950687612982784369e+00,2.103321924144585076e+00,5.664613172954100495e-01,8.500000000000000611e-02,3.000000000000000000e+00,4.767840060099503025e+06
-5.710020599548606413e+00,2.039223335021712380e+00,1.899140033013986040e+00,4.621855107160788845e-01,8.500000000000000611e-02,3.000000000000000000e+00,4.767840060099503025e+06
-5.754240780001525835e+00,1.951185008213109029e+00,1.848062897622116285e+00,4.215083423655857642e-01,8.500000000000000611e-02,3.000000000000000000e+00,4.767840060099503025e+06
-5.711834305925290955e+00,2.126657216979349840e+00,1.878968647509691614e+00,2.728585589026407687e-01,8.500000000000000611e-02,3.000000000000000000e+00,4.767840060099503025e+06
-5.738090898111233074e+00,2.019978355784507684e+00,1.845627755701417572e+00,3.296944449221002049e-01,8.500000000000000611e-02,3.000000000000000000e+00,4.767840060099503025e+06
-5.008816492309517088e+00,1.638791878593980345e+00,7.878836069841836931e-01,4.530334798938212559e-01,8.500000000000000611e-02,3.000000000000000000e+00,4.767840060099503025e+06
-4.938312569155633547e+00,1.798803846802169870e+00,9.533038053902547215e-01,5.664717996481132278e-01,8.500000000000000611e-02,3.000000000000000000e+00,4.767840060099503025e+06
-4.765671490574574065e+00,1.871303680738017672e+00,8.307081492703070058e-01,5.626459202938862703e-01,8.500000000000000611e-02,3.000000000000000000e+00,4.767840060099503025e+06
-4.741923205289737098e+00,1.678032745347374455e+00,6.187178690519958835e-01,5.896232027772195794e-01,8.500000000000000611e-02,3.000000000000000000e+00,4.767840060099503025e+06
-4.583530171036665379e+00,1.675877557959935205e+00,4.151326576220765729e-01,5.189367424111843707e-01,8.500000000000000611e-02,3.000000000000000000e+00,4.767840060099503025e+06
-4.785496247574249296e+00,1.366536510527389225e+00,2.892134548211737766e-01,4.789080305146574679e-01,8.500000000000000611e-02,3.000000000000000000e+00,4.767840060099503025e+06
-5.079777755259695660e+00,1.805470095993886970e+00,1.004588113598670507e+00,4.354764725219705812e-01,8.500000000000000611e-02,3.000000000000000000e+00,4.767840060099503025e+06
-4.384116715425856015e+00,1.643688672840551313e+00,4.124182060408514428e-01,8.437360268784256379e-01,8.500000000000000611e-02,3.000000000000000000e+00,4.767840060099503025e+06
-4.730651624589873094e+00,1.509935768341799101e+00,6.252980187795356137e-01,7.945269166003349204e-01,8.500000000000000611e-02,3.000000000000000000e+00,4.767840060099503025e+06
-5.148514774133724714e+00,1.853364879712638968e+00,1.361761288742892040e+00,7.570564951127506381e-01,8.500000000000000611e-02,3.000000000000000000e+00,4.767840060099503025e+06
-5.501593606410053461e+00,1.970035403021746179e+00,1.795746535456260062e+00,7.201628951495407938e-01,8.500000000000000611e-02,3.000000000000000000e+00,4.767840060099503025e+06
-5.844936973573334527e+00,1.361538767494591573e+00,1.427349987605069481e+00,5.046188334494210448e-01,8.500000000000000611e-02,3.000000000000000000e+00,4.767840060099503025e+06
-5.979896472581351041e+00,1.088154009656790322e+00,1.441656220803634758e+00,6.702027580346605617e-01,8.500000000000000611e-02,3.000000000000000000e+00,4.767840060099503025e+06
-6.158899833296655579e+00,9.243207868560892049e-01,1.476818858537283896e+00,6.919772543118098973e-01,8.500000000000000611e-02,3.000000000000000000e+00,4.767840060099503025e+06
-5.973002159819838397e+00,9.472624908040132574e-01,1.427650513112088237e+00,8.104051087170893730e-01,8.500000000000000611e-02,3.000000000000000000e+00,4.767840060099503025e+06
-5.794163857732955947e+00,1.168944024646150215e+00,1.421788506097040772e+00,7.943011056715283402e-01,8.500000000000000611e-02,3.000000000000000000e+00,4.767840060099503025e+06
-5.778778363072119006e+00,2.281277606588644424e+00,2.112239247794850172e+00,3.697253755566942690e-01,8.500000000000000611e-02,3.000000000000000000e+00,4.767840060099503025e+06
-5.492014530279398343e+00,1.170027806576292129e+00,1.029733197303045245e+00,7.076670643516064230e-01,8.500000000000000611e-02,3.000000000000000000e+00,4.767840060099503025e+06
-5.482671761042964498e+00,1.230651601557844588e+00,9.638802561616898190e-01,5.897656167134555094e-01,8.500000000000000611e-02,3.000000000000000000e+00,4.767840060099503025e+06
-5.416751390368719221e+00,1.367983604344318760e+00,1.013483310584209374e+00,5.697363736843116255e-01,8.500000000000000611e-02,3.000000000000000000e+00,4.767840060099503025e+06
-5.630035892118072205e+00,1.318898132934748890e+00,1.430471135972309904e+00,8.594116059760981141e-01,8.500000000000000611e-02,3.000000000000000000e+00,4.767840060099503025e+06
-5.886214445588207944e+00,2.249734773782080310e+00,2.341015184438809626e+00,5.020528298193459582e-01,8.500000000000000611e-02,3.000000000000000000e+00,4.767840060099503025e+06
-5.747800264792799041e+00,2.282152751119032708e+00,2.224206434753046580e+00,4.980818370797243655e-01,8.500000000000000611e-02,3.000000000000000000e+00,4.767840060099503025e+06
-6.157986963138776026e+00,2.148534841424319719e+00,2.809918645966226869e+00,8.784256693513908809e-01,8.500000000000000611e-02,3.000000000000000000e+00,4.767840060099503025e+06
-6.195444555257854979e+00,2.134100053042581546e+00,2.852498518569826835e+00,9.026314774249752926e-01,8.500000000000000611e-02,3.000000000000000000e+00,4.767840060099503025e+06
-5.782631336661418153e+00,2.042826834852141893e+00,2.350844952492432416e+00,8.968932918674094035e-01,8.500000000000000611e-02,3.000000000000000000e+00,4.767840060099503025e+06
-5.607616919765044727e+00,2.192443604281651304e+00,2.048724178312960831e+00,6.167573010912308362e-01,8.500000000000000611e-02,3.000000000000000000e+00,4.767840060099503025e+06
-5.634900242990986463e+00,1.938948782906967150e+00,1.998600199292033031e+00,7.452339043762146176e-01,8.500000000000000611e-02,3.000000000000000000e+00,4.767840060099503025e+06
-5.044546821948205029e+00,1.235850364862036255e+00,3.852254653888698144e-01,3.933981915903408955e-01,8.500000000000000611e-02,3.000000000000000000e+00,4.767840060099503025e+06
-5.000913916235329992e+00,1.066124159583306197e+00,2.128534849794105899e-01,4.547089338838730121e-01,8.500000000000000611e-02,3.000000000000000000e+00,4.767840060099503025e+06
-4.317373210272311468e+00,9.549953738801751912e-01,-7.797699536434310463e-01,2.353099200768931087e-01,8.500000000000000611e-02,3.000000000000000000e+00,4.767840060099503025e+06
-4.886056495238007891e+00,1.444563204220679076e+00,4.769051869443697855e-01,4.705889743586028073e-01,8.500000000000000611e-02,3.000000000000000000e+00,4.767840060099503025e+06
-4.771294736743155518e+00,1.363899619124506080e+00,2.587802831842997975e-01,4.389171654706575110e-01,8.500000000000000611e-02,3.000000000000000000e+00,4.767840060099503025e+06
-4.842858040008594323e+00,9.256812549252159128e-01,-1.333824745660501243e-01,3.845660164875476239e-01,8.500000000000000611e-02,3.000000000000000000e+00,4.767840060099503025e+06
-5.312066275258009007e+00,7.670462569304836720e-01,4.356038027795856027e-01,6.364753807362657501e-01,8.500000000000000611e-02,3.000000000000000000e+00,4.767840060099503025e+06
-6.008445204574977438e+00,1.073287221072809938e+00,1.651700946019978078e+00,9.167741025934079691e-01,8.500000000000000611e-02,3.000000000000000000e+00,4.767840060099503025e+06
-5.822859345220331662e+00,1.154694808665530870e+00,1.578650748415970861e+00,9.693057670605198517e-01,8.500000000000000611e-02,3.000000000000000000e+00,4.767840060099503025e+06
-5.719774458328667599e+00,7.957494390808108609e-01,1.140674686288588369e+00,9.784522779436040096e-01,8.500000000000000611e-02,3.000000000000000000e+00,4.767840060099503025e+06
-5.663682542696734323e+00,9.885248320138027012e-01,1.210442380207935376e+00,8.907147540351185722e-01,8.500000000000000611e-02,3.000000000000000000e+00,4.767840060099503025e+06
-5.528789002109425255e+00,6.424119848520919440e-01,9.266080118583723824e-01,1.069881764099198218e+00,8.500000000000000611e-02,3.000000000000000000e+00,4.767840060099503025e+06
-5.725679157276970521e+00,1.239811239928261699e+00,1.604225860979270113e+00,9.807612313176894414e-01,8.500000000000000611e-02,3.000000000000000000e+00,4.767840060099503025e+06
-5.634067706933486797e+00,8.309846795362515470e-01,1.192271916447542823e+00,1.038105949963861185e+00,8.500000000000000611e-02,3.000000000000000000e+00,4.767840060099503025e+06
-4.904469966750933274e+00,5.900649774011723636e-01,-1.002304020868187706e-01,6.861223731582519747e-01,8.500000000000000611e-02,3.000000000000000000e+00,4.767840060099503025e+06
-5.219849018815909680e+00,1.337113425463610339e+00,6.950186104348636817e-01,4.608814390607349765e-01,8.500000000000000611e-02,3.000000000000000000e+00,4.767840060099503025e+06
-5.386666286980961615e+00,1.147624520843732121e+00,8.874265241530812087e-01,6.651906071532176501e-01,8.500000000000000611e-02,3.000000000000000000e+00,4.767840060099503025e+06
-5.735239073870523008e+00,6.551343690229222139e-01,8.266850174244173566e-01,6.958348457276370969e-01,8.500000000000000611e-02,3.000000000000000000e+00,4.767840060099503025e+06
-5.808488079878104671e+00,8.164698573965534223e-01,1.218315430451457182e+00,8.906841555187177129e-01,8.500000000000000611e-02,3.000000000000000000e+00,4.767840060099503025e+06
-5.811623830699377713e+00,9.721713098299118450e-01,1.206398440364040869e+00,7.045415665172746200e-01,8.500000000000000611e-02,3.000000000000000000e+00,4.767840060099503025e+06
-5.813282945701049975e+00,9.507954937131850581e-01,1.134691140606790327e+00,6.191783473086260869e-01,8.500000000000000611e-02,3.000000000000000000e+00,4.767840060099503025e+06
-5.798042285688667974e+00,8.468445292935777857e-01,9.792486576360044381e-01,5.632938364950597077e-01,8.500000000000000611e-02,3.000000000000000000e+00,4.767840060099503025e+06
-5.974487369552818450e+00,1.206557680757997186e+00,1.674784858215205841e+00,8.026934732107551262e-01,8.500000000000000611e-02,3.000000000000000000e+00,4.767840060099503025e+06
-5.975796829200003657e+00,7.502956321952165553e-01,1.206673376288462496e+00,7.619700667434482488e-01,8.500000000000000611e-02,3.000000000000000000e+00,4.767840060099503025e+06
-5.929207762545823712e+00,8.363939045478760992e-01,1.282044619473282854e+00,7.793865358002849408e-01,8.500000000000000611e-02,3.000000000000000000e+00,4.767840060099503025e+06
-6.154549037661446675e+00,8.058035947469373017e-01,1.546263137865856674e+00,8.664071671580999556e-01,8.500000000000000611e-02,3.000000000000000000e+00,4.767840060099503025e+06
-6.167302891153084943e+00,6.996973995506473587e-01,1.566211458894015252e+00,9.666762779176267806e-01,8.500000000000000611e-02,3.000000000000000000e+00,4.767840060099503025e+06
-6.008509755845188316e+00,6.669875658894219850e-01,1.275084156852707373e+00,8.260394982959509136e-01,8.500000000000000611e-02,3.000000000000000000e+00,4.767840060099503025e+06
-6.207182655445873998e+00,6.061515002234894034e-01,1.567567680954387477e+00,9.866291945952709863e-01,8.500000000000000611e-02,3.000000000000000000e+00,4.767840060099503025e+06
-6.071510605798962956e+00,8.079812206518096618e-01,1.733646346870401533e+00,1.136755312203910684e+00,8.500000000000000611e-02,3.000000000000000000e+00,4.767840060099503025e+06
-6.066386375318252533e+00,1.205716467400729908e+00,1.891701528574815550e+00,9.961740897145034968e-01,8.500000000000000611e-02,3.000000000000000000e+00,4.767840060099503025e+06
-6.072341997688495141e+00,1.073455512121829214e+00,1.654235220615624113e+00,8.343698291163299530e-01,8.500000000000000611e-02,3.000000000000000000e+00,4.767840060099503025e+06
-5.975376279541548818e+00,1.031012917542625473e+00,1.284983421119219038e+00,5.288183784925409858e-01,8.500000000000000611e-02,3.000000000000000000e+00,4.767840060099503025e+06
-5.852753281688137577e+00,9.568292567481785360e-01,9.948561328391261060e-01,4.166719553036615231e-01,8.500000000000000611e-02,3.000000000000000000e+00,4.767840060099503025e+06
-5.945403537255048221e+00,1.078166151502052639e+00,1.328008674537713540e+00,5.652176817476056714e-01,8.500000000000000611e-02,3.000000000000000000e+00,4.767840060099503025e+06
-5.877264289611481729e+00,1.320169727056182740e+00,1.471600862255799669e+00,5.365489871755522167e-01,8.500000000000000611e-02,3.000000000000000000e+00,4.767840060099503025e+06
-6.265305086219386865e+00,1.335194188539985394e+00,1.894699558233112535e+00,5.486647402408308949e-01,8.500000000000000611e-02,3.000000000000000000e+00,4.767840060099503025e+06
-5.918870455837273781e+00,1.298796560309043668e+00,1.461312355302064381e+00,4.911494433176917251e-01,8.500000000000000611e-02,3.000000000000000000e+00,4.767840060099503025e+06
-6.098626708690543907e+00,1.385991042729878053e+00,1.670227630745257930e+00,3.909495040716229330e-01,8.500000000000000611e-02,3.000000000000000000e+00,4.767840060099503025e+06
-6.177384386278169437e+00,1.147603649431255146e+00,1.557678008840856609e+00,4.854527069957614294e-01,8.500000000000000611e-02,3.000000000000000000e+00,4.767840060099503025e+06
-6.087296401328429418e+00,1.192766223786556390e+00,1.607322104243130712e+00,5.766383162699879605e-01,8.500000000000000611e-02,3.000000000000000000e+00,4.767840060099503025e+06
-5.827336619691648067e+00,9.608432261703270250e-01,9.602336636349673160e-01,4.349997053099831090e-01,8.500000000000000611e-02,3.000000000000000000e+00,4.767840060099503025e+06
-5.822838342433458436e+00,8.479682771457558443e-01,1.207671981282329776e+00,8.358878925000953197e-01,8.500000000000000611e-02,3.000000000000000000e+00,4.767840060099503025e+06
-5.298938774102685656e+00,8.382718355696310297e-01,6.551980581804237591e-01,8.559042141425423633e-01,8.500000000000000611e-02,3.000000000000000000e+00,4.767840060099503025e+06
-5.448308289867894061e+00,9.212270702170527459e-01,1.105139667921860580e+00,1.111435351916394865e+00,8.500000000000000611e-02,3.000000000000000000e+00,4.767840060099503025e+06
-5.494056734421493893e+00,9.033414378014633650e-01,1.141175476656928867e+00,1.112918155344853277e+00,8.500000000000000611e-02,3.000000000000000000e+00,4.767840060099503025e+06
-4.566808422135026468e+00,7.801992591012770761e-01,-4.587642627844781273e-01,5.045420096719874792e-01,8.500000000000000611e-02,3.000000000000000000e+00,4.767840060099503025e+06
-5.209091909501161410e+00,1.440908943212114934e+00,8.336173564474331776e-01,4.745122383835127522e-01,8.500000000000000611e-02,3.000000000000000000e+00,4.767840060099503025e+06
-4.611138884187933940e+00,1.633912733494341518e+00,2.014988479530801513e-01,2.440680782775208613e-01,8.500000000000000611e-02,3.000000000000000000e+00,4.767840060099503025e+06
-4.822765640468441362e+00,1.688414805078812142e+00,5.631732591123048692e-01,3.515139108961696790e-01,8.500000000000000611e-02,3.000000000000000000e+00,4.767840060099503025e+06
-5.046763229452587929e+00,1.496258060774031229e+00,6.015853858843325241e-01,3.528084374724778094e-01,8.500000000000000611e-02,3.000000000000000000e+00,4.767840060099503025e+06
-5.919308375939516864e+00,1.795502366135922401e+00,1.932666451610923763e+00,5.018797121270810457e-01,8.500000000000000611e-02,3.000000000000000000e+00,4.767840060099503025e+06
-5.776077255687132705e+00,1.740722112241790409e+00,1.694366044048652320e+00,3.824003358610010839e-01,8.500000000000000611e-02,3.000000000000000000e+00,4.767840060099503025e+06
-4.539493549424538088e+00,2.612710256601558534e+00,1.090240385794879252e+00,1.487189117961627005e-01,8.500000000000000611e-02,3.000000000000000000e+00,4.767840060099503025e+06
-4.585446673041110976e+00,2.644432727891791846e+00,1.174201359207378115e+00,1.536665792731344848e-01,8.500000000000000611e-02,3.000000000000000000e+00,4.767840060099503025e+06
-4.855293171194563051e+00,2.836306666210670624e+00,1.668481860091473035e+00,1.872393985655559645e-01,8.500000000000000611e-02,3.000000000000000000e+00,4.767840060099503025e+06
-4.995863713993546007e+00,2.532711484732063312e+00,1.539237486063812055e+00,2.454634920375806106e-01,8.500000000000000611e-02,3.000000000000000000e+00,4.767840060099503025e+06
-5.565025006284574971e+00,1.501564824765607709e+00,1.119758298727095536e+00,2.758721035945973510e-01,8.500000000000000611e-02,3.000000000000000000e+00,4.767840060099503025e+06
-6.108349685378683169e+00,1.062308771768860849e+00,1.383335349751043442e+00,5.014724815168128957e-01,8.500000000000000611e-02,3.000000000000000000e+00,4.767840060099503025e+06
-5.419226960829129247e+00,1.706358544097738017e+00,1.272903409357414528e+00,4.172431505633433235e-01,8.500000000000000611e-02,3.000000000000000000e+00,4.767840060099503025e+06
-5.094961902863085257e+00,1.582152572227506493e+00,8.771322777664809500e-01,5.332158006175103937e-01,8.500000000000000611e-02,3.000000000000000000e+00,4.767840060099503025e+06
-5.451326444016455497e+00,1.174368342348616645e+00,9.195373984601511452e-01,5.934943042475993025e-01,8.500000000000000611e-02,3.000000000000000000e+00,4.767840060099503025e+06
-5.366717952548058612e+00,9.049469872728472808e-01,4.272758459780350293e-01,3.745407090166913422e-01,8.500000000000000611e-02,3.000000000000000000e+00,4.767840060099503025e+06
-5.370745474294954747e+00,8.728555917021951771e-01,4.022241676743036898e-01,3.787732098635342992e-01,8.500000000000000611e-02,3.000000000000000000e+00,4.767840060099503025e+06
-5.287639314087978271e+00,1.176890142693215680e+00,5.450456685251792166e-01,3.230523239219310616e-01,8.500000000000000611e-02,3.000000000000000000e+00,4.767840060099503025e+06
-5.505023942148776328e+00,1.318351220101207755e+00,1.045269232880586818e+00,5.283039490164269658e-01,8.500000000000000611e-02,3.000000000000000000e+00,4.767840060099503025e+06
-5.208135944003807971e+00,1.518180649186004372e+00,8.775587240898188313e-01,4.398921995946135088e-01,8.500000000000000611e-02,3.000000000000000000e+00,4.767840060099503025e+06
-5.514376424935272247e+00,1.007678797595286557e+00,8.069106546354453124e-01,5.746401158872805892e-01,8.500000000000000611e-02,3.000000000000000000e+00,4.767840060099503025e+06
-5.334549299178043213e+00,6.730889674131426137e-01,4.627033650631124928e-01,7.856892351604032321e-01,8.500000000000000611e-02,3.000000000000000000e+00,4.767840060099503025e+06
-6.036815628416833945e+00,7.167072836600383301e-01,1.257560159358150464e+00,7.970760808901505845e-01,8.500000000000000611e-02,3.000000000000000000e+00,4.767840060099503025e+06
-6.189974926792457310e+00,1.933025299645186657e+00,2.354447190276402146e+00,4.412752246738806949e-01,8.500000000000000611e-02,3.000000000000000000e+00,4.767840060099503025e+06
-6.301722426116474374e+00,2.147710803535259672e+00,2.867238882954708412e+00,7.603213820436116599e-01,8.500000000000000611e-02,3.000000000000000000e+00,4.767840060099503025e+06
-6.075136156602364501e+00,2.437033593771651407e+00,2.885705636752055270e+00,7.321660612286066128e-01,8.500000000000000611e-02,3.000000000000000000e+00,4.767840060099503025e+06
-6.413512356908380951e+00,2.734465583823975532e+00,3.776364107558142891e+00,9.802105980587234590e-01,8.500000000000000611e-02,3.000000000000000000e+00,4.767840060099503025e+06
-5.795706455037875848e+00,2.070891442683618688e+00,2.550420137870659687e+00,1.077799099889371393e+00,8.500000000000000611e-02,3.000000000000000000e+00,4.767840060099503025e+06
-5.941537727257812485e+00,2.286817285916059372e+00,3.457247302322899341e+00,1.674040473457250933e+00,8.500000000000000611e-02,3.000000000000000000e+00,4.767840060099503025e+06
-5.776674629822123208e+00,2.379489211160660922e+00,3.268994178709364817e+00,1.552349774733137622e+00,8.500000000000000611e-02,3.000000000000000000e+00,4.767840060099503025e+06
-5.713045028799085046e+00,2.467581546487094712e+00,3.293930825615615010e+00,1.560465545776847485e+00,8.500000000000000611e-02,3.000000000000000000e+00,4.767840060099503025e+06
-5.477628683656926789e+00,2.377722106249986034e+00,3.314170580915090092e+00,1.920462324249534447e+00,8.500000000000000611e-02,3.000000000000000000e+00,4.767840060099503025e+06
-6.207694368023772391e+00,1.586645665673538375e+00,3.355669899392354605e+00,1.977618459212964419e+00,8.500000000000000611e-02,3.000000000000000000e+00,4.767840060099503025e+06
-6.207694368023772391e+00,1.586645665673538375e+00,3.355669899392354605e+00,1.977618459212964419e+00,8.500000000000000611e-02,3.000000000000000000e+00,4.767840060099503025e+06
-6.205664152226987085e+00,1.564928332228150420e+00,3.330834996001016179e+00,1.973431864776813427e+00,8.500000000000000611e-02,3.000000000000000000e+00,4.767840060099503025e+06
-6.204441229831567206e+00,1.516064386537895547e+00,3.025886520335249852e+00,1.700202846136884771e+00,8.500000000000000611e-02,3.000000000000000000e+00,4.767840060099503025e+06
-6.403829851773722659e+00,1.084073964645168697e+00,3.010847167636307109e+00,1.902847784108913087e+00,8.500000000000000611e-02,3.000000000000000000e+00,4.767840060099503025e+06
-6.131432132443486616e+00,1.081075285986689227e+00,2.744159905702006519e+00,1.896111154581911595e+00,8.500000000000000611e-02,3.000000000000000000e+00,4.767840060099503025e+06
-6.067143589286104088e+00,1.017643307310849510e+00,2.584090832821915207e+00,1.859648550631061603e+00,8.500000000000000611e-02,3.000000000000000000e+00,4.767840060099503025e+06
-6.067449897087493049e+00,1.018584050235935567e+00,2.584869097266864646e+00,1.859259882172195955e+00,8.500000000000000611e-02,3.000000000000000000e+00,4.767840060099503025e+06
-6.070102153210234164e+00,1.015015124925333412e+00,2.631422565371906330e+00,1.907726525690540686e+00,8.500000000000000611e-02,3.000000000000000000e+00,4.767840060099503025e+06
-6.108774537458295129e+00,9.774032209858813935e-01,2.403627375241368824e+00,1.674150610418086327e+00,8.500000000000000611e-02,3.000000000000000000e+00,4.767840060099503025e+06
-6.228253747014475650e+00,9.418348309733765023e-01,2.596317448089368263e+00,1.762314991982315338e+00,8.500000000000000611e-02,3.000000000000000000e+00,4.767840060099503025e+06
-6.324210089077164199e+00,8.309013520271870679e-01,2.806632486218564093e+00,1.985425912671306747e+00,8.500000000000000611e-02,3.000000000000000000e+00,4.767840060099503025e+06
-6.324210089077164199e+00,8.309013520271870679e-01,2.806632486218564093e+00,1.985425912671306747e+00,8.500000000000000611e-02,3.000000000000000000e+00,4.767840060099503025e+06
-6.204468292229947224e+00,1.019659108355243982e+00,2.509791089212813020e+00,1.642833358678156053e+00,8.500000000000000611e-02,3.000000000000000000e+00,4.767840060099503025e+06
-6.630615935672830474e+00,1.192153029935631547e+00,3.117247932422804180e+00,1.675180590967047189e+00,8.500000000000000611e-02,3.000000000000000000e+00,4.767840060099503025e+06
-6.613803251460700139e+00,1.235684744399673018e+00,3.118745323640196965e+00,1.637031091096555979e+00,8.500000000000000611e-02,3.000000000000000000e+00,4.767840060099503025e+06
-5.784665551017305063e+00,1.000016349383648251e+00,1.912307343099939771e+00,1.480398227624782903e+00,8.500000000000000611e-02,3.000000000000000000e+00,4.767840060099503025e+06
-5.866418874442142162e+00,1.063973669454206128e+00,2.475972747030636079e+00,1.933392608151491165e+00,8.500000000000000611e-02,3.000000000000000000e+00,4.767840060099503025e+06
-5.780367115096996855e+00,1.016399296295493304e+00,2.197166185989970710e+00,1.775394298480267974e+00,8.500000000000000611e-02,3.000000000000000000e+00,4.767840060099503025e+06
-5.717847901040801872e+00,1.007195283038036404e+00,2.228410469938746363e+00,1.883114602838928064e+00,8.500000000000000611e-02,3.000000000000000000e+00,4.767840060099503025e+06
-5.600485843483899551e+00,8.256467041046932076e-01,1.965191621209548156e+00,1.883053368907279035e+00,8.500000000000000611e-02,3.000000000000000000e+00,4.767840060099503025e+06
-5.672398291568092610e+00,6.245830971938264309e-01,1.959027476690190950e+00,1.981123537613699082e+00,8.500000000000000611e-02,3.000000000000000000e+00,4.767840060099503025e+06
-5.677024894545018796e+00,7.358270049328097251e-01,1.852152767169347403e+00,1.769957962010388908e+00,8.500000000000000611e-02,3.000000000000000000e+00,4.767840060099503025e+06
-5.677024894545018796e+00,7.358270049328097251e-01,1.852152767169347403e+00,1.769957962010388908e+00,8.500000000000000611e-02,3.000000000000000000e+00,4.767840060099503025e+06
-5.803602660694712867e+00,7.971589608236578917e-01,1.804120541013835233e+00,1.540703606880810650e+00,8.500000000000000611e-02,3.000000000000000000e+00,4.767840060099503025e+06
-5.825997077857292261e+00,7.991877435652128270e-01,1.860267280356378006e+00,1.577210727005868618e+00,8.500000000000000611e-02,3.000000000000000000e+00,4.767840060099503025e+06
-5.761314469602885069e+00,9.257087502523396738e-01,1.735857449376265738e+00,1.386507470697491584e+00,8.500000000000000611e-02,3.000000000000000000e+00,4.767840060099503025e+06
-5.900348639368815817e+00,8.183013016209543800e-01,2.256327628008541808e+00,1.877150616053363308e+00,8.500000000000000611e-02,3.000000000000000000e+00,4.767840060099503025e+06
-5.824940176123623026e+00,7.979728997311152927e-01,2.237057422334217449e+00,1.953394188073783067e+00,8.500000000000000611e-02,3.000000000000000000e+00,4.767840060099503025e+06
-5.937622531000013915e+00,7.623131232404147806e-01,2.265738414642669785e+00,1.887765446808960190e+00,8.500000000000000611e-02,3.000000000000000000e+00,4.767840060099503025e+06
-5.860751493474655405e+00,6.144967214737151462e-01,1.790608642736372103e+00,1.626998396523964496e+00,8.500000000000000611e-02,3.000000000000000000e+00,4.767840060099503025e+06
-5.751364022646694885e+00,7.266852206410445714e-01,1.653887396283164168e+00,1.509179128391783475e+00,8.500000000000000611e-02,3.000000000000000000e+00,4.767840060099503025e+06
-5.909912010127390758e+00,8.251000608985920026e-01,1.918082066653160833e+00,1.517244468682846570e+00,8.500000000000000611e-02,3.000000000000000000e+00,4.767840060099503025e+06
-6.169309915914659825e+00,1.060938958609042748e+00,2.488030614744985769e+00,1.643254754800685502e+00,8.500000000000000611e-02,3.000000000000000000e+00,4.767840060099503025e+06
-5.979715549720267198e+00,1.579540166865166073e+00,2.034546186380436161e+00,8.813023941647295523e-01,8.500000000000000611e-02,3.000000000000000000e+00,4.767840060099503025e+06
-5.920508147944778976e+00,1.284205237401709443e+00,1.643759005312058319e+00,7.777441787808946350e-01,8.500000000000000611e-02,3.000000000000000000e+00,4.767840060099503025e+06
-5.699761453077099027e+00,7.664236793670902159e-01,8.547697557580250516e-01,6.227179270190497107e-01,8.500000000000000611e-02,3.000000000000000000e+00,4.767840060099503025e+06
-5.516751218238303167e+00,1.332634344841709062e+00,1.103498793050509352e+00,5.312921475363824309e-01,8.500000000000000611e-02,3.000000000000000000e+00,4.767840060099503025e+06
-5.061551472723425427e+00,7.464906075234312155e-01,-2.854166139940472746e-02,3.876348171684003141e-01,8.500000000000000611e-02,3.000000000000000000e+00,4.767840060099503025e+06
-5.208597400587546389e+00,8.296697841157776310e-01,3.329638555749965256e-01,5.517267508533498788e-01,8.500000000000000611e-02,3.000000000000000000e+00,4.767840060099503025e+06
-5.008034488150145513e+00,6.981780110325985778e-01,-5.090878190357583932e-02,4.971371797216574961e-01,8.500000000000000611e-02,3.000000000000000000e+00,4.767840060099503025e+06
-5.087125074017508908e+00,8.117323831068866680e-01,9.787283915033895276e-02,4.730336065444779026e-01,8.500000000000000611e-02,3.000000000000000000e+00,4.767840060099503025e+06
-5.221237566328598589e+00,9.073632766909456304e-01,7.853729634434978291e-01,1.006216235996842290e+00,8.500000000000000611e-02,3.000000000000000000e+00,4.767840060099503025e+06
-4.940840261179455517e+00,1.637935340215191715e+00,9.368355113742894424e-01,7.402118835097410976e-01,8.500000000000000611e-02,3.000000000000000000e+00,4.767840060099503025e+06
-5.067277654813488574e+00,1.575524355736385607e+00,7.254894732959956682e-01,3.758426204056242170e-01,8.500000000000000611e-02,3.000000000000000000e+00,4.767840060099503025e+06
-5.250050334237545080e+00,1.607306990177210571e+00,1.032066084538177275e+00,4.989066182716010989e-01,8.500000000000000611e-02,3.000000000000000000e+00,4.767840060099503025e+06
-5.252857348903487100e+00,1.619592030208478972e+00,1.030778960535211120e+00,4.799216306274570742e-01,8.500000000000000611e-02,3.000000000000000000e+00,4.767840060099503025e+06
-5.836107160887025636e+00,2.187752530724969002e+00,2.711195849118753110e+00,1.089312441941160392e+00,8.500000000000000611e-02,3.000000000000000000e+00,4.767840060099503025e+06
-6.080074671463338021e+00,2.167024393255417625e+00,3.340612545245778886e+00,1.511130407556334987e+00,8.500000000000000611e-02,3.000000000000000000e+00,4.767840060099503025e+06
-6.070854995783731667e+00,2.176473562014101137e+00,3.333787605626580053e+00,1.504395771465986797e+00,8.500000000000000611e-02,3.000000000000000000e+00,4.767840060099503025e+06
-6.213766466715401116e+00,1.485051230301682734e+00,3.151772164908812623e+00,1.870504538339134548e+00,8.500000000000000611e-02,3.000000000000000000e+00,4.767840060099503025e+06
-5.719921274133188405e+00,2.064823399946398741e+00,2.498299465361958127e+00,1.108634199250843722e+00,8.500000000000000611e-02,3.000000000000000000e+00,4.767840060099503025e+06
-5.622369483968708614e+00,2.230009997098280294e+00,2.790702786232115873e+00,1.388353006130495171e+00,8.500000000000000611e-02,3.000000000000000000e+00,4.767840060099503025e+06
-5.489413735420228591e+00,2.130554409572542163e+00,2.432664312364465786e+00,1.229270833223705228e+00,8.500000000000000611e-02,3.000000000000000000e+00,4.767840060099503025e+06
-5.958552572273410064e+00,2.126438415679031912e+00,3.179881521747157880e+00,1.537752043508423538e+00,8.500000000000000611e-02,3.000000000000000000e+00,4.767840060099503025e+06
-6.051302556376668917e+00,2.250771261761533637e+00,3.330061360364465095e+00,1.456663451648154695e+00,8.500000000000000611e-02,3.000000000000000000e+00,4.767840060099503025e+06
-5.758178315767206179e+00,1.996172893090941702e+00,2.659869996392111080e+00,1.336717557239430310e+00,8.500000000000000611e-02,3.000000000000000000e+00,4.767840060099503025e+06
-5.648238082422198936e+00,1.723560819177147430e+00,2.068098529561675836e+00,1.101327625319686865e+00,8.500000000000000611e-02,3.000000000000000000e+00,4.767840060099503025e+06
-5.432235662857578085e+00,1.819152046351322660e+00,2.119612539423751052e+00,1.314596399259940540e+00,8.500000000000000611e-02,3.000000000000000000e+00,4.767840060099503025e+06
-5.337071634678934196e+00,1.826083476765994362e+00,2.324699757019082824e+00,1.637107796393723724e+00,8.500000000000000611e-02,3.000000000000000000e+00,4.767840060099503025e+06
-5.810618699720386360e+00,1.527955478237191356e+00,2.686390199490734876e+00,1.774269612005091368e+00,8.500000000000000611e-02,3.000000000000000000e+00,4.767840060099503025e+06
-5.863696737344233689e+00,1.446310953604890148e+00,2.694380927299094619e+00,1.805338714921510102e+00,8.500000000000000611e-02,3.000000000000000000e+00,4.767840060099503025e+06
-5.895750799770179462e+00,1.620115158187604987e+00,2.810941386239493411e+00,1.717803573568670084e+00,8.500000000000000611e-02,3.000000000000000000e+00,4.767840060099503025e+06
-4.985545887736019921e+00,9.216520246490984558e-01,1.142456180157085388e-01,5.410919433052222560e-01,8.500000000000000611e-02,3.000000000000000000e+00,4.767840060099503025e+06
-4.830892387597556237e+00,9.453959764289139311e-01,-5.526360937196128642e-02,4.785309288537800132e-01,8.500000000000000611e-02,3.000000000000000000e+00,4.767840060099503025e+06
-4.710904081729282211e+00,2.112565600168833324e+00,7.782299006535862151e-01,1.867276373766244557e-01,8.500000000000000611e-02,3.000000000000000000e+00,4.767840060099503025e+06
-5.394916871312327444e+00,5.818455381095006818e-01,1.360133199672172166e-01,2.869659594489490373e-01,8.500000000000000611e-02,3.000000000000000000e+00,4.767840060099503025e+06
-5.387581639952231605e+00,7.269566949477952456e-01,2.810577943113446997e-01,3.353176388462089097e-01,8.500000000000000611e-02,3.000000000000000000e+00,4.767840060099503025e+06
-5.193182019564868135e+00,6.735085711192173585e-01,6.872714923572109669e-03,2.798655900089562221e-01,8.500000000000000611e-02,3.000000000000000000e+00,4.767840060099503025e+06
-4.587495632545436131e+00,1.506377026535203223e+00,8.202702049731025458e-02,2.081543731049833035e-01,8.500000000000000611e-02,3.000000000000000000e+00,4.767840060099503025e+06
-5.044756363595263693e+00,1.001967885281489945e+00,8.168282665886428262e-02,2.190668274565360507e-01,8.500000000000000611e-02,3.000000000000000000e+00,4.767840060099503025e+06
-5.019078762557494855e+00,1.434738766333104154e+00,5.983629113412306522e-01,4.436442596683642936e-01,8.500000000000000611e-02,3.000000000000000000e+00,4.767840060099503025e+06
-4.859464079944417314e+00,1.579163162482660532e+00,4.247263411045789083e-01,2.122832044366937676e-01,8.500000000000000611e-02,3.000000000000000000e+00,4.767840060099503025e+06
-5.141336484030649245e+00,1.250996578811465199e+00,5.366089388597851118e-01,4.217176897654647538e-01,8.500000000000000611e-02,3.000000000000000000e+00,4.767840060099503025e+06
-5.175625880689396219e+00,1.498830907572265003e+00,7.839225827977656103e-01,3.802804071279019538e-01,8.500000000000000611e-02,3.000000000000000000e+00,4.767840060099503025e+06
-5.621509849887031507e+00,1.089050779511531619e+00,9.654694626087895193e-01,5.499729476381385318e-01,8.500000000000000611e-02,3.000000000000000000e+00,4.767840060099503025e+06
-5.914994211884677888e+00,9.273142895031885047e-01,1.117274841988848300e+00,5.454986338045897387e-01,8.500000000000000611e-02,3.000000000000000000e+00,4.767840060099503025e+06
-6.239555654596373735e+00,7.851217802272129065e-01,1.559381006302972938e+00,8.368139597459099965e-01,8.500000000000000611e-02,3.000000000000000000e+00,4.767840060099503025e+06
-6.392443545229724577e+00,7.019626602576423124e-01,1.541554811805640801e+00,6.748083646377533995e-01,8.500000000000000611e-02,3.000000000000000000e+00,4.767840060099503025e+06
-6.593667834089778523e+00,6.268664657167747345e-01,1.653643380788794470e+00,6.238504409368502701e-01,8.500000000000000611e-02,3.000000000000000000e+00,4.767840060099503025e+06
-6.318549573474744108e+00,1.061742168801370845e+00,1.865696307726836034e+00,7.500277270912462102e-01,8.500000000000000611e-02,3.000000000000000000e+00,4.767840060099503025e+06
-6.505190633419399404e+00,9.791771696311301065e-01,2.121622240100163204e+00,9.168465054992203100e-01,8.500000000000000611e-02,3.000000000000000000e+00,4.767840060099503025e+06
-6.744612886368369864e+00,8.991196091770292664e-01,2.441373397490411268e+00,1.083931415676810062e+00,8.500000000000000611e-02,3.000000000000000000e+00,4.767840060099503025e+06
-6.674977303559057162e+00,9.105343475545709664e-01,2.359948442946520508e+00,1.063089189248918043e+00,8.500000000000000611e-02,3.000000000000000000e+00,4.767840060099503025e+06
-6.608187222826934715e+00,1.116744244573153244e+00,2.473192824515827670e+00,1.048912289102281292e+00,8.500000000000000611e-02,3.000000000000000000e+00,4.767840060099503025e+06
-6.800139290739225295e+00,1.186429094751682012e+00,2.792543179783604224e+00,1.124668116734817147e+00,8.500000000000000611e-02,3.000000000000000000e+00,4.767840060099503025e+06
-5.718779952665239641e+00,1.724409724629921481e+00,1.734223319214811987e+00,5.875963125316158164e-01,8.500000000000000611e-02,3.000000000000000000e+00,4.767840060099503025e+06
-4.576357234586417633e+00,2.006703846776300537e+00,5.793543976314622368e-01,2.681772134395754015e-01,8.500000000000000611e-02,3.000000000000000000e+00,4.767840060099503025e+06
-5.250251092104272210e+00,1.988416480433870204e+00,1.553252428315786915e+00,6.966685856652012898e-01,8.500000000000000611e-02,3.000000000000000000e+00,4.767840060099503025e+06
-5.108548166229885723e+00,1.868952719195020373e+00,1.275257345895829619e+00,6.995825736006884288e-01,8.500000000000000611e-02,3.000000000000000000e+00,4.767840060099503025e+06
-5.622059619661325058e+00,2.242529791054671762e+00,2.210116933234584025e+00,7.390255746369958079e-01,8.500000000000000611e-02,3.000000000000000000e+00,4.767840060099503025e+06
-5.432835277341991009e+00,1.486181783654968669e+00,1.253091953091542754e+00,6.834072928232537425e-01,8.500000000000000611e-02,3.000000000000000000e+00,4.767840060099503025e+06
-5.449981174689748187e+00,1.089212651642309959e+00,9.635126882669067250e-01,8.055288697568316891e-01,8.500000000000000611e-02,3.000000000000000000e+00,4.767840060099503025e+06
-5.567204433332973323e+00,9.524129790187878530e-01,7.314893062289489212e-01,4.699812479459009040e-01,8.500000000000000611e-02,3.000000000000000000e+00,4.767840060099503025e+06
-5.665095999372406155e+00,9.420094962253446891e-01,8.639891046593239921e-01,5.155866686818328937e-01,8.500000000000000611e-02,3.000000000000000000e+00,4.767840060099503025e+06
-5.585637799428465833e+00,1.908376824796813587e+00,1.581805575392003060e+00,3.215329414426927879e-01,8.500000000000000611e-02,3.000000000000000000e+00,4.767840060099503025e+06
-5.628526994841761777e+00,2.083104644884054668e+00,1.890921724463225262e+00,4.452056591616211367e-01,8.500000000000000611e-02,3.000000000000000000e+00,4.767840060099503025e+06
-5.494407053265267571e+00,2.496658021060566668e+00,2.094797106125422026e+00,3.675741198046952318e-01,8.500000000000000611e-02,3.000000000000000000e+00,4.767840060099503025e+06
-5.636128786821110737e+00,2.199600044562771028e+00,2.086788997246662447e+00,5.388579181498679427e-01,8.500000000000000611e-02,3.000000000000000000e+00,4.767840060099503025e+06
-5.322929268761555477e+00,2.664170798553141317e+00,2.001407005337337619e+00,2.887567382007278916e-01,8.500000000000000611e-02,3.000000000000000000e+00,4.767840060099503025e+06
-5.120616192270754929e+00,2.901265872741417340e+00,2.177767653473962728e+00,4.658629787187247295e-01,8.500000000000000611e-02,3.000000000000000000e+00,4.767840060099503025e+06
-5.290536439244844402e+00,2.673998285751213455e+00,2.134114647903494255e+00,4.726546827976917386e-01,8.500000000000000611e-02,3.000000000000000000e+00,4.767840060099503025e+06
-5.479376908399715695e+00,2.953956481936134360e+00,2.637365867509386064e+00,5.342793615816110453e-01,8.500000000000000611e-02,3.000000000000000000e+00,4.767840060099503025e+06
-5.371107892284988417e+00,2.961268513020597570e+00,2.501752293167661900e+00,4.964384971291799231e-01,8.500000000000000611e-02,3.000000000000000000e+00,4.767840060099503025e+06
-5.391472501978529230e+00,2.906290995830847379e+00,2.410645902123150552e+00,4.161029151697727690e-01,8.500000000000000611e-02,3.000000000000000000e+00,4.767840060099503025e+06
-5.414793762828745471e+00,2.960122417193626898e+00,2.487745729979372378e+00,4.140308953291483296e-01,8.500000000000000611e-02,3.000000000000000000e+00,4.767840060099503025e+06
-5.798972559615280353e+00,2.967048987193485310e+00,2.969462369094224563e+00,5.185953180159623699e-01,8.500000000000000611e-02,3.000000000000000000e+00,4.767840060099503025e+06
-6.035444869380514277e+00,2.735162927745621975e+00,3.119384903851998736e+00,6.693076745953689954e-01,8.500000000000000611e-02,3.000000000000000000e+00,4.767840060099503025e+06
-6.124240686566901459e+00,2.773189365893044211e+00,3.251513788030631513e+00,6.740899176454264730e-01,8.500000000000000611e-02,3.000000000000000000e+00,4.767840060099503025e+06
-6.450295587107380157e+00,2.771947148744708045e+00,3.488044040828125247e+00,5.579036657925154907e-01,8.500000000000000611e-02,3.000000000000000000e+00,4.767840060099503025e+06
-6.450295587107380157e+00,2.771947148744708045e+00,3.488044040828125247e+00,5.579036657925154907e-01,8.500000000000000611e-02,3.000000000000000000e+00,4.767840060099503025e+06
-6.223263455794877608e+00,2.782082423501405000e+00,3.320643391946620504e+00,6.294451213746535823e-01,8.500000000000000611e-02,3.000000000000000000e+00,4.767840060099503025e+06
-6.559908344821028692e+00,2.285898702559773898e+00,3.171223321753903424e+00,6.506152730176262278e-01,8.500000000000000611e-02,3.000000000000000000e+00,4.767840060099503025e+06
-5.869453840905177522e+00,1.735183040025167767e+00,1.891865978404277726e+00,5.868039926062602607e-01,8.500000000000000611e-02,3.000000000000000000e+00,4.767840060099503025e+06
-5.305104738275978171e+00,2.678611095328529590e+00,2.206964421558094358e+00,6.290864903022724830e-01,8.500000000000000611e-02,3.000000000000000000e+00,4.767840060099503025e+06
-5.071976789998210222e+00,1.726725596276585950e+00,9.870169205571661664e-01,5.552523681784869991e-01,8.500000000000000611e-02,3.000000000000000000e+00,4.767840060099503025e+06
-4.995853608657240486e+00,1.731285634246371385e+00,9.760941058607692788e-01,6.090591130418457899e-01,8.500000000000000611e-02,3.000000000000000000e+00,4.767840060099503025e+06
-5.070000634702608089e+00,1.413863630742196786e+00,7.160807248459564178e-01,5.789773986966022523e-01,8.500000000000000611e-02,3.000000000000000000e+00,4.767840060099503025e+06
-5.789985399013145795e+00,1.690792469675969301e+00,2.017381607808221844e+00,9.194945292179239615e-01,8.500000000000000611e-02,3.000000000000000000e+00,4.767840060099503025e+06
-5.502027541426607549e+00,1.685961358298370349e+00,1.218631875674124121e+00,2.362876984420683169e-01,8.500000000000000611e-02,3.000000000000000000e+00,4.767840060099503025e+06
-5.217606189781938575e+00,1.487331879781810917e+00,7.163240979162575073e-01,1.708349199056047318e-01,8.500000000000000611e-02,3.000000000000000000e+00,4.767840060099503025e+06
-5.072091401112483133e+00,2.414638194520455805e+00,1.482347500599696222e+00,2.176074618621823276e-01,8.500000000000000611e-02,3.000000000000000000e+00,4.767840060099503025e+06
-4.924025646267469192e+00,2.241479022307248492e+00,1.092699155864759852e+00,1.291298928362694109e-01,8.500000000000000611e-02,3.000000000000000000e+00,4.767840060099503025e+06
-5.235176951507582110e+00,2.007933680305585611e+00,1.308727947513227630e+00,3.004721159396614993e-01,8.500000000000000611e-02,3.000000000000000000e+00,4.767840060099503025e+06
-5.045089934130508880e+00,2.760352379751147112e+00,1.876547589072910194e+00,3.418321917036106772e-01,8.500000000000000611e-02,3.000000000000000000e+00,4.767840060099503025e+06
-5.200582422826639295e+00,2.250638562121367148e+00,1.603067550881767556e+00,4.569182691099403226e-01,8.500000000000000611e-02,3.000000000000000000e+00,4.767840060099503025e+06
-4.941429496769666585e+00,1.879689413395150055e+00,8.827705060861148478e-01,3.343853544072093453e-01,8.500000000000000611e-02,3.000000000000000000e+00,4.767840060099503025e+06
-5.101370547589352711e+00,1.924483686307413954e+00,1.055517344034363481e+00,3.054250881362891024e-01,8.500000000000000611e-02,3.000000000000000000e+00,4.767840060099503025e+06
-4.920659912229012001e+00,1.799663196125059983e+00,6.490792752207982241e-01,2.064474883376057335e-01,8.500000000000000611e-02,3.000000000000000000e+00,4.767840060099503025e+06
-5.336512207058530244e+00,1.833321166062782392e+00,1.135956170475240334e+00,1.845150973381656234e-01,8.500000000000000611e-02,3.000000000000000000e+00,4.767840060099503025e+06
-5.304359747901025379e+00,1.923487346840296652e+00,1.211844639760314202e+00,1.261448209993664693e-01,8.500000000000000611e-02,3.000000000000000000e+00,4.767840060099503025e+06
-5.538916560022412838e+00,2.052863651784286869e+00,1.641369764285584454e+00,2.357502107969406957e-01,8.500000000000000611e-02,3.000000000000000000e+00,4.767840060099503025e+06
-5.544084759930064443e+00,2.058973296012420295e+00,1.621963289130168739e+00,1.667690598348068320e-01,8.500000000000000611e-02,3.000000000000000000e+00,4.767840060099503025e+06
-5.447164551327614568e+00,1.893119988415463917e+00,1.471433072074482595e+00,3.834471703301651213e-01,8.500000000000000611e-02,3.000000000000000000e+00,4.767840060099503025e+06
-5.366946646143496480e+00,2.253804979121261098e+00,1.685262586610076330e+00,2.993397642775300627e-01,8.500000000000000611e-02,3.000000000000000000e+00,4.767840060099503025e+06
-5.472346620261135719e+00,2.261978968968632486e+00,1.824422677754778732e+00,3.318995220338284424e-01,8.500000000000000611e-02,3.000000000000000000e+00,4.767840060099503025e+06
-5.278223007226189978e+00,2.804551501653001822e+00,2.084182774771255353e+00,1.899681329256441842e-01,8.500000000000000611e-02,3.000000000000000000e+00,4.767840060099503025e+06
-5.335791790030903314e+00,2.750729785513819969e+00,2.146425040771720916e+00,2.655202604183509729e-01,8.500000000000000611e-02,3.000000000000000000e+00,4.767840060099503025e+06
-5.372815609696155903e+00,2.786765233149372634e+00,2.216776958483106519e+00,2.187988882349112818e-01,8.500000000000000611e-02,3.000000000000000000e+00,4.767840060099503025e+06
-5.493867859376567075e+00,2.852819714876019486e+00,2.443200869120050633e+00,2.715178787981323283e-01,8.500000000000000611e-02,3.000000000000000000e+00,4.767840060099503025e+06
-5.493867859376567075e+00,2.852819714876019486e+00,2.443200869120050633e+00,2.715178787981323283e-01,8.500000000000000611e-02,3.000000000000000000e+00,4.767840060099503025e+06
-5.414905611619707848e+00,2.500574409500054607e+00,1.994993889059498704e+00,2.868358520736572492e-01,8.500000000000000611e-02,3.000000000000000000e+00,4.767840060099503025e+06
-5.368503501479401585e+00,2.513415064749596084e+00,1.829132499168603543e+00,-1.595218803713210898e-02,8.500000000000000611e-02,3.000000000000000000e+00,4.767840060099503025e+06
-5.368503501479401585e+00,2.513415064749596084e+00,1.829132499168603543e+00,-1.595218803713210898e-02,8.500000000000000611e-02,3.000000000000000000e+00,4.767840060099503025e+06
-5.368503501479401585e+00,2.513415064749596084e+00,1.829132499168603543e+00,-1.595218803713210898e-02,8.500000000000000611e-02,3.000000000000000000e+00,4.767840060099503025e+06
-5.368503501479401585e+00,2.513415064749596084e+00,1.829132499168603543e+00,-1.595218803713210898e-02,8.500000000000000611e-02,3.000000000000000000e+00,4.767840060099503025e+06
-5.368503501479401585e+00,2.513415064749596084e+00,1.829132499168603543e+00,-1.595218803713210898e-02,8.500000000000000611e-02,3.000000000000000000e+00,4.767840060099503025e+06
-5.368503501479401585e+00,2.513415064749596084e+00,1.829132499168603543e+00,-1.595218803713210898e-02,8.500000000000000611e-02,3.000000000000000000e+00,4.767840060099503025e+06
-5.368503501479401585e+00,2.513415064749596084e+00,1.829132499168603543e+00,-1.595218803713210898e-02,8.500000000000000611e-02,3.000000000000000000e+00,4.767840060099503025e+06
-5.368503501479401585e+00,2.513415064749596084e+00,1.829132499168603543e+00,-1.595218803713210898e-02,8.500000000000000611e-02,3.000000000000000000e+00,4.767840060099503025e+06
-5.368503501479401585e+00,2.513415064749596084e+00,1.829132499168603543e+00,-1.595218803713210898e-02,8.500000000000000611e-02,3.000000000000000000e+00,4.767840060099503025e+06
-5.368503501479401585e+00,2.513415064749596084e+00,1.829132499168603543e+00,-1.595218803713210898e-02,8.500000000000000611e-02,3.000000000000000000e+00,4.767840060099503025e+06
-5.368503501479401585e+00,2.513415064749596084e+00,1.829132499168603543e+00,-1.595218803713210898e-02,8.500000000000000611e-02,3.000000000000000000e+00,4.767840060099503025e+06
-5.338957660812796213e+00,6.877630855022303091e-01,2.785518756573883703e-01,4.768581807200664713e-01,8.500000000000000611e-02,3.000000000000000000e+00,4.767840060099503025e+06
-5.237584008834834215e+00,6.426285933249467064e-01,1.447277657508372339e-01,4.933059522462786561e-01,8.500000000000000611e-02,3.000000000000000000e+00,4.767840060099503025e+06
-5.220340768444431845e+00,4.459137339005629919e-01,-3.714655237882047434e-02,4.925664175668202360e-01,8.500000000000000611e-02,3.000000000000000000e+00,4.767840060099503025e+06
-5.340470589431834725e+00,6.567922317969248081e-01,2.635391106537477990e-01,4.707355347492142572e-01,8.500000000000000611e-02,3.000000000000000000e+00,4.767840060099503025e+06
-5.365632745079299326e+00,6.617338488417718878e-01,3.270879942359545822e-01,5.247104190713938188e-01,8.500000000000000611e-02,3.000000000000000000e+00,4.767840060099503025e+06
-4.946135444653941171e+00,3.680987610477675087e-01,-3.621717750738171482e-01,4.408234104926193608e-01,8.500000000000000611e-02,3.000000000000000000e+00,4.767840060099503025e+06
-4.991634329524608837e+00,3.176496311016065999e-01,-3.693292139208086411e-01,4.959407454023682105e-01,8.500000000000000611e-02,3.000000000000000000e+00,4.767840060099503025e+06
-5.065560286838137749e+00,3.458780818692921422e-01,-2.636252540664538735e-01,4.957179352855096699e-01,8.500000000000000611e-02,3.000000000000000000e+00,4.767840060099503025e+06
-5.203593578458711733e+00,3.589073310952619056e-01,-2.478982666416329472e-03,6.024486832802901093e-01,8.500000000000000611e-02,3.000000000000000000e+00,4.767840060099503025e+06
-5.167068059014567893e+00,3.730507351025111329e-01,-9.591154905925461382e-02,4.999679820574877143e-01,8.500000000000000611e-02,3.000000000000000000e+00,4.767840060099503025e+06
-5.167068059014567893e+00,3.730507351025111329e-01,-9.591154905925461382e-02,4.999679820574877143e-01,8.500000000000000611e-02,3.000000000000000000e+00,4.767840060099503025e+06
-5.199343468744428876e+00,4.925668193381108617e-01,2.611641159682454028e-02,5.013230917883115811e-01,8.500000000000000611e-02,3.000000000000000000e+00,4.767840060099503025e+06
-5.184771866178500943e+00,3.910458643170949822e-01,-6.853755042694770205e-02,5.067603854840442290e-01,8.500000000000000611e-02,3.000000000000000000e+00,4.767840060099503025e+06
-5.243001005405839798e+00,3.837538496262510312e-01,8.993424933941374100e-02,6.207697729052780167e-01,8.500000000000000611e-02,3.000000000000000000e+00,4.767840060099503025e+06
-5.060478325212859119e+00,2.701173419199087711e-01,-1.924848253635412787e-01,5.794238154193238621e-01,8.500000000000000611e-02,3.000000000000000000e+00,4.767840060099503025e+06
-5.163581784219571702e+00,3.291534427727564882e-01,-2.571570893812280545e-02,6.437473720512476572e-01,8.500000000000000611e-02,3.000000000000000000e+00,4.767840060099503025e+06
-5.163581784219571702e+00,3.291534427727564882e-01,-2.571570893812280545e-02,6.437473720512476572e-01,8.500000000000000611e-02,3.000000000000000000e+00,4.767840060099503025e+06
-5.163581784219571702e+00,3.291534427727564882e-01,-2.571570893812280545e-02,6.437473720512476572e-01,8.500000000000000611e-02,3.000000000000000000e+00,4.767840060099503025e+06
-5.113601701011037726e+00,3.265047668492463417e-01,-9.872402296784832387e-02,6.228138297026507564e-01,8.500000000000000611e-02,3.000000000000000000e+00,4.767840060099503025e+06
-5.114891964384938206e+00,3.386211374172547472e-01,-9.509693922636744401e-02,6.135772729680333271e-01,8.500000000000000611e-02,3.000000000000000000e+00,4.767840060099503025e+06
-4.923056492481104662e+00,3.700381950443251688e-01,-3.358097974295394250e-01,5.351353408444758930e-01,8.500000000000000611e-02,3.000000000000000000e+00,4.767840060099503025e+06
-5.282180876318228968e+00,4.797556038185125660e-01,4.195001088330826411e-01,8.720817380672063468e-01,8.500000000000000611e-02,3.000000000000000000e+00,4.767840060099503025e+06
-5.291428733803093643e+00,5.068475287622900005e-01,4.408920222265079181e-01,8.571800412819036152e-01,8.500000000000000611e-02,3.000000000000000000e+00,4.767840060099503025e+06
-5.101460683277366570e+00,3.536552385282321076e-01,1.569588250799660578e-01,8.968703747019654005e-01,8.500000000000000611e-02,3.000000000000000000e+00,4.767840060099503025e+06
-5.101460683277366570e+00,3.536552385282321076e-01,1.569588250799660578e-01,8.968703747019654005e-01,8.500000000000000611e-02,3.000000000000000000e+00,4.767840060099503025e+06
-5.099268936130002317e+00,3.665708091869610552e-01,1.637594895559022490e-01,8.926019528915318801e-01,8.500000000000000611e-02,3.000000000000000000e+00,4.767840060099503025e+06
-5.610062817785197886e+00,5.088825968170620495e-01,7.200238653611349404e-01,8.221949899336837841e-01,8.500000000000000611e-02,3.000000000000000000e+00,4.767840060099503025e+06
-5.616449383561193720e+00,5.225070480376436954e-01,7.779464497479662288e-01,8.671996944783698646e-01,8.500000000000000611e-02,3.000000000000000000e+00,4.767840060099503025e+06
-5.539522214669430511e+00,5.315591982358334189e-01,7.651909335554359926e-01,9.394192963057579338e-01,8.500000000000000611e-02,3.000000000000000000e+00,4.767840060099503025e+06
-5.642271961752960863e+00,6.121917616558064656e-01,1.106740725595348751e+00,1.131562917852182215e+00,8.500000000000000611e-02,3.000000000000000000e+00,4.767840060099503025e+06
-6.038098777518702498e+00,5.945774062811579608e-01,1.694502565848592157e+00,1.304811785403681146e+00,8.500000000000000611e-02,3.000000000000000000e+00,4.767840060099503025e+06
-6.268739948153412733e+00,6.071227507595977624e-01,2.037857928811192210e+00,1.396289507098644300e+00,8.500000000000000611e-02,3.000000000000000000e+00,4.767840060099503025e+06
-6.286468610558120673e+00,3.687292463075133586e-01,1.792997761061656536e+00,1.311097723943646987e+00,8.500000000000000611e-02,3.000000000000000000e+00,4.767840060099503025e+06
-6.278780823923478138e+00,3.767467452808597184e-01,1.791899427557610558e+00,1.311433916884927386e+00,8.500000000000000611e-02,3.000000000000000000e+00,4.767840060099503025e+06
-6.278780823923478138e+00,3.767467452808597184e-01,1.791899427557610558e+00,1.311433916884927386e+00,8.500000000000000611e-02,3.000000000000000000e+00,4.767840060099503025e+06
-6.194975796605704410e+00,4.202526866270469008e-01,1.744289125469013157e+00,1.319708727248158242e+00,8.500000000000000611e-02,3.000000000000000000e+00,4.767840060099503025e+06
-6.310901603880516575e+00,4.948854641858964065e-01,2.303686970803442424e+00,1.726280637550403618e+00,8.500000000000000611e-02,3.000000000000000000e+00,4.767840060099503025e+06
-6.043335154707376589e+00,5.315374212632976159e-01,1.895221799846604327e+00,1.565336535328433865e+00,8.500000000000000611e-02,3.000000000000000000e+00,4.767840060099503025e+06
-6.079226438196323912e+00,6.246708132482645670e-01,1.977227811109463662e+00,1.531812997256201792e+00,8.500000000000000611e-02,3.000000000000000000e+00,4.767840060099503025e+06
-6.053382862255469732e+00,5.005691376694894057e-01,1.984205610157766086e+00,1.689257834863299834e+00,8.500000000000000611e-02,3.000000000000000000e+00,4.767840060099503025e+06
-6.066671191222031467e+00,6.563551720375218057e-01,2.053168911414497089e+00,1.609701323262240802e+00,8.500000000000000611e-02,3.000000000000000000e+00,4.767840060099503025e+06
-6.223144459313761701e+00,5.577268367352521405e-01,2.372723351453624563e+00,1.855946965794980974e+00,8.500000000000000611e-02,3.000000000000000000e+00,4.767840060099503025e+06
-6.233661485647132849e+00,5.606118908163258974e-01,2.511304344909532915e+00,1.972192309016147282e+00,8.500000000000000611e-02,3.000000000000000000e+00,4.767840060099503025e+06
-6.061097011785659738e+00,6.049248795756657637e-01,2.252754859466427284e+00,1.851599364344575616e+00,8.500000000000000611e-02,3.000000000000000000e+00,4.767840060099503025e+06
-6.064758243918763725e+00,5.716483773683971314e-01,2.240665864415641639e+00,1.867035644586220178e+00,8.500000000000000611e-02,3.000000000000000000e+00,4.767840060099503025e+06
-5.836227733094485615e+00,7.429253662911972089e-01,2.015034081783608766e+00,1.721248923667306086e+00,8.500000000000000611e-02,3.000000000000000000e+00,4.767840060099503025e+06
-5.873084439572173743e+00,4.293839546712402422e-01,1.977322958082523119e+00,1.902923851567006608e+00,8.500000000000000611e-02,3.000000000000000000e+00,4.767840060099503025e+06
-5.765597900426347344e+00,5.856316835304857804e-01,1.972539531335651741e+00,1.895088853724392397e+00,8.500000000000000611e-02,3.000000000000000000e+00,4.767840060099503025e+06
-5.748563636732500370e+00,6.542233852761820678e-01,1.857742321162826782e+00,1.737012673345817326e+00,8.500000000000000611e-02,3.000000000000000000e+00,4.767840060099503025e+06
-5.735335432295692648e+00,6.562713920102115628e-01,1.719622772220084084e+00,1.612617832848929122e+00,8.500000000000000611e-02,3.000000000000000000e+00,4.767840060099503025e+06
-5.368478946199646273e+00,9.665458971299238922e-01,1.143040673372526905e+00,1.127061940189702405e+00,8.500000000000000611e-02,3.000000000000000000e+00,4.767840060099503025e+06
-6.297015223514441651e+00,6.132663554697033170e-01,2.057582429255114143e+00,1.431596266006113893e+00,8.500000000000000611e-02,3.000000000000000000e+00,4.767840060099503025e+06
-7.101384665990970291e+00,1.067782003437152794e+00,3.615720051284404768e+00,1.767237792095725180e+00,8.500000000000000611e-02,3.000000000000000000e+00,4.767840060099503025e+06
-6.443936102630935636e+00,9.968702509445974691e-01,2.585833471829775299e+00,1.488640622536261615e+00,8.500000000000000611e-02,3.000000000000000000e+00,4.767840060099503025e+06
-6.380099249169443709e+00,9.050069942494194386e-01,2.406357849018264439e+00,1.461476390232171685e+00,8.500000000000000611e-02,3.000000000000000000e+00,4.767840060099503025e+06
-6.544985741393874790e+00,1.315572844006294151e+00,3.192144538400042642e+00,1.725792211085506622e+00,8.500000000000000611e-02,3.000000000000000000e+00,4.767840060099503025e+06
-6.598838781487317284e+00,1.760947542267170318e+00,3.786354718975052158e+00,1.824900284783007809e+00,8.500000000000000611e-02,3.000000000000000000e+00,4.767840060099503025e+06
-6.532709326784687853e+00,1.681761178857877681e+00,3.474721287921306967e+00,1.646409257210069033e+00,8.500000000000000611e-02,3.000000000000000000e+00,4.767840060099503025e+06
-6.463852727925396557e+00,1.267051451672744689e+00,2.830540156835947840e+00,1.461883215213287457e+00,8.500000000000000611e-02,3.000000000000000000e+00,4.767840060099503025e+06
-6.718916746797319206e+00,1.017400990169591513e+00,3.025637032081772038e+00,1.629066953281657959e+00,8.500000000000000611e-02,3.000000000000000000e+00,4.767840060099503025e+06
-6.584791444301864694e+00,1.032071416487038817e+00,2.796051428584025889e+00,1.518743143639122106e+00,8.500000000000000611e-02,3.000000000000000000e+00,4.767840060099503025e+06
-6.605276706602512427e+00,1.038439655101026649e+00,2.842992876455919138e+00,1.541390410914223352e+00,8.500000000000000611e-02,3.000000000000000000e+00,4.767840060099503025e+06
-6.467905491691652742e+00,1.299303596193696508e+00,2.822846141302889578e+00,1.402084117051114909e+00,8.500000000000000611e-02,3.000000000000000000e+00,4.767840060099503025e+06
-6.467695728134703614e+00,9.038081269198374734e-01,2.434211018809183003e+00,1.382897735870210587e+00,8.500000000000000611e-02,3.000000000000000000e+00,4.767840060099503025e+06
-5.756794512686223442e+00,9.255599595018464409e-01,1.522683864820087329e+00,1.189682130785848502e+00,8.500000000000000611e-02,3.000000000000000000e+00,4.767840060099503025e+06
-5.636548333205044337e+00,7.871842468324097286e-01,1.311111918236689933e+00,1.249511310852803314e+00,8.500000000000000611e-02,3.000000000000000000e+00,4.767840060099503025e+06
-5.411395336943854772e+00,1.033529019885670142e+00,9.610340865929112297e-01,8.569706516864725732e-01,8.500000000000000611e-02,3.000000000000000000e+00,4.767840060099503025e+06
-5.758431608231438403e+00,6.082072301472450926e-01,9.587940343373095864e-01,8.631344243166134689e-01,8.500000000000000611e-02,3.000000000000000000e+00,4.767840060099503025e+06
-5.654386263743845120e+00,6.685737936367504020e-01,5.918210885612538164e-01,4.754830957251185986e-01,8.500000000000000611e-02,3.000000000000000000e+00,4.767840060099503025e+06
-5.606570124891991469e+00,6.977426962483895823e-01,5.740617559200335007e-01,4.879929847148396505e-01,8.500000000000000611e-02,3.000000000000000000e+00,4.767840060099503025e+06
-5.626392026568798777e+00,6.213527421265838679e-01,5.356316164539534075e-01,5.029661293403780986e-01,8.500000000000000611e-02,3.000000000000000000e+00,4.767840060099503025e+06
-5.462459067633428589e+00,1.056116024876673221e+00,7.469567559264632672e-01,4.922246293096496639e-01,8.500000000000000611e-02,3.000000000000000000e+00,4.767840060099503025e+06
-5.239849540746464029e+00,1.114809126974155573e+00,7.043387387084187878e-01,7.161720117295279353e-01,8.500000000000000611e-02,3.000000000000000000e+00,4.767840060099503025e+06
-5.587169072177377238e+00,1.688519894325246185e+00,1.786135489995273495e+00,8.854855206975522641e-01,8.500000000000000611e-02,3.000000000000000000e+00,4.767840060099503025e+06
-5.403271251799177222e+00,1.700256995325824860e+00,1.421385920915363865e+00,6.698238490066249495e-01,8.500000000000000611e-02,3.000000000000000000e+00,4.767840060099503025e+06
-4.734398932180899244e+00,2.361435099319400877e+00,1.168744743054928703e+00,4.473670000474393449e-01,8.500000000000000611e-02,3.000000000000000000e+00,4.767840060099503025e+06
-5.330703827173053355e+00,1.719936690163778925e+00,1.263284784877491962e+00,5.243659839944031509e-01,8.500000000000000611e-02,3.000000000000000000e+00,4.767840060099503025e+06
-5.346674718955123140e+00,2.045268850126198856e+00,1.556638188760951946e+00,4.906114193063253470e-01,8.500000000000000611e-02,3.000000000000000000e+00,4.767840060099503025e+06
-5.123192217631507894e+00,1.307160342418851151e+00,6.082706566924214187e-01,5.228748412732775463e-01,8.500000000000000611e-02,3.000000000000000000e+00,4.767840060099503025e+06
-4.313026988591275313e+00,1.678889193626265985e+00,-1.588603347808057453e-01,8.299318004251421410e-02,8.500000000000000611e-02,3.000000000000000000e+00,4.767840060099503025e+06
-4.974539450687878173e+00,1.166746043243943376e+00,1.488891114370667346e-01,2.185482695356835425e-01,8.500000000000000611e-02,3.000000000000000000e+00,4.767840060099503025e+06
-5.640439774048218169e+00,1.421901144701849473e+00,1.039427598812131315e+00,1.228918493294001713e-01,8.500000000000000611e-02,3.000000000000000000e+00,4.767840060099503025e+06
-5.782522009426683596e+00,1.527977257243460674e+00,1.389251388211713012e+00,2.617341980113787603e-01,8.500000000000000611e-02,3.000000000000000000e+00,4.767840060099503025e+06
-6.111580093277873438e+00,2.149691568516426177e+00,2.431649147099494535e+00,4.052303550881707350e-01,8.500000000000000611e-02,3.000000000000000000e+00,4.767840060099503025e+06
-6.769963180192882568e+00,2.461403217187824843e+00,3.613871335540419949e+00,6.721990977373931697e-01,8.500000000000000611e-02,3.000000000000000000e+00,4.767840060099503025e+06
-6.742963623468575030e+00,2.451001422775467287e+00,3.695714525851065080e+00,8.332179619923713032e-01,8.500000000000000611e-02,3.000000000000000000e+00,4.767840060099503025e+06
-6.132761901301393870e+00,1.931068409804135300e+00,2.588674732935207334e+00,9.049251930046356973e-01,8.500000000000000611e-02,3.000000000000000000e+00,4.767840060099503025e+06
-6.113180921996852035e+00,2.343323983044737879e+00,2.898394304811178213e+00,8.171459324182923645e-01,8.500000000000000611e-02,3.000000000000000000e+00,4.767840060099503025e+06
-5.946154927392322875e+00,2.922885781803947314e+00,2.989486346597723276e+00,4.014751835212773123e-01,8.500000000000000611e-02,3.000000000000000000e+00,4.767840060099503025e+06
-5.946154927392322875e+00,2.922885781803947314e+00,2.989486346597723276e+00,4.014751835212773123e-01,8.500000000000000611e-02,3.000000000000000000e+00,4.767840060099503025e+06
-5.370134589492367994e+00,1.705778704027718362e+00,1.153326554680453864e+00,3.170628015609870398e-01,8.500000000000000611e-02,3.000000000000000000e+00,4.767840060099503025e+06
-5.162684898308686599e+00,1.516480437206277232e+00,5.588008211922259605e-01,5.130460538921244318e-03,8.500000000000000611e-02,3.000000000000000000e+00,4.767840060099503025e+06
-5.252795980818969923e+00,1.907124783361819675e+00,1.145888194393240411e+00,1.721473038600626893e-01,8.500000000000000611e-02,3.000000000000000000e+00,4.767840060099503025e+06
-5.574168751867423666e+00,1.244390952858168697e+00,9.690490820649374504e-01,3.992168261797931494e-01,8.500000000000000611e-02,3.000000000000000000e+00,4.767840060099503025e+06
-4.460252857239829893e+00,1.219397147551746663e+00,-7.615668928930530157e-02,5.895060886396977784e-01,8.500000000000000611e-02,3.000000000000000000e+00,4.767840060099503025e+06
-4.719014983707991107e+00,1.392505430250119636e+00,3.561478730281433247e-01,5.702777354069830107e-01,8.500000000000000611e-02,3.000000000000000000e+00,4.767840060099503025e+06
-4.910549947894895517e+00,9.829917887545571720e-01,6.626750177913898199e-02,4.813951086803091028e-01,8.500000000000000611e-02,3.000000000000000000e+00,4.767840060099503025e+06
-5.000891310267570056e+00,9.818538584529716839e-01,1.744542074043294866e-01,4.832224199972298684e-01,8.500000000000000611e-02,3.000000000000000000e+00,4.767840060099503025e+06
-5.074611633653549170e+00,9.239901656680329367e-01,1.845211703500618805e-01,4.682398893902249837e-01,8.500000000000000611e-02,3.000000000000000000e+00,4.767840060099503025e+06
-5.240873649834070669e+00,1.258705840481316063e+00,8.015978677491548687e-01,6.400643879090958110e-01,8.500000000000000611e-02,3.000000000000000000e+00,4.767840060099503025e+06
-4.926190212347805186e+00,1.358293010470956741e+00,5.747354946268369291e-01,6.387739006138861697e-01,8.500000000000000611e-02,3.000000000000000000e+00,4.767840060099503025e+06
-5.235869076718730142e+00,1.310458041588034250e+00,8.353372328309778272e-01,6.161921643325547482e-01,8.500000000000000611e-02,3.000000000000000000e+00,4.767840060099503025e+06
-5.493575535043583535e+00,1.161016389622631095e+00,7.569662034716665433e-01,3.119562161417416823e-01,8.500000000000000611e-02,3.000000000000000000e+00,4.767840060099503025e+06
-5.483008428540022905e+00,1.191652454349570567e+00,7.877041734746184076e-01,3.168751725251872098e-01,8.500000000000000611e-02,3.000000000000000000e+00,4.767840060099503025e+06
-5.797407348988492970e+00,8.396225475934075977e-01,7.379951624181273484e-01,2.653645108195967772e-01,8.500000000000000611e-02,3.000000000000000000e+00,4.767840060099503025e+06
-5.764836139313558760e+00,1.260236654488509078e+00,1.127151422968724281e+00,2.943286280814670364e-01,8.500000000000000611e-02,3.000000000000000000e+00,4.767840060099503025e+06
-5.234605455420950904e+00,1.069537160108708473e+00,3.801500405299347296e-01,3.387511271656568068e-01,8.500000000000000611e-02,3.000000000000000000e+00,4.767840060099503025e+06
-5.654573312800021512e+00,1.083980745156425174e+00,1.251860038355812055e+00,8.860604385505255198e-01,8.500000000000000611e-02,3.000000000000000000e+00,4.767840060099503025e+06
-5.926815680935624719e+00,1.443605806881244291e+00,1.806481899569035710e+00,7.825184548686792141e-01,8.500000000000000611e-02,3.000000000000000000e+00,4.767840060099503025e+06
-5.650800547810601593e+00,1.649910113176306314e+00,1.926522288438332176e+00,1.028316131602752037e+00,8.500000000000000611e-02,3.000000000000000000e+00,4.767840060099503025e+06
-5.992466527138105903e+00,1.686044536218918255e+00,2.539984292019085821e+00,1.280716962616895049e+00,8.500000000000000611e-02,3.000000000000000000e+00,4.767840060099503025e+06
-5.723131449040302243e+00,1.256890031341096003e+00,1.893337420639049640e+00,1.330890332553972710e+00,8.500000000000000611e-02,3.000000000000000000e+00,4.767840060099503025e+06
-5.733874968173791054e+00,1.458028861773166929e+00,1.416513886243830456e+00,4.841357086607400717e-01,8.500000000000000611e-02,3.000000000000000000e+00,4.767840060099503025e+06
-6.141113011436159397e+00,9.540587116579067883e-01,1.537585211451817813e+00,7.178810559493551402e-01,8.500000000000000611e-02,3.000000000000000000e+00,4.767840060099503025e+06
-5.975086751378567484e+00,1.141034406043282212e+00,1.482167599907635136e+00,6.555401293053602085e-01,8.500000000000000611e-02,3.000000000000000000e+00,4.767840060099503025e+06
-6.837184640728812823e+00,1.637383671874767188e+00,2.893611053902766628e+00,7.140173148579391782e-01,8.500000000000000611e-02,3.000000000000000000e+00,4.767840060099503025e+06
-6.242050426649002226e+00,1.756498932510878852e+00,2.466732399139355270e+00,7.973672324045961712e-01,8.500000000000000611e-02,3.000000000000000000e+00,4.767840060099503025e+06
-6.412561241208007523e+00,2.138284472846486928e+00,2.971292024394008191e+00,7.576995879298533687e-01,8.500000000000000611e-02,3.000000000000000000e+00,4.767840060099503025e+06
-6.399414370249917994e+00,1.780417944899877591e+00,2.704122965245955079e+00,8.683278326352203980e-01,8.500000000000000611e-02,3.000000000000000000e+00,4.767840060099503025e+06
-6.577445248925200438e+00,1.753508735766288629e+00,2.893871367439650122e+00,9.041142482777257960e-01,8.500000000000000611e-02,3.000000000000000000e+00,4.767840060099503025e+06
-7.172816036424396913e+00,1.968861510863212594e+00,3.540106499419874098e+00,6.903929475998229481e-01,8.500000000000000611e-02,3.000000000000000000e+00,4.767840060099503025e+06
-6.815677186525422648e+00,2.039795059721423609e+00,3.239729406604511031e+00,6.813475060598497279e-01,8.500000000000000611e-02,3.000000000000000000e+00,4.767840060099503025e+06
-6.105904432583568742e+00,2.267751241672455453e+00,2.719598229753459329e+00,7.080417736891857494e-01,8.500000000000000611e-02,3.000000000000000000e+00,4.767840060099503025e+06
-5.886996459757273925e+00,2.244519783892616971e+00,2.413255225432926032e+00,6.267656776206745883e-01,8.500000000000000611e-02,3.000000000000000000e+00,4.767840060099503025e+06
-6.705348423023415272e+00,2.490039991224620497e+00,3.975898780991204085e+00,1.167815042540390147e+00,8.500000000000000611e-02,3.000000000000000000e+00,4.767840060099503025e+06
-6.415947796624442923e+00,2.056871761110888652e+00,3.425638694397572515e+00,1.342819582037473758e+00,8.500000000000000611e-02,3.000000000000000000e+00,4.767840060099503025e+06
-6.415947796624442923e+00,2.056871761110888652e+00,3.425638694397572515e+00,1.342819582037473758e+00,8.500000000000000611e-02,3.000000000000000000e+00,4.767840060099503025e+06
-6.513431599040528930e+00,2.515615894367272620e+00,3.807247529450881185e+00,1.188260192801382509e+00,8.500000000000000611e-02,3.000000000000000000e+00,4.767840060099503025e+06
-5.826594405784247144e+00,2.619373956262423420e+00,2.997383991791136015e+00,9.329741741542725286e-01,8.500000000000000611e-02,3.000000000000000000e+00,4.767840060099503025e+06
-5.880506902996572194e+00,2.785241695701852205e+00,2.949168479099420814e+00,6.215222895007964654e-01,8.500000000000000611e-02,3.000000000000000000e+00,4.767840060099503025e+06
-5.832612340547090213e+00,2.930813277487954505e+00,3.052375885282677004e+00,6.436837960413801518e-01,8.500000000000000611e-02,3.000000000000000000e+00,4.767840060099503025e+06
-5.667932829834778197e+00,2.564575020644404901e+00,2.730022189084430728e+00,8.735433546550706030e-01,8.500000000000000611e-02,3.000000000000000000e+00,4.767840060099503025e+06
-5.461460826621236997e+00,2.134687994807511036e+00,1.904501862661737821e+00,6.271367545278546674e-01,8.500000000000000611e-02,3.000000000000000000e+00,4.767840060099503025e+06
-5.781856767974465683e+00,2.974785447301583563e+00,3.173734166745689755e+00,7.764191343214807972e-01,8.500000000000000611e-02,3.000000000000000000e+00,4.767840060099503025e+06
-6.083414945281289121e+00,2.434042299162608280e+00,2.957301385682960415e+00,7.684908735051093620e-01,8.500000000000000611e-02,3.000000000000000000e+00,4.767840060099503025e+06
-6.310475078079885058e+00,2.650190726158615284e+00,3.365401159943898435e+00,7.113553592875645482e-01,8.500000000000000611e-02,3.000000000000000000e+00,4.767840060099503025e+06
-6.751664375675092700e+00,2.585463732425851369e+00,3.801089775306412122e+00,7.565858289255940061e-01,8.500000000000000611e-02,3.000000000000000000e+00,4.767840060099503025e+06
-6.162775941633395149e+00,2.508379443836378453e+00,3.130579597806306236e+00,7.914935959731633774e-01,8.500000000000000611e-02,3.000000000000000000e+00,4.767840060099503025e+06
-5.866063080917271577e+00,2.273575841506801254e+00,2.628067490652354010e+00,8.447497224093676316e-01,8.500000000000000611e-02,3.000000000000000000e+00,4.767840060099503025e+06
-5.934414034724996512e+00,2.588225936073743405e+00,2.811769797291980844e+00,6.279378943816525949e-01,8.500000000000000611e-02,3.000000000000000000e+00,4.767840060099503025e+06
-6.165926233276410429e+00,2.960344717259847602e+00,3.385565724369909990e+00,5.779874643296536441e-01,8.500000000000000611e-02,3.000000000000000000e+00,4.767840060099503025e+06
-6.245491253881910509e+00,2.563894282152151760e+00,3.051040995958314905e+00,5.170954638912133028e-01,8.500000000000000611e-02,3.000000000000000000e+00,4.767840060099503025e+06
-5.943897737993711239e+00,2.431011676385581133e+00,2.501006900215048567e+00,3.915292748329748385e-01,8.500000000000000611e-02,3.000000000000000000e+00,4.767840060099503025e+06
-6.020143428848591327e+00,2.341213350638898127e+00,2.574435007481331361e+00,4.821496039066950345e-01,8.500000000000000611e-02,3.000000000000000000e+00,4.767840060099503025e+06
-5.754931160253983435e+00,1.834808274097759817e+00,1.776786584485093190e+00,4.318280542940653444e-01,8.500000000000000611e-02,3.000000000000000000e+00,4.767840060099503025e+06
-5.885516432476732618e+00,1.185870557605953168e+00,1.207851053571519895e+00,2.982442612090435707e-01,8.500000000000000611e-02,3.000000000000000000e+00,4.767840060099503025e+06
-6.145783830397308911e+00,1.005254694473449284e+00,1.324366632389113896e+00,3.106646099822444329e-01,8.500000000000000611e-02,3.000000000000000000e+00,4.767840060099503025e+06
-6.098835406950826155e+00,1.204984638809389663e+00,1.462559711270377871e+00,3.295126319086962297e-01,8.500000000000000611e-02,3.000000000000000000e+00,4.767840060099503025e+06
-6.131071777311468018e+00,9.268086289250070386e-01,1.344836451820252909e+00,4.861832723601382522e-01,8.500000000000000611e-02,3.000000000000000000e+00,4.767840060099503025e+06
-5.964618803415022263e+00,1.163934561120205879e+00,1.192061885445814262e+00,2.066812616844969086e-01,8.500000000000000611e-02,3.000000000000000000e+00,4.767840060099503025e+06
-6.000794819427935245e+00,1.107077426061082059e+00,1.258636080215076003e+00,3.277609148838847020e-01,8.500000000000000611e-02,3.000000000000000000e+00,4.767840060099503025e+06
-5.974361409781400845e+00,7.628185612713601627e-01,1.096385003007186443e+00,5.993469412888994263e-01,8.500000000000000611e-02,3.000000000000000000e+00,4.767840060099503025e+06
-6.057596063375247475e+00,7.191329553300735977e-01,1.034157373312617034e+00,4.497640851134520057e-01,8.500000000000000611e-02,3.000000000000000000e+00,4.767840060099503025e+06
-6.067112234562318740e+00,8.827713226241020728e-01,1.208095240838877871e+00,4.607166638812646431e-01,8.500000000000000611e-02,3.000000000000000000e+00,4.767840060099503025e+06
-6.216581214405709765e+00,1.225194489734207526e+00,1.746546942911610500e+00,6.028131016555746680e-01,8.500000000000000611e-02,3.000000000000000000e+00,4.767840060099503025e+06
-5.451171665003341715e+00,9.548156705596292371e-01,8.307950271227702022e-01,7.411376843438313156e-01,8.500000000000000611e-02,3.000000000000000000e+00,4.767840060099503025e+06
-5.408191804992124929e+00,1.855564340942399637e+00,1.762968266891928870e+00,8.920015778483512126e-01,8.500000000000000611e-02,3.000000000000000000e+00,4.767840060099503025e+06
-5.836142072482825682e+00,1.712215778272877298e+00,2.344712104869055569e+00,1.219565131691716209e+00,8.500000000000000611e-02,3.000000000000000000e+00,4.767840060099503025e+06
-5.710643231787244645e+00,1.525968002027843884e+00,1.983909514647850925e+00,1.155244462079328294e+00,8.500000000000000611e-02,3.000000000000000000e+00,4.767840060099503025e+06
-5.836274006907098411e+00,1.331704466359167949e+00,2.094115618390839817e+00,1.326157889329519612e+00,8.500000000000000611e-02,3.000000000000000000e+00,4.767840060099503025e+06
-5.641441442176129861e+00,1.595379425319699340e+00,1.533073893448686054e+00,6.586920978529957615e-01,8.500000000000000611e-02,3.000000000000000000e+00,4.767840060099503025e+06
-5.343053764849304166e+00,1.268177410111334114e+00,9.746443866294658420e-01,7.389813194582981470e-01,8.500000000000000611e-02,3.000000000000000000e+00,4.767840060099503025e+06
-5.741748567760492250e+00,1.334283096195173712e+00,1.406203961864504803e+00,6.668689265897937979e-01,8.500000000000000611e-02,3.000000000000000000e+00,4.767840060099503025e+06
-5.676796224515300970e+00,1.535056942932555790e+00,1.514914635049982472e+00,6.338196310617288942e-01,8.500000000000000611e-02,3.000000000000000000e+00,4.767840060099503025e+06
-6.735702743855028984e+00,1.550895996881048733e+00,2.686999020730314047e+00,6.927923140479994579e-01,8.500000000000000611e-02,3.000000000000000000e+00,4.767840060099503025e+06
-6.319045046855321424e+00,2.112101793962126717e+00,2.706620539444603679e+00,5.823046178203740153e-01,8.500000000000000611e-02,3.000000000000000000e+00,4.767840060099503025e+06
-6.077241637361547433e+00,1.972074570785941727e+00,2.244228717395768236e+00,4.674239670579977135e-01,8.500000000000000611e-02,3.000000000000000000e+00,4.767840060099503025e+06
-6.940439496724978063e+00,2.366085562357348682e+00,3.627108298157638799e+00,5.823177716300315110e-01,8.500000000000000611e-02,3.000000000000000000e+00,4.767840060099503025e+06
-6.565644850215683448e+00,2.000296029553449983e+00,2.839958837391449276e+00,5.099949813979346436e-01,8.500000000000000611e-02,3.000000000000000000e+00,4.767840060099503025e+06
-6.176159848766539895e+00,1.735186077197309107e+00,2.192904808434233299e+00,5.344185285802719454e-01,8.500000000000000611e-02,3.000000000000000000e+00,4.767840060099503025e+06
-6.256252051883485876e+00,2.012153403555891895e+00,2.471789682300706836e+00,4.529083256315649675e-01,8.500000000000000611e-02,3.000000000000000000e+00,4.767840060099503025e+06
-6.329611239609955753e+00,1.822782982592883405e+00,2.366269489830683526e+00,4.642621664361999412e-01,8.500000000000000611e-02,3.000000000000000000e+00,4.767840060099503025e+06
-6.298883339120099123e+00,1.631816747584684091e+00,2.201012468968220670e+00,5.153904864496741123e-01,8.500000000000000611e-02,3.000000000000000000e+00,4.767840060099503025e+06
-6.831705305800076289e+00,1.577070090118734447e+00,2.750882641822747221e+00,5.714393369027310765e-01,8.500000000000000611e-02,3.000000000000000000e+00,4.767840060099503025e+06
-7.048543188120765635e+00,1.472594396383783755e+00,2.930805006086807829e+00,6.843093294325485187e-01,8.500000000000000611e-02,3.000000000000000000e+00,4.767840060099503025e+06
-6.479703748022816789e+00,1.260719743891347999e+00,2.050181522853478988e+00,5.976098432685353901e-01,8.500000000000000611e-02,3.000000000000000000e+00,4.767840060099503025e+06
-6.441396623368925489e+00,1.448237431223201810e+00,2.386682018213820200e+00,8.272573485622128908e-01,8.500000000000000611e-02,3.000000000000000000e+00,4.767840060099503025e+06
-6.377042792363332602e+00,1.242606298063960502e+00,2.203662387244952559e+00,9.152146094059281367e-01,8.500000000000000611e-02,3.000000000000000000e+00,4.767840060099503025e+06
-6.242731354471087180e+00,1.521253471068101826e+00,2.297391299666501574e+00,8.855423120513420399e-01,8.500000000000000611e-02,3.000000000000000000e+00,4.767840060099503025e+06
-6.150009220774396823e+00,1.557570194917168749e+00,2.160126872213976590e+00,7.999604978642396169e-01,8.500000000000000611e-02,3.000000000000000000e+00,4.767840060099503025e+06
-5.624942968769452101e+00,8.172805521783390592e-01,5.945715446370009039e-01,3.218799107020522410e-01,8.500000000000000611e-02,3.000000000000000000e+00,4.767840060099503025e+06
-5.565422275539520847e+00,7.708269624524549668e-01,4.656245028552425391e-01,2.418903302298622271e-01,8.500000000000000611e-02,3.000000000000000000e+00,4.767840060099503025e+06
-5.451734663773731171e+00,9.521925216318136709e-01,5.089651003360651238e-01,2.600139705581477889e-01,8.500000000000000611e-02,3.000000000000000000e+00,4.767840060099503025e+06
-5.588599608965921561e+00,1.082908092283735302e+00,8.365611519681330766e-01,3.595033695172950017e-01,8.500000000000000611e-02,3.000000000000000000e+00,4.767840060099503025e+06
-5.407070398776084197e+00,8.222424543181933165e-01,3.571020561608229116e-01,2.866277511687863599e-01,8.500000000000000611e-02,3.000000000000000000e+00,4.767840060099503025e+06
-5.506770600268437121e+00,1.097652841188597073e+00,6.918363944371219709e-01,2.540638080731512094e-01,8.500000000000000611e-02,3.000000000000000000e+00,4.767840060099503025e+06
-5.912813074102443167e+00,1.112267644094241170e+00,1.155396808523931895e+00,2.871918802280625793e-01,8.500000000000000611e-02,3.000000000000000000e+00,4.767840060099503025e+06
-5.717711196317858402e+00,1.288236889512575978e+00,1.208077932159661083e+00,4.390292951601303395e-01,8.500000000000000611e-02,3.000000000000000000e+00,4.767840060099503025e+06
-5.684890130156593280e+00,1.740803922180106600e+00,1.576648618156065940e+00,3.731318342886662531e-01,8.500000000000000611e-02,3.000000000000000000e+00,4.767840060099503025e+06
-6.078882510650332804e+00,2.149032881421836905e+00,2.509206329371585831e+00,5.502448583338610533e-01,8.500000000000000611e-02,3.000000000000000000e+00,4.767840060099503025e+06
-6.419620452062098970e+00,2.441071131015386086e+00,3.031809336422703005e+00,3.746446092045762066e-01,8.500000000000000611e-02,3.000000000000000000e+00,4.767840060099503025e+06
-5.162191045554211044e+00,2.516888880035564657e+00,1.733503212711683394e+00,3.605382260570862418e-01,8.500000000000000611e-02,3.000000000000000000e+00,4.767840060099503025e+06
-5.687302716262417235e+00,2.647367558811883903e+00,2.366841854404190482e+00,2.871967242375737528e-01,8.500000000000000611e-02,3.000000000000000000e+00,4.767840060099503025e+06
-5.308294193236519298e+00,2.994011038391218626e+00,2.348806583306587648e+00,3.055574754316311425e-01,8.500000000000000611e-02,3.000000000000000000e+00,4.767840060099503025e+06
-5.322211012125053209e+00,2.958383445224399999e+00,2.365854212875080798e+00,3.482616899833458346e-01,8.500000000000000611e-02,3.000000000000000000e+00,4.767840060099503025e+06
-5.355268125783833710e+00,2.609032791727743827e+00,2.121899739576214472e+00,4.109069822678056427e-01,8.500000000000000611e-02,3.000000000000000000e+00,4.767840060099503025e+06
-5.346675187435275589e+00,2.976395790225455862e+00,2.591521125624283162e+00,5.869466048642154599e-01,8.500000000000000611e-02,3.000000000000000000e+00,4.767840060099503025e+06
-5.422298095166214082e+00,2.903799196884568889e+00,2.667086801891600967e+00,6.838001598006699933e-01,8.500000000000000611e-02,3.000000000000000000e+00,4.767840060099503025e+06
-5.764601511882045060e+00,2.552584272774823138e+00,2.816251431454517729e+00,8.118685026330793031e-01,8.500000000000000611e-02,3.000000000000000000e+00,4.767840060099503025e+06
-5.011392190091177312e+00,2.782175378917280284e+00,2.718816259133510549e+00,1.342272201451124136e+00,8.500000000000000611e-02,3.000000000000000000e+00,4.767840060099503025e+06
-5.545193623626224699e+00,2.188373680272615918e+00,2.836044695481961142e+00,1.519206979119562817e+00,8.500000000000000611e-02,3.000000000000000000e+00,4.767840060099503025e+06
-5.511741728756528680e+00,2.638215352289787763e+00,3.283586714453764266e+00,1.577958078786865670e+00,8.500000000000000611e-02,3.000000000000000000e+00,4.767840060099503025e+06
-5.325409621706560515e+00,2.877845896091359990e+00,3.432438991054370447e+00,1.685569520816739164e+00,8.500000000000000611e-02,3.000000000000000000e+00,4.767840060099503025e+06
-5.465478174511697596e+00,2.745798151526667841e+00,3.342407157999865319e+00,1.571570094703053977e+00,8.500000000000000611e-02,3.000000000000000000e+00,4.767840060099503025e+06
-5.356272919984032654e+00,2.856433453163730540e+00,3.392251691802786073e+00,1.624782952646425027e+00,8.500000000000000611e-02,3.000000000000000000e+00,4.767840060099503025e+06
-5.368355464286543643e+00,2.976682238211952658e+00,3.835236393174395797e+00,1.957867627413991229e+00,8.500000000000000611e-02,3.000000000000000000e+00,4.767840060099503025e+06
-5.792723579847059767e+00,2.419019975490762420e+00,3.402632401211354018e+00,1.609626150546005885e+00,8.500000000000000611e-02,3.000000000000000000e+00,4.767840060099503025e+06
-5.499215439106339254e+00,2.839781526329016259e+00,3.563171793413155708e+00,1.668590759372364785e+00,8.500000000000000611e-02,3.000000000000000000e+00,4.767840060099503025e+06
-5.380310985542379854e+00,2.607606170665410783e+00,3.160396108486562383e+00,1.635588361320972961e+00,8.500000000000000611e-02,3.000000000000000000e+00,4.767840060099503025e+06
-5.369573240504803557e+00,2.652323621579078861e+00,3.183537365914172579e+00,1.622095463253149239e+00,8.500000000000000611e-02,3.000000000000000000e+00,4.767840060099503025e+06
-5.297179479797278212e+00,2.618561052016495694e+00,2.880222907026177559e+00,1.422004860470780008e+00,8.500000000000000611e-02,3.000000000000000000e+00,4.767840060099503025e+06
-5.227467416172360437e+00,2.474668720933347110e+00,2.701823668189646810e+00,1.441850223052065338e+00,8.500000000000000611e-02,3.000000000000000000e+00,4.767840060099503025e+06
-5.345392741219417765e+00,2.460007048565695520e+00,2.743953904685927370e+00,1.374164844913085215e+00,8.500000000000000611e-02,3.000000000000000000e+00,4.767840060099503025e+06
-5.397880969124998707e+00,2.675226856549963728e+00,3.206581211425056033e+00,1.578956296430204853e+00,8.500000000000000611e-02,3.000000000000000000e+00,4.767840060099503025e+06
-5.452205724725036617e+00,2.681880511335821282e+00,3.122959504310869772e+00,1.409108487285783973e+00,8.500000000000000611e-02,3.000000000000000000e+00,4.767840060099503025e+06
-5.690558380987958742e+00,2.738920871728538042e+00,3.850341111662930693e+00,1.886225618679776339e+00,8.500000000000000611e-02,3.000000000000000000e+00,4.767840060099503025e+06
-5.820456002001655804e+00,2.591994887493784816e+00,3.743329797725655883e+00,1.784143163857744963e+00,8.500000000000000611e-02,3.000000000000000000e+00,4.767840060099503025e+06
-5.887393109137708080e+00,2.444454287941277393e+00,3.498259613319045336e+00,1.602130700106076944e+00,8.500000000000000611e-02,3.000000000000000000e+00,4.767840060099503025e+06
-5.744696740910320898e+00,2.511906245242681912e+00,3.683165316537583056e+00,1.873185313279956965e+00,8.500000000000000611e-02,3.000000000000000000e+00,4.767840060099503025e+06
-5.883192404061044378e+00,2.576507143605640149e+00,3.625175361434989529e+00,1.599639134968078746e+00,8.500000000000000611e-02,3.000000000000000000e+00,4.767840060099503025e+06
-6.043554373036725380e+00,2.631231449127098276e+00,3.621663027929012735e+00,1.365378872520914832e+00,8.500000000000000611e-02,3.000000000000000000e+00,4.767840060099503025e+06
-6.114664818512016708e+00,2.613809513286080133e+00,3.823505024788241169e+00,1.536530139511503190e+00,8.500000000000000611e-02,3.000000000000000000e+00,4.767840060099503025e+06
-5.892213935737817820e+00,2.663051187381886287e+00,3.670006877920164889e+00,1.569089650966256411e+00,8.500000000000000611e-02,3.000000000000000000e+00,4.767840060099503025e+06
-5.935165832135552044e+00,2.303797584312835767e+00,3.555826765690452973e+00,1.752097332196232315e+00,8.500000000000000611e-02,3.000000000000000000e+00,4.767840060099503025e+06
-5.881519895296580813e+00,2.419785840518112963e+00,3.462954051373960063e+00,1.584531852104398952e+00,8.500000000000000611e-02,3.000000000000000000e+00,4.767840060099503025e+06
-5.907320955665771756e+00,2.637857980789856782e+00,3.633714326214127599e+00,1.522855995495075332e+00,8.500000000000000611e-02,3.000000000000000000e+00,4.767840060099503025e+06
-5.994056958468261698e+00,2.503202267372132805e+00,3.490170182501515672e+00,1.402571136755085490e+00,8.500000000000000611e-02,3.000000000000000000e+00,4.767840060099503025e+06
-6.012902792142075903e+00,2.732056666504985021e+00,3.773728873168083364e+00,1.457409788681730323e+00,8.500000000000000611e-02,3.000000000000000000e+00,4.767840060099503025e+06
-6.063921174574992357e+00,2.662519697782023798e+00,3.798625158695990045e+00,1.498257464139084671e+00,8.500000000000000611e-02,3.000000000000000000e+00,4.767840060099503025e+06
-5.981901790194265267e+00,2.649740496735886630e+00,3.605832503722243843e+00,1.393441661176804125e+00,8.500000000000000611e-02,3.000000000000000000e+00,4.767840060099503025e+06
-5.994222364023299221e+00,2.721035242116072617e+00,3.738667132421380934e+00,1.448311086510893242e+00,8.500000000000000611e-02,3.000000000000000000e+00,4.767840060099503025e+06
-5.968197237674491618e+00,2.728562429345051221e+00,3.696478228580529546e+00,1.423197343907939283e+00,8.500000000000000611e-02,3.000000000000000000e+00,4.767840060099503025e+06
-5.857114791960068345e+00,2.717431122949399924e+00,3.468373886538238082e+00,1.310990352927096758e+00,8.500000000000000611e-02,3.000000000000000000e+00,4.767840060099503025e+06
-5.875298217904549425e+00,2.624084585081591037e+00,3.429765725376562102e+00,1.355792485405193482e+00,8.500000000000000611e-02,3.000000000000000000e+00,4.767840060099503025e+06
-6.066342131587941111e+00,2.265482780901124649e+00,3.496868028061528744e+00,1.604979902917984091e+00,8.500000000000000611e-02,3.000000000000000000e+00,4.767840060099503025e+06
-6.029100440592035426e+00,2.066268400935541649e+00,3.163173988641450940e+00,1.485043256811447554e+00,8.500000000000000611e-02,3.000000000000000000e+00,4.767840060099503025e+06
-6.167644518159098865e+00,2.354743800684182542e+00,3.579663306659889521e+00,1.481646237036068348e+00,8.500000000000000611e-02,3.000000000000000000e+00,4.767840060099503025e+06
-5.946194110130014643e+00,2.333308650193904210e+00,3.510839285768124540e+00,1.685739609063975131e+00,8.500000000000000611e-02,3.000000000000000000e+00,4.767840060099503025e+06
-5.551905520249873938e+00,1.981331276762383853e+00,2.867104220700869455e+00,1.799585303144609405e+00,8.500000000000000611e-02,3.000000000000000000e+00,4.767840060099503025e+06
-5.562175318392258205e+00,1.977447086933820097e+00,2.834420817538759074e+00,1.755248606725647642e+00,8.500000000000000611e-02,3.000000000000000000e+00,4.767840060099503025e+06
-5.637428546436630050e+00,1.673636346782464202e+00,2.343553877904437144e+00,1.448600394918399648e+00,8.500000000000000611e-02,3.000000000000000000e+00,4.767840060099503025e+06
-5.222196366739895623e+00,1.541879561678197508e+00,2.027017546753114630e+00,1.722994914981627268e+00,8.500000000000000611e-02,3.000000000000000000e+00,4.767840060099503025e+06
-6.203523870446057131e+00,1.310785701484688870e+00,2.707377754536467673e+00,1.632828607244024566e+00,8.500000000000000611e-02,3.000000000000000000e+00,4.767840060099503025e+06
-6.033687738029783532e+00,1.079378123157393787e+00,2.257564712429099174e+00,1.528112266624464644e+00,8.500000000000000611e-02,3.000000000000000000e+00,4.767840060099503025e+06
-6.190011236204663092e+00,1.044925984677951281e+00,2.486782875380900037e+00,1.642423207600041346e+00,8.500000000000000611e-02,3.000000000000000000e+00,4.767840060099503025e+06
-5.724952264521514067e+00,1.284400745671033350e+00,2.100182399868895100e+00,1.482106639893109756e+00,8.500000000000000611e-02,3.000000000000000000e+00,4.767840060099503025e+06
-5.638423769403554608e+00,1.198888751658833574e+00,1.785734366870738832e+00,1.328101275580423124e+00,8.500000000000000611e-02,3.000000000000000000e+00,4.767840060099503025e+06
-5.339522942924317839e+00,1.251105080389818269e+00,1.650235641362673533e+00,1.499533936289594527e+00,8.500000000000000611e-02,3.000000000000000000e+00,4.767840060099503025e+06
-5.801435725848966385e+00,1.325374792030500792e+00,2.089387819050181783e+00,1.367275693533591019e+00,8.500000000000000611e-02,3.000000000000000000e+00,4.767840060099503025e+06
-5.792218353912435447e+00,1.326118806090342828e+00,2.091079356363151120e+00,1.379981683012841298e+00,8.500000000000000611e-02,3.000000000000000000e+00,4.767840060099503025e+06
-5.840298022958439361e+00,1.336036446937697297e+00,2.387918456860244287e+00,1.623033792331775693e+00,8.500000000000000611e-02,3.000000000000000000e+00,4.767840060099503025e+06
-5.860585784114221930e+00,1.323722288434158401e+00,2.388441327180708118e+00,1.620187406161164301e+00,8.500000000000000611e-02,3.000000000000000000e+00,4.767840060099503025e+06
-5.774697144165824803e+00,1.073179442911615045e+00,2.327757434716378526e+00,1.843907223996797073e+00,8.500000000000000611e-02,3.000000000000000000e+00,4.767840060099503025e+06
-5.825155580823792256e+00,9.690965227247967384e-01,2.419024517308415501e+00,1.996498583004881811e+00,8.500000000000000611e-02,3.000000000000000000e+00,4.767840060099503025e+06
-5.825885688891035308e+00,9.803698334558225147e-01,2.353780618114189593e+00,1.910551636842098056e+00,8.500000000000000611e-02,3.000000000000000000e+00,4.767840060099503025e+06
-5.940783023420082465e+00,5.640838347192311808e-01,1.427087584008784660e+00,1.218178114729967731e+00,8.500000000000000611e-02,3.000000000000000000e+00,4.767840060099503025e+06
-5.894499316692301427e+00,6.926444928213305596e-01,1.699988379017799645e+00,1.418228224933005155e+00,8.500000000000000611e-02,3.000000000000000000e+00,4.767840060099503025e+06
-5.832086267471075836e+00,9.721408373374098577e-01,1.379885111864663116e+00,9.245993809202578406e-01,8.500000000000000611e-02,3.000000000000000000e+00,4.767840060099503025e+06
-5.833148843936879935e+00,9.481782971592447318e-01,1.348089942478076786e+00,9.154565055262515738e-01,8.500000000000000611e-02,3.000000000000000000e+00,4.767840060099503025e+06
-5.708697750655918668e+00,1.736496185205227860e+00,1.735668568440658088e+00,5.983040069873961642e-01,8.500000000000000611e-02,3.000000000000000000e+00,4.767840060099503025e+06
-5.737682554522468337e+00,1.201009734138316354e+00,1.105396458804136950e+00,4.074785063749963854e-01,8.500000000000000611e-02,3.000000000000000000e+00,4.767840060099503025e+06
-5.823008711560335726e+00,1.497315089802323751e+00,1.568156051352970870e+00,5.377461930670421886e-01,8.500000000000000611e-02,3.000000000000000000e+00,4.767840060099503025e+06
-6.165343854936359058e+00,1.670322109525188115e+00,2.067317987318324057e+00,5.163284408644054357e-01,8.500000000000000611e-02,3.000000000000000000e+00,4.767840060099503025e+06
-6.264610312406199810e+00,1.583897671108307481e+00,2.277304181791050208e+00,7.670252975065821044e-01,8.500000000000000611e-02,3.000000000000000000e+00,4.767840060099503025e+06
-5.708654208545368647e+00,1.602602213506088669e+00,1.602415336680243385e+00,6.259175006548638454e-01,8.500000000000000611e-02,3.000000000000000000e+00,4.767840060099503025e+06
-5.398028507892387751e+00,1.767810087296530552e+00,1.815071087292586816e+00,1.061502473651299461e+00,8.500000000000000611e-02,3.000000000000000000e+00,4.767840060099503025e+06
-5.286434282405843454e+00,1.592316276447685919e+00,1.321363300361040549e+00,7.922559200464458495e-01,8.500000000000000611e-02,3.000000000000000000e+00,4.767840060099503025e+06
-5.375257006708224594e+00,2.399529586276288207e+00,2.240416246617041196e+00,8.841220829198898068e-01,8.500000000000000611e-02,3.000000000000000000e+00,4.767840060099503025e+06
-5.249636677556872577e+00,2.502560486929485073e+00,2.241022492147378031e+00,9.395439006342092281e-01,8.500000000000000611e-02,3.000000000000000000e+00,4.767840060099503025e+06
-5.140143355466576303e+00,2.850311426140653026e+00,2.521308922575338229e+00,9.601793394934324821e-01,8.500000000000000611e-02,3.000000000000000000e+00,4.767840060099503025e+06
-6.287073249243299244e+00,1.317661457435185923e+00,1.841793264914314943e+00,4.458328343855187947e-01,8.500000000000000611e-02,3.000000000000000000e+00,4.767840060099503025e+06
-6.444612601028638643e+00,2.530081597781513203e+00,3.201812460783065362e+00,4.881306850863995628e-01,8.500000000000000611e-02,3.000000000000000000e+00,4.767840060099503025e+06
-6.245636304424974306e+00,2.692330165031862954e+00,3.150559651938131367e+00,4.388052827506893072e-01,8.500000000000000611e-02,3.000000000000000000e+00,4.767840060099503025e+06
-6.714070264115210129e+00,2.728906065061107000e+00,3.679215561013940317e+00,4.271139072107916768e-01,8.500000000000000611e-02,3.000000000000000000e+00,4.767840060099503025e+06
-6.304930805731340904e+00,2.458064168765032864e+00,2.934330956298738968e+00,3.710016471394655957e-01,8.500000000000000611e-02,3.000000000000000000e+00,4.767840060099503025e+06
-6.165254037994733594e+00,2.312953185573070947e+00,2.587373303812004366e+00,3.460140412416768951e-01,8.500000000000000611e-02,3.000000000000000000e+00,4.767840060099503025e+06
-6.313964610210162753e+00,2.094221767722053151e+00,2.815753417386951174e+00,7.236914234490098297e-01,8.500000000000000611e-02,3.000000000000000000e+00,4.767840060099503025e+06
-5.630257628914232981e+00,1.255598912861568994e+00,1.110910174512431903e+00,5.356926336037499681e-01,8.500000000000000611e-02,3.000000000000000000e+00,4.767840060099503025e+06
-5.693078338482365552e+00,8.411174486110410964e-01,8.937819191051716849e-01,6.309949795926989013e-01,8.500000000000000611e-02,3.000000000000000000e+00,4.767840060099503025e+06
-5.984419494433725895e+00,8.021999136344066805e-01,1.138619084315221297e+00,5.895584424441562277e-01,8.500000000000000611e-02,3.000000000000000000e+00,4.767840060099503025e+06
-6.082693651151666714e+00,5.832501517022909976e-01,1.132772096235496129e+00,6.876386898414924564e-01,8.500000000000000611e-02,3.000000000000000000e+00,4.767840060099503025e+06
-5.570488969995891715e+00,1.566037125792484996e+00,1.303653918537598155e+00,4.004267679500468358e-01,8.500000000000000611e-02,3.000000000000000000e+00,4.767840060099503025e+06
-5.528657066486664995e+00,2.222491626247732555e+00,1.857466489655493325e+00,3.471100143088140522e-01,8.500000000000000611e-02,3.000000000000000000e+00,4.767840060099503025e+06
-5.490419655320232906e+00,2.236808533582262282e+00,1.925601243042883715e+00,4.778817021319636815e-01,8.500000000000000611e-02,3.000000000000000000e+00,4.767840060099503025e+06
-5.458142814556235400e+00,2.546064162356173721e+00,2.106973714434425382e+00,3.419306696674007662e-01,8.500000000000000611e-02,3.000000000000000000e+00,4.767840060099503025e+06
-5.530949563847591399e+00,2.012949795791756813e+00,1.677395003074233726e+00,3.924788561820810595e-01,8.500000000000000611e-02,3.000000000000000000e+00,4.767840060099503025e+06
-6.262039944723689189e+00,2.863686990551221889e+00,3.507815532079882281e+00,7.433445133463789656e-01,8.500000000000000611e-02,3.000000000000000000e+00,4.767840060099503025e+06
-6.370649596215243626e+00,2.356169342022155444e+00,3.163499680114405077e+00,7.859210784531622807e-01,8.500000000000000611e-02,3.000000000000000000e+00,4.767840060099503025e+06
-5.840232725236299771e+00,2.269643085988473530e+00,2.533573842922302255e+00,7.935787687917628119e-01,8.500000000000000611e-02,3.000000000000000000e+00,4.767840060099503025e+06
-6.081079822320591965e+00,2.169793855590146592e+00,2.806433129583645769e+00,9.605201429445059391e-01,8.500000000000000611e-02,3.000000000000000000e+00,4.767840060099503025e+06
-5.790640968559745971e+00,2.353215235667502014e+00,2.739460160230661856e+00,1.010148926120815860e+00,8.500000000000000611e-02,3.000000000000000000e+00,4.767840060099503025e+06
-5.854984017678559916e+00,2.109012542300936932e+00,2.562759588830399338e+00,1.000086276862271140e+00,8.500000000000000611e-02,3.000000000000000000e+00,4.767840060099503025e+06
-5.312505708485931954e+00,1.755350403222202038e+00,1.426398007091204789e+00,7.230558159999093126e-01,8.500000000000000611e-02,3.000000000000000000e+00,4.767840060099503025e+06
-5.518151326138744928e+00,1.522355729088854748e+00,1.671305853820244991e+00,1.051268784456390604e+00,8.500000000000000611e-02,3.000000000000000000e+00,4.767840060099503025e+06
-5.725021309616542098e+00,1.663283616305008206e+00,2.356835730934878637e+00,1.365613609654854121e+00,8.500000000000000611e-02,3.000000000000000000e+00,4.767840060099503025e+06
-5.798438806259088807e+00,1.453239728809912812e+00,2.136660506860537545e+00,1.254409615403889511e+00,8.500000000000000611e-02,3.000000000000000000e+00,4.767840060099503025e+06
-5.824277039615251894e+00,1.793597780799121910e+00,2.738457402599986601e+00,1.553611342636568970e+00,8.500000000000000611e-02,3.000000000000000000e+00,4.767840060099503025e+06
-5.756211700399574305e+00,1.908292166831986769e+00,2.851500237217279743e+00,1.625643521863441965e+00,8.500000000000000611e-02,3.000000000000000000e+00,4.767840060099503025e+06
-6.023210198869552556e+00,1.605377045523449286e+00,2.667291434617782286e+00,1.450006686786332821e+00,8.500000000000000611e-02,3.000000000000000000e+00,4.767840060099503025e+06
-5.867546187518597023e+00,2.361429508626892826e+00,3.068284151138587212e+00,1.244169586120468907e+00,8.500000000000000611e-02,3.000000000000000000e+00,4.767840060099503025e+06
-5.861430161974452879e+00,2.218786528482528553e+00,3.042880326252445755e+00,1.392004381844983651e+00,8.500000000000000611e-02,3.000000000000000000e+00,4.767840060099503025e+06
-5.861430161974452879e+00,2.218786528482528553e+00,3.042880326252445755e+00,1.392004381844983651e+00,8.500000000000000611e-02,3.000000000000000000e+00,4.767840060099503025e+06
-5.934599007114720770e+00,1.794659836207513903e+00,2.972478454871253728e+00,1.682350466995736982e+00,8.500000000000000611e-02,3.000000000000000000e+00,4.767840060099503025e+06
-5.782530029271222283e+00,1.925254834439106055e+00,2.633885802966863920e+00,1.333455959730609708e+00,8.500000000000000611e-02,3.000000000000000000e+00,4.767840060099503025e+06
-5.780539466266756854e+00,2.076237377397554429e+00,2.434302449287302217e+00,9.776153666672425802e-01,8.500000000000000611e-02,3.000000000000000000e+00,4.767840060099503025e+06
-6.535744030897302714e+00,1.918675942290298586e+00,3.028775129550214551e+00,9.473723721868845260e-01,8.500000000000000611e-02,3.000000000000000000e+00,4.767840060099503025e+06
-5.644117724636623201e+00,2.116082054791609934e+00,2.019566833260499017e+00,5.577856884026729523e-01,8.500000000000000611e-02,3.000000000000000000e+00,4.767840060099503025e+06
-5.800094590429882402e+00,2.637274101204972077e+00,2.797448777027877309e+00,7.458864881931306368e-01,8.500000000000000611e-02,3.000000000000000000e+00,4.767840060099503025e+06
-5.992493772408774788e+00,2.695226152261657848e+00,3.397243055744404661e+00,1.119958535048671822e+00,8.500000000000000611e-02,3.000000000000000000e+00,4.767840060099503025e+06
-6.057356333789750913e+00,2.190803609162224497e+00,2.903512192544446258e+00,1.038081313702261310e+00,8.500000000000000611e-02,3.000000000000000000e+00,4.767840060099503025e+06
-6.311408720728488575e+00,2.485081458152775813e+00,3.617378031498488689e+00,1.211645593244220498e+00,8.500000000000000611e-02,3.000000000000000000e+00,4.767840060099503025e+06
-6.193183845052282699e+00,2.254956761264061527e+00,3.355602161250801796e+00,1.330379697688330420e+00,8.500000000000000611e-02,3.000000000000000000e+00,4.767840060099503025e+06
-5.849793243858964154e+00,2.019626569845138775e+00,2.537843616563134397e+00,1.064857726381573944e+00,8.500000000000000611e-02,3.000000000000000000e+00,4.767840060099503025e+06
-6.130516838701527860e+00,1.470234575454613335e+00,2.130945008399542928e+00,8.763902562143178754e-01,8.500000000000000611e-02,3.000000000000000000e+00,4.767840060099503025e+06
-6.724338780072980803e+00,1.789054413821828504e+00,3.159345527493021777e+00,1.021001152238225629e+00,8.500000000000000611e-02,3.000000000000000000e+00,4.767840060099503025e+06
-6.501395091106084934e+00,2.682880500915740818e+00,3.766521188277057508e+00,9.536698674313753843e-01,8.500000000000000611e-02,3.000000000000000000e+00,4.767840060099503025e+06
-6.487608999953054401e+00,2.770962279117397120e+00,3.854882489256854505e+00,9.475705065157130624e-01,8.500000000000000611e-02,3.000000000000000000e+00,4.767840060099503025e+06
-6.487608999953054401e+00,2.770962279117397120e+00,3.854882489256854505e+00,9.475705065157130624e-01,8.500000000000000611e-02,3.000000000000000000e+00,4.767840060099503025e+06
-6.144178606983127011e+00,2.001534411892112342e+00,2.535578095439076751e+00,7.093226373108929561e-01,8.500000000000000611e-02,3.000000000000000000e+00,4.767840060099503025e+06
-6.226127711128885522e+00,1.777572559581278355e+00,2.521016195315070707e+00,9.079704847267175971e-01,8.500000000000000611e-02,3.000000000000000000e+00,4.767840060099503025e+06
-5.892080354072879445e+00,1.990871355440690271e+00,2.411703644398509816e+00,9.419915585259255320e-01,8.500000000000000611e-02,3.000000000000000000e+00,4.767840060099503025e+06
-5.995754106855615717e+00,1.782019921590709322e+00,2.234162993786747986e+00,8.066637093970001615e-01,8.500000000000000611e-02,3.000000000000000000e+00,4.767840060099503025e+06
-6.070431276618309724e+00,2.022611611949150401e+00,2.745027811437326104e+00,1.075670051006933026e+00,8.500000000000000611e-02,3.000000000000000000e+00,4.767840060099503025e+06
-6.132047309873769336e+00,1.743153224035289384e+00,2.387932010694720386e+00,9.236387046754792607e-01,8.500000000000000611e-02,3.000000000000000000e+00,4.767840060099503025e+06
-5.976657868427802001e+00,1.804469914332737179e+00,2.173842774582389836e+00,7.362866406488267623e-01,8.500000000000000611e-02,3.000000000000000000e+00,4.767840060099503025e+06
-6.164048001595905824e+00,1.596260221944197255e+00,2.170437071297273590e+00,7.622620763223408868e-01,8.500000000000000611e-02,3.000000000000000000e+00,4.767840060099503025e+06
-5.963513057553095464e+00,1.818123153207618747e+00,2.154419873368574212e+00,7.217798300799225242e-01,8.500000000000000611e-02,3.000000000000000000e+00,4.767840060099503025e+06
-6.205204112427153973e+00,1.376728744153950190e+00,2.376062202602322149e+00,1.159761133689420909e+00,8.500000000000000611e-02,3.000000000000000000e+00,4.767840060099503025e+06
-6.205204112427153973e+00,1.376728744153950190e+00,2.376062202602322149e+00,1.159761133689420909e+00,8.500000000000000611e-02,3.000000000000000000e+00,4.767840060099503025e+06
-6.300861211526075145e+00,1.328066939952525560e+00,2.448911757309945703e+00,1.181821540648722912e+00,8.500000000000000611e-02,3.000000000000000000e+00,4.767840060099503025e+06
-6.693943292372146914e+00,1.962047695703042827e+00,3.675872213694642454e+00,1.427791630225982766e+00,8.500000000000000611e-02,3.000000000000000000e+00,4.767840060099503025e+06
-6.042225684839140243e+00,1.704039482172726272e+00,2.169221083756263990e+00,7.632114152284467101e-01,8.500000000000000611e-02,3.000000000000000000e+00,4.767840060099503025e+06
-6.328244280221356100e+00,1.316761721929004647e+00,2.196137055399500770e+00,8.710879795388128954e-01,8.500000000000000611e-02,3.000000000000000000e+00,4.767840060099503025e+06
-6.558696585517186151e+00,1.444811979593304097e+00,2.612191608098513029e+00,9.674007956628380978e-01,8.500000000000000611e-02,3.000000000000000000e+00,4.767840060099503025e+06
-6.198583010932366300e+00,1.771823664071333626e+00,2.709852345751077696e+00,1.151086287756759585e+00,8.500000000000000611e-02,3.000000000000000000e+00,4.767840060099503025e+06
-6.072302578653960836e+00,1.391667508647932427e+00,2.499721709522112256e+00,1.429228904052570082e+00,8.500000000000000611e-02,3.000000000000000000e+00,4.767840060099503025e+06
-6.019822198644772193e+00,1.387787352185683609e+00,2.438074238360395718e+00,1.425131010118430019e+00,8.500000000000000611e-02,3.000000000000000000e+00,4.767840060099503025e+06
-6.209270720105478425e+00,1.232229341928986921e+00,2.223530415851600495e+00,1.112041700200078642e+00,8.500000000000000611e-02,3.000000000000000000e+00,4.767840060099503025e+06
-7.195159814632527073e+00,1.349124922682945593e+00,3.478282598962946892e+00,1.252162102048937520e+00,8.500000000000000611e-02,3.000000000000000000e+00,4.767840060099503025e+06
-6.194230957082264233e+00,9.593542780376509427e-01,1.537006780226307878e+00,6.177678363583962717e-01,8.500000000000000611e-02,3.000000000000000000e+00,4.767840060099503025e+06
-6.400683394286934558e+00,1.105755704415115837e+00,1.906660756474562124e+00,6.433851059821008578e-01,8.500000000000000611e-02,3.000000000000000000e+00,4.767840060099503025e+06
-6.229187937082866000e+00,9.121625086344801181e-01,1.433761293412983751e+00,5.020611060316338969e-01,8.500000000000000611e-02,3.000000000000000000e+00,4.767840060099503025e+06
-5.987365566135203210e+00,1.398268438158497995e+00,1.613906494729112628e+00,4.586988522506252330e-01,8.500000000000000611e-02,3.000000000000000000e+00,4.767840060099503025e+06
-5.954765632922535801e+00,1.215711679044089610e+00,1.244799229340834978e+00,2.449726260461159155e-01,8.500000000000000611e-02,3.000000000000000000e+00,4.767840060099503025e+06
-5.718916805578588836e+00,1.370479918789731189e+00,1.173270044021072600e+00,3.159597805190428876e-01,8.500000000000000611e-02,3.000000000000000000e+00,4.767840060099503025e+06
-5.586775739589138645e+00,1.245360980834025355e+00,1.048612418069260421e+00,4.778274862965956604e-01,8.500000000000000611e-02,3.000000000000000000e+00,4.767840060099503025e+06
-5.553470610149499720e+00,1.337137642233969581e+00,1.021524648676835234e+00,3.988811204060796478e-01,8.500000000000000611e-02,3.000000000000000000e+00,4.767840060099503025e+06
-5.623487072916653062e+00,1.357987909583778130e+00,1.172778907084599975e+00,4.912345949569714154e-01,8.500000000000000611e-02,3.000000000000000000e+00,4.767840060099503025e+06
-5.798351972368939400e+00,1.905544292142650864e+00,1.964164253701359719e+00,5.420338442799882417e-01,8.500000000000000611e-02,3.000000000000000000e+00,4.767840060099503025e+06
-5.009369216341023723e+00,1.392880287312039389e+00,4.385558503079876047e-01,2.709443426395942711e-01,8.500000000000000611e-02,3.000000000000000000e+00,4.767840060099503025e+06
-4.515954148535913149e+00,1.374997562163067011e+00,5.237966688166517670e-02,4.844844657393542753e-01,8.500000000000000611e-02,3.000000000000000000e+00,4.767840060099503025e+06
-4.795870820759247977e+00,1.128495546204521860e+00,2.901279525302287166e-01,7.080193694699928875e-01,8.500000000000000611e-02,3.000000000000000000e+00,4.767840060099503025e+06
-5.195102583529247475e+00,8.026199073735593714e-01,7.133633401449852585e-01,1.064942531712554263e+00,8.500000000000000611e-02,3.000000000000000000e+00,4.767840060099503025e+06
-5.531546284454936568e+00,8.700339408826155418e-01,1.119887314470000561e+00,1.050561178196391499e+00,8.500000000000000611e-02,3.000000000000000000e+00,4.767840060099503025e+06
-5.288666757029269583e+00,8.362363239902190770e-01,1.090663826019357519e+00,1.335357147880016582e+00,8.500000000000000611e-02,3.000000000000000000e+00,4.767840060099503025e+06
-5.420521222314087950e+00,1.035566033321632329e+00,1.111428337038197878e+00,9.999450243068294109e-01,8.500000000000000611e-02,3.000000000000000000e+00,4.767840060099503025e+06
-5.337762754697446432e+00,9.547693588012249322e-01,1.096919619353591724e+00,1.190977532885781232e+00,8.500000000000000611e-02,3.000000000000000000e+00,4.767840060099503025e+06
-5.542415399541513743e+00,8.135560844962343996e-01,1.332960059231030003e+00,1.349978640549871489e+00,8.500000000000000611e-02,3.000000000000000000e+00,4.767840060099503025e+06
-5.643659198082478845e+00,1.021096930836881134e+00,1.642016216041380483e+00,1.357649019994218609e+00,8.500000000000000611e-02,3.000000000000000000e+00,4.767840060099503025e+06
-5.852693607886553906e+00,1.128683979458138253e+00,2.231546959200559677e+00,1.669085139208634994e+00,8.500000000000000611e-02,3.000000000000000000e+00,4.767840060099503025e+06
-5.222323172483899434e+00,1.156783725397722229e+00,5.769683069042883528e-01,4.980980161356290403e-01,8.500000000000000611e-02,3.000000000000000000e+00,4.767840060099503025e+06
-5.636246527725614186e+00,1.028560917736010660e+00,9.529471236680832069e-01,5.915186440018135317e-01,8.500000000000000611e-02,3.000000000000000000e+00,4.767840060099503025e+06
-5.752045607818939033e+00,1.220415550010996775e+00,1.300012750920531479e+00,6.448724415582840486e-01,8.500000000000000611e-02,3.000000000000000000e+00,4.767840060099503025e+06
-6.049282433744360254e+00,1.650109401200178016e+00,2.027700531208706636e+00,6.724742788445849939e-01,8.500000000000000611e-02,3.000000000000000000e+00,4.767840060099503025e+06
-6.027953595827021616e+00,1.647213508470528831e+00,1.994928049556416116e+00,6.603892967226951960e-01,8.500000000000000611e-02,3.000000000000000000e+00,4.767840060099503025e+06
-5.972964890744387745e+00,1.768574704480221138e+00,2.020976816703655921e+00,5.940018223560616928e-01,8.500000000000000611e-02,3.000000000000000000e+00,4.767840060099503025e+06
-6.436422669417360964e+00,9.925246468246416987e-01,1.842785544981328627e+00,6.595032203686352901e-01,8.500000000000000611e-02,3.000000000000000000e+00,4.767840060099503025e+06
-6.424510640052866428e+00,1.317556608736277335e+00,2.091826851588995062e+00,5.932618723090372637e-01,8.500000000000000611e-02,3.000000000000000000e+00,4.767840060099503025e+06
-6.030811563721338864e+00,1.529485933562162003e+00,1.925493631551660867e+00,6.691349744806748268e-01,8.500000000000000611e-02,3.000000000000000000e+00,4.767840060099503025e+06
-5.688556687975427906e+00,1.495551776413817757e+00,1.506106268830401218e+00,6.549311685907541758e-01,8.500000000000000611e-02,3.000000000000000000e+00,4.767840060099503025e+06
-5.817492776478971450e+00,1.181540046305882052e+00,1.372478736646664199e+00,7.212626531259676010e-01,8.500000000000000611e-02,3.000000000000000000e+00,4.767840060099503025e+06
-5.711643541311593353e+00,1.439606056464489692e+00,1.556706401487494507e+00,7.737383301764819699e-01,8.500000000000000611e-02,3.000000000000000000e+00,4.767840060099503025e+06
-5.370452744496891917e+00,1.218287610950692823e+00,8.916539084203159993e-01,6.440118854550362926e-01,8.500000000000000611e-02,3.000000000000000000e+00,4.767840060099503025e+06
-5.541219465198546246e+00,1.451445271419979033e+00,1.363166898736969168e+00,7.135413554464149488e-01,8.500000000000000611e-02,3.000000000000000000e+00,4.767840060099503025e+06
-5.915012113781133785e+00,1.089965098024795243e+00,1.427311683308044810e+00,7.627923989932403614e-01,8.500000000000000611e-02,3.000000000000000000e+00,4.767840060099503025e+06
-5.449983900655626989e+00,1.357222585621178146e+00,1.165973410132591370e+00,6.803389160663715352e-01,8.500000000000000611e-02,3.000000000000000000e+00,4.767840060099503025e+06
-5.953570094052892614e+00,1.531424239321592662e+00,2.054016588373116292e+00,9.479050779356523737e-01,8.500000000000000611e-02,3.000000000000000000e+00,4.767840060099503025e+06
-6.008974152117259493e+00,1.565210513206054976e+00,2.162888042392047350e+00,9.677746876657220554e-01,8.500000000000000611e-02,3.000000000000000000e+00,4.767840060099503025e+06
-5.973619654450505578e+00,1.461826769911816370e+00,2.020546733640147696e+00,9.573480046060522941e-01,8.500000000000000611e-02,3.000000000000000000e+00,4.767840060099503025e+06
-6.684430621913410420e+00,1.257375546666186006e+00,2.663882350013166533e+00,1.057849155168236077e+00,8.500000000000000611e-02,3.000000000000000000e+00,4.767840060099503025e+06
-6.872130784946409499e+00,1.339543237005820675e+00,2.832656422708200950e+00,9.332422109637015240e-01,8.500000000000000611e-02,3.000000000000000000e+00,4.767840060099503025e+06
-6.194571903403623736e+00,2.135654375405377170e+00,2.706750578623702719e+00,6.964668285039118389e-01,8.500000000000000611e-02,3.000000000000000000e+00,4.767840060099503025e+06
-6.303300423256696483e+00,2.512805205933684505e+00,3.309056381964648352e+00,8.388291791348777560e-01,8.500000000000000611e-02,3.000000000000000000e+00,4.767840060099503025e+06
-6.334380919551628963e+00,2.950692402434698547e+00,3.964526514621438125e+00,1.104920627863708482e+00,8.500000000000000611e-02,3.000000000000000000e+00,4.767840060099503025e+06
-6.293441451664885555e+00,2.250079182161061286e+00,3.203522481569085922e+00,1.067852070350878035e+00,8.500000000000000611e-02,3.000000000000000000e+00,4.767840060099503025e+06
-5.840882868718726861e+00,1.838592768297672153e+00,2.474205198673383954e+00,1.206881261515829307e+00,8.500000000000000611e-02,3.000000000000000000e+00,4.767840060099503025e+06
-5.743131907401858527e+00,1.392930274302861315e+00,1.958621988686093385e+00,1.218350925702271326e+00,8.500000000000000611e-02,3.000000000000000000e+00,4.767840060099503025e+06
-5.394149039711915172e+00,2.348648124065111364e+00,2.049997199911225643e+00,6.758147012256502384e-01,8.500000000000000611e-02,3.000000000000000000e+00,4.767840060099503025e+06
-5.655340897777143994e+00,2.851411866746897950e+00,2.804872617203004737e+00,7.028490167350212037e-01,8.500000000000000611e-02,3.000000000000000000e+00,4.767840060099503025e+06
-5.721959879527371839e+00,2.822691724970415095e+00,2.888083731624659034e+00,6.812425454178656636e-01,8.500000000000000611e-02,3.000000000000000000e+00,4.767840060099503025e+06
-5.760673420252921062e+00,2.852005227721532421e+00,2.951781292357413378e+00,6.685863826655746855e-01,8.500000000000000611e-02,3.000000000000000000e+00,4.767840060099503025e+06
-5.700937514879170109e+00,2.959910829822161915e+00,2.787556016941679982e+00,4.038337608881452656e-01,8.500000000000000611e-02,3.000000000000000000e+00,4.767840060099503025e+06
-5.700937514879170109e+00,2.959910829822161915e+00,2.787556016941679982e+00,4.038337608881452656e-01,8.500000000000000611e-02,3.000000000000000000e+00,4.767840060099503025e+06
-5.709283437381544424e+00,2.315791458215398002e+00,2.149713160561403491e+00,3.709804294706628980e-01,8.500000000000000611e-02,3.000000000000000000e+00,4.767840060099503025e+06
-5.740464421953768159e+00,2.936788536111868630e+00,2.861164786827377959e+00,4.867848703936957788e-01,8.500000000000000611e-02,3.000000000000000000e+00,4.767840060099503025e+06
-5.532570798872468387e+00,2.768318723593696795e+00,2.458879767526272353e+00,4.709932751591173195e-01,8.500000000000000611e-02,3.000000000000000000e+00,4.767840060099503025e+06
-5.457890396546693168e+00,2.792159278855566029e+00,2.231559619429209551e+00,2.290008853431112490e-01,8.500000000000000611e-02,3.000000000000000000e+00,4.767840060099503025e+06
-6.046684616858764016e+00,2.702773541995633799e+00,2.975379350324629968e+00,5.457142884159309482e-01,8.500000000000000611e-02,3.000000000000000000e+00,4.767840060099503025e+06
-6.067422591167527912e+00,2.582557232163050109e+00,2.954618635802306326e+00,6.219574416165085662e-01,8.500000000000000611e-02,3.000000000000000000e+00,4.767840060099503025e+06
-6.118638264279809391e+00,2.612315777847609599e+00,3.053018937722275172e+00,6.445831200220003554e-01,8.500000000000000611e-02,3.000000000000000000e+00,4.767840060099503025e+06
-6.192714451354487615e+00,2.558523230020214090e+00,3.085323989687218660e+00,6.517567169249061099e-01,8.500000000000000611e-02,3.000000000000000000e+00,4.767840060099503025e+06
-6.035607617715393225e+00,2.289811347759941551e+00,2.793005146414804685e+00,8.066547146177279748e-01,8.500000000000000611e-02,3.000000000000000000e+00,4.767840060099503025e+06
-6.678142677888478929e+00,2.477593993521489235e+00,3.541246500225345706e+00,6.910614158073641322e-01,8.500000000000000611e-02,3.000000000000000000e+00,4.767840060099503025e+06
-6.284461712872240646e+00,2.421493238038650020e+00,2.965062042728277003e+00,5.289554013990963588e-01,8.500000000000000611e-02,3.000000000000000000e+00,4.767840060099503025e+06
-6.695199946796826396e+00,2.581313533753965217e+00,3.562724661886349065e+00,5.357019420419313338e-01,8.500000000000000611e-02,3.000000000000000000e+00,4.767840060099503025e+06
-6.785148020651995182e+00,2.583993582607091000e+00,3.554163846494299950e+00,3.999715501942898710e-01,8.500000000000000611e-02,3.000000000000000000e+00,4.767840060099503025e+06
-5.748042416720854142e+00,2.653014435142469818e+00,2.858212824528162166e+00,8.014834438458101618e-01,8.500000000000000611e-02,3.000000000000000000e+00,4.767840060099503025e+06
-5.713392644725068692e+00,2.980504361359876953e+00,3.410589541344787978e+00,1.125886582330084540e+00,8.500000000000000611e-02,3.000000000000000000e+00,4.767840060099503025e+06
-5.768803263512157109e+00,2.988678624652505000e+00,3.420441473292060941e+00,1.062587752428522325e+00,8.500000000000000611e-02,3.000000000000000000e+00,4.767840060099503025e+06
-5.755623418657727974e+00,2.861399259398069272e+00,3.248703869622774576e+00,1.026653716418238993e+00,8.500000000000000611e-02,3.000000000000000000e+00,4.767840060099503025e+06
-5.679318961903967455e+00,2.981022153231170257e+00,3.346114879601705283e+00,1.098072161650216927e+00,8.500000000000000611e-02,3.000000000000000000e+00,4.767840060099503025e+06
-5.710628697227962292e+00,2.257752022546178683e+00,2.807153394869696950e+00,1.257859908893595335e+00,8.500000000000000611e-02,3.000000000000000000e+00,4.767840060099503025e+06
-5.852837339763095947e+00,2.264772879950604612e+00,3.084350965881613504e+00,1.394565693538839302e+00,8.500000000000000611e-02,3.000000000000000000e+00,4.767840060099503025e+06
-6.272769436907311480e+00,2.398701381953562528e+00,3.449138584100774452e+00,1.232156632705679211e+00,8.500000000000000611e-02,3.000000000000000000e+00,4.767840060099503025e+06
-6.169183894685058789e+00,1.815616209800977821e+00,2.916859751819575131e+00,1.338729254444531946e+00,8.500000000000000611e-02,3.000000000000000000e+00,4.767840060099503025e+06
-6.079724121799308989e+00,1.783131476685952954e+00,2.764348182626824801e+00,1.311342541214135071e+00,8.500000000000000611e-02,3.000000000000000000e+00,4.767840060099503025e+06
-6.125886028327952815e+00,1.513586988760732943e+00,2.652929068880339969e+00,1.425353423705157496e+00,8.500000000000000611e-02,3.000000000000000000e+00,4.767840060099503025e+06
-6.146435920984861134e+00,1.608276123702433447e+00,2.651978095129200241e+00,1.288287215645459671e+00,8.500000000000000611e-02,3.000000000000000000e+00,4.767840060099503025e+06
-6.189226825833516799e+00,1.535848608955773242e+00,2.620480519272582853e+00,1.281877485337395317e+00,8.500000000000000611e-02,3.000000000000000000e+00,4.767840060099503025e+06
-5.908077234482430384e+00,1.773348805728406363e+00,2.569428934005910659e+00,1.271008551653472596e+00,8.500000000000000611e-02,3.000000000000000000e+00,4.767840060099503025e+06
-6.045709088853548963e+00,1.985287511254037351e+00,3.188459240788934501e+00,1.568596531667778127e+00,8.500000000000000611e-02,3.000000000000000000e+00,4.767840060099503025e+06
-6.084652290876476854e+00,2.050491226312341819e+00,3.480785093076766756e+00,1.779607968259205641e+00,8.500000000000000611e-02,3.000000000000000000e+00,4.767840060099503025e+06
-6.146521558745273950e+00,1.644310394625251304e+00,3.067549346539329758e+00,1.703101811746849492e+00,8.500000000000000611e-02,3.000000000000000000e+00,4.767840060099503025e+06
-5.789816389578200884e+00,1.662381416545362089e+00,2.231482043395580650e+00,1.198015844994673396e+00,8.500000000000000611e-02,3.000000000000000000e+00,4.767840060099503025e+06
-5.800913603809012997e+00,1.693445297898422464e+00,2.269681362375087552e+00,1.180470480656569787e+00,8.500000000000000611e-02,3.000000000000000000e+00,4.767840060099503025e+06
-5.715754860849896701e+00,2.017266477822373894e+00,2.613531658811411695e+00,1.322471765698612245e+00,8.500000000000000611e-02,3.000000000000000000e+00,4.767840060099503025e+06
-5.445237165397545986e+00,2.114067960604485652e+00,1.961519230758589805e+00,7.657436144653420040e-01,8.500000000000000611e-02,3.000000000000000000e+00,4.767840060099503025e+06
-5.794709343254941025e+00,2.521520419243484135e+00,2.358834130119978667e+00,3.141852351347610428e-01,8.500000000000000611e-02,3.000000000000000000e+00,4.767840060099503025e+06
-5.461560560483628812e+00,2.539678326540417252e+00,2.308532011130673300e+00,6.808110072463455786e-01,8.500000000000000611e-02,3.000000000000000000e+00,4.767840060099503025e+06
-5.472496694954529062e+00,2.787259076839103678e+00,2.542641265068604994e+00,6.607649124504851867e-01,8.500000000000000611e-02,3.000000000000000000e+00,4.767840060099503025e+06
-5.484798247838957863e+00,2.744940057905958408e+00,2.542905933059103951e+00,6.927139863822388000e-01,8.500000000000000611e-02,3.000000000000000000e+00,4.767840060099503025e+06
-5.827803791228774344e+00,2.655087863523467373e+00,3.227231169821715540e+00,1.185893439931105409e+00,8.500000000000000611e-02,3.000000000000000000e+00,4.767840060099503025e+06
-5.593353751081618697e+00,2.740350724424744921e+00,2.942225821157406607e+00,1.047136659327825736e+00,8.500000000000000611e-02,3.000000000000000000e+00,4.767840060099503025e+06
-5.063576161538169806e+00,2.463710244202576227e+00,2.097655742066999895e+00,1.011885027508828472e+00,8.500000000000000611e-02,3.000000000000000000e+00,4.767840060099503025e+06
-5.210415695305499639e+00,2.516606599475795569e+00,2.397586998038626405e+00,1.112267996257245706e+00,8.500000000000000611e-02,3.000000000000000000e+00,4.767840060099503025e+06
-5.337852279437075964e+00,2.605799561781462881e+00,2.578741137396932892e+00,1.055494322496189241e+00,8.500000000000000611e-02,3.000000000000000000e+00,4.767840060099503025e+06
-5.090394996927512850e+00,2.806666641609558255e+00,2.505236016537137900e+00,1.037143924372413206e+00,8.500000000000000611e-02,3.000000000000000000e+00,4.767840060099503025e+06
-4.863201292950206422e+00,2.983273316296902067e+00,2.650750170102039061e+00,1.276930892519224869e+00,8.500000000000000611e-02,3.000000000000000000e+00,4.767840060099503025e+06
-5.468582754625217923e+00,2.896804972661343847e+00,2.939145306026832660e+00,9.700869380505552364e-01,8.500000000000000611e-02,3.000000000000000000e+00,4.767840060099503025e+06
-5.256561571013195433e+00,2.550241762397379652e+00,2.287126091149881191e+00,8.893524867107002185e-01,8.500000000000000611e-02,3.000000000000000000e+00,4.767840060099503025e+06
-5.687686243173637024e+00,2.685244069745546636e+00,3.393298524338361766e+00,1.467789937106942944e+00,8.500000000000000611e-02,3.000000000000000000e+00,4.767840060099503025e+06
-5.734933557992894393e+00,2.548347534523503377e+00,3.296368519604313541e+00,1.455490750758771323e+00,8.500000000000000611e-02,3.000000000000000000e+00,4.767840060099503025e+06
-6.001842664128086646e+00,2.182554702357723642e+00,3.301196130974297205e+00,1.551016125988058381e+00,8.500000000000000611e-02,3.000000000000000000e+00,4.767840060099503025e+06
-5.335903449262376697e+00,2.088170019967900082e+00,2.440241567885691243e+00,1.479652989644134831e+00,8.500000000000000611e-02,3.000000000000000000e+00,4.767840060099503025e+06
-5.525896131491123242e+00,2.057165802250641384e+00,2.706944144646579176e+00,1.589798484752287244e+00,8.500000000000000611e-02,3.000000000000000000e+00,4.767840060099503025e+06
-5.623564113336950498e+00,2.183639231777050327e+00,2.705191192488528795e+00,1.334989697328050617e+00,8.500000000000000611e-02,3.000000000000000000e+00,4.767840060099503025e+06
-5.644191688237528481e+00,2.061431491681193773e+00,2.610590564207229569e+00,1.338687648940424246e+00,8.500000000000000611e-02,3.000000000000000000e+00,4.767840060099503025e+06
-5.554016628354545126e+00,2.093499069773964827e+00,2.490390034719604628e+00,1.285236119803496946e+00,8.500000000000000611e-02,3.000000000000000000e+00,4.767840060099503025e+06
-5.427867053979855250e+00,2.053484095179803681e+00,2.138243264132885457e+00,1.078486814666312021e+00,8.500000000000000611e-02,3.000000000000000000e+00,4.767840060099503025e+06
-4.887771612789665099e+00,1.967845897589350024e+00,1.858544823535554391e+00,1.470863810384721360e+00,8.500000000000000611e-02,3.000000000000000000e+00,4.767840060099503025e+06
-5.345698540245377828e+00,1.504194487670096336e+00,9.944372104881037400e-01,3.918461219488580394e-01,8.500000000000000611e-02,3.000000000000000000e+00,4.767840060099503025e+06
-5.806808687085899479e+00,8.473108366139596725e-01,9.608267302762751871e-01,5.588786638492799774e-01,8.500000000000000611e-02,3.000000000000000000e+00,4.767840060099503025e+06
-5.728567133715200654e+00,1.148466086320503399e+00,1.149091922817601086e+00,5.421364892928028922e-01,8.500000000000000611e-02,3.000000000000000000e+00,4.767840060099503025e+06
-5.204663573369911589e+00,1.418962501321745062e+00,7.876318021756999466e-01,4.314965315404584167e-01,8.500000000000000611e-02,3.000000000000000000e+00,4.767840060099503025e+06
-5.290127500239291791e+00,1.584209159429660119e+00,1.023830009385831685e+00,4.685555922299264320e-01,8.500000000000000611e-02,3.000000000000000000e+00,4.767840060099503025e+06
-5.075541506509554601e+00,1.460849928879588644e+00,7.180267772248353220e-01,5.227481474748774115e-01,8.500000000000000611e-02,3.000000000000000000e+00,4.767840060099503025e+06
-5.705791623739196794e+00,1.310078311833683173e+00,1.446645095848522411e+00,7.985728643548888339e-01,8.500000000000000611e-02,3.000000000000000000e+00,4.767840060099503025e+06
-5.562987017386653577e+00,1.617607673295907489e+00,1.520293151576826096e+00,6.937557769334143920e-01,8.500000000000000611e-02,3.000000000000000000e+00,4.767840060099503025e+06
-5.566471979113009283e+00,1.787906465077583773e+00,1.902375301324895629e+00,9.965831277227146234e-01,8.500000000000000611e-02,3.000000000000000000e+00,4.767840060099503025e+06
-5.772248961950804613e+00,2.057107852905632139e+00,2.316612437871913954e+00,9.046892892268409980e-01,8.500000000000000611e-02,3.000000000000000000e+00,4.767840060099503025e+06
-5.705831456448413164e+00,1.890652297322500397e+00,2.035302578728227285e+00,8.348828820885214608e-01,8.500000000000000611e-02,3.000000000000000000e+00,4.767840060099503025e+06
-6.472879509081467475e+00,2.457582348915178017e+00,3.447908097986508213e+00,8.738625148232922468e-01,8.500000000000000611e-02,3.000000000000000000e+00,4.767840060099503025e+06
-6.508156625590046929e+00,2.734323621014174144e+00,3.796537420527285711e+00,9.150071291985852895e-01,8.500000000000000611e-02,3.000000000000000000e+00,4.767840060099503025e+06
-6.259293683490644966e+00,2.404801101679384878e+00,3.336349923279341212e+00,1.040570512414432436e+00,8.500000000000000611e-02,3.000000000000000000e+00,4.767840060099503025e+06
-5.963427153702157923e+00,1.416154236689814994e+00,2.105908711927183319e+00,1.115107130688803405e+00,8.500000000000000611e-02,3.000000000000000000e+00,4.767840060099503025e+06
-5.469831938567105034e+00,1.263056105051338696e+00,1.023710103918751280e+00,6.278785425871847847e-01,8.500000000000000611e-02,3.000000000000000000e+00,4.767840060099503025e+06
-5.477609742982445518e+00,1.295909012194905952e+00,9.821293439521543434e-01,4.842048065234931808e-01,8.500000000000000611e-02,3.000000000000000000e+00,4.767840060099503025e+06
-6.217610997198407929e+00,8.906692802828543032e-01,1.574133138862355619e+00,7.485516203919274636e-01,8.500000000000000611e-02,3.000000000000000000e+00,4.767840060099503025e+06
-6.604821248282760848e+00,1.485251591531393967e+00,2.449023998656141732e+00,6.215801463596317689e-01,8.500000000000000611e-02,3.000000000000000000e+00,4.767840060099503025e+06
-5.935376191536523294e+00,1.077963858348500281e+00,1.260813838051169311e+00,5.145613106887833021e-01,8.500000000000000611e-02,3.000000000000000000e+00,4.767840060099503025e+06
-6.182655999121208446e+00,1.093301435108914532e+00,1.662756212424454150e+00,6.853645068655049855e-01,8.500000000000000611e-02,3.000000000000000000e+00,4.767840060099503025e+06
-6.156268990032367938e+00,1.155519651689552063e+00,1.579170794990733206e+00,5.225390225623059992e-01,8.500000000000000611e-02,3.000000000000000000e+00,4.767840060099503025e+06
-6.492186413015220481e+00,8.795603558461169147e-01,1.814264559703426816e+00,7.248964698345005120e-01,8.500000000000000611e-02,3.000000000000000000e+00,4.767840060099503025e+06
-6.195138037073522952e+00,7.378412318824505434e-01,1.350305620718439403e+00,6.444879773615147522e-01,8.500000000000000611e-02,3.000000000000000000e+00,4.767840060099503025e+06
-5.852263531263863783e+00,6.543598328849291601e-01,9.794958655379423229e-01,7.148384479285582183e-01,8.500000000000000611e-02,3.000000000000000000e+00,4.767840060099503025e+06
-5.864524393584020778e+00,6.531551388397198732e-01,8.520773707102935468e-01,5.819027854244660514e-01,8.500000000000000611e-02,3.000000000000000000e+00,4.767840060099503025e+06
-5.903300883494584816e+00,2.306299167216919965e+00,2.495264896488467166e+00,5.960735606285185728e-01,8.500000000000000611e-02,3.000000000000000000e+00,4.767840060099503025e+06
-6.700334778244917189e+00,2.805669849892429291e+00,3.789360501426607186e+00,5.174577988381859894e-01,8.500000000000000611e-02,3.000000000000000000e+00,4.767840060099503025e+06
-6.450848300444868677e+00,2.545041802701420330e+00,3.090620837788259578e+00,2.819901757908074291e-01,8.500000000000000611e-02,3.000000000000000000e+00,4.767840060099503025e+06
-6.057452787355292578e+00,2.758209566274054225e+00,3.008214680092362592e+00,4.572209065490517865e-01,8.500000000000000611e-02,3.000000000000000000e+00,4.767840060099503025e+06
-6.278744572802978041e+00,2.839719931548180920e+00,3.354514193307462921e+00,5.175654546279613299e-01,8.500000000000000611e-02,3.000000000000000000e+00,4.767840060099503025e+06
-6.236397486887769404e+00,2.501049067710128249e+00,2.850581282994467891e+00,3.059225743947041609e-01,8.500000000000000611e-02,3.000000000000000000e+00,4.767840060099503025e+06
-6.459646644880682409e+00,2.317562672559384751e+00,2.923558030120650297e+00,3.013037601887373906e-01,8.500000000000000611e-02,3.000000000000000000e+00,4.767840060099503025e+06
-6.079042279333399357e+00,2.159165685578668281e+00,2.370051746929160874e+00,3.255107489519631914e-01,8.500000000000000611e-02,3.000000000000000000e+00,4.767840060099503025e+06
-6.051636001744728155e+00,2.360030315650626598e+00,2.596180263616860717e+00,4.129416897384544094e-01,8.500000000000000611e-02,3.000000000000000000e+00,4.767840060099503025e+06
-5.915955867272971069e+00,2.127906154645225811e+00,2.258342114695155445e+00,4.608418486132669356e-01,8.500000000000000611e-02,3.000000000000000000e+00,4.767840060099503025e+06
-6.281016917657263221e+00,2.581738648955515192e+00,3.036502070930163555e+00,3.520160922373725132e-01,8.500000000000000611e-02,3.000000000000000000e+00,4.767840060099503025e+06
-6.159391852490132102e+00,2.707381620270713718e+00,2.998165425918172922e+00,3.464744857247987753e-01,8.500000000000000611e-02,3.000000000000000000e+00,4.767840060099503025e+06
-6.199436195716464759e+00,2.621061699007794399e+00,3.050898466373106910e+00,4.672021911738474254e-01,8.500000000000000611e-02,3.000000000000000000e+00,4.767840060099503025e+06
-5.851221013134402682e+00,2.641342618973808509e+00,2.699662763575727986e+00,4.692911348145572537e-01,8.500000000000000611e-02,3.000000000000000000e+00,4.767840060099503025e+06
-5.788388197103527588e+00,2.699243321471663570e+00,2.523565028495933671e+00,2.565983671891722828e-01,8.500000000000000611e-02,3.000000000000000000e+00,4.767840060099503025e+06
-5.859229977642184117e+00,2.965898523769185058e+00,2.850480005187969734e+00,2.459947877399258909e-01,8.500000000000000611e-02,3.000000000000000000e+00,4.767840060099503025e+06
-5.802708353457060930e+00,2.835563695024525099e+00,2.831939401607180606e+00,4.592210794508401195e-01,8.500000000000000611e-02,3.000000000000000000e+00,4.767840060099503025e+06
-5.705161808707680748e+00,2.708651225909052940e+00,2.555027880521045347e+00,3.942064172514632148e-01,8.500000000000000611e-02,3.000000000000000000e+00,4.767840060099503025e+06
-6.015261435549168034e+00,1.944240680596240889e+00,2.257544152818013572e+00,5.974037347303279288e-01,8.500000000000000611e-02,3.000000000000000000e+00,4.767840060099503025e+06
-6.240843780378627415e+00,2.554653615252649779e+00,3.068734948760103887e+00,5.903741530779234026e-01,8.500000000000000611e-02,3.000000000000000000e+00,4.767840060099503025e+06
-6.064795220814787946e+00,2.174548612830969674e+00,2.519157849551500572e+00,6.040707599823916807e-01,8.500000000000000611e-02,3.000000000000000000e+00,4.767840060099503025e+06
-5.885550548299653073e+00,2.885600632612866256e+00,2.980472595483202092e+00,5.094170851196533345e-01,8.500000000000000611e-02,3.000000000000000000e+00,4.767840060099503025e+06
-5.933898306866337791e+00,2.592940246506572066e+00,2.830989887597054278e+00,6.511064449998136272e-01,8.500000000000000611e-02,3.000000000000000000e+00,4.767840060099503025e+06
-5.913998620572943565e+00,2.194576170317241726e+00,2.380148505641200174e+00,5.858685123587135113e-01,8.500000000000000611e-02,3.000000000000000000e+00,4.767840060099503025e+06
-6.334895436467103735e+00,2.339112801642765582e+00,3.125196505387333179e+00,7.883682848476453175e-01,8.500000000000000611e-02,3.000000000000000000e+00,4.767840060099503025e+06
-5.908790523017662721e+00,1.595996356751299139e+00,1.848869650370513984e+00,6.720824215236351762e-01,8.500000000000000611e-02,3.000000000000000000e+00,4.767840060099503025e+06
-5.841372965997499556e+00,2.016956367753756751e+00,2.244136132080192692e+00,7.558153179544553346e-01,8.500000000000000611e-02,3.000000000000000000e+00,4.767840060099503025e+06
-6.379217493042087739e+00,1.754962966146425440e+00,2.855252877483847040e+00,1.107318657719788213e+00,8.500000000000000611e-02,3.000000000000000000e+00,4.767840060099503025e+06
-6.599231294317077001e+00,2.052000739579433741e+00,3.419269308022982123e+00,1.153976598418614774e+00,8.500000000000000611e-02,3.000000000000000000e+00,4.767840060099503025e+06
-6.025568309455120009e+00,2.810410233056734430e+00,3.554284984781355128e+00,1.147965212234700383e+00,8.500000000000000611e-02,3.000000000000000000e+00,4.767840060099503025e+06
-5.949023110360105449e+00,2.123720654396196839e+00,2.508860703945961834e+00,8.001985861394070865e-01,8.500000000000000611e-02,3.000000000000000000e+00,4.767840060099503025e+06
-5.981489268558084049e+00,2.862100089129399727e+00,3.304466118709384226e+00,8.196048205852775048e-01,8.500000000000000611e-02,3.000000000000000000e+00,4.767840060099503025e+06
-5.981489268558084049e+00,2.862100089129399727e+00,3.304466118709384226e+00,8.196048205852775048e-01,8.500000000000000611e-02,3.000000000000000000e+00,4.767840060099503025e+06
-5.788690490524105670e+00,2.694807266001462143e+00,2.860522466536611574e+00,7.030403523721420189e-01,8.500000000000000611e-02,3.000000000000000000e+00,4.767840060099503025e+06
-5.817323030434330633e+00,1.852545333960547547e+00,1.997786140859788340e+00,6.196318536074552075e-01,8.500000000000000611e-02,3.000000000000000000e+00,4.767840060099503025e+06
-6.003588431767989064e+00,1.831976298857405983e+00,2.448518809614056657e+00,1.023673642335452438e+00,8.500000000000000611e-02,3.000000000000000000e+00,4.767840060099503025e+06
-5.774231851435273732e+00,1.241543649818551698e+00,1.745375543621426440e+00,1.137349564647863964e+00,8.500000000000000611e-02,3.000000000000000000e+00,4.767840060099503025e+06
-5.670874044519509383e+00,1.769659590093398904e+00,1.890313550798940367e+00,8.452037124871771834e-01,8.500000000000000611e-02,3.000000000000000000e+00,4.767840060099503025e+06
-5.621265871468413167e+00,1.514426547728436212e+00,1.556834787122432395e+00,8.096556151593623518e-01,8.500000000000000611e-02,3.000000000000000000e+00,4.767840060099503025e+06
-5.249390467207428301e+00,1.422690307362610262e+00,8.149880761583361277e-01,4.407540108745644503e-01,8.500000000000000611e-02,3.000000000000000000e+00,4.767840060099503025e+06
-5.315504734377292095e+00,1.477847256759283301e+00,9.342486731957024837e-01,4.317504098351174768e-01,8.500000000000000611e-02,3.000000000000000000e+00,4.767840060099503025e+06
-5.327372477533869777e+00,1.489549870947679988e+00,1.009517320153533682e+00,4.883968168146604061e-01,8.500000000000000611e-02,3.000000000000000000e+00,4.767840060099503025e+06
-4.903802260880818054e+00,1.014923701181618121e+00,1.494960314207065544e-01,5.505624668655556553e-01,8.500000000000000611e-02,3.000000000000000000e+00,4.767840060099503025e+06
-5.408927571403640222e+00,1.476184077771781622e+00,1.126587641875137713e+00,5.276109042109856651e-01,8.500000000000000611e-02,3.000000000000000000e+00,4.767840060099503025e+06
-5.326493135009138236e+00,1.655948631753080047e+00,1.076493305408982470e+00,3.179780438200753845e-01,8.500000000000000611e-02,3.000000000000000000e+00,4.767840060099503025e+06
-5.531765570576110846e+00,1.598135866512697456e+00,1.249826915649305148e+00,3.285673298843283519e-01,8.500000000000000611e-02,3.000000000000000000e+00,4.767840060099503025e+06
-5.316996624221324019e+00,8.693172139197220538e-01,3.069106913494475952e-01,2.971257601201869325e-01,8.500000000000000611e-02,3.000000000000000000e+00,4.767840060099503025e+06
-5.308671860979396584e+00,1.141062402478814963e+00,4.398906953361179095e-01,1.481272746964973352e-01,8.500000000000000611e-02,3.000000000000000000e+00,4.767840060099503025e+06
-5.482242750928194575e+00,1.369199453683672685e+00,8.822465061125672747e-01,1.982375670769752629e-01,8.500000000000000611e-02,3.000000000000000000e+00,4.767840060099503025e+06
-5.497524840175667116e+00,1.376471500622326039e+00,9.390979641604433326e-01,2.698635679224101747e-01,8.500000000000000611e-02,3.000000000000000000e+00,4.767840060099503025e+06
-5.524488168580531600e+00,1.344591786136842160e+00,9.725609860130804973e-01,3.143632237921967221e-01,8.500000000000000611e-02,3.000000000000000000e+00,4.767840060099503025e+06
-5.456009699781095179e+00,1.312524587237401397e+00,8.511461542658035340e-01,2.819738301546296233e-01,8.500000000000000611e-02,3.000000000000000000e+00,4.767840060099503025e+06
-5.747999738978641027e+00,1.270271196398488955e+00,1.042941641980910994e+00,1.531228948257417621e-01,8.500000000000000611e-02,3.000000000000000000e+00,4.767840060099503025e+06
-6.177504812774035514e+00,1.407104167112094739e+00,1.816732778139557247e+00,4.692708381590311451e-01,8.500000000000000611e-02,3.000000000000000000e+00,4.767840060099503025e+06
-6.745444296561981190e+00,1.615899672791209163e+00,2.617629774528505315e+00,4.331398929458194491e-01,8.500000000000000611e-02,3.000000000000000000e+00,4.767840060099503025e+06
-7.220620352553750010e+00,1.535792623512894917e+00,2.938893025691238670e+00,3.088196713030116891e-01,8.500000000000000611e-02,3.000000000000000000e+00,4.767840060099503025e+06
-6.655844224640988571e+00,1.628022801523930640e+00,2.797680631246945104e+00,8.134275817132730069e-01,8.500000000000000611e-02,3.000000000000000000e+00,4.767840060099503025e+06
-6.762510336857332049e+00,2.490389625340041047e+00,3.588059978768129987e+00,6.179859708648859362e-01,8.500000000000000611e-02,3.000000000000000000e+00,4.767840060099503025e+06
-6.178095932543190116e+00,2.562304266371111083e+00,2.971219715778057324e+00,4.939599919433316777e-01,8.500000000000000611e-02,3.000000000000000000e+00,4.767840060099503025e+06
-5.801518887164757388e+00,1.103141270716292421e+00,1.306538228379524158e+00,7.024946001084874103e-01,8.500000000000000611e-02,3.000000000000000000e+00,4.767840060099503025e+06
-5.995785278250418848e+00,9.313872252894321857e-01,1.530375719247151212e+00,9.287197917569804950e-01,8.500000000000000611e-02,3.000000000000000000e+00,4.767840060099503025e+06
-6.266224331911568690e+00,1.245897155142440926e+00,2.171079809856059306e+00,9.918061682865597639e-01,8.500000000000000611e-02,3.000000000000000000e+00,4.767840060099503025e+06
-5.991124830866922046e+00,1.089227268072615384e+00,1.714959398504002142e+00,9.853230052460826283e-01,8.500000000000000611e-02,3.000000000000000000e+00,4.767840060099503025e+06
-5.991124830866922046e+00,1.089227268072615384e+00,1.714959398504002142e+00,9.853230052460826283e-01,8.500000000000000611e-02,3.000000000000000000e+00,4.767840060099503025e+06
-5.885958625380640186e+00,1.291126682044210661e+00,1.469020893025689389e+00,5.763968095362685951e-01,8.500000000000000611e-02,3.000000000000000000e+00,4.767840060099503025e+06
-6.030136987412391569e+00,1.664141426297875981e+00,1.937173403834359764e+00,5.203704558652155754e-01,8.500000000000000611e-02,3.000000000000000000e+00,4.767840060099503025e+06
-6.287134885810608864e+00,1.038930552946204289e+00,1.690726245418737950e+00,5.792989944215813924e-01,8.500000000000000611e-02,3.000000000000000000e+00,4.767840060099503025e+06
-5.408682662059426605e+00,1.000245129344335515e+00,6.140379930117348950e-01,4.988832566585095218e-01,8.500000000000000611e-02,3.000000000000000000e+00,4.767840060099503025e+06
-5.826960765707534406e+00,1.134155044369200560e+00,1.219913459403659139e+00,5.675167544412115239e-01,8.500000000000000611e-02,3.000000000000000000e+00,4.767840060099503025e+06
-5.631790003940901457e+00,1.089573852410415933e+00,1.188964457289670706e+00,8.770377818139990511e-01,8.500000000000000611e-02,3.000000000000000000e+00,4.767840060099503025e+06
-5.515269320422211408e+00,8.787918640174714469e-01,9.119490823750338038e-01,8.653349469002319383e-01,8.500000000000000611e-02,3.000000000000000000e+00,4.767840060099503025e+06
-5.418045837802692333e+00,1.074351986374037171e+00,8.900137852730477528e-01,7.167746321395686016e-01,8.500000000000000611e-02,3.000000000000000000e+00,4.767840060099503025e+06
-5.164181757371849812e+00,1.449496855365263404e+00,1.155237325074827570e+00,9.856655741479919408e-01,8.500000000000000611e-02,3.000000000000000000e+00,4.767840060099503025e+06
-5.114489422562581211e+00,1.624174051342507363e+00,1.192317365027778742e+00,8.474458538019308262e-01,8.500000000000000611e-02,3.000000000000000000e+00,4.767840060099503025e+06
-5.576689514772359857e+00,1.951673601772214717e+00,1.786398127934324398e+00,5.958957521346712749e-01,8.500000000000000611e-02,3.000000000000000000e+00,4.767840060099503025e+06
-6.090841649288466719e+00,1.898264117003321427e+00,2.261709631807853782e+00,6.124364275644255118e-01,8.500000000000000611e-02,3.000000000000000000e+00,4.767840060099503025e+06
-5.841382506195055058e+00,1.695413929218942961e+00,1.768897190974460631e+00,5.420354893115558736e-01,8.500000000000000611e-02,3.000000000000000000e+00,4.767840060099503025e+06
-5.505682316354371331e+00,1.253129006476378038e+00,1.013611678545797368e+00,5.226440114592890707e-01,8.500000000000000611e-02,3.000000000000000000e+00,4.767840060099503025e+06
-5.606835816518498383e+00,1.189733098100133946e+00,1.047145962273623887e+00,5.285358530124170118e-01,8.500000000000000611e-02,3.000000000000000000e+00,4.767840060099503025e+06
-5.662264510611620061e+00,1.365964538937341377e+00,1.260890945680938957e+00,5.348041162066575760e-01,8.500000000000000611e-02,3.000000000000000000e+00,4.767840060099503025e+06
-5.728694674188163027e+00,1.385428030578847114e+00,1.253959332939272642e+00,4.242530119404288591e-01,8.500000000000000611e-02,3.000000000000000000e+00,4.767840060099503025e+06
-5.640960830133805892e+00,1.053638859090884949e+00,9.840919564870937997e-01,5.928363527400211108e-01,8.500000000000000611e-02,3.000000000000000000e+00,4.767840060099503025e+06
-5.578809721386244647e+00,1.305892393761471926e+00,1.156027062524156879e+00,5.825262560232702391e-01,8.500000000000000611e-02,3.000000000000000000e+00,4.767840060099503025e+06
-5.008699890552645861e+00,1.183672303274122761e+00,4.115686471876496277e-01,5.643652648917076853e-01,8.500000000000000611e-02,3.000000000000000000e+00,4.767840060099503025e+06
-5.949701204734616056e+00,1.976057657924566779e+00,2.389818670815297530e+00,7.949382686961793398e-01,8.500000000000000611e-02,3.000000000000000000e+00,4.767840060099503025e+06
-6.274096622915685373e+00,1.739736159767585111e+00,2.601968070273246614e+00,9.580392806655697591e-01,8.500000000000000611e-02,3.000000000000000000e+00,4.767840060099503025e+06
-6.257202243415781240e+00,1.531361182695049727e+00,2.463891982960236149e+00,1.070569304985533599e+00,8.500000000000000611e-02,3.000000000000000000e+00,4.767840060099503025e+06
-6.152135271031175634e+00,1.418168393083978795e+00,1.993554535034365971e+00,7.386453397666352672e-01,8.500000000000000611e-02,3.000000000000000000e+00,4.767840060099503025e+06
-6.223772844232990487e+00,1.343329067292593937e+00,1.991682439122796078e+00,7.375753904948747497e-01,8.500000000000000611e-02,3.000000000000000000e+00,4.767840060099503025e+06
-6.182253695734240218e+00,1.298328901721450990e+00,1.914887131701681344e+00,7.392749857275615621e-01,8.500000000000000611e-02,3.000000000000000000e+00,4.767840060099503025e+06
-6.141669836972175389e+00,8.871615973276489875e-01,1.573523150489578359e+00,8.404134357916002163e-01,8.500000000000000611e-02,3.000000000000000000e+00,4.767840060099503025e+06
-6.204845505589043242e+00,1.105428771257521703e+00,1.895359756290631692e+00,9.133601765666474748e-01,8.500000000000000611e-02,3.000000000000000000e+00,4.767840060099503025e+06
-6.039838877676908524e+00,1.129205715950021949e+00,1.718741732330135719e+00,8.831466760066642996e-01,8.500000000000000611e-02,3.000000000000000000e+00,4.767840060099503025e+06
-5.796087360802734345e+00,1.083481703399315821e+00,1.083288495196294443e+00,4.375333814433052249e-01,8.500000000000000611e-02,3.000000000000000000e+00,4.767840060099503025e+06
-5.633700527550676185e+00,1.360909747122507785e+00,1.228409101188957075e+00,5.780321520211426645e-01,8.500000000000000611e-02,3.000000000000000000e+00,4.767840060099503025e+06
-5.517508176558933997e+00,1.908187289648972218e+00,1.567784856443864561e+00,4.378885056393373998e-01,8.500000000000000611e-02,3.000000000000000000e+00,4.767840060099503025e+06
-5.518760965659874174e+00,1.914381068133525599e+00,1.570091978567569768e+00,4.351536698216681986e-01,8.500000000000000611e-02,3.000000000000000000e+00,4.767840060099503025e+06
-5.532308912983813443e+00,1.818269588270420511e+00,1.509906138322681279e+00,4.537352349904048565e-01,8.500000000000000611e-02,3.000000000000000000e+00,4.767840060099503025e+06
-6.088072375723275087e+00,1.918376564683100138e+00,2.342184779646458104e+00,6.509665327505086418e-01,8.500000000000000611e-02,3.000000000000000000e+00,4.767840060099503025e+06
-5.945576883751399144e+00,1.999555528143598382e+00,2.152529362924610723e+00,4.662336034411530550e-01,8.500000000000000611e-02,3.000000000000000000e+00,4.767840060099503025e+06
-5.944432056851531421e+00,2.435123953926605189e+00,2.526756648820709827e+00,4.072760799886714356e-01,8.500000000000000611e-02,3.000000000000000000e+00,4.767840060099503025e+06
-6.096774477466924580e+00,2.405404839970773700e+00,2.662560012392375164e+00,4.125512058935385529e-01,8.500000000000000611e-02,3.000000000000000000e+00,4.767840060099503025e+06
-6.209097349203595684e+00,2.721166108729691668e+00,3.086401266429082302e+00,3.926137389963380020e-01,8.500000000000000611e-02,3.000000000000000000e+00,4.767840060099503025e+06
-6.210408661795381313e+00,2.719503681033272446e+00,3.085222333410150508e+00,3.915519547174802772e-01,8.500000000000000611e-02,3.000000000000000000e+00,4.767840060099503025e+06
-5.973070377316180846e+00,2.594227639547463049e+00,2.760881003267006140e+00,4.635617677404290093e-01,8.500000000000000611e-02,3.000000000000000000e+00,4.767840060099503025e+06
-5.548363430187400525e+00,2.113782473087923552e+00,1.837356814540078043e+00,4.527457520019219639e-01,8.500000000000000611e-02,3.000000000000000000e+00,4.767840060099503025e+06
-5.829926963331842238e+00,1.710287116998025825e+00,1.601721142135510201e+00,2.442945175554550041e-01,8.500000000000000611e-02,3.000000000000000000e+00,4.767840060099503025e+06
-5.761576672200200200e+00,1.303484773890737358e+00,1.133974203121231650e+00,2.372878446876877101e-01,8.500000000000000611e-02,3.000000000000000000e+00,4.767840060099503025e+06
-5.716193021591089440e+00,7.990591499520676155e-01,9.341116516225611566e-01,6.951766881085172933e-01,8.500000000000000611e-02,3.000000000000000000e+00,4.767840060099503025e+06
-5.727108009163342395e+00,6.343089717862104848e-01,7.263039549709764398e-01,6.114616131154045897e-01,8.500000000000000611e-02,3.000000000000000000e+00,4.767840060099503025e+06
-5.860416580416045740e+00,5.946960649373301822e-01,7.475757209958694416e-01,4.153706768321509535e-01,8.500000000000000611e-02,3.000000000000000000e+00,4.767840060099503025e+06
-5.856885731581797927e+00,6.459055577058525621e-01,7.958924239103848386e-01,4.211768968832447779e-01,8.500000000000000611e-02,3.000000000000000000e+00,4.767840060099503025e+06
-5.120819930707392054e+00,1.151654322963567623e+00,3.904587026702069918e-01,2.865735241122522314e-01,8.500000000000000611e-02,3.000000000000000000e+00,4.767840060099503025e+06
-5.219372887271867434e+00,1.450433793815148587e+00,7.338770297774095397e-01,2.210834904984609328e-01,8.500000000000000611e-02,3.000000000000000000e+00,4.767840060099503025e+06
-5.183947686072512440e+00,1.465901078831718163e+00,6.854464895819534220e-01,1.856658568008266730e-01,8.500000000000000611e-02,3.000000000000000000e+00,4.767840060099503025e+06
-5.012220321796485578e+00,7.351513089634844622e-01,-1.964530029237088193e-01,2.235806421563513724e-01,8.500000000000000611e-02,3.000000000000000000e+00,4.767840060099503025e+06
-5.132577196625909721e+00,9.491303546525420298e-01,2.232425230127090821e-01,3.404312948400722849e-01,8.500000000000000611e-02,3.000000000000000000e+00,4.767840060099503025e+06
-5.394605590228960246e+00,1.138557234591547118e+00,6.860074156043354243e-01,3.699272619571599696e-01,8.500000000000000611e-02,3.000000000000000000e+00,4.767840060099503025e+06
-5.350084942684518730e+00,1.052733064973873978e+00,5.453948287210430568e-01,3.475122030102243964e-01,8.500000000000000611e-02,3.000000000000000000e+00,4.767840060099503025e+06
-5.332777983663851806e+00,1.147922597128888000e+00,5.353313435748388027e-01,2.165370077013141770e-01,8.500000000000000611e-02,3.000000000000000000e+00,4.767840060099503025e+06
-5.418742883311151282e+00,1.433668835162670518e+00,8.696167985010787582e-01,1.878538863326937314e-01,8.500000000000000611e-02,3.000000000000000000e+00,4.767840060099503025e+06
-5.287571349168902479e+00,1.390095229864397597e+00,6.443117117545343886e-01,1.076782078581934171e-01,8.500000000000000611e-02,3.000000000000000000e+00,4.767840060099503025e+06
-5.768726623474171866e+00,2.141248722734613530e+00,2.082306604332223365e+00,4.058113673417628187e-01,8.500000000000000611e-02,3.000000000000000000e+00,4.767840060099503025e+06
-5.670641451141348099e+00,2.342593930198331620e+00,2.133518697259697561e+00,3.452077890956692374e-01,8.500000000000000611e-02,3.000000000000000000e+00,4.767840060099503025e+06
-5.731963063317530249e+00,2.197181423630482300e+00,2.091604443734974339e+00,4.013910203270423804e-01,8.500000000000000611e-02,3.000000000000000000e+00,4.767840060099503025e+06
-5.302992297867723082e+00,2.326740489224091046e+00,1.732447748590568937e+00,3.451400307000093703e-01,8.500000000000000611e-02,3.000000000000000000e+00,4.767840060099503025e+06
-5.222684336585043496e+00,1.200006001279237289e+00,5.127938862437669831e-01,3.332071926047026067e-01,8.500000000000000611e-02,3.000000000000000000e+00,4.767840060099503025e+06
-5.495868947697553075e+00,1.637451654189998163e+00,1.277412977860157728e+00,3.874153963862969619e-01,8.500000000000000611e-02,3.000000000000000000e+00,4.767840060099503025e+06
-5.523034025652727053e+00,1.570482164174085149e+00,1.193644844535975524e+00,3.456653875167527423e-01,8.500000000000000611e-02,3.000000000000000000e+00,4.767840060099503025e+06
-5.568491474551534814e+00,1.137451740922761578e+00,7.863527861899424209e-01,2.735937744691300799e-01,8.500000000000000611e-02,3.000000000000000000e+00,4.767840060099503025e+06
-5.574995694549669700e+00,1.147777007499191315e+00,8.061693145222186274e-01,2.790578866629960242e-01,8.500000000000000611e-02,3.000000000000000000e+00,4.767840060099503025e+06
-5.475415842492321161e+00,1.341477013433695298e+00,9.777631634423238349e-01,4.148468972512797670e-01,8.500000000000000611e-02,3.000000000000000000e+00,4.767840060099503025e+06
-5.592808219615267085e+00,1.077629920176201850e+00,8.164715900202283994e-01,3.575470817930808121e-01,8.500000000000000611e-02,3.000000000000000000e+00,4.767840060099503025e+06
-5.627247313633975345e+00,1.149168823927377403e+00,8.901020357965303553e-01,2.623584720221704969e-01,8.500000000000000611e-02,3.000000000000000000e+00,4.767840060099503025e+06
-5.087533631268671641e+00,1.824712746440786848e+00,1.042823774240963619e+00,3.710427581994062973e-01,8.500000000000000611e-02,3.000000000000000000e+00,4.767840060099503025e+06
-4.768485944992986170e+00,1.939613789563376933e+00,8.181949652205179335e-01,3.507420550586018981e-01,8.500000000000000611e-02,3.000000000000000000e+00,4.767840060099503025e+06
-5.238256839351032923e+00,2.146252072430902214e+00,1.445149523313796536e+00,2.731115070780779641e-01,8.500000000000000611e-02,3.000000000000000000e+00,4.767840060099503025e+06
-5.869777743992268704e+00,1.609528079956569435e+00,1.909670155563718552e+00,7.595946585531025974e-01,8.500000000000000611e-02,3.000000000000000000e+00,4.767840060099503025e+06
-4.743063607903549972e+00,9.320666095404094298e-01,1.329993460389559123e-01,8.130227104610396882e-01,8.500000000000000611e-02,3.000000000000000000e+00,4.767840060099503025e+06
-5.572672352063877454e+00,1.195267902902535262e+00,1.213452060525604725e+00,7.813413305635261707e-01,8.500000000000000611e-02,3.000000000000000000e+00,4.767840060099503025e+06
-5.396878404191092216e+00,1.044190489603067817e+00,1.297064853350954783e+00,1.285445593708520962e+00,8.500000000000000611e-02,3.000000000000000000e+00,4.767840060099503025e+06
-5.042610037478850060e+00,1.205552909695271513e+00,9.579053875687770780e-01,1.108508367585865795e+00,8.500000000000000611e-02,3.000000000000000000e+00,4.767840060099503025e+06
-5.359105854771664568e+00,1.512154841760839030e+00,1.870249392501560859e+00,1.448228640055257310e+00,8.500000000000000611e-02,3.000000000000000000e+00,4.767840060099503025e+06
-5.670703488314232210e+00,2.315500539734436813e+00,2.983843363813961869e+00,1.441439290708529608e+00,8.500000000000000611e-02,3.000000000000000000e+00,4.767840060099503025e+06
-5.709448343469465392e+00,2.670118684717964541e+00,3.353314604290567047e+00,1.422359958791215018e+00,8.500000000000000611e-02,3.000000000000000000e+00,4.767840060099503025e+06
-5.985307912625426496e+00,2.478843807195282078e+00,2.999720101842997533e+00,9.291160088244208026e-01,8.500000000000000611e-02,3.000000000000000000e+00,4.767840060099503025e+06
-5.908065704353027137e+00,2.693548423228105726e+00,3.158993862585336210e+00,9.740226404942901040e-01,8.500000000000000611e-02,3.000000000000000000e+00,4.767840060099503025e+06
-5.257882442540242174e+00,2.683787729227212537e+00,2.255961746221443853e+00,7.199188626374455335e-01,8.500000000000000611e-02,3.000000000000000000e+00,4.767840060099503025e+06
-5.665884713681101914e+00,2.339149604504883850e+00,2.500401793432139197e+00,8.810503925346482301e-01,8.500000000000000611e-02,3.000000000000000000e+00,4.767840060099503025e+06
-5.660365753662489396e+00,2.424769631750260945e+00,2.500628382539671346e+00,7.783413380702529638e-01,8.500000000000000611e-02,3.000000000000000000e+00,4.767840060099503025e+06
-5.646652665827794237e+00,2.241543476270583923e+00,2.473293481627637291e+00,1.053489210632124751e+00,8.500000000000000611e-02,3.000000000000000000e+00,4.767840060099503025e+06
-6.081151754748586491e+00,2.687977909181316072e+00,3.426085340675805391e+00,1.080481650346475142e+00,8.500000000000000611e-02,3.000000000000000000e+00,4.767840060099503025e+06
-5.560455351902415799e+00,2.219966617062988146e+00,2.275570284776259555e+00,9.317378247775898181e-01,8.500000000000000611e-02,3.000000000000000000e+00,4.767840060099503025e+06
-5.599101109853019231e+00,2.022808646960241319e+00,2.108049278866152676e+00,9.080525070851575009e-01,8.500000000000000611e-02,3.000000000000000000e+00,4.767840060099503025e+06
-4.907803394697323185e+00,1.038974557168729662e+00,3.600575255085125548e-02,3.242708370868813139e-01,8.500000000000000611e-02,3.000000000000000000e+00,4.767840060099503025e+06
-4.300034893041527084e+00,1.140712671020427615e+00,-7.065935148439078661e-01,8.447068423414133553e-02,8.500000000000000611e-02,3.000000000000000000e+00,4.767840060099503025e+06
-5.464262296862507640e+00,1.844017378396242801e+00,1.382485836171096105e+00,3.165749527617408021e-01,8.500000000000000611e-02,3.000000000000000000e+00,4.767840060099503025e+06
-5.964344033265140510e+00,2.602507197476160883e+00,2.659699185429154067e+00,2.870236919065239922e-01,8.500000000000000611e-02,3.000000000000000000e+00,4.767840060099503025e+06
-5.525849167011013918e+00,2.085513352418919553e+00,1.785817243631516504e+00,4.380767685832335778e-01,8.500000000000000611e-02,3.000000000000000000e+00,4.767840060099503025e+06
-5.841966856662850205e+00,1.328800650198160849e+00,1.505259819354434647e+00,6.348821821525831854e-01,8.500000000000000611e-02,3.000000000000000000e+00,4.767840060099503025e+06
-5.961668774945330540e+00,1.758638478742931888e+00,2.072258800039792348e+00,7.222579582222730110e-01,8.500000000000000611e-02,3.000000000000000000e+00,4.767840060099503025e+06
-5.802744297855157107e+00,1.407686355183068727e+00,1.588325895595832593e+00,6.969906196952504462e-01,8.500000000000000611e-02,3.000000000000000000e+00,4.767840060099503025e+06
-5.653009013842399177e+00,1.212802416591846733e+00,1.174735989288021143e+00,6.055452593551389207e-01,8.500000000000000611e-02,3.000000000000000000e+00,4.767840060099503025e+06
-5.872195390371916623e+00,8.484888754885109297e-01,1.107939345864966674e+00,6.572387087635722658e-01,8.500000000000000611e-02,3.000000000000000000e+00,4.767840060099503025e+06
-5.746406548237868783e+00,6.455956435021820150e-01,7.208842183991521768e-01,5.487399919193512998e-01,8.500000000000000611e-02,3.000000000000000000e+00,4.767840060099503025e+06
-6.295206591902933191e+00,1.199260233913382656e+00,1.795541220505919577e+00,5.089684873511262087e-01,8.500000000000000611e-02,3.000000000000000000e+00,4.767840060099503025e+06
-6.235194104866731202e+00,1.681897150774355421e+00,2.053305636403671475e+00,3.315803640493490412e-01,8.500000000000000611e-02,3.000000000000000000e+00,4.767840060099503025e+06
-5.897928727888352540e+00,1.047880510394351816e+00,1.109004575521342684e+00,4.037555837361494482e-01,8.500000000000000611e-02,3.000000000000000000e+00,4.767840060099503025e+06
-5.747720969242156031e+00,1.049696394053703852e+00,9.370157733073594120e-01,3.859130872153624381e-01,8.500000000000000611e-02,3.000000000000000000e+00,4.767840060099503025e+06
-5.195100359935787004e+00,1.733218842881311783e+00,8.728926960772382948e-01,1.852827362759912333e-01,8.500000000000000611e-02,3.000000000000000000e+00,4.767840060099503025e+06
-5.132429164688798728e+00,2.060477584728244160e+00,1.180702034355084473e+00,2.082797859391020689e-01,8.500000000000000611e-02,3.000000000000000000e+00,4.767840060099503025e+06
-5.616305504597692178e+00,1.843493157843823838e+00,1.540361707699510418e+00,3.009243490569141755e-01,8.500000000000000611e-02,3.000000000000000000e+00,4.767840060099503025e+06
-6.113594394804368726e+00,1.911297600264010965e+00,2.205726797379322868e+00,4.603079161892095206e-01,8.500000000000000611e-02,3.000000000000000000e+00,4.767840060099503025e+06
-5.719453750231931366e+00,2.142686063132103857e+00,1.895803101198064056e+00,3.196326672907625621e-01,8.500000000000000611e-02,3.000000000000000000e+00,4.767840060099503025e+06
-5.643635348861510970e+00,1.630248973483237052e+00,1.276619117392835623e+00,2.097338791394111335e-01,8.500000000000000611e-02,3.000000000000000000e+00,4.767840060099503025e+06
-5.711546264458446487e+00,1.508669203891280342e+00,1.359418350268082332e+00,3.766716244617384080e-01,8.500000000000000611e-02,3.000000000000000000e+00,4.767840060099503025e+06
-5.440674395111284589e+00,1.519053684757625922e+00,9.403491123904821336e-01,1.527128002772288884e-01,8.500000000000000611e-02,3.000000000000000000e+00,4.767840060099503025e+06
-5.545209392383190661e+00,1.651427004930495990e+00,1.264314617676269181e+00,2.663858719799369057e-01,8.500000000000000611e-02,3.000000000000000000e+00,4.767840060099503025e+06
-4.699368120419111783e+00,1.746771480931945231e+00,4.095609609950617847e-01,1.518519084500843386e-01,8.500000000000000611e-02,3.000000000000000000e+00,4.767840060099503025e+06
-4.409660789147079818e+00,2.260345039515783139e+00,6.248905141159677434e-01,1.438341562848872712e-01,8.500000000000000611e-02,3.000000000000000000e+00,4.767840060099503025e+06
-5.062443926947521433e+00,2.640290950690287630e+00,1.863924439413632728e+00,4.947433999559469608e-01,8.500000000000000611e-02,3.000000000000000000e+00,4.767840060099503025e+06
-4.999803219847206215e+00,2.665151429938861227e+00,1.761501940919090625e+00,4.321853029954733083e-01,8.500000000000000611e-02,3.000000000000000000e+00,4.767840060099503025e+06
-5.073965609515118658e+00,2.375414598728087689e+00,1.622723403238266249e+00,5.187105809905618869e-01,8.500000000000000611e-02,3.000000000000000000e+00,4.767840060099503025e+06
-5.378618737472537603e+00,1.821060226738099086e+00,1.519827370365700148e+00,6.481274728775365812e-01,8.500000000000000611e-02,3.000000000000000000e+00,4.767840060099503025e+06
-6.083147457699327632e+00,2.938440311146332640e+00,3.902847429000661617e+00,1.302590122059718469e+00,8.500000000000000611e-02,3.000000000000000000e+00,4.767840060099503025e+06
-6.078561443319809854e+00,2.903674957515790744e+00,3.813142710688079084e+00,1.249875502870443356e+00,8.500000000000000611e-02,3.000000000000000000e+00,4.767840060099503025e+06
-6.025057040561219601e+00,2.496766695978370976e+00,3.173441944179645091e+00,1.027682745374993267e+00,8.500000000000000611e-02,3.000000000000000000e+00,4.767840060099503025e+06
-5.995029154995175524e+00,2.878156247387777977e+00,3.615515905427063359e+00,1.140759844021339342e+00,8.500000000000000611e-02,3.000000000000000000e+00,4.767840060099503025e+06
-6.054388739895553151e+00,2.668872992470727734e+00,3.487984378580432754e+00,1.161529119955159395e+00,8.500000000000000611e-02,3.000000000000000000e+00,4.767840060099503025e+06
-6.019850298289353141e+00,2.865851135147700290e+00,3.568076292488463253e+00,1.063043212436238782e+00,8.500000000000000611e-02,3.000000000000000000e+00,4.767840060099503025e+06
-5.724687966369955028e+00,2.978614709198591726e+00,3.612453214113170663e+00,1.364451107876391234e+00,8.500000000000000611e-02,3.000000000000000000e+00,4.767840060099503025e+06
-5.784606147781318874e+00,2.644418886747061492e+00,3.219391530202470264e+00,1.238831388856381999e+00,8.500000000000000611e-02,3.000000000000000000e+00,4.767840060099503025e+06
-6.025698989747898970e+00,2.491094473554281485e+00,3.101580913349374580e+00,9.785180132618743754e-01,8.500000000000000611e-02,3.000000000000000000e+00,4.767840060099503025e+06
-6.014266795850375047e+00,2.286639182825857652e+00,3.036128623149829231e+00,1.163402335120269804e+00,8.500000000000000611e-02,3.000000000000000000e+00,4.767840060099503025e+06
-5.357784608774441182e+00,2.963699544651702933e+00,2.825968199709472994e+00,9.399922587970570564e-01,8.500000000000000611e-02,3.000000000000000000e+00,4.767840060099503025e+06
-5.332814657988909524e+00,2.991445450714217635e+00,2.822677406442939851e+00,9.354815787841233021e-01,8.500000000000000611e-02,3.000000000000000000e+00,4.767840060099503025e+06
-5.695428464712790628e+00,2.684838442562448080e+00,2.771490074337860321e+00,7.571545732354412195e-01,8.500000000000000611e-02,3.000000000000000000e+00,4.767840060099503025e+06
-5.764007818650825676e+00,2.889879455119021667e+00,3.015794883886667499e+00,7.280656306402846223e-01,8.500000000000000611e-02,3.000000000000000000e+00,4.767840060099503025e+06
-5.640420926806495316e+00,2.810644575115499144e+00,2.799340576771521150e+00,7.152648566581396583e-01,8.500000000000000611e-02,3.000000000000000000e+00,4.767840060099503025e+06
-5.696119521368444794e+00,2.977570396905424577e+00,2.995843082298389692e+00,6.855450522755713871e-01,8.500000000000000611e-02,3.000000000000000000e+00,4.767840060099503025e+06
-5.696119521368444794e+00,2.977570396905424577e+00,2.995843082298389692e+00,6.855450522755713871e-01,8.500000000000000611e-02,3.000000000000000000e+00,4.767840060099503025e+06
-5.700274611156590510e+00,2.821730784720110297e+00,2.905068611332534800e+00,7.437983725270007618e-01,8.500000000000000611e-02,3.000000000000000000e+00,4.767840060099503025e+06
-5.532072867338118094e+00,2.972194447332182854e+00,2.873238101898266006e+00,7.484979193375529416e-01,8.500000000000000611e-02,3.000000000000000000e+00,4.767840060099503025e+06
-5.532072867338118094e+00,2.972194447332182854e+00,2.873238101898266006e+00,7.484979193375529416e-01,8.500000000000000611e-02,3.000000000000000000e+00,4.767840060099503025e+06
-5.546497459566802846e+00,2.886882749201907572e+00,2.856365452191921950e+00,8.088333217089651583e-01,8.500000000000000611e-02,3.000000000000000000e+00,4.767840060099503025e+06
-5.589151849887836754e+00,2.594795047367842500e+00,2.631819202400809132e+00,8.310666078609516561e-01,8.500000000000000611e-02,3.000000000000000000e+00,4.767840060099503025e+06
-5.772940333330393692e+00,1.978595711793178058e+00,2.292189528450484737e+00,8.986472951105298757e-01,8.500000000000000611e-02,3.000000000000000000e+00,4.767840060099503025e+06
-5.640251422761116906e+00,2.516238652636097584e+00,2.542068995400701859e+00,7.540031962688802381e-01,8.500000000000000611e-02,3.000000000000000000e+00,4.767840060099503025e+06
-5.694605691734899722e+00,2.830084047495060595e+00,2.859822308245224765e+00,6.992682860491431507e-01,8.500000000000000611e-02,3.000000000000000000e+00,4.767840060099503025e+06
-5.701345150462207911e+00,2.811157571517966858e+00,2.855364053351190812e+00,7.067619670678038091e-01,8.500000000000000611e-02,3.000000000000000000e+00,4.767840060099503025e+06
-5.900976110752667481e+00,2.516479717183785603e+00,2.727594324770491241e+00,6.753251234096044886e-01,8.500000000000000611e-02,3.000000000000000000e+00,4.767840060099503025e+06
-5.685048010459470724e+00,2.959871494008412096e+00,2.838618685935706765e+00,5.118412882092061578e-01,8.500000000000000611e-02,3.000000000000000000e+00,4.767840060099503025e+06
-5.830761448747506570e+00,2.169467336497771903e+00,2.284889581502243860e+00,5.882266794971943158e-01,8.500000000000000611e-02,3.000000000000000000e+00,4.767840060099503025e+06
-5.783398842350679026e+00,1.368048204845563109e+00,1.336630981007987495e+00,4.635253548315254046e-01,8.500000000000000611e-02,3.000000000000000000e+00,4.767840060099503025e+06
-5.614111502086129413e+00,1.111147230030353983e+00,1.115933556073729571e+00,7.168692526003033194e-01,8.500000000000000611e-02,3.000000000000000000e+00,4.767840060099503025e+06
-5.571342387189813117e+00,1.415942403606365252e+00,1.600494610397977580e+00,1.002495650411084238e+00,8.500000000000000611e-02,3.000000000000000000e+00,4.767840060099503025e+06
-5.557309144875803852e+00,1.879395776434792831e+00,2.101429878430210785e+00,1.074384393140472405e+00,8.500000000000000611e-02,3.000000000000000000e+00,4.767840060099503025e+06
-5.556492051795856035e+00,1.670789616005937672e+00,1.674221706884734040e+00,8.105277033935760489e-01,8.500000000000000611e-02,3.000000000000000000e+00,4.767840060099503025e+06
-4.662805825788010061e+00,1.578056481792174726e+00,8.109106611164236256e-01,1.018137369203014675e+00,8.500000000000000611e-02,3.000000000000000000e+00,4.767840060099503025e+06
-4.964525054799979742e+00,1.500714682470513317e+00,9.532799119429165025e-01,9.032192702466318446e-01,8.500000000000000611e-02,3.000000000000000000e+00,4.767840060099503025e+06
-5.107594417999544945e+00,1.334724249910222760e+00,9.689605311997877557e-01,9.437673118568616903e-01,8.500000000000000611e-02,3.000000000000000000e+00,4.767840060099503025e+06
-5.384569972321791020e+00,1.086826395087996611e+00,1.095116725125027335e+00,9.688432533196943419e-01,8.500000000000000611e-02,3.000000000000000000e+00,4.767840060099503025e+06
-5.185312687060026349e+00,6.830128245462085967e-01,5.497793248595734816e-01,9.985318360963654216e-01,8.500000000000000611e-02,3.000000000000000000e+00,4.767840060099503025e+06
-5.273313572421893802e+00,6.216776844412432723e-01,6.272370273266097973e-01,1.040613960461186149e+00,8.500000000000000611e-02,3.000000000000000000e+00,4.767840060099503025e+06
-5.322394023591924039e+00,6.216325151163513141e-01,6.145032146500218895e-01,9.658770349646842446e-01,8.500000000000000611e-02,3.000000000000000000e+00,4.767840060099503025e+06
-5.315999609291626626e+00,5.384687312271798643e-01,5.484525180496124808e-01,9.881435534706510815e-01,8.500000000000000611e-02,3.000000000000000000e+00,4.767840060099503025e+06
-5.314956299294869346e+00,6.881973704968286087e-01,7.046819808404281016e-01,1.016239250814101158e+00,8.500000000000000611e-02,3.000000000000000000e+00,4.767840060099503025e+06
-5.283134922188215121e+00,5.327121362254454429e-01,5.352429993872722669e-01,1.025257536090234289e+00,8.500000000000000611e-02,3.000000000000000000e+00,4.767840060099503025e+06
-5.283134922188215121e+00,5.327121362254454429e-01,5.352429993872722669e-01,1.025257536090234289e+00,8.500000000000000611e-02,3.000000000000000000e+00,4.767840060099503025e+06
-5.452058539523435776e+00,7.489869293517917859e-01,7.989608577081945828e-01,9.070856452955355920e-01,8.500000000000000611e-02,3.000000000000000000e+00,4.767840060099503025e+06
-5.548828203809380355e+00,7.058977524904124223e-01,1.055280794731769722e+00,1.105802276244716387e+00,8.500000000000000611e-02,3.000000000000000000e+00,4.767840060099503025e+06
-5.508828711864543592e+00,5.641409161365265046e-01,8.633986630840366772e-01,1.089121465006431810e+00,8.500000000000000611e-02,3.000000000000000000e+00,4.767840060099503025e+06
-5.491968318490734191e+00,6.185288111699798197e-01,8.501845854189282736e-01,1.030929175943538390e+00,8.500000000000000611e-02,3.000000000000000000e+00,4.767840060099503025e+06
-5.463607406772230668e+00,5.807988892160352856e-01,9.109973473366352881e-01,1.166082587833972894e+00,8.500000000000000611e-02,3.000000000000000000e+00,4.767840060099503025e+06
-5.318502902147186795e+00,5.147869489502233664e-01,3.518061639064882229e-01,7.811669290080961447e-01,8.500000000000000611e-02,3.000000000000000000e+00,4.767840060099503025e+06
-6.027162639568119928e+00,8.994019450327539467e-01,1.780611248436477556e+00,1.176471494567249199e+00,8.500000000000000611e-02,3.000000000000000000e+00,4.767840060099503025e+06
-5.951622463862432433e+00,6.934402612311766356e-01,1.472656067152281034e+00,1.126737693059838952e+00,8.500000000000000611e-02,3.000000000000000000e+00,4.767840060099503025e+06
-5.960853186478744625e+00,7.208445281061938159e-01,1.508868582481224019e+00,1.128048011370707870e+00,8.500000000000000611e-02,3.000000000000000000e+00,4.767840060099503025e+06
-5.777254352732816400e+00,7.513875118658872587e-01,1.150209212232726763e+00,9.018880645670488416e-01,8.500000000000000611e-02,3.000000000000000000e+00,4.767840060099503025e+06
-5.185633758256225079e+00,3.680732960787787000e-01,1.114292806210142039e-01,8.068317995311765634e-01,8.500000000000000611e-02,3.000000000000000000e+00,4.767840060099503025e+06
-5.414228612374470728e+00,5.344606029633807154e-01,5.266959055941953238e-01,8.350168602670321460e-01,8.500000000000000611e-02,3.000000000000000000e+00,4.767840060099503025e+06
-5.255777835768340012e+00,4.062881670224602892e-01,2.391318960680619554e-01,8.107631410979863062e-01,8.500000000000000611e-02,3.000000000000000000e+00,4.767840060099503025e+06
-4.876295206536125804e+00,6.668100208629520464e-01,-2.297203747485063730e-01,5.006080680930993232e-01,8.500000000000000611e-02,3.000000000000000000e+00,4.767840060099503025e+06
-4.575468189912228034e+00,8.534708700143500693e-01,-4.824869493866928982e-01,3.237975411726121688e-01,8.500000000000000611e-02,3.000000000000000000e+00,4.767840060099503025e+06
-6.341276958015255261e+00,2.594351125273327341e+00,3.410339694255510867e+00,8.172347601826381869e-01,8.500000000000000611e-02,3.000000000000000000e+00,4.767840060099503025e+06
-6.341276958015255261e+00,2.594351125273327341e+00,3.410339694255510867e+00,8.172347601826381869e-01,8.500000000000000611e-02,3.000000000000000000e+00,4.767840060099503025e+06
-5.800737723007328484e+00,2.042910522462018985e+00,2.103076710768080559e+00,5.549348361212055325e-01,8.500000000000000611e-02,3.000000000000000000e+00,4.767840060099503025e+06
-6.123971059409292650e+00,2.302398826741659743e+00,2.688755880672597076e+00,5.363440383718415250e-01,8.500000000000000611e-02,3.000000000000000000e+00,4.767840060099503025e+06
-6.499599820640241887e+00,2.580713534155432143e+00,3.334300186799734167e+00,5.497649869422847058e-01,8.500000000000000611e-02,3.000000000000000000e+00,4.767840060099503025e+06
-6.076397023549066745e+00,1.610867717635738217e+00,1.889610999139988756e+00,4.690187909652766551e-01,8.500000000000000611e-02,3.000000000000000000e+00,4.767840060099503025e+06
-5.771395498282610781e+00,1.152534738578551599e+00,1.164843421398977341e+00,4.872893030413866233e-01,8.500000000000000611e-02,3.000000000000000000e+00,4.767840060099503025e+06
-5.435606994910466838e+00,1.049297048987457348e+00,6.951040396354970508e-01,4.788868631886386562e-01,8.500000000000000611e-02,3.000000000000000000e+00,4.767840060099503025e+06
-5.578477248774693642e+00,1.231023441266783536e+00,9.031525608845915043e-01,3.156043937732604943e-01,8.500000000000000611e-02,3.000000000000000000e+00,4.767840060099503025e+06
-6.034609378774517197e+00,1.980884064511067244e+00,2.233291889787021756e+00,5.218660323821213698e-01,8.500000000000000611e-02,3.000000000000000000e+00,4.767840060099503025e+06
-6.743074169644014404e+00,2.315277131855240533e+00,3.588179141346381940e+00,8.520437985497770761e-01,8.500000000000000611e-02,3.000000000000000000e+00,4.767840060099503025e+06
-6.491063951491264028e+00,2.019579798971438578e+00,2.805223021235269343e+00,5.520770434579242991e-01,8.500000000000000611e-02,3.000000000000000000e+00,4.767840060099503025e+06
-5.955813352672697292e+00,1.184185439053260680e+00,1.321408629297879500e+00,3.926921403889207518e-01,8.500000000000000611e-02,3.000000000000000000e+00,4.767840060099503025e+06
-5.888875397709000481e+00,1.250261839898209493e+00,1.334877492951978883e+00,3.646930995356468808e-01,8.500000000000000611e-02,3.000000000000000000e+00,4.767840060099503025e+06
-5.757233140193814158e+00,1.748418605940300186e+00,1.609741269253935236e+00,2.689830242503353785e-01,8.500000000000000611e-02,3.000000000000000000e+00,4.767840060099503025e+06
-5.788779912809835615e+00,2.251117579724249751e+00,2.101654872319298040e+00,2.132324448421846208e-01,8.500000000000000611e-02,3.000000000000000000e+00,4.767840060099503025e+06
-5.865716369268134223e+00,2.732709865957428264e+00,2.686876826765733917e+00,2.607461746189713714e-01,8.500000000000000611e-02,3.000000000000000000e+00,4.767840060099503025e+06
-5.696212872224733381e+00,2.556214079387979954e+00,2.360888932089808101e+00,3.464344920293861430e-01,8.500000000000000611e-02,3.000000000000000000e+00,4.767840060099503025e+06
-5.845500552351802881e+00,2.204007562551006050e+00,2.376934101891511997e+00,6.481872297119122273e-01,8.500000000000000611e-02,3.000000000000000000e+00,4.767840060099503025e+06
-5.116433245343360525e+00,1.906317063388323074e+00,1.242521070081184398e+00,5.797876388869261932e-01,8.500000000000000611e-02,3.000000000000000000e+00,4.767840060099503025e+06
-4.852145469549506096e+00,1.970794503254914121e+00,1.012906797049929253e+00,5.943547687177475058e-01,8.500000000000000611e-02,3.000000000000000000e+00,4.767840060099503025e+06
-5.017387696763478289e+00,1.328896062096460717e+00,4.962375035691893865e-01,4.671284769777778179e-01,8.500000000000000611e-02,3.000000000000000000e+00,4.767840060099503025e+06
-5.393842046784392608e+00,1.149221760717986207e+00,8.775305177062613371e-01,6.481880493233099783e-01,8.500000000000000611e-02,3.000000000000000000e+00,4.767840060099503025e+06
-5.073787238666519706e+00,1.497413621440830456e+00,8.706448533661050870e-01,6.682774974437747373e-01,8.500000000000000611e-02,3.000000000000000000e+00,4.767840060099503025e+06
-5.101844285570892978e+00,1.230492134588980324e+00,5.532271785087800042e-01,5.397258100265832637e-01,8.500000000000000611e-02,3.000000000000000000e+00,4.767840060099503025e+06
-5.164149996063795989e+00,2.198756651633616777e+00,1.511670803761551385e+00,4.859319072634267767e-01,8.500000000000000611e-02,3.000000000000000000e+00,4.767840060099503025e+06
-4.417970634177406097e+00,1.236215501837384378e+00,-1.685752862927230034e-01,5.359444885383382040e-01,8.500000000000000611e-02,3.000000000000000000e+00,4.767840060099503025e+06
-5.398461359877380517e+00,1.832502892627034363e+00,1.459107771791122943e+00,5.158487281483095099e-01,8.500000000000000611e-02,3.000000000000000000e+00,4.767840060099503025e+06
-5.279792276159659181e+00,1.736155735325587646e+00,1.007857781774177397e+00,2.364709842697750308e-01,8.500000000000000611e-02,3.000000000000000000e+00,4.767840060099503025e+06
-4.581018885837266907e+00,1.256730650273478744e+00,-2.804165574549974949e-01,1.355991428011174005e-01,8.500000000000000611e-02,3.000000000000000000e+00,4.767840060099503025e+06
-4.965376209496516147e+00,1.656713940310715394e+00,7.000708196879590339e-01,3.500721827044325218e-01,8.500000000000000611e-02,3.000000000000000000e+00,4.767840060099503025e+06
-4.703892679636938468e+00,1.883900091307501024e+00,5.510862434428295265e-01,1.816223308672728354e-01,8.500000000000000611e-02,3.000000000000000000e+00,4.767840060099503025e+06
-4.317402574540675886e+00,1.835865736101560675e+00,4.235517014043121975e-03,5.453171779097615302e-02,8.500000000000000611e-02,3.000000000000000000e+00,4.767840060099503025e+06
-5.488605711313669921e+00,2.184070414609163180e+00,1.802753104556884534e+00,4.277053208565072540e-01,8.500000000000000611e-02,3.000000000000000000e+00,4.767840060099503025e+06
-5.236534235392577230e+00,1.975301455872896295e+00,1.287992200596607795e+00,4.011447634029241538e-01,8.500000000000000611e-02,3.000000000000000000e+00,4.767840060099503025e+06
-5.078266761976437671e+00,1.130563604769627251e+00,3.168865949123651493e-01,3.760271805155079305e-01,8.500000000000000611e-02,3.000000000000000000e+00,4.767840060099503025e+06
-5.017413517477844920e+00,1.212791053047846734e+00,3.555188953748944503e-01,4.283529417124834482e-01,8.500000000000000611e-02,3.000000000000000000e+00,4.767840060099503025e+06
-5.211977272424514140e+00,2.122369207839445160e+00,1.349328487540447208e+00,2.847618329423079464e-01,8.500000000000000611e-02,3.000000000000000000e+00,4.767840060099503025e+06
-5.379035008861616340e+00,1.935385750043013608e+00,1.533258430746953449e+00,5.359197325578312077e-01,8.500000000000000611e-02,3.000000000000000000e+00,4.767840060099503025e+06
-5.449999352187177237e+00,2.223807331061003811e+00,1.768367837245425900e+00,3.491968041721729143e-01,8.500000000000000611e-02,3.000000000000000000e+00,4.767840060099503025e+06
-5.105737541417127545e+00,2.239694838071851990e+00,1.099554184488785502e+00,-1.746874921262194791e-01,8.500000000000000611e-02,3.000000000000000000e+00,4.767840060099503025e+06
-5.105737541417127545e+00,2.239694838071851990e+00,1.099554184488785502e+00,-1.746874921262194791e-01,8.500000000000000611e-02,3.000000000000000000e+00,4.767840060099503025e+06
-5.057563686372190226e+00,2.246656473491961847e+00,1.169395915528051777e+00,2.375559029548135470e-02,8.500000000000000611e-02,3.000000000000000000e+00,4.767840060099503025e+06
-5.310661704043017295e+00,2.766101683187399907e+00,2.089352106595658398e+00,2.385324806250546104e-01,8.500000000000000611e-02,3.000000000000000000e+00,4.767840060099503025e+06
-5.304866074252658770e+00,2.637366730300864770e+00,1.932822339970005521e+00,2.022161315515098590e-01,8.500000000000000611e-02,3.000000000000000000e+00,4.767840060099503025e+06
-5.310437770210168829e+00,2.618699869950783743e+00,1.928832807089496892e+00,2.121873039028504826e-01,8.500000000000000611e-02,3.000000000000000000e+00,4.767840060099503025e+06
-5.309806933741255897e+00,2.590802410264514855e+00,1.870471467257195819e+00,1.914096812946637360e-01,8.500000000000000611e-02,3.000000000000000000e+00,4.767840060099503025e+06
-5.272259312975399403e+00,2.264586615952999704e+00,1.525430816092078645e+00,1.492311300818666697e-01,8.500000000000000611e-02,3.000000000000000000e+00,4.767840060099503025e+06
-5.179174562403052740e+00,2.622287320101962749e+00,1.708350984548898666e+00,3.845984415485259600e-02,8.500000000000000611e-02,3.000000000000000000e+00,4.767840060099503025e+06
-5.454695722465737084e+00,2.770099534927252805e+00,2.256294307627375595e+00,2.391320327608614793e-01,8.500000000000000611e-02,3.000000000000000000e+00,4.767840060099503025e+06
-5.857065096280972938e+00,2.918636964903528419e+00,2.925499205710833550e+00,3.872406202385814122e-01,8.500000000000000611e-02,3.000000000000000000e+00,4.767840060099503025e+06
-5.945957679769290571e+00,2.584807857885336180e+00,2.869915134694963399e+00,6.396494062126305558e-01,8.500000000000000611e-02,3.000000000000000000e+00,4.767840060099503025e+06
-5.868816776303405369e+00,2.857491093905065505e+00,2.790700942634477322e+00,3.004590334392671092e-01,8.500000000000000611e-02,3.000000000000000000e+00,4.767840060099503025e+06
-5.660067199584163156e+00,2.358589070612022720e+00,2.136491396576508883e+00,3.919241715592646225e-01,8.500000000000000611e-02,3.000000000000000000e+00,4.767840060099503025e+06
-5.500795845201170486e+00,2.179772920571577011e+00,1.926748135446879839e+00,5.684478194896853687e-01,8.500000000000000611e-02,3.000000000000000000e+00,4.767840060099503025e+06
-5.266036677154803058e+00,2.106639805982709390e+00,1.520821301978946494e+00,4.247606205780850575e-01,8.500000000000000611e-02,3.000000000000000000e+00,4.767840060099503025e+06
-5.666948473613042658e+00,1.553669232346026829e+00,1.337953151644009298e+00,3.883126993691269901e-01,8.500000000000000611e-02,3.000000000000000000e+00,4.767840060099503025e+06
-5.689574622988535779e+00,1.170352008342485206e+00,1.049631756282388029e+00,4.522280058285581550e-01,8.500000000000000611e-02,3.000000000000000000e+00,4.767840060099503025e+06
-5.619842703581658050e+00,1.245251294849919699e+00,9.356729155359464478e-01,3.212346312065459397e-01,8.500000000000000611e-02,3.000000000000000000e+00,4.767840060099503025e+06
-5.670992059673421792e+00,1.159204506090727449e+00,9.672174721348436588e-01,4.025937270437326965e-01,8.500000000000000611e-02,3.000000000000000000e+00,4.767840060099503025e+06
-5.471134700010816587e+00,1.195055042762164454e+00,7.479794746283894291e-01,3.022035748935569810e-01,8.500000000000000611e-02,3.000000000000000000e+00,4.767840060099503025e+06
-5.081094161707139456e+00,6.905818867092108349e-01,-2.557849624442340986e-01,1.213879823998415819e-01,8.500000000000000611e-02,3.000000000000000000e+00,4.767840060099503025e+06
-5.527262750587726536e+00,9.830831138497115873e-01,7.126969957843825032e-01,4.138686345768285424e-01,8.500000000000000611e-02,3.000000000000000000e+00,4.767840060099503025e+06
-5.743490295391498357e+00,1.020859025783779073e+00,1.010362470161130677e+00,4.580064086711075344e-01,8.500000000000000611e-02,3.000000000000000000e+00,4.767840060099503025e+06
-5.876168345755778510e+00,7.291636974929709414e-01,7.735954159649784945e-01,2.867237951311134569e-01,8.500000000000000611e-02,3.000000000000000000e+00,4.767840060099503025e+06
-6.007518018693330575e+00,7.742805397175660520e-01,9.633665842189298445e-01,2.941951498691824929e-01,8.500000000000000611e-02,3.000000000000000000e+00,4.767840060099503025e+06
-5.656377276754130712e+00,1.305109076477527497e+00,1.138886950801341502e+00,4.048839884094077024e-01,8.500000000000000611e-02,3.000000000000000000e+00,4.767840060099503025e+06
-6.259331814483473977e+00,1.092769988386168123e+00,1.674752088405530470e+00,5.360855091984918497e-01,8.500000000000000611e-02,3.000000000000000000e+00,4.767840060099503025e+06
-6.007499721025395090e+00,9.389302187058513605e-01,1.401185856844764821e+00,7.443017847948194543e-01,8.500000000000000611e-02,3.000000000000000000e+00,4.767840060099503025e+06
-5.960582819797228815e+00,1.854981066092495468e+00,2.076826605377664503e+00,5.658007174322362554e-01,8.500000000000000611e-02,3.000000000000000000e+00,4.767840060099503025e+06
-6.323422597761054753e+00,2.328193239436932238e+00,3.157617543731611853e+00,8.816214475049743982e-01,8.500000000000000611e-02,3.000000000000000000e+00,4.767840060099503025e+06
-6.587131815543766145e+00,2.562807254357519327e+00,3.707091149983071432e+00,9.410263007359869203e-01,8.500000000000000611e-02,3.000000000000000000e+00,4.767840060099503025e+06
-6.142390346089490194e+00,1.880231675529542956e+00,2.441247183334072535e+00,7.690352641510916909e-01,8.500000000000000611e-02,3.000000000000000000e+00,4.767840060099503025e+06
-6.373564256765774871e+00,1.439983884816624204e+00,2.442088596417367974e+00,9.823804661719929276e-01,8.500000000000000611e-02,3.000000000000000000e+00,4.767840060099503025e+06
-6.279369094647978322e+00,1.320095608966401546e+00,2.197811623430222738e+00,9.578508379698522646e-01,8.500000000000000611e-02,3.000000000000000000e+00,4.767840060099503025e+06
-6.278992662663424262e+00,1.198533251570645053e+00,2.090227681243818303e+00,9.758476453636278913e-01,8.500000000000000611e-02,3.000000000000000000e+00,4.767840060099503025e+06
-6.225590672596079678e+00,1.122126414888116264e+00,2.009734883331782740e+00,1.038139473427783566e+00,8.500000000000000611e-02,3.000000000000000000e+00,4.767840060099503025e+06
-5.974617133520114365e+00,1.319759229892959462e+00,1.785037949045675587e+00,8.437366246089286204e-01,8.500000000000000611e-02,3.000000000000000000e+00,4.767840060099503025e+06
-5.621708915713234056e+00,1.938379904482832039e+00,1.696244810982680207e+00,4.096585568230934893e-01,8.500000000000000611e-02,3.000000000000000000e+00,4.767840060099503025e+06
-6.166116021442989314e+00,2.020753347974959091e+00,2.271655395206601646e+00,3.104624835759393631e-01,8.500000000000000611e-02,3.000000000000000000e+00,4.767840060099503025e+06
-5.769059503408679568e+00,1.761154212231091032e+00,1.599296977269137887e+00,2.987308365137187338e-01,8.500000000000000611e-02,3.000000000000000000e+00,4.767840060099503025e+06
-5.281367778023567716e+00,2.071175431225473762e+00,1.361149360348290926e+00,2.504619014604437810e-01,8.500000000000000611e-02,3.000000000000000000e+00,4.767840060099503025e+06
-4.983838824777709675e+00,1.471957625222443777e+00,4.048184901232270150e-01,1.416644951406318409e-01,8.500000000000000611e-02,3.000000000000000000e+00,4.767840060099503025e+06
-5.046853923963032784e+00,1.445618086901652832e+00,5.100384096488396191e-01,2.296612359511541190e-01,8.500000000000000611e-02,3.000000000000000000e+00,4.767840060099503025e+06
-5.415984810479878675e+00,1.853735639776203925e+00,1.276757875207591209e+00,2.094342557336482669e-01,8.500000000000000611e-02,3.000000000000000000e+00,4.767840060099503025e+06
-5.509811047569067810e+00,1.623165056169076026e+00,1.150519254191873841e+00,2.360264453651718108e-01,8.500000000000000611e-02,3.000000000000000000e+00,4.767840060099503025e+06
-5.568541590958224319e+00,1.506637925718874671e+00,1.087338416853599998e+00,2.392127453878957200e-01,8.500000000000000611e-02,3.000000000000000000e+00,4.767840060099503025e+06
-5.414699859146917760e+00,1.363636989334553240e+00,8.291967115478628969e-01,2.724360003821736376e-01,8.500000000000000611e-02,3.000000000000000000e+00,4.767840060099503025e+06
-5.780639009096690373e+00,1.525972437849320462e+00,1.413525186967851344e+00,2.802701884329826809e-01,8.500000000000000611e-02,3.000000000000000000e+00,4.767840060099503025e+06
-5.789992069394589436e+00,2.097692221692562864e+00,1.914613259853839011e+00,1.316535570015011647e-01,8.500000000000000611e-02,3.000000000000000000e+00,4.767840060099503025e+06
-4.777872526708592638e+00,1.977610981282822644e+00,6.387537005432109005e-01,1.555446707208735235e-01,8.500000000000000611e-02,3.000000000000000000e+00,4.767840060099503025e+06
-5.173779056149801825e+00,1.638925377949970619e+00,8.013796395467978062e-01,1.755384968158201220e-01,8.500000000000000611e-02,3.000000000000000000e+00,4.767840060099503025e+06
-5.409570612155004454e+00,1.945543553631553291e+00,1.389329130104178578e+00,1.325494822919215665e-01,8.500000000000000611e-02,3.000000000000000000e+00,4.767840060099503025e+06
-5.103122907502893213e+00,1.657867695731616076e+00,8.043465335469554001e-01,2.115089542183556381e-01,8.500000000000000611e-02,3.000000000000000000e+00,4.767840060099503025e+06
-5.086090627400547071e+00,2.153474584271103609e+00,1.202232714825876236e+00,1.564589885281152948e-01,8.500000000000000611e-02,3.000000000000000000e+00,4.767840060099503025e+06
-4.942207245564002704e+00,2.094539107806187683e+00,9.543728168051307525e-01,1.027017640914855701e-01,8.500000000000000611e-02,3.000000000000000000e+00,4.767840060099503025e+06
-5.229175777301587225e+00,2.608821637431195217e+00,1.824330914386240732e+00,2.378658686525267907e-01,8.500000000000000611e-02,3.000000000000000000e+00,4.767840060099503025e+06
-5.401990579661431369e+00,2.586433711726356055e+00,2.055264220499402494e+00,3.247090551384955726e-01,8.500000000000000611e-02,3.000000000000000000e+00,4.767840060099503025e+06
-5.293040152158493328e+00,2.762139799948115204e+00,2.026059072751846379e+00,1.422672686976282908e-01,8.500000000000000611e-02,3.000000000000000000e+00,4.767840060099503025e+06
-5.215874467998276920e+00,2.210427473719127622e+00,1.419533453181144766e+00,1.823563908479537143e-01,8.500000000000000611e-02,3.000000000000000000e+00,4.767840060099503025e+06
-5.175639033756843865e+00,2.275402368844908541e+00,1.412082653384793440e+00,1.392034277312010904e-01,8.500000000000000611e-02,3.000000000000000000e+00,4.767840060099503025e+06
-5.179039206588244681e+00,2.055633981312163794e+00,1.310770322041744818e+00,3.730672434027735851e-01,8.500000000000000611e-02,3.000000000000000000e+00,4.767840060099503025e+06
-5.467689147570358621e+00,2.065143487462503202e+00,1.695492160462390263e+00,4.918968408922630431e-01,8.500000000000000611e-02,3.000000000000000000e+00,4.767840060099503025e+06
-5.309023395978475612e+00,2.155310697460412594e+00,1.640241813870469745e+00,5.316184990205284899e-01,8.500000000000000611e-02,3.000000000000000000e+00,4.767840060099503025e+06
-5.015253985251959534e+00,2.391882336428958311e+00,1.588452500948973167e+00,5.485543709041580396e-01,8.500000000000000611e-02,3.000000000000000000e+00,4.767840060099503025e+06
-5.016111043220071508e+00,2.983607715043742559e+00,2.152563406269895729e+00,5.152811594291739627e-01,8.500000000000000611e-02,3.000000000000000000e+00,4.767840060099503025e+06
-5.075217737960925568e+00,2.791482091024741319e+00,2.063343280267063484e+00,5.449292203567903670e-01,8.500000000000000611e-02,3.000000000000000000e+00,4.767840060099503025e+06
-4.523413146514347005e+00,2.634512448282209096e+00,1.458721922734643295e+00,6.854847044509022602e-01,8.500000000000000611e-02,3.000000000000000000e+00,4.767840060099503025e+06
-5.236217124040818405e+00,2.529581989418455024e+00,1.970447561496628142e+00,5.149067708912973274e-01,8.500000000000000611e-02,3.000000000000000000e+00,4.767840060099503025e+06
-5.199349065170464357e+00,2.983725320143373771e+00,2.501259398354813257e+00,6.909130460340104918e-01,8.500000000000000611e-02,3.000000000000000000e+00,4.767840060099503025e+06
-5.191530212716348736e+00,2.912196035086181300e+00,2.418388995405731379e+00,6.857550325853138951e-01,8.500000000000000611e-02,3.000000000000000000e+00,4.767840060099503025e+06
-5.198114090338079585e+00,2.915958900308669666e+00,2.429523205057521285e+00,6.890098737296953546e-01,8.500000000000000611e-02,3.000000000000000000e+00,4.767840060099503025e+06
-5.281511149064221478e+00,2.914803764333947278e+00,2.539666485148776687e+00,7.146350359052053847e-01,8.500000000000000611e-02,3.000000000000000000e+00,4.767840060099503025e+06
-5.253548486953063978e+00,2.916326825902788134e+00,2.513399222715506198e+00,7.171146213044566897e-01,8.500000000000000611e-02,3.000000000000000000e+00,4.767840060099503025e+06
-5.248850899249728919e+00,2.946248944521292046e+00,2.541366858967976317e+00,7.228264156808072993e-01,8.500000000000000611e-02,3.000000000000000000e+00,4.767840060099503025e+06
-5.723365796516653781e+00,2.075126514689379142e+00,2.385312998263152906e+00,1.000509937840701413e+00,8.500000000000000611e-02,3.000000000000000000e+00,4.767840060099503025e+06
-6.866432319709396381e+00,1.287535093115203200e+00,3.012821840418163255e+00,1.199824869856888077e+00,8.500000000000000611e-02,3.000000000000000000e+00,4.767840060099503025e+06
-6.443836508243857786e+00,1.185083361231191956e+00,2.368909982522398039e+00,1.069204855471068694e+00,8.500000000000000611e-02,3.000000000000000000e+00,4.767840060099503025e+06
-5.827449480933557524e+00,1.435465098360699798e+00,2.115324035784770906e+00,1.272142161568582397e+00,8.500000000000000611e-02,3.000000000000000000e+00,4.767840060099503025e+06
-5.558760046510463404e+00,1.248069092461186580e+00,1.350552517203894132e+00,9.294495686908905707e-01,8.500000000000000611e-02,3.000000000000000000e+00,4.767840060099503025e+06
-5.757812775466595312e+00,1.425308476631544252e+00,1.947413345303429910e+00,1.154902683508717498e+00,8.500000000000000611e-02,3.000000000000000000e+00,4.767840060099503025e+06
-5.575811630559280196e+00,1.478463613819597455e+00,1.823674421597909046e+00,1.176401524122286268e+00,8.500000000000000611e-02,3.000000000000000000e+00,4.767840060099503025e+06
-5.927678877320811779e+00,8.970004650042755490e-01,2.005500728565045687e+00,1.523302667802240773e+00,8.500000000000000611e-02,3.000000000000000000e+00,4.767840060099503025e+06
-5.947889609170394110e+00,1.155185891238834195e+00,2.375681658510073291e+00,1.644660888734394533e+00,8.500000000000000611e-02,3.000000000000000000e+00,4.767840060099503025e+06
-5.669152513452980990e+00,7.714220129926683267e-01,2.066261058537832263e+00,1.987681307756323346e+00,8.500000000000000611e-02,3.000000000000000000e+00,4.767840060099503025e+06
-4.885301752235829298e+00,9.460223268279419617e-01,1.066361842244154534e+00,1.626409223645294944e+00,8.500000000000000611e-02,3.000000000000000000e+00,4.767840060099503025e+06
-5.092526319437554072e+00,6.665090548102116097e-01,8.341763876886202356e-01,1.425842660578465537e+00,8.500000000000000611e-02,3.000000000000000000e+00,4.767840060099503025e+06
-5.094384733139914800e+00,6.741285269485608467e-01,8.430242473695188643e-01,1.425505883153890041e+00,8.500000000000000611e-02,3.000000000000000000e+00,4.767840060099503025e+06
-5.192339898697762024e+00,7.631140558199325241e-01,9.498515086195067347e-01,1.346473881395819472e+00,8.500000000000000611e-02,3.000000000000000000e+00,4.767840060099503025e+06
-5.000278915610319785e+00,5.950666365959091930e-01,4.163969270826890501e-01,1.140660587418080185e+00,8.500000000000000611e-02,3.000000000000000000e+00,4.767840060099503025e+06
-5.044371881920903355e+00,5.333496587438923964e-01,4.597043012035070264e-01,1.189036135971400565e+00,8.500000000000000611e-02,3.000000000000000000e+00,4.767840060099503025e+06
-5.082242115258587489e+00,6.742300684916636699e-01,6.350618130080690760e-01,1.224375935559147477e+00,8.500000000000000611e-02,3.000000000000000000e+00,4.767840060099503025e+06
-5.401269212686456100e+00,7.599004866851242213e-01,1.059852589308145410e+00,1.230551846425958384e+00,8.500000000000000611e-02,3.000000000000000000e+00,4.767840060099503025e+06
-5.270415870938425229e+00,8.385486525967086324e-01,8.657403503595675343e-01,1.099967060528866281e+00,8.500000000000000611e-02,3.000000000000000000e+00,4.767840060099503025e+06
-5.687159433192305436e+00,9.945482834603714961e-01,1.295069176863796301e+00,9.389935301916002564e-01,8.500000000000000611e-02,3.000000000000000000e+00,4.767840060099503025e+06
-5.635223108162793260e+00,9.823726635797123130e-01,7.924109998045794079e-01,4.729420066573875037e-01,8.500000000000000611e-02,3.000000000000000000e+00,4.767840060099503025e+06
-5.568305040052194066e+00,1.125499780967069707e+00,9.800945654738547619e-01,6.065943767017047961e-01,8.500000000000000611e-02,3.000000000000000000e+00,4.767840060099503025e+06
-5.674875385824479146e+00,1.128096244145275096e+00,1.268057047494862477e+00,8.218920501033877279e-01,8.500000000000000611e-02,3.000000000000000000e+00,4.767840060099503025e+06
-5.497827691062374456e+00,1.838279917304031175e+00,1.603738410637301604e+00,6.138150063947898083e-01,8.500000000000000611e-02,3.000000000000000000e+00,4.767840060099503025e+06
-5.651160197904961713e+00,1.366045051463001148e+00,1.354135288665483827e+00,6.702176844821143842e-01,8.500000000000000611e-02,3.000000000000000000e+00,4.767840060099503025e+06
-5.707458137520135644e+00,2.878888368601427494e+00,2.998030982203893302e+00,7.837126386990369564e-01,8.500000000000000611e-02,3.000000000000000000e+00,4.767840060099503025e+06
-5.742445450075071456e+00,2.932894881345074367e+00,3.080240366071902436e+00,7.761922014798010583e-01,8.500000000000000611e-02,3.000000000000000000e+00,4.767840060099503025e+06
-5.699716711832454763e+00,2.843861151915242580e+00,2.814461323485597077e+00,5.836474640500677324e-01,8.500000000000000611e-02,3.000000000000000000e+00,4.767840060099503025e+06
-5.605744164511972549e+00,2.638881354839666571e+00,2.501474804733488710e+00,5.810054196296695617e-01,8.500000000000000611e-02,3.000000000000000000e+00,4.767840060099503025e+06
-5.527028356721911173e+00,2.880215445135410501e+00,2.622012200846563168e+00,5.242658491311675828e-01,8.500000000000000611e-02,3.000000000000000000e+00,4.767840060099503025e+06
-4.780569252036451999e+00,2.761214123882549387e+00,1.495808194520651169e+00,1.677810207810348508e-01,8.500000000000000611e-02,3.000000000000000000e+00,4.767840060099503025e+06
-4.959914705942331636e+00,2.473874496755339880e+00,1.431205628581385003e+00,2.203522450262582755e-01,8.500000000000000611e-02,3.000000000000000000e+00,4.767840060099503025e+06
-4.971552650850806998e+00,2.705534325700759801e+00,1.702169729617494465e+00,2.775646843144982667e-01,8.500000000000000611e-02,3.000000000000000000e+00,4.767840060099503025e+06
-4.941450330685751346e+00,2.730518178391522888e+00,1.667181946164978612e+00,2.368358422408599617e-01,8.500000000000000611e-02,3.000000000000000000e+00,4.767840060099503025e+06
-5.051578119046313375e+00,2.750274900404946266e+00,1.721657513657342875e+00,9.148391194462313081e-02,8.500000000000000611e-02,3.000000000000000000e+00,4.767840060099503025e+06
-4.804675854669080870e+00,1.789386907509602498e+00,4.851329948601021957e-01,2.204564461844260581e-02,8.500000000000000611e-02,3.000000000000000000e+00,4.767840060099503025e+06
-4.772498122965555645e+00,2.173957398567807786e+00,8.810288766732430332e-01,8.235157857535063686e-02,8.500000000000000611e-02,3.000000000000000000e+00,4.767840060099503025e+06
-4.584388184158674662e+00,1.518110095138065940e+00,3.238527806686986033e-02,9.124371367478956163e-03,8.500000000000000611e-02,3.000000000000000000e+00,4.767840060099503025e+06
-4.428609203916380466e+00,2.782956943489237389e+00,1.163685224586590961e+00,1.833065284358890712e-01,8.500000000000000611e-02,3.000000000000000000e+00,4.767840060099503025e+06
-4.485588042326753566e+00,2.234523120008836905e+00,6.166919138869892958e-01,1.568130238766706208e-01,8.500000000000000611e-02,3.000000000000000000e+00,4.767840060099503025e+06
-4.797844566259807486e+00,2.165418811372898489e+00,9.183591349333530829e-01,1.754415730556349862e-01,8.500000000000000611e-02,3.000000000000000000e+00,4.767840060099503025e+06
-4.723081944839095492e+00,2.341958931935065547e+00,1.039556596746403105e+00,1.633343032288223640e-01,8.500000000000000611e-02,3.000000000000000000e+00,4.767840060099503025e+06
-4.401614655758301353e+00,2.892179932183021940e+00,1.200979076798365242e+00,8.213012862676494219e-02,8.500000000000000611e-02,3.000000000000000000e+00,4.767840060099503025e+06
-5.118047394513547843e+00,2.774068965142872489e+00,1.879256814660592800e+00,1.437240244399638767e-02,8.500000000000000611e-02,3.000000000000000000e+00,4.767840060099503025e+06
-5.474504280539706613e+00,2.377097723434673515e+00,1.888820268254083778e+00,1.285821351307903093e-01,8.500000000000000611e-02,3.000000000000000000e+00,4.767840060099503025e+06
-6.030710208370170911e+00,2.302080016971975507e+00,2.454874250262720548e+00,3.205950821190483579e-01,8.500000000000000611e-02,3.000000000000000000e+00,4.767840060099503025e+06
-6.297052366544084734e+00,2.767395466974491569e+00,3.249900258097812689e+00,4.207504113095434928e-01,8.500000000000000611e-02,3.000000000000000000e+00,4.767840060099503025e+06
-6.185029260805811724e+00,2.567193096663727303e+00,3.274536632333642672e+00,8.589963235157209720e-01,8.500000000000000611e-02,3.000000000000000000e+00,4.767840060099503025e+06
-5.976602473823939832e+00,1.978436821848386540e+00,2.501141288468847979e+00,8.838246431738772113e-01,8.500000000000000611e-02,3.000000000000000000e+00,4.767840060099503025e+06
-5.349521468755090936e+00,1.937588264078318190e+00,1.427305573883480783e+00,4.381229919506449688e-01,8.500000000000000611e-02,3.000000000000000000e+00,4.767840060099503025e+06
-5.446229840476794593e+00,2.521267287426580239e+00,2.277461354383876202e+00,6.814085347184842822e-01,8.500000000000000611e-02,3.000000000000000000e+00,4.767840060099503025e+06
-5.268843226692202286e+00,2.154353686347222574e+00,1.655032980647682228e+00,5.869093061174806003e-01,8.500000000000000611e-02,3.000000000000000000e+00,4.767840060099503025e+06
-5.472244910184871358e+00,2.551350744355283418e+00,2.378271198389193763e+00,7.600695984446194098e-01,8.500000000000000611e-02,3.000000000000000000e+00,4.767840060099503025e+06
-5.474199176500512465e+00,2.612762694931458185e+00,2.451668432464017666e+00,7.798561034156905603e-01,8.500000000000000611e-02,3.000000000000000000e+00,4.767840060099503025e+06
-5.470596833412738391e+00,2.637143898615351034e+00,2.470758416594099227e+00,7.791021051862144775e-01,8.500000000000000611e-02,3.000000000000000000e+00,4.767840060099503025e+06
-5.786258631844090061e+00,2.071070927905594772e+00,2.137368746062204394e+00,6.405026387373229380e-01,8.500000000000000611e-02,3.000000000000000000e+00,4.767840060099503025e+06
-6.053797902685945864e+00,2.321209748024561925e+00,2.713233722987313801e+00,7.098604733182031223e-01,8.500000000000000611e-02,3.000000000000000000e+00,4.767840060099503025e+06
-6.635433421009958366e+00,1.941690094806963529e+00,3.082560776246176637e+00,8.640361551831506892e-01,8.500000000000000611e-02,3.000000000000000000e+00,4.767840060099503025e+06
-6.339346033168341776e+00,1.473324143321191215e+00,2.390751479971099602e+00,9.243409711441044063e-01,8.500000000000000611e-02,3.000000000000000000e+00,4.767840060099503025e+06
-6.441054627168707469e+00,1.496520509630445250e+00,2.314736494597297689e+00,7.221740520181796352e-01,8.500000000000000611e-02,3.000000000000000000e+00,4.767840060099503025e+06
-5.797731451599638319e+00,1.547167362720151207e+00,1.686670152246321663e+00,6.734309369324972261e-01,8.500000000000000611e-02,3.000000000000000000e+00,4.767840060099503025e+06
-5.662086340085926039e+00,1.257549690632017825e+00,1.335232170813869246e+00,7.401415188282243207e-01,8.500000000000000611e-02,3.000000000000000000e+00,4.767840060099503025e+06
-5.190753361091365647e+00,1.667900799654012278e+00,1.030293172143305291e+00,5.047817643948897537e-01,8.500000000000000611e-02,3.000000000000000000e+00,4.767840060099503025e+06
-5.140197073683550499e+00,1.455425566575177632e+00,6.895854106744492285e-01,3.909958689395154341e-01,8.500000000000000611e-02,3.000000000000000000e+00,4.767840060099503025e+06
-5.423801331867787567e+00,1.406828108638764618e+00,9.614865146034243804e-01,4.104026338236594351e-01,8.500000000000000611e-02,3.000000000000000000e+00,4.767840060099503025e+06
-6.008078279702390390e+00,1.126538777827180926e+00,1.341325899847337411e+00,4.377981593940180050e-01,8.500000000000000611e-02,3.000000000000000000e+00,4.767840060099503025e+06
-5.548783131371308741e+00,9.318084076518983183e-01,6.705372912378670947e-01,4.467678302051118489e-01,8.500000000000000611e-02,3.000000000000000000e+00,4.767840060099503025e+06
-5.472976662244322554e+00,1.237316918111348141e+00,9.076391447701339654e-01,5.126462977217780548e-01,8.500000000000000611e-02,3.000000000000000000e+00,4.767840060099503025e+06
-5.175723016700437107e+00,1.377149257801930426e+00,7.277489367470283410e-01,5.375085947460099822e-01,8.500000000000000611e-02,3.000000000000000000e+00,4.767840060099503025e+06
-5.004569264494565850e+00,1.362189020764792424e+00,6.805886737792665730e-01,7.176037001042189223e-01,8.500000000000000611e-02,3.000000000000000000e+00,4.767840060099503025e+06
-5.348833974752340126e+00,1.210783231910347757e+00,8.492126463871338959e-01,5.956554974230258148e-01,8.500000000000000611e-02,3.000000000000000000e+00,4.767840060099503025e+06
-5.463945543925894377e+00,1.036875260353585571e+00,8.168156170301259511e-01,6.296700876681694536e-01,8.500000000000000611e-02,3.000000000000000000e+00,4.767840060099503025e+06
-5.721044881127005155e+00,1.155186261913508039e+00,1.208286450631711917e+00,6.819898317147454758e-01,8.500000000000000611e-02,3.000000000000000000e+00,4.767840060099503025e+06
-5.768458861831327056e+00,1.364638428329338460e+00,1.371057928314543206e+00,5.198094934450763205e-01,8.500000000000000611e-02,3.000000000000000000e+00,4.767840060099503025e+06
-5.513151207095417838e+00,7.144324673103545909e-01,5.798854720772264049e-01,6.157893904233358029e-01,8.500000000000000611e-02,3.000000000000000000e+00,4.767840060099503025e+06
-5.404445573400894709e+00,6.186968543198687609e-01,3.576324746240536756e-01,5.774720815258913564e-01,8.500000000000000611e-02,3.000000000000000000e+00,4.767840060099503025e+06
-5.380023103609058666e+00,6.048944592847498303e-01,2.691696510919384666e-01,4.940128815464433498e-01,8.500000000000000611e-02,3.000000000000000000e+00,4.767840060099503025e+06
-5.464323771615327452e+00,7.242636457536271166e-01,4.813895637512342063e-01,5.195149286602834815e-01,8.500000000000000611e-02,3.000000000000000000e+00,4.767840060099503025e+06
-4.921514052644507586e+00,4.737759384136805973e-01,-2.737266536234115311e-01,5.239431809069141632e-01,8.500000000000000611e-02,3.000000000000000000e+00,4.767840060099503025e+06
-4.889168600718441837e+00,4.632919660775480786e-01,-3.326396162617220043e-01,5.039444363891780743e-01,8.500000000000000611e-02,3.000000000000000000e+00,4.767840060099503025e+06
-5.496258802543734667e+00,9.877495124240041058e-01,8.394457910070076689e-01,6.752143896016238322e-01,8.500000000000000611e-02,3.000000000000000000e+00,4.767840060099503025e+06
-5.501162100011672607e+00,9.406984596124476905e-01,8.070359991316869985e-01,6.883966601873865443e-01,8.500000000000000611e-02,3.000000000000000000e+00,4.767840060099503025e+06
-5.412956826805817023e+00,7.973759368354296218e-01,6.009062992266076542e-01,6.781045712466747810e-01,8.500000000000000611e-02,3.000000000000000000e+00,4.767840060099503025e+06
-5.477534616922005384e+00,9.647591068384862023e-01,7.684966285242906814e-01,5.911155750560224131e-01,8.500000000000000611e-02,3.000000000000000000e+00,4.767840060099503025e+06
-5.374364401437118133e+00,1.099401656328221177e+00,7.765643953942613642e-01,5.784878693853522380e-01,8.500000000000000611e-02,3.000000000000000000e+00,4.767840060099503025e+06
-5.043835921448763138e+00,6.762051900031167406e-01,6.266108808563730648e-02,6.249904861849897575e-01,8.500000000000000611e-02,3.000000000000000000e+00,4.767840060099503025e+06
-4.961982550061201813e+00,6.733007963301970156e-01,6.704771082269245230e-03,6.737450987558897264e-01,8.500000000000000611e-02,3.000000000000000000e+00,4.767840060099503025e+06
-5.329885493425790877e+00,1.192074114900937953e+00,7.735238775531979583e-01,5.264484357996850328e-01,8.500000000000000611e-02,3.000000000000000000e+00,4.767840060099503025e+06
-4.859841133323478779e+00,7.570733660678847787e-01,-1.305551336982915256e-01,5.285290349067292004e-01,8.500000000000000611e-02,3.000000000000000000e+00,4.767840060099503025e+06
-5.290981307949541801e+00,7.755135652142861602e-01,6.608600671721387432e-01,9.002914961566942376e-01,8.500000000000000611e-02,3.000000000000000000e+00,4.767840060099503025e+06
-5.248704248868743427e+00,7.426949036169673279e-01,7.291997859978718299e-01,1.062908609088810907e+00,8.500000000000000611e-02,3.000000000000000000e+00,4.767840060099503025e+06
-5.244097651740229793e+00,4.905629185562304651e-01,5.309310417563460893e-01,1.074257662375224687e+00,8.500000000000000611e-02,3.000000000000000000e+00,4.767840060099503025e+06
-5.075524960601182300e+00,4.303807228159584053e-01,2.876431483117458665e-01,1.048249014736237772e+00,8.500000000000000611e-02,3.000000000000000000e+00,4.767840060099503025e+06
-4.618271578820226431e+00,3.051588369661965006e-01,-3.183450041801476615e-01,9.691595916908868347e-01,8.500000000000000611e-02,3.000000000000000000e+00,4.767840060099503025e+06
-5.119193465937541987e+00,5.012267140622861383e-01,1.918755869591529661e-01,8.040814466661951876e-01,8.500000000000000611e-02,3.000000000000000000e+00,4.767840060099503025e+06
-5.514316899137961414e+00,5.243996688760623748e-01,9.633068285522579099e-01,1.168474301395675319e+00,8.500000000000000611e-02,3.000000000000000000e+00,4.767840060099503025e+06
-5.618778180013356049e+00,5.717691568774059263e-01,1.070260260981989786e+00,1.138499358121077387e+00,8.500000000000000611e-02,3.000000000000000000e+00,4.767840060099503025e+06
-5.743557100745255717e+00,4.891160226161695990e-01,1.172312780693949730e+00,1.179531418367531170e+00,8.500000000000000611e-02,3.000000000000000000e+00,4.767840060099503025e+06
-5.999202673242473693e+00,4.099223253642896858e-01,1.053504710218937657e+00,8.111674992916431126e-01,8.500000000000000611e-02,3.000000000000000000e+00,4.767840060099503025e+06
-5.926179645768812954e+00,4.829089355474799339e-01,9.248159386723113773e-01,6.848351898107425395e-01,8.500000000000000611e-02,3.000000000000000000e+00,4.767840060099503025e+06
-5.929045428005044194e+00,4.469283690570700074e-01,8.797132124151643140e-01,6.673359430765951616e-01,8.500000000000000611e-02,3.000000000000000000e+00,4.767840060099503025e+06
-5.922693869188833560e+00,3.770094427727497255e-01,7.768371101260278522e-01,6.304681492603656512e-01,8.500000000000000611e-02,3.000000000000000000e+00,4.767840060099503025e+06
-5.870022261626219873e+00,6.545129122424022672e-01,9.268021669077435298e-01,5.809020471711778821e-01,8.500000000000000611e-02,3.000000000000000000e+00,4.767840060099503025e+06
-5.826058980681660948e+00,5.980814880640463738e-01,7.908062791615577680e-01,5.358304530132145249e-01,8.500000000000000611e-02,3.000000000000000000e+00,4.767840060099503025e+06
-5.825547020639040952e+00,5.932270151892675702e-01,7.848804916115654784e-01,5.346952179304649277e-01,8.500000000000000611e-02,3.000000000000000000e+00,4.767840060099503025e+06
-5.820209840842760052e+00,6.726036930484284859e-01,8.118627815511544332e-01,4.904177859687786079e-01,8.500000000000000611e-02,3.000000000000000000e+00,4.767840060099503025e+06
-5.451910845516743542e+00,5.057646733585006160e-01,4.062765477803728098e-01,6.347322575028484515e-01,8.500000000000000611e-02,3.000000000000000000e+00,4.767840060099503025e+06
-5.451980371643475820e+00,5.011672757403222711e-01,4.023776290165574920e-01,6.351456658249786669e-01,8.500000000000000611e-02,3.000000000000000000e+00,4.767840060099503025e+06
-5.072080635933321702e+00,9.108859982155372848e-01,1.249842127715663498e-01,3.648991404418351348e-01,8.500000000000000611e-02,3.000000000000000000e+00,4.767840060099503025e+06
-5.287744490064079095e+00,6.793010991901333728e-01,2.576278434300833808e-01,4.832292350466975694e-01,8.500000000000000611e-02,3.000000000000000000e+00,4.767840060099503025e+06
-5.349982653902212171e+00,1.359538866758206010e+00,9.026188557857834915e-01,4.304752113333459862e-01,8.500000000000000611e-02,3.000000000000000000e+00,4.767840060099503025e+06
-4.425239079117097241e+00,1.048235605890323940e+00,-5.285906719499875450e-01,7.782104147550306106e-02,8.500000000000000611e-02,3.000000000000000000e+00,4.767840060099503025e+06
-5.009526968407364222e+00,1.520393043441582881e+00,4.741401979302073411e-01,-1.627547192681544352e-03,8.500000000000000611e-02,3.000000000000000000e+00,4.767840060099503025e+06
-5.316765337140797243e+00,2.409123916045052827e+00,1.667481628269485761e+00,6.817229435405558480e-02,8.500000000000000611e-02,3.000000000000000000e+00,4.767840060099503025e+06
-5.238458008087612860e+00,2.451573073030981043e+00,1.638989503428484262e+00,1.210857670929021968e-02,8.500000000000000611e-02,3.000000000000000000e+00,4.767840060099503025e+06
-5.419054153287412134e+00,2.240513390117445880e+00,1.649953933083539770e+00,7.946294737810410957e-02,8.500000000000000611e-02,3.000000000000000000e+00,4.767840060099503025e+06
-5.532196795926068944e+00,1.359312291276585150e+00,9.677997930634687496e-01,2.154977433044368840e-01,8.500000000000000611e-02,3.000000000000000000e+00,4.767840060099503025e+06
-5.451184554009993910e+00,1.184985097008686150e+00,6.828641377804791635e-01,1.560163920983161367e-01,8.500000000000000611e-02,3.000000000000000000e+00,4.767840060099503025e+06
-5.402647391388429199e+00,1.911430685711944299e+00,1.325259502574080761e+00,1.040752599008266666e-01,8.500000000000000611e-02,3.000000000000000000e+00,4.767840060099503025e+06
-5.675486109673872903e+00,2.246761184923103283e+00,1.810035257241177087e+00,4.036539802386274189e-02,8.500000000000000611e-02,3.000000000000000000e+00,4.767840060099503025e+06
-5.675486109673872903e+00,2.246761184923103283e+00,1.810035257241177087e+00,4.036539802386274189e-02,8.500000000000000611e-02,3.000000000000000000e+00,4.767840060099503025e+06
-5.675486109673872903e+00,2.246761184923103283e+00,1.810035257241177087e+00,4.036539802386274189e-02,8.500000000000000611e-02,3.000000000000000000e+00,4.767840060099503025e+06
-5.798219703970580952e+00,1.679265243896837401e+00,1.606765464948671118e+00,3.803248853483229830e-01,8.500000000000000611e-02,3.000000000000000000e+00,4.767840060099503025e+06
-5.941678728190948888e+00,1.488660366510478505e+00,1.496545635484268555e+00,2.910783745432797831e-01,8.500000000000000611e-02,3.000000000000000000e+00,4.767840060099503025e+06
-5.788657670367880037e+00,1.778334441860897508e+00,1.885500028801146755e+00,6.315805278604418316e-01,8.500000000000000611e-02,3.000000000000000000e+00,4.767840060099503025e+06
-6.305026858156061564e+00,9.503073235194016144e-01,1.556510077973853878e+00,5.158956145906661295e-01,8.500000000000000611e-02,3.000000000000000000e+00,4.767840060099503025e+06
-5.853183510808709578e+00,1.060132602175037686e+00,1.058179849525267668e+00,3.635902352839932572e-01,8.500000000000000611e-02,3.000000000000000000e+00,4.767840060099503025e+06
-5.975303185082568191e+00,1.084860329103565668e+00,1.182496218502061325e+00,3.297674126386170301e-01,8.500000000000000611e-02,3.000000000000000000e+00,4.767840060099503025e+06
-5.971644589910581225e+00,8.201490695040619672e-01,1.036832495663747133e+00,4.582566980604512730e-01,8.500000000000000611e-02,3.000000000000000000e+00,4.767840060099503025e+06
-6.199021793579801098e+00,9.111268312458138396e-01,1.506433211923813520e+00,6.412138051023881236e-01,8.500000000000000611e-02,3.000000000000000000e+00,4.767840060099503025e+06
-6.224530415098122660e+00,9.614011971330588269e-01,1.406237742162231630e+00,3.926918717229677669e-01,8.500000000000000611e-02,3.000000000000000000e+00,4.767840060099503025e+06
-6.265258374035266975e+00,1.123879616110786683e+00,1.570472777907174544e+00,3.486466571713306983e-01,8.500000000000000611e-02,3.000000000000000000e+00,4.767840060099503025e+06
-6.034553643021106417e+00,1.347932132293739649e+00,1.570767546345416710e+00,3.956386905417338951e-01,8.500000000000000611e-02,3.000000000000000000e+00,4.767840060099503025e+06
-5.855666067430114197e+00,1.803731382302608655e+00,1.992068448045540618e+00,6.641129301124181206e-01,8.500000000000000611e-02,3.000000000000000000e+00,4.767840060099503025e+06
-5.735391830602071472e+00,1.706327891342550807e+00,1.550705287805039134e+00,3.979314691361149903e-01,8.500000000000000611e-02,3.000000000000000000e+00,4.767840060099503025e+06
-5.828723792265422254e+00,1.608546304113670944e+00,1.600838012250609621e+00,4.635297597935094105e-01,8.500000000000000611e-02,3.000000000000000000e+00,4.767840060099503025e+06
-6.057124408339749522e+00,1.731604087501766198e+00,2.007706412128480000e+00,5.224584624157992963e-01,8.500000000000000611e-02,3.000000000000000000e+00,4.767840060099503025e+06
-6.064474983436738853e+00,1.715952538152694551e+00,1.993480301835307333e+00,5.148351613701624974e-01,8.500000000000000611e-02,3.000000000000000000e+00,4.767840060099503025e+06
-6.320447708841878232e+00,1.221376044099047986e+00,2.246325517474116573e+00,1.093882318102426865e+00,8.500000000000000611e-02,3.000000000000000000e+00,4.767840060099503025e+06
-6.168141372976750247e+00,1.953884514686308860e+00,2.646400617775237940e+00,8.898139532000612917e-01,8.500000000000000611e-02,3.000000000000000000e+00,4.767840060099503025e+06
-5.836532331378001537e+00,2.156223700834188683e+00,2.566282662748458954e+00,9.641765588826758382e-01,8.500000000000000611e-02,3.000000000000000000e+00,4.767840060099503025e+06
-5.606126059308571108e+00,2.526760384302223272e+00,2.744804177225693920e+00,1.034912025294316917e+00,8.500000000000000611e-02,3.000000000000000000e+00,4.767840060099503025e+06
-5.682877493293330140e+00,2.796526901530965503e+00,3.211362259837867938e+00,1.177454003707638863e+00,8.500000000000000611e-02,3.000000000000000000e+00,4.767840060099503025e+06
-5.527093104122889677e+00,2.525567831892148618e+00,2.790196723374955834e+00,1.172464965098135137e+00,8.500000000000000611e-02,3.000000000000000000e+00,4.767840060099503025e+06
-5.405260281576786063e+00,2.617552379993442813e+00,2.668579305388929068e+00,1.074670792370174155e+00,8.500000000000000611e-02,3.000000000000000000e+00,4.767840060099503025e+06
-5.634773374090932485e+00,2.790155587492373357e+00,3.110189595936222240e+00,1.107328627298419077e+00,8.500000000000000611e-02,3.000000000000000000e+00,4.767840060099503025e+06
-5.634773374090932485e+00,2.790155587492373357e+00,3.110189595936222240e+00,1.107328627298419077e+00,8.500000000000000611e-02,3.000000000000000000e+00,4.767840060099503025e+06
-6.180033803454454855e+00,2.158635039792915489e+00,2.881185028572233353e+00,8.785696517684111750e-01,8.500000000000000611e-02,3.000000000000000000e+00,4.767840060099503025e+06
-6.150490109422667828e+00,2.320845257486506164e+00,3.306208229135038756e+00,1.206382328726219422e+00,8.500000000000000611e-02,3.000000000000000000e+00,4.767840060099503025e+06
-5.938757454392161073e+00,2.025385898907291260e+00,2.573046318886748729e+00,9.716203570860765248e-01,8.500000000000000611e-02,3.000000000000000000e+00,4.767840060099503025e+06
-6.307881042551444217e+00,1.779922357720035375e+00,2.933513649216317631e+00,1.235858020740282726e+00,8.500000000000000611e-02,3.000000000000000000e+00,4.767840060099503025e+06
-6.525575670813530849e+00,2.258623464161130912e+00,3.354727816593034095e+00,9.519552360585572526e-01,8.500000000000000611e-02,3.000000000000000000e+00,4.767840060099503025e+06
-6.253881932670623200e+00,1.243252220447402356e+00,1.919587522695374915e+00,7.395066663995950584e-01,8.500000000000000611e-02,3.000000000000000000e+00,4.767840060099503025e+06
-6.100699354555745302e+00,1.323939971953011607e+00,2.037478307287645229e+00,9.681619771867600033e-01,8.500000000000000611e-02,3.000000000000000000e+00,4.767840060099503025e+06
-6.342160101715264453e+00,1.423090068432645960e+00,2.258639827832232605e+00,8.383785144251751920e-01,8.500000000000000611e-02,3.000000000000000000e+00,4.767840060099503025e+06
-5.023258177275674363e+00,2.072182180444341881e+00,1.054366142639969972e+00,1.747037434259837152e-01,8.500000000000000611e-02,3.000000000000000000e+00,4.767840060099503025e+06
-5.147498721915496844e+00,2.405558839426931605e+00,1.595906951026158316e+00,2.910998518800848589e-01,8.500000000000000611e-02,3.000000000000000000e+00,4.767840060099503025e+06
-5.099618028094726085e+00,2.135520128337022427e+00,1.236233738480883915e+00,2.698971040015695211e-01,8.500000000000000611e-02,3.000000000000000000e+00,4.767840060099503025e+06
-5.445669887789175156e+00,2.248345736510577453e+00,1.668546465084447705e+00,1.551982135603881818e-01,8.500000000000000611e-02,3.000000000000000000e+00,4.767840060099503025e+06
-5.094848001984217944e+00,1.631875905977036911e+00,6.730884847018385742e-01,1.379621583657295592e-01,8.500000000000000611e-02,3.000000000000000000e+00,4.767840060099503025e+06
-5.823507841025290510e+00,1.798564930832756259e+00,1.841743088720251720e+00,5.078345086023425825e-01,8.500000000000000611e-02,3.000000000000000000e+00,4.767840060099503025e+06
-6.070370671726943002e+00,2.283646797976019549e+00,2.743984575234386547e+00,7.262817766588173241e-01,8.500000000000000611e-02,3.000000000000000000e+00,4.767840060099503025e+06
-5.688873643056146179e+00,2.683329021703098949e+00,2.981494372990070918e+00,1.029511456751562193e+00,8.500000000000000611e-02,3.000000000000000000e+00,4.767840060099503025e+06
-5.971186274973099728e+00,2.942074053310546056e+00,3.445425510754760445e+00,9.467510565859851290e-01,8.500000000000000611e-02,3.000000000000000000e+00,4.767840060099503025e+06
-5.480694868512513196e+00,1.987476950238859175e+00,1.930789781471348387e+00,8.264334513537505700e-01,8.500000000000000611e-02,3.000000000000000000e+00,4.767840060099503025e+06
-5.414236234959175498e+00,2.270340461207431826e+00,2.959074286520308128e+00,1.759035273696555990e+00,8.500000000000000611e-02,3.000000000000000000e+00,4.767840060099503025e+06
-5.360029836739948372e+00,1.825375139654960011e+00,2.347393799447046625e+00,1.602326190487413982e+00,8.500000000000000611e-02,3.000000000000000000e+00,4.767840060099503025e+06
-5.296133667634125075e+00,1.873598769738803460e+00,2.469398232470845223e+00,1.757148748545482198e+00,8.500000000000000611e-02,3.000000000000000000e+00,4.767840060099503025e+06
-5.377039161067349582e+00,1.902197997085825598e+00,2.424628412968355740e+00,1.578241478211690030e+00,8.500000000000000611e-02,3.000000000000000000e+00,4.767840060099503025e+06
-4.985269413903134605e+00,1.734611914118863396e+00,2.227327313449984469e+00,1.958131479351167492e+00,8.500000000000000611e-02,3.000000000000000000e+00,4.767840060099503025e+06
-4.985269413903134605e+00,1.734611914118863396e+00,2.227327313449984469e+00,1.958131479351167492e+00,8.500000000000000611e-02,3.000000000000000000e+00,4.767840060099503025e+06
-5.479038106669015917e+00,1.318099870188793821e+00,1.915326404301990415e+00,1.521803890259228798e+00,8.500000000000000611e-02,3.000000000000000000e+00,4.767840060099503025e+06
-5.489219239123756644e+00,1.238759518998252540e+00,1.879847279377866887e+00,1.555405117614748089e+00,8.500000000000000611e-02,3.000000000000000000e+00,4.767840060099503025e+06
-5.489219239123756644e+00,1.238759518998252540e+00,1.879847279377866887e+00,1.555405117614748089e+00,8.500000000000000611e-02,3.000000000000000000e+00,4.767840060099503025e+06
-5.501160606878221060e+00,1.251549740120909471e+00,1.848414309039601910e+00,1.495022785256328479e+00,8.500000000000000611e-02,3.000000000000000000e+00,4.767840060099503025e+06
-5.507813310718431943e+00,1.258583934981784891e+00,1.854752863506247129e+00,1.488959486518918407e+00,8.500000000000000611e-02,3.000000000000000000e+00,4.767840060099503025e+06
-5.824072009536196859e+00,1.341463159450673848e+00,2.427698084974211579e+00,1.666356286935407605e+00,8.500000000000000611e-02,3.000000000000000000e+00,4.767840060099503025e+06
-5.742336984217840445e+00,1.272194794660987949e+00,2.389459915170593529e+00,1.784350852013503186e+00,8.500000000000000611e-02,3.000000000000000000e+00,4.767840060099503025e+06
-5.740312034946398967e+00,1.196586131563321942e+00,2.411335212084655399e+00,1.879975177052106261e+00,8.500000000000000611e-02,3.000000000000000000e+00,4.767840060099503025e+06
-5.732337776064905022e+00,1.183473589816570248e+00,2.485934205261913110e+00,1.977153887318615411e+00,8.500000000000000611e-02,3.000000000000000000e+00,4.767840060099503025e+06
-5.750830684488445144e+00,1.149795202805836913e+00,2.345550985055401938e+00,1.835375355846971646e+00,8.500000000000000611e-02,3.000000000000000000e+00,4.767840060099503025e+06
-5.760728895818433948e+00,1.225505347152643587e+00,2.359692192242868192e+00,1.766293551574116050e+00,8.500000000000000611e-02,3.000000000000000000e+00,4.767840060099503025e+06
-5.768030207495190353e+00,9.259959913334219195e-01,1.887142493436575696e+00,1.561624201584448368e+00,8.500000000000000611e-02,3.000000000000000000e+00,4.767840060099503025e+06
-5.755488162433499255e+00,1.017534253331936256e+00,1.889060580302305281e+00,1.477234311029809399e+00,8.500000000000000611e-02,3.000000000000000000e+00,4.767840060099503025e+06
-5.716036446176739005e+00,9.662729449260532011e-01,1.756342542537786322e+00,1.435960524920828263e+00,8.500000000000000611e-02,3.000000000000000000e+00,4.767840060099503025e+06
-5.678500338410645831e+00,9.844206677016456020e-01,1.830308091433332507e+00,1.544480430173272190e+00,8.500000000000000611e-02,3.000000000000000000e+00,4.767840060099503025e+06
-5.719771059545375458e+00,8.841124075758670653e-01,2.008804652869495389e+00,1.783416091745047671e+00,8.500000000000000611e-02,3.000000000000000000e+00,4.767840060099503025e+06
-5.736465247616854057e+00,8.802298630873862662e-01,2.024650272223843750e+00,1.785852969454675865e+00,8.500000000000000611e-02,3.000000000000000000e+00,4.767840060099503025e+06
-5.819543955703506910e+00,8.030999984877449371e-01,1.988994575936014808e+00,1.713175503231754826e+00,8.500000000000000611e-02,3.000000000000000000e+00,4.767840060099503025e+06
-5.832364808844635817e+00,6.912173589544698959e-01,1.938339380817179158e+00,1.734964720740915567e+00,8.500000000000000611e-02,3.000000000000000000e+00,4.767840060099503025e+06
-6.327789180801382862e+00,4.631086073706400796e-01,2.391814303427857169e+00,1.823683021517856995e+00,8.500000000000000611e-02,3.000000000000000000e+00,4.767840060099503025e+06
-6.148514617776340785e+00,7.005152676555255198e-01,2.099977766914510546e+00,1.509747688257801812e+00,8.500000000000000611e-02,3.000000000000000000e+00,4.767840060099503025e+06
-6.206211991780780757e+00,5.469068903361486989e-01,2.170316940403916650e+00,1.653052012090246325e+00,8.500000000000000611e-02,3.000000000000000000e+00,4.767840060099503025e+06
-6.206211991780780757e+00,5.469068903361486989e-01,2.170316940403916650e+00,1.653052012090246325e+00,8.500000000000000611e-02,3.000000000000000000e+00,4.767840060099503025e+06
-6.176299479477545873e+00,5.014581782740596960e-01,2.120114678805077091e+00,1.670256342374244918e+00,8.500000000000000611e-02,3.000000000000000000e+00,4.767840060099503025e+06
-6.084709950092311637e+00,5.499870974165916859e-01,2.000444954570072653e+00,1.611763298686501589e+00,8.500000000000000611e-02,3.000000000000000000e+00,4.767840060099503025e+06
-6.191779119686186661e+00,4.592325953781691839e-01,2.157267810574228672e+00,1.761997637521394822e+00,8.500000000000000611e-02,3.000000000000000000e+00,4.767840060099503025e+06
-6.057862511754428247e+00,5.561718952826749662e-01,1.985896844120733862e+00,1.635648941225417152e+00,8.500000000000000611e-02,3.000000000000000000e+00,4.767840060099503025e+06
-6.248966925292677388e+00,5.607665253823020945e-01,2.339657042608966897e+00,1.779464798934960790e+00,8.500000000000000611e-02,3.000000000000000000e+00,4.767840060099503025e+06
-6.101199071347801706e+00,6.486466334663963940e-01,2.107715864533027172e+00,1.624312746333155477e+00,8.500000000000000611e-02,3.000000000000000000e+00,4.767840060099503025e+06
-6.252191452879000799e+00,6.285149506723105572e-01,2.436644299178800210e+00,1.818794004661532959e+00,8.500000000000000611e-02,3.000000000000000000e+00,4.767840060099503025e+06
-5.956950913949594195e+00,5.947699268412580675e-01,1.649016295038111757e+00,1.358239781857082829e+00,8.500000000000000611e-02,3.000000000000000000e+00,4.767840060099503025e+06
-5.875656459964162970e+00,6.925301177170106737e-01,1.562595867680963924e+00,1.281490182984079684e+00,8.500000000000000611e-02,3.000000000000000000e+00,4.767840060099503025e+06
-6.134771755938822402e+00,4.917649131616084190e-01,1.699511485449805237e+00,1.331476513134889572e+00,8.500000000000000611e-02,3.000000000000000000e+00,4.767840060099503025e+06
-5.955251814285806411e+00,6.416258002685755191e-01,1.544142057545157876e+00,1.235925061646445222e+00,8.500000000000000611e-02,3.000000000000000000e+00,4.767840060099503025e+06
-6.355772797114190631e+00,9.815716145354893563e-01,1.652814653840464665e+00,5.305062010744023837e-01,8.500000000000000611e-02,3.000000000000000000e+00,4.767840060099503025e+06
-6.219943239844773153e+00,8.171997272058733053e-01,1.296258282675264217e+00,4.499360329319009866e-01,8.500000000000000611e-02,3.000000000000000000e+00,4.767840060099503025e+06
-5.656614763814471480e+00,1.839401183379802740e+00,1.729308422372257459e+00,5.043241813465644263e-01,8.500000000000000611e-02,3.000000000000000000e+00,4.767840060099503025e+06
-5.899777899033405326e+00,2.164642562935990888e+00,2.307313453001442305e+00,4.998323936522774957e-01,8.500000000000000611e-02,3.000000000000000000e+00,4.767840060099503025e+06
-5.842321277740619934e+00,2.311916522346912917e+00,2.240072600143538928e+00,2.421615960218642116e-01,8.500000000000000611e-02,3.000000000000000000e+00,4.767840060099503025e+06
-5.106894343649808654e+00,2.891241151607777393e+00,1.974454203081824399e+00,1.361033939844757401e-01,8.500000000000000611e-02,3.000000000000000000e+00,4.767840060099503025e+06
-5.255763875296357135e+00,2.704871712340300327e+00,2.005402521418178985e+00,2.435586855500252446e-01,8.500000000000000611e-02,3.000000000000000000e+00,4.767840060099503025e+06
-5.425239669191480374e+00,2.576318548025740895e+00,2.050227417038446021e+00,2.487986858625035325e-01,8.500000000000000611e-02,3.000000000000000000e+00,4.767840060099503025e+06
-5.413138987679623426e+00,2.771694141111032295e+00,2.209770100937422654e+00,2.228083959003124281e-01,8.500000000000000611e-02,3.000000000000000000e+00,4.767840060099503025e+06
-5.460923921881600585e+00,2.843975029775695607e+00,2.326357089610282980e+00,2.087098540770653265e-01,8.500000000000000611e-02,3.000000000000000000e+00,4.767840060099503025e+06
-5.406484385242457336e+00,2.968469968841294104e+00,2.364351351886606167e+00,1.627129952355944320e-01,8.500000000000000611e-02,3.000000000000000000e+00,4.767840060099503025e+06
-5.406484385242457336e+00,2.968469968841294104e+00,2.364351351886606167e+00,1.627129952355944320e-01,8.500000000000000611e-02,3.000000000000000000e+00,4.767840060099503025e+06
-5.599683096568503160e+00,2.889212853681167648e+00,2.477518452658455939e+00,1.111219091647234758e-01,8.500000000000000611e-02,3.000000000000000000e+00,4.767840060099503025e+06
-5.661202133486351151e+00,2.768386060382103331e+00,2.463622896808047802e+00,1.697900776601475314e-01,8.500000000000000611e-02,3.000000000000000000e+00,4.767840060099503025e+06
-5.659309175097538613e+00,2.842448980454680196e+00,2.506689214640697383e+00,1.146841366273007035e-01,8.500000000000000611e-02,3.000000000000000000e+00,4.767840060099503025e+06
-5.813710686019868845e+00,2.471483980236089284e+00,2.346772116244516759e+00,2.182850441861303448e-01,8.500000000000000611e-02,3.000000000000000000e+00,4.767840060099503025e+06
-5.813710686019868845e+00,2.471483980236089284e+00,2.346772116244516759e+00,2.182850441861303448e-01,8.500000000000000611e-02,3.000000000000000000e+00,4.767840060099503025e+06
-5.726620675498887536e+00,2.335024437087800386e+00,2.131838162983145324e+00,2.498451770831009722e-01,8.500000000000000611e-02,3.000000000000000000e+00,4.767840060099503025e+06
-5.533227423598198413e+00,2.236730632199640745e+00,1.792835158549264563e+00,8.863569421690564720e-02,8.500000000000000611e-02,3.000000000000000000e+00,4.767840060099503025e+06
-5.430038703376248499e+00,2.375301610922745166e+00,1.729075343893031746e+00,-9.553193154658334851e-02,8.500000000000000611e-02,3.000000000000000000e+00,4.767840060099503025e+06
-5.430038703376248499e+00,2.375301610922745166e+00,1.729075343893031746e+00,-9.553193154658334851e-02,8.500000000000000611e-02,3.000000000000000000e+00,4.767840060099503025e+06
-5.430038703376248499e+00,2.375301610922745166e+00,1.729075343893031746e+00,-9.553193154658334851e-02,8.500000000000000611e-02,3.000000000000000000e+00,4.767840060099503025e+06
-5.430038703376248499e+00,2.375301610922745166e+00,1.729075343893031746e+00,-9.553193154658334851e-02,8.500000000000000611e-02,3.000000000000000000e+00,4.767840060099503025e+06
-5.430038703376248499e+00,2.375301610922745166e+00,1.729075343893031746e+00,-9.553193154658334851e-02,8.500000000000000611e-02,3.000000000000000000e+00,4.767840060099503025e+06
-5.393596296532741086e+00,2.408292593403063897e+00,1.676031929060639580e+00,-2.307128582900027647e-01,8.500000000000000611e-02,3.000000000000000000e+00,4.767840060099503025e+06
-5.237435774580651682e+00,2.423260276367931176e+00,1.462566541761409322e+00,-3.383813162515622586e-01,8.500000000000000611e-02,3.000000000000000000e+00,4.767840060099503025e+06
-5.237435774580651682e+00,2.423260276367931176e+00,1.462566541761409322e+00,-3.383813162515622586e-01,8.500000000000000611e-02,3.000000000000000000e+00,4.767840060099503025e+06
-5.237435774580651682e+00,2.423260276367931176e+00,1.462566541761409322e+00,-3.383813162515622586e-01,8.500000000000000611e-02,3.000000000000000000e+00,4.767840060099503025e+06
-5.237435774580651682e+00,2.423260276367931176e+00,1.462566541761409322e+00,-3.383813162515622586e-01,8.500000000000000611e-02,3.000000000000000000e+00,4.767840060099503025e+06
-5.237435774580651682e+00,2.423260276367931176e+00,1.462566541761409322e+00,-3.383813162515622586e-01,8.500000000000000611e-02,3.000000000000000000e+00,4.767840060099503025e+06
-5.237435774580651682e+00,2.423260276367931176e+00,1.462566541761409322e+00,-3.383813162515622586e-01,8.500000000000000611e-02,3.000000000000000000e+00,4.767840060099503025e+06
-5.237435774580651682e+00,2.423260276367931176e+00,1.462566541761409322e+00,-3.383813162515622586e-01,8.500000000000000611e-02,3.000000000000000000e+00,4.767840060099503025e+06
-5.217500640120503519e+00,2.434962191217747041e+00,1.469013708035276533e+00,-3.447625718392029470e-01,8.500000000000000611e-02,3.000000000000000000e+00,4.767840060099503025e+06
-5.217500640120503519e+00,2.434962191217747041e+00,1.469013708035276533e+00,-3.447625718392029470e-01,8.500000000000000611e-02,3.000000000000000000e+00,4.767840060099503025e+06
-5.217500640120503519e+00,2.434962191217747041e+00,1.469013708035276533e+00,-3.447625718392029470e-01,8.500000000000000611e-02,3.000000000000000000e+00,4.767840060099503025e+06
-5.217500640120503519e+00,2.434962191217747041e+00,1.469013708035276533e+00,-3.447625718392029470e-01,8.500000000000000611e-02,3.000000000000000000e+00,4.767840060099503025e+06
-5.217500640120503519e+00,2.434962191217747041e+00,1.469013708035276533e+00,-3.447625718392029470e-01,8.500000000000000611e-02,3.000000000000000000e+00,4.767840060099503025e+06
-5.217500640120503519e+00,2.434962191217747041e+00,1.469013708035276533e+00,-3.447625718392029470e-01,8.500000000000000611e-02,3.000000000000000000e+00,4.767840060099503025e+06
-5.217500640120503519e+00,2.434962191217747041e+00,1.469013708035276533e+00,-3.447625718392029470e-01,8.500000000000000611e-02,3.000000000000000000e+00,4.767840060099503025e+06
-5.251353394097675320e+00,2.396493679790395070e+00,1.484097389578625581e+00,-3.084973271316429067e-01,8.500000000000000611e-02,3.000000000000000000e+00,4.767840060099503025e+06
