beta, delta, p, c, lamb, k, K
-6.370778290479991668e+00,1.397308941010121819e+00,1.556821147560967677e+00,-2.000000790702580744e-01,8.500000000000000611e-02,3.000000000000000000e+00,5.142701720558476634e+06
-6.196270284388237570e+00,1.703312640028244118e+00,1.766938648328815642e+00,-1.921390396393431177e-02,8.500000000000000611e-02,3.000000000000000000e+00,5.142701720558476634e+06
-5.237629263719133732e+00,2.939434495129688685e+00,1.723542619978486456e+00,-5.518579203330704619e-01,8.500000000000000611e-02,3.000000000000000000e+00,5.142701720558476634e+06
-5.706575984453469808e+00,1.901570181247232538e+00,1.514370193117322128e+00,1.242615529972135313e-02,8.500000000000000611e-02,3.000000000000000000e+00,5.142701720558476634e+06
-4.712590164228210199e+00,1.980790724613727516e+00,3.292177459166218956e-01,-4.095836851273711998e-01,8.500000000000000611e-02,3.000000000000000000e+00,5.142701720558476634e+06
-5.325543623397625659e+00,1.969948841811310025e+00,9.905293072111706065e-01,-4.324276098892232967e-01,8.500000000000000611e-02,3.000000000000000000e+00,5.142701720558476634e+06
-5.363175367634629431e+00,2.015499329303255038e+00,1.206371627019543480e+00,-2.141733810869986543e-01,8.500000000000000611e-02,3.000000000000000000e+00,5.142701720558476634e+06
-5.217920366744063898e+00,2.640875975554578314e+00,1.733035015862553596e+00,-5.196042540999590981e-02,8.500000000000000611e-02,3.000000000000000000e+00,5.142701720558476634e+06
-5.017535777674359210e+00,2.765806071831042878e+00,1.637071765265984302e+00,6.010969500181899405e-02,8.500000000000000611e-02,3.000000000000000000e+00,5.142701720558476634e+06
-5.445839459893830004e+00,1.900602746535861032e+00,1.210294909166556243e+00,-2.002391938501825452e-02,8.500000000000000611e-02,3.000000000000000000e+00,5.142701720558476634e+06
-6.238674518340285857e+00,2.143984066163646229e+00,2.324586928996732915e+00,1.135176252799233593e-01,8.500000000000000611e-02,3.000000000000000000e+00,5.142701720558476634e+06
-6.104195920871806180e+00,2.033475683147833113e+00,2.068267576802726104e+00,-6.756980181897431770e-02,8.500000000000000611e-02,3.000000000000000000e+00,5.142701720558476634e+06
-5.952019268058212020e+00,2.188879346353528987e+00,1.963160766165072069e+00,-2.253352711874872794e-01,8.500000000000000611e-02,3.000000000000000000e+00,5.142701720558476634e+06
-5.828076217365270928e+00,1.318542010329118330e+00,1.036657891752768457e+00,-3.700382520582413959e-02,8.500000000000000611e-02,3.000000000000000000e+00,5.142701720558476634e+06
-6.122469779566405812e+00,1.214594615397158295e+00,1.306735698389818401e+00,1.151880442906471624e-01,8.500000000000000611e-02,3.000000000000000000e+00,5.142701720558476634e+06
-5.949632235141564252e+00,7.834156041601862963e-01,5.014199234195781951e-01,-5.917232775186181959e-01,8.500000000000000611e-02,3.000000000000000000e+00,5.142701720558476634e+06
-6.242433185385552363e+00,1.830073371963746531e+00,2.235097864686732549e+00,3.045277575032299122e-01,8.500000000000000611e-02,3.000000000000000000e+00,5.142701720558476634e+06
-5.151553612693811068e+00,2.079126901827110352e+00,1.118801143441163548e+00,-4.131779260827694866e-03,8.500000000000000611e-02,3.000000000000000000e+00,5.142701720558476634e+06
-5.141187519252550686e+00,1.984223759009908328e+00,9.575870838150734032e-01,-8.753291649724273538e-02,8.500000000000000611e-02,3.000000000000000000e+00,5.142701720558476634e+06
-4.357716605692469436e+00,1.389277787831844524e+00,-5.017112786366184629e-01,-2.376801845281938941e-01,8.500000000000000611e-02,3.000000000000000000e+00,5.142701720558476634e+06
-5.974358270136081117e+00,1.803627417385410325e+00,1.595203233011329269e+00,-1.623808009598414481e-01,8.500000000000000611e-02,3.000000000000000000e+00,5.142701720558476634e+06
-4.746057889282309539e+00,2.047477664860941182e+00,4.554141696890563473e-01,-4.610379420415728347e-01,8.500000000000000611e-02,3.000000000000000000e+00,5.142701720558476634e+06
-5.176095431623507714e+00,1.809524171764335776e+00,8.277856810504657936e-01,-1.604494184577170968e-01,8.500000000000000611e-02,3.000000000000000000e+00,5.142701720558476634e+06
-5.680062400671790357e+00,2.059930037669360559e+00,1.606485636772072123e+00,-1.781067271602274071e-01,8.500000000000000611e-02,3.000000000000000000e+00,5.142701720558476634e+06
-4.863067130334500554e+00,2.866246260745062280e+00,1.412574677017643276e+00,-6.404627498699392296e-01,8.500000000000000611e-02,3.000000000000000000e+00,5.142701720558476634e+06
-5.825790216599475713e+00,2.311085199487324715e+00,2.048090589247656190e+00,-9.098973383100633638e-02,8.500000000000000611e-02,3.000000000000000000e+00,5.142701720558476634e+06
-5.986369776659188346e+00,2.266973789154692387e+00,2.227871198806048003e+00,1.400406910867743604e-02,8.500000000000000611e-02,3.000000000000000000e+00,5.142701720558476634e+06
-6.083952383307202005e+00,1.983096821641616714e+00,2.080002364024787109e+00,6.287071137812269561e-02,8.500000000000000611e-02,3.000000000000000000e+00,5.142701720558476634e+06
-6.101180848652792754e+00,7.369151468022778761e-01,9.242509655958269787e-01,2.090579785872358487e-01,8.500000000000000611e-02,3.000000000000000000e+00,5.142701720558476634e+06
-6.178830764214501947e+00,6.440568318819043236e-01,9.618710145918902832e-01,2.971886458492557503e-01,8.500000000000000611e-02,3.000000000000000000e+00,5.142701720558476634e+06
-6.135353567931633556e+00,7.673763193383843495e-01,9.981667548338153395e-01,2.211890082067785313e-01,8.500000000000000611e-02,3.000000000000000000e+00,5.142701720558476634e+06
-5.572060783668030481e+00,1.554008136070475166e+00,8.537908381190917328e-01,-4.260265243570620086e-01,8.500000000000000611e-02,3.000000000000000000e+00,5.142701720558476634e+06
-5.552959821572019727e+00,1.070855241741504926e+00,4.586442616289549967e-01,-1.399666412979216068e-01,8.500000000000000611e-02,3.000000000000000000e+00,5.142701720558476634e+06
-5.973550361605266978e+00,1.021883437667255423e+00,8.940057808041781406e-01,-7.689617259994735443e-02,8.500000000000000611e-02,3.000000000000000000e+00,5.142701720558476634e+06
-5.718028520639780510e+00,8.377631705457344591e-01,5.722486132887429910e-01,7.092494697923731883e-02,8.500000000000000611e-02,3.000000000000000000e+00,5.142701720558476634e+06
-5.817938930983392432e+00,6.787471408708625198e-01,5.855988301679775354e-01,9.972818400485380930e-02,8.500000000000000611e-02,3.000000000000000000e+00,5.142701720558476634e+06
-5.925830667237870664e+00,7.171279017717493431e-01,7.011085350848808018e-01,5.105303627481647122e-02,8.500000000000000611e-02,3.000000000000000000e+00,5.142701720558476634e+06
-5.670456338513107930e+00,3.796760487858801270e-01,1.218119014811738232e-01,2.927425016633455890e-03,8.500000000000000611e-02,3.000000000000000000e+00,5.142701720558476634e+06
-5.555695522973525868e+00,1.857246734022176549e-01,-1.465415731083334894e-01,5.096765074534492790e-02,8.500000000000000611e-02,3.000000000000000000e+00,5.142701720558476634e+06
-5.541985237234714923e+00,2.361002177919004907e-01,-1.141286771921743437e-01,7.953657676053668690e-02,8.500000000000000611e-02,3.000000000000000000e+00,5.142701720558476634e+06
-5.779704545182057451e+00,8.495976365923487705e-01,4.639370567600367146e-01,-2.473100427280559288e-01,8.500000000000000611e-02,3.000000000000000000e+00,5.142701720558476634e+06
-6.946051763907264309e+00,5.652132366982529632e-01,1.728118575139132140e+00,2.667741882230115769e-01,8.500000000000000611e-02,3.000000000000000000e+00,5.142701720558476634e+06
-6.610211847598808532e+00,1.230778839198991559e+00,1.803513130003629783e+00,-8.531714671213602719e-02,8.500000000000000611e-02,3.000000000000000000e+00,5.142701720558476634e+06
-6.623152011023223373e+00,6.515496639710276483e-01,1.104454732370709680e+00,-4.576502304532413801e-01,8.500000000000000611e-02,3.000000000000000000e+00,5.142701720558476634e+06
-6.389386976534147777e+00,1.570516619540366143e+00,1.923931572804920886e+00,-3.548507744193599156e-02,8.500000000000000611e-02,3.000000000000000000e+00,5.142701720558476634e+06
-5.861894432973461910e+00,1.993271695396121812e+00,1.698831731154703872e+00,-1.833909170167600244e-01,8.500000000000000611e-02,3.000000000000000000e+00,5.142701720558476634e+06
-5.908035501189472960e+00,2.774081114365284151e+00,2.592790293475931040e+00,-1.357837862382479943e-02,8.500000000000000611e-02,3.000000000000000000e+00,5.142701720558476634e+06
-5.949469257940514844e+00,2.903393512430598289e+00,2.774414781939827712e+00,1.593040926894655901e-02,8.500000000000000611e-02,3.000000000000000000e+00,5.142701720558476634e+06
-5.848322133026656822e+00,2.876849622915806037e+00,2.622751823210023758e+00,3.256813380983003547e-02,8.500000000000000611e-02,3.000000000000000000e+00,5.142701720558476634e+06
-5.721180177487884322e+00,2.966038718588805967e+00,2.668909424882361048e+00,2.019104409921252952e-01,8.500000000000000611e-02,3.000000000000000000e+00,5.142701720558476634e+06
-6.043883524374978222e+00,2.582455647326382220e+00,2.626058815411442371e+00,2.412925179642204099e-01,8.500000000000000611e-02,3.000000000000000000e+00,5.142701720558476634e+06
-5.436843091967753061e+00,2.729031714700455691e+00,1.936508803410638802e+00,-2.694760952771185769e-01,8.500000000000000611e-02,3.000000000000000000e+00,5.142701720558476634e+06
-5.276639173183093057e+00,2.936976331570989807e+00,1.932957402790287826e+00,-3.935621058828246976e-01,8.500000000000000611e-02,3.000000000000000000e+00,5.142701720558476634e+06
-5.271623550300783556e+00,2.926820098382902025e+00,1.916933698762426364e+00,-3.947735417686619175e-01,8.500000000000000611e-02,3.000000000000000000e+00,5.142701720558476634e+06
-5.262945142317946079e+00,2.930774410508048433e+00,1.910159523341879773e+00,-3.997075646827007445e-01,8.500000000000000611e-02,3.000000000000000000e+00,5.142701720558476634e+06
-5.434562757280176015e+00,2.793055909202078801e+00,2.073847593375711007e+00,-1.565473999159073815e-01,8.500000000000000611e-02,3.000000000000000000e+00,5.142701720558476634e+06
-5.153754172333501415e+00,2.734750555691757512e+00,1.660196125924994881e+00,-3.408266883952694726e-01,8.500000000000000611e-02,3.000000000000000000e+00,5.142701720558476634e+06
-5.207920815772698830e+00,2.361165646670532858e+00,1.386065057687530189e+00,-3.264980396430406939e-01,8.500000000000000611e-02,3.000000000000000000e+00,5.142701720558476634e+06
-5.196851712734724238e+00,2.197245186694453789e+00,1.245545087513685534e+00,-2.330164824180652461e-01,8.500000000000000611e-02,3.000000000000000000e+00,5.142701720558476634e+06
-5.047473763232711796e+00,1.699619189050171064e+00,6.008611572347717367e-01,-2.305050707308657909e-01,8.500000000000000611e-02,3.000000000000000000e+00,5.142701720558476634e+06
-5.274760035394497670e+00,1.671585357613892153e+00,8.421970604292847717e-01,-1.448166543910422988e-01,8.500000000000000611e-02,3.000000000000000000e+00,5.142701720558476634e+06
-5.283869356546957441e+00,1.699532450652986748e+00,8.287119578165302869e-01,-2.583208120671809938e-01,8.500000000000000611e-02,3.000000000000000000e+00,5.142701720558476634e+06
-5.059238117677543833e+00,2.145772010557265741e+00,1.051377015885504251e+00,-2.652312552843189009e-01,8.500000000000000611e-02,3.000000000000000000e+00,5.142701720558476634e+06
-4.729860255068489394e+00,2.900714089145340235e+00,1.446389807818776685e+00,-1.332610317436350167e-01,8.500000000000000611e-02,3.000000000000000000e+00,5.142701720558476634e+06
-5.931243347796410603e+00,2.075479988664456155e+00,2.043296939677615498e+00,5.195529015134514594e-02,8.500000000000000611e-02,3.000000000000000000e+00,5.142701720558476634e+06
-5.650852178267797399e+00,2.227061002016679225e+00,1.920460715863416823e+00,-7.745054048739763441e-03,8.500000000000000611e-02,3.000000000000000000e+00,5.142701720558476634e+06
-5.878909617121719222e+00,1.142583613525670394e+00,7.945063973581978356e-01,-2.990712619487657098e-01,8.500000000000000611e-02,3.000000000000000000e+00,5.142701720558476634e+06
-5.915595251472568705e+00,1.794624069808255173e+00,1.500948441777118614e+00,-1.265732969580807832e-01,8.500000000000000611e-02,3.000000000000000000e+00,5.142701720558476634e+06
-5.691904780490141036e+00,2.593162080585406315e+00,2.076837367715875349e+00,3.130702312362410034e-02,8.500000000000000611e-02,3.000000000000000000e+00,5.142701720558476634e+06
-5.546283354358823914e+00,2.184396051267055050e+00,1.533541839431341147e+00,-7.533959140002460808e-02,8.500000000000000611e-02,3.000000000000000000e+00,5.142701720558476634e+06
-6.317904852840434238e+00,2.776084040438900225e+00,2.895875539361499662e+00,-5.049008584532197474e-01,8.500000000000000611e-02,3.000000000000000000e+00,5.142701720558476634e+06
-6.934486326303716197e+00,1.665332328965275499e+00,2.627265273038486892e+00,2.482448418317432237e-01,8.500000000000000611e-02,3.000000000000000000e+00,5.142701720558476634e+06
-6.546371494188564455e+00,1.972988364250240823e+00,2.340736282496959308e+00,-5.359098321373068075e-02,8.500000000000000611e-02,3.000000000000000000e+00,5.142701720558476634e+06
-6.335414460468985709e+00,1.556009654413168963e+00,1.737365337674762422e+00,-1.658905994994635258e-01,8.500000000000000611e-02,3.000000000000000000e+00,5.142701720558476634e+06
-6.199946976607988880e+00,1.359915574140288852e+00,1.508283306635781251e+00,1.922898665694461329e-02,8.500000000000000611e-02,3.000000000000000000e+00,5.142701720558476634e+06
-6.028656522264681961e+00,1.975492780310476926e+00,1.564664822528678112e+00,-6.799969485258146040e-01,8.500000000000000611e-02,3.000000000000000000e+00,5.142701720558476634e+06
-6.032448691474241897e+00,1.861913193749795470e+00,1.595795384248242188e+00,-4.388992492488200114e-01,8.500000000000000611e-02,3.000000000000000000e+00,5.142701720558476634e+06
-6.471275137221121909e+00,1.780959048461207450e+00,2.020124016799729638e+00,-2.950497712118501648e-01,8.500000000000000611e-02,3.000000000000000000e+00,5.142701720558476634e+06
-6.265497569134321765e+00,1.489319670922738759e+00,1.578020908226638763e+00,6.643840067694695151e-02,8.500000000000000611e-02,3.000000000000000000e+00,5.142701720558476634e+06
-6.320081044943167470e+00,1.287164871160153323e+00,1.555600337024462654e+00,1.592270296527140694e-01,8.500000000000000611e-02,3.000000000000000000e+00,5.142701720558476634e+06
-6.315309300238148182e+00,1.406567340542907996e+00,1.664329736272508242e+00,9.080129745482362624e-02,8.500000000000000611e-02,3.000000000000000000e+00,5.142701720558476634e+06
-6.772354932812296724e+00,1.427792677255796505e+00,2.335618013837475360e+00,3.190190048036793402e-01,8.500000000000000611e-02,3.000000000000000000e+00,5.142701720558476634e+06
-6.641947410658472606e+00,1.532945760163975768e+00,2.281097910028251796e+00,2.962742196643155523e-01,8.500000000000000611e-02,3.000000000000000000e+00,5.142701720558476634e+06
-6.748346009969429460e+00,9.661175212656843980e-01,1.919121219910132403e+00,4.300589005922697550e-01,8.500000000000000611e-02,3.000000000000000000e+00,5.142701720558476634e+06
-6.859609726479070524e+00,8.129307862176404775e-01,1.919338772545437610e+00,4.782471813705114760e-01,8.500000000000000611e-02,3.000000000000000000e+00,5.142701720558476634e+06
-6.784183756250292241e+00,8.034849246399156097e-01,1.812424690079649459e+00,4.451446452014569677e-01,8.500000000000000611e-02,3.000000000000000000e+00,5.142701720558476634e+06
-6.264737803402931071e+00,1.431956059603850528e+00,1.769421523007858932e+00,2.397575849977058304e-01,8.500000000000000611e-02,3.000000000000000000e+00,5.142701720558476634e+06
-6.763282726065661166e+00,6.945932361115224607e-01,1.723537699840921977e+00,4.152234832182726265e-01,8.500000000000000611e-02,3.000000000000000000e+00,5.142701720558476634e+06
-5.956651696885274738e+00,8.888202028965921375e-01,8.997725404025680440e-01,2.042083852083254603e-01,8.500000000000000611e-02,3.000000000000000000e+00,5.142701720558476634e+06
-5.909389375661467270e+00,7.651699098487898532e-01,7.540726609258560087e-01,2.633838198638795980e-01,8.500000000000000611e-02,3.000000000000000000e+00,5.142701720558476634e+06
-7.116207434862626080e+00,1.886786318806437546e+00,3.011851819250382700e+00,1.387238567976014636e-01,8.500000000000000611e-02,3.000000000000000000e+00,5.142701720558476634e+06
-6.419012771052388544e+00,2.189430604356590759e+00,2.529351301139593389e+00,-2.707844705893414083e-02,8.500000000000000611e-02,3.000000000000000000e+00,5.142701720558476634e+06
-6.347643392267094953e+00,2.967520914178608749e+00,3.131586245831215809e+00,-7.515264580332325917e-02,8.500000000000000611e-02,3.000000000000000000e+00,5.142701720558476634e+06
-6.390713307811742183e+00,2.994574999744041399e+00,3.209733474446540225e+00,-6.093473039445423955e-02,8.500000000000000611e-02,3.000000000000000000e+00,5.142701720558476634e+06
-5.471643730658001026e+00,2.977759901192596370e+00,2.068867967506982541e+00,-3.980027742649338562e-01,8.500000000000000611e-02,3.000000000000000000e+00,5.142701720558476634e+06
-4.927522581151750458e+00,2.720928947232027273e+00,1.340674729375618934e+00,-3.311228200871036975e-01,8.500000000000000611e-02,3.000000000000000000e+00,5.142701720558476634e+06
-4.643947600121610009e+00,2.986401413743841715e+00,1.263207983217965236e+00,-4.462533017066260266e-01,8.500000000000000611e-02,3.000000000000000000e+00,5.142701720558476634e+06
-4.751362999416774535e+00,2.785929501973254840e+00,1.244682981452202908e+00,-3.298482287566135707e-01,8.500000000000000611e-02,3.000000000000000000e+00,5.142701720558476634e+06
-4.675081847328330653e+00,2.486407818834027950e+00,9.654055600523050451e-01,-1.963127901898318040e-01,8.500000000000000611e-02,3.000000000000000000e+00,5.142701720558476634e+06
-4.543269836465093192e+00,2.332139628614856797e+00,5.683306159620113984e-01,-4.025138408639096221e-01,8.500000000000000611e-02,3.000000000000000000e+00,5.142701720558476634e+06
-5.640224198730032334e+00,2.616018090710576782e+00,2.213858011647993784e+00,1.383094513934012004e-01,8.500000000000000611e-02,3.000000000000000000e+00,5.142701720558476634e+06
-5.596360295589501987e+00,2.512034391331805505e+00,2.093658306061912278e+00,1.574966293959901564e-01,8.500000000000000611e-02,3.000000000000000000e+00,5.142701720558476634e+06
-5.681042697458579482e+00,2.690616987802320281e+00,2.234556082608567085e+00,-6.136967695898687403e-02,8.500000000000000611e-02,3.000000000000000000e+00,5.142701720558476634e+06
-5.388275957520535897e+00,2.840133940465743745e+00,1.977443438939014309e+00,-4.331021235443981987e-01,8.500000000000000611e-02,3.000000000000000000e+00,5.142701720558476634e+06
-5.716373079281281022e+00,2.363131168405604221e+00,1.877001436536848589e+00,-3.510707184942714054e-01,8.500000000000000611e-02,3.000000000000000000e+00,5.142701720558476634e+06
-5.771402074675535232e+00,1.930840328928387084e+00,1.534687607351304273e+00,-2.817263047606651249e-01,8.500000000000000611e-02,3.000000000000000000e+00,5.142701720558476634e+06
-5.961276930077754166e+00,2.457218205775796527e+00,2.046432681617349481e+00,-7.262983361759290935e-01,8.500000000000000611e-02,3.000000000000000000e+00,5.142701720558476634e+06
-4.999423348082406626e+00,1.726523811464609537e+00,3.495990296551094723e-01,-3.691154506286903336e-01,8.500000000000000611e-02,3.000000000000000000e+00,5.142701720558476634e+06
-5.256716140211000976e+00,5.919307891719700621e-01,-4.410017867903981426e-01,-5.630700841426884429e-01,8.500000000000000611e-02,3.000000000000000000e+00,5.142701720558476634e+06
-5.448406732218034065e+00,1.115204817281050476e+00,2.797447166321593848e-01,-5.872045300591191008e-01,8.500000000000000611e-02,3.000000000000000000e+00,5.142701720558476634e+06
-4.987099612942400562e+00,1.030621112324233479e+00,-4.370146293873086174e-01,-1.116664673903773553e+00,8.500000000000000611e-02,3.000000000000000000e+00,5.142701720558476634e+06
-5.779315808478813210e+00,1.451199720845197882e+00,1.027854425502477742e+00,-4.977526845772952679e-01,8.500000000000000611e-02,3.000000000000000000e+00,5.142701720558476634e+06
-6.491797913070237236e+00,1.233132648589401192e+00,1.896251410456421871e+00,3.063249738355307006e-01,8.500000000000000611e-02,3.000000000000000000e+00,5.142701720558476634e+06
-6.644834812790486822e+00,1.019993488352743727e+00,1.879870203057984579e+00,3.527665461722366835e-01,8.500000000000000611e-02,3.000000000000000000e+00,5.142701720558476634e+06
-6.409575538997999367e+00,8.795484441800843767e-01,1.394709963263752073e+00,1.527053158418110734e-01,8.500000000000000611e-02,3.000000000000000000e+00,5.142701720558476634e+06
-6.414681177342978380e+00,4.557107565913067759e-01,1.084763015527602681e+00,1.686459667015545449e-01,8.500000000000000611e-02,3.000000000000000000e+00,5.142701720558476634e+06
-6.593262261693491944e+00,1.298460703372086300e-01,1.085335939811904460e+00,3.208183524548584020e-01,8.500000000000000611e-02,3.000000000000000000e+00,5.142701720558476634e+06
-6.522687072562088240e+00,5.979119658193403630e-01,1.359418265679986026e+00,2.213198736327528504e-01,8.500000000000000611e-02,3.000000000000000000e+00,5.142701720558476634e+06
-6.546946590082381334e+00,2.476759710952023408e-01,1.179180727747545898e+00,2.658822929389076939e-01,8.500000000000000611e-02,3.000000000000000000e+00,5.142701720558476634e+06
-6.967225228491862765e+00,2.570659016925819218e-02,1.621424065934200520e+00,6.177367863021305805e-01,8.500000000000000611e-02,3.000000000000000000e+00,5.142701720558476634e+06
-6.636772468639184908e+00,3.043380392095249021e-01,1.423861669767372495e+00,4.694356069119353658e-01,8.500000000000000611e-02,3.000000000000000000e+00,5.142701720558476634e+06
-6.636772468639184908e+00,3.043380392095249021e-01,1.423861669767372495e+00,4.694356069119353658e-01,8.500000000000000611e-02,3.000000000000000000e+00,5.142701720558476634e+06
-6.691461428478045370e+00,1.496844961647885164e-01,1.367830720416287615e+00,5.081761680503386058e-01,8.500000000000000611e-02,3.000000000000000000e+00,5.142701720558476634e+06
-6.848183725574335412e+00,5.829974213458721799e-02,1.492359955022880325e+00,5.655920935940503824e-01,8.500000000000000611e-02,3.000000000000000000e+00,5.142701720558476634e+06
-6.499575910638610843e+00,1.619205742743100584e-01,1.059335746836665093e+00,3.285637247797422722e-01,8.500000000000000611e-02,3.000000000000000000e+00,5.142701720558476634e+06
-6.525097630245813463e+00,8.789683436954920381e-02,1.040140096907355316e+00,4.036573855557454849e-01,8.500000000000000611e-02,3.000000000000000000e+00,5.142701720558476634e+06
-6.270885043017911720e+00,2.924295658221389704e-01,8.678405925460330739e-01,3.376726118486187977e-01,8.500000000000000611e-02,3.000000000000000000e+00,5.142701720558476634e+06
-6.323779755572476624e+00,9.230984056033537666e-01,1.586093622140686499e+00,5.478257382621507521e-01,8.500000000000000611e-02,3.000000000000000000e+00,5.142701720558476634e+06
-6.139277341915484243e+00,3.163063778965347073e-01,1.009552482916329375e+00,7.687215698733381730e-01,8.500000000000000611e-02,3.000000000000000000e+00,5.142701720558476634e+06
-6.059027642191566088e+00,1.142926653369491952e+00,1.307687709827970224e+00,1.507032769501133740e-01,8.500000000000000611e-02,3.000000000000000000e+00,5.142701720558476634e+06
-5.631491329902059917e+00,9.654453335576507200e-02,-2.807560272712446015e-01,-3.372729771827910339e-01,8.500000000000000611e-02,3.000000000000000000e+00,5.142701720558476634e+06
-5.702796845808866699e+00,1.127997424689164196e+00,7.348153548369278365e-01,-1.226366014794056242e-01,8.500000000000000611e-02,3.000000000000000000e+00,5.142701720558476634e+06
-5.509129917793741171e+00,2.824741518764433579e+00,1.942148057749329304e+00,-5.273037605495644042e-01,8.500000000000000611e-02,3.000000000000000000e+00,5.142701720558476634e+06
-5.411808817892027612e+00,2.591260820593472403e+00,1.737009837276780155e+00,-4.101739419513130147e-01,8.500000000000000611e-02,3.000000000000000000e+00,5.142701720558476634e+06
-5.272140880872826507e+00,2.341659536717279000e+00,1.459089330199192069e+00,-1.993340520864545218e-01,8.500000000000000611e-02,3.000000000000000000e+00,5.142701720558476634e+06
-5.549963133504897783e+00,1.523050041821880862e+00,6.809936327886182417e-01,-7.977804555103110706e-01,8.500000000000000611e-02,3.000000000000000000e+00,5.142701720558476634e+06
-5.713081753133543828e+00,1.423766418380171928e+00,7.922522993024636584e-01,-6.590055294670044139e-01,8.500000000000000611e-02,3.000000000000000000e+00,5.142701720558476634e+06
-5.601485274944812076e+00,1.805420117622584808e+00,1.009358700020401400e+00,-1.083217699551664470e+00,8.500000000000000611e-02,3.000000000000000000e+00,5.142701720558476634e+06
-5.549956449610121467e+00,1.844587639680913105e+00,9.460421605528874789e-01,-1.271979923805409474e+00,8.500000000000000611e-02,3.000000000000000000e+00,5.142701720558476634e+06
-5.054595732064864677e+00,2.426426792173783209e+00,9.901370074881712391e-01,-1.242633515209863981e+00,8.500000000000000611e-02,3.000000000000000000e+00,5.142701720558476634e+06
-5.819138104001615019e+00,2.049376780901808193e+00,1.711013542980217572e+00,-3.187524780674891312e-01,8.500000000000000611e-02,3.000000000000000000e+00,5.142701720558476634e+06
-6.174618486826823904e+00,1.546878188969937229e+00,1.692696666337395683e+00,8.701560273538694323e-02,8.500000000000000611e-02,3.000000000000000000e+00,5.142701720558476634e+06
-6.144486694354317713e+00,1.520830642399076282e+00,1.593277347074159689e+00,5.667650736024532065e-02,8.500000000000000611e-02,3.000000000000000000e+00,5.142701720558476634e+06
-6.141992949399952550e+00,1.518321047161527826e+00,1.560411114428247092e+00,4.502264255202681476e-02,8.500000000000000611e-02,3.000000000000000000e+00,5.142701720558476634e+06
-6.087019947699408462e+00,2.134866071405174370e+00,1.986929695885033986e+00,-2.229663236861458286e-01,8.500000000000000611e-02,3.000000000000000000e+00,5.142701720558476634e+06
-6.066180129673671040e+00,1.783667425306174614e+00,1.579526152062201261e+00,-4.140858445413013733e-01,8.500000000000000611e-02,3.000000000000000000e+00,5.142701720558476634e+06
-5.835388424646957617e+00,1.935817844415737898e+00,1.433844674884433790e+00,-5.152118089565712600e-01,8.500000000000000611e-02,3.000000000000000000e+00,5.142701720558476634e+06
-6.109810376041442836e+00,2.436042790746402620e+00,2.110792671598146875e+00,-6.981041529800875445e-01,8.500000000000000611e-02,3.000000000000000000e+00,5.142701720558476634e+06
-6.161996547488040932e+00,2.634240389894924927e+00,2.440373267096086707e+00,-5.181596202999010359e-01,8.500000000000000611e-02,3.000000000000000000e+00,5.142701720558476634e+06
-6.682970880234644362e+00,1.988052486803446595e+00,2.772717514937280470e+00,2.185944529599400665e-01,8.500000000000000611e-02,3.000000000000000000e+00,5.142701720558476634e+06
-6.358269555004875784e+00,1.843010704033134273e+00,2.146455931732023537e+00,2.300510649723913614e-02,8.500000000000000611e-02,3.000000000000000000e+00,5.142701720558476634e+06
-6.533905076357703123e+00,1.792516868432476151e+00,2.166831671868159059e+00,-1.228781630121048574e-01,8.500000000000000611e-02,3.000000000000000000e+00,5.142701720558476634e+06
-6.731602736632789075e+00,2.241103591636416592e+00,2.873919283337535990e+00,5.146865375687059707e-02,8.500000000000000611e-02,3.000000000000000000e+00,5.142701720558476634e+06
-6.515784735093975932e+00,1.768983592137983729e+00,2.233269961946401594e+00,6.401901877169083321e-02,8.500000000000000611e-02,3.000000000000000000e+00,5.142701720558476634e+06
-6.516094106515788020e+00,1.726102423781576078e+00,2.088599240247843714e+00,-1.141495962571137807e-01,8.500000000000000611e-02,3.000000000000000000e+00,5.142701720558476634e+06
-6.377644602556363118e+00,1.939625535100371057e+00,2.270123554133754773e+00,5.852380361170389511e-02,8.500000000000000611e-02,3.000000000000000000e+00,5.142701720558476634e+06
-6.896651823051085373e+00,2.380077695533707516e+00,3.176131184549369380e+00,1.010822232469680282e-01,8.500000000000000611e-02,3.000000000000000000e+00,5.142701720558476634e+06
-7.126941016959795760e+00,2.126161105082708058e+00,3.182771637284580457e+00,5.450321914146830093e-02,8.500000000000000611e-02,3.000000000000000000e+00,5.142701720558476634e+06
-6.294747135355034828e+00,1.726839345535184478e+00,1.919021247395618968e+00,-6.616275289104717183e-03,8.500000000000000611e-02,3.000000000000000000e+00,5.142701720558476634e+06
-6.497891795970714313e+00,1.320365842926852551e+00,1.795702842927910492e+00,2.311991950396312667e-01,8.500000000000000611e-02,3.000000000000000000e+00,5.142701720558476634e+06
-6.168673696760140324e+00,1.510222528142969534e+00,1.610363861957106568e+00,1.271583993374018062e-01,8.500000000000000611e-02,3.000000000000000000e+00,5.142701720558476634e+06
-6.203503175815827220e+00,1.445305891624449446e+00,1.853337825588094123e+00,5.333782329462292138e-01,8.500000000000000611e-02,3.000000000000000000e+00,5.142701720558476634e+06
-6.279007083025796021e+00,1.476231859897125132e+00,1.820681634924345538e+00,3.547366358210832238e-01,8.500000000000000611e-02,3.000000000000000000e+00,5.142701720558476634e+06
-6.426043377397613554e+00,1.982142337176537650e+00,2.329642439948129695e+00,-8.799052863721239237e-02,8.500000000000000611e-02,3.000000000000000000e+00,5.142701720558476634e+06
-6.165566938043360423e+00,1.913049655226229717e+00,1.941556717909122431e+00,-1.846777513950051963e-01,8.500000000000000611e-02,3.000000000000000000e+00,5.142701720558476634e+06
-7.051217064324853290e+00,1.926759111841156002e+00,2.842509439254321535e+00,4.218419954330671073e-02,8.500000000000000611e-02,3.000000000000000000e+00,5.142701720558476634e+06
-6.105117896738433636e+00,2.408603168049796572e+00,2.342268420345511970e+00,-7.569077095069709493e-02,8.500000000000000611e-02,3.000000000000000000e+00,5.142701720558476634e+06
-5.578970853848009170e+00,2.967689276851096292e+00,2.394711871510127210e+00,-8.665626469918386032e-02,8.500000000000000611e-02,3.000000000000000000e+00,5.142701720558476634e+06
-5.555745459675384801e+00,2.989096632202028481e+00,2.395271774038396195e+00,8.306223990145245040e-03,8.500000000000000611e-02,3.000000000000000000e+00,5.142701720558476634e+06
-5.573787718090731147e+00,2.972523271682777413e+00,2.400187154916832100e+00,1.911887020861660624e-03,8.500000000000000611e-02,3.000000000000000000e+00,5.142701720558476634e+06
-5.177192089359712313e+00,2.863502667117847178e+00,1.857630199533071291e+00,2.898636332218917921e-02,8.500000000000000611e-02,3.000000000000000000e+00,5.142701720558476634e+06
-5.763381358058974335e+00,1.793437143938842127e+00,1.531880306879322973e+00,1.869125321836710429e-01,8.500000000000000611e-02,3.000000000000000000e+00,5.142701720558476634e+06
-5.499134117894847407e+00,1.610906792918230135e+00,1.133833823964334853e+00,2.816987148506757688e-01,8.500000000000000611e-02,3.000000000000000000e+00,5.142701720558476634e+06
-5.663318310034219039e+00,1.834506621851071273e+00,1.384289695878143434e+00,9.116715386501772489e-03,8.500000000000000611e-02,3.000000000000000000e+00,5.142701720558476634e+06
-4.910645375912259247e+00,1.967724699293886825e+00,6.116073616515331768e-01,-2.150772925489223830e-01,8.500000000000000611e-02,3.000000000000000000e+00,5.142701720558476634e+06
-5.627898948337121787e+00,2.123371125518932701e+00,1.642046201434118613e+00,-8.850797342686414493e-03,8.500000000000000611e-02,3.000000000000000000e+00,5.142701720558476634e+06
-5.394740855232546650e+00,2.557389254543529944e+00,1.700138219182178778e+00,-3.072905060769895447e-01,8.500000000000000611e-02,3.000000000000000000e+00,5.142701720558476634e+06
-5.281635050821003929e+00,2.072836855624853314e+00,1.122773736835570579e+00,-2.703299044377968086e-01,8.500000000000000611e-02,3.000000000000000000e+00,5.142701720558476634e+06
-5.253480736411561658e+00,2.160580982178916365e+00,1.272126103716285872e+00,4.236583256725068303e-02,8.500000000000000611e-02,3.000000000000000000e+00,5.142701720558476634e+06
-5.572339254562294286e+00,2.521406298506555288e+00,1.992471707332451825e+00,-9.534760206055648002e-02,8.500000000000000611e-02,3.000000000000000000e+00,5.142701720558476634e+06
-5.594550881178105506e+00,2.199692979788411940e+00,1.447577914236241936e+00,-5.741944739499417194e-01,8.500000000000000611e-02,3.000000000000000000e+00,5.142701720558476634e+06
-5.733839520368545273e+00,2.605761554467523666e+00,2.038791145823913631e+00,-4.958593624059023930e-01,8.500000000000000611e-02,3.000000000000000000e+00,5.142701720558476634e+06
-5.269427515784463445e+00,2.129767301436336524e+00,1.002215270690298254e+00,-7.842320597425452844e-01,8.500000000000000611e-02,3.000000000000000000e+00,5.142701720558476634e+06
-5.489907254121912494e+00,1.269022373192557174e+00,3.814641178507129915e-01,-8.783566989973763395e-01,8.500000000000000611e-02,3.000000000000000000e+00,5.142701720558476634e+06
-5.277493899384810838e+00,1.374297719333938073e+00,3.659035146663122129e-01,-4.403309425779080577e-01,8.500000000000000611e-02,3.000000000000000000e+00,5.142701720558476634e+06
-5.385238200631562222e+00,1.835153131448360231e+00,9.746020294394279748e-01,-3.504849398886707434e-01,8.500000000000000611e-02,3.000000000000000000e+00,5.142701720558476634e+06
-5.825832466566967405e+00,2.275425977562643087e+00,1.999419293769132633e+00,-1.381025484414569182e-01,8.500000000000000611e-02,3.000000000000000000e+00,5.142701720558476634e+06
-6.176753127550692390e+00,2.114841840909745585e+00,2.304535875584080795e+00,1.471012502233895736e-01,8.500000000000000611e-02,3.000000000000000000e+00,5.142701720558476634e+06
-6.301587555407065722e+00,2.030335005734144715e+00,2.493603981067695763e+00,4.175193502392193778e-01,8.500000000000000611e-02,3.000000000000000000e+00,5.142701720558476634e+06
-6.468605339732756754e+00,1.179587619427707068e+00,1.885044568914919783e+00,5.442929194761267908e-01,8.500000000000000611e-02,3.000000000000000000e+00,5.142701720558476634e+06
-6.519831666939658987e+00,1.363172709306952113e+00,2.073638085381560359e+00,5.290649881040756508e-01,8.500000000000000611e-02,3.000000000000000000e+00,5.142701720558476634e+06
-5.972799863816787180e+00,2.075393616260610585e+00,2.013264004952448616e+00,1.641964189459703682e-01,8.500000000000000611e-02,3.000000000000000000e+00,5.142701720558476634e+06
-5.813919187624641438e+00,1.041761262825733780e+00,8.981651898357003727e-01,8.517030841531353369e-02,8.500000000000000611e-02,3.000000000000000000e+00,5.142701720558476634e+06
-5.859701202589888247e+00,1.711383495517091902e+00,1.726442267743268921e+00,5.039631771826508233e-01,8.500000000000000611e-02,3.000000000000000000e+00,5.142701720558476634e+06
-5.685377819286983936e+00,2.611715145655873371e+00,2.125718286134923751e+00,-3.930059310184783050e-02,8.500000000000000611e-02,3.000000000000000000e+00,5.142701720558476634e+06
-5.872489041774414886e+00,2.025792217658475725e+00,1.876742488555898980e+00,2.732974588611869482e-01,8.500000000000000611e-02,3.000000000000000000e+00,5.142701720558476634e+06
-4.955605652084163815e+00,1.270480459874965717e+00,-1.103468765938808716e-02,-7.590471512869489956e-02,8.500000000000000611e-02,3.000000000000000000e+00,5.142701720558476634e+06
-5.484897505468055989e+00,1.112032637469467122e+00,5.062313445545945090e-01,-1.385261888146249731e-03,8.500000000000000611e-02,3.000000000000000000e+00,5.142701720558476634e+06
-6.227664649623225301e+00,1.109836445191554111e+00,1.333776707166090869e+00,1.024488100703029314e-01,8.500000000000000611e-02,3.000000000000000000e+00,5.142701720558476634e+06
-6.386486512003958893e+00,1.167615658137566736e+00,1.509524583386217866e+00,1.014144978876219544e-01,8.500000000000000611e-02,3.000000000000000000e+00,5.142701720558476634e+06
-6.080443630471183525e+00,1.020063914530457083e+00,1.067745683258518152e+00,1.230545798177245798e-01,8.500000000000000611e-02,3.000000000000000000e+00,5.142701720558476634e+06
-6.044912530163509601e+00,1.939985792749852500e+00,1.878763293559762904e+00,-7.660725445412799872e-02,8.500000000000000611e-02,3.000000000000000000e+00,5.142701720558476634e+06
-6.009188088873024469e+00,2.512550575515065887e+00,2.144238649480220360e+00,-6.049362540252833931e-01,8.500000000000000611e-02,3.000000000000000000e+00,5.142701720558476634e+06
-5.642357430723293099e+00,2.231024395079479472e+00,1.725957786096757429e+00,-2.627865184692071976e-01,8.500000000000000611e-02,3.000000000000000000e+00,5.142701720558476634e+06
-5.998564688722431981e+00,2.933161841220154997e+00,2.852943458519942244e+00,-2.019459962264613662e-02,8.500000000000000611e-02,3.000000000000000000e+00,5.142701720558476634e+06
-5.998564688722431981e+00,2.933161841220154997e+00,2.852943458519942244e+00,-2.019459962264613662e-02,8.500000000000000611e-02,3.000000000000000000e+00,5.142701720558476634e+06
-6.001579498297926918e+00,2.900536297537518404e+00,2.853034356178586251e+00,2.607616895535103119e-02,8.500000000000000611e-02,3.000000000000000000e+00,5.142701720558476634e+06
-5.998822478366417243e+00,2.936742679539128709e+00,2.894690539647635674e+00,5.174697905184577618e-02,8.500000000000000611e-02,3.000000000000000000e+00,5.142701720558476634e+06
-5.951092703257373273e+00,2.745579366002595112e+00,2.643203219673900151e+00,-7.601380380760358602e-04,8.500000000000000611e-02,3.000000000000000000e+00,5.142701720558476634e+06
-4.958428826253918231e+00,2.252298581141899181e+00,1.122066278507689363e+00,-1.972702866593964433e-01,8.500000000000000611e-02,3.000000000000000000e+00,5.142701720558476634e+06
-4.758910840646977114e+00,2.783884183165822535e+00,1.446662743659174799e+00,9.327418069157197844e-03,8.500000000000000611e-02,3.000000000000000000e+00,5.142701720558476634e+06
-5.135027033932193063e+00,2.070680566101727571e+00,1.158275661844179183e+00,3.886974899062631272e-02,8.500000000000000611e-02,3.000000000000000000e+00,5.142701720558476634e+06
-5.378950217928765376e+00,6.763645286172643711e-01,1.104531359134686141e-01,6.815591803282106120e-02,8.500000000000000611e-02,3.000000000000000000e+00,5.142701720558476634e+06
-5.651831261610362311e+00,1.690579902784674626e-01,1.515743913138187793e-01,2.800250972082992118e-01,8.500000000000000611e-02,3.000000000000000000e+00,5.142701720558476634e+06
-5.761944090106969618e+00,1.835373377235154368e-01,2.664915386739836745e-01,2.896186059260013046e-01,8.500000000000000611e-02,3.000000000000000000e+00,5.142701720558476634e+06
-5.746031085867798538e+00,3.661407572618572415e-01,6.348636479434621727e-01,6.604209557239205663e-01,8.500000000000000611e-02,3.000000000000000000e+00,5.142701720558476634e+06
-5.471646786189634959e+00,-1.189033649812931692e-02,2.349430806134160665e-01,8.237044980944931982e-01,8.500000000000000611e-02,3.000000000000000000e+00,5.142701720558476634e+06
-5.496783020620651605e+00,2.726304799234746667e-03,1.624371281345902140e-01,7.073057830214883879e-01,8.500000000000000611e-02,3.000000000000000000e+00,5.142701720558476634e+06
-5.589088184879972054e+00,1.501562452898047573e-01,3.089940641767611185e-01,6.673226435736813178e-01,8.500000000000000611e-02,3.000000000000000000e+00,5.142701720558476634e+06
-5.595322787930957276e+00,2.763145858574876934e-01,3.479765520376962851e-01,5.622820393424264873e-01,8.500000000000000611e-02,3.000000000000000000e+00,5.142701720558476634e+06
-5.100488534928247830e+00,-9.550881482913620157e-02,-2.855680630425088129e-01,6.748245736279008256e-01,8.500000000000000611e-02,3.000000000000000000e+00,5.142701720558476634e+06
-5.100488534928247830e+00,-9.550881482913620157e-02,-2.855680630425088129e-01,6.748245736279008256e-01,8.500000000000000611e-02,3.000000000000000000e+00,5.142701720558476634e+06
-5.191461557390958603e+00,8.175585723515932379e-02,-9.794869833122366032e-02,6.219385832936039638e-01,8.500000000000000611e-02,3.000000000000000000e+00,5.142701720558476634e+06
-5.460016410962266420e+00,1.610957288003540544e-01,1.411833479054048768e-01,5.154718094173244003e-01,8.500000000000000611e-02,3.000000000000000000e+00,5.142701720558476634e+06
-5.439167865647437594e+00,1.364668302088873908e-01,1.019586496403230846e-01,5.180504129157321724e-01,8.500000000000000611e-02,3.000000000000000000e+00,5.142701720558476634e+06
-5.463063396006762495e+00,-6.415412425005861952e-02,1.901376698904880813e-01,7.302776407901769851e-01,8.500000000000000611e-02,3.000000000000000000e+00,5.142701720558476634e+06
-5.521863925293471809e+00,-1.877551979777927205e-01,1.394524880391669885e-01,7.091175954030668471e-01,8.500000000000000611e-02,3.000000000000000000e+00,5.142701720558476634e+06
-5.521863925293471809e+00,-1.877551979777927205e-01,1.394524880391669885e-01,7.091175954030668471e-01,8.500000000000000611e-02,3.000000000000000000e+00,5.142701720558476634e+06
-5.521863925293471809e+00,-1.877551979777927205e-01,1.394524880391669885e-01,7.091175954030668471e-01,8.500000000000000611e-02,3.000000000000000000e+00,5.142701720558476634e+06
-5.598480561693990332e+00,-2.345700484893631366e-02,2.136981613143961178e-01,5.349831940415086251e-01,8.500000000000000611e-02,3.000000000000000000e+00,5.142701720558476634e+06
-5.565653371226986224e+00,6.411586173454902893e-02,3.862187610192526765e-01,6.800539517128010303e-01,8.500000000000000611e-02,3.000000000000000000e+00,5.142701720558476634e+06
-5.956033374512935907e+00,3.400459883984898735e-01,1.034464869864407000e+00,8.317154683851419872e-01,8.500000000000000611e-02,3.000000000000000000e+00,5.142701720558476634e+06
-5.941898444934142987e+00,3.279160169304908834e-01,1.017241072646128064e+00,8.407470089861643903e-01,8.500000000000000611e-02,3.000000000000000000e+00,5.142701720558476634e+06
-5.980954741008511988e+00,1.826325288323205065e-01,9.750336485983295276e-01,9.158194571622659819e-01,8.500000000000000611e-02,3.000000000000000000e+00,5.142701720558476634e+06
-5.922495616935921525e+00,3.143532639790613814e-03,7.951236063805589005e-01,9.618185556641953848e-01,8.500000000000000611e-02,3.000000000000000000e+00,5.142701720558476634e+06
-5.933025231449739145e+00,1.436812438413866411e-01,8.888858470433207426e-01,9.084432597726861403e-01,8.500000000000000611e-02,3.000000000000000000e+00,5.142701720558476634e+06
-5.928592230639922356e+00,1.352613634806660858e-01,9.007694090945299603e-01,9.396294871317366626e-01,8.500000000000000611e-02,3.000000000000000000e+00,5.142701720558476634e+06
-5.928592230639922356e+00,1.352613634806660858e-01,9.007694090945299603e-01,9.396294871317366626e-01,8.500000000000000611e-02,3.000000000000000000e+00,5.142701720558476634e+06
-5.928592230639922356e+00,1.352613634806660858e-01,9.007694090945299603e-01,9.396294871317366626e-01,8.500000000000000611e-02,3.000000000000000000e+00,5.142701720558476634e+06
-5.933579361334154534e+00,1.925446030485526983e-01,9.347175518047754483e-01,8.843760184907576427e-01,8.500000000000000611e-02,3.000000000000000000e+00,5.142701720558476634e+06
-5.873665148807503122e+00,7.989804306085668273e-02,8.214653310247472806e-01,9.254004572790396344e-01,8.500000000000000611e-02,3.000000000000000000e+00,5.142701720558476634e+06
-5.902890311042725990e+00,2.227442236514276530e-03,8.204536713449499530e-01,9.776245375464946985e-01,8.500000000000000611e-02,3.000000000000000000e+00,5.142701720558476634e+06
-5.971487682406846353e+00,2.161257560108180154e-01,7.611567467388784536e-01,6.164180824399612124e-01,8.500000000000000611e-02,3.000000000000000000e+00,5.142701720558476634e+06
-5.971487682406846353e+00,2.161257560108180154e-01,7.611567467388784536e-01,6.164180824399612124e-01,8.500000000000000611e-02,3.000000000000000000e+00,5.142701720558476634e+06
-5.981699125477817347e+00,9.552492122756728321e-02,6.859067653547001875e-01,6.522999688004975649e-01,8.500000000000000611e-02,3.000000000000000000e+00,5.142701720558476634e+06
-6.002111143682812511e+00,2.197159264908286058e-01,7.587628002332182930e-01,5.826735872489460233e-01,8.500000000000000611e-02,3.000000000000000000e+00,5.142701720558476634e+06
-6.001817964912104841e+00,2.157748450644767502e-01,7.559713171797288744e-01,5.857638642552269737e-01,8.500000000000000611e-02,3.000000000000000000e+00,5.142701720558476634e+06
-6.118936782306462874e+00,1.814272735148381166e-01,9.072224248519310530e-01,6.178022810680369181e-01,8.500000000000000611e-02,3.000000000000000000e+00,5.142701720558476634e+06
-6.130343604541047320e+00,1.715646742412609838e-01,9.209454037491626721e-01,6.350171474714182418e-01,8.500000000000000611e-02,3.000000000000000000e+00,5.142701720558476634e+06
-6.194552546566232110e+00,8.193578199546758256e-02,9.600176749416977628e-01,7.128988807354021962e-01,8.500000000000000611e-02,3.000000000000000000e+00,5.142701720558476634e+06
-6.191437666915379445e+00,2.310526156931793640e-01,1.049031669579157944e+00,6.895133474059648160e-01,8.500000000000000611e-02,3.000000000000000000e+00,5.142701720558476634e+06
-6.191437666915379445e+00,2.310526156931793640e-01,1.049031669579157944e+00,6.895133474059648160e-01,8.500000000000000611e-02,3.000000000000000000e+00,5.142701720558476634e+06
-6.118154198864829141e+00,1.404393967386699527e-01,1.003495749226533285e+00,8.339041828832405301e-01,8.500000000000000611e-02,3.000000000000000000e+00,5.142701720558476634e+06
-6.300679688521730881e+00,2.714916073865818458e-01,1.056662860964486805e+00,4.628775332688624955e-01,8.500000000000000611e-02,3.000000000000000000e+00,5.142701720558476634e+06
-6.510585117152592360e+00,-4.149864245708934085e-02,1.154035518415020611e+00,6.862211227862996532e-01,8.500000000000000611e-02,3.000000000000000000e+00,5.142701720558476634e+06
-6.526328635552010482e+00,2.034056938322703623e-01,1.374756122926003243e+00,6.308320481379405820e-01,8.500000000000000611e-02,3.000000000000000000e+00,5.142701720558476634e+06
-6.528060202475702845e+00,1.549339206570987670e-01,1.317971871986932886e+00,6.378200041774884088e-01,8.500000000000000611e-02,3.000000000000000000e+00,5.142701720558476634e+06
-6.528060202475702845e+00,1.549339206570987670e-01,1.317971871986932886e+00,6.378200041774884088e-01,8.500000000000000611e-02,3.000000000000000000e+00,5.142701720558476634e+06
-6.528060202475702845e+00,1.549339206570987670e-01,1.317971871986932886e+00,6.378200041774884088e-01,8.500000000000000611e-02,3.000000000000000000e+00,5.142701720558476634e+06
-6.420252639046386101e+00,2.170204127948056616e-01,1.201009031415980699e+00,5.771575828788081397e-01,8.500000000000000611e-02,3.000000000000000000e+00,5.142701720558476634e+06
-6.420252639046386101e+00,2.170204127948056616e-01,1.201009031415980699e+00,5.771575828788081397e-01,8.500000000000000611e-02,3.000000000000000000e+00,5.142701720558476634e+06
-6.385620334983859614e+00,2.488617161590336579e-01,1.064399149916574139e+00,4.340417563002519907e-01,8.500000000000000611e-02,3.000000000000000000e+00,5.142701720558476634e+06
-6.385620334983859614e+00,2.488617161590336579e-01,1.064399149916574139e+00,4.340417563002519907e-01,8.500000000000000611e-02,3.000000000000000000e+00,5.142701720558476634e+06
-5.868572588520931888e+00,4.369242290405002116e-01,3.828801352830168980e-01,-4.137641111338574706e-02,8.500000000000000611e-02,3.000000000000000000e+00,5.142701720558476634e+06
-5.814792265701364649e+00,7.470567670380541259e-01,5.350389969224189635e-01,-5.953947967616279868e-04,8.500000000000000611e-02,3.000000000000000000e+00,5.142701720558476634e+06
-5.849594473363055158e+00,6.864429963571050397e-01,4.876720172380044627e-01,3.497722612619341698e-02,8.500000000000000611e-02,3.000000000000000000e+00,5.142701720558476634e+06
-5.845364894583001458e+00,1.357862707241425770e+00,1.202449390964354548e+00,9.884747807670407616e-02,8.500000000000000611e-02,3.000000000000000000e+00,5.142701720558476634e+06
-6.356838888902759166e+00,1.204768489850038371e+00,1.718092148688793452e+00,4.554250635380908685e-01,8.500000000000000611e-02,3.000000000000000000e+00,5.142701720558476634e+06
-6.373033900714718314e+00,1.098806602121949361e+00,1.647590864973984992e+00,4.953339940839043276e-01,8.500000000000000611e-02,3.000000000000000000e+00,5.142701720558476634e+06
-6.308393086288827334e+00,2.311040266857459002e+00,2.610741595783650393e+00,1.137613814936393464e-01,8.500000000000000611e-02,3.000000000000000000e+00,5.142701720558476634e+06
-6.603749104372761636e+00,2.582701239441417940e+00,3.110740931962650890e+00,9.773200325147342327e-02,8.500000000000000611e-02,3.000000000000000000e+00,5.142701720558476634e+06
-7.151917010360514304e+00,2.816465671625258071e+00,3.938097392646783490e+00,1.496094137027215720e-01,8.500000000000000611e-02,3.000000000000000000e+00,5.142701720558476634e+06
-6.272334928145868460e+00,2.551826651122452994e+00,2.717710265357539345e+00,1.954450943993479850e-02,8.500000000000000611e-02,3.000000000000000000e+00,5.142701720558476634e+06
-5.963195097050398630e+00,2.633340654867368347e+00,2.390453357977721183e+00,-8.305641371803573758e-02,8.500000000000000611e-02,3.000000000000000000e+00,5.142701720558476634e+06
-5.624191929233819387e+00,2.425939606103190371e+00,1.795080068961838249e+00,-2.310060759370382300e-01,8.500000000000000611e-02,3.000000000000000000e+00,5.142701720558476634e+06
-5.649583887718151232e+00,1.675200640492630511e+00,1.111653012510684491e+00,-1.733228821737745617e-01,8.500000000000000611e-02,3.000000000000000000e+00,5.142701720558476634e+06
-5.994380582335414154e+00,9.691520636506651964e-01,8.268448468696185660e-01,-1.192619966923796904e-03,8.500000000000000611e-02,3.000000000000000000e+00,5.142701720558476634e+06
-6.362105884634389419e+00,1.927562784084717595e+00,2.120896065779111161e+00,-3.825504940664090081e-02,8.500000000000000611e-02,3.000000000000000000e+00,5.142701720558476634e+06
-5.617111542839416494e+00,2.190438829192353332e+00,1.660247094929555578e+00,3.922765043120557404e-03,8.500000000000000611e-02,3.000000000000000000e+00,5.142701720558476634e+06
-5.361554214940825958e+00,2.172940284905117814e+00,1.350011800907195081e+00,-6.157829774353115737e-02,8.500000000000000611e-02,3.000000000000000000e+00,5.142701720558476634e+06
-5.280460478729310125e+00,1.455139860096888782e+00,5.388937567039839838e-01,-1.774935029552437149e-01,8.500000000000000611e-02,3.000000000000000000e+00,5.142701720558476634e+06
-4.974627881256666662e+00,1.948324562003589833e+00,6.655621082064444582e-01,-4.353045803431441207e-01,8.500000000000000611e-02,3.000000000000000000e+00,5.142701720558476634e+06
-5.251779745571269586e+00,2.530750672403539792e+00,1.650456173571866136e+00,-3.530821849684722541e-02,8.500000000000000611e-02,3.000000000000000000e+00,5.142701720558476634e+06
-5.259401544421606900e+00,2.688310429643212096e+00,1.863131918362090689e+00,1.005028518059707665e-01,8.500000000000000611e-02,3.000000000000000000e+00,5.142701720558476634e+06
-5.287098779054020703e+00,2.460852455465651456e+00,1.703159894718830003e+00,1.667497881896564671e-01,8.500000000000000611e-02,3.000000000000000000e+00,5.142701720558476634e+06
-5.607019396469362427e+00,1.148797701491148793e+00,8.348790888856492121e-01,9.960075129766443602e-02,8.500000000000000611e-02,3.000000000000000000e+00,5.142701720558476634e+06
-6.102267922831929425e+00,1.430013456482396528e+00,1.683314498088863687e+00,3.292258793092752711e-01,8.500000000000000611e-02,3.000000000000000000e+00,5.142701720558476634e+06
-6.035535955142661280e+00,1.337876829655735289e+00,1.317324924892804727e+00,1.997062878702364486e-02,8.500000000000000611e-02,3.000000000000000000e+00,5.142701720558476634e+06
-6.678806233720013807e+00,7.180102154770350298e-01,1.679927476533063180e+00,4.701782036513066365e-01,8.500000000000000611e-02,3.000000000000000000e+00,5.142701720558476634e+06
-6.555339215753825499e+00,4.869943742167497369e-01,1.215023939895137683e+00,2.023915863291269601e-01,8.500000000000000611e-02,3.000000000000000000e+00,5.142701720558476634e+06
-6.582049513056636769e+00,4.076365248038346101e-01,1.189608644365812040e+00,2.321174907724359859e-01,8.500000000000000611e-02,3.000000000000000000e+00,5.142701720558476634e+06
-6.549946032628802151e+00,5.284092754258885583e-01,1.240893177217426091e+00,2.000638055884115252e-01,8.500000000000000611e-02,3.000000000000000000e+00,5.142701720558476634e+06
-6.110452545162983640e+00,9.924691408891255229e-01,9.154382997318135651e-01,-4.090244551459608080e-01,8.500000000000000611e-02,3.000000000000000000e+00,5.142701720558476634e+06
-6.111994373871739050e+00,1.804818785569610728e+00,1.597321061707489553e+00,-9.805337901158175384e-01,8.500000000000000611e-02,3.000000000000000000e+00,5.142701720558476634e+06
-5.716301352616206088e+00,1.205992908640251660e+00,5.277057467955570402e-01,-9.713573847487055879e-01,8.500000000000000611e-02,3.000000000000000000e+00,5.142701720558476634e+06
-5.133054980133588074e+00,1.567243659885950935e+00,2.738947858392672963e-01,-1.052966308448610055e+00,8.500000000000000611e-02,3.000000000000000000e+00,5.142701720558476634e+06
-4.995476485638481456e+00,2.136773367105845089e+00,6.868270700501619697e-01,-1.010877014466829316e+00,8.500000000000000611e-02,3.000000000000000000e+00,5.142701720558476634e+06
-5.461471399944714200e+00,1.109816921719514848e+00,3.165215023691008156e-01,-6.678464947022477727e-01,8.500000000000000611e-02,3.000000000000000000e+00,5.142701720558476634e+06
-5.252297042452261699e+00,6.481276862599791855e-01,-4.036931152948041168e-01,-1.057257984374549320e+00,8.500000000000000611e-02,3.000000000000000000e+00,5.142701720558476634e+06
-5.435181844269419749e+00,4.171057959755292144e-01,-4.487284796915453899e-01,-1.134029261993723114e+00,8.500000000000000611e-02,3.000000000000000000e+00,5.142701720558476634e+06
-5.445927355995817898e+00,6.758917955335490557e-01,-1.892976143308078285e-01,-1.004954473933703962e+00,8.500000000000000611e-02,3.000000000000000000e+00,5.142701720558476634e+06
-5.396551089454220573e+00,6.627974390793981430e-01,-2.723935064418516738e-01,-1.059384467459473900e+00,8.500000000000000611e-02,3.000000000000000000e+00,5.142701720558476634e+06
-5.393441665521340411e+00,5.566124837672623560e-01,-3.927052921898286364e-01,-1.116750385152144753e+00,8.500000000000000611e-02,3.000000000000000000e+00,5.142701720558476634e+06
-4.942386381459935585e+00,2.268601912802340692e+00,8.093148255418840531e-01,-8.717180770039859583e-01,8.500000000000000611e-02,3.000000000000000000e+00,5.142701720558476634e+06
-4.889577547857252071e+00,2.310082436885910528e+00,8.541358690566875911e-01,-7.821636093533828049e-01,8.500000000000000611e-02,3.000000000000000000e+00,5.142701720558476634e+06
-4.370950052393871132e+00,2.267299567271111371e+00,1.374888213866545250e-01,-1.281520788688828238e+00,8.500000000000000611e-02,3.000000000000000000e+00,5.142701720558476634e+06
-5.299144252892291185e+00,2.527828520967905668e+00,1.605374628635183765e+00,-4.377155998030731743e-01,8.500000000000000611e-02,3.000000000000000000e+00,5.142701720558476634e+06
-5.259980809913747279e+00,1.965837007663488123e+00,9.323525224435544878e-01,-4.456856468876699284e-01,8.500000000000000611e-02,3.000000000000000000e+00,5.142701720558476634e+06
-4.983760930972678693e+00,8.398553052266830576e-01,-2.816070328021589297e-01,-1.612281123932968185e-03,8.500000000000000611e-02,3.000000000000000000e+00,5.142701720558476634e+06
-5.677361933213456169e+00,2.455547315984953460e+00,1.915557665709053392e+00,-1.636258760703912241e-01,8.500000000000000611e-02,3.000000000000000000e+00,5.142701720558476634e+06
-5.715463828675544811e+00,2.208703216715317996e+00,1.782053460228099073e+00,2.372750065708473244e-02,8.500000000000000611e-02,3.000000000000000000e+00,5.142701720558476634e+06
-5.908694717875640379e+00,2.553507843533688426e+00,2.371382732953253747e+00,1.801727425074273192e-01,8.500000000000000611e-02,3.000000000000000000e+00,5.142701720558476634e+06
-5.934895000662409714e+00,2.600884885410550407e+00,2.480098441861963821e+00,1.669634554208481725e-01,8.500000000000000611e-02,3.000000000000000000e+00,5.142701720558476634e+06
-5.681662464479968477e+00,2.464154405943925319e+00,2.080247148432781579e+00,1.422429402969725976e-01,8.500000000000000611e-02,3.000000000000000000e+00,5.142701720558476634e+06
-5.410204547925464347e+00,2.529162880926281165e+00,1.875828193953945178e+00,1.212316630117947769e-01,8.500000000000000611e-02,3.000000000000000000e+00,5.142701720558476634e+06
-5.380073773953801819e+00,2.101524964801546158e+00,1.444372732004807869e+00,2.220660910495304563e-01,8.500000000000000611e-02,3.000000000000000000e+00,5.142701720558476634e+06
-5.534152487847586954e+00,1.877688515445507633e+00,1.243733070097583271e+00,-9.144883154959344840e-02,8.500000000000000611e-02,3.000000000000000000e+00,5.142701720558476634e+06
-5.755194968840648073e+00,1.790647216097822625e+00,1.303143682911761303e+00,-3.242152161516117514e-01,8.500000000000000611e-02,3.000000000000000000e+00,5.142701720558476634e+06
-5.853959831805460645e+00,2.172953398299269701e+00,1.725033416933487995e+00,-3.042291664221560832e-01,8.500000000000000611e-02,3.000000000000000000e+00,5.142701720558476634e+06
-5.801228615725898763e+00,1.842944081659445565e+00,1.398646066106016939e+00,-3.299629944501641376e-01,8.500000000000000611e-02,3.000000000000000000e+00,5.142701720558476634e+06
-5.542928414322737751e+00,1.795413803130174291e+00,9.827958247518626678e-01,-5.963323687475814427e-01,8.500000000000000611e-02,3.000000000000000000e+00,5.142701720558476634e+06
-5.807035632014339477e+00,1.652522254710758531e+00,1.166457430839054954e+00,-4.274757846309467646e-01,8.500000000000000611e-02,3.000000000000000000e+00,5.142701720558476634e+06
-5.541219554003285808e+00,1.951018839952903150e+00,1.213109352785223694e+00,-5.071175485466737909e-01,8.500000000000000611e-02,3.000000000000000000e+00,5.142701720558476634e+06
-5.781204214235170724e+00,1.686547153856668979e+00,1.200885589571664136e+00,-5.486538477544876669e-01,8.500000000000000611e-02,3.000000000000000000e+00,5.142701720558476634e+06
-6.663684406082334810e+00,8.516757977039501881e-01,1.529122004358175468e+00,-5.986545335458393069e-03,8.500000000000000611e-02,3.000000000000000000e+00,5.142701720558476634e+06
-6.947074764530024815e+00,8.917715673428716627e-01,1.828209767713830924e+00,3.022361331670686546e-02,8.500000000000000611e-02,3.000000000000000000e+00,5.142701720558476634e+06
-6.733629875049234492e+00,7.203985524037916921e-01,1.553072137504104777e+00,1.117155080062874895e-01,8.500000000000000611e-02,3.000000000000000000e+00,5.142701720558476634e+06
-6.340994647532228967e+00,9.928198715708893562e-01,1.396158174970785204e+00,5.088984173657065679e-02,8.500000000000000611e-02,3.000000000000000000e+00,5.142701720558476634e+06
-5.981624083546503101e+00,1.466471394927807648e+00,1.372487433521478284e+00,-7.735697887994941180e-02,8.500000000000000611e-02,3.000000000000000000e+00,5.142701720558476634e+06
-6.122061424861978018e+00,1.105267020995575722e+00,1.271939398669339916e+00,2.443245983541501021e-01,8.500000000000000611e-02,3.000000000000000000e+00,5.142701720558476634e+06
-6.268326516615383426e+00,7.461637924348971662e-01,1.196403178885730334e+00,4.189761416695167995e-01,8.500000000000000611e-02,3.000000000000000000e+00,5.142701720558476634e+06
-5.264464017767445547e+00,1.662006117297329943e+00,8.104195942113268103e-01,-5.145289756889320776e-02,8.500000000000000611e-02,3.000000000000000000e+00,5.142701720558476634e+06
-5.434477554834172608e+00,7.872469694056123402e-01,1.002940232665104903e-01,-1.500409698490245969e-01,8.500000000000000611e-02,3.000000000000000000e+00,5.142701720558476634e+06
-5.285303913455843272e+00,9.122387969296432697e-01,3.542278522870923041e-02,-1.973520941394817929e-01,8.500000000000000611e-02,3.000000000000000000e+00,5.142701720558476634e+06
-5.177122279275172545e+00,1.329676162264003203e+00,3.334424101607855739e-01,-3.053140825987497586e-01,8.500000000000000611e-02,3.000000000000000000e+00,5.142701720558476634e+06
-5.589273436335311374e+00,1.051061830965065669e+00,3.144108197033474994e-01,-5.153093243904145471e-01,8.500000000000000611e-02,3.000000000000000000e+00,5.142701720558476634e+06
-5.731220976786177701e+00,8.448209027039768060e-01,3.321751869039986094e-01,-2.033138172694824997e-01,8.500000000000000611e-02,3.000000000000000000e+00,5.142701720558476634e+06
-5.236221403454685230e+00,9.446431696864648897e-01,-1.547284206269827767e-01,-7.143678015927507063e-01,8.500000000000000611e-02,3.000000000000000000e+00,5.142701720558476634e+06
-5.394593124771369652e+00,9.986272454657538766e-01,1.269761018321136081e-01,-6.550935379733817676e-01,8.500000000000000611e-02,3.000000000000000000e+00,5.142701720558476634e+06
-6.034260949974853183e+00,1.254643353871275346e+00,1.137000947476396684e+00,-3.466121754566998669e-01,8.500000000000000611e-02,3.000000000000000000e+00,5.142701720558476634e+06
-6.354670069874004845e+00,1.561373900382680091e+00,1.963760488107513025e+00,2.045401853708614937e-01,8.500000000000000611e-02,3.000000000000000000e+00,5.142701720558476634e+06
-6.579854290828870411e+00,1.044496972184431272e+00,1.871647968413564289e+00,5.536013500229149953e-01,8.500000000000000611e-02,3.000000000000000000e+00,5.142701720558476634e+06
-6.453793022626170384e+00,1.584182255227638780e+00,2.156205068736086528e+00,4.098954577305343738e-01,8.500000000000000611e-02,3.000000000000000000e+00,5.142701720558476634e+06
-6.284817606006336987e+00,1.542784078656403768e+00,1.691927530318001693e+00,-1.955934536498682430e-01,8.500000000000000611e-02,3.000000000000000000e+00,5.142701720558476634e+06
-6.056380410402567804e+00,1.950706812528668621e+00,1.810179062167748487e+00,-2.984953033218217255e-01,8.500000000000000611e-02,3.000000000000000000e+00,5.142701720558476634e+06
-6.343047817776970909e+00,2.073023163091807675e+00,2.248947188940979558e+00,-8.163083533705653427e-02,8.500000000000000611e-02,3.000000000000000000e+00,5.142701720558476634e+06
-6.393130658031678237e+00,1.619323850864452519e+00,1.915684946600254124e+00,-2.230288615397257868e-03,8.500000000000000611e-02,3.000000000000000000e+00,5.142701720558476634e+06
-6.443854890755120302e+00,1.199410427942394719e+00,1.606691266108108751e+00,1.200722959277522039e-01,8.500000000000000611e-02,3.000000000000000000e+00,5.142701720558476634e+06
-6.230463571721859495e+00,1.114474899905964822e+00,1.224424799019681487e+00,-9.987837006349148394e-02,8.500000000000000611e-02,3.000000000000000000e+00,5.142701720558476634e+06
-6.004799132167234710e+00,1.801226046351860122e+00,1.660774226465234538e+00,-1.077865331750235550e-01,8.500000000000000611e-02,3.000000000000000000e+00,5.142701720558476634e+06
-6.270394859928344111e+00,1.676321685705115749e+00,1.862039157801443245e+00,-7.280618238092304018e-02,8.500000000000000611e-02,3.000000000000000000e+00,5.142701720558476634e+06
-7.254549713995972482e+00,1.903464704841091759e+00,3.287084614287667961e+00,3.189602649117472821e-01,8.500000000000000611e-02,3.000000000000000000e+00,5.142701720558476634e+06
-6.629945307126733134e+00,1.822291350299216850e+00,2.624277428626637043e+00,4.556411681880145892e-01,8.500000000000000611e-02,3.000000000000000000e+00,5.142701720558476634e+06
-6.583772990790137669e+00,1.792555795663301144e+00,2.444324610813985110e+00,4.234654096019912495e-01,8.500000000000000611e-02,3.000000000000000000e+00,5.142701720558476634e+06
-5.918159286054856416e+00,1.641067325500104701e+00,1.468142305688942661e+00,9.531452243784066525e-02,8.500000000000000611e-02,3.000000000000000000e+00,5.142701720558476634e+06
-5.456814246064986662e+00,1.021516754148523276e+00,2.726428196443428931e-01,-2.980661089338378922e-01,8.500000000000000611e-02,3.000000000000000000e+00,5.142701720558476634e+06
-5.323132291275742389e+00,1.571089516498301641e+00,6.644029541193066102e-01,-3.438705791312889337e-01,8.500000000000000611e-02,3.000000000000000000e+00,5.142701720558476634e+06
-5.683040008819563838e+00,9.192142689408671075e-01,5.631385214981388110e-01,1.114228819114850277e-01,8.500000000000000611e-02,3.000000000000000000e+00,5.142701720558476634e+06
-5.696702382053619118e+00,2.248268475715401671e+00,1.720505468149040151e+00,-1.673469583908678837e-01,8.500000000000000611e-02,3.000000000000000000e+00,5.142701720558476634e+06
-5.672403895328894663e+00,2.824103213052812311e+00,2.178605488940841273e+00,-2.839446717230322270e-01,8.500000000000000611e-02,3.000000000000000000e+00,5.142701720558476634e+06
-5.549966286286571737e+00,1.602602445380422402e+00,9.788068306640199667e-01,-2.212216794302970246e-01,8.500000000000000611e-02,3.000000000000000000e+00,5.142701720558476634e+06
-5.331619718489648108e+00,1.397725588458090140e+00,4.892983882951568164e-01,-2.348271334840880686e-01,8.500000000000000611e-02,3.000000000000000000e+00,5.142701720558476634e+06
-5.558774408241178300e+00,1.460348403084274826e+00,8.602553650632189797e-01,-1.506187829505021281e-01,8.500000000000000611e-02,3.000000000000000000e+00,5.142701720558476634e+06
-5.053286182202371357e+00,1.580026669595557820e+00,4.660981016306136038e-01,-2.762739942948245209e-01,8.500000000000000611e-02,3.000000000000000000e+00,5.142701720558476634e+06
-5.198309301094774071e+00,1.975679687275253782e+00,9.954030051528683920e-01,-3.134448780536470136e-01,8.500000000000000611e-02,3.000000000000000000e+00,5.142701720558476634e+06
-5.184747465056911864e+00,2.188976699003385207e+00,1.144953810161659646e+00,-3.811750376951461017e-01,8.500000000000000611e-02,3.000000000000000000e+00,5.142701720558476634e+06
-4.760358860145822213e+00,1.774889193087951345e+00,2.953662879630944982e-01,-2.384798425166956282e-02,8.500000000000000611e-02,3.000000000000000000e+00,5.142701720558476634e+06
-5.467770693298586338e+00,7.770843913416598525e-01,2.694020543928654643e-01,1.352249981412106672e-01,8.500000000000000611e-02,3.000000000000000000e+00,5.142701720558476634e+06
-6.022720369782489591e+00,8.476890654301101335e-01,9.854201227392028750e-01,3.272761354764098796e-01,8.500000000000000611e-02,3.000000000000000000e+00,5.142701720558476634e+06
-5.985207735466529400e+00,1.478778306577568147e+00,1.491378845697989952e+00,1.625415142062085483e-01,8.500000000000000611e-02,3.000000000000000000e+00,5.142701720558476634e+06
-6.086807950973359027e+00,8.102613380506853424e-01,1.080013536816483599e+00,3.611130357914615896e-01,8.500000000000000611e-02,3.000000000000000000e+00,5.142701720558476634e+06
-6.327715695617164293e+00,8.870984949328823976e-01,1.285497775923541752e+00,1.646776494647100020e-01,8.500000000000000611e-02,3.000000000000000000e+00,5.142701720558476634e+06
-6.402231258093948441e+00,1.304967138111873926e+00,1.831669360845249228e+00,4.421800344319544163e-01,8.500000000000000611e-02,3.000000000000000000e+00,5.142701720558476634e+06
-7.179497569430240311e+00,1.115427429821029159e+00,2.529131214227862134e+00,4.779571932286997837e-01,8.500000000000000611e-02,3.000000000000000000e+00,5.142701720558476634e+06
-6.994874967252560083e+00,1.016656712247611116e+00,2.211366802696632661e+00,4.083440161253958367e-01,8.500000000000000611e-02,3.000000000000000000e+00,5.142701720558476634e+06
-6.598849478665982815e+00,8.511598742788101246e-01,1.534036072665953876e+00,2.087615276526419983e-01,8.500000000000000611e-02,3.000000000000000000e+00,5.142701720558476634e+06
-6.609567094883021632e+00,1.003593101735086091e+00,1.751210531780392765e+00,3.012644737307971221e-01,8.500000000000000611e-02,3.000000000000000000e+00,5.142701720558476634e+06
-6.494594388846755884e+00,1.605307587336209707e+00,2.141391348314559906e+00,1.356187354329715933e-01,8.500000000000000611e-02,3.000000000000000000e+00,5.142701720558476634e+06
-6.554252571202198396e+00,1.344117017068154896e+00,1.988840951930463952e+00,1.211169902373799290e-01,8.500000000000000611e-02,3.000000000000000000e+00,5.142701720558476634e+06
-6.161786292472611670e+00,6.327513493107794762e-01,7.919334488119827986e-01,-3.483843207725673130e-02,8.500000000000000611e-02,3.000000000000000000e+00,5.142701720558476634e+06
-5.636756154734825941e+00,7.214908644880100308e-01,3.068887777543747308e-01,-1.043970323066391037e-01,8.500000000000000611e-02,3.000000000000000000e+00,5.142701720558476634e+06
-5.248264218135431314e+00,1.078999113958424072e+00,1.229898910829813063e-01,-2.403565654388093442e-01,8.500000000000000611e-02,3.000000000000000000e+00,5.142701720558476634e+06
-5.965823788789506921e+00,9.920667638719664616e-01,1.016607506820316864e+00,2.174224563524204124e-01,8.500000000000000611e-02,3.000000000000000000e+00,5.142701720558476634e+06
-6.224150913755298831e+00,1.106071006291168723e+00,1.312800574258517372e+00,2.293712160075922490e-02,8.500000000000000611e-02,3.000000000000000000e+00,5.142701720558476634e+06
-6.963268533549209494e+00,1.637691618151551065e+00,2.441154340335963902e+00,3.225164939556152133e-02,8.500000000000000611e-02,3.000000000000000000e+00,5.142701720558476634e+06
-6.000122283699037773e+00,1.789208571406982973e+00,1.681074955585078801e+00,-2.688568609085646710e-02,8.500000000000000611e-02,3.000000000000000000e+00,5.142701720558476634e+06
-5.481796903148922873e+00,2.036297824394060374e+00,1.197625906353222414e+00,-3.064171934144060971e-01,8.500000000000000611e-02,3.000000000000000000e+00,5.142701720558476634e+06
-5.922497520391448056e+00,2.410701691789513657e+00,2.095509776440567684e+00,-4.776166371323367077e-01,8.500000000000000611e-02,3.000000000000000000e+00,5.142701720558476634e+06
-5.438968657840097976e+00,2.485949364206454071e+00,1.634232233662947120e+00,-5.215399111749067229e-01,8.500000000000000611e-02,3.000000000000000000e+00,5.142701720558476634e+06
-5.729196161869808179e+00,2.342696422507687615e+00,2.021820917757592984e+00,-1.737324354208791555e-01,8.500000000000000611e-02,3.000000000000000000e+00,5.142701720558476634e+06
-6.186080341549717865e+00,2.896336644247197167e+00,3.125657613985050709e+00,2.364032859556603472e-01,8.500000000000000611e-02,3.000000000000000000e+00,5.142701720558476634e+06
-6.197212106137027554e+00,2.901726862467627566e+00,3.206858963356377767e+00,3.365056925927455422e-01,8.500000000000000611e-02,3.000000000000000000e+00,5.142701720558476634e+06
-6.634801176927325628e+00,2.905601511651006774e+00,3.839697962180539825e+00,6.796898151637260632e-01,8.500000000000000611e-02,3.000000000000000000e+00,5.142701720558476634e+06
-6.340777624359795084e+00,2.152733059847219188e+00,2.577666766617666916e+00,2.762544674187278337e-01,8.500000000000000611e-02,3.000000000000000000e+00,5.142701720558476634e+06
-6.250305548737049577e+00,2.574213931828151836e+00,2.906869063814811138e+00,3.029809896901866084e-01,8.500000000000000611e-02,3.000000000000000000e+00,5.142701720558476634e+06
-6.097891271563417703e+00,2.998884944584234269e+00,3.215260655706765558e+00,3.717940956481586290e-01,8.500000000000000611e-02,3.000000000000000000e+00,5.142701720558476634e+06
-6.494169071266622240e+00,2.388069068809935303e+00,2.928115464390029565e+00,2.933436352147036907e-01,8.500000000000000611e-02,3.000000000000000000e+00,5.142701720558476634e+06
-6.516629997452605849e+00,2.537454934619684188e+00,2.785986862926990604e+00,-3.536630553468653737e-01,8.500000000000000611e-02,3.000000000000000000e+00,5.142701720558476634e+06
-6.231451556354560495e+00,2.201781731639441908e+00,2.112574360189656719e+00,-4.667604465533259361e-01,8.500000000000000611e-02,3.000000000000000000e+00,5.142701720558476634e+06
-6.080690528900453806e+00,2.399546938194209389e+00,2.278503241122678435e+00,-1.214088438173735462e-01,8.500000000000000611e-02,3.000000000000000000e+00,5.142701720558476634e+06
-6.128414790458689865e+00,2.458937038824971388e+00,2.459840477870196107e+00,-2.622411577455185938e-02,8.500000000000000611e-02,3.000000000000000000e+00,5.142701720558476634e+06
-6.228513928792518861e+00,2.645212488653598371e+00,2.694672254085034524e+00,-1.444042991744144411e-01,8.500000000000000611e-02,3.000000000000000000e+00,5.142701720558476634e+06
-6.629511249331578426e+00,2.590137253797527794e+00,3.102798105664573924e+00,-1.407352333540683176e-02,8.500000000000000611e-02,3.000000000000000000e+00,5.142701720558476634e+06
-6.309174610019923080e+00,2.247379157809396677e+00,2.432383876798009936e+00,-9.977561785462873978e-02,8.500000000000000611e-02,3.000000000000000000e+00,5.142701720558476634e+06
-6.877373188963689543e+00,2.192062215924319712e+00,3.004781427939675176e+00,1.483185208420847445e-01,8.500000000000000611e-02,3.000000000000000000e+00,5.142701720558476634e+06
-6.704255103472918975e+00,1.999144585676532193e+00,2.607948472729406220e+00,-5.829561377079350848e-03,8.500000000000000611e-02,3.000000000000000000e+00,5.142701720558476634e+06
-6.790972050457149578e+00,1.532602083482427657e+00,2.094863399537946425e+00,-3.205111601579817560e-01,8.500000000000000611e-02,3.000000000000000000e+00,5.142701720558476634e+06
-6.119542024213453502e+00,2.197139526946318089e+00,2.152948612927251482e+00,-1.736872225084142851e-01,8.500000000000000611e-02,3.000000000000000000e+00,5.142701720558476634e+06
-5.937218429999744806e+00,2.118194418680744651e+00,1.766495048166183190e+00,-5.247064269322043728e-01,8.500000000000000611e-02,3.000000000000000000e+00,5.142701720558476634e+06
-6.001133362951719619e+00,1.844644870746350307e+00,1.642304895622204830e+00,-2.845349720526818560e-01,8.500000000000000611e-02,3.000000000000000000e+00,5.142701720558476634e+06
-6.049971736750768159e+00,2.631854917623460022e+00,2.488705007561821780e+00,-3.299737816233833110e-02,8.500000000000000611e-02,3.000000000000000000e+00,5.142701720558476634e+06
-6.479286659522810687e+00,2.438439575544098847e+00,2.894200189615420804e+00,3.246740625682136283e-01,8.500000000000000611e-02,3.000000000000000000e+00,5.142701720558476634e+06
-6.451911971847383853e+00,2.411710844571163470e+00,2.829346954586045904e+00,2.885622842156327361e-01,8.500000000000000611e-02,3.000000000000000000e+00,5.142701720558476634e+06
-6.078748352663748022e+00,2.566921255907448352e+00,2.496088599959992660e+00,-2.414160853785159849e-02,8.500000000000000611e-02,3.000000000000000000e+00,5.142701720558476634e+06
-6.464813531073314579e+00,2.764624713384568722e+00,3.164381835805849530e+00,1.939361453342422492e-01,8.500000000000000611e-02,3.000000000000000000e+00,5.142701720558476634e+06
-5.778822710488287662e+00,2.774907351591243021e+00,2.400262190387884242e+00,-4.211936124677995164e-02,8.500000000000000611e-02,3.000000000000000000e+00,5.142701720558476634e+06
-6.315483155201228271e+00,2.939723930508693073e+00,3.143481222656693053e+00,3.957692030268478156e-02,8.500000000000000611e-02,3.000000000000000000e+00,5.142701720558476634e+06
-6.139066361473736855e+00,1.647971726493542510e+00,1.708298384795981839e+00,-1.958495421624001365e-02,8.500000000000000611e-02,3.000000000000000000e+00,5.142701720558476634e+06
-6.410262595546887709e+00,1.308207117186000579e+00,1.689302779698197865e+00,8.164592198767359199e-02,8.500000000000000611e-02,3.000000000000000000e+00,5.142701720558476634e+06
-6.173652419223765619e+00,1.000563535588449682e+00,1.171261424286852648e+00,1.806723438791400516e-01,8.500000000000000611e-02,3.000000000000000000e+00,5.142701720558476634e+06
-6.117573532426234806e+00,1.521652578946488976e+00,1.561649618479927337e+00,1.050191776366593555e-02,8.500000000000000611e-02,3.000000000000000000e+00,5.142701720558476634e+06
-5.322269817205754983e+00,1.478607175460114220e+00,5.247444526728788361e-01,-3.647248151833085705e-01,8.500000000000000611e-02,3.000000000000000000e+00,5.142701720558476634e+06
-6.104833605167216071e+00,2.437083502779306521e+00,2.383321355222526972e+00,-1.979889851433410397e-01,8.500000000000000611e-02,3.000000000000000000e+00,5.142701720558476634e+06
-5.495710561692867202e+00,2.792686446005195222e+00,2.117665017953260786e+00,-1.320277499004967603e-01,8.500000000000000611e-02,3.000000000000000000e+00,5.142701720558476634e+06
-5.707350862984131190e+00,2.751780209826261814e+00,2.370611874694067644e+00,-2.679734967943803170e-02,8.500000000000000611e-02,3.000000000000000000e+00,5.142701720558476634e+06
-5.658936437836479705e+00,2.833992956872167124e+00,2.385599493166898011e+00,-6.887670611033391843e-02,8.500000000000000611e-02,3.000000000000000000e+00,5.142701720558476634e+06
-5.625060873790760141e+00,2.058329236332374634e+00,1.522862347186109355e+00,-9.269626643312597891e-02,8.500000000000000611e-02,3.000000000000000000e+00,5.142701720558476634e+06
-5.462910919869549353e+00,1.681959391081319088e+00,9.707889950896202436e-01,-2.134946311932653662e-01,8.500000000000000611e-02,3.000000000000000000e+00,5.142701720558476634e+06
-4.962357526483506476e+00,1.226361575145604288e+00,-1.965753944140935516e-02,-1.451215611120443838e-01,8.500000000000000611e-02,3.000000000000000000e+00,5.142701720558476634e+06
-4.838464844798346931e+00,1.508247026377802058e+00,9.909336849386929380e-02,-3.078753032244054832e-01,8.500000000000000611e-02,3.000000000000000000e+00,5.142701720558476634e+06
-5.867718778998083806e+00,1.692854092486201223e+00,1.397984691897710352e+00,-4.094442845818280219e-03,8.500000000000000611e-02,3.000000000000000000e+00,5.142701720558476634e+06
-5.978501707844871227e+00,1.725747404049261302e+00,1.589325945254976835e+00,6.773497802678868362e-02,8.500000000000000611e-02,3.000000000000000000e+00,5.142701720558476634e+06
-5.812614340781635747e+00,1.910491377201115171e+00,1.660745770036713864e+00,7.626098663120824128e-02,8.500000000000000611e-02,3.000000000000000000e+00,5.142701720558476634e+06
-6.055751909003017630e+00,1.552192794082744021e+00,1.584837270970455236e+00,1.374498182394718881e-01,8.500000000000000611e-02,3.000000000000000000e+00,5.142701720558476634e+06
-6.494950318331410344e+00,1.677655096948360125e+00,2.226598900648697477e+00,3.087041959161955784e-01,8.500000000000000611e-02,3.000000000000000000e+00,5.142701720558476634e+06
-6.400787772719404245e+00,1.974544876724055209e+00,2.403958967532828783e+00,2.501867924119474118e-01,8.500000000000000611e-02,3.000000000000000000e+00,5.142701720558476634e+06
-7.105725168148365967e+00,2.359799634518376266e+00,3.653878744495931308e+00,5.146425921847137541e-01,8.500000000000000611e-02,3.000000000000000000e+00,5.142701720558476634e+06
-6.756013865951877584e+00,2.912974663980421042e+00,3.679058369231587911e+00,2.217652638897100736e-01,8.500000000000000611e-02,3.000000000000000000e+00,5.142701720558476634e+06
-6.738118431189761282e+00,2.671456603731803714e+00,3.448665218884514605e+00,3.133899790037261157e-01,8.500000000000000611e-02,3.000000000000000000e+00,5.142701720558476634e+06
-6.856537226140678065e+00,2.422769401947592716e+00,3.294322624662980203e+00,3.007851486033122912e-01,8.500000000000000611e-02,3.000000000000000000e+00,5.142701720558476634e+06
-6.226215344547977537e+00,2.507941318395128238e+00,2.552525016156176552e+00,-1.705157908902486530e-01,8.500000000000000611e-02,3.000000000000000000e+00,5.142701720558476634e+06
-6.665544279468323730e+00,2.084359680789988900e+00,2.655154103930599696e+00,8.147374074620725160e-03,8.500000000000000611e-02,3.000000000000000000e+00,5.142701720558476634e+06
-6.301563591310982204e+00,2.030507842773004779e+00,2.325478771889103236e+00,9.416895448450879336e-02,8.500000000000000611e-02,3.000000000000000000e+00,5.142701720558476634e+06
-7.544275254838636258e+00,2.003707254144046157e+00,3.713719213333539049e+00,4.775812892643416796e-01,8.500000000000000611e-02,3.000000000000000000e+00,5.142701720558476634e+06
-6.989196230552033207e+00,1.885016079529380217e+00,2.956203886062257702e+00,3.597911400144553351e-01,8.500000000000000611e-02,3.000000000000000000e+00,5.142701720558476634e+06
-6.537832739357717138e+00,2.335766501410978524e+00,2.793810508386842528e+00,-4.413764463773633961e-02,8.500000000000000611e-02,3.000000000000000000e+00,5.142701720558476634e+06
-6.802975726222483921e+00,2.276693718181482584e+00,3.085493144962406564e+00,1.841854858777243753e-01,8.500000000000000611e-02,3.000000000000000000e+00,5.142701720558476634e+06
-7.275455797186871187e+00,2.471774855362841805e+00,3.795712549343293940e+00,2.756781934863883343e-01,8.500000000000000611e-02,3.000000000000000000e+00,5.142701720558476634e+06
-6.173877034854478474e+00,1.672866696260153496e+00,1.776630023580901829e+00,1.417004827731013772e-01,8.500000000000000611e-02,3.000000000000000000e+00,5.142701720558476634e+06
-6.588190944513751646e+00,1.901534619012915428e+00,2.580321694763139995e+00,4.316932913835380692e-01,8.500000000000000611e-02,3.000000000000000000e+00,5.142701720558476634e+06
-5.950514886648361035e+00,1.395880959168141144e+00,1.311509415432412506e+00,-8.430434884077919744e-02,8.500000000000000611e-02,3.000000000000000000e+00,5.142701720558476634e+06
-6.353979856891258216e+00,2.053009948001100149e+00,2.394554042081317391e+00,6.083588175229381889e-02,8.500000000000000611e-02,3.000000000000000000e+00,5.142701720558476634e+06
-6.763439425318566123e+00,2.690398448668072540e+00,3.726927905826224574e+00,6.751760721634906259e-01,8.500000000000000611e-02,3.000000000000000000e+00,5.142701720558476634e+06
-6.744645461650922158e+00,2.264678503194052617e+00,3.227652721226757837e+00,5.806558027992002602e-01,8.500000000000000611e-02,3.000000000000000000e+00,5.142701720558476634e+06
-6.274345468195171804e+00,2.058111494606924552e+00,2.417013736261572898e+00,2.617288199833862627e-01,8.500000000000000611e-02,3.000000000000000000e+00,5.142701720558476634e+06
-6.272078562226865550e+00,1.788014662351451234e+00,2.254331938427973192e+00,4.554977346549465844e-01,8.500000000000000611e-02,3.000000000000000000e+00,5.142701720558476634e+06
-6.734448518560116170e+00,2.966750373024575005e+00,3.952021511459588687e+00,6.076373611163023991e-01,8.500000000000000611e-02,3.000000000000000000e+00,5.142701720558476634e+06
-6.332611674631904108e+00,2.670509521715258572e+00,3.219944284557291869e+00,5.650074539470443247e-01,8.500000000000000611e-02,3.000000000000000000e+00,5.142701720558476634e+06
-6.045597093859521820e+00,2.770525283658693549e+00,2.832698546669952577e+00,9.742039307676353399e-02,8.500000000000000611e-02,3.000000000000000000e+00,5.142701720558476634e+06
-6.127160980510190313e+00,2.654849399456463033e+00,2.815400009561000783e+00,3.293515929531720676e-02,8.500000000000000611e-02,3.000000000000000000e+00,5.142701720558476634e+06
-5.883434655875722896e+00,2.638487165756077335e+00,2.484091363481104153e+00,-8.408838734373948187e-02,8.500000000000000611e-02,3.000000000000000000e+00,5.142701720558476634e+06
-5.952946037064621443e+00,2.282123152367295571e+00,2.151604669022861849e+00,-6.347889338116829983e-02,8.500000000000000611e-02,3.000000000000000000e+00,5.142701720558476634e+06
-6.093482977083811036e+00,2.625883255562120322e+00,2.604593254074417441e+00,-2.492533470387109373e-01,8.500000000000000611e-02,3.000000000000000000e+00,5.142701720558476634e+06
-5.893554269917521182e+00,2.576133262599551443e+00,2.402652107498335798e+00,5.734092660955131260e-02,8.500000000000000611e-02,3.000000000000000000e+00,5.142701720558476634e+06
-6.366172605855649813e+00,2.068618398636901112e+00,2.540032608548377979e+00,3.437623535547424392e-01,8.500000000000000611e-02,3.000000000000000000e+00,5.142701720558476634e+06
-6.653620217460259667e+00,1.462498736629709750e+00,2.374367452445362403e+00,5.996410007774732875e-01,8.500000000000000611e-02,3.000000000000000000e+00,5.142701720558476634e+06
-6.163770813810423910e+00,2.748850261732260769e+00,2.872743005573722197e+00,2.149872558588352689e-01,8.500000000000000611e-02,3.000000000000000000e+00,5.142701720558476634e+06
-6.191044336565893147e+00,2.694373602390852440e+00,2.824959423379942436e+00,1.715520312863057784e-01,8.500000000000000611e-02,3.000000000000000000e+00,5.142701720558476634e+06
-5.616343030406330428e+00,2.580933289787567197e+00,2.112141605788996124e+00,1.126452721144680091e-02,8.500000000000000611e-02,3.000000000000000000e+00,5.142701720558476634e+06
-5.466165418121547326e+00,2.685460151673163320e+00,2.153294956605870780e+00,1.610559510009393069e-01,8.500000000000000611e-02,3.000000000000000000e+00,5.142701720558476634e+06
-5.519234326861746531e+00,2.259317818742971440e+00,1.628364517246553067e+00,-2.686420128615901182e-01,8.500000000000000611e-02,3.000000000000000000e+00,5.142701720558476634e+06
-5.481811000649980947e+00,2.551998519177585134e+00,1.874365622518341379e+00,-1.493084492211874670e-01,8.500000000000000611e-02,3.000000000000000000e+00,5.142701720558476634e+06
-5.375869791884709592e+00,2.000455799861649897e+00,1.281874426530148492e+00,-1.560299406568939895e-01,8.500000000000000611e-02,3.000000000000000000e+00,5.142701720558476634e+06
-5.219285862238020712e+00,2.030054839078270668e+00,1.064764488870103998e+00,-3.705851990828330500e-01,8.500000000000000611e-02,3.000000000000000000e+00,5.142701720558476634e+06
-4.804494793719043422e+00,2.558479417206162232e+00,1.218189030481588553e+00,-2.449155823381226060e-01,8.500000000000000611e-02,3.000000000000000000e+00,5.142701720558476634e+06
-5.733416776252308722e+00,1.822851339371997170e+00,1.538571530922109298e+00,1.046171806078657340e-01,8.500000000000000611e-02,3.000000000000000000e+00,5.142701720558476634e+06
-6.391523914274571005e+00,1.021895773912402605e+00,1.614381498424542816e+00,4.321192793636510210e-01,8.500000000000000611e-02,3.000000000000000000e+00,5.142701720558476634e+06
-6.939787735357850984e+00,1.129324876105868736e+00,2.383513204469394076e+00,6.362363408354214656e-01,8.500000000000000611e-02,3.000000000000000000e+00,5.142701720558476634e+06
-7.044473757142271531e+00,9.669752070074647543e-01,2.411177424503251565e+00,7.272087995146373496e-01,8.500000000000000611e-02,3.000000000000000000e+00,5.142701720558476634e+06
-6.825250841976505001e+00,9.544227360302133256e-01,2.074228345722477940e+00,5.775271434438615792e-01,8.500000000000000611e-02,3.000000000000000000e+00,5.142701720558476634e+06
-7.149584786158816208e+00,2.123041525989678657e+00,3.924877899896607403e+00,1.122946146832075387e+00,8.500000000000000611e-02,3.000000000000000000e+00,5.142701720558476634e+06
-6.828422825934000073e+00,1.560277634310461847e+00,2.924880302081692030e+00,9.228283229565611423e-01,8.500000000000000611e-02,3.000000000000000000e+00,5.142701720558476634e+06
-6.968152722202798799e+00,2.071718393665967106e+00,3.747947974204220767e+00,1.171470098209320687e+00,8.500000000000000611e-02,3.000000000000000000e+00,5.142701720558476634e+06
-6.886720842810055920e+00,2.168088516909931318e+00,3.682864004160458560e+00,1.079650351073337289e+00,8.500000000000000611e-02,3.000000000000000000e+00,5.142701720558476634e+06
-6.552789166619103156e+00,1.969005184553133336e+00,2.973129113522449352e+00,8.841411323418498780e-01,8.500000000000000611e-02,3.000000000000000000e+00,5.142701720558476634e+06
-6.596039053800119234e+00,1.661288428137163820e+00,2.792098958087402938e+00,9.748274555012681475e-01,8.500000000000000611e-02,3.000000000000000000e+00,5.142701720558476634e+06
-6.545914802737657467e+00,1.791658432771104259e+00,2.854469822103200549e+00,9.590096984764497900e-01,8.500000000000000611e-02,3.000000000000000000e+00,5.142701720558476634e+06
-6.677924148730411957e+00,2.718243146039236002e+00,3.685698394621368834e+00,6.344592939581836788e-01,8.500000000000000611e-02,3.000000000000000000e+00,5.142701720558476634e+06
-6.700338818204862434e+00,2.742268730213297090e+00,3.739966374728559639e+00,6.466582571059259488e-01,8.500000000000000611e-02,3.000000000000000000e+00,5.142701720558476634e+06
-6.602684749760493688e+00,2.684627493121170438e+00,3.530905047863792223e+00,6.818728979244634836e-01,8.500000000000000611e-02,3.000000000000000000e+00,5.142701720558476634e+06
-6.256282558375826142e+00,2.150870000242448565e+00,2.736942220566191963e+00,7.292659408022724721e-01,8.500000000000000611e-02,3.000000000000000000e+00,5.142701720558476634e+06
-6.809102575051516837e+00,2.720603108336578035e+00,3.614705672573059303e+00,2.754593289614064022e-01,8.500000000000000611e-02,3.000000000000000000e+00,5.142701720558476634e+06
-6.271271549599338080e+00,2.701428268558034418e+00,2.961748340959442949e+00,1.491367254985315194e-02,8.500000000000000611e-02,3.000000000000000000e+00,5.142701720558476634e+06
-6.334125300312192230e+00,2.677615447560857120e+00,2.925059071191049576e+00,-9.595822947414131554e-02,8.500000000000000611e-02,3.000000000000000000e+00,5.142701720558476634e+06
-6.420975178517904780e+00,2.406406874858741940e+00,2.888012239580528551e+00,1.291825875707540150e-01,8.500000000000000611e-02,3.000000000000000000e+00,5.142701720558476634e+06
-7.549965635867646796e+00,2.244545289620281991e+00,3.915625475486394169e+00,2.739960359459571171e-01,8.500000000000000611e-02,3.000000000000000000e+00,5.142701720558476634e+06
-6.900181844902432360e+00,2.079613274115187149e+00,2.958367929078302261e+00,2.230007144260703900e-02,8.500000000000000611e-02,3.000000000000000000e+00,5.142701720558476634e+06
-6.074914628917366777e+00,2.284738623139096703e+00,2.356427956032433713e+00,4.917197066768902447e-02,8.500000000000000611e-02,3.000000000000000000e+00,5.142701720558476634e+06
-5.959743133005581228e+00,2.618010371397083702e+00,2.592972311075123937e+00,1.479588118400321228e-01,8.500000000000000611e-02,3.000000000000000000e+00,5.142701720558476634e+06
-5.809103799499224507e+00,2.790859455108335219e+00,2.714640468271778850e+00,4.282266415956019756e-01,8.500000000000000611e-02,3.000000000000000000e+00,5.142701720558476634e+06
-5.845346227178459309e+00,2.567670684478686738e+00,2.472362678129436997e+00,3.685615147692841709e-01,8.500000000000000611e-02,3.000000000000000000e+00,5.142701720558476634e+06
-6.044173519655888782e+00,2.755466384382003753e+00,2.870184071213090604e+00,3.350435674253562368e-01,8.500000000000000611e-02,3.000000000000000000e+00,5.142701720558476634e+06
-6.177981320076289862e+00,2.513661049319431129e+00,2.609306727193200004e+00,7.835551924268524537e-02,8.500000000000000611e-02,3.000000000000000000e+00,5.142701720558476634e+06
-6.433044734368660755e+00,2.777575443601047134e+00,3.100422063034999454e+00,3.142274246910706226e-02,8.500000000000000611e-02,3.000000000000000000e+00,5.142701720558476634e+06
-5.679944885008793243e+00,2.839505591976060561e+00,2.361607926756663645e+00,-6.968687870273451712e-03,8.500000000000000611e-02,3.000000000000000000e+00,5.142701720558476634e+06
-5.910405746392111581e+00,2.488639888370286712e+00,2.225288444814428779e+00,-1.000938471667380258e-01,8.500000000000000611e-02,3.000000000000000000e+00,5.142701720558476634e+06
-5.884446467987594076e+00,2.947353234256825161e+00,2.624658088495743335e+00,-1.796310418020349298e-01,8.500000000000000611e-02,3.000000000000000000e+00,5.142701720558476634e+06
-5.142624374496000961e+00,2.190013914164426367e+00,1.079395068418163017e+00,-3.094192057995086009e-01,8.500000000000000611e-02,3.000000000000000000e+00,5.142701720558476634e+06
-5.042848359606421305e+00,2.120840812995889557e+00,8.488267770938744405e-01,-3.386308555020555167e-01,8.500000000000000611e-02,3.000000000000000000e+00,5.142701720558476634e+06
-4.947028290771053882e+00,2.299932765702489945e+00,9.290155593197361172e-01,-3.345950928168502925e-01,8.500000000000000611e-02,3.000000000000000000e+00,5.142701720558476634e+06
-5.984391701645728645e+00,1.606249745122273254e+00,1.243060769206160376e+00,-6.018225350338578528e-01,8.500000000000000611e-02,3.000000000000000000e+00,5.142701720558476634e+06
-6.052595440687443151e+00,1.329950815533708086e+00,1.020661609856355234e+00,-6.846953053474555961e-01,8.500000000000000611e-02,3.000000000000000000e+00,5.142701720558476634e+06
-6.321172882623439904e+00,1.562723699458485216e+00,1.512833602671071143e+00,-6.455911013156626632e-01,8.500000000000000611e-02,3.000000000000000000e+00,5.142701720558476634e+06
-6.055397692851521185e+00,1.561104507759822679e+00,1.292364914729772440e+00,-5.118105528146564831e-01,8.500000000000000611e-02,3.000000000000000000e+00,5.142701720558476634e+06
-5.920177286807694728e+00,1.964871389758947595e+00,1.719504066792302055e+00,-1.740154332798742320e-01,8.500000000000000611e-02,3.000000000000000000e+00,5.142701720558476634e+06
-5.151871106091942210e+00,1.757129915309553647e+00,8.443381437406878298e-01,1.529268189895149066e-01,8.500000000000000611e-02,3.000000000000000000e+00,5.142701720558476634e+06
-5.050487193729809476e+00,1.677405457034383041e+00,6.211567741223786854e-01,1.694089521346552885e-01,8.500000000000000611e-02,3.000000000000000000e+00,5.142701720558476634e+06
-5.232284300290514167e+00,1.721699052083662140e+00,8.149441191838593390e-01,4.561721141162078386e-02,8.500000000000000611e-02,3.000000000000000000e+00,5.142701720558476634e+06
-5.232284300290514167e+00,1.721699052083662140e+00,8.149441191838593390e-01,4.561721141162078386e-02,8.500000000000000611e-02,3.000000000000000000e+00,5.142701720558476634e+06
-5.178726730563710134e+00,1.302438357956161807e+00,3.778257290489996922e-01,-2.869557623773122401e-02,8.500000000000000611e-02,3.000000000000000000e+00,5.142701720558476634e+06
-5.060879043325990700e+00,1.024042469017928170e+00,-1.174661466853276215e-01,-2.765114104619065816e-01,8.500000000000000611e-02,3.000000000000000000e+00,5.142701720558476634e+06
-4.737441700602163408e+00,1.075953010790079212e+00,-5.021374308467512204e-01,-4.849692878950395691e-01,8.500000000000000611e-02,3.000000000000000000e+00,5.142701720558476634e+06
-5.253484139499436267e+00,1.082730761216999849e+00,8.322198432239114041e-02,-3.460314377014684917e-01,8.500000000000000611e-02,3.000000000000000000e+00,5.142701720558476634e+06
-6.213935087816740754e+00,1.276734014969583830e+00,1.353796634016546374e+00,-1.435476528383667350e-01,8.500000000000000611e-02,3.000000000000000000e+00,5.142701720558476634e+06
-6.018485984309850600e+00,1.019156452123525014e+00,9.990110098168868413e-01,-1.471480462830731251e-01,8.500000000000000611e-02,3.000000000000000000e+00,5.142701720558476634e+06
-5.363044493934935097e+00,7.855680437936459759e-01,-1.254423354852136629e-01,-6.574082008388968390e-01,8.500000000000000611e-02,3.000000000000000000e+00,5.142701720558476634e+06
-5.896993760706227938e+00,2.153917184152136066e+00,1.787719904474687871e+00,-4.074069073605073865e-01,8.500000000000000611e-02,3.000000000000000000e+00,5.142701720558476634e+06
-6.677795912267559864e+00,2.431322956662379298e+00,2.775707262048722423e+00,-3.754799720530149210e-01,8.500000000000000611e-02,3.000000000000000000e+00,5.142701720558476634e+06
-7.305379204820258821e+00,2.262286692247415409e+00,3.330113442529289536e+00,-3.172175299165670426e-01,8.500000000000000611e-02,3.000000000000000000e+00,5.142701720558476634e+06
-6.018850100319196983e+00,2.533850243255093559e+00,2.373228628673846430e+00,-1.597886466655185078e-01,8.500000000000000611e-02,3.000000000000000000e+00,5.142701720558476634e+06
-5.775710530568564316e+00,2.319305245952515637e+00,1.904271301674547834e+00,-1.551248926886394930e-01,8.500000000000000611e-02,3.000000000000000000e+00,5.142701720558476634e+06
-5.823210949305147821e+00,1.859739029185845105e+00,1.509995985846525279e+00,-1.202208649676378971e-01,8.500000000000000611e-02,3.000000000000000000e+00,5.142701720558476634e+06
-5.910358236278623778e+00,2.507826689445272539e+00,2.320323702862573612e+00,1.196259100335854697e-01,8.500000000000000611e-02,3.000000000000000000e+00,5.142701720558476634e+06
-6.087137516162923312e+00,2.334593361496933195e+00,2.376394936271678304e+00,1.447071615827746349e-01,8.500000000000000611e-02,3.000000000000000000e+00,5.142701720558476634e+06
-5.932142712976496313e+00,2.545144473520843054e+00,2.338907106339640496e+00,8.314063817457378880e-02,8.500000000000000611e-02,3.000000000000000000e+00,5.142701720558476634e+06
-6.097416810189228542e+00,2.861298610240334384e+00,2.794035817900077490e+00,-3.148586864238633876e-02,8.500000000000000611e-02,3.000000000000000000e+00,5.142701720558476634e+06
-6.188388788436649968e+00,2.926637732795364766e+00,3.025326845628896422e+00,5.041342008963889398e-03,8.500000000000000611e-02,3.000000000000000000e+00,5.142701720558476634e+06
-6.161805937284520418e+00,2.885197017741551129e+00,2.939849198825892795e+00,-1.116259858040178354e-01,8.500000000000000611e-02,3.000000000000000000e+00,5.142701720558476634e+06
-6.192633198537278894e+00,2.224123263965645414e+00,2.385960103853115744e+00,9.231428606414110449e-02,8.500000000000000611e-02,3.000000000000000000e+00,5.142701720558476634e+06
-6.172736053313958138e+00,2.680144350338817372e+00,2.839736625531481540e+00,1.465863038566192766e-01,8.500000000000000611e-02,3.000000000000000000e+00,5.142701720558476634e+06
-6.125415385612414276e+00,2.904001284601648081e+00,3.001669861945406748e+00,1.982678460537484755e-01,8.500000000000000611e-02,3.000000000000000000e+00,5.142701720558476634e+06
-5.771723914628863028e+00,2.866957737786331339e+00,2.478498642467588553e+00,1.875812175984920005e-02,8.500000000000000611e-02,3.000000000000000000e+00,5.142701720558476634e+06
-5.998668485257145022e+00,2.545951836584067429e+00,2.452910946309168949e+00,1.417141702337336440e-01,8.500000000000000611e-02,3.000000000000000000e+00,5.142701720558476634e+06
-5.963153162914067273e+00,2.317932184871803081e+00,2.204199324625252032e+00,1.313219057794932643e-01,8.500000000000000611e-02,3.000000000000000000e+00,5.142701720558476634e+06
-6.123230960666203870e+00,2.606748753262247753e+00,2.811213703709376066e+00,4.324916694136677897e-01,8.500000000000000611e-02,3.000000000000000000e+00,5.142701720558476634e+06
-6.169528724595588542e+00,2.112197293466824277e+00,2.233016759182054223e+00,9.761148352221302171e-02,8.500000000000000611e-02,3.000000000000000000e+00,5.142701720558476634e+06
-6.363173650615349786e+00,2.212227775226029536e+00,2.483065193146027028e+00,-6.035022712557819302e-02,8.500000000000000611e-02,3.000000000000000000e+00,5.142701720558476634e+06
-6.644413966095905622e+00,2.007896951475428793e+00,2.414904455044574405e+00,-3.208912254297094924e-01,8.500000000000000611e-02,3.000000000000000000e+00,5.142701720558476634e+06
-5.881106277071094901e+00,1.946973476076531151e+00,1.767058930842292153e+00,2.901866323869350950e-02,8.500000000000000611e-02,3.000000000000000000e+00,5.142701720558476634e+06
-6.858093001701912605e+00,2.661052965226686773e+00,3.605139576737840468e+00,3.791793414997516320e-01,8.500000000000000611e-02,3.000000000000000000e+00,5.142701720558476634e+06
-6.645563315921565462e+00,1.719327263914980364e+00,2.206869599160208750e+00,-7.670120113615627733e-02,8.500000000000000611e-02,3.000000000000000000e+00,5.142701720558476634e+06
-5.686802256535170130e+00,1.403913845055724252e+00,8.570721973869748211e-01,-3.582262080529631243e-01,8.500000000000000611e-02,3.000000000000000000e+00,5.142701720558476634e+06
-5.735245683746105883e+00,1.465694838222509233e+00,1.027839094276133514e+00,-2.659573130474998104e-01,8.500000000000000611e-02,3.000000000000000000e+00,5.142701720558476634e+06
-5.585328612896929279e+00,1.528761447325005518e+00,9.211699894269469446e-01,-2.925289696267161510e-01,8.500000000000000611e-02,3.000000000000000000e+00,5.142701720558476634e+06
-5.549165032477291426e+00,1.235726241259894165e+00,6.405279082438884997e-01,1.316256834594845340e-02,8.500000000000000611e-02,3.000000000000000000e+00,5.142701720558476634e+06
-5.548919023065340461e+00,1.451952122725577610e+00,7.374967673773908938e-01,-5.012002934016221989e-01,8.500000000000000611e-02,3.000000000000000000e+00,5.142701720558476634e+06
-5.412152491899230533e+00,1.580025372800502481e+00,6.758958910619614624e-01,-6.363371063059711785e-01,8.500000000000000611e-02,3.000000000000000000e+00,5.142701720558476634e+06
-6.394519386242437875e+00,5.119653229198990463e-01,7.625424414799497619e-01,-2.361037117542872377e-01,8.500000000000000611e-02,3.000000000000000000e+00,5.142701720558476634e+06
-6.027303645285101652e+00,2.294917215196374372e+00,2.268218031045868610e+00,4.987431188453661512e-02,8.500000000000000611e-02,3.000000000000000000e+00,5.142701720558476634e+06
-6.182098064822080907e+00,2.982317397803618153e+00,3.179691088277280642e+00,2.557576460034738930e-01,8.500000000000000611e-02,3.000000000000000000e+00,5.142701720558476634e+06
-6.011976527927677338e+00,2.545715912659695768e+00,2.439491600876952493e+00,1.625618850744778299e-02,8.500000000000000611e-02,3.000000000000000000e+00,5.142701720558476634e+06
-6.299645744309307460e+00,2.124409585405821144e+00,2.424322742851116264e+00,2.159900294922305064e-01,8.500000000000000611e-02,3.000000000000000000e+00,5.142701720558476634e+06
-6.621825700521482894e+00,2.730702161579005249e+00,3.265924547917939513e+00,1.104497710457665871e-01,8.500000000000000611e-02,3.000000000000000000e+00,5.142701720558476634e+06
-6.488224597198216870e+00,2.546089204867343803e+00,2.872672021182230750e+00,-1.263231865052455438e-01,8.500000000000000611e-02,3.000000000000000000e+00,5.142701720558476634e+06
-6.392347306331633838e+00,2.109541917319861959e+00,2.384108568523653382e+00,-8.097775036093274315e-02,8.500000000000000611e-02,3.000000000000000000e+00,5.142701720558476634e+06
-5.825870125484988726e+00,1.878433825352133102e+00,1.417777268974687477e+00,-5.282989211693513987e-01,8.500000000000000611e-02,3.000000000000000000e+00,5.142701720558476634e+06
-5.217756337035769576e+00,2.124632406538721430e+00,9.285976101951635142e-01,-8.490339654726140051e-01,8.500000000000000611e-02,3.000000000000000000e+00,5.142701720558476634e+06
-5.961698219667633580e+00,1.500414519125171431e+00,1.354658137507522619e+00,-1.366254524263129655e-01,8.500000000000000611e-02,3.000000000000000000e+00,5.142701720558476634e+06
-6.156908400623505528e+00,1.584559175288341004e+00,1.690446983937649472e+00,-1.868311574657424701e-02,8.500000000000000611e-02,3.000000000000000000e+00,5.142701720558476634e+06
-6.351272354051285873e+00,6.041539693226188890e-01,1.000518437774181368e+00,9.045338402796679333e-02,8.500000000000000611e-02,3.000000000000000000e+00,5.142701720558476634e+06
-6.490369481087553183e+00,5.175783356906239474e-01,1.175488108420815081e+00,1.919064843685551192e-01,8.500000000000000611e-02,3.000000000000000000e+00,5.142701720558476634e+06
-6.636386518118926325e+00,5.390599695584565865e-01,1.350252739649276501e+00,1.176482302698521609e-01,8.500000000000000611e-02,3.000000000000000000e+00,5.142701720558476634e+06
-6.012783852916058436e+00,1.606314583609309343e+00,1.543931581469921932e+00,-1.275163842100307809e-01,8.500000000000000611e-02,3.000000000000000000e+00,5.142701720558476634e+06
-6.111716487643938045e+00,8.937352669908391611e-01,9.589284098321979588e-01,-9.017732196724247140e-02,8.500000000000000611e-02,3.000000000000000000e+00,5.142701720558476634e+06
-5.905893642400526389e+00,1.624579296926529359e+00,1.355050753574060129e+00,-2.895099703548228431e-01,8.500000000000000611e-02,3.000000000000000000e+00,5.142701720558476634e+06
-5.398753171445854981e+00,1.789254324290792564e+00,8.379216346551324746e-01,-5.412365447931219986e-01,8.500000000000000611e-02,3.000000000000000000e+00,5.142701720558476634e+06
-5.997850306294068012e+00,1.216000355988398285e+00,1.117679869925198854e+00,1.007723534295672518e-01,8.500000000000000611e-02,3.000000000000000000e+00,5.142701720558476634e+06
-6.109363310754744703e+00,1.266441445228612128e+00,1.323340786549903392e+00,7.575380727572339490e-02,8.500000000000000611e-02,3.000000000000000000e+00,5.142701720558476634e+06
-6.135901017577228167e+00,1.431095314015732978e+00,1.547905708877209907e+00,1.152344505218491355e-01,8.500000000000000611e-02,3.000000000000000000e+00,5.142701720558476634e+06
-5.877725934135137109e+00,1.678819319792866027e+00,1.592076372996028333e+00,2.583524743385211542e-01,8.500000000000000611e-02,3.000000000000000000e+00,5.142701720558476634e+06
-6.146956962515346845e+00,1.166090199111445624e+00,1.395640409018242156e+00,4.305261739135552435e-01,8.500000000000000611e-02,3.000000000000000000e+00,5.142701720558476634e+06
-6.577748632455143074e+00,2.625384598307818784e+00,3.163039663514721322e+00,-7.764433143386301195e-02,8.500000000000000611e-02,3.000000000000000000e+00,5.142701720558476634e+06
-6.919849051630195369e+00,1.329642112316424818e+00,2.491307201079333566e+00,5.642278660423201142e-01,8.500000000000000611e-02,3.000000000000000000e+00,5.142701720558476634e+06
-6.387861725035437921e+00,1.500141690526601179e+00,1.914623204534374956e+00,2.099657018836559308e-01,8.500000000000000611e-02,3.000000000000000000e+00,5.142701720558476634e+06
-6.580798922090305147e+00,2.448641783470041133e+00,2.796155187828984978e+00,-2.338501934556249662e-01,8.500000000000000611e-02,3.000000000000000000e+00,5.142701720558476634e+06
-6.141344050281849931e+00,2.556531766362273750e+00,2.511255492779786103e+00,-1.814190756075875210e-01,8.500000000000000611e-02,3.000000000000000000e+00,5.142701720558476634e+06
-6.205666266516615792e+00,2.523950533301773103e+00,2.556762996286216172e+00,-1.708778906910204398e-01,8.500000000000000611e-02,3.000000000000000000e+00,5.142701720558476634e+06
-6.001313275459977170e+00,2.654014688705581104e+00,2.345542111727046741e+00,-8.086691153126559506e-01,8.500000000000000611e-02,3.000000000000000000e+00,5.142701720558476634e+06
-5.993000804901942757e+00,2.573250304906815611e+00,2.193567379249901084e+00,-1.222254261742828918e+00,8.500000000000000611e-02,3.000000000000000000e+00,5.142701720558476634e+06
-5.997135736160053909e+00,2.786738080881525637e+00,2.360742489386640663e+00,-1.683581637359470085e+00,8.500000000000000611e-02,3.000000000000000000e+00,5.142701720558476634e+06
-5.780145352368536216e+00,2.830362967277030961e+00,2.182027362100833923e+00,-1.515996161257332275e+00,8.500000000000000611e-02,3.000000000000000000e+00,5.142701720558476634e+06
-5.783244672245766438e+00,2.817875904549031585e+00,2.195828434841847088e+00,-1.426413819269989114e+00,8.500000000000000611e-02,3.000000000000000000e+00,5.142701720558476634e+06
-6.400114689779407229e+00,2.839290220403902776e+00,2.879712271971929916e+00,-1.360392267699776392e+00,8.500000000000000611e-02,3.000000000000000000e+00,5.142701720558476634e+06
-6.379433823651314839e+00,2.859848302137240950e+00,2.867533738392477272e+00,-1.420660042391044264e+00,8.500000000000000611e-02,3.000000000000000000e+00,5.142701720558476634e+06
-7.044781013581967954e+00,2.213603110463637780e+00,3.160377445559361398e+00,-1.301946290175944876e-01,8.500000000000000611e-02,3.000000000000000000e+00,5.142701720558476634e+06
-6.235147583360584278e+00,1.848900768176232612e+00,2.014310419955417597e+00,1.853037700399167154e-01,8.500000000000000611e-02,3.000000000000000000e+00,5.142701720558476634e+06
-5.660773369209191053e+00,1.177307620211319739e+00,8.783438568452501816e-01,3.147477912926172072e-01,8.500000000000000611e-02,3.000000000000000000e+00,5.142701720558476634e+06
-5.708157641143575489e+00,1.261089481368151688e-01,1.275343716811532246e-01,2.247521719231476700e-01,8.500000000000000611e-02,3.000000000000000000e+00,5.142701720558476634e+06
-5.907414455941776055e+00,4.947239824704108280e-02,2.045739193808700507e-01,1.502618564229975251e-01,8.500000000000000611e-02,3.000000000000000000e+00,5.142701720558476634e+06
-5.876185791358420119e+00,3.143030343298029994e-01,3.534196393815195458e-01,9.331082411539343147e-02,8.500000000000000611e-02,3.000000000000000000e+00,5.142701720558476634e+06
-5.688262134233704082e+00,6.502334860297587227e-02,-1.018968711936822924e-01,4.075437699739775654e-02,8.500000000000000611e-02,3.000000000000000000e+00,5.142701720558476634e+06
-6.077279450906901026e+00,1.260069497042530351e+00,1.421339518885246012e+00,2.728423160108764400e-01,8.500000000000000611e-02,3.000000000000000000e+00,5.142701720558476634e+06
-6.222615545143015403e+00,1.366516206207463835e+00,1.769921815169851698e+00,4.820711426843386493e-01,8.500000000000000611e-02,3.000000000000000000e+00,5.142701720558476634e+06
-5.945435317473831027e+00,1.781366071110344063e+00,1.679156892473817830e+00,1.738694360515236764e-02,8.500000000000000611e-02,3.000000000000000000e+00,5.142701720558476634e+06
-6.093357735814132425e+00,1.660150098398648799e+00,1.678827124241816904e+00,-3.389692640637266552e-02,8.500000000000000611e-02,3.000000000000000000e+00,5.142701720558476634e+06
-6.237420511762742592e+00,1.999085576348980542e+00,2.115813929575528718e+00,-7.804595760943380811e-02,8.500000000000000611e-02,3.000000000000000000e+00,5.142701720558476634e+06
-5.995701983230568466e+00,1.805715935200309374e+00,1.737687463071740268e+00,1.236912326167340925e-01,8.500000000000000611e-02,3.000000000000000000e+00,5.142701720558476634e+06
-5.221495841004770710e+00,1.966420637042598285e+00,9.107202761831000304e-01,-2.349235760941649209e-01,8.500000000000000611e-02,3.000000000000000000e+00,5.142701720558476634e+06
-5.805537194060446993e+00,2.163939240894532823e+00,1.656628775931030750e+00,-6.285879196877128816e-01,8.500000000000000611e-02,3.000000000000000000e+00,5.142701720558476634e+06
-5.875791410686054483e+00,2.093214885606213826e+00,1.560824667933756960e+00,-1.188853695382067421e+00,8.500000000000000611e-02,3.000000000000000000e+00,5.142701720558476634e+06
-5.668999215947691184e+00,2.121453538843645070e+00,1.285199311034186609e+00,-1.486697611249418793e+00,8.500000000000000611e-02,3.000000000000000000e+00,5.142701720558476634e+06
-5.785872090003055135e+00,2.173549066681540243e+00,1.510593495137040554e+00,-1.332437425803679965e+00,8.500000000000000611e-02,3.000000000000000000e+00,5.142701720558476634e+06
-5.861485072640224558e+00,2.086777103671563882e+00,1.737500225860137082e+00,-3.671820751213719092e-01,8.500000000000000611e-02,3.000000000000000000e+00,5.142701720558476634e+06
-5.461001134246997957e+00,2.016240615574924622e+00,1.157663115904700835e+00,-3.493737649571553305e-01,8.500000000000000611e-02,3.000000000000000000e+00,5.142701720558476634e+06
-5.624857062740509228e+00,1.841698274666041302e+00,1.456292501329139677e+00,-1.096042103516975397e-02,8.500000000000000611e-02,3.000000000000000000e+00,5.142701720558476634e+06
-5.263009106271579363e+00,2.076092419568554615e+00,1.246511396366138280e+00,-1.899745218996211626e-01,8.500000000000000611e-02,3.000000000000000000e+00,5.142701720558476634e+06
-5.574025700467807098e+00,2.096807763898882460e+00,1.586569457624236845e+00,-1.473218560613243078e-01,8.500000000000000611e-02,3.000000000000000000e+00,5.142701720558476634e+06
-5.601146902465639066e+00,2.775860143430923799e+00,2.426984209198032705e+00,2.325571346990203958e-01,8.500000000000000611e-02,3.000000000000000000e+00,5.142701720558476634e+06
-5.571763269114843098e+00,2.480737013345685860e+00,2.176570563950736226e+00,4.579311140473945607e-01,8.500000000000000611e-02,3.000000000000000000e+00,5.142701720558476634e+06
-5.891964377493719596e+00,2.165197121789959045e+00,2.057132473390311578e+00,1.812900607680366372e-01,8.500000000000000611e-02,3.000000000000000000e+00,5.142701720558476634e+06
-5.651754810978831145e+00,2.899893464316148695e+00,2.457948680550083864e+00,-4.629391429437101912e-02,8.500000000000000611e-02,3.000000000000000000e+00,5.142701720558476634e+06
-5.709697345659318302e+00,2.161212590167243874e+00,1.852049884850454298e+00,8.613846296069119224e-02,8.500000000000000611e-02,3.000000000000000000e+00,5.142701720558476634e+06
-5.692049959395212966e+00,2.616116705317003799e+00,2.285406763052121981e+00,2.120766786709423757e-01,8.500000000000000611e-02,3.000000000000000000e+00,5.142701720558476634e+06
-5.750918745751009808e+00,2.132147317361850369e+00,1.855177225282706122e+00,1.732047771355015586e-01,8.500000000000000611e-02,3.000000000000000000e+00,5.142701720558476634e+06
-5.476119795369780441e+00,1.768274535139663373e+00,1.380859169249175178e+00,4.246673613033563610e-01,8.500000000000000611e-02,3.000000000000000000e+00,5.142701720558476634e+06
-6.499236677028872755e+00,2.541794912453199551e+00,3.279563742294521411e+00,4.865965693520686308e-01,8.500000000000000611e-02,3.000000000000000000e+00,5.142701720558476634e+06
-6.672993539983562705e+00,2.514661573510965642e+00,3.489323354569730640e+00,5.980926847487603171e-01,8.500000000000000611e-02,3.000000000000000000e+00,5.142701720558476634e+06
-6.675929357503623152e+00,2.442936588076259241e+00,3.336728767713960764e+00,4.629820217916639224e-01,8.500000000000000611e-02,3.000000000000000000e+00,5.142701720558476634e+06
-6.811171794175963967e+00,2.183241505429067253e+00,3.751633918750920671e+00,1.174801910026341600e+00,8.500000000000000611e-02,3.000000000000000000e+00,5.142701720558476634e+06
-6.818713783191839184e+00,2.180461996147956771e+00,3.708284422101093547e+00,1.111468799922247008e+00,8.500000000000000611e-02,3.000000000000000000e+00,5.142701720558476634e+06
-5.293386436643156223e+00,3.708166834824420111e-01,-3.803781467051361442e-01,-2.262449304896492208e-01,8.500000000000000611e-02,3.000000000000000000e+00,5.142701720558476634e+06
-5.182267045326126365e+00,8.516010590892317822e-01,-1.001447593114699330e-01,-3.738112919229188424e-01,8.500000000000000611e-02,3.000000000000000000e+00,5.142701720558476634e+06
-5.232505208806399466e+00,1.399067726861163541e+00,3.263393463006716289e-01,-6.122763277989576869e-01,8.500000000000000611e-02,3.000000000000000000e+00,5.142701720558476634e+06
-5.194850546183664264e+00,2.056528723585938856e+00,1.058093148835937747e+00,-3.140956002777585687e-01,8.500000000000000611e-02,3.000000000000000000e+00,5.142701720558476634e+06
-5.053499641143631038e+00,2.301553473908727998e+00,1.133291116651225172e+00,-3.356307589613136688e-01,8.500000000000000611e-02,3.000000000000000000e+00,5.142701720558476634e+06
-5.166090949449036351e+00,1.368913310040008380e+00,3.925320802674483467e-01,-2.570633556577864298e-02,8.500000000000000611e-02,3.000000000000000000e+00,5.142701720558476634e+06
-4.808739267359617209e+00,2.511976013541100450e+00,9.659353882509125189e-01,-5.214097073521586356e-01,8.500000000000000611e-02,3.000000000000000000e+00,5.142701720558476634e+06
-5.337524587674206344e+00,2.796759206160105649e+00,1.867658958524744950e+00,-3.556321550021603883e-01,8.500000000000000611e-02,3.000000000000000000e+00,5.142701720558476634e+06
-5.492500888666601355e+00,2.864066045722175602e+00,2.116800372404364694e+00,-3.263226841816839197e-01,8.500000000000000611e-02,3.000000000000000000e+00,5.142701720558476634e+06
-5.718972120991297814e+00,2.647483571222243093e+00,2.298780354921471591e+00,-9.522778315449685616e-02,8.500000000000000611e-02,3.000000000000000000e+00,5.142701720558476634e+06
-5.624723498019819523e+00,2.736121882365836200e+00,2.144510427360545979e+00,-4.024452207579607421e-01,8.500000000000000611e-02,3.000000000000000000e+00,5.142701720558476634e+06
-5.623868829449575557e+00,2.711258906760467546e+00,2.106391805583757382e+00,-4.306490793131144135e-01,8.500000000000000611e-02,3.000000000000000000e+00,5.142701720558476634e+06
-5.289270437237250100e+00,2.647459359821033864e+00,1.471185513645622667e+00,-1.071273012801672087e+00,8.500000000000000611e-02,3.000000000000000000e+00,5.142701720558476634e+06
-5.157282651425631137e+00,2.481783637026486300e+00,1.139906095792336149e+00,-1.169154820096493630e+00,8.500000000000000611e-02,3.000000000000000000e+00,5.142701720558476634e+06
-5.172819595643800561e+00,2.392247616925603282e+00,1.157547628196036404e+00,-8.931527414863233982e-01,8.500000000000000611e-02,3.000000000000000000e+00,5.142701720558476634e+06
-5.745373742391677752e+00,2.781630749714299800e+00,2.189517268109082870e+00,-5.566092413089958058e-01,8.500000000000000611e-02,3.000000000000000000e+00,5.142701720558476634e+06
-5.911328254411240657e+00,2.618520386986018522e+00,2.312541353921595988e+00,-2.566754256867990192e-01,8.500000000000000611e-02,3.000000000000000000e+00,5.142701720558476634e+06
-6.146785096816188343e+00,2.632369318907969991e+00,2.515485743809913188e+00,-3.979411004163323495e-01,8.500000000000000611e-02,3.000000000000000000e+00,5.142701720558476634e+06
-6.377266960305347787e+00,2.766352139444328451e+00,2.885121244525945983e+00,-3.363978868023083102e-01,8.500000000000000611e-02,3.000000000000000000e+00,5.142701720558476634e+06
-7.007162897649458877e+00,1.790255308287501235e+00,2.652110786042776613e+00,-1.162565865718135222e-01,8.500000000000000611e-02,3.000000000000000000e+00,5.142701720558476634e+06
-7.360852937296268550e+00,1.680138676411723875e+00,2.958020538802238697e+00,-4.932148961767479634e-02,8.500000000000000611e-02,3.000000000000000000e+00,5.142701720558476634e+06
-6.879982566622464546e+00,1.379375617809799781e+00,2.241662897464311577e+00,3.744611720497392771e-03,8.500000000000000611e-02,3.000000000000000000e+00,5.142701720558476634e+06
-6.662383500416973803e+00,1.271745127370526918e+00,1.864463179760980971e+00,-8.814019981833259854e-02,8.500000000000000611e-02,3.000000000000000000e+00,5.142701720558476634e+06
-7.262730607877530886e+00,1.294916636925900644e+00,2.624961205495102590e+00,2.073215893612999072e-01,8.500000000000000611e-02,3.000000000000000000e+00,5.142701720558476634e+06
-6.449019094184855305e+00,3.913194146114062910e-01,1.077808376728075501e+00,4.023265221610534681e-01,8.500000000000000611e-02,3.000000000000000000e+00,5.142701720558476634e+06
-5.896282172183754611e+00,1.031784369430260195e+00,9.661760470171505411e-01,6.235833467101331573e-02,8.500000000000000611e-02,3.000000000000000000e+00,5.142701720558476634e+06
-5.387550492469077135e+00,2.742419489918213937e+00,1.849342010404968040e+00,-5.188448409847454812e-01,8.500000000000000611e-02,3.000000000000000000e+00,5.142701720558476634e+06
-5.327383747978236883e+00,2.990025806764170291e+00,2.010631796572364127e+00,-5.377874896465668630e-01,8.500000000000000611e-02,3.000000000000000000e+00,5.142701720558476634e+06
-5.070824594042610656e+00,2.994676511210745407e+00,1.612223740441312003e+00,-9.062781056175578387e-01,8.500000000000000611e-02,3.000000000000000000e+00,5.142701720558476634e+06
-5.547544054014576176e+00,2.530841850641934343e+00,1.985911683216195822e+00,-6.072979348668539057e-02,8.500000000000000611e-02,3.000000000000000000e+00,5.142701720558476634e+06
-5.233881889545803467e+00,2.677746695239098251e+00,1.724746646993062349e+00,-2.709662221974195040e-01,8.500000000000000611e-02,3.000000000000000000e+00,5.142701720558476634e+06
-5.528472277376571320e+00,1.521880826147980592e+00,1.035037617954262412e+00,1.722201129350843796e-01,8.500000000000000611e-02,3.000000000000000000e+00,5.142701720558476634e+06
-5.140996490965449084e+00,2.005900261461333933e+00,9.655880405717330861e-01,-1.545427920482535522e-01,8.500000000000000611e-02,3.000000000000000000e+00,5.142701720558476634e+06
-6.610652924835637378e+00,2.789451340449898620e+00,3.555733638623142845e+00,3.054329943704443551e-01,8.500000000000000611e-02,3.000000000000000000e+00,5.142701720558476634e+06
-6.183893056031275037e+00,1.241311214013624209e+00,1.310427486494717630e+00,-1.085461742803582041e-01,8.500000000000000611e-02,3.000000000000000000e+00,5.142701720558476634e+06
-6.212238398303916220e+00,1.629366033364032962e+00,1.811409513845879671e+00,-2.743208078295824442e-02,8.500000000000000611e-02,3.000000000000000000e+00,5.142701720558476634e+06
-6.725973685606946972e+00,2.202188460285274818e+00,2.832870687937882437e+00,-5.878374395080634973e-02,8.500000000000000611e-02,3.000000000000000000e+00,5.142701720558476634e+06
-6.284988953643922294e+00,1.541560527254597135e+00,1.690730204491076361e+00,-1.335246220436036024e-01,8.500000000000000611e-02,3.000000000000000000e+00,5.142701720558476634e+06
-5.884623058949260077e+00,1.667924874621090181e+00,1.402906709012937903e+00,-1.479396652060323836e-01,8.500000000000000611e-02,3.000000000000000000e+00,5.142701720558476634e+06
-6.462574100456285109e+00,2.300713772931458401e+00,2.290225134430072806e+00,-1.197323816940732089e+00,8.500000000000000611e-02,3.000000000000000000e+00,5.142701720558476634e+06
-6.729434083119810062e+00,2.234044366713006546e+00,2.699708525985383911e+00,-5.824996264202609852e-01,8.500000000000000611e-02,3.000000000000000000e+00,5.142701720558476634e+06
-6.676396542375433008e+00,1.601326191113312980e+00,2.155703573496573711e+00,-3.676600195529662329e-01,8.500000000000000611e-02,3.000000000000000000e+00,5.142701720558476634e+06
-6.512379760536184392e+00,2.067826091287722878e+00,2.589684193006247082e+00,1.954468774880740445e-01,8.500000000000000611e-02,3.000000000000000000e+00,5.142701720558476634e+06
-6.638434885606670832e+00,1.665332209905693306e+00,2.468743226686696879e+00,3.522658574071876325e-01,8.500000000000000611e-02,3.000000000000000000e+00,5.142701720558476634e+06
-6.477465499016165751e+00,1.033362779727171166e+00,1.821379934523051913e+00,5.848531436537824924e-01,8.500000000000000611e-02,3.000000000000000000e+00,5.142701720558476634e+06
-6.355691364091613949e+00,1.463022994709476832e+00,2.043905798190095879e+00,5.428364388900644988e-01,8.500000000000000611e-02,3.000000000000000000e+00,5.142701720558476634e+06
-6.496018138932554642e+00,1.624339365331134433e+00,2.455990888531295990e+00,7.153060730436802128e-01,8.500000000000000611e-02,3.000000000000000000e+00,5.142701720558476634e+06
-6.472715141944239470e+00,1.636767219278736363e+00,2.421636921588655511e+00,6.746186840399809315e-01,8.500000000000000611e-02,3.000000000000000000e+00,5.142701720558476634e+06
-6.731862361445976717e+00,1.235983482536264999e+00,2.456546930868786838e+00,8.661715820678961286e-01,8.500000000000000611e-02,3.000000000000000000e+00,5.142701720558476634e+06
-6.998613200283542390e+00,1.771429999338102412e+00,3.440754309998650839e+00,1.119379747907598643e+00,8.500000000000000611e-02,3.000000000000000000e+00,5.142701720558476634e+06
-6.994292736762546703e+00,1.805280371202075074e+00,3.491242610933807278e+00,1.135585090984047252e+00,8.500000000000000611e-02,3.000000000000000000e+00,5.142701720558476634e+06
-6.730600633871362426e+00,1.766853663200095070e+00,2.969104170769208295e+00,8.154069221556969893e-01,8.500000000000000611e-02,3.000000000000000000e+00,5.142701720558476634e+06
-7.104020558960624676e+00,1.647884762148446702e+00,3.535334524623960473e+00,1.205491543135150945e+00,8.500000000000000611e-02,3.000000000000000000e+00,5.142701720558476634e+06
-7.099748170969074401e+00,1.661120851348572902e+00,3.479648871486601625e+00,1.069421492539061935e+00,8.500000000000000611e-02,3.000000000000000000e+00,5.142701720558476634e+06
-7.011417621805983380e+00,1.563626217989665168e+00,3.379175558660324263e+00,1.198981664589060525e+00,8.500000000000000611e-02,3.000000000000000000e+00,5.142701720558476634e+06
-7.011417621805983380e+00,1.563626217989665168e+00,3.379175558660324263e+00,1.198981664589060525e+00,8.500000000000000611e-02,3.000000000000000000e+00,5.142701720558476634e+06
-6.691387761070293649e+00,1.319552319609743396e+00,2.848846963104106678e+00,1.283556271182464847e+00,8.500000000000000611e-02,3.000000000000000000e+00,5.142701720558476634e+06
-6.686053153034346330e+00,1.660709247909299746e+00,2.898390033817759726e+00,9.042193537713172358e-01,8.500000000000000611e-02,3.000000000000000000e+00,5.142701720558476634e+06
-6.818338772893213218e+00,1.526458182794075746e+00,3.043796557740387598e+00,1.145374493439493158e+00,8.500000000000000611e-02,3.000000000000000000e+00,5.142701720558476634e+06
-6.543752841268215548e+00,1.111163970489031927e+00,2.241436394463896420e+00,9.819775472088718704e-01,8.500000000000000611e-02,3.000000000000000000e+00,5.142701720558476634e+06
-6.476318092688468475e+00,7.603946457122600089e-01,1.683753847509331658e+00,8.018399481704221454e-01,8.500000000000000611e-02,3.000000000000000000e+00,5.142701720558476634e+06
-6.035811767812907291e+00,1.077695189111905982e+00,1.431628849633783673e+00,6.552568218665573152e-01,8.500000000000000611e-02,3.000000000000000000e+00,5.142701720558476634e+06
-5.875762796951530476e+00,1.346887255368829583e+00,1.521166667974415354e+00,6.523776858916400245e-01,8.500000000000000611e-02,3.000000000000000000e+00,5.142701720558476634e+06
-5.937773255223975255e+00,1.647767703044268783e+00,1.804016889803161217e+00,5.358520777520363598e-01,8.500000000000000611e-02,3.000000000000000000e+00,5.142701720558476634e+06
-5.948082412156453280e+00,1.768661459017561555e+00,1.921074684533172094e+00,5.151407506816158000e-01,8.500000000000000611e-02,3.000000000000000000e+00,5.142701720558476634e+06
-6.546959680985027674e+00,2.076098098371728540e+00,2.914720764844486389e+00,7.085550270015388286e-01,8.500000000000000611e-02,3.000000000000000000e+00,5.142701720558476634e+06
-6.590708527899870717e+00,2.120345612289399551e+00,3.221859410277073010e+00,9.549237910954513353e-01,8.500000000000000611e-02,3.000000000000000000e+00,5.142701720558476634e+06
-6.413933433954038144e+00,2.044814811707801105e+00,2.788200526896305487e+00,6.386402951401920491e-01,8.500000000000000611e-02,3.000000000000000000e+00,5.142701720558476634e+06
-6.764163186772274905e+00,1.074766768201572686e+00,2.363785593675878260e+00,8.277099758155750386e-01,8.500000000000000611e-02,3.000000000000000000e+00,5.142701720558476634e+06
-6.714176705822362479e+00,1.007563825744187680e+00,2.210919980446596433e+00,7.951500429505408141e-01,8.500000000000000611e-02,3.000000000000000000e+00,5.142701720558476634e+06
-6.253042424385657938e+00,1.294643075244332753e+00,1.716024915994928790e+00,3.875164789730776160e-01,8.500000000000000611e-02,3.000000000000000000e+00,5.142701720558476634e+06
-6.510140011695461304e+00,1.137498148073091686e+00,2.048486297278123480e+00,7.478013689802941455e-01,8.500000000000000611e-02,3.000000000000000000e+00,5.142701720558476634e+06
-6.490016462123973540e+00,1.085716417784075905e+00,1.919606765970556683e+00,6.945831663860273508e-01,8.500000000000000611e-02,3.000000000000000000e+00,5.142701720558476634e+06
-6.329687237217282103e+00,6.754335341964354811e-01,1.201476712690372040e+00,4.260805386207786039e-01,8.500000000000000611e-02,3.000000000000000000e+00,5.142701720558476634e+06
-6.329687237217282103e+00,6.754335341964354811e-01,1.201476712690372040e+00,4.260805386207786039e-01,8.500000000000000611e-02,3.000000000000000000e+00,5.142701720558476634e+06
-6.878844307447705475e+00,8.373819721860746856e-01,2.158842830526841006e+00,7.949595113086787013e-01,8.500000000000000611e-02,3.000000000000000000e+00,5.142701720558476634e+06
-6.108026335069867585e+00,1.681224445968784176e+00,1.878943145229051925e+00,3.113243699782726748e-01,8.500000000000000611e-02,3.000000000000000000e+00,5.142701720558476634e+06
-7.014973268710040344e+00,2.110369627170201934e+00,3.108865640616519599e+00,5.554669150667154720e-02,8.500000000000000611e-02,3.000000000000000000e+00,5.142701720558476634e+06
-6.360696595658447805e+00,1.954326188242954565e+00,2.236401002300204333e+00,-3.781226356688163759e-02,8.500000000000000611e-02,3.000000000000000000e+00,5.142701720558476634e+06
-6.327273362429655101e+00,2.670953303283758462e+00,2.849355042844220254e+00,-1.467797322815716510e-01,8.500000000000000611e-02,3.000000000000000000e+00,5.142701720558476634e+06
-6.750835129585389893e+00,2.702834778994371856e+00,3.387149080008629465e+00,-7.537809346737803229e-02,8.500000000000000611e-02,3.000000000000000000e+00,5.142701720558476634e+06
-5.676861585192995108e+00,2.227258307822403083e+00,1.764946407365162173e+00,-1.537610460902728293e-01,8.500000000000000611e-02,3.000000000000000000e+00,5.142701720558476634e+06
-5.221364795065823294e+00,2.123728341948558196e+00,1.173987161090226827e+00,-3.028490458496637672e-01,8.500000000000000611e-02,3.000000000000000000e+00,5.142701720558476634e+06
-5.197250949987806123e+00,1.998800862289063840e+00,9.592004734584774761e-01,-3.225698439102829829e-01,8.500000000000000611e-02,3.000000000000000000e+00,5.142701720558476634e+06
-4.726900777931107633e+00,1.836307068532399445e+00,2.176237349672569543e-01,-4.884841709111413244e-01,8.500000000000000611e-02,3.000000000000000000e+00,5.142701720558476634e+06
-5.098331077842966685e+00,2.321115832869049100e+00,1.132189603043437742e+00,-1.411126928282375737e-01,8.500000000000000611e-02,3.000000000000000000e+00,5.142701720558476634e+06
-5.645174170437549321e+00,2.611640877782662962e+00,2.084217558323621766e+00,9.419160830123896044e-03,8.500000000000000611e-02,3.000000000000000000e+00,5.142701720558476634e+06
-5.875290341018448714e+00,2.936040514344959718e+00,2.651271341562080330e+00,-5.783390071849967007e-02,8.500000000000000611e-02,3.000000000000000000e+00,5.142701720558476634e+06
-5.809193676754545343e+00,2.648513242529959566e+00,2.295750347380613565e+00,-6.285520603578242937e-02,8.500000000000000611e-02,3.000000000000000000e+00,5.142701720558476634e+06
-6.315181341738714593e+00,2.802088919907291142e+00,3.221782364569920620e+00,4.590583049104846047e-01,8.500000000000000611e-02,3.000000000000000000e+00,5.142701720558476634e+06
-5.342015576412190825e+00,1.553413201247680231e+00,4.140590388995482041e-01,-1.355844048390020484e+00,8.500000000000000611e-02,3.000000000000000000e+00,5.142701720558476634e+06
-5.336346096898838098e+00,1.943768690684028355e+00,7.731805160316455039e-01,-1.412713877766009762e+00,8.500000000000000611e-02,3.000000000000000000e+00,5.142701720558476634e+06
-5.407841048278074325e+00,1.844134468288606277e+00,8.181811673431094167e-01,-1.076019442678497251e+00,8.500000000000000611e-02,3.000000000000000000e+00,5.142701720558476634e+06
-5.497110067427135149e+00,1.433837589195526618e+00,4.981893979086686741e-01,-9.938782739963469837e-01,8.500000000000000611e-02,3.000000000000000000e+00,5.142701720558476634e+06
-5.611723836300060775e+00,1.650933318162564722e+00,9.756787648756793940e-01,-5.413976571595295884e-01,8.500000000000000611e-02,3.000000000000000000e+00,5.142701720558476634e+06
-5.501830329954107590e+00,1.609737959815880970e+00,1.053639528538379277e+00,6.554452478511724189e-02,8.500000000000000611e-02,3.000000000000000000e+00,5.142701720558476634e+06
-5.682178956332100128e+00,1.601198862941030310e+00,1.253633672989125758e+00,1.455690183273413707e-01,8.500000000000000611e-02,3.000000000000000000e+00,5.142701720558476634e+06
-5.570083527489083863e+00,1.751039723849045160e+00,1.053012670576965126e+00,-4.280110381776174866e-01,8.500000000000000611e-02,3.000000000000000000e+00,5.142701720558476634e+06
-5.425313528875166824e+00,9.545976136052640726e-01,1.852533888319825017e-01,-4.508872098960450825e-01,8.500000000000000611e-02,3.000000000000000000e+00,5.142701720558476634e+06
-5.514587590715841259e+00,1.482776347612134060e+00,6.901712499590899608e-01,-4.934681915557763698e-01,8.500000000000000611e-02,3.000000000000000000e+00,5.142701720558476634e+06
-5.581045394580376851e+00,9.898068924274554536e-01,3.192528901739741798e-01,-5.736290051857568795e-01,8.500000000000000611e-02,3.000000000000000000e+00,5.142701720558476634e+06
-5.483823110578653015e+00,8.906539840318064005e-01,-1.799898991927673109e-03,-9.409507358479418659e-01,8.500000000000000611e-02,3.000000000000000000e+00,5.142701720558476634e+06
-5.982543419311299182e+00,1.273954782868082614e+00,7.926268204196091904e-01,-1.520103397401475043e+00,8.500000000000000611e-02,3.000000000000000000e+00,5.142701720558476634e+06
-6.079755930966370236e+00,1.416795874772819319e+00,1.099349086400901676e+00,-1.312566454994811949e+00,8.500000000000000611e-02,3.000000000000000000e+00,5.142701720558476634e+06
-6.469661723095071260e+00,9.570611408074853887e-01,1.107131235290552240e+00,-1.261158326560674947e+00,8.500000000000000611e-02,3.000000000000000000e+00,5.142701720558476634e+06
-6.519479718967606807e+00,9.845452403788249596e-01,1.174210864976553248e+00,-1.202511553479769457e+00,8.500000000000000611e-02,3.000000000000000000e+00,5.142701720558476634e+06
-6.522297454419017981e+00,9.810647467173250202e-01,1.173006135930839910e+00,-1.205880104495957728e+00,8.500000000000000611e-02,3.000000000000000000e+00,5.142701720558476634e+06
-6.802502699296487876e+00,7.081600938879486495e-01,1.242435126766738396e+00,-1.074599284923526410e+00,8.500000000000000611e-02,3.000000000000000000e+00,5.142701720558476634e+06
-6.049362967684998260e+00,1.157394020811514324e+00,8.106693641089230962e-01,-1.319307571728431272e+00,8.500000000000000611e-02,3.000000000000000000e+00,5.142701720558476634e+06
-6.049187041386976382e+00,1.129439516821309830e+00,7.635180927394826789e-01,-1.315521791772332083e+00,8.500000000000000611e-02,3.000000000000000000e+00,5.142701720558476634e+06
-5.821264214057589648e+00,1.376413435930954332e+00,8.674831457500216114e-01,-8.167639477599700770e-01,8.500000000000000611e-02,3.000000000000000000e+00,5.142701720558476634e+06
-6.321451079733750866e+00,1.483275222049164510e+00,1.629801091000856017e+00,-2.841010423270231011e-01,8.500000000000000611e-02,3.000000000000000000e+00,5.142701720558476634e+06
-6.357814623209320004e+00,1.610002821540625240e+00,1.848491488904111302e+00,-1.894731778159783053e-01,8.500000000000000611e-02,3.000000000000000000e+00,5.142701720558476634e+06
-6.051044197018378590e+00,1.800727096932152271e+00,1.559862079887537334e+00,-3.652006572861383193e-01,8.500000000000000611e-02,3.000000000000000000e+00,5.142701720558476634e+06
-6.003271797878420912e+00,1.934068770921191449e+00,1.578789782479324888e+00,-5.074943854731627235e-01,8.500000000000000611e-02,3.000000000000000000e+00,5.142701720558476634e+06
-5.807702806794187822e+00,2.462709649108220766e+00,1.940141961673407245e+00,-5.844050441283367148e-01,8.500000000000000611e-02,3.000000000000000000e+00,5.142701720558476634e+06
-5.880337163245594745e+00,2.349143947231309593e+00,1.802073467656425176e+00,-7.385658461097182048e-01,8.500000000000000611e-02,3.000000000000000000e+00,5.142701720558476634e+06
-5.969029480370835472e+00,2.124482858260902773e+00,1.828467240420455164e+00,-3.687620474284786232e-01,8.500000000000000611e-02,3.000000000000000000e+00,5.142701720558476634e+06
-6.073836900721127918e+00,2.075445823446080862e+00,1.879934928728836940e+00,-6.544122960642230202e-01,8.500000000000000611e-02,3.000000000000000000e+00,5.142701720558476634e+06
-6.006783485519817667e+00,1.404576176857971426e+00,1.034188350525752753e+00,-5.735576994887118252e-01,8.500000000000000611e-02,3.000000000000000000e+00,5.142701720558476634e+06
-6.220095262574615091e+00,2.313774150532009521e+00,2.459992632749975705e+00,-5.171408617274136921e-02,8.500000000000000611e-02,3.000000000000000000e+00,5.142701720558476634e+06
-6.567415925893138606e+00,2.918881396002347195e+00,3.475397928382375490e+00,1.153133125879415299e-01,8.500000000000000611e-02,3.000000000000000000e+00,5.142701720558476634e+06
-6.912071733457706202e+00,2.995589274146182035e+00,3.975526120235710614e+00,1.776033821913764188e-01,8.500000000000000611e-02,3.000000000000000000e+00,5.142701720558476634e+06
-6.431623144584479590e+00,2.720456760539542440e+00,3.069595658630702051e+00,2.856576658788800849e-02,8.500000000000000611e-02,3.000000000000000000e+00,5.142701720558476634e+06
-6.433731303486856845e+00,2.612278643615301821e+00,3.037645164854937629e+00,6.649849842562004232e-02,8.500000000000000611e-02,3.000000000000000000e+00,5.142701720558476634e+06
-7.096362152686936930e+00,2.556077955601216978e+00,3.794837334691217201e+00,4.696446461223624524e-01,8.500000000000000611e-02,3.000000000000000000e+00,5.142701720558476634e+06
-6.717460631385584691e+00,2.602825602776844161e+00,3.231250987035910072e+00,1.288859293968414033e-02,8.500000000000000611e-02,3.000000000000000000e+00,5.142701720558476634e+06
-6.727007668411676633e+00,2.196938478672390005e+00,2.979018130831687206e+00,1.702459575172359241e-01,8.500000000000000611e-02,3.000000000000000000e+00,5.142701720558476634e+06
-6.249598824365221184e+00,1.761869820393592523e+00,1.982494074825119412e+00,6.069140887238974602e-02,8.500000000000000611e-02,3.000000000000000000e+00,5.142701720558476634e+06
-6.107982439341090419e+00,8.100989227890983413e-01,9.301503249862898004e-01,3.470588728703538628e-03,8.500000000000000611e-02,3.000000000000000000e+00,5.142701720558476634e+06
-6.306113155881773125e+00,6.136304738442849294e-01,9.485860226589097888e-01,4.276071412681919925e-02,8.500000000000000611e-02,3.000000000000000000e+00,5.142701720558476634e+06
-5.373979105490701791e+00,1.015644186089520229e+00,4.765176097807488631e-02,-6.834812281478821472e-01,8.500000000000000611e-02,3.000000000000000000e+00,5.142701720558476634e+06
-5.954715131285613694e+00,1.409047112894443732e+00,1.009202791369502084e+00,-7.097057042229345525e-01,8.500000000000000611e-02,3.000000000000000000e+00,5.142701720558476634e+06
-5.617881847268426654e+00,1.341175226247175667e+00,5.596007782387453222e-01,-1.099259225974446696e+00,8.500000000000000611e-02,3.000000000000000000e+00,5.142701720558476634e+06
-5.393562418767359645e+00,1.847447536730884465e+00,7.689773451400738757e-01,-1.396309904923655587e+00,8.500000000000000611e-02,3.000000000000000000e+00,5.142701720558476634e+06
-5.396754880929109710e+00,1.915798429806625514e+00,8.452798022591700988e-01,-1.418655269485058934e+00,8.500000000000000611e-02,3.000000000000000000e+00,5.142701720558476634e+06
-5.740088120955036288e+00,1.945570237136866831e+00,1.243479542037269292e+00,-1.324141089749180544e+00,8.500000000000000611e-02,3.000000000000000000e+00,5.142701720558476634e+06
-5.675779109035083536e+00,2.319102944480387674e+00,1.554869997827500017e+00,-1.110616988194824684e+00,8.500000000000000611e-02,3.000000000000000000e+00,5.142701720558476634e+06
-5.641081875321135364e+00,2.711147474501738319e+00,1.797842857567415020e+00,-1.504951740596130350e+00,8.500000000000000611e-02,3.000000000000000000e+00,5.142701720558476634e+06
-6.107871998500429278e+00,2.949099681087777203e+00,2.734170871281436099e+00,-8.541860232908480288e-01,8.500000000000000611e-02,3.000000000000000000e+00,5.142701720558476634e+06
-6.132032501774453692e+00,2.979296210754637908e+00,2.752472128215436076e+00,-9.694851073626651328e-01,8.500000000000000611e-02,3.000000000000000000e+00,5.142701720558476634e+06
-6.066403844335514606e+00,2.485470026218969508e+00,2.259378712941294776e+00,-6.187456037254464025e-01,8.500000000000000611e-02,3.000000000000000000e+00,5.142701720558476634e+06
-5.933963911269650282e+00,2.325477085494482399e+00,1.973175840083043475e+00,-4.746290199318999870e-01,8.500000000000000611e-02,3.000000000000000000e+00,5.142701720558476634e+06
-5.219174342967640712e+00,2.900532739738657106e+00,1.691717730698339750e+00,-7.734660831006756609e-01,8.500000000000000611e-02,3.000000000000000000e+00,5.142701720558476634e+06
-5.363191490759550817e+00,1.996988377836064643e+00,1.190401959985063485e+00,-2.061472555588101940e-01,8.500000000000000611e-02,3.000000000000000000e+00,5.142701720558476634e+06
-4.983712728483501664e+00,2.049184439758319876e+00,8.472624511680966197e-01,-2.703499172013333340e-01,8.500000000000000611e-02,3.000000000000000000e+00,5.142701720558476634e+06
-4.874204178163724421e+00,1.937020790020493877e+00,6.192205784492785803e-01,-1.173672368680790390e-01,8.500000000000000611e-02,3.000000000000000000e+00,5.142701720558476634e+06
-5.370277684776849192e+00,1.597568400309925307e+00,8.667795958019317570e-01,-4.340356885220197913e-02,8.500000000000000611e-02,3.000000000000000000e+00,5.142701720558476634e+06
-4.954990504003474072e+00,2.428823918371581847e+00,1.118570007172449809e+00,-3.596125687636003709e-01,8.500000000000000611e-02,3.000000000000000000e+00,5.142701720558476634e+06
-4.732297991842480123e+00,2.574547009594676084e+00,1.051435586908928688e+00,-3.704917637550438347e-01,8.500000000000000611e-02,3.000000000000000000e+00,5.142701720558476634e+06
-5.080425389184746621e+00,1.686227370217657340e+00,5.797330852995296047e-01,-1.069248797191893197e-01,8.500000000000000611e-02,3.000000000000000000e+00,5.142701720558476634e+06
-5.241894534986095699e+00,2.088173997213090161e+00,1.088863716813935456e+00,-2.300789591676511425e-01,8.500000000000000611e-02,3.000000000000000000e+00,5.142701720558476634e+06
-4.801868269198937611e+00,2.558918426897389242e+00,1.154695795991158125e+00,-5.544303951212614656e-02,8.500000000000000611e-02,3.000000000000000000e+00,5.142701720558476634e+06
-5.524640280103653822e+00,2.468166076569791034e+00,1.814909772281640299e+00,-5.633767758150637350e-02,8.500000000000000611e-02,3.000000000000000000e+00,5.142701720558476634e+06
-5.746271158844152183e+00,2.012088627190693479e+00,1.601685012202941349e+00,-1.190209335599706486e-01,8.500000000000000611e-02,3.000000000000000000e+00,5.142701720558476634e+06
-5.514680125690775370e+00,1.757998983779620161e+00,1.198956463471193556e+00,4.890418474843061247e-02,8.500000000000000611e-02,3.000000000000000000e+00,5.142701720558476634e+06
-4.988020841132350114e+00,2.117476889021397302e+00,8.544690758035227152e-01,-2.637427064629808138e-01,8.500000000000000611e-02,3.000000000000000000e+00,5.142701720558476634e+06
-5.262236943608161965e+00,1.763352963934518458e+00,8.349077893808815043e-01,-2.073634374441333805e-01,8.500000000000000611e-02,3.000000000000000000e+00,5.142701720558476634e+06
-5.383027284601244133e+00,1.834017235174670857e+00,1.048860452726108949e+00,-1.454551908840049368e-01,8.500000000000000611e-02,3.000000000000000000e+00,5.142701720558476634e+06
-5.400792885578890257e+00,2.550703923122595196e+00,1.906422840224401671e+00,2.459342393539677984e-01,8.500000000000000611e-02,3.000000000000000000e+00,5.142701720558476634e+06
-5.161015095952127041e+00,2.243337770713691448e+00,1.220785838761540898e+00,-6.652263166579258646e-02,8.500000000000000611e-02,3.000000000000000000e+00,5.142701720558476634e+06
-6.230829571896829400e+00,1.619309235277237580e+00,1.894139678299542773e+00,2.926230241237671170e-01,8.500000000000000611e-02,3.000000000000000000e+00,5.142701720558476634e+06
-6.241907923060654007e+00,1.740372944316687098e+00,1.982807361043501526e+00,2.565292010545867640e-01,8.500000000000000611e-02,3.000000000000000000e+00,5.142701720558476634e+06
-6.274479182332292737e+00,1.346539311569683095e+00,1.835236752713905517e+00,5.426240363641248177e-01,8.500000000000000611e-02,3.000000000000000000e+00,5.142701720558476634e+06
-6.692326544999785298e+00,1.086833688465359327e+00,1.983613149060266423e+00,4.999798049274302714e-01,8.500000000000000611e-02,3.000000000000000000e+00,5.142701720558476634e+06
-6.657616943560644707e+00,1.314590293628243201e+00,2.127017413338009089e+00,4.003946855295750229e-01,8.500000000000000611e-02,3.000000000000000000e+00,5.142701720558476634e+06
-5.841279053518257491e+00,1.876252851985451109e+00,1.544726176571642462e+00,-1.869068603307686427e-01,8.500000000000000611e-02,3.000000000000000000e+00,5.142701720558476634e+06
-6.469312053808414120e+00,1.114526442759567804e+00,1.481817569327631645e+00,2.715059409899900356e-02,8.500000000000000611e-02,3.000000000000000000e+00,5.142701720558476634e+06
-6.290742338478924722e+00,2.192680171325189331e+00,2.511671844423877697e+00,3.103927811095850142e-01,8.500000000000000611e-02,3.000000000000000000e+00,5.142701720558476634e+06
-6.465241275286988554e+00,2.800678898108114545e+00,3.430370031083076476e+00,2.011502614793090338e-01,8.500000000000000611e-02,3.000000000000000000e+00,5.142701720558476634e+06
-6.384735129870016124e+00,2.413170859006823488e+00,2.840630970945732248e+00,2.536191902614490234e-02,8.500000000000000611e-02,3.000000000000000000e+00,5.142701720558476634e+06
-6.385765112305273661e+00,2.778637417842447999e+00,3.197689351591787243e+00,-2.150703998161226926e-02,8.500000000000000611e-02,3.000000000000000000e+00,5.142701720558476634e+06
-6.413875259760970948e+00,2.933166171642196396e+00,3.066047844949018941e+00,-5.076793560322587773e-01,8.500000000000000611e-02,3.000000000000000000e+00,5.142701720558476634e+06
-6.197305482240603069e+00,2.892329864165847475e+00,2.847638153192312505e+00,-4.107039775548306793e-01,8.500000000000000611e-02,3.000000000000000000e+00,5.142701720558476634e+06
-5.770807327199838355e+00,2.509943411415671566e+00,1.820426214639172535e+00,-1.194006837048890546e+00,8.500000000000000611e-02,3.000000000000000000e+00,5.142701720558476634e+06
-5.711683355881970847e+00,2.012647159761877358e+00,1.276885108625097409e+00,-1.403854846756080965e+00,8.500000000000000611e-02,3.000000000000000000e+00,5.142701720558476634e+06
-5.540230567049825083e+00,1.886014427730747123e+00,1.093554737583970704e+00,-5.963145438050219127e-01,8.500000000000000611e-02,3.000000000000000000e+00,5.142701720558476634e+06
-5.507952753990783989e+00,1.871660797696660605e+00,9.475127500740667674e-01,-9.710501202981265401e-01,8.500000000000000611e-02,3.000000000000000000e+00,5.142701720558476634e+06
-5.655975821802559089e+00,1.876093960973198804e+00,1.033990984757163556e+00,-1.124324229558876453e+00,8.500000000000000611e-02,3.000000000000000000e+00,5.142701720558476634e+06
-5.717243456254357703e+00,2.666256540494194471e+00,2.198195203242023332e+00,-2.281676551237452610e-01,8.500000000000000611e-02,3.000000000000000000e+00,5.142701720558476634e+06
-6.897952840962636500e+00,1.935494400961597972e+00,2.497798181643160920e+00,-8.366513165145877950e-01,8.500000000000000611e-02,3.000000000000000000e+00,5.142701720558476634e+06
-5.929410298881736097e+00,1.922148891589499975e+00,1.510845631034311687e+00,-6.642061762034909833e-01,8.500000000000000611e-02,3.000000000000000000e+00,5.142701720558476634e+06
-5.860944302352153024e+00,1.898693151203922236e+00,1.529352784124829778e+00,-3.007992053614619854e-01,8.500000000000000611e-02,3.000000000000000000e+00,5.142701720558476634e+06
-5.989639506642518541e+00,2.318572823132850402e+00,2.178052981572228042e+00,1.543935748680780318e-02,8.500000000000000611e-02,3.000000000000000000e+00,5.142701720558476634e+06
-5.827807057151430215e+00,2.231429495844806876e+00,1.942931202428462845e+00,1.644147442027113493e-02,8.500000000000000611e-02,3.000000000000000000e+00,5.142701720558476634e+06
-5.613464670548856006e+00,2.604019119465657894e+00,1.968723085799410910e+00,-1.336633026427124227e-01,8.500000000000000611e-02,3.000000000000000000e+00,5.142701720558476634e+06
-5.460002514849977118e+00,2.580533639145156322e+00,1.836047144314714386e+00,-6.095406722829660451e-02,8.500000000000000611e-02,3.000000000000000000e+00,5.142701720558476634e+06
-5.578604874789268919e+00,2.490579094767275237e+00,1.885475139805842026e+00,-4.150269435481412916e-02,8.500000000000000611e-02,3.000000000000000000e+00,5.142701720558476634e+06
-5.594793583156970840e+00,2.534876858021575252e+00,2.006050737516565263e+00,-2.488825810651100479e-02,8.500000000000000611e-02,3.000000000000000000e+00,5.142701720558476634e+06
-5.794931072074176903e+00,2.485868120978242501e+00,2.184600616302017517e+00,6.851210459243783912e-02,8.500000000000000611e-02,3.000000000000000000e+00,5.142701720558476634e+06
-6.189405559269548718e+00,2.352461477673657431e+00,2.458268004827155462e+00,4.548051028148925035e-02,8.500000000000000611e-02,3.000000000000000000e+00,5.142701720558476634e+06
-6.339736356255176730e+00,2.735644537699415402e+00,2.981817647927456072e+00,1.533780289312022815e-02,8.500000000000000611e-02,3.000000000000000000e+00,5.142701720558476634e+06
-6.344253454428891992e+00,2.433924342772123772e+00,2.630464747966325234e+00,-1.742077610051321890e-01,8.500000000000000611e-02,3.000000000000000000e+00,5.142701720558476634e+06
-6.286220286377623978e+00,2.144412255563438841e+00,2.377060213016351398e+00,3.971557384643367716e-02,8.500000000000000611e-02,3.000000000000000000e+00,5.142701720558476634e+06
-6.480564840009667371e+00,1.547138841473195470e+00,2.178333908631165272e+00,3.824916790779657738e-01,8.500000000000000611e-02,3.000000000000000000e+00,5.142701720558476634e+06
-5.795208006906525711e+00,1.531875216003434792e+00,1.428572448312069421e+00,3.615142622208775691e-01,8.500000000000000611e-02,3.000000000000000000e+00,5.142701720558476634e+06
-5.602137563515869445e+00,7.586079901782269985e-01,4.409771706087040610e-01,3.283875525017333485e-01,8.500000000000000611e-02,3.000000000000000000e+00,5.142701720558476634e+06
-5.539631144627806592e+00,1.470928252166011196e+00,9.294787417401387808e-01,-8.340238660555721051e-02,8.500000000000000611e-02,3.000000000000000000e+00,5.142701720558476634e+06
-5.252116054412142354e+00,2.389021272878003366e+00,1.559785315255496352e+00,-6.517590916631468834e-02,8.500000000000000611e-02,3.000000000000000000e+00,5.142701720558476634e+06
-5.144774668864720013e+00,2.815154797985735868e+00,1.856607599625273108e+00,-7.585246369379575193e-02,8.500000000000000611e-02,3.000000000000000000e+00,5.142701720558476634e+06
-5.302298586702963057e+00,2.820942497339382626e+00,1.993099388022426588e+00,-5.142174931913257030e-02,8.500000000000000611e-02,3.000000000000000000e+00,5.142701720558476634e+06
-5.305444780728807430e+00,2.886356533969072213e+00,2.062388862498716335e+00,-1.327544295442452671e-01,8.500000000000000611e-02,3.000000000000000000e+00,5.142701720558476634e+06
-5.372133969901042860e+00,2.683673478493775466e+00,2.154167634097233552e+00,4.315739066759010645e-01,8.500000000000000611e-02,3.000000000000000000e+00,5.142701720558476634e+06
-6.064775283565116304e+00,2.325060363532949648e+00,2.369395440899123795e+00,2.587522488101557938e-01,8.500000000000000611e-02,3.000000000000000000e+00,5.142701720558476634e+06
-5.838624806123559274e+00,1.866960880214001861e+00,1.719898690214677783e+00,2.487100794786647473e-01,8.500000000000000611e-02,3.000000000000000000e+00,5.142701720558476634e+06
-6.311635111865180114e+00,2.415855403808908619e+00,2.695549138335410433e+00,1.918613374960679296e-01,8.500000000000000611e-02,3.000000000000000000e+00,5.142701720558476634e+06
-6.540645498015424053e+00,1.900323027869607051e+00,2.383374247099868448e+00,1.098685072514081901e-01,8.500000000000000611e-02,3.000000000000000000e+00,5.142701720558476634e+06
-6.313657579271866105e+00,2.248210645322823442e+00,2.363322561596841176e+00,-1.155504886937507303e-01,8.500000000000000611e-02,3.000000000000000000e+00,5.142701720558476634e+06
-5.929646106074671685e+00,1.686195873224225039e+00,1.447600880722837324e+00,-1.264865810998936912e-01,8.500000000000000611e-02,3.000000000000000000e+00,5.142701720558476634e+06
-6.668903543372650233e+00,2.715050389331793657e+00,3.238714782824189786e+00,-5.859653005661533132e-02,8.500000000000000611e-02,3.000000000000000000e+00,5.142701720558476634e+06
-6.564549024425146762e+00,2.268548664352261213e+00,2.786814635511124294e+00,2.240184001897167071e-02,8.500000000000000611e-02,3.000000000000000000e+00,5.142701720558476634e+06
-6.267901644429489494e+00,2.905007107228411378e+00,3.219100134404166980e+00,2.359525493453562550e-01,8.500000000000000611e-02,3.000000000000000000e+00,5.142701720558476634e+06
-6.289985959430202556e+00,2.784376336932045781e+00,3.122296728053036929e+00,1.971899397379373031e-01,8.500000000000000611e-02,3.000000000000000000e+00,5.142701720558476634e+06
-6.219988679297502543e+00,2.317277403651825551e+00,2.540228276797684259e+00,1.023540535899722104e-01,8.500000000000000611e-02,3.000000000000000000e+00,5.142701720558476634e+06
-6.125194251578551352e+00,2.247737089877122507e+00,2.408801529380970141e+00,1.452396605934699048e-01,8.500000000000000611e-02,3.000000000000000000e+00,5.142701720558476634e+06
-6.046859184388805097e+00,2.353835806896976912e+00,2.500276877497007888e+00,2.735694016194889500e-01,8.500000000000000611e-02,3.000000000000000000e+00,5.142701720558476634e+06
-6.112586222316185314e+00,2.231436317911164924e+00,2.565577747886067961e+00,5.911803968847054724e-01,8.500000000000000611e-02,3.000000000000000000e+00,5.142701720558476634e+06
-5.970554297755357176e+00,1.950184054153473845e+00,2.084091313945878099e+00,5.073023514982378801e-01,8.500000000000000611e-02,3.000000000000000000e+00,5.142701720558476634e+06
-5.800336153771890046e+00,1.873494973443648570e+00,1.750277969063418038e+00,3.319337307391272973e-01,8.500000000000000611e-02,3.000000000000000000e+00,5.142701720558476634e+06
-6.494308971953642207e+00,1.708295213877383922e+00,2.410475193299070895e+00,5.372893145442878549e-01,8.500000000000000611e-02,3.000000000000000000e+00,5.142701720558476634e+06
-6.483069446738706887e+00,1.639200778268026903e+00,2.314198758331297068e+00,5.027560396599421999e-01,8.500000000000000611e-02,3.000000000000000000e+00,5.142701720558476634e+06
-6.472193384343676748e+00,1.245054639551347986e+00,1.756029072692462112e+00,3.276796675356292154e-01,8.500000000000000611e-02,3.000000000000000000e+00,5.142701720558476634e+06
-6.500769598862332188e+00,1.047510134482845467e+00,1.362657281567203560e+00,-1.093597076954531955e-01,8.500000000000000611e-02,3.000000000000000000e+00,5.142701720558476634e+06
-6.657974362396606338e+00,1.269470214426178911e+00,1.665950218354965706e+00,-2.743290547428713921e-01,8.500000000000000611e-02,3.000000000000000000e+00,5.142701720558476634e+06
-6.097064490765707667e+00,1.823106160387754970e+00,1.785622958352937051e+00,-1.647532405628575614e-01,8.500000000000000611e-02,3.000000000000000000e+00,5.142701720558476634e+06
-5.675678496421443953e+00,2.547593801107723266e+00,1.881303373276489221e+00,-5.711941069404590232e-01,8.500000000000000611e-02,3.000000000000000000e+00,5.142701720558476634e+06
-5.791083560002066477e+00,1.553232299283437756e+00,1.235882143809589717e+00,-1.997495343387968025e-01,8.500000000000000611e-02,3.000000000000000000e+00,5.142701720558476634e+06
-6.187382923992488237e+00,5.860442130323780807e-01,5.599882438769167026e-01,-3.167795822766217850e-01,8.500000000000000611e-02,3.000000000000000000e+00,5.142701720558476634e+06
-5.922659476886986241e+00,2.230683272475668666e+00,1.988538753818340998e+00,-1.857148622144962347e-01,8.500000000000000611e-02,3.000000000000000000e+00,5.142701720558476634e+06
-5.997576306006141778e+00,1.832491806978335358e+00,1.529151568483740231e+00,-5.142478789258879690e-01,8.500000000000000611e-02,3.000000000000000000e+00,5.142701720558476634e+06
-5.827739807108352821e+00,1.879207589916355614e+00,1.314756466097822374e+00,-9.032760721015736793e-01,8.500000000000000611e-02,3.000000000000000000e+00,5.142701720558476634e+06
-5.925620135684335210e+00,2.012949156700062581e+00,1.580172310004400504e+00,-7.347371788263068471e-01,8.500000000000000611e-02,3.000000000000000000e+00,5.142701720558476634e+06
-5.586507997612461196e+00,2.060477973634792459e+00,1.133174284203926740e+00,-1.504440270419707293e+00,8.500000000000000611e-02,3.000000000000000000e+00,5.142701720558476634e+06
-5.853955066857186473e+00,8.217812674108229132e-01,3.380277022889943694e-01,-1.438150404101793622e+00,8.500000000000000611e-02,3.000000000000000000e+00,5.142701720558476634e+06
-5.854800372688037768e+00,1.131785070122254488e+00,5.678187990751836223e-01,-1.950343620536528988e+00,8.500000000000000611e-02,3.000000000000000000e+00,5.142701720558476634e+06
-5.854800372688037768e+00,1.131785070122254488e+00,5.678187990751836223e-01,-1.950343620536528988e+00,8.500000000000000611e-02,3.000000000000000000e+00,5.142701720558476634e+06
-5.845827352076473638e+00,1.168774405859454246e+00,5.744307552522908145e-01,-2.045045017034496038e+00,8.500000000000000611e-02,3.000000000000000000e+00,5.142701720558476634e+06
-5.776850474693270066e+00,1.030773098227334872e+00,3.962432232790105702e-01,-1.787777824348781852e+00,8.500000000000000611e-02,3.000000000000000000e+00,5.142701720558476634e+06
-5.941434366822687885e+00,9.388442426893164328e-01,4.596791745714432498e-01,-1.966374663558009050e+00,8.500000000000000611e-02,3.000000000000000000e+00,5.142701720558476634e+06
-5.928653468271999571e+00,1.066626529609876251e+00,5.924620810534020343e-01,-1.746645194942046064e+00,8.500000000000000611e-02,3.000000000000000000e+00,5.142701720558476634e+06
-6.092539289637250555e+00,1.060883446841315747e+00,6.883075897387129771e-01,-1.922215954188019049e+00,8.500000000000000611e-02,3.000000000000000000e+00,5.142701720558476634e+06
-5.191954370011131914e+00,1.051176743298433136e+00,-1.522424071769696852e-01,-1.255370538615785847e+00,8.500000000000000611e-02,3.000000000000000000e+00,5.142701720558476634e+06
-4.838193740508133445e+00,8.738592053582590058e-01,-7.869727259259146068e-01,-1.885226348170809807e+00,8.500000000000000611e-02,3.000000000000000000e+00,5.142701720558476634e+06
-5.944316546759696784e+00,2.719424170468255575e+00,2.398189790298425716e+00,-4.429098624788667116e-01,8.500000000000000611e-02,3.000000000000000000e+00,5.142701720558476634e+06
-5.752572471108585717e+00,2.041878439406350054e+00,1.762381578853403408e+00,2.919537019986269133e-01,8.500000000000000611e-02,3.000000000000000000e+00,5.142701720558476634e+06
-5.977647385980783490e+00,1.515662189509654256e+00,1.513223116491619002e+00,8.730834531797238007e-02,8.500000000000000611e-02,3.000000000000000000e+00,5.142701720558476634e+06
-5.810885569275480833e+00,1.706231568549410049e-01,7.075709534811025492e-02,-5.314032765990417406e-02,8.500000000000000611e-02,3.000000000000000000e+00,5.142701720558476634e+06
-5.556459887997089453e+00,1.425139542023316608e+00,9.724091432938466451e-01,-6.901349239033820193e-02,8.500000000000000611e-02,3.000000000000000000e+00,5.142701720558476634e+06
-5.680824796697263146e+00,2.408982034293019048e+00,1.871937175083619787e+00,-5.022764035213778122e-01,8.500000000000000611e-02,3.000000000000000000e+00,5.142701720558476634e+06
-5.523779195204965298e+00,1.950389936212593156e+00,1.328720145122545881e+00,-2.399012198891755931e-01,8.500000000000000611e-02,3.000000000000000000e+00,5.142701720558476634e+06
-6.342983661437830989e+00,2.275779495135318964e+00,2.620380491914303889e+00,-1.832918856600129764e-02,8.500000000000000611e-02,3.000000000000000000e+00,5.142701720558476634e+06
-5.917121198084100975e+00,1.510357304008834944e+00,1.191909717068311725e+00,-5.337057874994812767e-01,8.500000000000000611e-02,3.000000000000000000e+00,5.142701720558476634e+06
-5.619972773502530217e+00,7.309474134359468245e-01,-1.315023722024294406e-02,-9.977080751828542038e-01,8.500000000000000611e-02,3.000000000000000000e+00,5.142701720558476634e+06
-5.362817988156758808e+00,8.030549108321591856e-01,1.205551527409465251e-01,5.050713694252850772e-02,8.500000000000000611e-02,3.000000000000000000e+00,5.142701720558476634e+06
-5.531388139488117694e+00,1.391734749642110414e+00,7.709455412479589986e-01,-9.055343676974922373e-02,8.500000000000000611e-02,3.000000000000000000e+00,5.142701720558476634e+06
-5.452041857850888462e+00,1.666486020611931629e+00,9.885007638925062956e-01,5.666030442973507553e-02,8.500000000000000611e-02,3.000000000000000000e+00,5.142701720558476634e+06
-5.612704919826411398e+00,1.409317950131668384e+00,9.330343966218364038e-01,8.949329954597962100e-02,8.500000000000000611e-02,3.000000000000000000e+00,5.142701720558476634e+06
-5.542920526631916367e+00,1.391507206796062324e+00,8.462226338627010236e-01,5.090039757765370265e-02,8.500000000000000611e-02,3.000000000000000000e+00,5.142701720558476634e+06
-6.143153812975951311e+00,1.459991965029060701e+00,1.621534076221374132e+00,2.468209407367411568e-01,8.500000000000000611e-02,3.000000000000000000e+00,5.142701720558476634e+06
-6.002779141118431916e+00,2.258146235724677098e+00,2.113084744280152805e+00,-1.844989335007823916e-02,8.500000000000000611e-02,3.000000000000000000e+00,5.142701720558476634e+06
-6.263598903143805963e+00,2.558017835920764149e+00,2.661459934847317577e+00,-3.592204744468432964e-02,8.500000000000000611e-02,3.000000000000000000e+00,5.142701720558476634e+06
-5.949112058741108378e+00,2.506039073632493341e+00,2.311193912087573743e+00,-2.030623246483288791e-02,8.500000000000000611e-02,3.000000000000000000e+00,5.142701720558476634e+06
-5.532584921861029237e+00,2.926338590960563035e+00,2.185285396690305859e+00,-8.994206630730947061e-02,8.500000000000000611e-02,3.000000000000000000e+00,5.142701720558476634e+06
-5.477209691457993301e+00,2.486978445005774141e+00,1.650639794990505171e+00,-5.158516303355158428e-01,8.500000000000000611e-02,3.000000000000000000e+00,5.142701720558476634e+06
-5.696371172313363651e+00,2.274260523729699557e+00,1.794134484576011879e+00,-2.378984803269403314e-01,8.500000000000000611e-02,3.000000000000000000e+00,5.142701720558476634e+06
-5.333522664791345846e+00,2.473764567142941129e+00,1.503814121467292209e+00,-4.076648122944696584e-01,8.500000000000000611e-02,3.000000000000000000e+00,5.142701720558476634e+06
-5.535997126939670387e+00,2.397976377763594513e+00,1.615755584367892350e+00,-5.499779899579778641e-01,8.500000000000000611e-02,3.000000000000000000e+00,5.142701720558476634e+06
-5.074089515769983016e+00,2.606215583858450646e+00,1.305387716689260458e+00,-6.280150968903507325e-01,8.500000000000000611e-02,3.000000000000000000e+00,5.142701720558476634e+06
-5.711264921198893951e+00,2.592074312393217284e+00,2.120177060448559025e+00,-1.721306155483963707e-01,8.500000000000000611e-02,3.000000000000000000e+00,5.142701720558476634e+06
-5.640726265199932143e+00,2.672615816206418415e+00,2.106181402779461198e+00,-2.455067014087969623e-01,8.500000000000000611e-02,3.000000000000000000e+00,5.142701720558476634e+06
-5.435421780065629704e+00,2.395951723677720135e+00,1.772245036788083317e+00,1.197372768896075579e-01,8.500000000000000611e-02,3.000000000000000000e+00,5.142701720558476634e+06
-5.283016915965506932e+00,2.852217887259363316e+00,2.138504832214223494e+00,2.796897574565521127e-01,8.500000000000000611e-02,3.000000000000000000e+00,5.142701720558476634e+06
-5.478178568841599372e+00,1.901559730826026584e+00,1.163328182397148636e+00,-3.087803220986662378e-01,8.500000000000000611e-02,3.000000000000000000e+00,5.142701720558476634e+06
-5.442224522534481856e+00,2.044584811253632672e+00,1.231623466426844171e+00,-4.032107494645479906e-01,8.500000000000000611e-02,3.000000000000000000e+00,5.142701720558476634e+06
-5.382346463200360809e+00,2.656762494726085055e+00,1.845145860299987284e+00,-1.310731056189369248e-01,8.500000000000000611e-02,3.000000000000000000e+00,5.142701720558476634e+06
-5.629536800249750783e+00,2.694748123987669608e+00,2.326749202174595244e+00,1.645144332162264966e-01,8.500000000000000611e-02,3.000000000000000000e+00,5.142701720558476634e+06
-5.298374817617580668e+00,2.224199880458517686e+00,1.393716162864272468e+00,8.316977174952122631e-02,8.500000000000000611e-02,3.000000000000000000e+00,5.142701720558476634e+06
-5.404891274203336593e+00,2.092015790390076013e+00,1.449394967487983132e+00,3.037142467368534882e-01,8.500000000000000611e-02,3.000000000000000000e+00,5.142701720558476634e+06
-5.923797859148163703e+00,2.306975729522951823e+00,2.147226443983597299e+00,1.456529042703896271e-01,8.500000000000000611e-02,3.000000000000000000e+00,5.142701720558476634e+06
-5.814543043475926432e+00,2.128241232946103789e+00,1.824043337166221246e+00,3.421287318722293636e-02,8.500000000000000611e-02,3.000000000000000000e+00,5.142701720558476634e+06
-6.085808361135126354e+00,1.989990053573160722e+00,1.987921620785445098e+00,3.167156555092026649e-02,8.500000000000000611e-02,3.000000000000000000e+00,5.142701720558476634e+06
-7.152744809770259948e+00,1.849124349415971480e+00,3.106787120167996630e+00,4.038619167113820518e-01,8.500000000000000611e-02,3.000000000000000000e+00,5.142701720558476634e+06
-6.775487896250322883e+00,1.896644316000582364e+00,2.705615784303848859e+00,2.123005335770261903e-01,8.500000000000000611e-02,3.000000000000000000e+00,5.142701720558476634e+06
-6.107952593181065204e+00,2.132018467268434136e+00,2.237740011807653584e+00,2.013269326334726772e-01,8.500000000000000611e-02,3.000000000000000000e+00,5.142701720558476634e+06
-5.590062491878160955e+00,2.103612789976973652e+00,1.545066592981134246e+00,-1.140936712040500067e-01,8.500000000000000611e-02,3.000000000000000000e+00,5.142701720558476634e+06
-5.657219535056733584e+00,2.137047356784107066e+00,1.511168762081992689e+00,-5.164825220712461196e-01,8.500000000000000611e-02,3.000000000000000000e+00,5.142701720558476634e+06
-6.326269830881362743e+00,2.634357411568773788e+00,2.800134085200416845e+00,-2.160256169649067415e-01,8.500000000000000611e-02,3.000000000000000000e+00,5.142701720558476634e+06
-6.252818558020774020e+00,2.782886443582525793e+00,2.769869689438179794e+00,-5.984617377826233486e-01,8.500000000000000611e-02,3.000000000000000000e+00,5.142701720558476634e+06
-5.914737157536404055e+00,2.506120048444687054e+00,2.036412370350247691e+00,-9.729875631941775627e-01,8.500000000000000611e-02,3.000000000000000000e+00,5.142701720558476634e+06
-5.998041663085078135e+00,2.885526929048402245e+00,2.501135865558516080e+00,-1.153978437066363494e+00,8.500000000000000611e-02,3.000000000000000000e+00,5.142701720558476634e+06
-5.922233448727416416e+00,2.930168568917101091e+00,2.458498900633719675e+00,-1.204998063022278298e+00,8.500000000000000611e-02,3.000000000000000000e+00,5.142701720558476634e+06
-6.211414145617246696e+00,2.347547374596406389e+00,2.230732225711871131e+00,-1.043246145216176313e+00,8.500000000000000611e-02,3.000000000000000000e+00,5.142701720558476634e+06
-6.628190042110072788e+00,2.447835625862813558e+00,2.651778557305495276e+00,-1.547508871559770682e+00,8.500000000000000611e-02,3.000000000000000000e+00,5.142701720558476634e+06
-6.475801062929515517e+00,2.356158989316783359e+00,2.581907368007708925e+00,-7.499872824787072734e-01,8.500000000000000611e-02,3.000000000000000000e+00,5.142701720558476634e+06
-6.139367126386533258e+00,2.997232904927960462e+00,2.690427237115658787e+00,-1.360100574547166596e+00,8.500000000000000611e-02,3.000000000000000000e+00,5.142701720558476634e+06
-6.139367126386533258e+00,2.997232904927960462e+00,2.690427237115658787e+00,-1.360100574547166596e+00,8.500000000000000611e-02,3.000000000000000000e+00,5.142701720558476634e+06
-6.019167615319343412e+00,2.975971610226050945e+00,2.540377415885846535e+00,-1.351904056329777948e+00,8.500000000000000611e-02,3.000000000000000000e+00,5.142701720558476634e+06
-6.027766455220339381e+00,2.975303419899995472e+00,2.551043569249987097e+00,-1.349114533163289442e+00,8.500000000000000611e-02,3.000000000000000000e+00,5.142701720558476634e+06
-6.200042193511147381e+00,2.509544060576255120e+00,2.322321867865781542e+00,-1.212717380668886236e+00,8.500000000000000611e-02,3.000000000000000000e+00,5.142701720558476634e+06
-6.282737550296622508e+00,2.732988823753107255e+00,2.593581005868641043e+00,-1.504676599520075264e+00,8.500000000000000611e-02,3.000000000000000000e+00,5.142701720558476634e+06
-5.843311006881409142e+00,2.236869213495076281e+00,1.625633475418200913e+00,-1.702663972083254373e+00,8.500000000000000611e-02,3.000000000000000000e+00,5.142701720558476634e+06
-5.831622113506613303e+00,2.077537832167536180e+00,1.500320929740616149e+00,-1.478075149967547963e+00,8.500000000000000611e-02,3.000000000000000000e+00,5.142701720558476634e+06
-5.749768604951196238e+00,2.190377540276033042e+00,1.493998338540776905e+00,-1.805240889156301431e+00,8.500000000000000611e-02,3.000000000000000000e+00,5.142701720558476634e+06
-5.613562900849221826e+00,2.297172093965056394e+00,1.421841597817660618e+00,-2.119032214932190517e+00,8.500000000000000611e-02,3.000000000000000000e+00,5.142701720558476634e+06
-5.598820281889933526e+00,2.379229821965645808e+00,1.435973983434270851e+00,-2.240197248879231662e+00,8.500000000000000611e-02,3.000000000000000000e+00,5.142701720558476634e+06
-5.739548640657920586e+00,2.266670279906361607e+00,1.565417473483704747e+00,-1.794019456440056670e+00,8.500000000000000611e-02,3.000000000000000000e+00,5.142701720558476634e+06
-5.831272730129128057e+00,2.438412666196450029e+00,1.809120428345120324e+00,-2.016112236002904901e+00,8.500000000000000611e-02,3.000000000000000000e+00,5.142701720558476634e+06
-6.022995560671766668e+00,2.633576260052238993e+00,2.182125013743681841e+00,-2.262972611607516171e+00,8.500000000000000611e-02,3.000000000000000000e+00,5.142701720558476634e+06
-5.917952371163383241e+00,2.583133441961458221e+00,2.040667644633051836e+00,-2.354954931174397359e+00,8.500000000000000611e-02,3.000000000000000000e+00,5.142701720558476634e+06
-6.096793761376510190e+00,2.411460034447374667e+00,1.963616970827471109e+00,-2.856888276829360862e+00,8.500000000000000611e-02,3.000000000000000000e+00,5.142701720558476634e+06
-6.018289653813289952e+00,2.034510095118027717e+00,1.617779701144755222e+00,-2.242184728253142634e+00,8.500000000000000611e-02,3.000000000000000000e+00,5.142701720558476634e+06
-5.877350888266597906e+00,1.520549989798188895e+00,9.521684362132080137e-01,-1.665736899149807826e+00,8.500000000000000611e-02,3.000000000000000000e+00,5.142701720558476634e+06
-5.854776168119390611e+00,1.671685903145886831e+00,1.102302068820709691e+00,-1.566616663079839711e+00,8.500000000000000611e-02,3.000000000000000000e+00,5.142701720558476634e+06
-6.138322443954237428e+00,1.671457919603649644e+00,1.373835097993667986e+00,-1.809752975125630492e+00,8.500000000000000611e-02,3.000000000000000000e+00,5.142701720558476634e+06
-6.543611084834613401e+00,1.082540427283247064e+00,1.176432021969721520e+00,-1.572641251887352265e+00,8.500000000000000611e-02,3.000000000000000000e+00,5.142701720558476634e+06
-6.257110015428565042e+00,5.420784602225896531e-01,5.454309121508758018e-01,-8.377615089744610000e-01,8.500000000000000611e-02,3.000000000000000000e+00,5.142701720558476634e+06
-6.137859184817502367e+00,1.562721483776730702e+00,1.303009255038187320e+00,-1.060156177555508394e+00,8.500000000000000611e-02,3.000000000000000000e+00,5.142701720558476634e+06
-6.164790834701349809e+00,1.500338650684480912e+00,1.331386662856161696e+00,-9.216565868967524500e-01,8.500000000000000611e-02,3.000000000000000000e+00,5.142701720558476634e+06
-5.913185602908164640e+00,1.417523135659985112e+00,9.210524061103255722e-01,-1.098222598351936030e+00,8.500000000000000611e-02,3.000000000000000000e+00,5.142701720558476634e+06
-6.775003279004474521e+00,1.826787602115285347e+00,2.241130442405334655e+00,-1.036815736762253026e+00,8.500000000000000611e-02,3.000000000000000000e+00,5.142701720558476634e+06
-6.596571618190373520e+00,1.883055626150369477e+00,2.068426351017736309e+00,-1.090397995000675246e+00,8.500000000000000611e-02,3.000000000000000000e+00,5.142701720558476634e+06
-5.836291935539670739e+00,1.925828170336901568e+00,1.394944186451103407e+00,-8.006794122641446299e-01,8.500000000000000611e-02,3.000000000000000000e+00,5.142701720558476634e+06
-5.900705966010311165e+00,2.025710314031100356e+00,1.569491137340107034e+00,-7.481034496583710558e-01,8.500000000000000611e-02,3.000000000000000000e+00,5.142701720558476634e+06
-6.169268609988833418e+00,2.187881827031801230e+00,2.117511377350457025e+00,-4.337125207871331267e-01,8.500000000000000611e-02,3.000000000000000000e+00,5.142701720558476634e+06
-6.151638026081384325e+00,1.302906253625358390e+00,1.097766155612957428e+00,-9.128044556850445357e-01,8.500000000000000611e-02,3.000000000000000000e+00,5.142701720558476634e+06
-6.396355485114016304e+00,1.525306158543339397e+00,1.677742728457188859e+00,-3.100406387900696559e-01,8.500000000000000611e-02,3.000000000000000000e+00,5.142701720558476634e+06
-6.405713230633174327e+00,2.197215839024838857e+00,2.364348181705658192e+00,-2.506290320835780072e-01,8.500000000000000611e-02,3.000000000000000000e+00,5.142701720558476634e+06
-6.132590750024205839e+00,1.489012927952465093e+00,1.391994664472365084e+00,-1.980675389790817198e-01,8.500000000000000611e-02,3.000000000000000000e+00,5.142701720558476634e+06
-5.678024526195042831e+00,1.871309911732326858e+00,1.282927430554590575e+00,-2.682388524313714662e-01,8.500000000000000611e-02,3.000000000000000000e+00,5.142701720558476634e+06
-5.732372526724202721e+00,1.511121673576877322e+00,1.032130896312373203e+00,-1.368731121837284959e-01,8.500000000000000611e-02,3.000000000000000000e+00,5.142701720558476634e+06
-5.489372929154717085e+00,1.612992222435496004e+00,8.666722449730781541e-01,-2.149448063011407672e-01,8.500000000000000611e-02,3.000000000000000000e+00,5.142701720558476634e+06
-5.925449270080752839e+00,1.891795204757455551e+00,1.642577527610554977e+00,-2.323220465405388957e-01,8.500000000000000611e-02,3.000000000000000000e+00,5.142701720558476634e+06
-6.060651228432929472e+00,1.678120414684520778e+00,1.356749581669687732e+00,-7.366685280890552523e-01,8.500000000000000611e-02,3.000000000000000000e+00,5.142701720558476634e+06
-6.103949390472797276e+00,1.592417087972283651e+00,1.595414237103994548e+00,-1.142051454801781274e-01,8.500000000000000611e-02,3.000000000000000000e+00,5.142701720558476634e+06
-5.850593765723884232e+00,1.150417342049486535e+00,8.124905225938667819e-01,-2.654539615559200483e-01,8.500000000000000611e-02,3.000000000000000000e+00,5.142701720558476634e+06
-5.257498303333626666e+00,6.156450022252597520e-01,-2.363645323732737058e-01,-3.048953541776434628e-01,8.500000000000000611e-02,3.000000000000000000e+00,5.142701720558476634e+06
-4.849700336724661831e+00,3.489957868696591525e-01,-9.546838212061805606e-01,-4.237818132498251122e-01,8.500000000000000611e-02,3.000000000000000000e+00,5.142701720558476634e+06
-5.003438626337342932e+00,2.062149498955731186e+00,8.226540176743023514e-01,-5.590738210163158639e-01,8.500000000000000611e-02,3.000000000000000000e+00,5.142701720558476634e+06
-5.184323246359170412e+00,2.390695724100126540e+00,1.321260177434354199e+00,-4.165719412241467579e-01,8.500000000000000611e-02,3.000000000000000000e+00,5.142701720558476634e+06
-5.354696141813784394e+00,2.268134391293784802e+00,1.458125941140076876e+00,-1.671394543864226367e-01,8.500000000000000611e-02,3.000000000000000000e+00,5.142701720558476634e+06
-4.885540370365760054e+00,1.672213109829306044e+00,1.872102772969652662e-01,-5.269797407528495903e-01,8.500000000000000611e-02,3.000000000000000000e+00,5.142701720558476634e+06
-4.989682954077710342e+00,1.714280124346658996e+00,3.504528708804335313e-01,-6.743934934961387517e-01,8.500000000000000611e-02,3.000000000000000000e+00,5.142701720558476634e+06
-5.518729690209105421e+00,1.688152078273724932e+00,7.895040606883458878e-01,-9.515096859566004595e-01,8.500000000000000611e-02,3.000000000000000000e+00,5.142701720558476634e+06
-6.526793397917238337e+00,1.250883448293357514e+00,1.436029876974931785e+00,-7.329708012094692249e-01,8.500000000000000611e-02,3.000000000000000000e+00,5.142701720558476634e+06
-6.117276861932650078e+00,1.346921864047454065e+00,1.181990839917965497e+00,-5.363166563260485242e-01,8.500000000000000611e-02,3.000000000000000000e+00,5.142701720558476634e+06
-6.427770707023254815e+00,1.278198250823052717e+00,1.816925266037096032e+00,2.674163895796013435e-01,8.500000000000000611e-02,3.000000000000000000e+00,5.142701720558476634e+06
-6.167190772089279349e+00,2.275607124317641006e+00,2.433674947669840272e+00,-3.363850040071322822e-03,8.500000000000000611e-02,3.000000000000000000e+00,5.142701720558476634e+06
-6.445722853150281928e+00,2.206177917330040650e+00,2.714839650061223963e+00,1.225081607795058258e-01,8.500000000000000611e-02,3.000000000000000000e+00,5.142701720558476634e+06
-5.506420614142687242e+00,2.001909606205899195e+00,1.220532631376607169e+00,-2.991827465893402427e-01,8.500000000000000611e-02,3.000000000000000000e+00,5.142701720558476634e+06
-4.939217659121347026e+00,2.881118846749957996e+00,1.579670295552292547e+00,-2.732163409703494694e-01,8.500000000000000611e-02,3.000000000000000000e+00,5.142701720558476634e+06
-5.097761272189003989e+00,2.820326620915627025e+00,1.700701466388863103e+00,-2.333022158249650757e-01,8.500000000000000611e-02,3.000000000000000000e+00,5.142701720558476634e+06
-5.129264170082193708e+00,2.889043857046367680e+00,1.775569477939996421e+00,-4.925938806450632090e-01,8.500000000000000611e-02,3.000000000000000000e+00,5.142701720558476634e+06
-4.989318659358357166e+00,2.954852446488243523e+00,1.698229832847554910e+00,-2.079802421794827438e-01,8.500000000000000611e-02,3.000000000000000000e+00,5.142701720558476634e+06
-5.284417193686907765e+00,2.716271389517616708e+00,1.787516082284922092e+00,-1.743589684303507303e-01,8.500000000000000611e-02,3.000000000000000000e+00,5.142701720558476634e+06
-5.327932284639834037e+00,2.965424331959323645e+00,2.120854022682232998e+00,-7.090583206643230607e-02,8.500000000000000611e-02,3.000000000000000000e+00,5.142701720558476634e+06
-4.894463352367766973e+00,2.496576514922350221e+00,1.287191289979006115e+00,3.317139203108609991e-03,8.500000000000000611e-02,3.000000000000000000e+00,5.142701720558476634e+06
-5.042457816100473167e+00,2.291521794885682084e+00,1.201016141788417979e+00,-1.637593595031701932e-01,8.500000000000000611e-02,3.000000000000000000e+00,5.142701720558476634e+06
-5.366680747717067490e+00,1.749380359703929910e+00,1.043168320039175923e+00,2.254494391121442121e-02,8.500000000000000611e-02,3.000000000000000000e+00,5.142701720558476634e+06
-4.771178345290875811e+00,1.327456439311565539e+00,-5.702214697970608981e-03,-7.343101275795943517e-02,8.500000000000000611e-02,3.000000000000000000e+00,5.142701720558476634e+06
-5.724723407651700846e+00,1.113539728948292451e+00,8.474670764822224145e-01,1.419789446073008998e-01,8.500000000000000611e-02,3.000000000000000000e+00,5.142701720558476634e+06
-6.819022722959188876e+00,1.539446969321610625e+00,2.694816707961061653e+00,6.490017951541070529e-01,8.500000000000000611e-02,3.000000000000000000e+00,5.142701720558476634e+06
-7.159712604470569453e+00,1.075320873666649524e+00,2.734555503494259909e+00,8.714097211434478352e-01,8.500000000000000611e-02,3.000000000000000000e+00,5.142701720558476634e+06
-6.708072484186328843e+00,1.357971785405960752e+00,2.275535160152430070e+00,4.496966048820799644e-01,8.500000000000000611e-02,3.000000000000000000e+00,5.142701720558476634e+06
-6.685780646094422686e+00,1.637308744005792960e+00,2.558534386360177937e+00,5.325370930453274809e-01,8.500000000000000611e-02,3.000000000000000000e+00,5.142701720558476634e+06
-6.597994347892858436e+00,2.057742414891985394e+00,2.747876763683158252e+00,3.060817202397101422e-01,8.500000000000000611e-02,3.000000000000000000e+00,5.142701720558476634e+06
-5.366864914834135192e+00,1.485880019559933096e+00,5.541506555944848422e-01,-2.507736697246654156e-01,8.500000000000000611e-02,3.000000000000000000e+00,5.142701720558476634e+06
-5.471286277224137962e+00,1.447327987392656334e+00,6.622616457092280751e-01,-3.114276745393517176e-01,8.500000000000000611e-02,3.000000000000000000e+00,5.142701720558476634e+06
-5.785610355085226253e+00,1.062323090629098576e+00,7.698324499696617140e-01,-4.535677953726285905e-02,8.500000000000000611e-02,3.000000000000000000e+00,5.142701720558476634e+06
-5.553777239829592816e+00,1.198117060446711291e+00,6.294298214788853763e-01,-8.797091376911486682e-02,8.500000000000000611e-02,3.000000000000000000e+00,5.142701720558476634e+06
-5.984982504962980343e+00,1.133794157625565902e+00,8.842610377163733215e-01,-2.592217726462098804e-01,8.500000000000000611e-02,3.000000000000000000e+00,5.142701720558476634e+06
-5.561337689061329748e+00,1.417409045458289940e+00,7.368172969057921184e-01,-2.431676951680045162e-01,8.500000000000000611e-02,3.000000000000000000e+00,5.142701720558476634e+06
-5.140159828061504399e+00,1.490223822214733262e+00,3.589434559310871187e-01,-3.426752153170332660e-01,8.500000000000000611e-02,3.000000000000000000e+00,5.142701720558476634e+06
-5.016117661435547603e+00,1.528843469736427707e+00,2.866284731274545416e-01,-4.037335050213139431e-01,8.500000000000000611e-02,3.000000000000000000e+00,5.142701720558476634e+06
-5.016117661435547603e+00,1.528843469736427707e+00,2.866284731274545416e-01,-4.037335050213139431e-01,8.500000000000000611e-02,3.000000000000000000e+00,5.142701720558476634e+06
-6.009970342246085728e+00,1.799245392325763859e+00,1.615711023982090211e+00,-2.924549275511185709e-01,8.500000000000000611e-02,3.000000000000000000e+00,5.142701720558476634e+06
-4.978222295163176270e+00,1.290271702320703540e+00,-1.241842225275440192e-01,-7.588576236923259000e-01,8.500000000000000611e-02,3.000000000000000000e+00,5.142701720558476634e+06
-5.441273527835548407e+00,1.232697185735080803e+00,4.098360599175719932e-01,-4.869302864500698602e-01,8.500000000000000611e-02,3.000000000000000000e+00,5.142701720558476634e+06
-5.648687962714268984e+00,1.692191384583423330e+00,9.247058142598121311e-01,-1.016893875066992026e+00,8.500000000000000611e-02,3.000000000000000000e+00,5.142701720558476634e+06
-5.771234983025374632e+00,2.029917346516640908e+00,1.376031904736169542e+00,-8.193062589895122594e-01,8.500000000000000611e-02,3.000000000000000000e+00,5.142701720558476634e+06
-5.677455205811138939e+00,1.892482396820170720e+00,1.209821363014342399e+00,-6.915631635854275761e-01,8.500000000000000611e-02,3.000000000000000000e+00,5.142701720558476634e+06
-5.373146749144241952e+00,1.326480245638293587e+00,4.019235655835107224e-01,-4.115388352393190008e-01,8.500000000000000611e-02,3.000000000000000000e+00,5.142701720558476634e+06
-5.653589018243533992e+00,1.430767439688654719e+00,8.503150657215382546e-01,-3.212059363683038571e-01,8.500000000000000611e-02,3.000000000000000000e+00,5.142701720558476634e+06
-5.764480644527004038e+00,1.229974871267001335e+00,8.061024725003755886e-01,-1.817755824885271543e-01,8.500000000000000611e-02,3.000000000000000000e+00,5.142701720558476634e+06
-6.084005582528939193e+00,1.152327805135314298e+00,1.121671753770946856e+00,-5.847016189840531508e-02,8.500000000000000611e-02,3.000000000000000000e+00,5.142701720558476634e+06
-6.550269278943078533e+00,1.051384821126739366e+00,1.587166108240237072e+00,2.705172099501591543e-01,8.500000000000000611e-02,3.000000000000000000e+00,5.142701720558476634e+06
-5.507113790697477640e+00,1.791608283627836196e+00,1.148554342806089368e+00,-5.946736238254241025e-02,8.500000000000000611e-02,3.000000000000000000e+00,5.142701720558476634e+06
-5.146074152491408427e+00,1.883201507934909813e+00,7.205843108075837833e-01,-3.424739558430717201e-01,8.500000000000000611e-02,3.000000000000000000e+00,5.142701720558476634e+06
-5.479673838814154152e+00,1.599115224901067389e+00,9.355007982589469417e-01,-8.720953854783775050e-02,8.500000000000000611e-02,3.000000000000000000e+00,5.142701720558476634e+06
-5.846294980229291838e+00,1.219091185621828277e+00,1.009124103327190047e+00,6.137589303407686714e-03,8.500000000000000611e-02,3.000000000000000000e+00,5.142701720558476634e+06
-5.700779479705051500e+00,1.064950367937768982e+00,7.329675093129532915e-01,9.373047558683267333e-02,8.500000000000000611e-02,3.000000000000000000e+00,5.142701720558476634e+06
-5.567663969421265513e+00,4.746084733726099181e-01,2.432940299584889221e-01,3.907888510300493445e-01,8.500000000000000611e-02,3.000000000000000000e+00,5.142701720558476634e+06
-6.035637418274182764e+00,1.150894156353124087e+00,1.256180935741385785e+00,2.851039889524503712e-01,8.500000000000000611e-02,3.000000000000000000e+00,5.142701720558476634e+06
-6.106486354881234035e+00,2.122851058689122272e+00,2.130870627455694333e+00,-9.975577807462739088e-02,8.500000000000000611e-02,3.000000000000000000e+00,5.142701720558476634e+06
-5.600210687047028735e+00,1.458365499072717952e+00,8.021607182791187229e-01,-3.906990009995190416e-01,8.500000000000000611e-02,3.000000000000000000e+00,5.142701720558476634e+06
-5.782821135258085832e+00,1.459650347859836383e+00,1.105377141147760423e+00,3.510290785875891384e-02,8.500000000000000611e-02,3.000000000000000000e+00,5.142701720558476634e+06
-6.171984548765113487e+00,9.973118301687182718e-01,1.275738304546384816e+00,3.841401488110248730e-01,8.500000000000000611e-02,3.000000000000000000e+00,5.142701720558476634e+06
-6.231000096714333303e+00,1.477644035103787834e+00,1.728621562647137733e+00,1.997118035455363039e-01,8.500000000000000611e-02,3.000000000000000000e+00,5.142701720558476634e+06
-6.561357430022495052e+00,2.114465719739281546e+00,2.737066787264116563e+00,3.649282293220703632e-01,8.500000000000000611e-02,3.000000000000000000e+00,5.142701720558476634e+06
-6.643711661412162073e+00,2.273417409825085667e+00,2.880598180442257572e+00,1.440305509223102076e-01,8.500000000000000611e-02,3.000000000000000000e+00,5.142701720558476634e+06
-6.069473100161230761e+00,1.622080114191364331e+00,1.557799336396321621e+00,2.026682192624673640e-02,8.500000000000000611e-02,3.000000000000000000e+00,5.142701720558476634e+06
-6.029977618994603716e+00,2.434930057847878526e+00,2.331554465697575296e+00,-8.000398251323326271e-02,8.500000000000000611e-02,3.000000000000000000e+00,5.142701720558476634e+06
-6.013552751913199046e+00,2.671725083641411924e+00,2.471642753194277731e+00,-2.260099900159511788e-01,8.500000000000000611e-02,3.000000000000000000e+00,5.142701720558476634e+06
-6.038385378110042723e+00,2.606878429342908809e+00,2.382336367557698065e+00,-2.473105253303911066e-01,8.500000000000000611e-02,3.000000000000000000e+00,5.142701720558476634e+06
-5.766716061766612000e+00,2.432651663688570221e+00,1.930897105101076594e+00,-2.026607603463269625e-01,8.500000000000000611e-02,3.000000000000000000e+00,5.142701720558476634e+06
-5.614750232677748976e+00,2.298350545882522411e+00,1.610977981287318839e+00,-2.051087455562528028e-01,8.500000000000000611e-02,3.000000000000000000e+00,5.142701720558476634e+06
-5.566052008250943928e+00,2.274657017771522849e+00,1.549528751185375253e+00,-2.154202229581277661e-01,8.500000000000000611e-02,3.000000000000000000e+00,5.142701720558476634e+06
-5.841999952867857004e+00,2.468087137651004959e+00,2.020423187099193996e+00,-2.132969143729016581e-01,8.500000000000000611e-02,3.000000000000000000e+00,5.142701720558476634e+06
-6.164375612029227014e+00,2.509434817808796403e+00,2.612863929087408277e+00,1.015675978479976538e-01,8.500000000000000611e-02,3.000000000000000000e+00,5.142701720558476634e+06
-5.871031029018226377e+00,2.797390571289274597e+00,2.578844612344809661e+00,1.029811236798641727e-02,8.500000000000000611e-02,3.000000000000000000e+00,5.142701720558476634e+06
-5.886415076191230611e+00,2.655737807982703202e+00,2.461243583583310190e+00,-1.702119989030415059e-03,8.500000000000000611e-02,3.000000000000000000e+00,5.142701720558476634e+06
-5.518424873950506182e+00,2.346092216227988025e+00,1.453224330159643474e+00,-7.867568439677022907e-01,8.500000000000000611e-02,3.000000000000000000e+00,5.142701720558476634e+06
-5.654944996468055152e+00,2.560547391441911014e+00,1.821723529201405567e+00,-8.214640234420365061e-01,8.500000000000000611e-02,3.000000000000000000e+00,5.142701720558476634e+06
-5.207307620234766787e+00,2.765599568346596815e+00,1.488608561622611015e+00,-8.964427181547194312e-01,8.500000000000000611e-02,3.000000000000000000e+00,5.142701720558476634e+06
-5.846817168015023825e+00,2.589993073458070505e+00,2.184043796397468817e+00,-4.333055609074106251e-01,8.500000000000000611e-02,3.000000000000000000e+00,5.142701720558476634e+06
-5.513408819148368778e+00,2.913664945737115097e+00,2.003824935198467827e+00,-9.476858568630819324e-01,8.500000000000000611e-02,3.000000000000000000e+00,5.142701720558476634e+06
-5.415816874073825282e+00,2.806755426142561571e+00,1.811267148151611828e+00,-9.348563068918377406e-01,8.500000000000000611e-02,3.000000000000000000e+00,5.142701720558476634e+06
-5.187129819385714491e+00,2.775768641533540304e+00,1.671514527108199255e+00,-4.771802461471847390e-01,8.500000000000000611e-02,3.000000000000000000e+00,5.142701720558476634e+06
-5.431232584853017187e+00,2.611028794383960960e+00,1.804997236070559286e+00,-3.071118258540082024e-01,8.500000000000000611e-02,3.000000000000000000e+00,5.142701720558476634e+06
-4.552652590780494002e+00,2.817764518313868649e+00,1.012909119272214609e+00,-4.419623336112286083e-01,8.500000000000000611e-02,3.000000000000000000e+00,5.142701720558476634e+06
-4.563763108339228047e+00,2.492330030910364869e+00,7.243766870933399105e-01,-5.891452890967823208e-01,8.500000000000000611e-02,3.000000000000000000e+00,5.142701720558476634e+06
-4.633002128399053454e+00,2.665112467369684879e+00,9.269879610489467625e-01,-6.670250883683055410e-01,8.500000000000000611e-02,3.000000000000000000e+00,5.142701720558476634e+06
-5.380833342186490675e+00,2.227833083795346614e+00,1.556604636072349779e+00,-1.092595022984142739e-01,8.500000000000000611e-02,3.000000000000000000e+00,5.142701720558476634e+06
-5.826797638814651847e+00,2.963161976562918021e+00,2.884227561165380926e+00,2.463734986679311789e-01,8.500000000000000611e-02,3.000000000000000000e+00,5.142701720558476634e+06
-6.094298346120338827e+00,2.948570058333880972e+00,3.280043054032879990e+00,4.990288155807871551e-01,8.500000000000000611e-02,3.000000000000000000e+00,5.142701720558476634e+06
-6.052171699466401655e+00,2.692156134484489538e+00,3.105112425448988134e+00,7.650002444487877806e-01,8.500000000000000611e-02,3.000000000000000000e+00,5.142701720558476634e+06
-6.339712595416121310e+00,2.398203992002276852e+00,3.170699998332215941e+00,8.957761368094491194e-01,8.500000000000000611e-02,3.000000000000000000e+00,5.142701720558476634e+06
-6.077849825380797988e+00,1.825441169395603636e+00,2.115731616834564122e+00,4.571392319973001661e-01,8.500000000000000611e-02,3.000000000000000000e+00,5.142701720558476634e+06
-5.681613053310690553e+00,1.142913514116937090e+00,6.424903923013460805e-01,-2.329811830167713982e-01,8.500000000000000611e-02,3.000000000000000000e+00,5.142701720558476634e+06
-5.801531805598754588e+00,1.042453613412524405e+00,6.201931282214420138e-01,-4.026500957511655043e-01,8.500000000000000611e-02,3.000000000000000000e+00,5.142701720558476634e+06
-5.802889431599631997e+00,5.363426757798848143e-01,-3.377046257744886759e-02,-8.942584302417166953e-01,8.500000000000000611e-02,3.000000000000000000e+00,5.142701720558476634e+06
-6.395286208454431076e+00,2.253787067345185413e-01,5.197190149427393102e-01,-5.089213137438606260e-01,8.500000000000000611e-02,3.000000000000000000e+00,5.142701720558476634e+06
-6.407400942328409954e+00,2.426954820576865401e-01,5.543512461454832563e-01,-4.793342433341089004e-01,8.500000000000000611e-02,3.000000000000000000e+00,5.142701720558476634e+06
-6.235291671542410263e+00,6.251122276114828846e-01,9.264202025296953691e-01,-5.072830778853898437e-04,8.500000000000000611e-02,3.000000000000000000e+00,5.142701720558476634e+06
-6.196795872101643177e+00,1.004691373613858296e+00,1.273551634716388881e+00,9.625978198624933480e-02,8.500000000000000611e-02,3.000000000000000000e+00,5.142701720558476634e+06
-6.547950087662286478e+00,4.679611676436572498e-01,1.278911334389106758e+00,3.909988173517480736e-01,8.500000000000000611e-02,3.000000000000000000e+00,5.142701720558476634e+06
-6.525473186478249588e+00,5.631858827921043531e-01,1.336390900997556530e+00,4.535253966073055087e-01,8.500000000000000611e-02,3.000000000000000000e+00,5.142701720558476634e+06
-6.088515119325830227e+00,1.281539590799665174e+00,1.481644842646890670e+00,2.586839556015582686e-01,8.500000000000000611e-02,3.000000000000000000e+00,5.142701720558476634e+06
-5.812101461483430320e+00,1.057136683334443550e+00,9.689644482300927564e-01,2.589960558686994485e-01,8.500000000000000611e-02,3.000000000000000000e+00,5.142701720558476634e+06
-5.764490631148349031e+00,1.134942441384785283e+00,8.141525715854438516e-01,-7.440467814910471656e-02,8.500000000000000611e-02,3.000000000000000000e+00,5.142701720558476634e+06
-5.569184117706211801e+00,9.126440914402540461e-01,3.283200908331807000e-01,-1.176907853848745966e-01,8.500000000000000611e-02,3.000000000000000000e+00,5.142701720558476634e+06
-5.436357807137032871e+00,1.562416373837890227e+00,8.425182445261172326e-01,-2.060610147344157095e-01,8.500000000000000611e-02,3.000000000000000000e+00,5.142701720558476634e+06
-5.166003831658620982e+00,1.764051061729051462e+00,8.294027331334474784e-01,-1.975436928192838004e-01,8.500000000000000611e-02,3.000000000000000000e+00,5.142701720558476634e+06
-4.985178713094111203e+00,2.265652779118534799e+00,1.113748952752962040e+00,-2.315154717545770680e-01,8.500000000000000611e-02,3.000000000000000000e+00,5.142701720558476634e+06
-5.337560483540164213e+00,1.986745089272135889e+00,1.099130954999548049e+00,-3.850509049863773403e-01,8.500000000000000611e-02,3.000000000000000000e+00,5.142701720558476634e+06
-5.269114781395656699e+00,1.259881183926740089e+00,3.585178317894918143e-01,-2.237544953582301377e-01,8.500000000000000611e-02,3.000000000000000000e+00,5.142701720558476634e+06
-5.031583610049292332e+00,1.873700114335735689e+00,6.521538649778759744e-01,-3.273115380435632771e-01,8.500000000000000611e-02,3.000000000000000000e+00,5.142701720558476634e+06
-5.633851688633842336e+00,1.864543054590960036e+00,1.344169055698429149e+00,-1.748213185920902135e-01,8.500000000000000611e-02,3.000000000000000000e+00,5.142701720558476634e+06
-6.403769901283213883e+00,1.735790418902472432e+00,1.789237589776481396e+00,-5.821088879442019026e-01,8.500000000000000611e-02,3.000000000000000000e+00,5.142701720558476634e+06
-6.330425600067600911e+00,1.656810881191354667e+00,1.567715514390192411e+00,-1.736218348449493742e+00,8.500000000000000611e-02,3.000000000000000000e+00,5.142701720558476634e+06
-6.407895372331175565e+00,1.879878716925649673e+00,1.851323730702687076e+00,-1.917123565333302970e+00,8.500000000000000611e-02,3.000000000000000000e+00,5.142701720558476634e+06
-5.978927434231265714e+00,1.657154656755485123e+00,1.607699910547205846e+00,9.688622673117253115e-02,8.500000000000000611e-02,3.000000000000000000e+00,5.142701720558476634e+06
-6.334357644239352325e+00,1.950984836874955386e+00,2.322288591069658903e+00,2.649544328757328926e-01,8.500000000000000611e-02,3.000000000000000000e+00,5.142701720558476634e+06
-6.163034586760717914e+00,2.172365353758752615e+00,2.387272960181201498e+00,3.290678887613044390e-01,8.500000000000000611e-02,3.000000000000000000e+00,5.142701720558476634e+06
-5.506754417954886627e+00,2.234432359697182235e+00,1.564470853289211538e+00,-3.328788963853458738e-02,8.500000000000000611e-02,3.000000000000000000e+00,5.142701720558476634e+06
-5.141922905255999154e+00,2.221630855505652313e+00,1.014278938151072174e+00,-3.629184848388735674e-01,8.500000000000000611e-02,3.000000000000000000e+00,5.142701720558476634e+06
-5.932734738765651272e+00,2.147112306263696535e+00,1.874121116092884121e+00,-1.685931482089066957e-01,8.500000000000000611e-02,3.000000000000000000e+00,5.142701720558476634e+06
-5.756193605385647061e+00,2.716222065360446081e+00,2.255370717457280350e+00,-1.661482079543084578e-01,8.500000000000000611e-02,3.000000000000000000e+00,5.142701720558476634e+06
-5.636840762702530760e+00,2.871776352242129349e+00,2.267377391603545345e+00,-1.296279023673411745e-01,8.500000000000000611e-02,3.000000000000000000e+00,5.142701720558476634e+06
-5.634397461036269483e+00,2.586872997274494601e+00,2.077012977643205804e+00,-7.788904164549596831e-02,8.500000000000000611e-02,3.000000000000000000e+00,5.142701720558476634e+06
-5.760410858197659856e+00,2.964359874167734610e+00,2.534420828807713022e+00,-1.605958748731739494e-01,8.500000000000000611e-02,3.000000000000000000e+00,5.142701720558476634e+06
-5.744001183520571985e+00,2.959233218600753723e+00,2.486917833917546616e+00,-2.199209723637992608e-01,8.500000000000000611e-02,3.000000000000000000e+00,5.142701720558476634e+06
-6.565035363516396494e+00,2.446658996691164489e+00,3.129130835770479013e+00,2.271767141057289829e-01,8.500000000000000611e-02,3.000000000000000000e+00,5.142701720558476634e+06
-6.420955671916991570e+00,2.269414660075992352e+00,2.717205827419170383e+00,1.065442220876845342e-01,8.500000000000000611e-02,3.000000000000000000e+00,5.142701720558476634e+06
-6.266561893664387206e+00,1.988106520698296853e+00,2.383983971386564704e+00,3.312947608157745805e-01,8.500000000000000611e-02,3.000000000000000000e+00,5.142701720558476634e+06
-6.382620803486460659e+00,1.744256572617913337e+00,2.403783607110940856e+00,5.762605260062840795e-01,8.500000000000000611e-02,3.000000000000000000e+00,5.142701720558476634e+06
-6.302997980399288380e+00,2.372621992681760439e+00,2.769013091905521140e+00,2.731018867988571630e-01,8.500000000000000611e-02,3.000000000000000000e+00,5.142701720558476634e+06
-6.067939177703504328e+00,2.638566107450985854e+00,2.656756583340352584e+00,1.318897851619593720e-02,8.500000000000000611e-02,3.000000000000000000e+00,5.142701720558476634e+06
-5.184028646683433550e+00,2.912106515269100804e+00,1.760422265137943976e+00,-5.147161602908955080e-01,8.500000000000000611e-02,3.000000000000000000e+00,5.142701720558476634e+06
-5.536087480802668992e+00,1.600568901799747312e+00,9.777922514580729141e-01,-1.782877471943593028e-01,8.500000000000000611e-02,3.000000000000000000e+00,5.142701720558476634e+06
-5.773789563724774254e+00,1.216458615652841857e+00,8.957571530386188030e-01,-4.620467442154629900e-02,8.500000000000000611e-02,3.000000000000000000e+00,5.142701720558476634e+06
-5.830954927752808992e+00,1.056010945816595381e+00,8.520790175236225839e-01,-1.417667847087245026e-02,8.500000000000000611e-02,3.000000000000000000e+00,5.142701720558476634e+06
-6.093394953948190640e+00,1.354604365360661422e+00,1.603341193511382157e+00,4.228473557285291617e-01,8.500000000000000611e-02,3.000000000000000000e+00,5.142701720558476634e+06
-5.770658162862760676e+00,2.424511554143769398e+00,2.063787034198669712e+00,-2.035572790830566525e-01,8.500000000000000611e-02,3.000000000000000000e+00,5.142701720558476634e+06
-5.563545955755843764e+00,2.565585910994131247e+00,2.112027601677723077e+00,1.863084964672698240e-02,8.500000000000000611e-02,3.000000000000000000e+00,5.142701720558476634e+06
-5.409024488714608836e+00,1.999766423820376282e+00,1.151354235850819530e+00,-3.601997769315073428e-01,8.500000000000000611e-02,3.000000000000000000e+00,5.142701720558476634e+06
-4.959826045884905277e+00,1.927982788681104287e+00,5.378177747635723982e-01,-5.680639664140469947e-01,8.500000000000000611e-02,3.000000000000000000e+00,5.142701720558476634e+06
-5.014356817727975368e+00,1.284444602260434554e+00,5.973735712070382675e-04,-3.156648330420048221e-01,8.500000000000000611e-02,3.000000000000000000e+00,5.142701720558476634e+06
-5.423942390936996816e+00,1.541222743112384386e+00,7.797605751833738275e-01,-1.183238426653832470e-01,8.500000000000000611e-02,3.000000000000000000e+00,5.142701720558476634e+06
-5.792246513725890722e+00,2.079231524128234199e+00,1.799698189487067390e+00,7.556650914996931867e-02,8.500000000000000611e-02,3.000000000000000000e+00,5.142701720558476634e+06
-5.111354760205358616e+00,2.603594302508956293e+00,1.485848852036252943e+00,-1.514238506570355913e-01,8.500000000000000611e-02,3.000000000000000000e+00,5.142701720558476634e+06
-4.520274422500401457e+00,2.797170964725663733e+00,1.057365739461460397e+00,-2.829575761946456214e-01,8.500000000000000611e-02,3.000000000000000000e+00,5.142701720558476634e+06
-5.706501734095231981e+00,2.077373830790145259e+00,1.621228575865335975e+00,-2.591773747340220257e-01,8.500000000000000611e-02,3.000000000000000000e+00,5.142701720558476634e+06
-5.829091099022591038e+00,1.632779998081379524e+00,1.418075668622317043e+00,8.558567857452820116e-02,8.500000000000000611e-02,3.000000000000000000e+00,5.142701720558476634e+06
-6.937761858974795359e+00,1.063346341761417291e+00,2.194747376677257389e+00,4.084011431726962127e-01,8.500000000000000611e-02,3.000000000000000000e+00,5.142701720558476634e+06
-6.500553284958758837e+00,1.142848195444200687e+00,1.725110346954029872e+00,1.596205961920938998e-01,8.500000000000000611e-02,3.000000000000000000e+00,5.142701720558476634e+06
-5.983043875723589977e+00,1.033987464937274670e+00,1.088914929141248100e+00,1.129619086398313543e-01,8.500000000000000611e-02,3.000000000000000000e+00,5.142701720558476634e+06
-5.600934503157830591e+00,9.444868474420187177e-01,5.939809354696308219e-01,1.595272757702764221e-01,8.500000000000000611e-02,3.000000000000000000e+00,5.142701720558476634e+06
-5.696500115614189674e+00,5.969003671125533428e-01,2.920565795804293541e-01,6.541749907239322037e-02,8.500000000000000611e-02,3.000000000000000000e+00,5.142701720558476634e+06
-5.622055543753046614e+00,9.121992114753454395e-01,4.821898629057108643e-01,-4.548065116353008919e-02,8.500000000000000611e-02,3.000000000000000000e+00,5.142701720558476634e+06
-5.346288707737259394e+00,7.748830426236583691e-01,-3.231736509943239355e-03,-9.491394064432175093e-02,8.500000000000000611e-02,3.000000000000000000e+00,5.142701720558476634e+06
-5.678054723211854338e+00,1.080935421712887479e+00,6.256490266701772995e-01,-9.423877801759129869e-02,8.500000000000000611e-02,3.000000000000000000e+00,5.142701720558476634e+06
-5.328221217225165951e+00,1.254307936766719589e+00,3.776145203745464585e-01,-1.327948635613532824e-01,8.500000000000000611e-02,3.000000000000000000e+00,5.142701720558476634e+06
-6.350325687275113040e+00,1.132933576732767289e+00,1.497873319840237638e+00,2.186975094335005254e-01,8.500000000000000611e-02,3.000000000000000000e+00,5.142701720558476634e+06
-6.379429957069486790e+00,6.718135969224181547e-01,1.125564172869327084e+00,2.963081336125880094e-01,8.500000000000000611e-02,3.000000000000000000e+00,5.142701720558476634e+06
-6.230659886130965219e+00,1.082769219364721813e+00,1.359511875395303271e+00,2.786178574408285646e-01,8.500000000000000611e-02,3.000000000000000000e+00,5.142701720558476634e+06
-6.019889689449340331e+00,8.328626459661385706e-01,8.460067339215766591e-01,2.042170850530390380e-01,8.500000000000000611e-02,3.000000000000000000e+00,5.142701720558476634e+06
-6.248106409539476935e+00,1.134579877333043996e+00,1.335308339729781579e+00,9.311575493973939244e-02,8.500000000000000611e-02,3.000000000000000000e+00,5.142701720558476634e+06
-6.118826102813505585e+00,1.471065475841762948e+00,1.373469679542750566e+00,-3.000510665980411495e-01,8.500000000000000611e-02,3.000000000000000000e+00,5.142701720558476634e+06
-6.150779664128396718e+00,1.570134731036787024e+00,1.530705618915293886e+00,-2.408264386508961463e-01,8.500000000000000611e-02,3.000000000000000000e+00,5.142701720558476634e+06
-6.121345871973518982e+00,1.620305709358745183e+00,1.568575797988391640e+00,-2.117714112765118895e-01,8.500000000000000611e-02,3.000000000000000000e+00,5.142701720558476634e+06
-6.424500397068579893e+00,1.291621349046298217e+00,1.585362213136715104e+00,9.190013227496529602e-02,8.500000000000000611e-02,3.000000000000000000e+00,5.142701720558476634e+06
-5.997249962166669945e+00,1.367250359016519479e+00,1.311081531681716816e+00,9.281187192245032858e-02,8.500000000000000611e-02,3.000000000000000000e+00,5.142701720558476634e+06
-6.003374678534278530e+00,1.826487949881445916e+00,1.804155227686166985e+00,1.983330062085356393e-01,8.500000000000000611e-02,3.000000000000000000e+00,5.142701720558476634e+06
-5.038956564790256110e+00,1.851799104028922560e+00,6.545292209196171829e-01,-1.427443214006777206e-01,8.500000000000000611e-02,3.000000000000000000e+00,5.142701720558476634e+06
-5.502395104522143754e+00,1.850113520208811924e+00,1.176032304877244972e+00,-1.942699804651872864e-01,8.500000000000000611e-02,3.000000000000000000e+00,5.142701720558476634e+06
-5.203123622824898931e+00,2.606974079666447786e+00,1.436811393632280609e+00,-7.491718590793625676e-01,8.500000000000000611e-02,3.000000000000000000e+00,5.142701720558476634e+06
-5.400235892364823265e+00,2.232950992122416878e+00,1.446858274977698366e+00,-3.195994364527001141e-01,8.500000000000000611e-02,3.000000000000000000e+00,5.142701720558476634e+06
-6.241325755006382536e+00,2.815115942731334364e+00,2.732687815022398770e+00,-6.989625988555629998e-01,8.500000000000000611e-02,3.000000000000000000e+00,5.142701720558476634e+06
-6.208502116106246582e+00,2.944238427251872459e+00,2.824902934231960483e+00,-6.851690515949429017e-01,8.500000000000000611e-02,3.000000000000000000e+00,5.142701720558476634e+06
-5.990004417225909705e+00,2.648824182387327753e+00,2.319431300065040169e+00,-6.674162223522388526e-01,8.500000000000000611e-02,3.000000000000000000e+00,5.142701720558476634e+06
-5.500220364150133712e+00,2.582877882798886748e+00,1.739222550083447727e+00,-1.038921022192186960e+00,8.500000000000000611e-02,3.000000000000000000e+00,5.142701720558476634e+06
-5.562140104299535537e+00,2.988597585422923864e+00,2.099752082031318245e+00,-1.444173257785473119e+00,8.500000000000000611e-02,3.000000000000000000e+00,5.142701720558476634e+06
-5.562140104299535537e+00,2.988597585422923864e+00,2.099752082031318245e+00,-1.444173257785473119e+00,8.500000000000000611e-02,3.000000000000000000e+00,5.142701720558476634e+06
-4.563643466456348108e+00,2.948152472909300492e+00,1.064909246259099440e+00,-7.224975844353143106e-01,8.500000000000000611e-02,3.000000000000000000e+00,5.142701720558476634e+06
-5.396653971812346740e+00,2.947769046176196728e+00,2.256475730605226548e+00,1.177529992494708022e-02,8.500000000000000611e-02,3.000000000000000000e+00,5.142701720558476634e+06
-5.132634391121420059e+00,2.958670546231846110e+00,1.796268241515500463e+00,-3.325811589197155138e-01,8.500000000000000611e-02,3.000000000000000000e+00,5.142701720558476634e+06
-5.134978918833594363e+00,2.831449888753024169e+00,1.630305827918854478e+00,-4.744735145289530887e-01,8.500000000000000611e-02,3.000000000000000000e+00,5.142701720558476634e+06
-5.208654577602414015e+00,2.637931931249838158e+00,1.529922877141189241e+00,-4.490075268520545282e-01,8.500000000000000611e-02,3.000000000000000000e+00,5.142701720558476634e+06
-4.785649727258206809e+00,2.238592059741001172e+00,8.025077500987121137e-01,-3.275907178962908506e-01,8.500000000000000611e-02,3.000000000000000000e+00,5.142701720558476634e+06
-4.846021528656558885e+00,2.420314860637220011e+00,1.009382626538668504e+00,-3.814647573141609072e-01,8.500000000000000611e-02,3.000000000000000000e+00,5.142701720558476634e+06
-4.883964362538454118e+00,2.522578029022030766e+00,1.152794621267152708e+00,-4.554531988232324302e-01,8.500000000000000611e-02,3.000000000000000000e+00,5.142701720558476634e+06
-5.330110300541334389e+00,2.721760772351934587e+00,1.955225903757969119e+00,-1.080784941998191862e-01,8.500000000000000611e-02,3.000000000000000000e+00,5.142701720558476634e+06
-5.586621831701096497e+00,2.718375401903350141e+00,2.150312513026760630e+00,-1.365438256890572077e-01,8.500000000000000611e-02,3.000000000000000000e+00,5.142701720558476634e+06
-5.713764529941369297e+00,2.970599201786368049e+00,2.523487407032397378e+00,-1.398658581584526495e-01,8.500000000000000611e-02,3.000000000000000000e+00,5.142701720558476634e+06
-6.041669808077079651e+00,2.696453335578874455e+00,2.580214839844108710e+00,-1.047610570994422924e-01,8.500000000000000611e-02,3.000000000000000000e+00,5.142701720558476634e+06
-6.207737303445661325e+00,2.986882547074765526e+00,2.977297417337438468e+00,-2.736521072904300467e-01,8.500000000000000611e-02,3.000000000000000000e+00,5.142701720558476634e+06
-6.210705707928556585e+00,2.988867966520362796e+00,2.983023880163273134e+00,-2.696867499477764163e-01,8.500000000000000611e-02,3.000000000000000000e+00,5.142701720558476634e+06
-6.247162959261737925e+00,2.864196885683285565e+00,2.925177887876857064e+00,-2.584888531802759792e-01,8.500000000000000611e-02,3.000000000000000000e+00,5.142701720558476634e+06
-6.240088105573466493e+00,2.626704175990311363e+00,2.727740971125719671e+00,-1.382445798617997212e-01,8.500000000000000611e-02,3.000000000000000000e+00,5.142701720558476634e+06
-5.631989444545554946e+00,2.893465722968401543e+00,2.402360615474223859e+00,6.332214002838115752e-02,8.500000000000000611e-02,3.000000000000000000e+00,5.142701720558476634e+06
-6.320584943547478574e+00,2.903401591599423792e+00,3.056265568029013835e+00,-1.441382077012398344e-01,8.500000000000000611e-02,3.000000000000000000e+00,5.142701720558476634e+06
-6.223970496004399777e+00,2.972737901092529889e+00,3.031813153548417628e+00,-9.793797828605987910e-02,8.500000000000000611e-02,3.000000000000000000e+00,5.142701720558476634e+06
-6.186836439605968962e+00,2.941292669110958879e+00,2.963003834872261599e+00,-1.055273817100044198e-01,8.500000000000000611e-02,3.000000000000000000e+00,5.142701720558476634e+06
-6.136588590441809821e+00,2.636516999919908955e+00,2.604126569673115732e+00,-1.282254942259876684e-01,8.500000000000000611e-02,3.000000000000000000e+00,5.142701720558476634e+06
-6.188103261815123268e+00,2.672709337516760986e+00,2.706488617526409790e+00,-2.114975701082943971e-02,8.500000000000000611e-02,3.000000000000000000e+00,5.142701720558476634e+06
-6.252485459436173620e+00,2.803317140003040553e+00,2.895870916803204853e+00,-1.128077453948210518e-02,8.500000000000000611e-02,3.000000000000000000e+00,5.142701720558476634e+06
-6.105771225796795321e+00,2.466383330867256252e+00,2.419069968240564084e+00,-1.206545328410096041e-01,8.500000000000000611e-02,3.000000000000000000e+00,5.142701720558476634e+06
-6.435242057019960882e+00,2.635925365823545086e+00,2.901212610656290991e+00,-1.281822044944485872e-01,8.500000000000000611e-02,3.000000000000000000e+00,5.142701720558476634e+06
-6.478805692611723899e+00,2.737579147893323572e+00,2.962933696229770320e+00,-2.651529047411462781e-01,8.500000000000000611e-02,3.000000000000000000e+00,5.142701720558476634e+06
-6.208522757354721477e+00,2.075475387722113929e+00,2.277473218199316918e+00,2.850778563458114534e-02,8.500000000000000611e-02,3.000000000000000000e+00,5.142701720558476634e+06
-6.056666204894865402e+00,1.518160119473903835e+00,1.416628702880297741e+00,-4.366951638874821962e-02,8.500000000000000611e-02,3.000000000000000000e+00,5.142701720558476634e+06
-6.178750235918633038e+00,1.546680900421982363e+00,1.653620770057173894e+00,3.560210487343487551e-02,8.500000000000000611e-02,3.000000000000000000e+00,5.142701720558476634e+06
-6.279561734841628606e+00,1.906907070863473663e+00,2.077545195658075272e+00,3.923648965242959585e-02,8.500000000000000611e-02,3.000000000000000000e+00,5.142701720558476634e+06
-7.110047251720875039e+00,1.840181450673335828e+00,3.140073159317285700e+00,5.016889228484842089e-01,8.500000000000000611e-02,3.000000000000000000e+00,5.142701720558476634e+06
-6.862146034902222524e+00,2.060615212299746091e+00,3.041534262967790614e+00,4.026797245765161293e-01,8.500000000000000611e-02,3.000000000000000000e+00,5.142701720558476634e+06
-6.819054984878554215e+00,2.482779043707233235e+00,3.196067162532343797e+00,-4.201279939775680317e-02,8.500000000000000611e-02,3.000000000000000000e+00,5.142701720558476634e+06
-6.713843850271512537e+00,2.658119824356877547e+00,3.405067383565784311e+00,2.460939276854024194e-01,8.500000000000000611e-02,3.000000000000000000e+00,5.142701720558476634e+06
-6.555410906671323978e+00,2.258245455065167828e+00,2.821055627289569934e+00,1.431714089566840931e-01,8.500000000000000611e-02,3.000000000000000000e+00,5.142701720558476634e+06
-6.631609671394724792e+00,2.828043780409711161e+00,3.471803035787994318e+00,1.717596808950766496e-01,8.500000000000000611e-02,3.000000000000000000e+00,5.142701720558476634e+06
-6.543530688186953270e+00,2.853233819035132512e+00,3.422575411955137259e+00,1.945824886833918410e-01,8.500000000000000611e-02,3.000000000000000000e+00,5.142701720558476634e+06
-6.278257875117158271e+00,2.787755647735781661e+00,2.985557159987694664e+00,3.002244949222671044e-02,8.500000000000000611e-02,3.000000000000000000e+00,5.142701720558476634e+06
-6.202126827514211627e+00,1.967851359625570229e+00,2.017790490222157729e+00,-2.716795966908985838e-01,8.500000000000000611e-02,3.000000000000000000e+00,5.142701720558476634e+06
-6.148775803709304988e+00,2.545210553366590744e+00,2.506437020260381399e+00,-1.621299043657185301e-01,8.500000000000000611e-02,3.000000000000000000e+00,5.142701720558476634e+06
-6.335349778301368140e+00,2.933268166631836316e+00,3.010166593961965731e+00,-2.518198971867700031e-01,8.500000000000000611e-02,3.000000000000000000e+00,5.142701720558476634e+06
-6.119947777959885649e+00,2.918836899080861524e+00,2.739093235523061942e+00,-3.413385633931110275e-01,8.500000000000000611e-02,3.000000000000000000e+00,5.142701720558476634e+06
-6.590414145438563409e+00,2.602874169318273978e+00,2.923787197846491104e+00,-4.631104121697104947e-01,8.500000000000000611e-02,3.000000000000000000e+00,5.142701720558476634e+06
-6.215273245732765517e+00,1.688611240830200977e+00,1.538731015663428181e+00,-7.881792062493599982e-01,8.500000000000000611e-02,3.000000000000000000e+00,5.142701720558476634e+06
-5.777062380314895051e+00,1.851666325696073034e+00,1.308205000078228153e+00,-2.656708882508827529e-01,8.500000000000000611e-02,3.000000000000000000e+00,5.142701720558476634e+06
-6.076411860186849090e+00,1.830289625984898638e+00,1.655664989632936068e+00,-1.819134903096638056e-01,8.500000000000000611e-02,3.000000000000000000e+00,5.142701720558476634e+06
-6.041125985237765228e+00,1.849814810107857976e+00,1.636575713113181951e+00,-2.903072664501080702e-01,8.500000000000000611e-02,3.000000000000000000e+00,5.142701720558476634e+06
-6.579250561003228803e+00,1.038044910183607561e+00,1.611112292482181019e+00,5.673005831325603210e-02,8.500000000000000611e-02,3.000000000000000000e+00,5.142701720558476634e+06
-6.194584921935019750e+00,1.610965993028681043e+00,1.675996259252237941e+00,-1.451671078431525652e-01,8.500000000000000611e-02,3.000000000000000000e+00,5.142701720558476634e+06
-6.066567190829265321e+00,2.812114372427770626e+00,2.554676140335376378e+00,-4.559372541618068597e-01,8.500000000000000611e-02,3.000000000000000000e+00,5.142701720558476634e+06
-6.080226755893789914e+00,2.936045003651004848e+00,2.807138146914758270e+00,-2.215845454449337504e-01,8.500000000000000611e-02,3.000000000000000000e+00,5.142701720558476634e+06
-5.809069133799026119e+00,2.834685338981138614e+00,2.376100302393522323e+00,-4.405288181451946783e-01,8.500000000000000611e-02,3.000000000000000000e+00,5.142701720558476634e+06
-5.608302537988445025e+00,2.878422253238458239e+00,2.213871354823703008e+00,-4.250066186441168181e-01,8.500000000000000611e-02,3.000000000000000000e+00,5.142701720558476634e+06
-5.866625708938849826e+00,2.839324424303825811e+00,2.360005825848296546e+00,-5.309465292395325609e-01,8.500000000000000611e-02,3.000000000000000000e+00,5.142701720558476634e+06
-5.809769848593963282e+00,2.238181474942550153e+00,1.782503048173498250e+00,-4.217837940292008536e-01,8.500000000000000611e-02,3.000000000000000000e+00,5.142701720558476634e+06
-6.166619611471274354e+00,1.660024402062397098e+00,1.678452238940022267e+00,-1.396611101122520737e-01,8.500000000000000611e-02,3.000000000000000000e+00,5.142701720558476634e+06
-6.238086235498264465e+00,1.802108918645334956e+00,1.870819456020783367e+00,-8.496487998115448415e-02,8.500000000000000611e-02,3.000000000000000000e+00,5.142701720558476634e+06
-6.231569536663939424e+00,1.953699395053531518e+00,2.163092200849508817e+00,1.424477536383619292e-01,8.500000000000000611e-02,3.000000000000000000e+00,5.142701720558476634e+06
-6.326828880543897249e+00,2.631350309991021597e+00,2.886030763903444374e+00,1.340895124198160371e-02,8.500000000000000611e-02,3.000000000000000000e+00,5.142701720558476634e+06
-6.457661523274775384e+00,2.614680537876480138e+00,3.027176219350366182e+00,5.164907820529186788e-02,8.500000000000000611e-02,3.000000000000000000e+00,5.142701720558476634e+06
-6.453376178145728836e+00,2.220274490702528691e+00,2.632118681910875946e+00,3.998745467867681480e-02,8.500000000000000611e-02,3.000000000000000000e+00,5.142701720558476634e+06
-6.435299239253248871e+00,2.279429560111069897e+00,2.704247502728907016e+00,1.425169980686267768e-01,8.500000000000000611e-02,3.000000000000000000e+00,5.142701720558476634e+06
-6.159642719046190429e+00,2.211213244260817223e+00,2.369055046574241707e+00,1.537141792113034533e-01,8.500000000000000611e-02,3.000000000000000000e+00,5.142701720558476634e+06
-5.797136225987264524e+00,2.759796808182900296e+00,2.607871353882250887e+00,2.253325922965637995e-01,8.500000000000000611e-02,3.000000000000000000e+00,5.142701720558476634e+06
-5.852709718613930967e+00,2.921748856484617018e+00,2.715356144464755150e+00,1.018151208375820821e-01,8.500000000000000611e-02,3.000000000000000000e+00,5.142701720558476634e+06
-5.824672990317512067e+00,2.936097552391489174e+00,2.453622252844617435e+00,-5.308340647477818308e-01,8.500000000000000611e-02,3.000000000000000000e+00,5.142701720558476634e+06
-5.819238124702204473e+00,2.898456375095386672e+00,2.412395003291664786e+00,-5.248305227514512561e-01,8.500000000000000611e-02,3.000000000000000000e+00,5.142701720558476634e+06
-6.047963053389509014e+00,2.799484380263641548e+00,2.657458282064458555e+00,-3.227256563271486689e-01,8.500000000000000611e-02,3.000000000000000000e+00,5.142701720558476634e+06
-5.957642951382489116e+00,2.878383270404355265e+00,2.597552240407077662e+00,-4.365833815555316133e-01,8.500000000000000611e-02,3.000000000000000000e+00,5.142701720558476634e+06
-5.767643032058679786e+00,2.509127547513464229e+00,2.120990987814206363e+00,-6.606950226080055000e-02,8.500000000000000611e-02,3.000000000000000000e+00,5.142701720558476634e+06
-5.753008257821552895e+00,2.578096463618532397e+00,2.156259135236624047e+00,-1.823091557822108522e-01,8.500000000000000611e-02,3.000000000000000000e+00,5.142701720558476634e+06
-5.615834465723335001e+00,2.696905834191421825e+00,2.195065721949458926e+00,-2.456597230055974912e-02,8.500000000000000611e-02,3.000000000000000000e+00,5.142701720558476634e+06
-5.189313743116783506e+00,2.706229850754469535e+00,1.581309607986042476e+00,-5.681340968143672177e-01,8.500000000000000611e-02,3.000000000000000000e+00,5.142701720558476634e+06
-4.876046001819646314e+00,2.430269127516182515e+00,8.282897254587890945e-01,-1.146336358024677260e+00,8.500000000000000611e-02,3.000000000000000000e+00,5.142701720558476634e+06
-4.995916259780516455e+00,2.265000507597343393e+00,8.087338057242070555e-01,-1.225671408024803011e+00,8.500000000000000611e-02,3.000000000000000000e+00,5.142701720558476634e+06
-5.115037001635247549e+00,1.924320374075977336e+00,5.670615733641037881e-01,-1.654264699963116758e+00,8.500000000000000611e-02,3.000000000000000000e+00,5.142701720558476634e+06
-5.078687112393157399e+00,1.840958944417028231e+00,4.533890969402674109e-01,-1.687284126045945021e+00,8.500000000000000611e-02,3.000000000000000000e+00,5.142701720558476634e+06
-4.753864909395296934e+00,1.408278908257292406e+00,-3.245276452889753749e-01,-1.781189854308498077e+00,8.500000000000000611e-02,3.000000000000000000e+00,5.142701720558476634e+06
-4.689052748908416390e+00,1.374388848351230541e+00,-4.471698600659095302e-01,-1.847079567116562071e+00,8.500000000000000611e-02,3.000000000000000000e+00,5.142701720558476634e+06
-5.498158701951116001e+00,1.825767111988784830e+00,8.627806665040449463e-01,-1.897931973948316919e+00,8.500000000000000611e-02,3.000000000000000000e+00,5.142701720558476634e+06
-5.372993953541456591e+00,1.815628493659355414e+00,7.361994171710393164e-01,-1.854553794731768512e+00,8.500000000000000611e-02,3.000000000000000000e+00,5.142701720558476634e+06
-5.363327423268942518e+00,1.343677562240231715e+00,2.718181958949743571e-01,-1.911510652214977402e+00,8.500000000000000611e-02,3.000000000000000000e+00,5.142701720558476634e+06
-5.516427503185375336e+00,1.301592307601402654e+00,3.953810139066381568e-01,-1.821763524178889648e+00,8.500000000000000611e-02,3.000000000000000000e+00,5.142701720558476634e+06
-5.011753287253685407e+00,1.103692732886254912e+00,-3.554151442270332417e-01,-2.362105874237639291e+00,8.500000000000000611e-02,3.000000000000000000e+00,5.142701720558476634e+06
-5.027755288990608307e+00,1.377547059875228852e+00,-9.018909547083397982e-03,-1.827005607768672713e+00,8.500000000000000611e-02,3.000000000000000000e+00,5.142701720558476634e+06
-4.889994456393615962e+00,1.418982415093873017e+00,-2.075466366238351013e-01,-2.334829790077634915e+00,8.500000000000000611e-02,3.000000000000000000e+00,5.142701720558476634e+06
-5.080013594268565136e+00,1.407386578907102948e+00,2.600230148063076285e-02,-1.898271085437520433e+00,8.500000000000000611e-02,3.000000000000000000e+00,5.142701720558476634e+06
-5.633119934359299918e+00,1.422374086267195192e+00,6.107850072401164176e-01,-1.977770184521693064e+00,8.500000000000000611e-02,3.000000000000000000e+00,5.142701720558476634e+06
-5.487283058612590025e+00,2.100209059009083834e+00,1.139128359433579041e+00,-2.431554830384219379e+00,8.500000000000000611e-02,3.000000000000000000e+00,5.142701720558476634e+06
-5.270188814074252548e+00,1.725413553217261420e+00,5.135660029397237647e-01,-2.206116685228829866e+00,8.500000000000000611e-02,3.000000000000000000e+00,5.142701720558476634e+06
-5.424766381437711615e+00,1.976886942026010896e+00,9.321434125828724770e-01,-2.038305366991762568e+00,8.500000000000000611e-02,3.000000000000000000e+00,5.142701720558476634e+06
-5.574628318024528184e+00,1.687019025934530125e+00,7.679179403650349123e-01,-2.470713769439484508e+00,8.500000000000000611e-02,3.000000000000000000e+00,5.142701720558476634e+06
-5.138581702563954856e+00,1.299448088778103472e+00,-2.896431821900424808e-02,-2.420273047134446909e+00,8.500000000000000611e-02,3.000000000000000000e+00,5.142701720558476634e+06
-6.025261433279395007e+00,2.043487641496110285e+00,1.666899395023599517e+00,-1.892391841226636506e+00,8.500000000000000611e-02,3.000000000000000000e+00,5.142701720558476634e+06
-6.213780749454428154e+00,2.483651177922088671e+00,2.241091312587838225e+00,-2.253516175174175906e+00,8.500000000000000611e-02,3.000000000000000000e+00,5.142701720558476634e+06
-6.058422269437032881e+00,2.510567888190415875e+00,2.186956463487547797e+00,-1.733678279409978318e+00,8.500000000000000611e-02,3.000000000000000000e+00,5.142701720558476634e+06
-5.777137370007731754e+00,2.734923103081695839e+00,1.995141790382079616e+00,-2.138853095463537635e+00,8.500000000000000611e-02,3.000000000000000000e+00,5.142701720558476634e+06
-5.749623601202831225e+00,2.692205694733107002e+00,1.930462019430697618e+00,-2.069915754383854889e+00,8.500000000000000611e-02,3.000000000000000000e+00,5.142701720558476634e+06
-5.787512983849247838e+00,2.371576046996852316e+00,1.759623229989038196e+00,-1.407122441284387016e+00,8.500000000000000611e-02,3.000000000000000000e+00,5.142701720558476634e+06
-5.637506796147865984e+00,2.540601528698733791e+00,1.699933156105671195e+00,-1.973538735053546489e+00,8.500000000000000611e-02,3.000000000000000000e+00,5.142701720558476634e+06
-5.385010887567531768e+00,2.343421839082896696e+00,1.216591007171427652e+00,-2.055289248817102621e+00,8.500000000000000611e-02,3.000000000000000000e+00,5.142701720558476634e+06
-5.618283139990740693e+00,2.415493053058793471e+00,1.581645503425467503e+00,-2.441829728522789456e+00,8.500000000000000611e-02,3.000000000000000000e+00,5.142701720558476634e+06
-5.528343577838328748e+00,2.398017216466663992e+00,1.444446585144408379e+00,-2.640557735175944831e+00,8.500000000000000611e-02,3.000000000000000000e+00,5.142701720558476634e+06
-5.246949034258328481e+00,1.966120383560234774e+00,7.301860464871403611e-01,-2.773743653014453692e+00,8.500000000000000611e-02,3.000000000000000000e+00,5.142701720558476634e+06
-5.252972614067954460e+00,1.975739950901999498e+00,7.494295949886109476e-01,-2.751324539724572027e+00,8.500000000000000611e-02,3.000000000000000000e+00,5.142701720558476634e+06
-5.320135704153519995e+00,1.982328293203370784e+00,8.259588795792675020e-01,-2.686582051697356643e+00,8.500000000000000611e-02,3.000000000000000000e+00,5.142701720558476634e+06
-5.272032458087726248e+00,2.043397125121932945e+00,8.569137402190828423e-01,-2.492912466623241841e+00,8.500000000000000611e-02,3.000000000000000000e+00,5.142701720558476634e+06
-5.624493789566574087e+00,1.769969834030954203e+00,1.012822150904475249e+00,-1.823993227132998163e+00,8.500000000000000611e-02,3.000000000000000000e+00,5.142701720558476634e+06
-5.059580044012659705e+00,1.462470841140492306e+00,7.660163402091946239e-02,-2.683696029067894617e+00,8.500000000000000611e-02,3.000000000000000000e+00,5.142701720558476634e+06
-5.014174263639439744e+00,1.264296493011991984e+00,-1.744087930781601514e-01,-2.955444150090713151e+00,8.500000000000000611e-02,3.000000000000000000e+00,5.142701720558476634e+06
-5.014174263639439744e+00,1.264296493011991984e+00,-1.744087930781601514e-01,-2.955444150090713151e+00,8.500000000000000611e-02,3.000000000000000000e+00,5.142701720558476634e+06
-5.233581539935364901e+00,1.492198700557901159e+00,2.474865830386918653e-01,-2.664995586508921654e+00,8.500000000000000611e-02,3.000000000000000000e+00,5.142701720558476634e+06
-4.993168888400870919e+00,1.519509410391164383e+00,5.432804910785171693e-02,-2.482750742101300201e+00,8.500000000000000611e-02,3.000000000000000000e+00,5.142701720558476634e+06
-4.938847460555781943e+00,1.796596025946967101e+00,2.500880876789229879e-01,-2.468469345615163402e+00,8.500000000000000611e-02,3.000000000000000000e+00,5.142701720558476634e+06
-4.908412962301550664e+00,1.792651490556863791e+00,2.025403929721893981e-01,-2.556938667764607764e+00,8.500000000000000611e-02,3.000000000000000000e+00,5.142701720558476634e+06
-5.258826871315650742e+00,1.836467353132787528e+00,6.378008119327339687e-01,-2.199993392084964139e+00,8.500000000000000611e-02,3.000000000000000000e+00,5.142701720558476634e+06
-5.065952904665835810e+00,1.827502015777768385e+00,4.527669049511475752e-01,-1.479043364012675887e+00,8.500000000000000611e-02,3.000000000000000000e+00,5.142701720558476634e+06
-5.640018892139330831e+00,1.665727426125296562e+00,9.942429816409626975e-01,-4.625121756743041934e-01,8.500000000000000611e-02,3.000000000000000000e+00,5.142701720558476634e+06
-5.531921742155754274e+00,1.503667466443281420e+00,8.959675226761838474e-01,-1.585976600882109122e-01,8.500000000000000611e-02,3.000000000000000000e+00,5.142701720558476634e+06
-5.363842426108775818e+00,1.142308617068671595e+00,4.669097738984420154e-01,6.817788762302195993e-02,8.500000000000000611e-02,3.000000000000000000e+00,5.142701720558476634e+06
-5.684796144445313892e+00,1.043296228557505811e+00,7.944478289353256173e-01,2.278420496479846846e-01,8.500000000000000611e-02,3.000000000000000000e+00,5.142701720558476634e+06
-5.588665891225490512e+00,5.608657889527710605e-01,2.546091404105723655e-01,3.127906510178141697e-01,8.500000000000000611e-02,3.000000000000000000e+00,5.142701720558476634e+06
-5.773770008975978918e+00,8.028014775883678400e-01,4.793181142212530332e-01,-2.061942645381198425e-02,8.500000000000000611e-02,3.000000000000000000e+00,5.142701720558476634e+06
-5.589312078553632546e+00,9.523544608098836184e-01,3.426392425643783324e-01,-1.208352126089970308e-01,8.500000000000000611e-02,3.000000000000000000e+00,5.142701720558476634e+06
-5.278349188672827097e+00,1.604064585406208110e+00,6.716267272507434605e-01,-2.176217160267822359e-01,8.500000000000000611e-02,3.000000000000000000e+00,5.142701720558476634e+06
-5.194420087068978731e+00,9.705123328215428113e-01,-3.584014178759842295e-02,-3.444270811965510770e-01,8.500000000000000611e-02,3.000000000000000000e+00,5.142701720558476634e+06
-5.251981153477424336e+00,1.722934844309486291e+00,7.454344731124371570e-01,-3.482982635079061029e-01,8.500000000000000611e-02,3.000000000000000000e+00,5.142701720558476634e+06
-5.383978809461726023e+00,1.453346602884240557e+00,5.770166847799875764e-01,-5.447349682375409730e-01,8.500000000000000611e-02,3.000000000000000000e+00,5.142701720558476634e+06
-5.521648705502691712e+00,1.360702632758951314e+00,7.429721075347273107e-01,-2.131743801584645714e-01,8.500000000000000611e-02,3.000000000000000000e+00,5.142701720558476634e+06
-6.087109795752627228e+00,7.871380141727661872e-01,9.678653361785884979e-01,1.043351010317102867e-01,8.500000000000000611e-02,3.000000000000000000e+00,5.142701720558476634e+06
-5.919147979467669352e+00,5.763194268212055160e-01,5.941982745188107984e-01,2.777356166350269939e-01,8.500000000000000611e-02,3.000000000000000000e+00,5.142701720558476634e+06
-7.196025906748617196e+00,7.646895383135424717e-01,2.221732349404940798e+00,4.392457858612598409e-01,8.500000000000000611e-02,3.000000000000000000e+00,5.142701720558476634e+06
-6.347168671387780847e+00,1.323554135555427891e+00,1.622964092443369255e+00,3.631843165467690815e-02,8.500000000000000611e-02,3.000000000000000000e+00,5.142701720558476634e+06
-6.845357794939690876e+00,1.876409817819589598e+00,2.635382532419813906e+00,3.118436400217981103e-02,8.500000000000000611e-02,3.000000000000000000e+00,5.142701720558476634e+06
-7.346928562028121057e+00,1.559307682307396359e+00,2.912385832407474062e+00,2.471632431147804676e-01,8.500000000000000611e-02,3.000000000000000000e+00,5.142701720558476634e+06
-6.116683300912716170e+00,1.723009042634735533e+00,1.893305219380505333e+00,2.951032191647639524e-01,8.500000000000000611e-02,3.000000000000000000e+00,5.142701720558476634e+06
-6.202905646906297754e+00,1.274401564371774764e+00,1.826771380731983196e+00,7.281870932983034450e-01,8.500000000000000611e-02,3.000000000000000000e+00,5.142701720558476634e+06
-6.374652727645266914e+00,1.903048530123913729e+00,2.434901814039742263e+00,4.770426140997521269e-01,8.500000000000000611e-02,3.000000000000000000e+00,5.142701720558476634e+06
-5.982624717750682386e+00,2.545928850295905654e+00,2.289014110038319672e+00,-3.475952740832542465e-01,8.500000000000000611e-02,3.000000000000000000e+00,5.142701720558476634e+06
-5.521804685661304113e+00,2.250870117968369222e+00,1.601889060481801907e+00,-3.480764370090588811e-01,8.500000000000000611e-02,3.000000000000000000e+00,5.142701720558476634e+06
-5.826059813418620337e+00,2.330151398775497817e+00,1.868316536299411190e+00,-8.161302557477604358e-01,8.500000000000000611e-02,3.000000000000000000e+00,5.142701720558476634e+06
-5.518596903623766536e+00,2.734185572869920033e+00,1.768377055476258342e+00,-1.472376921276750794e+00,8.500000000000000611e-02,3.000000000000000000e+00,5.142701720558476634e+06
-5.443822802146870643e+00,2.702500535187222663e+00,1.657312653028199856e+00,-1.485901028323073358e+00,8.500000000000000611e-02,3.000000000000000000e+00,5.142701720558476634e+06
-4.998603023482631080e+00,2.522162466498940603e+00,1.084543564141369210e+00,-1.056550236490821471e+00,8.500000000000000611e-02,3.000000000000000000e+00,5.142701720558476634e+06
-5.395689609662193575e+00,2.956128316437152570e+00,2.014195107955614628e+00,-8.490773481196215444e-01,8.500000000000000611e-02,3.000000000000000000e+00,5.142701720558476634e+06
-5.372181406346055788e+00,2.444356678937098959e+00,1.642300899969741268e+00,-1.667120102369442358e-01,8.500000000000000611e-02,3.000000000000000000e+00,5.142701720558476634e+06
-5.293870819900931224e+00,1.924734522040475682e+00,9.983379158942355946e-01,-3.033527766178137353e-01,8.500000000000000611e-02,3.000000000000000000e+00,5.142701720558476634e+06
-4.846710618078943433e+00,1.707302675944756709e+00,2.071192573537568027e-01,-5.690181495150219426e-01,8.500000000000000611e-02,3.000000000000000000e+00,5.142701720558476634e+06
-5.173413644601591699e+00,1.714662331181908028e+00,6.956572281136468305e-01,-1.756651575666861032e-01,8.500000000000000611e-02,3.000000000000000000e+00,5.142701720558476634e+06
-5.390387353321722586e+00,2.178213841850434207e+00,1.376129131423569962e+00,-1.529572047937783064e-01,8.500000000000000611e-02,3.000000000000000000e+00,5.142701720558476634e+06
-5.499657718309235221e+00,2.062249591562001605e+00,1.507840215933174743e+00,4.278357805893140409e-03,8.500000000000000611e-02,3.000000000000000000e+00,5.142701720558476634e+06
-5.857594865454821331e+00,2.761774304715642891e+00,2.582071600013890134e+00,1.413240360088254821e-01,8.500000000000000611e-02,3.000000000000000000e+00,5.142701720558476634e+06
-4.895725221362530633e+00,2.217116141456897171e+00,9.293270210517046159e-01,-3.087655057921061541e-01,8.500000000000000611e-02,3.000000000000000000e+00,5.142701720558476634e+06
-4.933025588270862016e+00,2.376883310196817867e+00,1.130040366197409885e+00,-2.179462598234815085e-01,8.500000000000000611e-02,3.000000000000000000e+00,5.142701720558476634e+06
-5.593330884041538553e+00,2.765599157732487878e+00,2.171061787098458318e+00,-1.789405676808981938e-01,8.500000000000000611e-02,3.000000000000000000e+00,5.142701720558476634e+06
-5.340120553156175731e+00,2.001816246748052919e+00,1.193672437433233702e+00,-1.152792723750839798e-01,8.500000000000000611e-02,3.000000000000000000e+00,5.142701720558476634e+06
-5.237188783504190148e+00,1.948957659248546026e+00,9.700059453251923536e-01,-2.565686706084892577e-01,8.500000000000000611e-02,3.000000000000000000e+00,5.142701720558476634e+06
-5.119825603950330262e+00,2.052392619557985132e+00,8.754544146397735815e-01,-5.500512449389454162e-01,8.500000000000000611e-02,3.000000000000000000e+00,5.142701720558476634e+06
-5.084770424395907540e+00,2.485122250279275136e+00,1.329180788404280777e+00,-2.429094647879017632e-01,8.500000000000000611e-02,3.000000000000000000e+00,5.142701720558476634e+06
-5.502322039712985280e+00,1.727048850590536588e+00,1.063118880347458717e+00,-1.290374452378960923e-01,8.500000000000000611e-02,3.000000000000000000e+00,5.142701720558476634e+06
-5.464881617509163902e+00,1.531159626052372102e+00,7.608367934427844315e-01,-3.048100133950986668e-01,8.500000000000000611e-02,3.000000000000000000e+00,5.142701720558476634e+06
-5.381826338288170142e+00,1.585163782548224987e+00,8.698949380358966810e-01,4.309620868408001182e-02,8.500000000000000611e-02,3.000000000000000000e+00,5.142701720558476634e+06
-5.367410152282904967e+00,2.028308837946121379e+00,1.281397332231403174e+00,5.228984452347340550e-02,8.500000000000000611e-02,3.000000000000000000e+00,5.142701720558476634e+06
-5.529482830408042560e+00,2.364967486196855262e+00,1.704885868099549118e+00,-1.682654898052899362e-01,8.500000000000000611e-02,3.000000000000000000e+00,5.142701720558476634e+06
-5.724490762453472215e+00,2.520190278647318038e+00,2.134762058947038632e+00,1.681910952294550787e-01,8.500000000000000611e-02,3.000000000000000000e+00,5.142701720558476634e+06
-5.750668181271558765e+00,2.561299365770256742e+00,2.239460561839207831e+00,1.772678684948633399e-01,8.500000000000000611e-02,3.000000000000000000e+00,5.142701720558476634e+06
-5.799101185123381796e+00,1.637981921982973876e+00,1.390049556444189260e+00,1.854625428048160829e-01,8.500000000000000611e-02,3.000000000000000000e+00,5.142701720558476634e+06
-5.880551917962899999e+00,1.959451569622411959e+00,1.782918961339772235e+00,1.871454398737415481e-01,8.500000000000000611e-02,3.000000000000000000e+00,5.142701720558476634e+06
-6.353680344951390779e+00,1.634993118985759164e+00,1.892376009032825213e+00,-6.144615242769940755e-02,8.500000000000000611e-02,3.000000000000000000e+00,5.142701720558476634e+06
-6.881722076791710663e+00,2.090609436965417345e+00,2.945273394291600511e+00,5.512614142607341616e-02,8.500000000000000611e-02,3.000000000000000000e+00,5.142701720558476634e+06
-6.848685583015889478e+00,2.900314045669961427e+00,3.684637910426075358e+00,-1.167315183449289528e-01,8.500000000000000611e-02,3.000000000000000000e+00,5.142701720558476634e+06
-6.597864921957218520e+00,2.414241958170225466e+00,3.026997537669380289e+00,3.783776340460365262e-02,8.500000000000000611e-02,3.000000000000000000e+00,5.142701720558476634e+06
-6.686387369244346068e+00,2.304499739091312449e+00,3.157235768478038107e+00,3.595551900582851790e-01,8.500000000000000611e-02,3.000000000000000000e+00,5.142701720558476634e+06
-6.742685123586218410e+00,2.515273315846894953e+00,3.446298773982308994e+00,3.902292877399183846e-01,8.500000000000000611e-02,3.000000000000000000e+00,5.142701720558476634e+06
-6.896198804481938005e+00,2.771113048955212932e+00,3.888855356323713153e+00,4.601661662395918340e-01,8.500000000000000611e-02,3.000000000000000000e+00,5.142701720558476634e+06
-6.894888799720055417e+00,2.520053410331069443e+00,3.596630760417363959e+00,3.874322863376511439e-01,8.500000000000000611e-02,3.000000000000000000e+00,5.142701720558476634e+06
-6.857119328566006367e+00,2.397298598922511736e+00,3.369660350348977929e+00,2.883105921853033604e-01,8.500000000000000611e-02,3.000000000000000000e+00,5.142701720558476634e+06
-7.440437618103441508e+00,1.847428559492854783e+00,3.667244099705972538e+00,7.075654804882148818e-01,8.500000000000000611e-02,3.000000000000000000e+00,5.142701720558476634e+06
-7.080686203932316403e+00,1.932061337764194642e+00,3.446479032523333430e+00,8.075883854402645667e-01,8.500000000000000611e-02,3.000000000000000000e+00,5.142701720558476634e+06
-6.127215421827711950e+00,2.226457372596585937e+00,2.462533563066843456e+00,2.825177605826573735e-01,8.500000000000000611e-02,3.000000000000000000e+00,5.142701720558476634e+06
-6.605292980715683271e+00,2.810397366453729617e+00,3.783442116463807015e+00,7.071593705067975577e-01,8.500000000000000611e-02,3.000000000000000000e+00,5.142701720558476634e+06
-6.598765732175099430e+00,2.796040518087578253e+00,3.757746926817368660e+00,6.987474246267059153e-01,8.500000000000000611e-02,3.000000000000000000e+00,5.142701720558476634e+06
-6.584701600910051411e+00,2.608514732664706237e+00,3.398716363182195277e+00,4.432571263100709702e-01,8.500000000000000611e-02,3.000000000000000000e+00,5.142701720558476634e+06
-5.717914446953021645e+00,2.132945942910601023e+00,1.733138290516479385e+00,-8.296283229593190423e-02,8.500000000000000611e-02,3.000000000000000000e+00,5.142701720558476634e+06
-5.149194644732376425e+00,1.575021012787205743e+00,5.842140584023249872e-01,-1.253045438365560371e-01,8.500000000000000611e-02,3.000000000000000000e+00,5.142701720558476634e+06
-6.074383809603678408e+00,1.541675806418369099e+00,1.578912284847810321e+00,1.183280641362640107e-01,8.500000000000000611e-02,3.000000000000000000e+00,5.142701720558476634e+06
-6.079768726411613144e+00,9.706042957473047794e-01,9.856922045487568340e-01,3.352041794450966172e-02,8.500000000000000611e-02,3.000000000000000000e+00,5.142701720558476634e+06
-5.782232116073915407e+00,1.393079260373501160e+00,1.000847284948864324e+00,-3.344310991541234457e-01,8.500000000000000611e-02,3.000000000000000000e+00,5.142701720558476634e+06
-5.601836438513592142e+00,1.100035955687643785e+00,4.442446529917156717e-01,-4.618060207940618556e-01,8.500000000000000611e-02,3.000000000000000000e+00,5.142701720558476634e+06
-5.683758922615059106e+00,1.464061800796646606e+00,9.704307558371625397e-01,-1.322321025669880024e-01,8.500000000000000611e-02,3.000000000000000000e+00,5.142701720558476634e+06
-5.369656875450613320e+00,1.469396154026608947e+00,7.961429129841153252e-01,2.325391946427128320e-01,8.500000000000000611e-02,3.000000000000000000e+00,5.142701720558476634e+06
-5.261174253076147167e+00,1.494860107289307294e+00,6.895343277860102038e-01,-1.130000760389748699e-01,8.500000000000000611e-02,3.000000000000000000e+00,5.142701720558476634e+06
-5.586002448694782352e+00,1.416277204372609511e+00,9.523645626058191427e-01,-1.079266789981652153e-01,8.500000000000000611e-02,3.000000000000000000e+00,5.142701720558476634e+06
-4.440607365946716456e+00,2.290829142658905582e+00,3.670610725618210779e-01,-7.452452798339004314e-01,8.500000000000000611e-02,3.000000000000000000e+00,5.142701720558476634e+06
-5.291599225756506542e+00,2.538091397234995661e+00,1.635651269995198165e+00,-3.095772303324099139e-01,8.500000000000000611e-02,3.000000000000000000e+00,5.142701720558476634e+06
-4.879207495270093453e+00,2.753476476834598952e+00,1.335335509048651170e+00,-4.402614572860354958e-01,8.500000000000000611e-02,3.000000000000000000e+00,5.142701720558476634e+06
-4.673923904062618817e+00,2.807246162371552778e+00,1.241804110466679933e+00,-1.425662327965490084e-01,8.500000000000000611e-02,3.000000000000000000e+00,5.142701720558476634e+06
-5.217099395858546096e+00,1.632664218665250910e+00,7.335139301230659825e-01,-3.866243795828083751e-02,8.500000000000000611e-02,3.000000000000000000e+00,5.142701720558476634e+06
-5.620348861919230110e+00,1.764290024686568703e+00,1.407513694881167954e+00,2.772848345060135999e-01,8.500000000000000611e-02,3.000000000000000000e+00,5.142701720558476634e+06
-5.820875570054258930e+00,2.043319879122303284e+00,1.883761751784843952e+00,2.800393273702825314e-01,8.500000000000000611e-02,3.000000000000000000e+00,5.142701720558476634e+06
-5.880383337385742593e+00,1.767461790999644178e+00,1.567247160883558532e+00,-8.033577827169793850e-02,8.500000000000000611e-02,3.000000000000000000e+00,5.142701720558476634e+06
-5.457849672401077434e+00,2.410681427755403838e+00,1.756270497009731368e+00,-1.066847789924212364e-01,8.500000000000000611e-02,3.000000000000000000e+00,5.142701720558476634e+06
-5.508698373864617359e+00,2.754671153969274755e+00,2.197785192172080571e+00,-3.741305413630352517e-02,8.500000000000000611e-02,3.000000000000000000e+00,5.142701720558476634e+06
-5.136776984037545901e+00,2.800786600450558606e+00,1.803277150857555577e+00,-2.623732389449997537e-01,8.500000000000000611e-02,3.000000000000000000e+00,5.142701720558476634e+06
-5.485652310947763510e+00,2.903584828203984447e+00,2.241304096200809060e+00,-1.711190178620125568e-01,8.500000000000000611e-02,3.000000000000000000e+00,5.142701720558476634e+06
-5.485509384443338909e+00,2.910338888613141606e+00,2.248103935385592500e+00,-1.718684185136968856e-01,8.500000000000000611e-02,3.000000000000000000e+00,5.142701720558476634e+06
-5.485509384443338909e+00,2.910338888613141606e+00,2.248103935385592500e+00,-1.718684185136968856e-01,8.500000000000000611e-02,3.000000000000000000e+00,5.142701720558476634e+06
-6.411487247251528743e+00,1.707132576322667905e+00,2.139976744279501464e+00,1.874573911188293085e-01,8.500000000000000611e-02,3.000000000000000000e+00,5.142701720558476634e+06
-6.561213864763767667e+00,2.360086374800650422e+00,2.972991431210270541e+00,2.312216945036091320e-01,8.500000000000000611e-02,3.000000000000000000e+00,5.142701720558476634e+06
-6.278745541239343808e+00,1.827171803712453135e+00,2.260274781571734337e+00,4.110545765683470965e-01,8.500000000000000611e-02,3.000000000000000000e+00,5.142701720558476634e+06
-5.087613467804641409e+00,1.397152758813426932e+00,1.852520738193522698e-01,-5.218835080562318485e-01,8.500000000000000611e-02,3.000000000000000000e+00,5.142701720558476634e+06
-5.736839052243929871e+00,5.736802560148559493e-01,3.659332371985011823e-01,3.607318182184893196e-02,8.500000000000000611e-02,3.000000000000000000e+00,5.142701720558476634e+06
-5.515918336655087906e+00,5.758417109830914482e-01,1.276974882610693030e-01,-4.653310259146285766e-02,8.500000000000000611e-02,3.000000000000000000e+00,5.142701720558476634e+06
-5.548957301251922658e+00,4.741483531438799304e-01,7.756118032037140342e-02,-5.447487356469124520e-02,8.500000000000000611e-02,3.000000000000000000e+00,5.142701720558476634e+06
-5.390936572592503140e+00,1.966761824414593463e-01,-3.143642311126582101e-01,-5.929705185582576088e-02,8.500000000000000611e-02,3.000000000000000000e+00,5.142701720558476634e+06
-5.469005884774199799e+00,2.839221925335511099e-01,-1.581301695862660228e-01,-7.822059028387495783e-02,8.500000000000000611e-02,3.000000000000000000e+00,5.142701720558476634e+06
-5.546278252426293243e+00,4.361259897377827155e-01,5.605127038340007584e-02,-4.789340327581048662e-02,8.500000000000000611e-02,3.000000000000000000e+00,5.142701720558476634e+06
-5.726296222898659138e+00,3.188247959888586003e-01,1.968124964159372325e-01,1.971292594698605127e-02,8.500000000000000611e-02,3.000000000000000000e+00,5.142701720558476634e+06
-5.719711783682930317e+00,1.925780522549744855e-01,1.217020194564988333e-01,6.769642700456748874e-02,8.500000000000000611e-02,3.000000000000000000e+00,5.142701720558476634e+06
-5.719711783682930317e+00,1.925780522549744855e-01,1.217020194564988333e-01,6.769642700456748874e-02,8.500000000000000611e-02,3.000000000000000000e+00,5.142701720558476634e+06
-5.525795662230150285e+00,1.825492279324536504e-02,-2.243005202991519287e-01,2.754505985889903197e-02,8.500000000000000611e-02,3.000000000000000000e+00,5.142701720558476634e+06
-5.529674365893940013e+00,1.546690025386117107e+00,1.006906486361054842e+00,-1.836632068039396326e-01,8.500000000000000611e-02,3.000000000000000000e+00,5.142701720558476634e+06
-5.500788672676980795e+00,1.849940975337190485e+00,1.218640178556651854e+00,-2.110624780235703657e-01,8.500000000000000611e-02,3.000000000000000000e+00,5.142701720558476634e+06
-5.113788003147150540e+00,2.364619027639084603e+00,1.220824558051578412e+00,-3.043877264398791582e-01,8.500000000000000611e-02,3.000000000000000000e+00,5.142701720558476634e+06
-5.924452215613532857e+00,2.284103578191459150e+00,2.297666436060937567e+00,2.930111022117863340e-01,8.500000000000000611e-02,3.000000000000000000e+00,5.142701720558476634e+06
-5.875671350913387769e+00,2.806350341747771537e+00,2.452993057850739067e+00,-1.858933887501685867e-01,8.500000000000000611e-02,3.000000000000000000e+00,5.142701720558476634e+06
-6.145668615916709321e+00,2.845664889417617083e+00,2.663350475349686164e+00,-4.222266011993359713e-01,8.500000000000000611e-02,3.000000000000000000e+00,5.142701720558476634e+06
-5.981876487780204421e+00,2.850421764647628198e+00,2.586536406444881919e+00,-2.761932792923853519e-01,8.500000000000000611e-02,3.000000000000000000e+00,5.142701720558476634e+06
-6.020449133088110472e+00,2.221940381104716700e+00,2.122796597824552212e+00,-1.314017002762671860e-01,8.500000000000000611e-02,3.000000000000000000e+00,5.142701720558476634e+06
-6.383221396361751232e+00,1.968213074869834323e+00,2.393195248506108541e+00,3.662402169009277841e-01,8.500000000000000611e-02,3.000000000000000000e+00,5.142701720558476634e+06
-6.099897010949815623e+00,2.234473645213941317e+00,2.218899694592844973e+00,-2.783867444191456819e-03,8.500000000000000611e-02,3.000000000000000000e+00,5.142701720558476634e+06
-6.376250281267414444e+00,2.422068380096458196e+00,2.640643407829800893e+00,-3.283310934332890896e-01,8.500000000000000611e-02,3.000000000000000000e+00,5.142701720558476634e+06
-6.334091469266508234e+00,1.917257074515758664e+00,2.277409491616904091e+00,1.374286279566618862e-01,8.500000000000000611e-02,3.000000000000000000e+00,5.142701720558476634e+06
-6.560852150535503746e+00,2.144290130220196655e+00,2.686425624965630643e+00,7.574755116344014660e-02,8.500000000000000611e-02,3.000000000000000000e+00,5.142701720558476634e+06
-6.655381407627844581e+00,2.578943554227812296e+00,3.124482936375740039e+00,-5.226834284996989544e-02,8.500000000000000611e-02,3.000000000000000000e+00,5.142701720558476634e+06
-6.759330952455069763e+00,2.191974163864272462e+00,2.919023102596826291e+00,1.247197460616721598e-01,8.500000000000000611e-02,3.000000000000000000e+00,5.142701720558476634e+06
-7.237122310287518623e+00,1.369228374114590974e+00,2.699048367440417984e+00,2.414413461450152787e-01,8.500000000000000611e-02,3.000000000000000000e+00,5.142701720558476634e+06
-6.517701285871307704e+00,1.628750445976343331e+00,2.109774409931739036e+00,7.154141648375254847e-02,8.500000000000000611e-02,3.000000000000000000e+00,5.142701720558476634e+06
-6.791437906005407754e+00,7.955691733263110521e-01,1.531085775123414816e+00,-3.679114590637738713e-02,8.500000000000000611e-02,3.000000000000000000e+00,5.142701720558476634e+06
-6.559666684688789218e+00,1.692997743092202523e+00,2.214770379332448247e+00,1.013506078313061859e-01,8.500000000000000611e-02,3.000000000000000000e+00,5.142701720558476634e+06
-5.433969007946109819e+00,1.958437570474035994e+00,1.424379875919370653e+00,1.410256172332047253e-01,8.500000000000000611e-02,3.000000000000000000e+00,5.142701720558476634e+06
-5.414851181110662104e+00,2.282731133581362482e+00,1.508213379641218932e+00,-2.968788008611849549e-01,8.500000000000000611e-02,3.000000000000000000e+00,5.142701720558476634e+06
-5.050679736347134074e+00,2.731432928324195597e+00,1.442879754180347307e+00,-5.464689925224077705e-01,8.500000000000000611e-02,3.000000000000000000e+00,5.142701720558476634e+06
-5.655459853927871094e+00,2.901922888438106085e+00,2.242003190340144059e+00,-4.884978842439791080e-01,8.500000000000000611e-02,3.000000000000000000e+00,5.142701720558476634e+06
-5.783913078061085677e+00,1.574572938913933351e+00,1.146852819062209150e+00,-4.824636019667494224e-01,8.500000000000000611e-02,3.000000000000000000e+00,5.142701720558476634e+06
-5.497687895266448521e+00,1.366053487196829952e+00,4.520227905895126685e-01,-9.646382628475673737e-01,8.500000000000000611e-02,3.000000000000000000e+00,5.142701720558476634e+06
-5.767209559095404003e+00,2.057706943811925093e+00,1.598472097133184722e+00,-4.543302795805531646e-01,8.500000000000000611e-02,3.000000000000000000e+00,5.142701720558476634e+06
-4.944940839984816705e+00,2.341338161358386571e+00,8.642686939135153512e-01,-8.961176268854038618e-01,8.500000000000000611e-02,3.000000000000000000e+00,5.142701720558476634e+06
-5.058536035950072396e+00,2.351516323544754705e+00,1.050526778056475763e+00,-7.186760502032827347e-01,8.500000000000000611e-02,3.000000000000000000e+00,5.142701720558476634e+06
-4.676578581967869574e+00,2.622277648678075224e+00,8.088600899819143875e-01,-1.121594711016582480e+00,8.500000000000000611e-02,3.000000000000000000e+00,5.142701720558476634e+06
-5.191271197100872925e+00,2.270503929415994993e+00,1.083601622859539315e+00,-7.848715911572288206e-01,8.500000000000000611e-02,3.000000000000000000e+00,5.142701720558476634e+06
-5.528152220793321803e+00,2.341663380832585073e+00,1.528425071073582275e+00,-3.699319576813554500e-01,8.500000000000000611e-02,3.000000000000000000e+00,5.142701720558476634e+06
-5.902715659561819095e+00,6.886497790406043151e-01,3.586566595562710180e-01,-3.216704539434294130e-01,8.500000000000000611e-02,3.000000000000000000e+00,5.142701720558476634e+06
-5.987191203816662366e+00,1.428167153376309617e+00,1.163419536709592528e+00,-2.933723450916128073e-01,8.500000000000000611e-02,3.000000000000000000e+00,5.142701720558476634e+06
-5.928248675187449024e+00,1.742521397635454106e+00,1.541363256675900795e+00,-8.679577681936803679e-02,8.500000000000000611e-02,3.000000000000000000e+00,5.142701720558476634e+06
-6.027938460525409603e+00,1.599516120281644360e+00,1.565613534063156731e+00,1.269436068397182815e-01,8.500000000000000611e-02,3.000000000000000000e+00,5.142701720558476634e+06
-6.339619704949958745e+00,1.886779099261894022e+00,2.229393093510798618e+00,3.420646152018822495e-01,8.500000000000000611e-02,3.000000000000000000e+00,5.142701720558476634e+06
-6.094148872196920586e+00,1.440743811085433590e+00,1.527891858977640904e+00,7.324700576200926516e-02,8.500000000000000611e-02,3.000000000000000000e+00,5.142701720558476634e+06
-5.903708630271244928e+00,1.119561639617052684e+00,1.003250141151125430e+00,3.142712929883106909e-02,8.500000000000000611e-02,3.000000000000000000e+00,5.142701720558476634e+06
-5.870794438678875515e+00,1.535280068341825732e+00,1.287328288900384088e+00,-8.570514019782057846e-02,8.500000000000000611e-02,3.000000000000000000e+00,5.142701720558476634e+06
-5.429622594766558841e+00,1.657512748362819366e+00,1.052246270598292011e+00,2.319506004980325109e-01,8.500000000000000611e-02,3.000000000000000000e+00,5.142701720558476634e+06
-4.733092958261201133e+00,1.876792840448872290e+00,3.402560366718736518e-01,-3.759807807626832643e-01,8.500000000000000611e-02,3.000000000000000000e+00,5.142701720558476634e+06
-5.255242390659561558e+00,1.982907779276646076e+00,1.075628915576715583e+00,-8.062419521586788873e-02,8.500000000000000611e-02,3.000000000000000000e+00,5.142701720558476634e+06
-5.136186143585993236e+00,1.613639356595308882e+00,5.934365614124612609e-01,-2.075341467062311596e-01,8.500000000000000611e-02,3.000000000000000000e+00,5.142701720558476634e+06
-5.693902417402314953e+00,1.526823316059577440e+00,1.012796175101311924e+00,-2.259296725207803058e-01,8.500000000000000611e-02,3.000000000000000000e+00,5.142701720558476634e+06
-6.128666623248841816e+00,2.035324892053543167e+00,1.952713672830708402e+00,-1.355140150399037624e-01,8.500000000000000611e-02,3.000000000000000000e+00,5.142701720558476634e+06
-5.941539134134462330e+00,1.507441708603301622e+00,1.196717095267304964e+00,-3.614794479657137405e-01,8.500000000000000611e-02,3.000000000000000000e+00,5.142701720558476634e+06
-5.642118180649832837e+00,1.466147351695222145e+00,9.805385993636241970e-01,-2.835153013073188344e-02,8.500000000000000611e-02,3.000000000000000000e+00,5.142701720558476634e+06
-5.364077011398237893e+00,1.205692607092618829e+00,3.494335580688723297e-01,-1.845851816778665277e-01,8.500000000000000611e-02,3.000000000000000000e+00,5.142701720558476634e+06
-5.646341046083751536e+00,9.992977593184435570e-01,5.312145409097515092e-01,-7.739722647718154380e-02,8.500000000000000611e-02,3.000000000000000000e+00,5.142701720558476634e+06
-5.280988422329037313e+00,1.475487371782659984e+00,5.655030468157941081e-01,-1.283733871179536801e-01,8.500000000000000611e-02,3.000000000000000000e+00,5.142701720558476634e+06
-5.857675135988804627e+00,1.795280290517973665e+00,1.339756800108230728e+00,-6.063394425603255700e-01,8.500000000000000611e-02,3.000000000000000000e+00,5.142701720558476634e+06
-5.984780530351616612e+00,1.571826342244694974e+00,1.387869538695263971e+00,-1.295528032501734317e-01,8.500000000000000611e-02,3.000000000000000000e+00,5.142701720558476634e+06
-5.978400543578632487e+00,2.239187246274505050e+00,2.017576555645328007e+00,-1.767542930689272596e-01,8.500000000000000611e-02,3.000000000000000000e+00,5.142701720558476634e+06
-5.769036454570484196e+00,2.626627354239589707e+00,2.132547599368100677e+00,-3.206555622710379749e-01,8.500000000000000611e-02,3.000000000000000000e+00,5.142701720558476634e+06
-6.535915378538533105e+00,2.364774749799033238e+00,2.856869935858876275e+00,6.633765473529817935e-02,8.500000000000000611e-02,3.000000000000000000e+00,5.142701720558476634e+06
-6.525763470978445113e+00,2.071538015731818838e+00,2.658240996181681304e+00,3.366818591535663541e-01,8.500000000000000611e-02,3.000000000000000000e+00,5.142701720558476634e+06
-6.963702417882137397e+00,2.050982639593097012e+00,3.117549896222340244e+00,3.848191844230164360e-01,8.500000000000000611e-02,3.000000000000000000e+00,5.142701720558476634e+06
-6.247491250467665402e+00,1.556611320618168204e+00,1.784679252977279695e+00,1.159601196314615223e-01,8.500000000000000611e-02,3.000000000000000000e+00,5.142701720558476634e+06
-6.428226983893704727e+00,1.733640475995661845e+00,2.084857634186155551e+00,-7.115115717375442017e-04,8.500000000000000611e-02,3.000000000000000000e+00,5.142701720558476634e+06
-7.601381749196320925e+00,1.910667762529420610e+00,3.549405414862259356e+00,3.145780240334075106e-01,8.500000000000000611e-02,3.000000000000000000e+00,5.142701720558476634e+06
-6.889631264176243164e+00,2.423604414619284775e+00,3.275394579952315866e+00,1.251000241327472062e-01,8.500000000000000611e-02,3.000000000000000000e+00,5.142701720558476634e+06
-7.440987278612448463e+00,2.355594742120811880e+00,3.884673189522939829e+00,2.917157443350876789e-01,8.500000000000000611e-02,3.000000000000000000e+00,5.142701720558476634e+06
-6.648436260604764669e+00,2.192841271936321501e+00,2.789053265585553554e+00,7.462566110414936560e-02,8.500000000000000611e-02,3.000000000000000000e+00,5.142701720558476634e+06
-6.624432125041450625e+00,1.896437937125713846e+00,2.662769010954460391e+00,4.897285217167443028e-01,8.500000000000000611e-02,3.000000000000000000e+00,5.142701720558476634e+06
-6.505317324294525250e+00,2.385656084091886786e+00,3.066871293428344636e+00,4.186129251811723240e-01,8.500000000000000611e-02,3.000000000000000000e+00,5.142701720558476634e+06
-6.865941576244780187e+00,1.733549778418021159e+00,2.759300313859368359e+00,5.019566143601164043e-01,8.500000000000000611e-02,3.000000000000000000e+00,5.142701720558476634e+06
-6.952561602182076861e+00,1.557465308578501073e+00,2.730138058037754334e+00,6.188533283229578075e-01,8.500000000000000611e-02,3.000000000000000000e+00,5.142701720558476634e+06
-6.092454148549213855e+00,1.722974981969721098e+00,1.892853262310681073e+00,3.628319163055837571e-01,8.500000000000000611e-02,3.000000000000000000e+00,5.142701720558476634e+06
-7.192103285565764281e+00,1.808347788085031826e+00,3.166486036638610280e+00,3.143938059178247313e-01,8.500000000000000611e-02,3.000000000000000000e+00,5.142701720558476634e+06
-7.275517654754744434e+00,1.734951801109925640e+00,3.215214824880797906e+00,3.382852496205601689e-01,8.500000000000000611e-02,3.000000000000000000e+00,5.142701720558476634e+06
-7.266711899217676240e+00,1.739566996617170069e+00,3.207248997611624741e+00,3.389466587831576061e-01,8.500000000000000611e-02,3.000000000000000000e+00,5.142701720558476634e+06
-6.815348999119714257e+00,1.727365276524642113e+00,2.762718125017704196e+00,4.704601659323816576e-01,8.500000000000000611e-02,3.000000000000000000e+00,5.142701720558476634e+06
-6.313068134146598176e+00,2.617254435461640050e+00,2.971397644182814268e+00,1.538995683068387077e-01,8.500000000000000611e-02,3.000000000000000000e+00,5.142701720558476634e+06
-6.492435846329006388e+00,2.742509303299398127e+00,3.318141729170019261e+00,2.123111227581671034e-01,8.500000000000000611e-02,3.000000000000000000e+00,5.142701720558476634e+06
-6.212816113463040857e+00,2.996445332736549005e+00,3.249841503744961280e+00,2.158455971406176843e-01,8.500000000000000611e-02,3.000000000000000000e+00,5.142701720558476634e+06
-6.048983763202888220e+00,2.762315283022587664e+00,2.807598690348148907e+00,1.196358140094320177e-01,8.500000000000000611e-02,3.000000000000000000e+00,5.142701720558476634e+06
-5.773158338023058889e+00,2.206957649373264996e+00,1.906694423314042819e+00,4.991127264325101454e-02,8.500000000000000611e-02,3.000000000000000000e+00,5.142701720558476634e+06
-5.899368638255663377e+00,2.327727670807515192e+00,2.171792515478673913e+00,7.251700427582261077e-02,8.500000000000000611e-02,3.000000000000000000e+00,5.142701720558476634e+06
-5.873408292137735742e+00,2.725498498530559033e+00,2.741657146766387942e+00,5.471013043904481288e-01,8.500000000000000611e-02,3.000000000000000000e+00,5.142701720558476634e+06
-4.921882119893089325e+00,2.267527838078610358e+00,1.032955742449357839e+00,3.081049101363114717e-02,8.500000000000000611e-02,3.000000000000000000e+00,5.142701720558476634e+06
-5.336138529283574350e+00,2.405992581253587836e+00,1.525202741550283569e+00,-2.168624349643271665e-01,8.500000000000000611e-02,3.000000000000000000e+00,5.142701720558476634e+06
-5.492740017285113296e+00,2.319002546845734258e+00,1.719926765634371524e+00,-2.744191194498035724e-03,8.500000000000000611e-02,3.000000000000000000e+00,5.142701720558476634e+06
-5.746450328826667509e+00,1.964919542883960757e+00,1.456426599325997495e+00,-3.215643986077083571e-01,8.500000000000000611e-02,3.000000000000000000e+00,5.142701720558476634e+06
-5.655878044038036734e+00,2.122818191106227381e+00,1.569068529447171567e+00,-1.449397551120969463e-01,8.500000000000000611e-02,3.000000000000000000e+00,5.142701720558476634e+06
-5.350331256214545306e+00,1.234773144715462179e+00,4.021821468978679093e-01,-5.168511619613649910e-02,8.500000000000000611e-02,3.000000000000000000e+00,5.142701720558476634e+06
-5.897069236497611833e+00,2.391100349093441046e+00,1.977075158778280883e+00,-2.675891254469006109e-01,8.500000000000000611e-02,3.000000000000000000e+00,5.142701720558476634e+06
-6.296268733684842189e+00,2.531228483018730380e+00,2.735393506674684616e+00,-3.755148689673340479e-02,8.500000000000000611e-02,3.000000000000000000e+00,5.142701720558476634e+06
-6.518235163202733773e+00,2.661741703055145347e+00,3.125630019075472887e+00,1.227405087167771081e-02,8.500000000000000611e-02,3.000000000000000000e+00,5.142701720558476634e+06
-6.064368616626875763e+00,2.886559785900735697e+00,2.889257251011477123e+00,1.844612284384826717e-01,8.500000000000000611e-02,3.000000000000000000e+00,5.142701720558476634e+06
-6.052058639723635558e+00,2.921302714695207747e+00,2.851977679446268787e+00,-3.545272192049950255e-02,8.500000000000000611e-02,3.000000000000000000e+00,5.142701720558476634e+06
-6.109415028075195764e+00,2.568722808203202312e+00,2.558444304942918635e+00,-4.785108584375409591e-02,8.500000000000000611e-02,3.000000000000000000e+00,5.142701720558476634e+06
-5.446632839671085691e+00,1.978655437044976484e+00,1.097739393048972500e+00,-6.161325288428651792e-01,8.500000000000000611e-02,3.000000000000000000e+00,5.142701720558476634e+06
-5.403654471036158036e+00,2.437227608893413944e+00,1.566321828953840756e+00,-5.143453133333540928e-01,8.500000000000000611e-02,3.000000000000000000e+00,5.142701720558476634e+06
-5.693239190401333971e+00,2.038519909986100664e+00,1.585242745914518192e+00,-2.535712479422551624e-01,8.500000000000000611e-02,3.000000000000000000e+00,5.142701720558476634e+06
-5.806087714538120004e+00,2.265925531776899593e+00,1.921200404749804580e+00,-1.840036898747753336e-01,8.500000000000000611e-02,3.000000000000000000e+00,5.142701720558476634e+06
-5.088961687573680059e+00,2.282921007548648351e+00,1.169192626501090793e+00,-3.534131232941588596e-01,8.500000000000000611e-02,3.000000000000000000e+00,5.142701720558476634e+06
-4.824943809496456737e+00,1.986102382243808862e+00,6.921725528394093718e-01,-8.833604810309869659e-02,8.500000000000000611e-02,3.000000000000000000e+00,5.142701720558476634e+06
-5.320430887918239371e+00,2.849534148380972631e+00,1.993234047767837414e+00,-1.782689621287604775e-01,8.500000000000000611e-02,3.000000000000000000e+00,5.142701720558476634e+06
-5.338764275465869069e+00,2.936578714659614509e+00,1.991271514681321797e+00,-4.291302939145400508e-01,8.500000000000000611e-02,3.000000000000000000e+00,5.142701720558476634e+06
-5.338764275465869069e+00,2.936578714659614509e+00,1.991271514681321797e+00,-4.291302939145400508e-01,8.500000000000000611e-02,3.000000000000000000e+00,5.142701720558476634e+06
-5.342865025254089240e+00,2.796959489886017725e+00,1.853257017051614275e+00,-4.301781664570054620e-01,8.500000000000000611e-02,3.000000000000000000e+00,5.142701720558476634e+06
-5.590572783026865444e+00,2.671973876566953621e+00,2.044464686463600689e+00,-2.606280079988638754e-01,8.500000000000000611e-02,3.000000000000000000e+00,5.142701720558476634e+06
-5.905019209622430765e+00,2.562616439003907232e+00,2.365266755068379023e+00,-4.600290577822499505e-02,8.500000000000000611e-02,3.000000000000000000e+00,5.142701720558476634e+06
-5.500078354856200669e+00,1.916729285467613897e+00,1.275216479652855117e+00,-7.081415718407102489e-02,8.500000000000000611e-02,3.000000000000000000e+00,5.142701720558476634e+06
-5.723010338761663540e+00,8.336252313768752753e-01,6.371108285097498714e-01,3.011015952266510309e-01,8.500000000000000611e-02,3.000000000000000000e+00,5.142701720558476634e+06
-5.454392730775059484e+00,5.998095490202242086e-01,1.922460260157949907e-01,3.761888252513105324e-01,8.500000000000000611e-02,3.000000000000000000e+00,5.142701720558476634e+06
-5.758787659714995399e+00,1.338122947239360316e+00,1.063765912919732104e+00,7.611709978880984440e-02,8.500000000000000611e-02,3.000000000000000000e+00,5.142701720558476634e+06
-5.394360802670822963e+00,1.907213372934496665e+00,1.180987741475799435e+00,3.407676756885885672e-02,8.500000000000000611e-02,3.000000000000000000e+00,5.142701720558476634e+06
-6.072497313936969121e+00,2.085061603231865845e+00,2.079030525106520422e+00,-4.701247679587090139e-03,8.500000000000000611e-02,3.000000000000000000e+00,5.142701720558476634e+06
-5.771171274908614812e+00,2.372346787586268935e+00,1.905435361164320440e+00,-2.148454968500938533e-01,8.500000000000000611e-02,3.000000000000000000e+00,5.142701720558476634e+06
-5.577522582344123236e+00,1.477008808813685681e+00,9.039223873832495926e-01,-4.869827462836094634e-02,8.500000000000000611e-02,3.000000000000000000e+00,5.142701720558476634e+06
-5.955145224431841022e+00,1.008420182284989641e+00,8.456989298694779222e-01,-1.575863235116800321e-01,8.500000000000000611e-02,3.000000000000000000e+00,5.142701720558476634e+06
-6.086717423423853468e+00,6.776835489724510886e-01,5.948016969304847912e-01,-3.962550299522224484e-01,8.500000000000000611e-02,3.000000000000000000e+00,5.142701720558476634e+06
-5.356368948038204181e+00,1.445894776983008168e+00,6.864260340026329121e-01,-1.506397910795633510e-01,8.500000000000000611e-02,3.000000000000000000e+00,5.142701720558476634e+06
-5.551553010725977622e+00,2.117414414369651610e+00,1.557554511325084601e+00,-7.794927778284688191e-02,8.500000000000000611e-02,3.000000000000000000e+00,5.142701720558476634e+06
-6.968260049522791988e+00,2.704806712427539672e+00,3.791935337701681785e+00,2.552702717849381076e-01,8.500000000000000611e-02,3.000000000000000000e+00,5.142701720558476634e+06
-6.285830514073344588e+00,2.654831859637031943e+00,3.057970892231030025e+00,2.877372186222320605e-01,8.500000000000000611e-02,3.000000000000000000e+00,5.142701720558476634e+06
-6.253836830811142278e+00,1.887890072313066270e+00,2.166030373001436082e+00,8.318730088428526181e-02,8.500000000000000611e-02,3.000000000000000000e+00,5.142701720558476634e+06
-6.039411210085654069e+00,1.267849479783529132e+00,1.324791187388889790e+00,2.399426149523893881e-01,8.500000000000000611e-02,3.000000000000000000e+00,5.142701720558476634e+06
-6.304911514788853033e+00,1.327333108956753049e+00,1.578325189472799872e+00,5.576624649514438925e-02,8.500000000000000611e-02,3.000000000000000000e+00,5.142701720558476634e+06
-6.520588502343708015e+00,1.549905811678434109e+00,2.010255534019242063e+00,1.601331302404813417e-01,8.500000000000000611e-02,3.000000000000000000e+00,5.142701720558476634e+06
-6.323269534067403441e+00,1.080627077963548288e+00,1.266998157711430428e+00,-4.442166085021437283e-02,8.500000000000000611e-02,3.000000000000000000e+00,5.142701720558476634e+06
-6.077395988245442027e+00,1.679840703518303835e+00,1.610236972487124829e+00,-1.073255985129487194e-01,8.500000000000000611e-02,3.000000000000000000e+00,5.142701720558476634e+06
-6.114448430398570444e+00,1.711344477377951145e+00,1.659422717206062270e+00,-2.328622534808481026e-01,8.500000000000000611e-02,3.000000000000000000e+00,5.142701720558476634e+06
-6.119637091061284728e+00,2.474929822177458938e+00,2.522108833669864936e+00,4.403439935853648013e-02,8.500000000000000611e-02,3.000000000000000000e+00,5.142701720558476634e+06
-6.264914346359979014e+00,2.676199681740992986e+00,2.869794623476586537e+00,3.540252468819634485e-02,8.500000000000000611e-02,3.000000000000000000e+00,5.142701720558476634e+06
-6.162966789357470887e+00,2.918418032920837568e+00,3.004401966048273920e+00,9.285396967027204074e-02,8.500000000000000611e-02,3.000000000000000000e+00,5.142701720558476634e+06
-6.062529088837608882e+00,2.927975969596778860e+00,2.874373942281400751e+00,-9.527297823960112488e-03,8.500000000000000611e-02,3.000000000000000000e+00,5.142701720558476634e+06
-6.212315672789109122e+00,2.823260489757246194e+00,2.880701940683119577e+00,-4.857176296707960833e-02,8.500000000000000611e-02,3.000000000000000000e+00,5.142701720558476634e+06
-5.944539609304215766e+00,2.681767146115822342e+00,2.427638766129815551e+00,-2.486762583870671117e-01,8.500000000000000611e-02,3.000000000000000000e+00,5.142701720558476634e+06
-5.283690631524694759e+00,2.907416319252293047e+00,2.036255761481017945e+00,7.548061678208883851e-02,8.500000000000000611e-02,3.000000000000000000e+00,5.142701720558476634e+06
-5.482743588511212351e+00,2.559267691847275650e+00,1.856329997002857946e+00,-4.009525097748922740e-02,8.500000000000000611e-02,3.000000000000000000e+00,5.142701720558476634e+06
-5.193825505460149650e+00,2.707629732720631122e+00,1.623046704362451909e+00,-1.198713101049793534e-01,8.500000000000000611e-02,3.000000000000000000e+00,5.142701720558476634e+06
-5.298723586480218017e+00,1.904263624260220444e+00,9.581449380921218673e-01,-2.518353124856973491e-01,8.500000000000000611e-02,3.000000000000000000e+00,5.142701720558476634e+06
-5.684920714005023967e+00,1.805824427250963149e+00,1.329656292391407479e+00,-1.504246335703590121e-01,8.500000000000000611e-02,3.000000000000000000e+00,5.142701720558476634e+06
-5.176937201789104215e+00,1.870604329391625686e+00,8.076068315918719653e-01,-2.745043955660780854e-01,8.500000000000000611e-02,3.000000000000000000e+00,5.142701720558476634e+06
-5.997203732902710804e+00,2.260766133667288624e+00,1.965399728009500580e+00,-4.643343264983421648e-01,8.500000000000000611e-02,3.000000000000000000e+00,5.142701720558476634e+06
-5.480036621015502263e+00,2.523936052270272512e+00,1.764400233631319814e+00,-1.403281994052094639e-01,8.500000000000000611e-02,3.000000000000000000e+00,5.142701720558476634e+06
-5.616881513953209115e+00,2.592907836508303809e+00,1.905104870200861278e+00,-4.436705359147160022e-01,8.500000000000000611e-02,3.000000000000000000e+00,5.142701720558476634e+06
-5.505128857055819225e+00,2.633471367196485335e+00,1.763814705580236453e+00,-6.216690121217866016e-01,8.500000000000000611e-02,3.000000000000000000e+00,5.142701720558476634e+06
-6.268925947941728971e+00,2.618528691937660469e+00,2.665945672190376481e+00,-3.935052185749128295e-01,8.500000000000000611e-02,3.000000000000000000e+00,5.142701720558476634e+06
-6.032599980280401120e+00,2.243125007891656697e+00,2.347858731975954516e+00,2.057178098614886319e-01,8.500000000000000611e-02,3.000000000000000000e+00,5.142701720558476634e+06
-5.805268946076855840e+00,2.479616804471445057e+00,2.476343769275320295e+00,3.585922170083891691e-01,8.500000000000000611e-02,3.000000000000000000e+00,5.142701720558476634e+06
-5.812053543872829131e+00,8.792106614378827345e-01,8.641788923938911182e-01,3.835887477812549573e-01,8.500000000000000611e-02,3.000000000000000000e+00,5.142701720558476634e+06
-6.144306619969214012e+00,1.119032077076347331e+00,1.424196751875528744e+00,3.114323743679164314e-01,8.500000000000000611e-02,3.000000000000000000e+00,5.142701720558476634e+06
-6.148143472402694876e+00,7.126182416657913521e-01,1.012525065144481484e+00,3.348736937596172858e-01,8.500000000000000611e-02,3.000000000000000000e+00,5.142701720558476634e+06
-6.242329642541078805e+00,8.475953317093183337e-01,1.084500782204436131e+00,-4.245074107139573671e-02,8.500000000000000611e-02,3.000000000000000000e+00,5.142701720558476634e+06
-6.600614321007746810e+00,2.818798767636465641e-03,7.553158943253421853e-01,-9.616682715090618672e-02,8.500000000000000611e-02,3.000000000000000000e+00,5.142701720558476634e+06
-6.398128043442606661e+00,7.029487230083879545e-01,1.263201913648448471e+00,1.431175072092785994e-01,8.500000000000000611e-02,3.000000000000000000e+00,5.142701720558476634e+06
-6.210239407101308728e+00,7.728797582437001434e-01,1.260227885347032561e+00,5.245037640789449451e-01,8.500000000000000611e-02,3.000000000000000000e+00,5.142701720558476634e+06
-6.465964116022453467e+00,4.667049019172229141e-01,1.288265246533178754e+00,5.671350278966136305e-01,8.500000000000000611e-02,3.000000000000000000e+00,5.142701720558476634e+06
-6.365028810417527438e+00,9.476244716392420164e-01,1.486634682875154656e+00,3.496840006944551549e-01,8.500000000000000611e-02,3.000000000000000000e+00,5.142701720558476634e+06
-6.361645540124547082e+00,1.364997674706320607e+00,1.814509082201591017e+00,2.708024132721973953e-01,8.500000000000000611e-02,3.000000000000000000e+00,5.142701720558476634e+06
-6.515079923676715623e+00,1.304123756846525151e+00,1.817658462490909121e+00,1.021626057291667444e-01,8.500000000000000611e-02,3.000000000000000000e+00,5.142701720558476634e+06
-6.319009824390906971e+00,1.454959087671134688e+00,1.782966988490315430e+00,-2.533760209078306236e-04,8.500000000000000611e-02,3.000000000000000000e+00,5.142701720558476634e+06
-5.543050253395910509e+00,7.780321699212977560e-01,3.014437337706763476e-01,-1.336487167118518560e-01,8.500000000000000611e-02,3.000000000000000000e+00,5.142701720558476634e+06
-5.087869397504074520e+00,2.141650459871902612e+00,1.062356300207538240e+00,-2.699819374545411321e-01,8.500000000000000611e-02,3.000000000000000000e+00,5.142701720558476634e+06
-4.708500836915083809e+00,2.852982811911433547e+00,1.305570260977966690e+00,-3.695657683922919379e-01,8.500000000000000611e-02,3.000000000000000000e+00,5.142701720558476634e+06
-4.930741617444543756e+00,2.351848385472917968e+00,1.124259086537954033e+00,-2.227399023093207808e-01,8.500000000000000611e-02,3.000000000000000000e+00,5.142701720558476634e+06
-4.870724466898448846e+00,2.462789304720335082e+00,1.165008124004821788e+00,-2.374535561644623982e-01,8.500000000000000611e-02,3.000000000000000000e+00,5.142701720558476634e+06
-5.156338534097756998e+00,1.682527626524124020e+00,7.322870017556291078e-01,-1.382665248154013038e-01,8.500000000000000611e-02,3.000000000000000000e+00,5.142701720558476634e+06
-5.838835502728970894e+00,1.683521990071819019e+00,1.409151495275067889e+00,-1.148766072011272732e-01,8.500000000000000611e-02,3.000000000000000000e+00,5.142701720558476634e+06
-5.506389935775752420e+00,2.214631661253519290e+00,1.766984305880465733e+00,9.599482381212359750e-02,8.500000000000000611e-02,3.000000000000000000e+00,5.142701720558476634e+06
-5.158266793641491432e+00,2.638068929785036154e+00,1.689109733096539223e+00,-1.102154202132547001e-01,8.500000000000000611e-02,3.000000000000000000e+00,5.142701720558476634e+06
-5.203007288659811103e+00,2.184528726082140437e+00,1.176819365267009809e+00,-2.663372203903039415e-01,8.500000000000000611e-02,3.000000000000000000e+00,5.142701720558476634e+06
-5.005615302812815415e+00,1.758427878974696545e+00,5.561711649545220126e-01,-2.414707428686355128e-01,8.500000000000000611e-02,3.000000000000000000e+00,5.142701720558476634e+06
-5.749666419980566268e+00,2.151884229076453714e+00,1.602876375452146673e+00,-4.745105265903402092e-01,8.500000000000000611e-02,3.000000000000000000e+00,5.142701720558476634e+06
-5.074137875920498253e+00,7.305518372415962247e-01,-3.959816638778690390e-01,-3.646419499899959393e-01,8.500000000000000611e-02,3.000000000000000000e+00,5.142701720558476634e+06
-5.462383650610100894e+00,1.040098231891348091e+00,2.363412855425885972e-01,-4.064695082197429254e-01,8.500000000000000611e-02,3.000000000000000000e+00,5.142701720558476634e+06
-5.471219035687698629e+00,1.231214708316516138e+00,3.867722104594121246e-01,-5.117171830779067010e-01,8.500000000000000611e-02,3.000000000000000000e+00,5.142701720558476634e+06
-5.645701646206521040e+00,1.101440545373404412e+00,7.425279332503031959e-01,9.953466496718921253e-02,8.500000000000000611e-02,3.000000000000000000e+00,5.142701720558476634e+06
-6.784404981051928019e+00,1.615965597174479518e+00,2.477523793713878320e+00,2.890097626574977818e-01,8.500000000000000611e-02,3.000000000000000000e+00,5.142701720558476634e+06
-7.459430054881772243e+00,1.153952904596248885e+00,2.550575084264139036e+00,8.705526927940950010e-02,8.500000000000000611e-02,3.000000000000000000e+00,5.142701720558476634e+06
-5.831755177447563554e+00,1.648577398694555773e+00,1.280670156843584095e+00,-3.244450711574925483e-01,8.500000000000000611e-02,3.000000000000000000e+00,5.142701720558476634e+06
-6.656628166586815887e+00,2.036179632463624323e+00,2.618840586910465174e+00,-1.822046856894400380e-01,8.500000000000000611e-02,3.000000000000000000e+00,5.142701720558476634e+06
-5.926856677628650871e+00,1.585231802773886312e+00,1.375103849772388642e+00,-2.425098911510131239e-01,8.500000000000000611e-02,3.000000000000000000e+00,5.142701720558476634e+06
-6.166910832734823877e+00,1.573533443318702041e+00,1.517960959357716577e+00,-4.202790355777166198e-01,8.500000000000000611e-02,3.000000000000000000e+00,5.142701720558476634e+06
-6.359444392958752523e+00,1.613030278659103978e+00,1.881842969379401209e+00,-1.327667271632628210e-01,8.500000000000000611e-02,3.000000000000000000e+00,5.142701720558476634e+06
-6.277060189923344247e+00,2.061529473678596514e+00,2.347484055147459170e+00,1.263231294859017695e-01,8.500000000000000611e-02,3.000000000000000000e+00,5.142701720558476634e+06
-7.487808457256886818e+00,1.907809003594955310e+00,3.759748809093347521e+00,7.293879108829358637e-01,8.500000000000000611e-02,3.000000000000000000e+00,5.142701720558476634e+06
-7.101759092078959945e+00,1.388331852342629347e+00,2.764274375882119550e+00,4.894936685818567224e-01,8.500000000000000611e-02,3.000000000000000000e+00,5.142701720558476634e+06
-6.426840510738273338e+00,2.000849719559758988e+00,2.492182521496404846e+00,2.071959274996423850e-01,8.500000000000000611e-02,3.000000000000000000e+00,5.142701720558476634e+06
-6.264708145994034361e+00,2.057020652861247356e+00,2.397060110130512456e+00,2.817671361964034227e-01,8.500000000000000611e-02,3.000000000000000000e+00,5.142701720558476634e+06
-5.577474155217775120e+00,1.579065738022821019e+00,1.165959718996442573e+00,2.710689914423759506e-01,8.500000000000000611e-02,3.000000000000000000e+00,5.142701720558476634e+06
-6.019460490504698669e+00,6.856685940275193403e-01,7.644709514405679807e-01,2.256678019837473625e-01,8.500000000000000611e-02,3.000000000000000000e+00,5.142701720558476634e+06
-6.016794198867599697e+00,7.117204764652864668e-01,7.153610533461578491e-01,-5.017042263300114380e-02,8.500000000000000611e-02,3.000000000000000000e+00,5.142701720558476634e+06
-5.620110508496487967e+00,8.673650764626832377e-01,4.703513055077297444e-01,1.254610854064952541e-02,8.500000000000000611e-02,3.000000000000000000e+00,5.142701720558476634e+06
-5.891890311255633783e+00,1.349653600411669041e+00,1.191441833846595300e+00,-1.271422514947174454e-01,8.500000000000000611e-02,3.000000000000000000e+00,5.142701720558476634e+06
-5.925720286914575752e+00,1.110400979127728949e+00,1.007782283061003481e+00,-6.739531798081610514e-02,8.500000000000000611e-02,3.000000000000000000e+00,5.142701720558476634e+06
-6.210305749292047928e+00,7.469523229307556411e-01,9.446812767817494016e-01,3.583698103754745512e-02,8.500000000000000611e-02,3.000000000000000000e+00,5.142701720558476634e+06
-5.839563432698735568e+00,8.480278967467391738e-01,5.589126218555641179e-01,-2.340221623176094723e-01,8.500000000000000611e-02,3.000000000000000000e+00,5.142701720558476634e+06
-5.596007627472252999e+00,9.366402558760068553e-01,3.944935916112102259e-01,-3.255379452129519291e-01,8.500000000000000611e-02,3.000000000000000000e+00,5.142701720558476634e+06
-6.072257406359519827e+00,1.032936827314254291e+00,1.136834139831096824e+00,6.009676428861265851e-02,8.500000000000000611e-02,3.000000000000000000e+00,5.142701720558476634e+06
-6.271558865292707452e+00,5.782454276139453730e-01,1.044578015866451048e+00,2.635556077267316999e-01,8.500000000000000611e-02,3.000000000000000000e+00,5.142701720558476634e+06
-6.178324707503612956e+00,4.082513196883250650e-01,7.999955449009501507e-01,2.809236466233354657e-01,8.500000000000000611e-02,3.000000000000000000e+00,5.142701720558476634e+06
-6.063392499571819805e+00,8.381293528826465611e-01,1.078980218334957719e+00,2.876329198305037638e-01,8.500000000000000611e-02,3.000000000000000000e+00,5.142701720558476634e+06
-5.860191430068629082e+00,1.694331566273095335e+00,1.526104256938477066e+00,4.584712551270458958e-02,8.500000000000000611e-02,3.000000000000000000e+00,5.142701720558476634e+06
-6.280061164935968776e+00,1.544479045493577063e+00,1.878637969957661857e+00,3.632129012678550484e-01,8.500000000000000611e-02,3.000000000000000000e+00,5.142701720558476634e+06
-5.494481533760659175e+00,9.387877897102119285e-01,3.494364536179751513e-01,1.035726619293748652e-01,8.500000000000000611e-02,3.000000000000000000e+00,5.142701720558476634e+06
-5.631818731440424664e+00,1.168812699105831410e+00,6.428070679708598467e-01,-1.273475687092668063e-01,8.500000000000000611e-02,3.000000000000000000e+00,5.142701720558476634e+06
-5.764367127606421448e+00,1.374070713635865193e+00,1.008058930689596844e+00,-7.260854041366865408e-02,8.500000000000000611e-02,3.000000000000000000e+00,5.142701720558476634e+06
-5.692830965417994271e+00,1.024423437700959560e+00,6.595974058884084279e-01,9.270776160616681083e-02,8.500000000000000611e-02,3.000000000000000000e+00,5.142701720558476634e+06
-5.632691603693510629e+00,1.134093981322160438e+00,6.509530669472209929e-01,-1.692773561193072762e-01,8.500000000000000611e-02,3.000000000000000000e+00,5.142701720558476634e+06
-5.269972798532160496e+00,7.440380162562069133e-01,-9.399136653209716474e-02,-1.839477485107803290e-01,8.500000000000000611e-02,3.000000000000000000e+00,5.142701720558476634e+06
-5.487948017261975231e+00,1.131978798594041047e+00,5.875622789880268204e-01,1.370805296087440617e-02,8.500000000000000611e-02,3.000000000000000000e+00,5.142701720558476634e+06
-5.767997445487153207e+00,1.315959011460432038e+00,9.628768664810289923e-01,1.389375471310266841e-01,8.500000000000000611e-02,3.000000000000000000e+00,5.142701720558476634e+06
-6.092580522751364747e+00,1.970871039451105311e+00,2.090859735480153248e+00,2.315719976048378759e-01,8.500000000000000611e-02,3.000000000000000000e+00,5.142701720558476634e+06
-5.804327804361022913e+00,1.280604030897647849e+00,1.020695971047561157e+00,9.537411679855373192e-02,8.500000000000000611e-02,3.000000000000000000e+00,5.142701720558476634e+06
-6.167915796915226068e+00,1.117580603014274310e+00,1.238280105052600444e+00,1.203184814884176168e-01,8.500000000000000611e-02,3.000000000000000000e+00,5.142701720558476634e+06
-6.105540487214013545e+00,9.707767241908284994e-01,1.005148472278441174e+00,4.011984300449703000e-02,8.500000000000000611e-02,3.000000000000000000e+00,5.142701720558476634e+06
-5.914057648352444296e+00,1.580818619566108030e+00,1.301728250709842438e+00,-1.680674195024559336e-01,8.500000000000000611e-02,3.000000000000000000e+00,5.142701720558476634e+06
-5.642216254664486286e+00,1.308125225325474927e+00,7.456365534657561911e-01,-2.375077922520834051e-01,8.500000000000000611e-02,3.000000000000000000e+00,5.142701720558476634e+06
-5.895929173017400160e+00,1.629847352860068321e+00,1.284262145956448053e+00,-2.221999679328340027e-01,8.500000000000000611e-02,3.000000000000000000e+00,5.142701720558476634e+06
-5.728036614737033183e+00,1.337136159654996215e+00,7.018299886443517543e-01,-8.354909981604463631e-01,8.500000000000000611e-02,3.000000000000000000e+00,5.142701720558476634e+06
-5.194705609010865643e+00,9.606139836658813547e-01,-6.368160166660707944e-02,-1.894320720653528412e-01,8.500000000000000611e-02,3.000000000000000000e+00,5.142701720558476634e+06
-5.582498765464005253e+00,1.093605608939777873e+00,5.489545379631270983e-01,-2.152367790723365149e-01,8.500000000000000611e-02,3.000000000000000000e+00,5.142701720558476634e+06
-5.665145035426041531e+00,1.705271717209345228e+00,1.385223675157137846e+00,1.954446960165441283e-01,8.500000000000000611e-02,3.000000000000000000e+00,5.142701720558476634e+06
-5.645443787107922162e+00,2.440842633146393048e+00,1.889633717649802147e+00,-8.207437129217781679e-02,8.500000000000000611e-02,3.000000000000000000e+00,5.142701720558476634e+06
-5.994069226731282285e+00,2.545755854326234857e+00,2.385450490656617184e+00,-4.265396333312732047e-02,8.500000000000000611e-02,3.000000000000000000e+00,5.142701720558476634e+06
-5.792939774443149226e+00,2.607858830346341694e+00,2.207899155443660000e+00,-1.030714124819099020e-01,8.500000000000000611e-02,3.000000000000000000e+00,5.142701720558476634e+06
-5.996847336583589261e+00,2.589102840387376592e+00,2.432499908834699465e+00,-1.408794031961450866e-02,8.500000000000000611e-02,3.000000000000000000e+00,5.142701720558476634e+06
-5.843159178766710760e+00,2.685552962727404847e+00,2.320277087471556587e+00,-6.154580114393076729e-02,8.500000000000000611e-02,3.000000000000000000e+00,5.142701720558476634e+06
-6.152943694039593403e+00,2.251869216195310663e+00,2.300966798849491290e+00,1.331299735464655520e-02,8.500000000000000611e-02,3.000000000000000000e+00,5.142701720558476634e+06
-5.827381529574989116e+00,2.186148150337965390e+00,1.946589059143087441e+00,-7.743203828015743362e-02,8.500000000000000611e-02,3.000000000000000000e+00,5.142701720558476634e+06
-6.289649928608942453e+00,2.643759427141772811e+00,2.702310894580640444e+00,-4.196527963741679690e-01,8.500000000000000611e-02,3.000000000000000000e+00,5.142701720558476634e+06
-6.278578946591563792e+00,2.628498392513984427e+00,2.677098262938771178e+00,-4.171487228296352767e-01,8.500000000000000611e-02,3.000000000000000000e+00,5.142701720558476634e+06
-6.132049136993797056e+00,2.962858570416844195e+00,2.820124317699902683e+00,-4.818208742499084929e-01,8.500000000000000611e-02,3.000000000000000000e+00,5.142701720558476634e+06
-5.795884050191077108e+00,2.849207158844038634e+00,2.344684703821181770e+00,-4.582162597952813554e-01,8.500000000000000611e-02,3.000000000000000000e+00,5.142701720558476634e+06
-5.215913599339407902e+00,2.026434711116691378e+00,9.506048744357789015e-01,-4.067019513990587365e-01,8.500000000000000611e-02,3.000000000000000000e+00,5.142701720558476634e+06
-4.982678262403180902e+00,2.000486914219662182e+00,8.225959662628965496e-01,-1.316120943184519165e-01,8.500000000000000611e-02,3.000000000000000000e+00,5.142701720558476634e+06
-5.311516133048996835e+00,1.705559564106164050e+00,8.460189077036961436e-01,-2.643859566452300691e-01,8.500000000000000611e-02,3.000000000000000000e+00,5.142701720558476634e+06
-5.391423710820902215e+00,1.859392273241545102e+00,1.055366977398831896e+00,-2.982476541640817214e-01,8.500000000000000611e-02,3.000000000000000000e+00,5.142701720558476634e+06
-4.994353339592550789e+00,1.336541219648633261e+00,-2.409832268402301025e-03,-5.552176337853566013e-01,8.500000000000000611e-02,3.000000000000000000e+00,5.142701720558476634e+06
-5.382663199729885051e+00,1.776992009582553100e+00,6.934717113175167258e-01,-1.582362863585573987e+00,8.500000000000000611e-02,3.000000000000000000e+00,5.142701720558476634e+06
-4.956068610556248366e+00,8.392773713635122146e-01,-6.458460292704670813e-01,-1.549021608778905712e+00,8.500000000000000611e-02,3.000000000000000000e+00,5.142701720558476634e+06
-5.014832973532115545e+00,9.212847147064116005e-01,-4.800535879258276406e-01,-1.403603098898764223e+00,8.500000000000000611e-02,3.000000000000000000e+00,5.142701720558476634e+06
-5.085157190541248262e+00,1.045367755434866597e+00,-2.806948174335202051e-01,-1.377156409751347788e+00,8.500000000000000611e-02,3.000000000000000000e+00,5.142701720558476634e+06
-5.104267677176055784e+00,8.641902106639380854e-01,-4.455837827084270231e-01,-1.442550060160680436e+00,8.500000000000000611e-02,3.000000000000000000e+00,5.142701720558476634e+06
-4.918513444938048096e+00,7.544220689467848739e-01,-7.902108358482222705e-01,-1.496081355153337622e+00,8.500000000000000611e-02,3.000000000000000000e+00,5.142701720558476634e+06
-5.753091200240893599e+00,1.292140478897978229e+00,8.006141329504266047e-01,-5.993876066069455666e-01,8.500000000000000611e-02,3.000000000000000000e+00,5.142701720558476634e+06
-6.418693235762452431e+00,3.166452270635968791e-01,7.717770801684135096e-01,-1.096342319252767150e-01,8.500000000000000611e-02,3.000000000000000000e+00,5.142701720558476634e+06
-6.090122987798094023e+00,1.489284258463984711e+00,1.452402786473317109e+00,-3.190077069030768930e-01,8.500000000000000611e-02,3.000000000000000000e+00,5.142701720558476634e+06
-6.149912654611362051e+00,8.533556325331038694e-01,1.064443765624719429e+00,7.709497614253157938e-03,8.500000000000000611e-02,3.000000000000000000e+00,5.142701720558476634e+06
-6.008046445833691962e+00,6.369504475988716496e-01,6.708074822847274188e-01,-1.202927830637648410e-03,8.500000000000000611e-02,3.000000000000000000e+00,5.142701720558476634e+06
-6.206888505599077455e+00,5.808555599374289891e-01,9.103600344726148208e-01,1.931590536346819986e-01,8.500000000000000611e-02,3.000000000000000000e+00,5.142701720558476634e+06
-6.109458485958042750e+00,1.138189787747475590e+00,1.367762776576771033e+00,2.603250419186033948e-01,8.500000000000000611e-02,3.000000000000000000e+00,5.142701720558476634e+06
-5.857944913698988287e+00,1.673480334020714055e+00,1.387347905721095565e+00,-4.786516619784068893e-02,8.500000000000000611e-02,3.000000000000000000e+00,5.142701720558476634e+06
-6.192865788097523527e+00,1.553814739841640202e+00,1.630992079112952853e+00,-4.289083405203925059e-02,8.500000000000000611e-02,3.000000000000000000e+00,5.142701720558476634e+06
-5.673874072790479950e+00,1.297589298262517676e+00,7.908488059482465804e-01,-6.652955277390384947e-02,8.500000000000000611e-02,3.000000000000000000e+00,5.142701720558476634e+06
-5.323275229238820572e+00,7.689799228631291061e-01,-2.143547668902765491e-01,-5.424990907068854007e-01,8.500000000000000611e-02,3.000000000000000000e+00,5.142701720558476634e+06
-5.713995518658482098e+00,7.097529146477316031e-01,5.187039257154979488e-02,-1.047019406350353288e+00,8.500000000000000611e-02,3.000000000000000000e+00,5.142701720558476634e+06
-5.575929063505171257e+00,4.164081327767155116e-01,-2.819731915709071668e-01,-6.857154558425427870e-01,8.500000000000000611e-02,3.000000000000000000e+00,5.142701720558476634e+06
-5.723053955213555533e+00,9.445048296987128555e-01,4.090326857237047697e-01,-5.961788807819687896e-01,8.500000000000000611e-02,3.000000000000000000e+00,5.142701720558476634e+06
-5.227070961287854978e+00,2.573448076490441050e+00,1.357415740671119808e+00,-1.093795709427103580e+00,8.500000000000000611e-02,3.000000000000000000e+00,5.142701720558476634e+06
-5.661535591114088994e+00,2.551754334721718642e+00,1.781135860041697772e+00,-1.256850038329217822e+00,8.500000000000000611e-02,3.000000000000000000e+00,5.142701720558476634e+06
-5.332526429970481985e+00,2.920086052897052920e+00,1.828192048567399697e+00,-7.851995284440556055e-01,8.500000000000000611e-02,3.000000000000000000e+00,5.142701720558476634e+06
-5.145006168805801749e+00,1.111620303141175103e+00,3.133265173640673584e-01,2.728583135014825967e-01,8.500000000000000611e-02,3.000000000000000000e+00,5.142701720558476634e+06
-5.865838288837519343e+00,2.362670463274464172e+00,2.230630739098707238e+00,2.435298362978706166e-01,8.500000000000000611e-02,3.000000000000000000e+00,5.142701720558476634e+06
-5.588826804694014605e+00,2.059549795576122833e+00,1.515882631690782523e+00,-4.574792701727514732e-02,8.500000000000000611e-02,3.000000000000000000e+00,5.142701720558476634e+06
-5.899611294740243927e+00,2.013825975323653594e+00,1.642961675344449146e+00,-4.420616870904714446e-01,8.500000000000000611e-02,3.000000000000000000e+00,5.142701720558476634e+06
-6.253039200661122621e+00,1.749924257041908904e+00,1.969493273773728736e+00,4.500060250086694580e-02,8.500000000000000611e-02,3.000000000000000000e+00,5.142701720558476634e+06
-5.839511611908002386e+00,7.357705313933593505e-01,5.319680158417449123e-01,8.263169705047562763e-03,8.500000000000000611e-02,3.000000000000000000e+00,5.142701720558476634e+06
-6.040933674907511985e+00,9.491975836604895633e-01,1.011685552204069305e+00,1.355891398983463114e-01,8.500000000000000611e-02,3.000000000000000000e+00,5.142701720558476634e+06
-6.014938784453182308e+00,8.009402420704769821e-01,7.358242527693561463e-01,-2.290124878796606644e-02,8.500000000000000611e-02,3.000000000000000000e+00,5.142701720558476634e+06
-5.952076043403817351e+00,9.425123277190795568e-01,7.147449733143191875e-01,-2.691277512604379751e-01,8.500000000000000611e-02,3.000000000000000000e+00,5.142701720558476634e+06
-5.983308224405989861e+00,5.968433952927461039e-01,7.079329079049281326e-01,3.469490550525875516e-01,8.500000000000000611e-02,3.000000000000000000e+00,5.142701720558476634e+06
-6.248296061752271591e+00,1.579586624365722392e+00,1.936774305161130583e+00,4.115033811694293053e-01,8.500000000000000611e-02,3.000000000000000000e+00,5.142701720558476634e+06
-6.099461312666300650e+00,1.663065326347320960e+00,1.855303695808884434e+00,4.629081669480088479e-01,8.500000000000000611e-02,3.000000000000000000e+00,5.142701720558476634e+06
-6.461725110911430647e+00,1.373891299858864601e+00,1.928685638983670181e+00,1.638165070753235808e-01,8.500000000000000611e-02,3.000000000000000000e+00,5.142701720558476634e+06
-5.921531468860258052e+00,9.046596034068925540e-01,9.768319251102983714e-01,3.441289091159762670e-01,8.500000000000000611e-02,3.000000000000000000e+00,5.142701720558476634e+06
-5.723117847294152405e+00,8.995981472588869821e-01,7.593234611239738641e-01,3.144855869573482399e-01,8.500000000000000611e-02,3.000000000000000000e+00,5.142701720558476634e+06
-6.391762965092987692e+00,6.940712612079388277e-01,1.134838737918118401e+00,1.400729601227902466e-01,8.500000000000000611e-02,3.000000000000000000e+00,5.142701720558476634e+06
-6.357171575200125879e+00,7.791550503392341565e-01,1.182503100396642637e+00,1.404525758008045577e-01,8.500000000000000611e-02,3.000000000000000000e+00,5.142701720558476634e+06
-6.091646220669084677e+00,7.956502877224517212e-01,9.513329310121878546e-01,1.972504764014249012e-01,8.500000000000000611e-02,3.000000000000000000e+00,5.142701720558476634e+06
-5.065107854427391310e+00,1.197761357412540084e+00,-1.509353408180791334e-02,-4.926626960626170337e-01,8.500000000000000611e-02,3.000000000000000000e+00,5.142701720558476634e+06
-5.546122951124417888e+00,1.830034999614872593e+00,1.145086790434754809e+00,-3.294427350790439801e-01,8.500000000000000611e-02,3.000000000000000000e+00,5.142701720558476634e+06
-5.740609667328153698e+00,1.970635420129176918e+00,1.565345886846118972e+00,-1.308914240887506519e-01,8.500000000000000611e-02,3.000000000000000000e+00,5.142701720558476634e+06
-5.183445831771517298e+00,2.911027227901151537e+00,1.782067470016362787e+00,-5.507247785190234612e-01,8.500000000000000611e-02,3.000000000000000000e+00,5.142701720558476634e+06
-5.207385940403097102e+00,2.953141753365339905e+00,1.827379103427135387e+00,-6.242204571536509317e-01,8.500000000000000611e-02,3.000000000000000000e+00,5.142701720558476634e+06
-5.427970697214570706e+00,2.908133745051910246e+00,2.090622439032826740e+00,-4.368435000253012568e-01,8.500000000000000611e-02,3.000000000000000000e+00,5.142701720558476634e+06
-4.920747317459894354e+00,2.940086126642192266e+00,1.590383591717997591e+00,-4.505631970011355070e-01,8.500000000000000611e-02,3.000000000000000000e+00,5.142701720558476634e+06
-5.312459156204827337e+00,2.386294618040616822e+00,1.435689125107796560e+00,-4.327749171210707457e-01,8.500000000000000611e-02,3.000000000000000000e+00,5.142701720558476634e+06
-5.058520033156975515e+00,2.666601566720844474e+00,1.391002824914495895e+00,-6.555562088922388675e-01,8.500000000000000611e-02,3.000000000000000000e+00,5.142701720558476634e+06
-5.893198991324914537e+00,2.068340570853564486e+00,1.828467463807247562e+00,-2.397159028249764012e-01,8.500000000000000611e-02,3.000000000000000000e+00,5.142701720558476634e+06
-5.407472118626988511e+00,1.939525089000412983e+00,1.215181132158856592e+00,-1.864380663208788091e-01,8.500000000000000611e-02,3.000000000000000000e+00,5.142701720558476634e+06
-5.118351579193029188e+00,2.620899483880329228e+00,1.463480349705208017e+00,-4.612256390681098717e-01,8.500000000000000611e-02,3.000000000000000000e+00,5.142701720558476634e+06
-5.392177132345008950e+00,1.872722409001698063e+00,9.115532589337869140e-01,-5.773848511080141854e-01,8.500000000000000611e-02,3.000000000000000000e+00,5.142701720558476634e+06
-5.724853801398888109e+00,2.850281228271574818e+00,2.149654222507868973e+00,-8.772248691372859231e-01,8.500000000000000611e-02,3.000000000000000000e+00,5.142701720558476634e+06
-5.588741373342422492e+00,2.473530888130433425e+00,1.701918880646976495e+00,-6.913560016757629434e-01,8.500000000000000611e-02,3.000000000000000000e+00,5.142701720558476634e+06
-5.881273681223310845e+00,2.364507200206201532e+00,1.838894012546556045e+00,-6.824068717893616576e-01,8.500000000000000611e-02,3.000000000000000000e+00,5.142701720558476634e+06
-5.901162119529367978e+00,2.638275766923307231e+00,2.089706240340631460e+00,-7.234423702563517189e-01,8.500000000000000611e-02,3.000000000000000000e+00,5.142701720558476634e+06
-6.087776708184992280e+00,2.899721265405192039e+00,2.718638650299086912e+00,-4.254714148488188963e-01,8.500000000000000611e-02,3.000000000000000000e+00,5.142701720558476634e+06
-5.997560915217374777e+00,2.938858601151138839e+00,2.743645948252218858e+00,-3.136554101938924810e-01,8.500000000000000611e-02,3.000000000000000000e+00,5.142701720558476634e+06
-5.690197702223185772e+00,2.124912907183931665e+00,1.664889306197339991e+00,-2.322402112541356867e-01,8.500000000000000611e-02,3.000000000000000000e+00,5.142701720558476634e+06
-5.335468171186955821e+00,2.191638907116342683e+00,1.430537070965037127e+00,-8.379024648304929379e-02,8.500000000000000611e-02,3.000000000000000000e+00,5.142701720558476634e+06
-5.278901190068509663e+00,2.540911878115972744e+00,1.625173828528446496e+00,-1.912684908753289892e-01,8.500000000000000611e-02,3.000000000000000000e+00,5.142701720558476634e+06
-5.364427204939726579e+00,2.702813962650196800e+00,1.871202699159471905e+00,-1.520827325519263640e-01,8.500000000000000611e-02,3.000000000000000000e+00,5.142701720558476634e+06
-5.641158591739333872e+00,2.878004825216588625e+00,2.380383609873941708e+00,4.443827262311175752e-02,8.500000000000000611e-02,3.000000000000000000e+00,5.142701720558476634e+06
-5.741605794262124363e+00,2.743274995231360425e+00,2.365240405744134744e+00,1.067324405972497336e-01,8.500000000000000611e-02,3.000000000000000000e+00,5.142701720558476634e+06
-5.791471302478289118e+00,2.676410206019681937e+00,2.312891100424174784e+00,-5.550158441948138677e-02,8.500000000000000611e-02,3.000000000000000000e+00,5.142701720558476634e+06
-5.362080623470516727e+00,2.668538984442286655e+00,1.908287477149609446e+00,2.056536804762765236e-02,8.500000000000000611e-02,3.000000000000000000e+00,5.142701720558476634e+06
-5.881426542606332575e+00,2.618282151798976720e+00,2.379046925615374342e+00,4.207459670007268615e-02,8.500000000000000611e-02,3.000000000000000000e+00,5.142701720558476634e+06
-6.056905074133966949e+00,2.244988499982459640e+00,2.217490401698674951e+00,3.304330754956613658e-02,8.500000000000000611e-02,3.000000000000000000e+00,5.142701720558476634e+06
-5.945395393346205815e+00,2.333147576199191331e+00,2.257815274120042126e+00,1.207569670147883856e-01,8.500000000000000611e-02,3.000000000000000000e+00,5.142701720558476634e+06
-5.932824658823218300e+00,2.316623379125662296e+00,2.213526115295749719e+00,7.345947586620082959e-02,8.500000000000000611e-02,3.000000000000000000e+00,5.142701720558476634e+06
-5.879221211327235963e+00,1.590632703406710924e+00,1.457421175145584114e+00,5.724732186708436643e-03,8.500000000000000611e-02,3.000000000000000000e+00,5.142701720558476634e+06
-6.212467934206897802e+00,3.628747066066670968e-01,3.575719629548745893e-01,-7.004324914803905511e-01,8.500000000000000611e-02,3.000000000000000000e+00,5.142701720558476634e+06
-6.022295696431698708e+00,1.108969622910365160e+00,8.762890238040512703e-01,-3.704032996154313917e-01,8.500000000000000611e-02,3.000000000000000000e+00,5.142701720558476634e+06
-5.662800343885010079e+00,9.788571428976242661e-01,5.596537176646250167e-01,-3.556623810146242182e-02,8.500000000000000611e-02,3.000000000000000000e+00,5.142701720558476634e+06
-6.052803773410250443e+00,1.092544685761702938e+00,1.135446928457229054e+00,1.202746397683582824e-01,8.500000000000000611e-02,3.000000000000000000e+00,5.142701720558476634e+06
-6.606001006400440190e+00,1.395362042754324072e+00,1.903043283893748105e+00,2.572061818531581889e-02,8.500000000000000611e-02,3.000000000000000000e+00,5.142701720558476634e+06
-6.498764750348890118e+00,2.082235707711830308e+00,2.488481011671856535e+00,3.535443947211645843e-02,8.500000000000000611e-02,3.000000000000000000e+00,5.142701720558476634e+06
-6.512456547862740308e+00,1.936543056150855202e+00,2.416826287558117237e+00,1.385299457757101227e-01,8.500000000000000611e-02,3.000000000000000000e+00,5.142701720558476634e+06
-6.590258738731136212e+00,2.432813502282257456e+00,3.105461808046984018e+00,1.392155931217359255e-01,8.500000000000000611e-02,3.000000000000000000e+00,5.142701720558476634e+06
-6.173451711848209733e+00,1.956802592337649527e+00,2.022042289076428467e+00,-1.002870657031647850e-01,8.500000000000000611e-02,3.000000000000000000e+00,5.142701720558476634e+06
-6.835777631570291391e+00,2.294210363933233410e+00,3.185786334025202393e+00,1.554450574542150521e-01,8.500000000000000611e-02,3.000000000000000000e+00,5.142701720558476634e+06
-6.532091374034541431e+00,2.204462381975436980e+00,2.733898730715213166e+00,7.667042090588382930e-02,8.500000000000000611e-02,3.000000000000000000e+00,5.142701720558476634e+06
-6.844831693320069022e+00,2.627132408425852272e+00,3.284655827518156102e+00,-1.034070361699256091e-01,8.500000000000000611e-02,3.000000000000000000e+00,5.142701720558476634e+06
-6.771786930877873090e+00,2.388057858119901677e+00,3.051494605749146327e+00,-4.817416978461380728e-02,8.500000000000000611e-02,3.000000000000000000e+00,5.142701720558476634e+06
-6.963891571519314816e+00,2.345931595597620323e+00,3.163551367902546652e+00,-1.250225138096281441e-01,8.500000000000000611e-02,3.000000000000000000e+00,5.142701720558476634e+06
-6.620978980936203406e+00,1.784584507690739619e+00,2.302772968460349290e+00,-5.153845910253820883e-02,8.500000000000000611e-02,3.000000000000000000e+00,5.142701720558476634e+06
-6.350459759887431055e+00,1.784985421741562384e+00,1.959635638889500653e+00,-1.623130242569564841e-01,8.500000000000000611e-02,3.000000000000000000e+00,5.142701720558476634e+06
-6.407117088399972182e+00,1.833951490083786551e+00,2.098584989744287643e+00,-1.843543431786021092e-02,8.500000000000000611e-02,3.000000000000000000e+00,5.142701720558476634e+06
-6.144452338645707279e+00,2.482494963963332246e+00,2.618459567794711784e+00,2.687584421617621455e-01,8.500000000000000611e-02,3.000000000000000000e+00,5.142701720558476634e+06
-6.199239854121640469e+00,2.869112502842106949e+00,3.086186386803563941e+00,3.702919943940646830e-01,8.500000000000000611e-02,3.000000000000000000e+00,5.142701720558476634e+06
-5.705806802996383098e+00,2.831865303254120114e+00,2.442568371654949999e+00,2.860545075508144630e-02,8.500000000000000611e-02,3.000000000000000000e+00,5.142701720558476634e+06
-5.590781933227589207e+00,2.868836181564698773e+00,2.279023054176878560e+00,-1.489757309128727503e-01,8.500000000000000611e-02,3.000000000000000000e+00,5.142701720558476634e+06
-5.534255708405996010e+00,2.848127601547621790e+00,2.235087540292140851e+00,1.047459377076842557e-03,8.500000000000000611e-02,3.000000000000000000e+00,5.142701720558476634e+06
-5.670525365037462961e+00,2.530993936385352860e+00,2.088466562927284720e+00,-5.901292736492140534e-02,8.500000000000000611e-02,3.000000000000000000e+00,5.142701720558476634e+06
-5.326243713091580290e+00,2.555507975206376514e+00,1.689420217942808833e+00,-1.691635666632663737e-01,8.500000000000000611e-02,3.000000000000000000e+00,5.142701720558476634e+06
-5.095337646241405061e+00,2.525722045089048962e+00,1.299377345717523946e+00,-4.452079902387939270e-01,8.500000000000000611e-02,3.000000000000000000e+00,5.142701720558476634e+06
-5.011834069399014879e+00,2.792758467374072850e+00,1.452709374645734464e+00,-4.777024732821435471e-01,8.500000000000000611e-02,3.000000000000000000e+00,5.142701720558476634e+06
-5.367386470393562092e+00,2.695437007275780950e+00,1.758676559628308711e+00,-3.936786294698553790e-01,8.500000000000000611e-02,3.000000000000000000e+00,5.142701720558476634e+06
-5.447226177532508373e+00,2.606053858494521425e+00,1.758003273294428404e+00,-4.042915768884003946e-01,8.500000000000000611e-02,3.000000000000000000e+00,5.142701720558476634e+06
-5.439616290167327506e+00,2.821367069060186417e+00,2.005924650971054657e+00,-2.721052694077203959e-01,8.500000000000000611e-02,3.000000000000000000e+00,5.142701720558476634e+06
-5.517932441339093330e+00,2.867702125877456432e+00,2.108839395855039101e+00,-3.611498365448381209e-01,8.500000000000000611e-02,3.000000000000000000e+00,5.142701720558476634e+06
-5.735746908066212235e+00,2.943452985921069853e+00,2.506006512248480700e+00,-9.017518710490260436e-02,8.500000000000000611e-02,3.000000000000000000e+00,5.142701720558476634e+06
-6.245058533076841556e+00,2.723907111594211283e+00,2.797141862618436114e+00,-9.519219800331801817e-02,8.500000000000000611e-02,3.000000000000000000e+00,5.142701720558476634e+06
-6.093130234330630834e+00,2.472132297259062916e+00,2.380827439910337961e+00,-1.043148054425337423e-01,8.500000000000000611e-02,3.000000000000000000e+00,5.142701720558476634e+06
-5.770870720803166876e+00,2.505127671978577109e+00,2.007463249559033436e+00,-2.711880200487301051e-01,8.500000000000000611e-02,3.000000000000000000e+00,5.142701720558476634e+06
-6.170649696044002042e+00,2.692332691985228621e+00,2.691469403289773243e+00,-1.784890384415918629e-01,8.500000000000000611e-02,3.000000000000000000e+00,5.142701720558476634e+06
-6.589804123129524349e+00,2.777158313496887132e+00,3.343030247446427516e+00,3.159041849293653392e-02,8.500000000000000611e-02,3.000000000000000000e+00,5.142701720558476634e+06
-6.546300951996178341e+00,2.802748730931758914e+00,3.380061193588010493e+00,2.932509205792028784e-01,8.500000000000000611e-02,3.000000000000000000e+00,5.142701720558476634e+06
-6.558817076517943434e+00,1.940452086566785805e+00,2.699948528623838939e+00,5.350440752586778093e-01,8.500000000000000611e-02,3.000000000000000000e+00,5.142701720558476634e+06
-6.280923054170108877e+00,1.950265054764755535e+00,2.228246162922586038e+00,2.021663357374957615e-01,8.500000000000000611e-02,3.000000000000000000e+00,5.142701720558476634e+06
-5.838118324154415895e+00,1.608128063786219419e+00,1.198846356969025528e+00,-2.040145516473206022e-01,8.500000000000000611e-02,3.000000000000000000e+00,5.142701720558476634e+06
-6.113230524480988137e+00,1.396753210900680608e+00,1.628130212357998152e+00,4.249384067681177823e-01,8.500000000000000611e-02,3.000000000000000000e+00,5.142701720558476634e+06
-6.207884717827698573e+00,1.438581862676229228e+00,1.739563488013717407e+00,3.368143819125836158e-01,8.500000000000000611e-02,3.000000000000000000e+00,5.142701720558476634e+06
-6.718392763719066352e+00,2.238557511714692971e+00,3.249635954759562129e+00,6.662948948103046831e-01,8.500000000000000611e-02,3.000000000000000000e+00,5.142701720558476634e+06
-6.816831258222517675e+00,2.375210677928937031e+00,3.503898751259624245e+00,6.922516300566380343e-01,8.500000000000000611e-02,3.000000000000000000e+00,5.142701720558476634e+06
-6.944242927871736804e+00,2.416096877713372670e+00,3.703685107030656454e+00,7.467344526896405599e-01,8.500000000000000611e-02,3.000000000000000000e+00,5.142701720558476634e+06
-6.213489267714604303e+00,2.062760160170379997e+00,2.355554850023209745e+00,2.281473726389406931e-01,8.500000000000000611e-02,3.000000000000000000e+00,5.142701720558476634e+06
-5.084590489840190131e+00,2.003429455105078194e+00,8.832813572787006073e-01,-3.389079433369251437e-01,8.500000000000000611e-02,3.000000000000000000e+00,5.142701720558476634e+06
-5.103002961559937489e+00,2.478765227375128610e+00,1.192243637743654938e+00,-8.066943648959598034e-01,8.500000000000000611e-02,3.000000000000000000e+00,5.142701720558476634e+06
-5.864798593596765031e+00,1.218196202994371147e+00,6.457190665279850528e-01,-1.166230767542940194e+00,8.500000000000000611e-02,3.000000000000000000e+00,5.142701720558476634e+06
-5.918792046283107844e+00,8.162193868960296861e-01,4.595180008974374397e-01,-6.934406185442895110e-01,8.500000000000000611e-02,3.000000000000000000e+00,5.142701720558476634e+06
-5.957729745560464529e+00,9.318404860796305478e-01,5.879639000933964965e-01,-7.777440006239269010e-01,8.500000000000000611e-02,3.000000000000000000e+00,5.142701720558476634e+06
-6.273798250951985622e+00,8.101326490514393353e-01,8.479432740798868995e-01,-6.832190436301850411e-01,8.500000000000000611e-02,3.000000000000000000e+00,5.142701720558476634e+06
-5.563823995253629029e+00,1.364969507205256338e+00,7.558900415414691043e-01,-2.822542470676381865e-01,8.500000000000000611e-02,3.000000000000000000e+00,5.142701720558476634e+06
-5.072242342000492954e+00,1.789477393050895593e+00,4.380113855448741766e-01,-8.413030256490817704e-01,8.500000000000000611e-02,3.000000000000000000e+00,5.142701720558476634e+06
-5.345845944758197632e+00,1.347990373591569924e+00,6.038293865779258418e-01,5.498097399995315743e-02,8.500000000000000611e-02,3.000000000000000000e+00,5.142701720558476634e+06
-5.129122341604913871e+00,1.159006922326015321e+00,2.536105778862292048e-01,2.863463939894288490e-01,8.500000000000000611e-02,3.000000000000000000e+00,5.142701720558476634e+06
-5.453587854185513173e+00,1.659502075483586303e+00,1.052181946444250116e+00,1.279643952748061031e-01,8.500000000000000611e-02,3.000000000000000000e+00,5.142701720558476634e+06
-5.839977037119071568e+00,2.899958048984367487e+00,2.691655987554324447e+00,-3.180113304117113127e-02,8.500000000000000611e-02,3.000000000000000000e+00,5.142701720558476634e+06
-5.984076534744501075e+00,2.812426393153860893e+00,2.765474867615969501e+00,-5.622949054134351865e-03,8.500000000000000611e-02,3.000000000000000000e+00,5.142701720558476634e+06
-5.851941316410645300e+00,2.780073341643529261e+00,2.603322204919022553e+00,5.522778049768506392e-02,8.500000000000000611e-02,3.000000000000000000e+00,5.142701720558476634e+06
-5.776893501398943975e+00,2.366667772763292099e+00,2.019536913268390688e+00,-1.156961849509315632e-01,8.500000000000000611e-02,3.000000000000000000e+00,5.142701720558476634e+06
-5.499662978249797440e+00,2.246338825117037086e+00,1.576806850108749325e+00,-2.062641169163006438e-01,8.500000000000000611e-02,3.000000000000000000e+00,5.142701720558476634e+06
-5.218031498110424771e+00,1.758096498792614204e+00,6.432535572182909167e-01,-5.200348510999548424e-01,8.500000000000000611e-02,3.000000000000000000e+00,5.142701720558476634e+06
-5.248769293049911688e+00,1.859042502843066824e+00,8.268474122395464976e-01,-3.841251349409652294e-01,8.500000000000000611e-02,3.000000000000000000e+00,5.142701720558476634e+06
-5.328151323510494031e+00,1.843919558199010655e+00,9.408609221973953662e-01,-1.162217534515097572e-01,8.500000000000000611e-02,3.000000000000000000e+00,5.142701720558476634e+06
-5.875986103462074617e+00,1.144363547202289721e+00,9.426987054988450465e-01,7.644641355877945799e-02,8.500000000000000611e-02,3.000000000000000000e+00,5.142701720558476634e+06
-5.477621157345416769e+00,1.778969570370915187e+00,1.124230199113984696e+00,-1.587263291424764744e-01,8.500000000000000611e-02,3.000000000000000000e+00,5.142701720558476634e+06
-5.302533324400282133e+00,3.692991982949234142e-01,-3.469232105486925732e-01,-1.599062082966389853e-01,8.500000000000000611e-02,3.000000000000000000e+00,5.142701720558476634e+06
-5.750967356670406261e+00,1.157861083633576316e+00,8.234621086956154246e-01,-8.835099183244313203e-02,8.500000000000000611e-02,3.000000000000000000e+00,5.142701720558476634e+06
-6.126401022342716551e+00,1.017404972052214918e+00,1.065424961759519507e+00,-9.646404831114441247e-02,8.500000000000000611e-02,3.000000000000000000e+00,5.142701720558476634e+06
-6.414539538674267405e+00,4.544266251576868365e-01,8.876833117957123598e-01,-1.131675045275515323e-02,8.500000000000000611e-02,3.000000000000000000e+00,5.142701720558476634e+06
-5.784047190928911064e+00,1.089237842609513729e+00,7.623154203997430933e-01,-3.290362877011837606e-02,8.500000000000000611e-02,3.000000000000000000e+00,5.142701720558476634e+06
-6.349939121453006763e+00,1.676778213371315385e+00,1.867837490282073354e+00,-4.257126988194880057e-02,8.500000000000000611e-02,3.000000000000000000e+00,5.142701720558476634e+06
-6.129614545429546091e+00,2.690257166529567812e+00,2.713438295974025749e+00,-6.112515703997883215e-02,8.500000000000000611e-02,3.000000000000000000e+00,5.142701720558476634e+06
-6.214368036135393680e+00,2.888618550088700054e+00,3.005003271879126636e+00,-4.282437218353260522e-02,8.500000000000000611e-02,3.000000000000000000e+00,5.142701720558476634e+06
-6.215431214439745666e+00,2.965492917312771759e+00,3.154745935111365363e+00,1.055776763242953775e-01,8.500000000000000611e-02,3.000000000000000000e+00,5.142701720558476634e+06
-6.672978226209417940e+00,2.922510045422662905e+00,3.403976182056532185e+00,-2.018662856088242752e-01,8.500000000000000611e-02,3.000000000000000000e+00,5.142701720558476634e+06
-6.367966038847188592e+00,2.880583992050708808e+00,2.951341635500785543e+00,-3.805933184337273456e-01,8.500000000000000611e-02,3.000000000000000000e+00,5.142701720558476634e+06
-5.985974150006120098e+00,7.778390066789482304e-01,4.411956202851090580e-01,-5.330492992782902562e-01,8.500000000000000611e-02,3.000000000000000000e+00,5.142701720558476634e+06
-5.684262269606223050e+00,1.607749248567355682e+00,1.108682000759603214e+00,1.419033986847950679e-02,8.500000000000000611e-02,3.000000000000000000e+00,5.142701720558476634e+06
-5.957725903018182834e+00,1.338930592857753510e+00,1.155781158330771108e+00,-9.366963133115710494e-02,8.500000000000000611e-02,3.000000000000000000e+00,5.142701720558476634e+06
-5.928549735116326325e+00,9.819141396877187900e-01,8.303333707401918673e-01,-8.269711810027002841e-03,8.500000000000000611e-02,3.000000000000000000e+00,5.142701720558476634e+06
-5.673363297430646490e+00,1.064414448802078805e+00,6.501267634063550016e-01,-7.111103924667749876e-02,8.500000000000000611e-02,3.000000000000000000e+00,5.142701720558476634e+06
-5.844996717736479219e+00,1.001034283898976085e+00,6.857615957123908146e-01,-2.596795725430040003e-01,8.500000000000000611e-02,3.000000000000000000e+00,5.142701720558476634e+06
-5.845697413740466253e+00,7.392800679680601172e-01,4.452947160883976574e-01,-3.013258031057791109e-01,8.500000000000000611e-02,3.000000000000000000e+00,5.142701720558476634e+06
-6.056725355621946250e+00,4.163634632320769580e-01,3.764366646089999380e-01,-2.462456652160316395e-01,8.500000000000000611e-02,3.000000000000000000e+00,5.142701720558476634e+06
-5.974187394501136339e+00,9.632871821610766716e-01,7.433791423046014479e-01,-4.035275901064342974e-01,8.500000000000000611e-02,3.000000000000000000e+00,5.142701720558476634e+06
-5.528871054724244338e+00,1.113224887706032451e+00,2.683683474950073755e-01,-1.070374871073991319e+00,8.500000000000000611e-02,3.000000000000000000e+00,5.142701720558476634e+06
-5.352476768902676874e+00,5.200779657548924018e-01,-4.851497275222849126e-01,-1.191741108255701009e+00,8.500000000000000611e-02,3.000000000000000000e+00,5.142701720558476634e+06
-5.454253908913209159e+00,6.120475384067236568e-01,-2.442075619538812692e-01,-1.007744805804751786e+00,8.500000000000000611e-02,3.000000000000000000e+00,5.142701720558476634e+06
-5.454253908913209159e+00,6.120475384067236568e-01,-2.442075619538812692e-01,-1.007744805804751786e+00,8.500000000000000611e-02,3.000000000000000000e+00,5.142701720558476634e+06
-5.207120547167884084e+00,6.488087686384589325e-01,-4.939778609955053357e-01,-1.163504027884358027e+00,8.500000000000000611e-02,3.000000000000000000e+00,5.142701720558476634e+06
-5.582387966499670284e+00,8.109214789535457157e-01,5.652331316904746217e-02,-9.370726872110918260e-01,8.500000000000000611e-02,3.000000000000000000e+00,5.142701720558476634e+06
-5.154209089452808534e+00,9.920769409602743227e-01,-6.137387528461513142e-02,-3.436800450694186271e-01,8.500000000000000611e-02,3.000000000000000000e+00,5.142701720558476634e+06
-5.694204062598823946e+00,6.864003801635554236e-01,2.633513854527333997e-01,-2.919606025038314900e-01,8.500000000000000611e-02,3.000000000000000000e+00,5.142701720558476634e+06
-5.520028166257860747e+00,1.450224189487910653e+00,7.008035624283632803e-01,-5.758936767057876160e-01,8.500000000000000611e-02,3.000000000000000000e+00,5.142701720558476634e+06
-6.119488345815418562e+00,2.010413494459839967e+00,1.905424852003335445e+00,-3.751280836777678429e-01,8.500000000000000611e-02,3.000000000000000000e+00,5.142701720558476634e+06
-5.372130420641085813e+00,2.375974401744326059e+00,1.404500481305510640e+00,-6.317913609970883249e-01,8.500000000000000611e-02,3.000000000000000000e+00,5.142701720558476634e+06
-5.417326359456561491e+00,2.516961037490858644e+00,1.628175781613794504e+00,-3.136414460252042180e-01,8.500000000000000611e-02,3.000000000000000000e+00,5.142701720558476634e+06
-5.622894474083024008e+00,1.955653226271108158e+00,1.440031739099324470e+00,-1.208514937247782695e-01,8.500000000000000611e-02,3.000000000000000000e+00,5.142701720558476634e+06
-5.240769355075189928e+00,2.078676333659869258e+00,1.053254060227134081e+00,-2.578186647738306414e-01,8.500000000000000611e-02,3.000000000000000000e+00,5.142701720558476634e+06
-5.240944308096148418e+00,1.404102538910568576e+00,5.354676882774258573e-01,-1.578697443283705315e-02,8.500000000000000611e-02,3.000000000000000000e+00,5.142701720558476634e+06
-4.725023910457919030e+00,2.365395771204855002e+00,7.710254313688584826e-01,-3.116359555204219478e-01,8.500000000000000611e-02,3.000000000000000000e+00,5.142701720558476634e+06
-5.070090910059004585e+00,2.267281848074263806e+00,9.980726601425601308e-01,-3.907279217088865386e-01,8.500000000000000611e-02,3.000000000000000000e+00,5.142701720558476634e+06
-6.123728906694893226e+00,1.807746654636656070e+00,1.689633249275210192e+00,-3.834473315417303851e-01,8.500000000000000611e-02,3.000000000000000000e+00,5.142701720558476634e+06
-6.091311124269906507e+00,1.611574678641287894e+00,1.538963679139947471e+00,-1.025054401982767732e-01,8.500000000000000611e-02,3.000000000000000000e+00,5.142701720558476634e+06
-6.059341801915611114e+00,1.533775946600881790e+00,1.483420037812732240e+00,2.003923471790194921e-02,8.500000000000000611e-02,3.000000000000000000e+00,5.142701720558476634e+06
-5.876922054035271792e+00,1.838268462482051557e+00,1.447884968806572470e+00,-4.177285233360102934e-01,8.500000000000000611e-02,3.000000000000000000e+00,5.142701720558476634e+06
-6.184620566010543996e+00,2.496883435878859636e+00,2.298289187598553607e+00,-6.697959784501343883e-01,8.500000000000000611e-02,3.000000000000000000e+00,5.142701720558476634e+06
-5.636310147761284028e+00,2.271497602696907148e+00,1.838803908853520630e+00,-2.682266730046012349e-02,8.500000000000000611e-02,3.000000000000000000e+00,5.142701720558476634e+06
-5.740649966803180071e+00,2.094211153030446138e+00,1.665926563794400739e+00,-1.706170006983387388e-01,8.500000000000000611e-02,3.000000000000000000e+00,5.142701720558476634e+06
-5.655403759511690609e+00,1.437360155758352187e+00,9.264481734631209164e-01,-2.600710118868968523e-01,8.500000000000000611e-02,3.000000000000000000e+00,5.142701720558476634e+06
-5.676959641221784203e+00,1.374587444727507490e+00,9.047415472649334989e-01,-1.711003723482311945e-01,8.500000000000000611e-02,3.000000000000000000e+00,5.142701720558476634e+06
-6.130975296462692903e+00,8.838891640042830788e-01,1.028995721058278523e+00,1.214153266616321003e-01,8.500000000000000611e-02,3.000000000000000000e+00,5.142701720558476634e+06
-6.522566126055935776e+00,1.136573082383228739e+00,1.624937489526077972e+00,-2.976141469090659575e-02,8.500000000000000611e-02,3.000000000000000000e+00,5.142701720558476634e+06
-6.100804384675473813e+00,1.460504011231666066e+00,1.514830894475180045e+00,-7.216038764589120802e-02,8.500000000000000611e-02,3.000000000000000000e+00,5.142701720558476634e+06
-6.350415943055050860e+00,1.117701299084500777e+00,1.420481913764328530e+00,-7.140814636640557822e-02,8.500000000000000611e-02,3.000000000000000000e+00,5.142701720558476634e+06
-6.626644529990540100e+00,5.983563650653329624e-01,1.344329223758030878e+00,1.340878997261212291e-01,8.500000000000000611e-02,3.000000000000000000e+00,5.142701720558476634e+06
-6.576635826517423844e+00,7.550755415706271734e-01,1.417889930644709029e+00,1.553931526562162269e-01,8.500000000000000611e-02,3.000000000000000000e+00,5.142701720558476634e+06
-6.427862890509826066e+00,1.346884786425617264e+00,1.731903180648007412e+00,-8.641811979627433971e-03,8.500000000000000611e-02,3.000000000000000000e+00,5.142701720558476634e+06
-6.604207003743992388e+00,9.197725855818178475e-02,9.059668411062711257e-01,1.868351595920582087e-01,8.500000000000000611e-02,3.000000000000000000e+00,5.142701720558476634e+06
-6.716867218928421757e+00,5.598542075728948353e-01,1.569031170523611962e+00,3.936379892020218652e-01,8.500000000000000611e-02,3.000000000000000000e+00,5.142701720558476634e+06
-6.707638412639896686e+00,5.080579883218157011e-01,1.518025298328243844e+00,4.030172917942170252e-01,8.500000000000000611e-02,3.000000000000000000e+00,5.142701720558476634e+06
-7.211560733434153825e+00,4.175000367988157546e-01,2.078811237211350971e+00,5.748741225234830221e-01,8.500000000000000611e-02,3.000000000000000000e+00,5.142701720558476634e+06
-6.717485207673095537e+00,6.262358823977589584e-01,1.743560481528864781e+00,5.749583170716838776e-01,8.500000000000000611e-02,3.000000000000000000e+00,5.142701720558476634e+06
-6.727242619647869404e+00,6.214432130860476633e-01,1.748373125988336607e+00,5.534127060348943417e-01,8.500000000000000611e-02,3.000000000000000000e+00,5.142701720558476634e+06
-6.269701110689486434e+00,8.037135660666430148e-01,1.154649398149327322e+00,2.330211677605222853e-01,8.500000000000000611e-02,3.000000000000000000e+00,5.142701720558476634e+06
-6.101283833992241945e+00,8.100642589426609863e-01,9.307157837223918317e-01,1.130704900249543121e-01,8.500000000000000611e-02,3.000000000000000000e+00,5.142701720558476634e+06
-6.835199133237454205e+00,5.811018170438557728e-01,1.580716071000660694e+00,2.388523111959957035e-01,8.500000000000000611e-02,3.000000000000000000e+00,5.142701720558476634e+06
-5.777515272827278281e+00,1.914438525677239156e+00,1.546101978877548744e+00,-1.640373861431505542e-01,8.500000000000000611e-02,3.000000000000000000e+00,5.142701720558476634e+06
-5.952876214323493009e+00,2.699923671931019342e+00,2.479883979673495276e+00,-9.393762901213353889e-02,8.500000000000000611e-02,3.000000000000000000e+00,5.142701720558476634e+06
-6.088010624357088396e+00,2.579619304667706281e+00,2.590718807034522175e+00,1.890238558583736128e-01,8.500000000000000611e-02,3.000000000000000000e+00,5.142701720558476634e+06
-6.027764755787561768e+00,1.921834228589601734e+00,1.583363253606164811e+00,-6.530025169883002523e-01,8.500000000000000611e-02,3.000000000000000000e+00,5.142701720558476634e+06
-6.230483813837947693e+00,2.372193710102248332e+00,2.268639687382631998e+00,-7.234113031353991419e-01,8.500000000000000611e-02,3.000000000000000000e+00,5.142701720558476634e+06
-6.093238839299819354e+00,2.659052516133868949e+00,2.424839650420854031e+00,-6.695126409477178964e-01,8.500000000000000611e-02,3.000000000000000000e+00,5.142701720558476634e+06
-6.264600764664852939e+00,2.106318953885049083e+00,1.995462368939149300e+00,-1.179942957752887267e+00,8.500000000000000611e-02,3.000000000000000000e+00,5.142701720558476634e+06
-6.076316493286265441e+00,2.577362194018892438e+00,2.171097534516578609e+00,-1.734097313378490490e+00,8.500000000000000611e-02,3.000000000000000000e+00,5.142701720558476634e+06
-6.002544679465650290e+00,2.467004751414410002e+00,1.998025954586001074e+00,-1.639473523426131063e+00,8.500000000000000611e-02,3.000000000000000000e+00,5.142701720558476634e+06
-5.524674951342362306e+00,1.783520960188952120e+00,8.866840049604098883e-01,-9.165781361296275742e-01,8.500000000000000611e-02,3.000000000000000000e+00,5.142701720558476634e+06
-5.690901471372539433e+00,1.830585332007321764e+00,1.101425365662207723e+00,-9.857347038908363945e-01,8.500000000000000611e-02,3.000000000000000000e+00,5.142701720558476634e+06
-5.901492711620091036e+00,1.800980880712126364e+00,1.278327520100123849e+00,-9.781335855175508076e-01,8.500000000000000611e-02,3.000000000000000000e+00,5.142701720558476634e+06
-5.428978097148040582e+00,2.117507838345181526e+00,1.194389328636532577e+00,-7.629046294868074840e-01,8.500000000000000611e-02,3.000000000000000000e+00,5.142701720558476634e+06
-5.866565872208773236e+00,1.747330544493830295e+00,1.443048101284838181e+00,-3.190778212185439999e-01,8.500000000000000611e-02,3.000000000000000000e+00,5.142701720558476634e+06
-5.624312603700390767e+00,1.207222290088082461e+00,5.478992303264340613e-01,-6.700204939882268285e-01,8.500000000000000611e-02,3.000000000000000000e+00,5.142701720558476634e+06
-4.987724531896324365e+00,1.983770587569265276e+00,5.782102752661548717e-01,-9.935981484925915375e-01,8.500000000000000611e-02,3.000000000000000000e+00,5.142701720558476634e+06
-4.987724531896324365e+00,1.983770587569265276e+00,5.782102752661548717e-01,-9.935981484925915375e-01,8.500000000000000611e-02,3.000000000000000000e+00,5.142701720558476634e+06
-4.971674733060305940e+00,2.129318469206098463e+00,6.381458228989540515e-01,-1.293960974652186735e+00,8.500000000000000611e-02,3.000000000000000000e+00,5.142701720558476634e+06
-5.168526152731215184e+00,1.990025060100465204e+00,7.731261382220923073e-01,-9.960646776673178771e-01,8.500000000000000611e-02,3.000000000000000000e+00,5.142701720558476634e+06
-4.866497666618906592e+00,1.930353109510532628e+00,2.814304508321801013e-01,-1.463409243629149703e+00,8.500000000000000611e-02,3.000000000000000000e+00,5.142701720558476634e+06
-5.194930871536499239e+00,1.338518823463483276e+00,1.148108897841183529e-01,-9.005712807975537748e-01,8.500000000000000611e-02,3.000000000000000000e+00,5.142701720558476634e+06
-5.232780044717597612e+00,1.697017100963787994e+00,5.998077667382926137e-01,-7.435336313384022233e-01,8.500000000000000611e-02,3.000000000000000000e+00,5.142701720558476634e+06
-5.018203828354097951e+00,1.037420000736312353e+00,-1.181772362590067793e-01,-3.841560324055657838e-01,8.500000000000000611e-02,3.000000000000000000e+00,5.142701720558476634e+06
-5.309967292302897768e+00,1.304732109406871121e+00,4.966705115929899161e-01,-2.371168526016183276e-01,8.500000000000000611e-02,3.000000000000000000e+00,5.142701720558476634e+06
-5.679362281939133617e+00,1.014029735073570304e+00,7.371708479112273338e-01,2.206704556615581847e-01,8.500000000000000611e-02,3.000000000000000000e+00,5.142701720558476634e+06
-6.119531333621688773e+00,1.089731864707506714e+00,1.286685805051232201e+00,3.495058525804491389e-01,8.500000000000000611e-02,3.000000000000000000e+00,5.142701720558476634e+06
-5.911224580570106468e+00,1.400031167126469800e+00,1.224766011599480731e+00,-8.455909414947021530e-02,8.500000000000000611e-02,3.000000000000000000e+00,5.142701720558476634e+06
-5.985837398165460677e+00,5.944178460714677481e-01,5.450554208360831598e-01,-3.874372911955492604e-02,8.500000000000000611e-02,3.000000000000000000e+00,5.142701720558476634e+06
-5.989579251438293284e+00,5.539970449052407098e-01,5.261264485846655070e-01,-3.937051495753401964e-02,8.500000000000000611e-02,3.000000000000000000e+00,5.142701720558476634e+06
-5.872102314062271233e+00,6.097433980715856183e-01,4.407284394204586953e-01,-4.988709768465660055e-02,8.500000000000000611e-02,3.000000000000000000e+00,5.142701720558476634e+06
-5.947547771111128867e+00,1.087826461045517501e+00,8.650064356014082190e-01,-2.159198699373363062e-01,8.500000000000000611e-02,3.000000000000000000e+00,5.142701720558476634e+06
-6.030674140944303652e+00,1.907365141629592475e+00,1.879538569434808348e+00,5.967661721385458806e-02,8.500000000000000611e-02,3.000000000000000000e+00,5.142701720558476634e+06
-6.567822177394889493e+00,1.051438116925965449e+00,1.804852956578239631e+00,4.604613716185557704e-01,8.500000000000000611e-02,3.000000000000000000e+00,5.142701720558476634e+06
-6.728637183335322902e+00,7.420582989547592767e-01,1.691478112081413077e+00,4.165875400622187086e-01,8.500000000000000611e-02,3.000000000000000000e+00,5.142701720558476634e+06
-6.910269592117615822e+00,1.003074601953563461e+00,2.137069210274099795e+00,4.609785886818192902e-01,8.500000000000000611e-02,3.000000000000000000e+00,5.142701720558476634e+06
-6.802194721304891445e+00,1.414323062270473219e+00,2.410949591437397288e+00,4.144972011095829356e-01,8.500000000000000611e-02,3.000000000000000000e+00,5.142701720558476634e+06
-6.165414148182626342e+00,1.489418620336075971e+00,1.675617754369346013e+00,2.381846794223687336e-01,8.500000000000000611e-02,3.000000000000000000e+00,5.142701720558476634e+06
-6.055635629665913733e+00,1.276080157013642857e+00,1.353751818583445843e+00,2.388431487057582903e-01,8.500000000000000611e-02,3.000000000000000000e+00,5.142701720558476634e+06
-5.792364004642850617e+00,1.127029083878721138e+00,7.851241544936797823e-01,-1.299576044849263812e-01,8.500000000000000611e-02,3.000000000000000000e+00,5.142701720558476634e+06
-5.496221435381406728e+00,6.421318555686981178e-01,-7.792394093444476866e-02,-2.995070232906157925e-01,8.500000000000000611e-02,3.000000000000000000e+00,5.142701720558476634e+06
-6.103638178839633888e+00,1.989247035272865283e+00,1.968352379541604247e+00,-1.518166042691448947e-02,8.500000000000000611e-02,3.000000000000000000e+00,5.142701720558476634e+06
-5.988010502664335100e+00,2.102149955006828108e+00,1.835352401308995907e+00,-5.478109245584106279e-01,8.500000000000000611e-02,3.000000000000000000e+00,5.142701720558476634e+06
-6.255218893973987448e+00,1.447762069733839363e+00,1.275992619076612211e+00,-1.174207155230161614e+00,8.500000000000000611e-02,3.000000000000000000e+00,5.142701720558476634e+06
-5.507496286969710830e+00,2.018458385277799749e+00,1.195087618107948169e+00,-5.727142149420116901e-01,8.500000000000000611e-02,3.000000000000000000e+00,5.142701720558476634e+06
-5.240021360273131812e+00,2.457169054291612476e+00,1.385322335185617426e+00,-5.771137077004926397e-01,8.500000000000000611e-02,3.000000000000000000e+00,5.142701720558476634e+06
-5.851296968414018806e+00,1.878586421165374665e+00,1.711285987203261527e+00,2.397439750245689005e-02,8.500000000000000611e-02,3.000000000000000000e+00,5.142701720558476634e+06
-5.643294711898603211e+00,5.246970999612707853e-01,2.099302146856083517e-01,-1.524344280007138563e-01,8.500000000000000611e-02,3.000000000000000000e+00,5.142701720558476634e+06
-5.967864436385548643e+00,6.291573884929984040e-01,7.080448220913831969e-01,1.079306582647605595e-01,8.500000000000000611e-02,3.000000000000000000e+00,5.142701720558476634e+06
-5.667640486663474420e+00,1.452483719105807092e+00,1.001501316523429885e+00,-1.897100902600284966e-01,8.500000000000000611e-02,3.000000000000000000e+00,5.142701720558476634e+06
-5.218874782337880269e+00,1.602903948032788684e+00,6.729700283187691756e-01,-2.399862864657150707e-01,8.500000000000000611e-02,3.000000000000000000e+00,5.142701720558476634e+06
-4.648688932642800253e+00,2.270984395223286878e+00,7.106513696725300644e-01,-3.345090689315349808e-03,8.500000000000000611e-02,3.000000000000000000e+00,5.142701720558476634e+06
-5.209268866505215811e+00,1.737140781365747122e+00,7.409886698050079934e-01,-2.514865845558685864e-01,8.500000000000000611e-02,3.000000000000000000e+00,5.142701720558476634e+06
-5.174238795318805373e+00,1.667321254026956634e+00,6.552189392694809378e-01,-1.138840145958335270e-01,8.500000000000000611e-02,3.000000000000000000e+00,5.142701720558476634e+06
-5.179828802848499336e+00,1.410415838544499589e+00,4.546485830988666876e-01,5.939655541339861067e-02,8.500000000000000611e-02,3.000000000000000000e+00,5.142701720558476634e+06
-5.919199648114742196e+00,1.538005964192294295e+00,1.267363924680489751e+00,-1.662488502624707709e-01,8.500000000000000611e-02,3.000000000000000000e+00,5.142701720558476634e+06
-6.071289729768113652e+00,1.773528629794864475e+00,1.762445126661645212e+00,5.019867486296177017e-02,8.500000000000000611e-02,3.000000000000000000e+00,5.142701720558476634e+06
-5.755636255270798252e+00,1.588238112406518132e+00,1.184497431819061086e+00,-2.058241635661030022e-01,8.500000000000000611e-02,3.000000000000000000e+00,5.142701720558476634e+06
-5.695205171205638628e+00,1.198028417525701217e+00,7.425615898860777886e-01,-2.420230221404085225e-01,8.500000000000000611e-02,3.000000000000000000e+00,5.142701720558476634e+06
-6.261214197747147381e+00,7.780334725037749699e-01,9.542072595609707442e-01,3.213128361720524184e-03,8.500000000000000611e-02,3.000000000000000000e+00,5.142701720558476634e+06
-6.285337437413467399e+00,9.983859618979945560e-01,1.218643113464397132e+00,2.188287715086868757e-02,8.500000000000000611e-02,3.000000000000000000e+00,5.142701720558476634e+06
-5.506502322532688787e+00,6.396057920230366900e-01,-1.136555014465661095e-01,-4.708126137444098025e-01,8.500000000000000611e-02,3.000000000000000000e+00,5.142701720558476634e+06
-6.465015829917200030e+00,1.909480749666953692e+00,2.051597360118557312e+00,-6.835814469532717208e-01,8.500000000000000611e-02,3.000000000000000000e+00,5.142701720558476634e+06
-6.698615453614279680e+00,1.614989897958558629e+00,1.949393338565533984e+00,-8.727763678293986027e-01,8.500000000000000611e-02,3.000000000000000000e+00,5.142701720558476634e+06
-6.357177293415942287e+00,1.772487453078837927e+00,1.778017574970049974e+00,-9.315227670161695395e-01,8.500000000000000611e-02,3.000000000000000000e+00,5.142701720558476634e+06
-6.625356129197760069e+00,1.753195629900931918e+00,2.024640537043002286e+00,-1.070253182484725674e+00,8.500000000000000611e-02,3.000000000000000000e+00,5.142701720558476634e+06
-6.859040286027895839e+00,1.970002386165685682e+00,2.442781481575727387e+00,-1.454309138756467057e+00,8.500000000000000611e-02,3.000000000000000000e+00,5.142701720558476634e+06
-6.849125517351155601e+00,1.949751370640391723e+00,2.423297191862895161e+00,-1.430741014475396700e+00,8.500000000000000611e-02,3.000000000000000000e+00,5.142701720558476634e+06
-7.267672111313766337e+00,2.911448624362833915e+00,3.804117934992111927e+00,-1.705741523930246917e+00,8.500000000000000611e-02,3.000000000000000000e+00,5.142701720558476634e+06
-7.009769693877738739e+00,2.739228026212149558e+00,3.376485834945092357e+00,-1.713690466355838105e+00,8.500000000000000611e-02,3.000000000000000000e+00,5.142701720558476634e+06
-6.891072168746466886e+00,2.830106464628634022e+00,3.390301603215441162e+00,-1.493337387883397316e+00,8.500000000000000611e-02,3.000000000000000000e+00,5.142701720558476634e+06
-6.734822252299148104e+00,2.913205967605318136e+00,3.329937850644581143e+00,-1.454448696260038254e+00,8.500000000000000611e-02,3.000000000000000000e+00,5.142701720558476634e+06
-6.856299651437035791e+00,2.954702199766400028e+00,3.412782549112356456e+00,-1.731136949657770874e+00,8.500000000000000611e-02,3.000000000000000000e+00,5.142701720558476634e+06
-5.825385189189423052e+00,2.269156442266147877e+00,1.714941618342310958e+00,-1.147197273492913894e+00,8.500000000000000611e-02,3.000000000000000000e+00,5.142701720558476634e+06
-5.360656052559487073e+00,2.319247521376385901e+00,1.222433436577582411e+00,-1.334290097734234681e+00,8.500000000000000611e-02,3.000000000000000000e+00,5.142701720558476634e+06
-5.578927014759032410e+00,2.938706391927582651e+00,2.087484137335124501e+00,-1.096574071654716098e+00,8.500000000000000611e-02,3.000000000000000000e+00,5.142701720558476634e+06
-5.862559882764870167e+00,2.689847475629618678e+00,2.125542753103757843e+00,-1.299591792824285719e+00,8.500000000000000611e-02,3.000000000000000000e+00,5.142701720558476634e+06
-6.265504464574865651e+00,2.963096816656204169e+00,2.775261171891491685e+00,-1.259034268736528350e+00,8.500000000000000611e-02,3.000000000000000000e+00,5.142701720558476634e+06
-5.601687802123651139e+00,1.874581867408687152e+00,1.197731253873996593e+00,-3.943184329479057504e-01,8.500000000000000611e-02,3.000000000000000000e+00,5.142701720558476634e+06
-5.979150974999741130e+00,1.739225735479681179e+00,1.518879719127532946e+00,-3.748520555706924551e-02,8.500000000000000611e-02,3.000000000000000000e+00,5.142701720558476634e+06
-6.039169984234258770e+00,1.741589641733605642e+00,1.633558243286928446e+00,-2.865388714155953087e-03,8.500000000000000611e-02,3.000000000000000000e+00,5.142701720558476634e+06
-6.062370982110640405e+00,9.365631381451311466e-01,7.480076541312830063e-01,-3.886430636590798016e-01,8.500000000000000611e-02,3.000000000000000000e+00,5.142701720558476634e+06
-5.941710975702934050e+00,2.137792299339320135e+00,1.995298574049331197e+00,2.900369775670091910e-02,8.500000000000000611e-02,3.000000000000000000e+00,5.142701720558476634e+06
-5.359211237427236263e+00,1.363111497429516428e+00,6.987621868518105739e-01,5.911686552328848654e-02,8.500000000000000611e-02,3.000000000000000000e+00,5.142701720558476634e+06
-5.401673259955585671e+00,1.115171879319577952e+00,4.153064527139043172e-01,1.259873352483187325e-02,8.500000000000000611e-02,3.000000000000000000e+00,5.142701720558476634e+06
-5.552445023805230306e+00,6.873912081466728718e-01,1.800056504652616240e-01,3.870609644540776162e-02,8.500000000000000611e-02,3.000000000000000000e+00,5.142701720558476634e+06
-5.602229903229401842e+00,8.431685075642159077e-01,4.306811342760585859e-01,8.677878505640168605e-03,8.500000000000000611e-02,3.000000000000000000e+00,5.142701720558476634e+06
-5.724401780914056381e+00,1.580145551430594875e+00,1.247269541980723373e+00,-4.786851886829898706e-02,8.500000000000000611e-02,3.000000000000000000e+00,5.142701720558476634e+06
-5.787874599110852891e+00,1.076658129627656946e+00,7.405570049474086147e-01,-9.360113184161802935e-02,8.500000000000000611e-02,3.000000000000000000e+00,5.142701720558476634e+06
-5.828657029031179881e+00,1.290297246310958768e+00,9.955954096145637200e-01,-1.066607675881432460e-01,8.500000000000000611e-02,3.000000000000000000e+00,5.142701720558476634e+06
-6.124858874945067200e+00,1.328893104973186468e+00,1.418320189689083799e+00,-6.397708951484712414e-03,8.500000000000000611e-02,3.000000000000000000e+00,5.142701720558476634e+06
-6.595801231140082876e+00,1.136251487744022404e+00,1.748841371844811032e+00,7.396558568458549976e-02,8.500000000000000611e-02,3.000000000000000000e+00,5.142701720558476634e+06
-5.657707141981247467e+00,2.556132209316043458e+00,1.939598297273025462e+00,-2.702714513366362703e-01,8.500000000000000611e-02,3.000000000000000000e+00,5.142701720558476634e+06
-6.173052213910782626e+00,2.545914992595939452e+00,2.623203740557777053e+00,-2.870602332884183983e-02,8.500000000000000611e-02,3.000000000000000000e+00,5.142701720558476634e+06
-6.088083037116738261e+00,2.268095840387112982e+00,2.158893277980028724e+00,-3.378233917653262752e-01,8.500000000000000611e-02,3.000000000000000000e+00,5.142701720558476634e+06
-6.368237774731153600e+00,1.497545447282281339e+00,1.777557150177700773e+00,-8.136758197496013478e-02,8.500000000000000611e-02,3.000000000000000000e+00,5.142701720558476634e+06
-6.568548675001929738e+00,1.683050663681765258e+00,2.190855043929704316e+00,-9.443475557661262787e-02,8.500000000000000611e-02,3.000000000000000000e+00,5.142701720558476634e+06
-6.482254809150944652e+00,1.532978433833667609e+00,1.783941758327245886e+00,-4.208360752580321273e-01,8.500000000000000611e-02,3.000000000000000000e+00,5.142701720558476634e+06
-7.060629329933777676e+00,1.573585373527345954e+00,2.284894484957057159e+00,-7.812056411788247390e-01,8.500000000000000611e-02,3.000000000000000000e+00,5.142701720558476634e+06
-6.708335858954542985e+00,1.057975634878252080e+00,1.820713820304772801e+00,1.967703721042066700e-01,8.500000000000000611e-02,3.000000000000000000e+00,5.142701720558476634e+06
-6.477256417828493262e+00,1.174508331137748884e+00,1.684720969811592584e+00,1.581608022596069363e-01,8.500000000000000611e-02,3.000000000000000000e+00,5.142701720558476634e+06
-6.961052991258661393e+00,1.647627075887476700e+00,2.720393731263619053e+00,3.353282288743477113e-01,8.500000000000000611e-02,3.000000000000000000e+00,5.142701720558476634e+06
-5.864267266705266657e+00,1.183439411087321869e+00,9.299199344597739447e-01,-1.337945889443906133e-01,8.500000000000000611e-02,3.000000000000000000e+00,5.142701720558476634e+06
-5.800756292385049306e+00,1.541799900616819707e+00,1.100114602067976843e+00,-2.464455048905467294e-01,8.500000000000000611e-02,3.000000000000000000e+00,5.142701720558476634e+06
-6.660276174948757344e+00,1.576689071004413467e+00,2.141612130970290462e+00,-1.103513170978400182e-01,8.500000000000000611e-02,3.000000000000000000e+00,5.142701720558476634e+06
-6.352242433063903349e+00,1.631952649588996884e+00,1.888188386628352200e+00,-2.000723780946226382e-01,8.500000000000000611e-02,3.000000000000000000e+00,5.142701720558476634e+06
-5.739676886137366374e+00,2.738057106758361225e+00,2.220765740202078398e+00,-2.366723778568179393e-01,8.500000000000000611e-02,3.000000000000000000e+00,5.142701720558476634e+06
-5.724317744141845132e+00,2.619352269578262504e+00,2.102302906932454363e+00,-2.350026499700423321e-01,8.500000000000000611e-02,3.000000000000000000e+00,5.142701720558476634e+06
-5.751130734641132669e+00,2.498197770344995572e+00,2.120158888297897892e+00,-2.867085494260601664e-02,8.500000000000000611e-02,3.000000000000000000e+00,5.142701720558476634e+06
-6.183029303179575997e+00,2.932256705412405573e+00,3.082563742473821478e+00,1.453432863870933733e-01,8.500000000000000611e-02,3.000000000000000000e+00,5.142701720558476634e+06
-6.143647540822693820e+00,2.741519019676645463e+00,2.805143635375541233e+00,3.752286230329460182e-02,8.500000000000000611e-02,3.000000000000000000e+00,5.142701720558476634e+06
-5.644565415995386637e+00,2.951687193565990519e+00,2.437829215401387639e+00,-8.959982806178751202e-02,8.500000000000000611e-02,3.000000000000000000e+00,5.142701720558476634e+06
-5.725996042713862977e+00,2.862360242791230469e+00,2.409790383161420024e+00,-1.394442781531906594e-01,8.500000000000000611e-02,3.000000000000000000e+00,5.142701720558476634e+06
-5.990664225051872904e+00,2.653965274084574055e+00,2.550404058687461895e+00,1.666400761522945917e-02,8.500000000000000611e-02,3.000000000000000000e+00,5.142701720558476634e+06
-5.898305737499621060e+00,2.580049527715218893e+00,2.282149837031544504e+00,-2.753840799094479097e-01,8.500000000000000611e-02,3.000000000000000000e+00,5.142701720558476634e+06
-5.783092065627170264e+00,2.599360665331552855e+00,2.296702583760022343e+00,1.803621710711751924e-01,8.500000000000000611e-02,3.000000000000000000e+00,5.142701720558476634e+06
-5.566758701619173522e+00,2.926906652971251521e+00,2.331514254530090202e+00,9.105685481265313186e-02,8.500000000000000611e-02,3.000000000000000000e+00,5.142701720558476634e+06
-5.639761734973990137e+00,2.374717511643899215e+00,1.791441093239097837e+00,-3.044531639362456632e-01,8.500000000000000611e-02,3.000000000000000000e+00,5.142701720558476634e+06
-5.862180228447704700e+00,2.202591163752357417e+00,1.912886955272624645e+00,-6.613828484153166931e-02,8.500000000000000611e-02,3.000000000000000000e+00,5.142701720558476634e+06
-5.869196071502077672e+00,2.317915137117859459e+00,2.024552151132800848e+00,-1.146796396848693556e-01,8.500000000000000611e-02,3.000000000000000000e+00,5.142701720558476634e+06
-5.828083548842675654e+00,2.490411100043292691e+00,2.140935096360544243e+00,-1.373670896820972653e-01,8.500000000000000611e-02,3.000000000000000000e+00,5.142701720558476634e+06
-5.635642573332523497e+00,2.766805655912316197e+00,2.350370445314627688e+00,2.051854430455440914e-02,8.500000000000000611e-02,3.000000000000000000e+00,5.142701720558476634e+06
-6.888852881118448401e+00,2.748130880551875599e+00,3.832003974765681775e+00,4.240733662437760620e-01,8.500000000000000611e-02,3.000000000000000000e+00,5.142701720558476634e+06
-6.934675998929093588e+00,2.734079957081233747e+00,3.969287240781206094e+00,6.973440311846365036e-01,8.500000000000000611e-02,3.000000000000000000e+00,5.142701720558476634e+06
-6.794290093705123823e+00,2.903593347065592134e+00,3.920460418206031861e+00,4.954205982623763882e-01,8.500000000000000611e-02,3.000000000000000000e+00,5.142701720558476634e+06
-6.182159661556847929e+00,2.347287398116181034e+00,2.525833318802312100e+00,5.668094334830886538e-02,8.500000000000000611e-02,3.000000000000000000e+00,5.142701720558476634e+06
-6.196676828178685703e+00,2.789069424755517890e+00,2.934078136571122819e+00,2.423153697279833985e-02,8.500000000000000611e-02,3.000000000000000000e+00,5.142701720558476634e+06
-6.501416546214263903e+00,2.975018283339160963e+00,3.397007379154382889e+00,-1.102715736146824277e-01,8.500000000000000611e-02,3.000000000000000000e+00,5.142701720558476634e+06
-6.258376621847315135e+00,2.870365378359489128e+00,3.074917411929964040e+00,-3.945723766238223851e-02,8.500000000000000611e-02,3.000000000000000000e+00,5.142701720558476634e+06
-6.138236892567126901e+00,2.915800180983123102e+00,3.014720026709851286e+00,-3.946027777056272667e-02,8.500000000000000611e-02,3.000000000000000000e+00,5.142701720558476634e+06
-6.127856771245761003e+00,2.924683040577299664e+00,3.021144957449363400e+00,-2.946642422822415286e-02,8.500000000000000611e-02,3.000000000000000000e+00,5.142701720558476634e+06
-6.127856771245761003e+00,2.924683040577299664e+00,3.021144957449363400e+00,-2.946642422822415286e-02,8.500000000000000611e-02,3.000000000000000000e+00,5.142701720558476634e+06
-6.088402410153626931e+00,2.711640240091881981e+00,2.825897547807345589e+00,9.352415091622656718e-02,8.500000000000000611e-02,3.000000000000000000e+00,5.142701720558476634e+06
-5.962316302183498173e+00,2.694920433390439296e+00,2.705825859499186414e+00,1.507714247948747643e-01,8.500000000000000611e-02,3.000000000000000000e+00,5.142701720558476634e+06
-6.249963232734355500e+00,2.817442082583149432e+00,3.164166401955802677e+00,2.541745186910162602e-01,8.500000000000000611e-02,3.000000000000000000e+00,5.142701720558476634e+06
-6.017951045441763291e+00,2.196534504695717871e+00,2.409436112929104201e+00,5.476988756078722265e-01,8.500000000000000611e-02,3.000000000000000000e+00,5.142701720558476634e+06
-5.275885597217019551e+00,2.712499661138680906e+00,1.802860548891707104e+00,-1.946591740128885140e-01,8.500000000000000611e-02,3.000000000000000000e+00,5.142701720558476634e+06
-4.747813243815716788e+00,2.508017645634015746e+00,1.015441386173331351e+00,-3.309663468755266180e-01,8.500000000000000611e-02,3.000000000000000000e+00,5.142701720558476634e+06
-5.276629374835493103e+00,1.369557549924561801e+00,5.859314180189878485e-01,-1.462392770760257421e-01,8.500000000000000611e-02,3.000000000000000000e+00,5.142701720558476634e+06
-5.561192675441027689e+00,2.117468003277896749e+00,1.605964498945502195e+00,-5.042627495556842310e-02,8.500000000000000611e-02,3.000000000000000000e+00,5.142701720558476634e+06
-4.987648416703147625e+00,1.912612972959317981e+00,8.823960711524631018e-01,5.730526930400522967e-02,8.500000000000000611e-02,3.000000000000000000e+00,5.142701720558476634e+06
-5.745993285597111644e+00,1.608538611995031564e+00,1.217369804835563452e+00,-1.944836747175154312e-01,8.500000000000000611e-02,3.000000000000000000e+00,5.142701720558476634e+06
-5.178189174977942955e+00,2.104190320365229017e+00,8.588140205837619945e-01,-8.675327372902571499e-01,8.500000000000000611e-02,3.000000000000000000e+00,5.142701720558476634e+06
-5.197673006509951676e+00,1.837658671007162514e+00,7.235459687554490760e-01,-5.594203707845299967e-01,8.500000000000000611e-02,3.000000000000000000e+00,5.142701720558476634e+06
-5.569107147146893588e+00,1.136673243247045662e+00,4.937985144226191281e-01,-3.891260719262590873e-01,8.500000000000000611e-02,3.000000000000000000e+00,5.142701720558476634e+06
-5.551365252790017912e+00,1.325313324361917289e+00,5.915190262613061467e-01,-5.555271775532258927e-01,8.500000000000000611e-02,3.000000000000000000e+00,5.142701720558476634e+06
-6.070898757723670158e+00,1.489012757544690979e+00,1.635043287662306888e+00,1.672577333839812552e-01,8.500000000000000611e-02,3.000000000000000000e+00,5.142701720558476634e+06
-5.975907005101555036e+00,2.016217815366317723e+00,1.753060767193954206e+00,-2.901078201716547067e-01,8.500000000000000611e-02,3.000000000000000000e+00,5.142701720558476634e+06
-6.374709199004278126e+00,1.471105898620022501e+00,1.654130485212393253e+00,-1.884982602206684565e-01,8.500000000000000611e-02,3.000000000000000000e+00,5.142701720558476634e+06
-6.883865479167409873e+00,1.096754461381135526e+00,1.743493567214310369e+00,-6.812550822514773508e-01,8.500000000000000611e-02,3.000000000000000000e+00,5.142701720558476634e+06
-6.503125368367875581e+00,9.055770649370832315e-01,1.125064042697240252e+00,-8.390860936542072768e-01,8.500000000000000611e-02,3.000000000000000000e+00,5.142701720558476634e+06
-6.517262093994542482e+00,9.345000253588817696e-01,1.184476898528544764e+00,-7.800854747541785539e-01,8.500000000000000611e-02,3.000000000000000000e+00,5.142701720558476634e+06
-6.522233906393619662e+00,9.081031026172161624e-01,1.164766007054487629e+00,-7.727852230027602021e-01,8.500000000000000611e-02,3.000000000000000000e+00,5.142701720558476634e+06
-6.524384100250633090e+00,1.445754529646716691e+00,1.697429710297049699e+00,-5.676131597595314160e-01,8.500000000000000611e-02,3.000000000000000000e+00,5.142701720558476634e+06
-6.228617814130858577e+00,1.526422022110820897e+00,1.539066705821374725e+00,-3.867275534685021832e-01,8.500000000000000611e-02,3.000000000000000000e+00,5.142701720558476634e+06
-6.219286657095312698e+00,1.967750667437753842e+00,2.030089382325577230e+00,-7.621249005673602639e-02,8.500000000000000611e-02,3.000000000000000000e+00,5.142701720558476634e+06
-6.112278269263290653e+00,2.424130454944610324e+00,2.315733279649754728e+00,-3.093122603372562840e-01,8.500000000000000611e-02,3.000000000000000000e+00,5.142701720558476634e+06
-5.997624955799863322e+00,1.750145520390028020e+00,1.576964362457429214e+00,-2.553422419073419491e-01,8.500000000000000611e-02,3.000000000000000000e+00,5.142701720558476634e+06
-6.013863057602363504e+00,2.678073485433206002e+00,2.716230634234527042e+00,1.777754805712917496e-01,8.500000000000000611e-02,3.000000000000000000e+00,5.142701720558476634e+06
-6.443058075474803026e+00,2.716714495814898545e+00,3.273379034574968482e+00,4.037967817451620922e-01,8.500000000000000611e-02,3.000000000000000000e+00,5.142701720558476634e+06
-6.270396131182768507e+00,2.866627436164368881e+00,3.280850844837820190e+00,4.452947740633110274e-01,8.500000000000000611e-02,3.000000000000000000e+00,5.142701720558476634e+06
-6.267387747385329000e+00,2.849487113781712821e+00,3.249046967153816468e+00,4.199256386661367468e-01,8.500000000000000611e-02,3.000000000000000000e+00,5.142701720558476634e+06
-6.374207884116672496e+00,2.970406002161945835e+00,3.484754748620145559e+00,4.058891950963328110e-01,8.500000000000000611e-02,3.000000000000000000e+00,5.142701720558476634e+06
-6.089397659881699454e+00,2.709984121859911887e+00,2.832294643665519640e+00,1.635319650194617946e-01,8.500000000000000611e-02,3.000000000000000000e+00,5.142701720558476634e+06
-6.012253947490249217e+00,1.752979967230359204e+00,1.669856029231834071e+00,-1.243554200194930126e-01,8.500000000000000611e-02,3.000000000000000000e+00,5.142701720558476634e+06
-5.696565349369400622e+00,2.880061234652867341e+00,2.376973904141261862e+00,-3.447610486870424928e-01,8.500000000000000611e-02,3.000000000000000000e+00,5.142701720558476634e+06
-5.718927910131955450e+00,2.968185331023348361e+00,2.479329699919549768e+00,-3.589572427957764544e-01,8.500000000000000611e-02,3.000000000000000000e+00,5.142701720558476634e+06
-5.873926107978365785e+00,2.007504770557520857e+00,1.661755596786596234e+00,-3.420039365662622677e-01,8.500000000000000611e-02,3.000000000000000000e+00,5.142701720558476634e+06
-5.460411615451572942e+00,2.544798914160951497e+00,1.827828218815993555e+00,-2.321661147004906445e-01,8.500000000000000611e-02,3.000000000000000000e+00,5.142701720558476634e+06
-5.405631579409779341e+00,2.576037374154351411e+00,1.754054747038712891e+00,-3.493391565499764373e-01,8.500000000000000611e-02,3.000000000000000000e+00,5.142701720558476634e+06
-5.395288185823470251e+00,2.557493151522179264e+00,1.714194229758750687e+00,-3.666790222467370963e-01,8.500000000000000611e-02,3.000000000000000000e+00,5.142701720558476634e+06
-5.533610611039258664e+00,2.604682680384171611e+00,1.896326092000897079e+00,-3.522764301060074543e-01,8.500000000000000611e-02,3.000000000000000000e+00,5.142701720558476634e+06
-5.540833767878323712e+00,2.676841243533592429e+00,1.902560293948039938e+00,-4.832670311757748527e-01,8.500000000000000611e-02,3.000000000000000000e+00,5.142701720558476634e+06
-5.121439188684818511e+00,2.163855695812490154e+00,1.017259665976166572e+00,-4.121206790030652600e-01,8.500000000000000611e-02,3.000000000000000000e+00,5.142701720558476634e+06
-4.972470919326637429e+00,2.459051685086501404e+00,1.146268909593323393e+00,-4.457599026977455692e-01,8.500000000000000611e-02,3.000000000000000000e+00,5.142701720558476634e+06
-5.420077493481589848e+00,1.470524328396979108e+00,7.824518184008135702e-01,-2.490087010020411995e-01,8.500000000000000611e-02,3.000000000000000000e+00,5.142701720558476634e+06
-5.294131268789899813e+00,2.204966098182784773e+00,1.314565404515918079e+00,-2.893592976066278188e-01,8.500000000000000611e-02,3.000000000000000000e+00,5.142701720558476634e+06
-5.031523214466742999e+00,2.712390316146046310e+00,1.461392988772169721e+00,-4.808900213088673214e-01,8.500000000000000611e-02,3.000000000000000000e+00,5.142701720558476634e+06
-4.972245939023751227e+00,2.226379368330945407e+00,1.144916478805619420e+00,6.201965243307183684e-03,8.500000000000000611e-02,3.000000000000000000e+00,5.142701720558476634e+06
-5.082977950737973316e+00,2.691815735594333070e+00,1.692390237025150679e+00,-5.431177971830236650e-02,8.500000000000000611e-02,3.000000000000000000e+00,5.142701720558476634e+06
-5.362013601001095253e+00,2.442582581181595991e+00,1.595803173824598131e+00,-3.605596408418385579e-01,8.500000000000000611e-02,3.000000000000000000e+00,5.142701720558476634e+06
-4.795345771659335732e+00,2.091198212851931526e+00,7.383407555144860801e-01,-1.429869178811213337e-01,8.500000000000000611e-02,3.000000000000000000e+00,5.142701720558476634e+06
-5.705547451709855444e+00,1.384668896257355453e+00,1.074694032523570542e+00,-3.107832946002905827e-04,8.500000000000000611e-02,3.000000000000000000e+00,5.142701720558476634e+06
-5.016518252962743674e+00,1.350547514346845723e+00,3.684018061263913957e-01,1.847714820123579349e-01,8.500000000000000611e-02,3.000000000000000000e+00,5.142701720558476634e+06
-5.708205356728175417e+00,1.158031512596164214e+00,9.698119153145912108e-01,2.993841505749438303e-01,8.500000000000000611e-02,3.000000000000000000e+00,5.142701720558476634e+06
-5.672359388897636023e+00,1.097420387972925182e+00,8.807073109260601385e-01,4.300831359352663696e-01,8.500000000000000611e-02,3.000000000000000000e+00,5.142701720558476634e+06
-6.207139936738194308e+00,1.641083015734962292e+00,2.075756472626012261e+00,5.956556693632393262e-01,8.500000000000000611e-02,3.000000000000000000e+00,5.142701720558476634e+06
-6.481284515030775850e+00,2.464145115876527292e+00,3.271223987055309923e+00,6.839656184342007839e-01,8.500000000000000611e-02,3.000000000000000000e+00,5.142701720558476634e+06
-6.685287370653433925e+00,2.290315489254336700e+00,3.436876720859407097e+00,8.471049879943359784e-01,8.500000000000000611e-02,3.000000000000000000e+00,5.142701720558476634e+06
-5.965804914094600342e+00,1.798932835921265738e+00,1.784083640136780335e+00,2.332847950569721385e-01,8.500000000000000611e-02,3.000000000000000000e+00,5.142701720558476634e+06
-5.227657839625561742e+00,1.339356259279226524e+00,4.855561663289384988e-01,7.972367720904503796e-03,8.500000000000000611e-02,3.000000000000000000e+00,5.142701720558476634e+06
-5.492138291129156080e+00,1.311661261161070291e+00,7.059923382283704862e-01,-2.605418131676434657e-02,8.500000000000000611e-02,3.000000000000000000e+00,5.142701720558476634e+06
-5.698436928144420044e+00,9.568026011435850631e-01,6.436709887174754119e-01,6.713348464492868706e-02,8.500000000000000611e-02,3.000000000000000000e+00,5.142701720558476634e+06
-6.024129392207255407e+00,7.557128431190096585e-01,9.194260864976330216e-01,3.857307509964804093e-01,8.500000000000000611e-02,3.000000000000000000e+00,5.142701720558476634e+06
-6.235699197400434990e+00,1.124917623712527570e+00,1.363881192226714889e+00,1.661711797770965282e-01,8.500000000000000611e-02,3.000000000000000000e+00,5.142701720558476634e+06
-6.209360604131915373e+00,1.326179823183489148e+00,1.485544519432930421e+00,2.241312648251766182e-01,8.500000000000000611e-02,3.000000000000000000e+00,5.142701720558476634e+06
-6.380126907713200346e+00,1.815577272468059666e+00,2.233241072162910346e+00,3.089506835674699081e-01,8.500000000000000611e-02,3.000000000000000000e+00,5.142701720558476634e+06
-6.380082953213633168e+00,1.731825394747791957e+00,2.120400751611404289e+00,2.105322335497848973e-01,8.500000000000000611e-02,3.000000000000000000e+00,5.142701720558476634e+06
-6.140519996451142326e+00,2.006795588681745457e+00,2.234011309247121435e+00,3.421228669657548904e-01,8.500000000000000611e-02,3.000000000000000000e+00,5.142701720558476634e+06
-5.756254958443360437e+00,1.520186757122403254e+00,1.232662767218863253e+00,1.349187885723499847e-01,8.500000000000000611e-02,3.000000000000000000e+00,5.142701720558476634e+06
-5.565885486663421311e+00,1.708866631248501022e+00,1.260418154118759793e+00,1.803266641581229845e-01,8.500000000000000611e-02,3.000000000000000000e+00,5.142701720558476634e+06
-5.152517233088764748e+00,1.573920615819109692e+00,6.784581512634979550e-01,-1.686886804292220265e-02,8.500000000000000611e-02,3.000000000000000000e+00,5.142701720558476634e+06
-5.413189979242487126e+00,1.969563815932567241e+00,1.226450893270784714e+00,-2.657644582733088567e-01,8.500000000000000611e-02,3.000000000000000000e+00,5.142701720558476634e+06
-5.796930013895524425e+00,2.200775121310187821e+00,1.815378036662840477e+00,-3.625249253298591934e-01,8.500000000000000611e-02,3.000000000000000000e+00,5.142701720558476634e+06
-6.294516513346247955e+00,2.987460335528978383e+00,2.955595974797901704e+00,-7.955986461069615157e-01,8.500000000000000611e-02,3.000000000000000000e+00,5.142701720558476634e+06
-6.240728249919134996e+00,2.991917255558636413e+00,2.815126721580950786e+00,-1.046067709080027441e+00,8.500000000000000611e-02,3.000000000000000000e+00,5.142701720558476634e+06
-6.240728249919134996e+00,2.991917255558636413e+00,2.815126721580950786e+00,-1.046067709080027441e+00,8.500000000000000611e-02,3.000000000000000000e+00,5.142701720558476634e+06
-5.108549864298193022e+00,2.766468150081317745e+00,1.412015643359767481e+00,-1.011570695534978803e+00,8.500000000000000611e-02,3.000000000000000000e+00,5.142701720558476634e+06
-4.502393431995795225e+00,2.817600899030482609e+00,9.080632395883579955e-01,-6.389261810703221744e-01,8.500000000000000611e-02,3.000000000000000000e+00,5.142701720558476634e+06
-5.687276040114602971e+00,2.219361680030247808e+00,1.792016689834790455e+00,-3.543392659410334739e-04,8.500000000000000611e-02,3.000000000000000000e+00,5.142701720558476634e+06
-5.456600294256977790e+00,1.723591680104829216e+00,1.026302091941040828e+00,-1.024567798585998973e-01,8.500000000000000611e-02,3.000000000000000000e+00,5.142701720558476634e+06
-5.140034981116434309e+00,1.149213122635201367e+00,9.159382766764802286e-02,-1.227914940873914840e-01,8.500000000000000611e-02,3.000000000000000000e+00,5.142701720558476634e+06
-5.068390376347434056e+00,1.872306304975660751e+00,7.177461065105412708e-01,-3.592626402662920104e-01,8.500000000000000611e-02,3.000000000000000000e+00,5.142701720558476634e+06
-5.426941352253780160e+00,1.275581590072760285e+00,5.678448266554632085e-01,-1.498906721920084117e-01,8.500000000000000611e-02,3.000000000000000000e+00,5.142701720558476634e+06
-4.855977126697700541e+00,1.558878605065148859e+00,1.892034653796363930e-01,-2.002894088947280160e-01,8.500000000000000611e-02,3.000000000000000000e+00,5.142701720558476634e+06
-5.436097048138875287e+00,1.386317857652614727e-01,-3.438422817453274938e-01,-1.929466484381348046e-02,8.500000000000000611e-02,3.000000000000000000e+00,5.142701720558476634e+06
-4.798417349423628409e+00,8.770184340617515062e-02,-1.121191907710615832e+00,-2.686967546024937037e-01,8.500000000000000611e-02,3.000000000000000000e+00,5.142701720558476634e+06
-5.825941099544631463e+00,7.127154934027351008e-01,5.568308779438593259e-01,-9.014591241325503601e-02,8.500000000000000611e-02,3.000000000000000000e+00,5.142701720558476634e+06
-6.029043016355492668e+00,1.019269641188467190e-01,2.657804542066337650e-01,-5.845843729422828261e-02,8.500000000000000611e-02,3.000000000000000000e+00,5.142701720558476634e+06
-5.986280269349108174e+00,5.600829937828472049e-01,5.489710936580098899e-01,-1.528581929284627827e-01,8.500000000000000611e-02,3.000000000000000000e+00,5.142701720558476634e+06
-6.585680825371524882e+00,4.024979360698739406e-01,1.072913472235258237e+00,-2.193817023005589784e-02,8.500000000000000611e-02,3.000000000000000000e+00,5.142701720558476634e+06
-5.799153838545951345e+00,8.007209380689279676e-01,5.697355720552716996e-01,-6.139123972682269947e-02,8.500000000000000611e-02,3.000000000000000000e+00,5.142701720558476634e+06
-5.482380299074218755e+00,7.785979779362954822e-01,1.326689164237082608e-01,-1.926986147873481214e-01,8.500000000000000611e-02,3.000000000000000000e+00,5.142701720558476634e+06
-5.518000671958980696e+00,2.156230913607966926e+00,1.541092654088073832e+00,-4.592918843371487925e-02,8.500000000000000611e-02,3.000000000000000000e+00,5.142701720558476634e+06
-5.156006008552640907e+00,2.884087594954113154e+00,1.871750427988366550e+00,-6.156404876784399294e-02,8.500000000000000611e-02,3.000000000000000000e+00,5.142701720558476634e+06
-4.831889842317584893e+00,2.336882997265127493e+00,9.636036141833981272e-01,-1.653898284344610392e-01,8.500000000000000611e-02,3.000000000000000000e+00,5.142701720558476634e+06
-5.309359542763913531e+00,2.427720508958114198e+00,1.543484103240402749e+00,-2.614119058934238904e-01,8.500000000000000611e-02,3.000000000000000000e+00,5.142701720558476634e+06
-5.068884347706834603e+00,2.315269052386811577e+00,1.101531294808104855e+00,-4.278244056054575917e-01,8.500000000000000611e-02,3.000000000000000000e+00,5.142701720558476634e+06
-5.339913717616709299e+00,2.423046331197337810e+00,1.805268403603058402e+00,2.374390777323215074e-01,8.500000000000000611e-02,3.000000000000000000e+00,5.142701720558476634e+06
-5.350440696486560732e+00,2.302020080236347521e+00,1.635120078343253569e+00,1.281704798247560173e-01,8.500000000000000611e-02,3.000000000000000000e+00,5.142701720558476634e+06
-5.107456802691701547e+00,1.364152399036805630e+00,3.753589022811931741e-01,-6.866886208068831259e-03,8.500000000000000611e-02,3.000000000000000000e+00,5.142701720558476634e+06
-5.372001958886109207e+00,1.330246577773661620e+00,6.751253895612967515e-01,1.424124468493274676e-01,8.500000000000000611e-02,3.000000000000000000e+00,5.142701720558476634e+06
-5.409977796766361813e+00,2.103960533171314040e+00,1.380416139690643584e+00,-1.507553403917105683e-01,8.500000000000000611e-02,3.000000000000000000e+00,5.142701720558476634e+06
-5.882542324834130198e+00,2.336811466989747288e+00,2.201435029876024352e+00,2.104147769528726397e-01,8.500000000000000611e-02,3.000000000000000000e+00,5.142701720558476634e+06
-5.566438909797150281e+00,2.324227654272566390e+00,1.721937412139534773e+00,-9.007146947983324381e-02,8.500000000000000611e-02,3.000000000000000000e+00,5.142701720558476634e+06
-6.301603513464527850e+00,1.727459111877756692e+00,2.103331787622121585e+00,3.420337816146318821e-01,8.500000000000000611e-02,3.000000000000000000e+00,5.142701720558476634e+06
-6.597830640234318977e+00,2.006243142629275944e+00,2.541269753334375103e+00,9.895668736006732469e-02,8.500000000000000611e-02,3.000000000000000000e+00,5.142701720558476634e+06
-6.590956136031405954e+00,2.088926189262119149e+00,2.581031730367796762e+00,-5.877049375253101671e-02,8.500000000000000611e-02,3.000000000000000000e+00,5.142701720558476634e+06
-6.267160253504446388e+00,2.066363967383553657e+00,2.259672756089495138e+00,-1.636086500242837916e-02,8.500000000000000611e-02,3.000000000000000000e+00,5.142701720558476634e+06
-6.059236855797712096e+00,1.252145978168394569e+00,1.312427650856612171e+00,2.589456182340116319e-02,8.500000000000000611e-02,3.000000000000000000e+00,5.142701720558476634e+06
-5.906052871998313414e+00,1.811710147607398236e+00,1.603582175739088900e+00,-5.006664574917435440e-02,8.500000000000000611e-02,3.000000000000000000e+00,5.142701720558476634e+06
-5.647916608066059219e+00,1.483261060995116454e+00,1.025433271824051085e+00,6.259371380934128370e-02,8.500000000000000611e-02,3.000000000000000000e+00,5.142701720558476634e+06
-5.096868647043980793e+00,1.598842344730144527e+00,5.240840660473733426e-01,-3.968679750612491564e-04,8.500000000000000611e-02,3.000000000000000000e+00,5.142701720558476634e+06
-5.051946924530815508e+00,1.525487061698947544e+00,3.800427852901195891e-01,-1.090094870860500165e-01,8.500000000000000611e-02,3.000000000000000000e+00,5.142701720558476634e+06
-5.746700980369355172e+00,1.574670197406432104e+00,1.338195994270173994e+00,2.231714269418305641e-01,8.500000000000000611e-02,3.000000000000000000e+00,5.142701720558476634e+06
-5.333265021226177183e+00,2.892278851409232132e+00,2.011325385250058773e+00,-1.790043609731009344e-01,8.500000000000000611e-02,3.000000000000000000e+00,5.142701720558476634e+06
-5.357363624511359390e+00,2.654545797671680418e+00,1.818901792623622171e+00,-1.709967218891504381e-01,8.500000000000000611e-02,3.000000000000000000e+00,5.142701720558476634e+06
-5.162536837404205770e+00,1.914270220549231238e+00,7.800317061920742923e-01,-4.073481379009509795e-01,8.500000000000000611e-02,3.000000000000000000e+00,5.142701720558476634e+06
-5.220837032053310622e+00,1.468855493187133376e+00,4.293168267526578097e-01,-1.955899109550298109e-01,8.500000000000000611e-02,3.000000000000000000e+00,5.142701720558476634e+06
-5.175097508430332560e+00,1.406358058433541114e+00,3.299846489651412362e-01,-3.604364665691415781e-01,8.500000000000000611e-02,3.000000000000000000e+00,5.142701720558476634e+06
-5.380366794298034883e+00,1.211136807030978257e+00,3.726783198216732096e-01,-2.549511360278893246e-01,8.500000000000000611e-02,3.000000000000000000e+00,5.142701720558476634e+06
-5.617978144015810749e+00,1.366332609200175519e+00,8.686690875036888748e-01,-1.153655003163426424e-02,8.500000000000000611e-02,3.000000000000000000e+00,5.142701720558476634e+06
-5.448617346373180403e+00,1.703764207341897041e+00,1.046570476426959440e+00,2.568404571120229407e-02,8.500000000000000611e-02,3.000000000000000000e+00,5.142701720558476634e+06
-5.549682258979893312e+00,1.878758207673471237e+00,1.242661557461555599e+00,-2.793865575754425068e-01,8.500000000000000611e-02,3.000000000000000000e+00,5.142701720558476634e+06
-5.714192485231397001e+00,1.666207543637063582e+00,1.005918401346558522e+00,-6.827623115634491313e-01,8.500000000000000611e-02,3.000000000000000000e+00,5.142701720558476634e+06
-6.047768761984823271e+00,2.690583878831193765e+00,2.256184704230507432e+00,-1.918037735499871665e+00,8.500000000000000611e-02,3.000000000000000000e+00,5.142701720558476634e+06
-6.261206150952486560e+00,2.309639690067803564e+00,2.150916161277248939e+00,-1.668218011995666217e+00,8.500000000000000611e-02,3.000000000000000000e+00,5.142701720558476634e+06
-6.264937254828524260e+00,2.268713465336038571e+00,2.114525256711798029e+00,-1.731265050688303608e+00,8.500000000000000611e-02,3.000000000000000000e+00,5.142701720558476634e+06
-6.243350936083188252e+00,2.108995623451524803e+00,1.923403047659285825e+00,-1.645760145119704809e+00,8.500000000000000611e-02,3.000000000000000000e+00,5.142701720558476634e+06
-6.155982034467869290e+00,2.064320377374009308e+00,1.778367733984107080e+00,-1.880860174338433000e+00,8.500000000000000611e-02,3.000000000000000000e+00,5.142701720558476634e+06
-6.522978272378495035e+00,1.873034733456115930e+00,1.945706100629987390e+00,-2.469220420742359590e+00,8.500000000000000611e-02,3.000000000000000000e+00,5.142701720558476634e+06
-6.434074760909388679e+00,1.842425601953129322e+00,1.865233964221570284e+00,-2.074835418806170839e+00,8.500000000000000611e-02,3.000000000000000000e+00,5.142701720558476634e+06
-6.985104599763285904e+00,1.285020899589465415e+00,1.870315550674126026e+00,-2.597428171126011875e+00,8.500000000000000611e-02,3.000000000000000000e+00,5.142701720558476634e+06
-7.198990228575632422e+00,1.202773763964796183e+00,1.979377314369809238e+00,-2.908691953664959140e+00,8.500000000000000611e-02,3.000000000000000000e+00,5.142701720558476634e+06
-6.662205985108456296e+00,1.483945712304673759e+00,1.777655479285630724e+00,-2.309119691686358333e+00,8.500000000000000611e-02,3.000000000000000000e+00,5.142701720558476634e+06
-6.657054581116497616e+00,1.507567040387504331e+00,1.729456465584570113e+00,-2.633814015206365600e+00,8.500000000000000611e-02,3.000000000000000000e+00,5.142701720558476634e+06
-5.915763917111759973e+00,1.525770879352952303e+00,9.788374698581850941e-01,-2.637395901800884790e+00,8.500000000000000611e-02,3.000000000000000000e+00,5.142701720558476634e+06
-5.949138114600826199e+00,1.546778491751724438e+00,1.057016963079686844e+00,-2.450021075989008423e+00,8.500000000000000611e-02,3.000000000000000000e+00,5.142701720558476634e+06
-5.949138114600826199e+00,1.546778491751724438e+00,1.057016963079686844e+00,-2.450021075989008423e+00,8.500000000000000611e-02,3.000000000000000000e+00,5.142701720558476634e+06
-6.683783336066155378e+00,1.415157643729740622e+00,1.731096244035796428e+00,-2.201556322443242841e+00,8.500000000000000611e-02,3.000000000000000000e+00,5.142701720558476634e+06
-5.916684325919702836e+00,1.141352659518362511e+00,8.194828498188290178e-01,-1.794428157074010599e-01,8.500000000000000611e-02,3.000000000000000000e+00,5.142701720558476634e+06
-6.345524283836514456e+00,1.052039545083470529e+00,1.212532340627929583e+00,-7.174301249889600274e-02,8.500000000000000611e-02,3.000000000000000000e+00,5.142701720558476634e+06
-6.029206706684766104e+00,1.711731585373877929e+00,1.676651397130133780e+00,-1.872591297986356609e-02,8.500000000000000611e-02,3.000000000000000000e+00,5.142701720558476634e+06
-4.880109151469207873e+00,2.586128649223002451e+00,1.286010663803022647e+00,-1.649782321199824986e-01,8.500000000000000611e-02,3.000000000000000000e+00,5.142701720558476634e+06
-5.224983513564342097e+00,2.821336215841357742e+00,1.907841721994455675e+00,-1.057603652225182489e-01,8.500000000000000611e-02,3.000000000000000000e+00,5.142701720558476634e+06
-5.452041284075753502e+00,2.938840501694362395e+00,2.310815533063763638e+00,7.046519071793821976e-02,8.500000000000000611e-02,3.000000000000000000e+00,5.142701720558476634e+06
-5.576352631491595879e+00,2.676766616064233162e+00,2.103237017107362661e+00,-1.212551755159339550e-01,8.500000000000000611e-02,3.000000000000000000e+00,5.142701720558476634e+06
-5.339770401361862540e+00,2.853375097435190355e+00,1.900192920845494404e+00,-5.059247609671632118e-01,8.500000000000000611e-02,3.000000000000000000e+00,5.142701720558476634e+06
-5.166517692527719419e+00,2.687545315630035958e+00,1.564935628144686897e+00,-4.908364592951839356e-01,8.500000000000000611e-02,3.000000000000000000e+00,5.142701720558476634e+06
-5.235637081977482232e+00,2.410967224618923321e+00,1.281761988247918538e+00,-6.322804237193621058e-01,8.500000000000000611e-02,3.000000000000000000e+00,5.142701720558476634e+06
-5.809216038943514349e+00,2.145025857929988788e+00,1.909516427415436812e+00,-4.672441204439235773e-02,8.500000000000000611e-02,3.000000000000000000e+00,5.142701720558476634e+06
-5.196807797101503645e+00,1.973112617215361908e+00,8.356280226774567277e-01,-6.154905915289159424e-01,8.500000000000000611e-02,3.000000000000000000e+00,5.142701720558476634e+06
-4.781121272964516500e+00,2.478218741242266709e+00,7.934186875630185876e-01,-8.517470877577740795e-01,8.500000000000000611e-02,3.000000000000000000e+00,5.142701720558476634e+06
-4.587656992787619181e+00,2.028381345281640158e+00,1.573968436341850463e-01,-9.133243881692789667e-01,8.500000000000000611e-02,3.000000000000000000e+00,5.142701720558476634e+06
-5.042175268056116266e+00,2.566366807013026552e+00,1.277535982511408985e+00,-5.404269075866054983e-01,8.500000000000000611e-02,3.000000000000000000e+00,5.142701720558476634e+06
-5.362868735873701276e+00,2.257614068862130452e+00,1.348622039910206682e+00,-3.896097744996424028e-01,8.500000000000000611e-02,3.000000000000000000e+00,5.142701720558476634e+06
-4.806147229385128838e+00,2.872165601699921744e+00,1.408595473289333322e+00,-4.865615019646662986e-01,8.500000000000000611e-02,3.000000000000000000e+00,5.142701720558476634e+06
-5.142601440491111120e+00,2.486253171319879662e+00,1.465443153691475375e+00,-2.674697194218678131e-01,8.500000000000000611e-02,3.000000000000000000e+00,5.142701720558476634e+06
-5.579795049162981080e+00,2.691868838516045859e+00,2.157063765559583679e+00,-6.479473291017862069e-02,8.500000000000000611e-02,3.000000000000000000e+00,5.142701720558476634e+06
-5.503376654835780535e+00,2.671675207804002028e+00,2.051589853330127777e+00,-9.236091172306756802e-02,8.500000000000000611e-02,3.000000000000000000e+00,5.142701720558476634e+06
-5.028176719319291443e+00,2.615162741822696368e+00,1.446655832712745671e+00,-2.682369284917828223e-01,8.500000000000000611e-02,3.000000000000000000e+00,5.142701720558476634e+06
-5.129055461937120697e+00,2.607858193725588247e+00,1.592874835227815478e+00,-1.762804727481545042e-01,8.500000000000000611e-02,3.000000000000000000e+00,5.142701720558476634e+06
-5.308990046308898592e+00,2.877451479589416827e+00,2.053327804562480097e+00,-1.930606946142670588e-01,8.500000000000000611e-02,3.000000000000000000e+00,5.142701720558476634e+06
-5.419323800620468035e+00,2.886373139328217263e+00,2.195169694717067355e+00,-1.818283022148826922e-01,8.500000000000000611e-02,3.000000000000000000e+00,5.142701720558476634e+06
-5.698462987213556374e+00,2.334295287237901473e+00,1.995933919672215229e+00,-3.241407625571851581e-02,8.500000000000000611e-02,3.000000000000000000e+00,5.142701720558476634e+06
-5.736272762150382398e+00,1.552702935734739276e+00,1.240706113556380163e+00,-1.236855887106807494e-01,8.500000000000000611e-02,3.000000000000000000e+00,5.142701720558476634e+06
-6.136869759204591546e+00,1.949730627378414960e+00,2.301616115617745706e+00,5.142600957015919239e-01,8.500000000000000611e-02,3.000000000000000000e+00,5.142701720558476634e+06
-5.581243713871977263e+00,9.688176755168893539e-01,4.511023514325210315e-01,4.928858437040006812e-02,8.500000000000000611e-02,3.000000000000000000e+00,5.142701720558476634e+06
-4.810520759561729420e+00,1.135797040849868544e+00,-2.060031501419214983e-01,-1.310654693232571888e-01,8.500000000000000611e-02,3.000000000000000000e+00,5.142701720558476634e+06
-5.332891742951309411e+00,1.115154977858066943e+00,3.279649530424008086e-01,-5.624078274096723506e-02,8.500000000000000611e-02,3.000000000000000000e+00,5.142701720558476634e+06
-5.357403400990587095e+00,1.147242737720632455e+00,4.001212504129281200e-01,4.143921360433289180e-03,8.500000000000000611e-02,3.000000000000000000e+00,5.142701720558476634e+06
-5.192537472466510984e+00,1.233440859382540111e+00,2.213385464257555668e-01,-1.483060823097585024e-01,8.500000000000000611e-02,3.000000000000000000e+00,5.142701720558476634e+06
-5.430020127014770992e+00,1.286553895555497595e+00,5.504558704392201740e-01,-1.067931005979778220e-01,8.500000000000000611e-02,3.000000000000000000e+00,5.142701720558476634e+06
-5.655524188953797271e+00,1.148431964697476548e+00,7.395371845461731208e-01,9.016064982108587880e-03,8.500000000000000611e-02,3.000000000000000000e+00,5.142701720558476634e+06
-5.742586773702685221e+00,1.309915001513573207e+00,9.398552913528903652e-01,-2.717474802080873525e-02,8.500000000000000611e-02,3.000000000000000000e+00,5.142701720558476634e+06
-6.387495334174753125e+00,1.065136727823064788e+00,1.360478566450777915e+00,6.081387280885999086e-02,8.500000000000000611e-02,3.000000000000000000e+00,5.142701720558476634e+06
-5.838990418767433965e+00,1.155339757346322216e+00,6.952993500057710330e-01,-5.589015260289594833e-01,8.500000000000000611e-02,3.000000000000000000e+00,5.142701720558476634e+06
-5.823630404859064136e+00,8.796266890896822233e-01,3.476000732371995472e-01,-7.303286905838496379e-01,8.500000000000000611e-02,3.000000000000000000e+00,5.142701720558476634e+06
-6.968278930954966199e+00,2.719850190479189855e+00,3.740713247411650677e+00,1.145348355907213900e-01,8.500000000000000611e-02,3.000000000000000000e+00,5.142701720558476634e+06
-6.484062921791454492e+00,2.282934543877633615e+00,2.785000730589250573e+00,7.362909122775324056e-02,8.500000000000000611e-02,3.000000000000000000e+00,5.142701720558476634e+06
-6.474751066378827247e+00,2.337429351888897777e+00,2.834541416952307991e+00,8.123505638426738173e-02,8.500000000000000611e-02,3.000000000000000000e+00,5.142701720558476634e+06
-6.357164853193422616e+00,2.555050561898084993e+00,2.880781968728621578e+00,-2.125276415175635092e-02,8.500000000000000611e-02,3.000000000000000000e+00,5.142701720558476634e+06
-6.308022919653449634e+00,2.644485549058563034e+00,2.960787198403199483e+00,-2.530397041960028535e-03,8.500000000000000611e-02,3.000000000000000000e+00,5.142701720558476634e+06
-5.937011814400436016e+00,2.563045080237527085e+00,2.428179826311794187e+00,-3.847724487316267483e-02,8.500000000000000611e-02,3.000000000000000000e+00,5.142701720558476634e+06
-5.559359269960881811e+00,2.548158584757219014e+00,1.975302343863037491e+00,-2.267969756287169791e-01,8.500000000000000611e-02,3.000000000000000000e+00,5.142701720558476634e+06
-5.765039528497666765e+00,2.301698080081214126e+00,2.046965658654764653e+00,1.292194729141049603e-01,8.500000000000000611e-02,3.000000000000000000e+00,5.142701720558476634e+06
-5.758165571839519714e+00,2.765342190964447333e+00,2.444390101910141055e+00,8.861364944234206842e-02,8.500000000000000611e-02,3.000000000000000000e+00,5.142701720558476634e+06
-5.758632487244186748e+00,2.968568834808844592e+00,2.634991241889407032e+00,1.059131615821109484e-01,8.500000000000000611e-02,3.000000000000000000e+00,5.142701720558476634e+06
-5.528002463133343092e+00,2.631886660268280664e+00,2.009293339195924233e+00,-3.128841810774066895e-02,8.500000000000000611e-02,3.000000000000000000e+00,5.142701720558476634e+06
-5.877841366997254902e+00,1.912246909913662307e+00,1.682544028315621443e+00,-4.059040984951917119e-02,8.500000000000000611e-02,3.000000000000000000e+00,5.142701720558476634e+06
-6.068843459339388069e+00,1.227694844165951427e+00,1.206423578872172886e+00,9.762510195534035429e-02,8.500000000000000611e-02,3.000000000000000000e+00,5.142701720558476634e+06
-5.975377546315508326e+00,1.213293349639748886e+00,1.107219830977630215e+00,-7.490454555603986986e-03,8.500000000000000611e-02,3.000000000000000000e+00,5.142701720558476634e+06
-5.833594802323979422e+00,1.299885920046114141e+00,9.387097475984877981e-01,-1.530497713124879255e-01,8.500000000000000611e-02,3.000000000000000000e+00,5.142701720558476634e+06
-5.878191253290047769e+00,1.246565338338846196e+00,9.464233898706863046e-01,-1.072895493995432992e-01,8.500000000000000611e-02,3.000000000000000000e+00,5.142701720558476634e+06
-5.940299225087622759e+00,1.474180015073043304e+00,1.281705625555346728e+00,2.551356397395548870e-02,8.500000000000000611e-02,3.000000000000000000e+00,5.142701720558476634e+06
-5.608795751646185934e+00,1.704736718939227291e+00,1.146652022692956630e+00,-1.418504217505588139e-01,8.500000000000000611e-02,3.000000000000000000e+00,5.142701720558476634e+06
-5.995459578762500463e+00,1.804903841801857922e+00,1.744644054319066884e+00,9.558816574312423153e-02,8.500000000000000611e-02,3.000000000000000000e+00,5.142701720558476634e+06
-6.135759505794073476e+00,1.759034434747129172e+00,1.828218219984734105e+00,3.553772601089597027e-02,8.500000000000000611e-02,3.000000000000000000e+00,5.142701720558476634e+06
-5.917363982513916376e+00,2.425318758823420850e+00,2.182600826774476310e+00,-1.034523670277858187e-01,8.500000000000000611e-02,3.000000000000000000e+00,5.142701720558476634e+06
-5.785704665511110178e+00,2.364031905600858519e+00,1.912696084405526520e+00,-3.667776236923671052e-01,8.500000000000000611e-02,3.000000000000000000e+00,5.142701720558476634e+06
-5.461598724649095793e+00,2.559364154986329076e+00,1.652638811538011065e+00,-6.319708354012992801e-01,8.500000000000000611e-02,3.000000000000000000e+00,5.142701720558476634e+06
-5.414507167064096294e+00,2.628698788229334227e+00,1.680111327568609036e+00,-5.772756251376218728e-01,8.500000000000000611e-02,3.000000000000000000e+00,5.142701720558476634e+06
-5.787774819525192349e+00,2.056844385814371901e+00,1.811659184881490026e+00,-8.283869795827580873e-02,8.500000000000000611e-02,3.000000000000000000e+00,5.142701720558476634e+06
-5.848147781896454234e+00,1.832068326730271313e+00,1.669826108429470102e+00,-2.892745752613334886e-03,8.500000000000000611e-02,3.000000000000000000e+00,5.142701720558476634e+06
-6.103974398872164642e+00,7.690989964599055373e-01,8.718647812784058315e-01,-1.557909538832574770e-02,8.500000000000000611e-02,3.000000000000000000e+00,5.142701720558476634e+06
-6.103495297330011837e+00,7.844050375188358348e-01,8.864206278193988986e-01,-1.647330158563065083e-02,8.500000000000000611e-02,3.000000000000000000e+00,5.142701720558476634e+06
-5.468288834014544797e+00,1.447146600054185495e+00,8.349675171574975074e-01,-8.230310738159818396e-02,8.500000000000000611e-02,3.000000000000000000e+00,5.142701720558476634e+06
-5.031747737947921628e+00,1.301653813915448099e+00,1.724775664255475682e-01,-2.175784079745456956e-01,8.500000000000000611e-02,3.000000000000000000e+00,5.142701720558476634e+06
-5.746765869139258243e+00,5.441553182122409460e-01,2.502232448850243429e-01,3.709217922652124910e-02,8.500000000000000611e-02,3.000000000000000000e+00,5.142701720558476634e+06
-4.915289593905365351e+00,1.352861051580438012e+00,-2.572678301675779267e-02,-3.867004661097145912e-01,8.500000000000000611e-02,3.000000000000000000e+00,5.142701720558476634e+06
-5.515500117741261477e+00,1.974556253994497190e+00,1.353832083046312196e+00,-1.132013829669791111e-01,8.500000000000000611e-02,3.000000000000000000e+00,5.142701720558476634e+06
-4.746214167604891010e+00,1.844879212889644293e+00,4.957884901674809441e-01,-7.978748170134060402e-02,8.500000000000000611e-02,3.000000000000000000e+00,5.142701720558476634e+06
-4.559197205954397702e+00,1.589254534945762298e+00,7.658464722551983073e-02,-4.851954848381601071e-02,8.500000000000000611e-02,3.000000000000000000e+00,5.142701720558476634e+06
-5.684671447442970482e+00,1.618742367850187325e+00,1.304092724289947158e+00,9.362538515954366147e-03,8.500000000000000611e-02,3.000000000000000000e+00,5.142701720558476634e+06
-5.836898514122609960e+00,1.930948838825833569e+00,1.719040766688691546e+00,2.275664498843293915e-02,8.500000000000000611e-02,3.000000000000000000e+00,5.142701720558476634e+06
-5.995451665408625175e+00,1.356391216857938620e+00,1.497785629186489498e+00,3.992376235537138385e-01,8.500000000000000611e-02,3.000000000000000000e+00,5.142701720558476634e+06
-5.939460127651939203e+00,9.253552634824804279e-01,1.084979650420079267e+00,5.387324549181836675e-01,8.500000000000000611e-02,3.000000000000000000e+00,5.142701720558476634e+06
-6.537400798659064094e+00,7.950842541572021860e-01,1.469626749306217395e+00,3.024671167539579875e-01,8.500000000000000611e-02,3.000000000000000000e+00,5.142701720558476634e+06
-6.331664879190966211e+00,1.467960820167267588e+00,1.821649599482888515e+00,1.656037207009865286e-01,8.500000000000000611e-02,3.000000000000000000e+00,5.142701720558476634e+06
-6.671693081150714022e+00,1.473861541403586051e+00,2.292689619124430145e+00,4.186329983589276438e-01,8.500000000000000611e-02,3.000000000000000000e+00,5.142701720558476634e+06
-6.630583408909285659e+00,1.237734206090846723e+00,2.128367595007660817e+00,6.006696184193770494e-01,8.500000000000000611e-02,3.000000000000000000e+00,5.142701720558476634e+06
-6.803466590899320821e+00,9.326792643308994268e-01,2.088255891212954740e+00,6.895686293467211403e-01,8.500000000000000611e-02,3.000000000000000000e+00,5.142701720558476634e+06
-6.780637950738863218e+00,1.380686207215578110e+00,2.455656566010295805e+00,5.339579124487814354e-01,8.500000000000000611e-02,3.000000000000000000e+00,5.142701720558476634e+06
-7.199723997510457885e+00,8.501179761713417715e-01,2.485466451615267580e+00,6.716209568897804072e-01,8.500000000000000611e-02,3.000000000000000000e+00,5.142701720558476634e+06
-6.934914291980667223e+00,5.505729756824051524e-01,1.928170123321941043e+00,6.375941743278501495e-01,8.500000000000000611e-02,3.000000000000000000e+00,5.142701720558476634e+06
-7.009853608755451049e+00,4.883396365988901255e-01,1.975655048591979046e+00,6.781785326884322007e-01,8.500000000000000611e-02,3.000000000000000000e+00,5.142701720558476634e+06
-6.973019621373466315e+00,4.775083924348486608e-01,1.916771127077085524e+00,6.362562201263920469e-01,8.500000000000000611e-02,3.000000000000000000e+00,5.142701720558476634e+06
-6.973019621373466315e+00,4.775083924348486608e-01,1.916771127077085524e+00,6.362562201263920469e-01,8.500000000000000611e-02,3.000000000000000000e+00,5.142701720558476634e+06
-6.973019621373466315e+00,4.775083924348486608e-01,1.916771127077085524e+00,6.362562201263920469e-01,8.500000000000000611e-02,3.000000000000000000e+00,5.142701720558476634e+06
-7.033133438279606686e+00,7.296981350913800402e-01,2.178734979935759153e+00,5.789097395268507640e-01,8.500000000000000611e-02,3.000000000000000000e+00,5.142701720558476634e+06
-6.484650244601276370e+00,1.032022815829349183e+00,1.725886300516989769e+00,4.255550643929051913e-01,8.500000000000000611e-02,3.000000000000000000e+00,5.142701720558476634e+06
-5.915273845679965170e+00,1.205477481332791534e+00,1.182505958765764253e+00,2.168659285122653269e-01,8.500000000000000611e-02,3.000000000000000000e+00,5.142701720558476634e+06
-6.192399414184591500e+00,1.954583716251606873e+00,1.892724472007357273e+00,-4.488417052861256584e-01,8.500000000000000611e-02,3.000000000000000000e+00,5.142701720558476634e+06
-6.154348692851640656e+00,7.626316754513010610e-01,8.941006030140029592e-01,-1.742715572800127566e-01,8.500000000000000611e-02,3.000000000000000000e+00,5.142701720558476634e+06
-6.016177398375583074e+00,4.635103979224395321e-01,4.440634475875797627e-01,-1.750786981030306722e-01,8.500000000000000611e-02,3.000000000000000000e+00,5.142701720558476634e+06
-5.725831925522347987e+00,9.361682017936716615e-01,5.016674755199561631e-01,-2.872875903926107588e-01,8.500000000000000611e-02,3.000000000000000000e+00,5.142701720558476634e+06
-5.570503921195027353e+00,5.316805074695956090e-01,5.771849594091205127e-02,-2.031744646275127075e-02,8.500000000000000611e-02,3.000000000000000000e+00,5.142701720558476634e+06
-5.787193283830726287e+00,1.038154443618518163e+00,7.680934396739823589e-01,-4.468357585445162372e-02,8.500000000000000611e-02,3.000000000000000000e+00,5.142701720558476634e+06
-5.827180777727202887e+00,1.090866191020618992e+00,8.355060560913307732e-01,-4.838733709512976766e-02,8.500000000000000611e-02,3.000000000000000000e+00,5.142701720558476634e+06
-6.114134599834067707e+00,1.672564935261181329e+00,1.872923782722633934e+00,3.033886139331024578e-01,8.500000000000000611e-02,3.000000000000000000e+00,5.142701720558476634e+06
-5.247921983872391394e+00,1.705318344979241729e+00,8.307175977921934518e-01,-1.213637064670727017e-01,8.500000000000000611e-02,3.000000000000000000e+00,5.142701720558476634e+06
-5.472412223244507601e+00,7.984957438324643553e-01,1.266397698206662703e-01,-1.386131271619734651e-01,8.500000000000000611e-02,3.000000000000000000e+00,5.142701720558476634e+06
-5.383857345328660671e+00,7.468773391528440442e-01,-1.694867980539793706e-02,-6.256318879945921285e-02,8.500000000000000611e-02,3.000000000000000000e+00,5.142701720558476634e+06
-5.297249779430518224e+00,1.553367635391190715e+00,7.399195063407471018e-01,1.244544896919735771e-01,8.500000000000000611e-02,3.000000000000000000e+00,5.142701720558476634e+06
-5.845094155154781035e+00,2.163927728319840149e+00,1.917276073151021887e+00,1.857562949711513700e-02,8.500000000000000611e-02,3.000000000000000000e+00,5.142701720558476634e+06
-5.610654726611548071e+00,2.837516068548683990e+00,2.066019821949701019e+00,-5.042695656468427767e-01,8.500000000000000611e-02,3.000000000000000000e+00,5.142701720558476634e+06
-5.326912677684198627e+00,2.986015815230398385e+00,1.896780791437278069e+00,-5.672312525099048042e-01,8.500000000000000611e-02,3.000000000000000000e+00,5.142701720558476634e+06
-5.238637771943452037e+00,2.845894285731382922e+00,1.722881766950440152e+00,-4.646440248930354677e-01,8.500000000000000611e-02,3.000000000000000000e+00,5.142701720558476634e+06
-5.298813213383395393e+00,2.684284248582113452e+00,1.711231872718619984e+00,-3.219432206082480930e-01,8.500000000000000611e-02,3.000000000000000000e+00,5.142701720558476634e+06
-5.324219330693373387e+00,2.872219216618128623e+00,1.994510866667196236e+00,-1.576571829437912742e-01,8.500000000000000611e-02,3.000000000000000000e+00,5.142701720558476634e+06
-5.437988852441321797e+00,2.563517252256244383e+00,1.835741450975668432e+00,-1.256539312892982763e-01,8.500000000000000611e-02,3.000000000000000000e+00,5.142701720558476634e+06
-5.626127815782753672e+00,2.516567560524455960e+00,2.035187023913915816e+00,-2.849448535092619084e-02,8.500000000000000611e-02,3.000000000000000000e+00,5.142701720558476634e+06
-6.077778224150661046e+00,1.973436298349122264e+00,2.059664807187982394e+00,7.734529656491309635e-02,8.500000000000000611e-02,3.000000000000000000e+00,5.142701720558476634e+06
-6.560864678942473383e+00,2.332095973649098042e+00,2.944954493212671665e+00,2.063653840258906080e-01,8.500000000000000611e-02,3.000000000000000000e+00,5.142701720558476634e+06
-6.256447828338885131e+00,1.862198639510721954e+00,2.163783124668555047e+00,1.193811768651422134e-01,8.500000000000000611e-02,3.000000000000000000e+00,5.142701720558476634e+06
-6.787239969105496762e+00,2.102281934888322379e+00,3.232331243711004998e+00,7.565902548821824558e-01,8.500000000000000611e-02,3.000000000000000000e+00,5.142701720558476634e+06
-5.872696461522217248e+00,2.190722204949332674e+00,2.550956738855452155e+00,9.271453235030725493e-01,8.500000000000000611e-02,3.000000000000000000e+00,5.142701720558476634e+06
-5.968627651687029356e+00,2.126885494534734633e+00,2.223955214218045207e+00,3.187407911120780368e-01,8.500000000000000611e-02,3.000000000000000000e+00,5.142701720558476634e+06
-6.201331409476331658e+00,2.750714538270156329e+00,3.216823777809045826e+00,5.377516231967079952e-01,8.500000000000000611e-02,3.000000000000000000e+00,5.142701720558476634e+06
-6.785708513689097110e+00,2.362695171337490407e+00,3.478210977448293661e+00,6.796516986760614554e-01,8.500000000000000611e-02,3.000000000000000000e+00,5.142701720558476634e+06
-6.866641794865444126e+00,2.175612471709374329e+00,3.347614521560628553e+00,6.948488612772198980e-01,8.500000000000000611e-02,3.000000000000000000e+00,5.142701720558476634e+06
-6.131508689975936122e+00,9.922696724626696163e-01,1.426796743433398573e+00,6.164667367289744515e-01,8.500000000000000611e-02,3.000000000000000000e+00,5.142701720558476634e+06
-5.399382938574357915e+00,1.855596120747702304e+00,1.187108149048843542e+00,1.677636240568029444e-02,8.500000000000000611e-02,3.000000000000000000e+00,5.142701720558476634e+06
-5.091061455691212601e+00,2.950407888141242996e+00,1.911286554801666204e+00,-4.306861706080722385e-02,8.500000000000000611e-02,3.000000000000000000e+00,5.142701720558476634e+06
-4.821388052084126130e+00,2.170535952041637628e+00,8.115050268828269964e-01,-1.112503580362213251e-01,8.500000000000000611e-02,3.000000000000000000e+00,5.142701720558476634e+06
-5.060985520499459156e+00,2.826458174466628392e+00,1.655228525619210078e+00,-2.275171018270216727e-01,8.500000000000000611e-02,3.000000000000000000e+00,5.142701720558476634e+06
-5.122356939581051982e+00,2.319043165457334688e+00,1.224732255329827435e+00,-2.002122747440440165e-01,8.500000000000000611e-02,3.000000000000000000e+00,5.142701720558476634e+06
-5.601714838456481438e+00,1.439356208272590809e+00,8.466316090992465071e-01,-5.080517833825437535e-02,8.500000000000000611e-02,3.000000000000000000e+00,5.142701720558476634e+06
-5.234101374126707285e+00,2.058958514010135854e+00,1.066959388857566360e+00,-2.842323639738988383e-01,8.500000000000000611e-02,3.000000000000000000e+00,5.142701720558476634e+06
-4.916369952752210892e+00,1.836507335638066341e+00,6.403989778430523305e-01,-1.805188327995143893e-01,8.500000000000000611e-02,3.000000000000000000e+00,5.142701720558476634e+06
-5.681172270010936387e+00,5.079908509907065106e-01,1.033671966570230971e-01,-2.238786221192283488e-01,8.500000000000000611e-02,3.000000000000000000e+00,5.142701720558476634e+06
-5.506091170915015987e+00,1.707526366540162099e+00,1.065064282332902845e+00,-1.415559689457629999e-01,8.500000000000000611e-02,3.000000000000000000e+00,5.142701720558476634e+06
-5.412458616435656289e+00,1.513696863268799930e+00,7.863906213278746282e-01,-1.677546732015350872e-01,8.500000000000000611e-02,3.000000000000000000e+00,5.142701720558476634e+06
-5.547341180687697104e+00,2.071599957739269193e+00,1.406932093640232750e+00,-7.284195116226109545e-02,8.500000000000000611e-02,3.000000000000000000e+00,5.142701720558476634e+06
-5.657839665706128507e+00,2.497559804705118403e+00,2.001427885503658910e+00,-7.040962158862643094e-02,8.500000000000000611e-02,3.000000000000000000e+00,5.142701720558476634e+06
-5.551756828140879563e+00,2.595064437916434930e+00,1.963050271368584454e+00,-2.402825587548945985e-01,8.500000000000000611e-02,3.000000000000000000e+00,5.142701720558476634e+06
-5.714517270560451223e+00,1.891267732364455334e+00,1.312739694828681136e+00,-4.342846383090624429e-01,8.500000000000000611e-02,3.000000000000000000e+00,5.142701720558476634e+06
-5.391182219669779840e+00,2.180925292691126671e+00,1.254070214418545381e+00,-4.101109515865370980e-01,8.500000000000000611e-02,3.000000000000000000e+00,5.142701720558476634e+06
-5.192615983908976496e+00,1.941873694205922929e+00,7.546251392227865118e-01,-7.891278515924212700e-01,8.500000000000000611e-02,3.000000000000000000e+00,5.142701720558476634e+06
-5.313950529820101742e+00,2.008932018199329761e+00,9.158245262322420865e-01,-1.013819188989981246e+00,8.500000000000000611e-02,3.000000000000000000e+00,5.142701720558476634e+06
-5.240078743332207800e+00,2.476006886171124410e+00,1.471277763555291163e+00,-4.909872291188119853e-01,8.500000000000000611e-02,3.000000000000000000e+00,5.142701720558476634e+06
-5.342026554695174845e+00,2.417817608175011124e+00,1.507475201684150834e+00,-7.418854680416970826e-01,8.500000000000000611e-02,3.000000000000000000e+00,5.142701720558476634e+06
-5.342026554695174845e+00,2.417817608175011124e+00,1.507475201684150834e+00,-7.418854680416970826e-01,8.500000000000000611e-02,3.000000000000000000e+00,5.142701720558476634e+06
-4.925938538867361771e+00,2.844134435313033116e+00,1.305691352948225914e+00,-1.508067198902115491e+00,8.500000000000000611e-02,3.000000000000000000e+00,5.142701720558476634e+06
-4.925938538867361771e+00,2.844134435313033116e+00,1.305691352948225914e+00,-1.508067198902115491e+00,8.500000000000000611e-02,3.000000000000000000e+00,5.142701720558476634e+06
-4.893613924544357729e+00,2.867691451605835606e+00,1.212017501221666738e+00,-2.098511272827355167e+00,8.500000000000000611e-02,3.000000000000000000e+00,5.142701720558476634e+06
-5.428745532226312065e+00,1.716368250829438669e+00,6.650446825054310285e-01,-1.909163570861205139e+00,8.500000000000000611e-02,3.000000000000000000e+00,5.142701720558476634e+06
-5.550497507771661176e+00,1.900910294814782686e+00,1.003593925768672124e+00,-1.675825208824991641e+00,8.500000000000000611e-02,3.000000000000000000e+00,5.142701720558476634e+06
-5.805134052067329797e+00,1.231368215708360747e+00,5.841211808644267700e-01,-2.173550993884860727e+00,8.500000000000000611e-02,3.000000000000000000e+00,5.142701720558476634e+06
-5.632792042536182819e+00,1.613685147652402119e+00,8.214101591312328310e-01,-1.690493922399311622e+00,8.500000000000000611e-02,3.000000000000000000e+00,5.142701720558476634e+06
-6.196847329062013188e+00,1.836304330268931473e+00,1.614788820901253530e+00,-1.584976615276284084e+00,8.500000000000000611e-02,3.000000000000000000e+00,5.142701720558476634e+06
-6.958769621842960440e+00,1.098153147064976132e+00,1.593784441475005753e+00,-1.364749693624747184e+00,8.500000000000000611e-02,3.000000000000000000e+00,5.142701720558476634e+06
-6.240749135095257749e+00,2.146095995512415477e+00,1.998108625550318651e+00,-1.000083864092490504e+00,8.500000000000000611e-02,3.000000000000000000e+00,5.142701720558476634e+06
-6.044295875517970096e+00,2.798818975076130755e+00,2.325778451435411398e+00,-1.481146389601323499e+00,8.500000000000000611e-02,3.000000000000000000e+00,5.142701720558476634e+06
-6.288402647009128543e+00,2.778655898676619884e+00,2.639943330920623055e+00,-1.068510317564821399e+00,8.500000000000000611e-02,3.000000000000000000e+00,5.142701720558476634e+06
-6.256600569247498633e+00,2.462312119284134848e+00,2.339901280328798627e+00,-1.001829948288905259e+00,8.500000000000000611e-02,3.000000000000000000e+00,5.142701720558476634e+06
-6.328743492098300116e+00,2.479456921701944871e+00,2.382010617654067186e+00,-1.150223509251599996e+00,8.500000000000000611e-02,3.000000000000000000e+00,5.142701720558476634e+06
-6.247280048948082865e+00,1.721683385102610320e+00,1.553403912805024767e+00,-9.769489990312849592e-01,8.500000000000000611e-02,3.000000000000000000e+00,5.142701720558476634e+06
-6.732460017821495057e+00,2.037186937012521959e+00,2.615077501945789251e+00,-1.939647078775697531e-01,8.500000000000000611e-02,3.000000000000000000e+00,5.142701720558476634e+06
-6.986446459360142747e+00,1.005242601081588028e+00,1.898924015302018597e+00,-2.489234273611977133e-01,8.500000000000000611e-02,3.000000000000000000e+00,5.142701720558476634e+06
-6.273494603679563575e+00,1.115155604338442963e+00,1.266677653131815351e+00,-2.550131966959950924e-01,8.500000000000000611e-02,3.000000000000000000e+00,5.142701720558476634e+06
-6.240310544522174929e+00,1.681328100302815098e+00,1.677026388079048136e+00,-4.417537768193454673e-01,8.500000000000000611e-02,3.000000000000000000e+00,5.142701720558476634e+06
-6.379383664881911997e+00,2.162160995672078201e+00,2.192482119713320632e+00,-7.558927193410885925e-01,8.500000000000000611e-02,3.000000000000000000e+00,5.142701720558476634e+06
-6.156946427112953479e+00,2.015408156661802508e+00,1.828894678653555372e+00,-8.504253926221595483e-01,8.500000000000000611e-02,3.000000000000000000e+00,5.142701720558476634e+06
-6.300232094586823983e+00,2.187300115913965559e+00,2.109185944447016681e+00,-1.069595574973059016e+00,8.500000000000000611e-02,3.000000000000000000e+00,5.142701720558476634e+06
-6.619162201628437714e+00,1.704812631268538770e+00,1.909069835576858054e+00,-9.952057096088019472e-01,8.500000000000000611e-02,3.000000000000000000e+00,5.142701720558476634e+06
-6.210168950335265947e+00,1.283338269406862464e+00,1.330379990597363227e+00,-2.048237445287614256e-01,8.500000000000000611e-02,3.000000000000000000e+00,5.142701720558476634e+06
-5.787127122293632908e+00,1.552601095196704861e+00,1.023498772913933763e+00,-4.989899956668598646e-01,8.500000000000000611e-02,3.000000000000000000e+00,5.142701720558476634e+06
-5.941246893630196979e+00,1.509752785768478933e+00,1.267021913521473531e+00,-1.654400606601824086e-01,8.500000000000000611e-02,3.000000000000000000e+00,5.142701720558476634e+06
-5.889388558636596827e+00,1.329062014210044218e+00,1.032749190850879906e+00,-1.720025883879980899e-01,8.500000000000000611e-02,3.000000000000000000e+00,5.142701720558476634e+06
-5.744821541815924526e+00,1.333861291181127173e+00,8.300058527534892594e-01,-2.748282198641047724e-01,8.500000000000000611e-02,3.000000000000000000e+00,5.142701720558476634e+06
-5.500598553442306304e+00,1.893419235833921466e+00,1.170997093495794061e+00,-1.286064462792783636e-01,8.500000000000000611e-02,3.000000000000000000e+00,5.142701720558476634e+06
-6.340386161160242118e+00,1.340894833883550241e+00,1.831097760014383402e+00,4.877955064367658911e-01,8.500000000000000611e-02,3.000000000000000000e+00,5.142701720558476634e+06
-5.953682730278551105e+00,8.886956264600298638e-01,9.444695486597809442e-01,3.376569653706984475e-01,8.500000000000000611e-02,3.000000000000000000e+00,5.142701720558476634e+06
-5.593419657061069472e+00,1.174431251811367538e+00,7.325720660088772540e-01,7.310308014320271441e-02,8.500000000000000611e-02,3.000000000000000000e+00,5.142701720558476634e+06
-5.625413361853313532e+00,1.301842285259903420e+00,9.218073950620944146e-01,2.430286530950755974e-01,8.500000000000000611e-02,3.000000000000000000e+00,5.142701720558476634e+06
-5.615243669325552744e+00,1.782234747091192784e+00,1.263946044235985555e+00,-1.445653931879326004e-02,8.500000000000000611e-02,3.000000000000000000e+00,5.142701720558476634e+06
-5.486112332760574972e+00,1.901271157874720341e+00,1.203371195467008326e+00,4.452874138116143243e-02,8.500000000000000611e-02,3.000000000000000000e+00,5.142701720558476634e+06
-5.497599596039881575e+00,1.704226670906742402e+00,9.902438517772168547e-01,-2.850711751548073991e-01,8.500000000000000611e-02,3.000000000000000000e+00,5.142701720558476634e+06
-5.856529283197085434e+00,2.039572686757522568e+00,1.774036188257469782e+00,-1.574235427019443634e-02,8.500000000000000611e-02,3.000000000000000000e+00,5.142701720558476634e+06
-5.530457799258588381e+00,1.616389104223457718e+00,9.599617709118988262e-01,-4.661793208738057581e-02,8.500000000000000611e-02,3.000000000000000000e+00,5.142701720558476634e+06
-5.616855663265607035e+00,2.005175472407726200e+00,1.442190362494319089e+00,-1.164582264473100759e-01,8.500000000000000611e-02,3.000000000000000000e+00,5.142701720558476634e+06
-6.816014947920264078e+00,2.077216461490340560e+00,2.975552449765814345e+00,3.227368215935261242e-01,8.500000000000000611e-02,3.000000000000000000e+00,5.142701720558476634e+06
-6.522343405447101006e+00,1.548992282782807095e+00,2.292762911308545704e+00,3.669692039159110353e-01,8.500000000000000611e-02,3.000000000000000000e+00,5.142701720558476634e+06
-5.726276732970317696e+00,1.579406486839010082e+00,1.361822196624500991e+00,2.579076043140978713e-01,8.500000000000000611e-02,3.000000000000000000e+00,5.142701720558476634e+06
-5.419559274455950870e+00,1.623157744502719879e+00,9.801884196244086134e-01,7.605990715288346582e-02,8.500000000000000611e-02,3.000000000000000000e+00,5.142701720558476634e+06
-5.387545585067485376e+00,2.087004161823023729e+00,1.170956888698454268e+00,-6.019137557593132737e-01,8.500000000000000611e-02,3.000000000000000000e+00,5.142701720558476634e+06
-5.543643808412966223e+00,1.123172329081738807e+00,2.330690557649448547e-01,-1.281552856485559611e+00,8.500000000000000611e-02,3.000000000000000000e+00,5.142701720558476634e+06
-5.543051328445982584e+00,1.134699700212899565e+00,2.480425585415693135e-01,-1.266389051982709235e+00,8.500000000000000611e-02,3.000000000000000000e+00,5.142701720558476634e+06
-5.617519056567004121e+00,1.309691178682081070e+00,6.433954623852993215e-01,-7.216330626410073501e-01,8.500000000000000611e-02,3.000000000000000000e+00,5.142701720558476634e+06
-5.447834646896041910e+00,1.301099123631270560e+00,3.870355508110017162e-01,-8.530098543548155776e-01,8.500000000000000611e-02,3.000000000000000000e+00,5.142701720558476634e+06
-6.215334140797111218e+00,1.521171449155577893e+00,1.583086990858320497e+00,-1.347985131526145408e-01,8.500000000000000611e-02,3.000000000000000000e+00,5.142701720558476634e+06
-6.447684062246274550e+00,1.474863262717555301e+00,1.936079083346165408e+00,2.764665631498158249e-01,8.500000000000000611e-02,3.000000000000000000e+00,5.142701720558476634e+06
-5.710894790227173168e+00,1.546033791324754603e+00,1.150103691445714116e+00,-1.411934118506358304e-02,8.500000000000000611e-02,3.000000000000000000e+00,5.142701720558476634e+06
-5.509750308991703704e+00,1.453546101568796711e+00,8.042214567316396945e-01,-3.787864850511779569e-02,8.500000000000000611e-02,3.000000000000000000e+00,5.142701720558476634e+06
-5.602146155534118321e+00,1.440057333261079986e+00,9.295231825124403713e-01,3.087243466337363795e-02,8.500000000000000611e-02,3.000000000000000000e+00,5.142701720558476634e+06
-5.512529723196350595e+00,1.457080900595982165e+00,8.230010402098362210e-01,-5.390973541846536682e-03,8.500000000000000611e-02,3.000000000000000000e+00,5.142701720558476634e+06
-5.661443902099981607e+00,1.108039991599379936e+00,8.010949491004537570e-01,3.620435518068891856e-01,8.500000000000000611e-02,3.000000000000000000e+00,5.142701720558476634e+06
-6.479700669792178402e+00,1.863304401120869480e+00,2.409177833185000672e+00,2.291707142977927880e-01,8.500000000000000611e-02,3.000000000000000000e+00,5.142701720558476634e+06
-6.540140807101404441e+00,1.939659866987421433e+00,2.488443511789060203e+00,9.007822262100007027e-02,8.500000000000000611e-02,3.000000000000000000e+00,5.142701720558476634e+06
-7.120033485982066424e+00,2.122188887632657117e+00,3.476343699895060979e+00,5.685146929734690158e-01,8.500000000000000611e-02,3.000000000000000000e+00,5.142701720558476634e+06
-6.519321933103481292e+00,2.219832078589403679e+00,2.846001731231469378e+00,3.502911532993247534e-01,8.500000000000000611e-02,3.000000000000000000e+00,5.142701720558476634e+06
-7.036736386186353442e+00,2.353838039317700748e+00,3.568730032225949422e+00,4.956883353720332730e-01,8.500000000000000611e-02,3.000000000000000000e+00,5.142701720558476634e+06
-6.392497180980765137e+00,1.642591481320675673e+00,2.128661425687019992e+00,3.463179347590873425e-01,8.500000000000000611e-02,3.000000000000000000e+00,5.142701720558476634e+06
-6.514863594723127704e+00,1.343735226394324966e+00,2.071493341428145118e+00,5.619254729933987891e-01,8.500000000000000611e-02,3.000000000000000000e+00,5.142701720558476634e+06
-6.613952793960750753e+00,9.471009994564134615e-01,1.499903597097675290e+00,1.607518142262163163e-01,8.500000000000000611e-02,3.000000000000000000e+00,5.142701720558476634e+06
-6.484526176731906233e+00,1.282862035242047005e+00,1.729821279919625532e+00,2.064209207960260029e-01,8.500000000000000611e-02,3.000000000000000000e+00,5.142701720558476634e+06
-5.724306072813259760e+00,9.634917514006833272e-01,5.045942327134294025e-01,-7.313683126124792544e-02,8.500000000000000611e-02,3.000000000000000000e+00,5.142701720558476634e+06
-5.949279750992380933e+00,1.324261170736803050e+00,1.158017396524177567e+00,1.383840217389673520e-02,8.500000000000000611e-02,3.000000000000000000e+00,5.142701720558476634e+06
-5.582564177575139119e+00,1.275971866871572269e+00,6.320054442645369752e-01,-2.369822229579644224e-01,8.500000000000000611e-02,3.000000000000000000e+00,5.142701720558476634e+06
-5.944951131241600351e+00,1.844305917759027302e+00,1.654272290136909573e+00,-2.129814213136023149e-01,8.500000000000000611e-02,3.000000000000000000e+00,5.142701720558476634e+06
-6.342951334992178225e+00,1.955971608276851459e+00,2.207365977873207541e+00,-3.743568542883948802e-03,8.500000000000000611e-02,3.000000000000000000e+00,5.142701720558476634e+06
-6.334536930310305181e+00,1.281284762553253964e+00,1.623182315255265129e+00,2.430354479504477361e-01,8.500000000000000611e-02,3.000000000000000000e+00,5.142701720558476634e+06
-6.478283620546330113e+00,2.000114336428505890e+00,2.508084474263613473e+00,3.658690919387575513e-01,8.500000000000000611e-02,3.000000000000000000e+00,5.142701720558476634e+06
-6.498322612939852583e+00,1.640524861114591726e+00,2.213486405942811430e+00,3.228677059740499011e-01,8.500000000000000611e-02,3.000000000000000000e+00,5.142701720558476634e+06
-6.573550754424892340e+00,1.701560974338435228e+00,2.133483942202921924e+00,-4.478733289368319603e-02,8.500000000000000611e-02,3.000000000000000000e+00,5.142701720558476634e+06
-6.357473955605940752e+00,1.893431025031422132e+00,2.197474644521037135e+00,5.842202618165820427e-02,8.500000000000000611e-02,3.000000000000000000e+00,5.142701720558476634e+06
-6.816522100579376797e+00,2.423082347973546824e+00,3.226443218541751978e+00,1.704551364434677696e-01,8.500000000000000611e-02,3.000000000000000000e+00,5.142701720558476634e+06
-7.811788250394942068e+00,1.790179607288912678e+00,3.887389861282061432e+00,6.619541147686232030e-01,8.500000000000000611e-02,3.000000000000000000e+00,5.142701720558476634e+06
-6.549098178592011266e+00,1.259157351920500822e+00,1.987267766918451084e+00,4.596564130734845932e-01,8.500000000000000611e-02,3.000000000000000000e+00,5.142701720558476634e+06
-6.254916132409440443e+00,2.023905534351773117e+00,2.291551820193137967e+00,7.576993029086201425e-02,8.500000000000000611e-02,3.000000000000000000e+00,5.142701720558476634e+06
-6.438433274225588754e+00,6.906314452349439081e-01,1.267611904827878888e+00,9.552839804493949705e-02,8.500000000000000611e-02,3.000000000000000000e+00,5.142701720558476634e+06
-6.725741286894870719e+00,8.863443763972220779e-01,1.882086294357526279e+00,4.025108445602710860e-01,8.500000000000000611e-02,3.000000000000000000e+00,5.142701720558476634e+06
-6.258146129776045008e+00,1.114488571221324831e+00,1.418742696890454402e+00,1.128688436806812301e-01,8.500000000000000611e-02,3.000000000000000000e+00,5.142701720558476634e+06
-6.151858636257474089e+00,8.484214157781351240e-01,1.040832100440408414e+00,6.448372347658626325e-02,8.500000000000000611e-02,3.000000000000000000e+00,5.142701720558476634e+06
-6.209665986083183320e+00,8.265095000738048592e-01,1.106725423197588709e+00,1.071312118187154883e-01,8.500000000000000611e-02,3.000000000000000000e+00,5.142701720558476634e+06
-6.098151120869371944e+00,9.215147230576310466e-01,1.040279370288807792e+00,3.515668742481097009e-02,8.500000000000000611e-02,3.000000000000000000e+00,5.142701720558476634e+06
-5.757391758231214851e+00,4.919874465630302840e-01,3.072467849316176114e-01,1.007204384151297871e-01,8.500000000000000611e-02,3.000000000000000000e+00,5.142701720558476634e+06
-5.799782458441297806e+00,8.027999999330035497e-01,5.776710915123465240e-01,2.368501392072910883e-03,8.500000000000000611e-02,3.000000000000000000e+00,5.142701720558476634e+06
-6.007451467878039075e+00,6.655398470538704814e-01,7.026205790291415454e-01,1.120294072540548580e-01,8.500000000000000611e-02,3.000000000000000000e+00,5.142701720558476634e+06
-5.783115713849363182e+00,7.313709539934731829e-01,5.026927697611212054e-01,-9.976548130221091215e-02,8.500000000000000611e-02,3.000000000000000000e+00,5.142701720558476634e+06
-5.532780675128583070e+00,4.549930838243537723e-01,5.859519469646001788e-02,5.976800540029919562e-02,8.500000000000000611e-02,3.000000000000000000e+00,5.142701720558476634e+06
-5.375913263283556454e+00,2.130621208798890720e-01,-3.144767867595690269e-01,5.824279177383384631e-02,8.500000000000000611e-02,3.000000000000000000e+00,5.142701720558476634e+06
-5.735314111135608961e+00,5.048374791459033784e-01,3.804666464292080219e-01,2.652668564133078277e-01,8.500000000000000611e-02,3.000000000000000000e+00,5.142701720558476634e+06
-5.787691142146845102e+00,1.133191850379235754e+00,9.182871604904552232e-01,5.889824295206819160e-02,8.500000000000000611e-02,3.000000000000000000e+00,5.142701720558476634e+06
-5.750634966450289376e+00,1.025039143713909029e+00,7.801973775145563117e-01,7.755972824533452492e-02,8.500000000000000611e-02,3.000000000000000000e+00,5.142701720558476634e+06
-5.500565883489426433e+00,9.406096214767301067e-01,5.940561866010424241e-01,4.844343279264924362e-01,8.500000000000000611e-02,3.000000000000000000e+00,5.142701720558476634e+06
-5.631026109741871899e+00,1.071780694659522970e+00,8.659091138158534484e-01,4.871703125481757768e-01,8.500000000000000611e-02,3.000000000000000000e+00,5.142701720558476634e+06
-5.786487158097920691e+00,1.260834476340160437e+00,1.204952836660541537e+00,4.652270655944139577e-01,8.500000000000000611e-02,3.000000000000000000e+00,5.142701720558476634e+06
-5.947388830971947371e+00,1.512011484944758566e+00,1.842610990590532349e+00,8.092296589303590304e-01,8.500000000000000611e-02,3.000000000000000000e+00,5.142701720558476634e+06
-6.920276877684294448e+00,2.020329893203388849e+00,3.472530816384885810e+00,9.167085966375856376e-01,8.500000000000000611e-02,3.000000000000000000e+00,5.142701720558476634e+06
-7.026083641991309747e+00,2.112408813558154463e+00,3.730168775369116396e+00,1.004902410859350503e+00,8.500000000000000611e-02,3.000000000000000000e+00,5.142701720558476634e+06
-6.469934112755892031e+00,1.952048418277386732e+00,2.726410960246138160e+00,6.812515567482988477e-01,8.500000000000000611e-02,3.000000000000000000e+00,5.142701720558476634e+06
-6.307359045198849046e+00,6.720665009476638474e-01,1.087361656811295818e+00,1.350466738747716500e-01,8.500000000000000611e-02,3.000000000000000000e+00,5.142701720558476634e+06
-6.539949829803541448e+00,5.304123347614908557e-01,1.223188573021122938e+00,2.033431234823421252e-01,8.500000000000000611e-02,3.000000000000000000e+00,5.142701720558476634e+06
-6.544422789871890522e+00,7.481070179207940374e-01,1.408593984521257170e+00,1.776519023049796253e-01,8.500000000000000611e-02,3.000000000000000000e+00,5.142701720558476634e+06
-7.116318271358935910e+00,1.530883718405005922e+00,2.802749874461354374e+00,4.003371404758281349e-01,8.500000000000000611e-02,3.000000000000000000e+00,5.142701720558476634e+06
-6.854404732329697048e+00,1.249114748176570533e+00,2.284084707938205394e+00,4.273576106097599636e-01,8.500000000000000611e-02,3.000000000000000000e+00,5.142701720558476634e+06
-6.550768891741974187e+00,2.193163884073284553e+00,2.855257643938342582e+00,4.492058452911482092e-01,8.500000000000000611e-02,3.000000000000000000e+00,5.142701720558476634e+06
-6.051725063752876110e+00,1.780790617411462939e+00,1.784460658460563121e+00,1.147057822790651938e-01,8.500000000000000611e-02,3.000000000000000000e+00,5.142701720558476634e+06
-6.031802012753503028e+00,1.685386043233081166e+00,1.657041423858748308e+00,6.692243248137602629e-02,8.500000000000000611e-02,3.000000000000000000e+00,5.142701720558476634e+06
-6.129026288098907926e+00,1.696890165670590367e+00,1.786648889927673567e+00,8.314080788306976721e-02,8.500000000000000611e-02,3.000000000000000000e+00,5.142701720558476634e+06
-5.679988448007038393e+00,1.780450482449320582e+00,1.321443644717037458e+00,-8.464729403340795488e-02,8.500000000000000611e-02,3.000000000000000000e+00,5.142701720558476634e+06
-4.919071601142416483e+00,2.684650461296049340e+00,1.289894991737344343e+00,-4.140397156073630236e-01,8.500000000000000611e-02,3.000000000000000000e+00,5.142701720558476634e+06
-5.017085689354283673e+00,2.487796463177404771e+00,1.332883064659094785e+00,-1.105679255964896190e-01,8.500000000000000611e-02,3.000000000000000000e+00,5.142701720558476634e+06
-5.155330342112980802e+00,2.490009219879628866e+00,1.569751618839101193e+00,1.386489026864041740e-01,8.500000000000000611e-02,3.000000000000000000e+00,5.142701720558476634e+06
-5.266493485212049741e+00,2.247329884793629606e+00,1.489772061692987482e+00,2.225387732340270430e-01,8.500000000000000611e-02,3.000000000000000000e+00,5.142701720558476634e+06
-5.839080359873653592e+00,2.497904249647608488e+00,2.067153519771429693e+00,-1.232602146124415210e-01,8.500000000000000611e-02,3.000000000000000000e+00,5.142701720558476634e+06
-5.687113415020542462e+00,2.342423419379335403e+00,1.742939229489927744e+00,-4.647658357085593384e-01,8.500000000000000611e-02,3.000000000000000000e+00,5.142701720558476634e+06
-6.063255030470288354e+00,2.408416085486105640e+00,2.276455102533692543e+00,-4.165684899199613156e-01,8.500000000000000611e-02,3.000000000000000000e+00,5.142701720558476634e+06
-5.867360702436798192e+00,2.209497310759191535e+00,1.914480692166999454e+00,-2.555150115988653048e-01,8.500000000000000611e-02,3.000000000000000000e+00,5.142701720558476634e+06
-6.090401350468792607e+00,2.202984102684112599e+00,2.026269093357191409e+00,-4.250046986787264780e-01,8.500000000000000611e-02,3.000000000000000000e+00,5.142701720558476634e+06
-5.314369505346335565e+00,2.803665870570231977e+00,1.786571669208164348e+00,-6.687292131212161372e-01,8.500000000000000611e-02,3.000000000000000000e+00,5.142701720558476634e+06
-5.235174409951578234e+00,1.883468756707206371e+00,9.315190006405666967e-01,-2.166590651517738830e-01,8.500000000000000611e-02,3.000000000000000000e+00,5.142701720558476634e+06
-5.632330140815275499e+00,1.193606729175607173e+00,7.075512730448663135e-01,-6.396720986333787051e-02,8.500000000000000611e-02,3.000000000000000000e+00,5.142701720558476634e+06
-5.801036960504655227e+00,1.186862962981034109e+00,8.616225057953897926e-01,-1.434894406135732436e-01,8.500000000000000611e-02,3.000000000000000000e+00,5.142701720558476634e+06
-5.773429344874140057e+00,1.033472184764166579e+00,6.902431749648880732e-01,-1.507801552919392496e-01,8.500000000000000611e-02,3.000000000000000000e+00,5.142701720558476634e+06
-5.988309762797896951e+00,8.044524311209955147e-01,7.558552918484742200e-01,1.863610004816151910e-02,8.500000000000000611e-02,3.000000000000000000e+00,5.142701720558476634e+06
-5.840919614647693159e+00,8.189732001562950447e-01,6.320915803360538376e-01,9.577281790000308215e-03,8.500000000000000611e-02,3.000000000000000000e+00,5.142701720558476634e+06
-6.203187847999974025e+00,1.219740534930901843e+00,1.479666635233209515e+00,1.719622618404824665e-01,8.500000000000000611e-02,3.000000000000000000e+00,5.142701720558476634e+06
-6.084826192100227793e+00,1.183221289964289324e+00,1.312534362368818375e+00,8.154541602781784082e-02,8.500000000000000611e-02,3.000000000000000000e+00,5.142701720558476634e+06
-6.518605423394269849e+00,5.920051833337693914e-01,1.293278054879124284e+00,2.531958605263678330e-01,8.500000000000000611e-02,3.000000000000000000e+00,5.142701720558476634e+06
-5.719578630948843667e+00,1.222704314815991511e+00,6.984192623608853623e-01,-5.389245751803938278e-01,8.500000000000000611e-02,3.000000000000000000e+00,5.142701720558476634e+06
-5.775565789585901832e+00,1.305778034428147993e+00,7.113241708674715724e-01,-8.254932624769191207e-01,8.500000000000000611e-02,3.000000000000000000e+00,5.142701720558476634e+06
-5.499340722857959385e+00,2.407314518277363646e+00,1.529830213513711179e+00,-4.018847778451793418e-01,8.500000000000000611e-02,3.000000000000000000e+00,5.142701720558476634e+06
-5.665231085365527441e+00,1.805952771642048926e+00,1.340656742730787165e+00,1.097633377374857000e-02,8.500000000000000611e-02,3.000000000000000000e+00,5.142701720558476634e+06
-5.236744197345344354e+00,1.464146100087224012e+00,4.278170785452817260e-01,-2.129213413410744604e-01,8.500000000000000611e-02,3.000000000000000000e+00,5.142701720558476634e+06
-5.531432565139511759e+00,1.690611663102426165e+00,9.559059472168498495e-01,-2.112457103346141452e-01,8.500000000000000611e-02,3.000000000000000000e+00,5.142701720558476634e+06
-6.123961375192827461e+00,1.546690036972966587e+00,1.440414264618599116e+00,-2.681674216292066482e-01,8.500000000000000611e-02,3.000000000000000000e+00,5.142701720558476634e+06
-5.528829143907121768e+00,2.119079715860262780e+00,1.452070002046957464e+00,-5.376249651155373677e-02,8.500000000000000611e-02,3.000000000000000000e+00,5.142701720558476634e+06
-5.484596023876606274e+00,2.513303874967446117e+00,1.827312778877210997e+00,-2.971255245651886062e-02,8.500000000000000611e-02,3.000000000000000000e+00,5.142701720558476634e+06
-5.392161028051142502e+00,2.347154327353532022e+00,1.466175987747178722e+00,-1.800506784829058182e-01,8.500000000000000611e-02,3.000000000000000000e+00,5.142701720558476634e+06
-5.208869535989752997e+00,2.280057487325308774e+00,1.160330760924682680e+00,-2.786338972873410036e-01,8.500000000000000611e-02,3.000000000000000000e+00,5.142701720558476634e+06
-4.940812738071541865e+00,1.729115305857618745e+00,3.582534029146576815e-01,-3.917386552905072761e-01,8.500000000000000611e-02,3.000000000000000000e+00,5.142701720558476634e+06
-5.390060931184464721e+00,1.367125783129567340e+00,6.632086697687680221e-01,-3.439761810478081383e-02,8.500000000000000611e-02,3.000000000000000000e+00,5.142701720558476634e+06
-5.342737925240186314e+00,9.490021591229294007e-01,1.915483442340559783e-01,-2.747351570171771562e-02,8.500000000000000611e-02,3.000000000000000000e+00,5.142701720558476634e+06
-5.923299556374938213e+00,1.030507489749181715e+00,9.046904147451174660e-01,1.652820384997616410e-02,8.500000000000000611e-02,3.000000000000000000e+00,5.142701720558476634e+06
-6.461696037277929072e+00,1.803241610365859282e+00,2.224190838865100606e+00,1.795018925300987389e-01,8.500000000000000611e-02,3.000000000000000000e+00,5.142701720558476634e+06
-6.949263631620537396e+00,1.617273773388414160e+00,2.438779395183158449e+00,-1.627941335068942563e-01,8.500000000000000611e-02,3.000000000000000000e+00,5.142701720558476634e+06
-6.616945637185513540e+00,1.679010674345695620e+00,1.996664987005856817e+00,-6.899688985053376022e-01,8.500000000000000611e-02,3.000000000000000000e+00,5.142701720558476634e+06
-6.606462100327120446e+00,2.260839918955663830e+00,2.807597750878835008e+00,8.407307921179975330e-02,8.500000000000000611e-02,3.000000000000000000e+00,5.142701720558476634e+06
-6.041010503614277383e+00,2.392888609725312143e+00,2.346894005815562512e+00,6.851244559482871921e-02,8.500000000000000611e-02,3.000000000000000000e+00,5.142701720558476634e+06
-6.242237897587965101e+00,8.661546364000172193e-01,9.734443353430310975e-01,-1.764163034456061041e-01,8.500000000000000611e-02,3.000000000000000000e+00,5.142701720558476634e+06
-6.709224163144491548e+00,2.020553689534958508e+00,2.755797624916844768e+00,1.927851935260774252e-01,8.500000000000000611e-02,3.000000000000000000e+00,5.142701720558476634e+06
-7.654586472961677046e+00,1.718411789367636722e+00,3.495106404023078817e+00,3.392907019941915903e-01,8.500000000000000611e-02,3.000000000000000000e+00,5.142701720558476634e+06
-7.236245923538978886e+00,1.983287360149846856e+00,3.263951018543428617e+00,1.952052786264263096e-01,8.500000000000000611e-02,3.000000000000000000e+00,5.142701720558476634e+06
-6.378393267444041115e+00,1.685951896416474804e+00,1.999099863235974883e+00,5.104207936776311572e-02,8.500000000000000611e-02,3.000000000000000000e+00,5.142701720558476634e+06
-6.100394102960453147e+00,2.239262682489401524e+00,2.069787748438578934e+00,-4.253534411239141000e-01,8.500000000000000611e-02,3.000000000000000000e+00,5.142701720558476634e+06
-6.670219251590559395e+00,2.169237945739538542e+00,2.478571904191238406e+00,-5.985275835018436519e-01,8.500000000000000611e-02,3.000000000000000000e+00,5.142701720558476634e+06
-6.713781773113488782e+00,1.892901490132465891e+00,2.310595361942537007e+00,-1.997418840226108383e-01,8.500000000000000611e-02,3.000000000000000000e+00,5.142701720558476634e+06
-6.421202685511135932e+00,1.862783823478127321e+00,2.076986707871786297e+00,-2.064256660585436776e-01,8.500000000000000611e-02,3.000000000000000000e+00,5.142701720558476634e+06
-5.629790684398772171e+00,1.939204423980448011e+00,1.370519867401827963e+00,-2.036266804007361708e-01,8.500000000000000611e-02,3.000000000000000000e+00,5.142701720558476634e+06
-5.434257857468795194e+00,2.626655503473029452e+00,1.797400092081534950e+00,-3.000222950969457236e-01,8.500000000000000611e-02,3.000000000000000000e+00,5.142701720558476634e+06
-5.587783019594579237e+00,2.281420315920594355e+00,1.688413952383193806e+00,-1.488809111275400943e-01,8.500000000000000611e-02,3.000000000000000000e+00,5.142701720558476634e+06
-5.656558975436675851e+00,2.528241983854988995e+00,1.988184022038554044e+00,-1.459494388773954210e-01,8.500000000000000611e-02,3.000000000000000000e+00,5.142701720558476634e+06
-5.935061001050290663e+00,2.138149757304286247e+00,1.953941355719754469e+00,-4.034662926175658360e-02,8.500000000000000611e-02,3.000000000000000000e+00,5.142701720558476634e+06
-5.999666911456497331e+00,1.636794948665301286e+00,1.472559904881953763e+00,-1.853253672061016544e-01,8.500000000000000611e-02,3.000000000000000000e+00,5.142701720558476634e+06
-6.008242266501381934e+00,1.206428033400704258e+00,1.006110962452503754e+00,-2.322403824501466651e-01,8.500000000000000611e-02,3.000000000000000000e+00,5.142701720558476634e+06
-6.097585161175763879e+00,1.007387150299803080e+00,9.117177465579303641e-01,-3.336219299266139915e-01,8.500000000000000611e-02,3.000000000000000000e+00,5.142701720558476634e+06
-5.763876947468725476e+00,1.692467768431812791e+00,1.188261328005810746e+00,-3.430236214822907082e-01,8.500000000000000611e-02,3.000000000000000000e+00,5.142701720558476634e+06
-5.949335727900844084e+00,1.072876326635214150e+00,7.703385397472668483e-01,-3.298092690826217588e-01,8.500000000000000611e-02,3.000000000000000000e+00,5.142701720558476634e+06
-5.918461452610607409e+00,8.437807501064673588e-01,6.254568438761092253e-01,-1.943961690898364236e-01,8.500000000000000611e-02,3.000000000000000000e+00,5.142701720558476634e+06
-6.059104250763937216e+00,1.000667838931990961e+00,9.967751598244558586e-01,-4.346927527079036402e-02,8.500000000000000611e-02,3.000000000000000000e+00,5.142701720558476634e+06
-6.335663207880297243e+00,8.544230157738352815e-01,1.202840371489241278e+00,1.827654616869366089e-02,8.500000000000000611e-02,3.000000000000000000e+00,5.142701720558476634e+06
-5.265728745314706138e+00,5.539771950752445662e-01,-2.942399301191107597e-01,-3.611577412238096141e-01,8.500000000000000611e-02,3.000000000000000000e+00,5.142701720558476634e+06
-5.692804841848221997e+00,1.482482988384647982e+00,1.171054599164640386e+00,5.027060499823624018e-02,8.500000000000000611e-02,3.000000000000000000e+00,5.142701720558476634e+06
-5.927495172916739996e+00,1.065575731851053254e+00,1.066801311382497452e+00,2.088635415572571152e-01,8.500000000000000611e-02,3.000000000000000000e+00,5.142701720558476634e+06
-5.986238023985996470e+00,9.016566016204157208e-01,9.050455395025291949e-01,4.592561765549968422e-02,8.500000000000000611e-02,3.000000000000000000e+00,5.142701720558476634e+06
-5.713986500880324115e+00,8.170037623730589393e-01,4.385860179711218443e-01,-9.168280675933226931e-02,8.500000000000000611e-02,3.000000000000000000e+00,5.142701720558476634e+06
-5.372047860034923517e+00,2.043684978650980089e+00,1.270181916754308693e+00,-1.068499794285165949e-01,8.500000000000000611e-02,3.000000000000000000e+00,5.142701720558476634e+06
-5.489680044307012174e+00,9.832635756109094904e-01,3.220096340610631991e-01,-1.616634994097828626e-01,8.500000000000000611e-02,3.000000000000000000e+00,5.142701720558476634e+06
-5.872398853057400281e+00,1.662490973266226080e+00,1.406345016639490630e+00,-6.401285795157102276e-02,8.500000000000000611e-02,3.000000000000000000e+00,5.142701720558476634e+06
-5.686989870279411718e+00,1.307422526367448823e+00,8.898491745647127971e-01,-7.041677869664283995e-02,8.500000000000000611e-02,3.000000000000000000e+00,5.142701720558476634e+06
-5.918043604762981857e+00,1.115950335663568493e+00,8.844107625739813239e-01,-2.030926311344408708e-01,8.500000000000000611e-02,3.000000000000000000e+00,5.142701720558476634e+06
-5.965035394594713658e+00,1.505134933937905650e+00,1.340082433749970381e+00,-9.208721191518492999e-02,8.500000000000000611e-02,3.000000000000000000e+00,5.142701720558476634e+06
-5.836548518856494283e+00,1.616345509220321830e+00,1.219846918801847480e+00,-3.734998838014439437e-01,8.500000000000000611e-02,3.000000000000000000e+00,5.142701720558476634e+06
-5.827898418104195954e+00,1.266576047914423686e+00,1.008192740919091168e+00,-4.346596182303708034e-02,8.500000000000000611e-02,3.000000000000000000e+00,5.142701720558476634e+06
-5.872888190927016971e+00,1.082350923036180745e+00,9.097638697877954428e-01,5.295958680565426846e-02,8.500000000000000611e-02,3.000000000000000000e+00,5.142701720558476634e+06
-5.862719256034419679e+00,1.787047114556996386e+00,1.545190894573846174e+00,-1.957597652744674788e-02,8.500000000000000611e-02,3.000000000000000000e+00,5.142701720558476634e+06
-5.887569124824414857e+00,1.677844101593905402e+00,1.472514123200755254e+00,1.268798475288597516e-01,8.500000000000000611e-02,3.000000000000000000e+00,5.142701720558476634e+06
-6.226993940415451512e+00,1.610234274781671804e+00,1.986505323322202088e+00,4.120488732222274963e-01,8.500000000000000611e-02,3.000000000000000000e+00,5.142701720558476634e+06
-6.664956705077027976e+00,2.070670780546048029e+00,2.992060104697383593e+00,6.574896324445402840e-01,8.500000000000000611e-02,3.000000000000000000e+00,5.142701720558476634e+06
-6.361975607578621350e+00,2.140472966084248085e+00,2.614489615938200728e+00,3.761423608464018464e-01,8.500000000000000611e-02,3.000000000000000000e+00,5.142701720558476634e+06
-6.437306636825100625e+00,2.253316428486491496e+00,2.714891925726156785e+00,1.888794575214641780e-01,8.500000000000000611e-02,3.000000000000000000e+00,5.142701720558476634e+06
-6.197644395319066746e+00,2.821956531499242971e+00,2.884840293665531519e+00,-5.441289416889960595e-02,8.500000000000000611e-02,3.000000000000000000e+00,5.142701720558476634e+06
-6.226368373958802493e+00,2.853363506987157017e+00,2.957412190516911288e+00,1.931838552777476181e-02,8.500000000000000611e-02,3.000000000000000000e+00,5.142701720558476634e+06
-5.427838101535603421e+00,2.919153767332793858e+00,2.188689578341165731e+00,-4.146135354981783649e-02,8.500000000000000611e-02,3.000000000000000000e+00,5.142701720558476634e+06
-5.823601961059118537e+00,2.540204984912472597e+00,2.254295461492440200e+00,-1.409957067841010048e-01,8.500000000000000611e-02,3.000000000000000000e+00,5.142701720558476634e+06
-6.304290121279554349e+00,2.835185974102949924e+00,3.049197300259276489e+00,-7.845914956112215455e-02,8.500000000000000611e-02,3.000000000000000000e+00,5.142701720558476634e+06
-6.294305120017350319e+00,2.635400885794848769e+00,2.856596120106308589e+00,4.878022085169239630e-02,8.500000000000000611e-02,3.000000000000000000e+00,5.142701720558476634e+06
-6.004147515080158648e+00,1.929842613400260198e+00,1.882050439586802293e+00,1.308270252222537566e-02,8.500000000000000611e-02,3.000000000000000000e+00,5.142701720558476634e+06
-5.757661154073775656e+00,1.747115244998196371e+00,1.340233353879361378e+00,-1.590304692814138443e-01,8.500000000000000611e-02,3.000000000000000000e+00,5.142701720558476634e+06
-5.245101267976774118e+00,2.552422029083001309e+00,1.444944456451778381e+00,-6.903745263194497328e-01,8.500000000000000611e-02,3.000000000000000000e+00,5.142701720558476634e+06
-4.720368149488777476e+00,2.666111211074427167e+00,9.469824021703143746e-01,-8.990548711862594855e-01,8.500000000000000611e-02,3.000000000000000000e+00,5.142701720558476634e+06
-4.827269072864032395e+00,2.101731040899736946e+00,6.875245376177385737e-01,-1.673016262898327222e-01,8.500000000000000611e-02,3.000000000000000000e+00,5.142701720558476634e+06
-4.924400470562133592e+00,1.029023904809514223e+00,-3.181831111331603346e-01,-3.360771690850783422e-01,8.500000000000000611e-02,3.000000000000000000e+00,5.142701720558476634e+06
-5.467086659820213690e+00,1.192927242383722941e+00,4.522888205064650169e-01,-5.288953025115228357e-03,8.500000000000000611e-02,3.000000000000000000e+00,5.142701720558476634e+06
-5.731391680891811724e+00,1.366787512765125445e+00,9.577819505870706074e-01,-4.010774025901293893e-02,8.500000000000000611e-02,3.000000000000000000e+00,5.142701720558476634e+06
-5.129934446726490904e+00,1.077212196748627004e+00,5.911552264506125809e-03,-9.374376086586518053e-02,8.500000000000000611e-02,3.000000000000000000e+00,5.142701720558476634e+06
-5.010717578306493003e+00,1.200533071261131735e+00,-2.680005022472498055e-02,-2.118169785419583562e-01,8.500000000000000611e-02,3.000000000000000000e+00,5.142701720558476634e+06
-5.862366747997372229e+00,1.599860369305866392e+00,1.236340344454432305e+00,-3.842853872452363095e-01,8.500000000000000611e-02,3.000000000000000000e+00,5.142701720558476634e+06
-6.058530797161730597e+00,1.645918780066330189e+00,1.479397666396588207e+00,-3.413839346397023466e-01,8.500000000000000611e-02,3.000000000000000000e+00,5.142701720558476634e+06
-6.663530537071340021e+00,2.063907622561777178e+00,2.472381179408297491e+00,-5.194805661065490243e-01,8.500000000000000611e-02,3.000000000000000000e+00,5.142701720558476634e+06
-6.395371573583583213e+00,2.190378502014997952e+00,2.217874285746200158e+00,-9.353532796743043720e-01,8.500000000000000611e-02,3.000000000000000000e+00,5.142701720558476634e+06
-5.897267655137564901e+00,2.056705277551891697e+00,1.736587147815993770e+00,-1.951432776988848150e-01,8.500000000000000611e-02,3.000000000000000000e+00,5.142701720558476634e+06
-6.360900621148956269e+00,2.576887093625033653e+00,2.769501337211702108e+00,-3.095252125886024941e-02,8.500000000000000611e-02,3.000000000000000000e+00,5.142701720558476634e+06
-6.126754727340982143e+00,2.906388056456993940e+00,2.851206786796693482e+00,-9.093430656549972291e-02,8.500000000000000611e-02,3.000000000000000000e+00,5.142701720558476634e+06
-5.960230046920565350e+00,2.869356829144597221e+00,2.633276813456300047e+00,-1.487412616520632502e-01,8.500000000000000611e-02,3.000000000000000000e+00,5.142701720558476634e+06
-5.883426356653139067e+00,2.977584299765767994e+00,2.619263613841100735e+00,-2.082962868957726477e-01,8.500000000000000611e-02,3.000000000000000000e+00,5.142701720558476634e+06
-5.905551731271446947e+00,2.969325933637287918e+00,2.646405353133952865e+00,-2.180789233176313735e-01,8.500000000000000611e-02,3.000000000000000000e+00,5.142701720558476634e+06
-5.908492502829343351e+00,2.969079693765778849e+00,2.643534966966477384e+00,-2.323227964539193446e-01,8.500000000000000611e-02,3.000000000000000000e+00,5.142701720558476634e+06
-5.940987524502883588e+00,2.880426698711205713e+00,2.622748116264394191e+00,-1.949870038382647275e-01,8.500000000000000611e-02,3.000000000000000000e+00,5.142701720558476634e+06
-5.473445374461520352e+00,1.200829084542001546e+00,3.098414213031357445e-01,-6.997715753647242298e-01,8.500000000000000611e-02,3.000000000000000000e+00,5.142701720558476634e+06
-5.830027727086685374e+00,1.580502157767366134e+00,1.266150862669508159e+00,-2.607203002194964370e-01,8.500000000000000611e-02,3.000000000000000000e+00,5.142701720558476634e+06
-6.024923424208158629e+00,1.361924553113691205e+00,1.490455948866105107e+00,2.894484360331893713e-01,8.500000000000000611e-02,3.000000000000000000e+00,5.142701720558476634e+06
-6.097485530517959162e+00,1.588944665937646272e+00,1.759678172689173037e+00,2.133923491396934047e-01,8.500000000000000611e-02,3.000000000000000000e+00,5.142701720558476634e+06
-5.836942837351637436e+00,1.548632514339378208e+00,1.304792531338861750e+00,-1.313889139053835697e-01,8.500000000000000611e-02,3.000000000000000000e+00,5.142701720558476634e+06
-6.010460061263066756e+00,1.223560582475183178e+00,1.190269882673256951e+00,-6.287434205640095308e-02,8.500000000000000611e-02,3.000000000000000000e+00,5.142701720558476634e+06
-6.360095077879675429e+00,1.402528883387456293e+00,1.806962386800352149e+00,1.376637937244662990e-01,8.500000000000000611e-02,3.000000000000000000e+00,5.142701720558476634e+06
-6.292102475911998560e+00,1.113903405709041117e+00,1.370347613497584272e+00,8.264083390375470684e-02,8.500000000000000611e-02,3.000000000000000000e+00,5.142701720558476634e+06
-5.931612081940350834e+00,1.464889646262857559e+00,1.293065629117468252e+00,1.741495928659653192e-02,8.500000000000000611e-02,3.000000000000000000e+00,5.142701720558476634e+06
-5.703985476088807793e+00,1.119205603123138770e+00,6.213484352903582142e-01,-1.907596047873119371e-01,8.500000000000000611e-02,3.000000000000000000e+00,5.142701720558476634e+06
-6.289891062299798108e+00,9.301076898179212460e-01,1.031622611323513850e+00,-4.799324678259692112e-01,8.500000000000000611e-02,3.000000000000000000e+00,5.142701720558476634e+06
-7.021016743692983120e+00,8.183463390302284646e-01,1.874974608335497006e+00,1.720805093095406635e-01,8.500000000000000611e-02,3.000000000000000000e+00,5.142701720558476634e+06
-5.680805298500333222e+00,1.567761725024295671e+00,1.229208927683579367e+00,1.322771613069977370e-01,8.500000000000000611e-02,3.000000000000000000e+00,5.142701720558476634e+06
-5.708440656394848212e+00,1.942302127132600864e+00,1.474232159304263101e+00,-1.790224948906002922e-01,8.500000000000000611e-02,3.000000000000000000e+00,5.142701720558476634e+06
-5.579997967407198445e+00,1.122189347458250053e+00,5.095465205435427691e-01,-1.509553832971847753e-01,8.500000000000000611e-02,3.000000000000000000e+00,5.142701720558476634e+06
-5.901412389783769363e+00,9.681782757759440639e-01,8.452535162772195632e-01,1.375507706641384553e-01,8.500000000000000611e-02,3.000000000000000000e+00,5.142701720558476634e+06
-6.034868927903075608e+00,1.428915701865697718e+00,1.368394643980383574e+00,-3.072161333868762556e-01,8.500000000000000611e-02,3.000000000000000000e+00,5.142701720558476634e+06
-5.866003202098452718e+00,2.054825902897011058e+00,1.738484006928801895e+00,-2.023619809815779269e-01,8.500000000000000611e-02,3.000000000000000000e+00,5.142701720558476634e+06
-5.864449310540218896e+00,2.030692179841177669e+00,1.652327480679215421e+00,-1.410804134057526693e-01,8.500000000000000611e-02,3.000000000000000000e+00,5.142701720558476634e+06
-5.731284232713693250e+00,2.221250495348973786e+00,1.695515125120997890e+00,-2.379672360270577436e-01,8.500000000000000611e-02,3.000000000000000000e+00,5.142701720558476634e+06
-5.980653649011702377e+00,2.554717641592453070e+00,2.178630253284360663e+00,-7.016784572410614818e-01,8.500000000000000611e-02,3.000000000000000000e+00,5.142701720558476634e+06
-5.651155760180593290e+00,2.715869085033930208e+00,2.045878166855755964e+00,-5.976253801737978488e-01,8.500000000000000611e-02,3.000000000000000000e+00,5.142701720558476634e+06
-5.227459304153554420e+00,2.116762851788781763e+00,1.025771717907473013e+00,-7.021865693304043532e-01,8.500000000000000611e-02,3.000000000000000000e+00,5.142701720558476634e+06
-5.188867133794965447e+00,2.573646868127123177e+00,1.297200240943041871e+00,-1.360461779151697748e+00,8.500000000000000611e-02,3.000000000000000000e+00,5.142701720558476634e+06
-5.424062044711035924e+00,2.642451815046770847e+00,1.649045884626004543e+00,-1.144558598279959760e+00,8.500000000000000611e-02,3.000000000000000000e+00,5.142701720558476634e+06
-5.743279433447156634e+00,2.360045677958291233e+00,1.669488590567532960e+00,-1.267819311970666663e+00,8.500000000000000611e-02,3.000000000000000000e+00,5.142701720558476634e+06
-6.242804651169921115e+00,1.953821962688484071e+00,1.803103314729014084e+00,-1.307321028601428292e+00,8.500000000000000611e-02,3.000000000000000000e+00,5.142701720558476634e+06
-6.643136715759147215e+00,1.595840852899289564e+00,1.842371328379238671e+00,-1.440303516457727362e+00,8.500000000000000611e-02,3.000000000000000000e+00,5.142701720558476634e+06
-6.777842411761312746e+00,1.239967086369752947e+00,1.621698651986984263e+00,-1.683909103414917841e+00,8.500000000000000611e-02,3.000000000000000000e+00,5.142701720558476634e+06
-7.090694627570038655e+00,1.299597258329563854e+00,2.000920977474922147e+00,-1.738761040340018216e+00,8.500000000000000611e-02,3.000000000000000000e+00,5.142701720558476634e+06
-6.541960843098672207e+00,1.342315015890893415e+00,1.554483409782738246e+00,-1.225647223126264507e+00,8.500000000000000611e-02,3.000000000000000000e+00,5.142701720558476634e+06
-6.433627198526174595e+00,1.692803477385810051e+00,1.822391431580174359e+00,-9.812975987669202427e-01,8.500000000000000611e-02,3.000000000000000000e+00,5.142701720558476634e+06
-6.135277391673202629e+00,1.628317993107936790e+00,1.405895678482495192e+00,-1.102816550025306430e+00,8.500000000000000611e-02,3.000000000000000000e+00,5.142701720558476634e+06
-6.163707566898539270e+00,1.321691018210940705e+00,1.084660430048295598e+00,-1.475385020604137454e+00,8.500000000000000611e-02,3.000000000000000000e+00,5.142701720558476634e+06
-6.001786389013184397e+00,1.352797633137575728e+00,1.009796617320165346e+00,-1.113425674601362436e+00,8.500000000000000611e-02,3.000000000000000000e+00,5.142701720558476634e+06
-5.425091156424109329e+00,1.677886253371595249e+00,7.299311958017364876e-01,-1.032619292857615445e+00,8.500000000000000611e-02,3.000000000000000000e+00,5.142701720558476634e+06
-6.129006472239693082e+00,1.875179251713361861e+00,1.729575899456752719e+00,-5.038481897593428682e-01,8.500000000000000611e-02,3.000000000000000000e+00,5.142701720558476634e+06
-6.126369140343164155e+00,1.849304547312158986e+00,1.675503321049640171e+00,-5.871511121994122950e-01,8.500000000000000611e-02,3.000000000000000000e+00,5.142701720558476634e+06
-6.503247314307282423e+00,2.147764498046283776e+00,2.206553120707793969e+00,-1.062049353151061748e+00,8.500000000000000611e-02,3.000000000000000000e+00,5.142701720558476634e+06
-6.435747937969096277e+00,1.547793554091709822e+00,1.599360024759784560e+00,-9.681046977821654576e-01,8.500000000000000611e-02,3.000000000000000000e+00,5.142701720558476634e+06
-6.272706898292321753e+00,1.464400769339890607e+00,1.370026527412526729e+00,-8.186555708701670486e-01,8.500000000000000611e-02,3.000000000000000000e+00,5.142701720558476634e+06
-6.264023437458795307e+00,1.176379116956443038e+00,1.129241339184084758e+00,-6.556615776930092565e-01,8.500000000000000611e-02,3.000000000000000000e+00,5.142701720558476634e+06
-6.038917051413397630e+00,1.962900531817208805e+00,1.694876616832084570e+00,-5.877272778589628377e-01,8.500000000000000611e-02,3.000000000000000000e+00,5.142701720558476634e+06
-6.163757474431308836e+00,1.657941267544746689e+00,1.417294701972762194e+00,-1.162761025857338648e+00,8.500000000000000611e-02,3.000000000000000000e+00,5.142701720558476634e+06
-6.744493927678765210e+00,1.197068312658471800e+00,1.551519844250463187e+00,-1.305533735762407499e+00,8.500000000000000611e-02,3.000000000000000000e+00,5.142701720558476634e+06
-6.464067787739768534e+00,1.415448495904057413e+00,1.504260530630427084e+00,-1.199207806197153170e+00,8.500000000000000611e-02,3.000000000000000000e+00,5.142701720558476634e+06
-6.667752446109907360e+00,1.463853337177642988e+00,1.751981919199678828e+00,-1.374448310854202049e+00,8.500000000000000611e-02,3.000000000000000000e+00,5.142701720558476634e+06
-6.446121875164225301e+00,1.343814139441978472e+00,1.460791790608471530e+00,-1.041861468913080069e+00,8.500000000000000611e-02,3.000000000000000000e+00,5.142701720558476634e+06
-6.439588860347106092e+00,1.015596514158692010e+00,1.245847213448500579e+00,-6.741801844477494088e-01,8.500000000000000611e-02,3.000000000000000000e+00,5.142701720558476634e+06
-7.158369485007471944e+00,1.011840643568247433e+00,1.888520257386453016e+00,-1.011241223316494020e+00,8.500000000000000611e-02,3.000000000000000000e+00,5.142701720558476634e+06
-6.904062656061603853e+00,1.214935939873560411e+00,1.794582720440822676e+00,-1.236590303755889853e+00,8.500000000000000611e-02,3.000000000000000000e+00,5.142701720558476634e+06
-6.416584258330819246e+00,2.060286021376906973e+00,2.208070784155612643e+00,-7.276185627466678074e-01,8.500000000000000611e-02,3.000000000000000000e+00,5.142701720558476634e+06
-7.354641916712839844e+00,2.260958276193476113e+00,3.318416176882909241e+00,-3.352450323851175473e-01,8.500000000000000611e-02,3.000000000000000000e+00,5.142701720558476634e+06
-6.580273620179898586e+00,1.603446896720260417e+00,1.901747279407845159e+00,-4.633915762566190311e-01,8.500000000000000611e-02,3.000000000000000000e+00,5.142701720558476634e+06
-6.152129000244389800e+00,1.536389876235098484e+00,1.339091466505990979e+00,-7.930495121733984742e-01,8.500000000000000611e-02,3.000000000000000000e+00,5.142701720558476634e+06
-6.058939908506609129e+00,1.954946208899708493e+00,1.723197415901634999e+00,-5.451869199484276063e-01,8.500000000000000611e-02,3.000000000000000000e+00,5.142701720558476634e+06
-6.112218163892999989e+00,2.273376683800709230e+00,2.046650380959380122e+00,-8.297781699303645730e-01,8.500000000000000611e-02,3.000000000000000000e+00,5.142701720558476634e+06
-6.012227797012214658e+00,1.619867934548049782e+00,1.330609133046227299e+00,-6.714828682617990374e-01,8.500000000000000611e-02,3.000000000000000000e+00,5.142701720558476634e+06
-7.594519677713522654e+00,6.996681537381918004e-01,2.008620812120256893e+00,-1.346404000892474917e+00,8.500000000000000611e-02,3.000000000000000000e+00,5.142701720558476634e+06
-7.906613625429924852e+00,1.483587291280572984e+00,2.933804621373817145e+00,-2.010032829785427300e+00,8.500000000000000611e-02,3.000000000000000000e+00,5.142701720558476634e+06
-6.902206954241787429e+00,1.620295451000705711e+00,2.144948790422821272e+00,-1.679333469237662912e+00,8.500000000000000611e-02,3.000000000000000000e+00,5.142701720558476634e+06
-7.037867607415599025e+00,1.312311288787539887e+00,2.001771836263884996e+00,-1.815510535447503848e+00,8.500000000000000611e-02,3.000000000000000000e+00,5.142701720558476634e+06
-7.041972286907356882e+00,1.305195035203595255e+00,2.006415825922524654e+00,-1.774624150668522304e+00,8.500000000000000611e-02,3.000000000000000000e+00,5.142701720558476634e+06
-6.405743301570593573e+00,1.889518222996810604e+00,1.947593598801694359e+00,-1.216437651891970395e+00,8.500000000000000611e-02,3.000000000000000000e+00,5.142701720558476634e+06
-6.482677859285443489e+00,2.716324922238017248e+00,2.731942826162455873e+00,-2.184583235988210248e+00,8.500000000000000611e-02,3.000000000000000000e+00,5.142701720558476634e+06
-5.818507611652637301e+00,2.300357941257573202e+00,1.705372955723759798e+00,-1.860634452266599403e+00,8.500000000000000611e-02,3.000000000000000000e+00,5.142701720558476634e+06
-5.742231011204578017e+00,2.801397736017210871e+00,2.089016350952207723e+00,-2.337175079850815074e+00,8.500000000000000611e-02,3.000000000000000000e+00,5.142701720558476634e+06
-5.742231011204578017e+00,2.801397736017210871e+00,2.089016350952207723e+00,-2.337175079850815074e+00,8.500000000000000611e-02,3.000000000000000000e+00,5.142701720558476634e+06
-5.743044151412903808e+00,2.806022307665018811e+00,2.083531866952164968e+00,-2.459110217639608909e+00,8.500000000000000611e-02,3.000000000000000000e+00,5.142701720558476634e+06
-6.706958284036550921e+00,2.790070594878646837e+00,3.095941861579882826e+00,-2.661059155650151720e+00,8.500000000000000611e-02,3.000000000000000000e+00,5.142701720558476634e+06
-6.123931797697935053e+00,2.631752676367627330e+00,2.345923366176205782e+00,-1.927271557036227545e+00,8.500000000000000611e-02,3.000000000000000000e+00,5.142701720558476634e+06
-6.123783485746302269e+00,2.542944152900788346e+00,2.257374844471814246e+00,-1.894298481827544567e+00,8.500000000000000611e-02,3.000000000000000000e+00,5.142701720558476634e+06
-5.772944054764846733e+00,2.775656813764542097e+00,2.048938701510769622e+00,-2.769887325304449810e+00,8.500000000000000611e-02,3.000000000000000000e+00,5.142701720558476634e+06
-5.896723410964425760e+00,2.886005152670610752e+00,2.318788099488807042e+00,-2.952347155680715485e+00,8.500000000000000611e-02,3.000000000000000000e+00,5.142701720558476634e+06
-5.848554332239096709e+00,2.891561375688766589e+00,2.286925375512390168e+00,-2.802467866977459199e+00,8.500000000000000611e-02,3.000000000000000000e+00,5.142701720558476634e+06
-5.746298991771311648e+00,2.968951335480717546e+00,2.269247896336307413e+00,-2.803083317868782398e+00,8.500000000000000611e-02,3.000000000000000000e+00,5.142701720558476634e+06
-5.580597783890693719e+00,2.425267214668109350e+00,1.561041868991365877e+00,-2.453353395064856279e+00,8.500000000000000611e-02,3.000000000000000000e+00,5.142701720558476634e+06
-5.383042393007658077e+00,2.283298559061519128e+00,1.252837299768639889e+00,-2.116206784346080561e+00,8.500000000000000611e-02,3.000000000000000000e+00,5.142701720558476634e+06
-5.477714986076439807e+00,2.161978730560665252e+00,1.217546038146785747e+00,-2.646642419636823007e+00,8.500000000000000611e-02,3.000000000000000000e+00,5.142701720558476634e+06
-5.156113983161365155e+00,1.854413500979074314e+00,5.133060210559352576e-01,-2.520624991971716522e+00,8.500000000000000611e-02,3.000000000000000000e+00,5.142701720558476634e+06
-5.156113983161365155e+00,1.854413500979074314e+00,5.133060210559352576e-01,-2.520624991971716522e+00,8.500000000000000611e-02,3.000000000000000000e+00,5.142701720558476634e+06
-5.188884361003721857e+00,1.888227697233086477e+00,5.958923855803701652e-01,-2.419832899423703942e+00,8.500000000000000611e-02,3.000000000000000000e+00,5.142701720558476634e+06
-4.925635111044795345e+00,1.807736989581894438e+00,2.256523275091543157e-01,-2.600479767052772395e+00,8.500000000000000611e-02,3.000000000000000000e+00,5.142701720558476634e+06
-4.972687035907125797e+00,1.818802029247643892e+00,2.914000503009763765e-01,-2.547451195862349582e+00,8.500000000000000611e-02,3.000000000000000000e+00,5.142701720558476634e+06
-5.029019076877944805e+00,1.844283009225083036e+00,3.979376294286751659e-01,-2.353296658238807737e+00,8.500000000000000611e-02,3.000000000000000000e+00,5.142701720558476634e+06
-4.987181750558784543e+00,1.864656566805367621e+00,3.638207435338619566e-01,-2.174463729678546287e+00,8.500000000000000611e-02,3.000000000000000000e+00,5.142701720558476634e+06
-5.722753484136780422e+00,2.233675735903122295e+00,1.525115882814082724e+00,-2.440979959369820484e+00,8.500000000000000611e-02,3.000000000000000000e+00,5.142701720558476634e+06
-5.434973712250816824e+00,2.446064229990116079e+00,1.435334565538103124e+00,-2.707943999275858715e+00,8.500000000000000611e-02,3.000000000000000000e+00,5.142701720558476634e+06
-5.522412377354399382e+00,2.219840274657597590e+00,1.326909904426247788e+00,-2.227630920695202299e+00,8.500000000000000611e-02,3.000000000000000000e+00,5.142701720558476634e+06
-5.695306436734178135e+00,2.151772350812698242e+00,1.434842386657717572e+00,-2.607133978706388078e+00,8.500000000000000611e-02,3.000000000000000000e+00,5.142701720558476634e+06
-7.025682020542530992e+00,2.632757339404884434e+00,3.583034604986421456e+00,8.111563817387978936e-03,8.500000000000000611e-02,3.000000000000000000e+00,5.142701720558476634e+06
-6.288274398825127953e+00,2.635413733784345069e+00,2.912270615135082785e+00,1.142819728788571632e-01,8.500000000000000611e-02,3.000000000000000000e+00,5.142701720558476634e+06
-6.042041117475228873e+00,2.815944537930630265e+00,2.935129468114233475e+00,3.304476244219450853e-01,8.500000000000000611e-02,3.000000000000000000e+00,5.142701720558476634e+06
-5.935142777691964966e+00,2.466514240406918912e+00,2.354219817236117063e+00,4.724181790605856690e-02,8.500000000000000611e-02,3.000000000000000000e+00,5.142701720558476634e+06
-6.350056956390904617e+00,2.840611328358970233e+00,3.182403600478602712e+00,9.080798082161792295e-02,8.500000000000000611e-02,3.000000000000000000e+00,5.142701720558476634e+06
-6.286264904497285144e+00,2.842168443695637148e+00,3.139938682815897941e+00,1.276248630994669120e-01,8.500000000000000611e-02,3.000000000000000000e+00,5.142701720558476634e+06
-6.286264904497285144e+00,2.842168443695637148e+00,3.139938682815897941e+00,1.276248630994669120e-01,8.500000000000000611e-02,3.000000000000000000e+00,5.142701720558476634e+06
-6.286264904497285144e+00,2.842168443695637148e+00,3.139938682815897941e+00,1.276248630994669120e-01,8.500000000000000611e-02,3.000000000000000000e+00,5.142701720558476634e+06
-6.272276922442748592e+00,2.846620225588678998e+00,3.127868295183720893e+00,1.220707038069085010e-01,8.500000000000000611e-02,3.000000000000000000e+00,5.142701720558476634e+06
-6.517820225141424118e+00,2.846125162436777156e+00,3.396141177130797217e+00,1.928893944616250078e-01,8.500000000000000611e-02,3.000000000000000000e+00,5.142701720558476634e+06
-7.105834076422236301e+00,2.393325903502871554e+00,3.963310421816664153e+00,9.094102430649182445e-01,8.500000000000000611e-02,3.000000000000000000e+00,5.142701720558476634e+06
-6.502483424307794024e+00,2.369737008227358110e+00,3.228582284839280447e+00,7.346708082670733164e-01,8.500000000000000611e-02,3.000000000000000000e+00,5.142701720558476634e+06
-6.479847124407815073e+00,2.757629533379596154e+00,3.591592248306461066e+00,7.527099943882685773e-01,8.500000000000000611e-02,3.000000000000000000e+00,5.142701720558476634e+06
-6.642424100023633926e+00,2.143189992761932672e+00,3.002529035985372907e+00,4.487221534293538427e-01,8.500000000000000611e-02,3.000000000000000000e+00,5.142701720558476634e+06
-6.752860706091886378e+00,1.743979912009350652e+00,2.922485497266504417e+00,7.761624974226359885e-01,8.500000000000000611e-02,3.000000000000000000e+00,5.142701720558476634e+06
-6.269873949267652513e+00,1.074871653491341839e+00,1.818454607607963514e+00,7.962645908736970535e-01,8.500000000000000611e-02,3.000000000000000000e+00,5.142701720558476634e+06
-6.269873949267652513e+00,1.074871653491341839e+00,1.818454607607963514e+00,7.962645908736970535e-01,8.500000000000000611e-02,3.000000000000000000e+00,5.142701720558476634e+06
-6.260958920454796406e+00,1.060689394551905806e+00,1.814997493769148651e+00,8.249042301659041954e-01,8.500000000000000611e-02,3.000000000000000000e+00,5.142701720558476634e+06
-6.429958725195902502e+00,8.870961352699566760e-01,1.896834818768922126e+00,9.543057178622338377e-01,8.500000000000000611e-02,3.000000000000000000e+00,5.142701720558476634e+06
-6.615678279561334918e+00,1.042570710683811130e+00,2.207538665570939251e+00,9.267588032275767551e-01,8.500000000000000611e-02,3.000000000000000000e+00,5.142701720558476634e+06
-6.367187732970398528e+00,1.414457494152464356e+00,1.988079980211761022e+00,4.192551505040560955e-01,8.500000000000000611e-02,3.000000000000000000e+00,5.142701720558476634e+06
-6.598977170156615557e+00,1.016503444303253456e+00,2.056142392678721897e+00,8.367963896980731286e-01,8.500000000000000611e-02,3.000000000000000000e+00,5.142701720558476634e+06
-6.544794819259622365e+00,1.312661096951376338e+00,2.111244920634094413e+00,5.634098490396538539e-01,8.500000000000000611e-02,3.000000000000000000e+00,5.142701720558476634e+06
-6.501106571839907033e+00,1.172031461102686078e+00,1.883250670152146533e+00,5.287143034584089740e-01,8.500000000000000611e-02,3.000000000000000000e+00,5.142701720558476634e+06
-6.345674383941389607e+00,1.516019593958933598e+00,2.026752636231810456e+00,4.850410154231054038e-01,8.500000000000000611e-02,3.000000000000000000e+00,5.142701720558476634e+06
-5.533893333591811903e+00,7.134312355675154205e-01,3.090021296387772676e-01,3.052558367181145149e-01,8.500000000000000611e-02,3.000000000000000000e+00,5.142701720558476634e+06
-5.926763850433696135e+00,1.421065956608285497e+00,1.317687877756893222e+00,7.810074196815183778e-02,8.500000000000000611e-02,3.000000000000000000e+00,5.142701720558476634e+06
-5.643073479546693250e+00,1.086194431338072253e+00,7.635640321713925704e-01,3.006853342801518170e-01,8.500000000000000611e-02,3.000000000000000000e+00,5.142701720558476634e+06
-5.786104762704502136e+00,1.288186248734130457e+00,1.014287674633280956e+00,9.830289322179860956e-02,8.500000000000000611e-02,3.000000000000000000e+00,5.142701720558476634e+06
-5.762346399669412200e+00,1.284298569807743151e+00,9.973491387116195650e-01,1.609817494311427954e-01,8.500000000000000611e-02,3.000000000000000000e+00,5.142701720558476634e+06
-5.509914975194549314e+00,1.110881845069237261e+00,4.820375884434806579e-01,6.422234447110689026e-02,8.500000000000000611e-02,3.000000000000000000e+00,5.142701720558476634e+06
-5.429657650513883382e+00,2.081666362710992590e+00,1.391073555350718305e+00,4.436722734421183478e-02,8.500000000000000611e-02,3.000000000000000000e+00,5.142701720558476634e+06
-5.765102888489877841e+00,1.943872407077924525e+00,1.649099136393978871e+00,7.260729635187704312e-02,8.500000000000000611e-02,3.000000000000000000e+00,5.142701720558476634e+06
-5.604933329355170635e+00,1.655097709534283368e+00,1.098511665851269026e+00,-1.431415448718355576e-01,8.500000000000000611e-02,3.000000000000000000e+00,5.142701720558476634e+06
-5.302985076383791352e+00,1.083406196562210155e+00,1.080290085371975461e-01,-4.052900945842107250e-01,8.500000000000000611e-02,3.000000000000000000e+00,5.142701720558476634e+06
-5.123131194449144665e+00,1.295539817000992189e+00,2.311019202606777734e-01,-2.623896123418217874e-01,8.500000000000000611e-02,3.000000000000000000e+00,5.142701720558476634e+06
-4.280067114732762690e+00,1.301942237132040603e+00,-9.051475648654629946e-01,-9.142442450725581926e-01,8.500000000000000611e-02,3.000000000000000000e+00,5.142701720558476634e+06
-5.291389552423304998e+00,8.786799760985073426e-01,4.477053199507152748e-02,-1.397945065762154493e-01,8.500000000000000611e-02,3.000000000000000000e+00,5.142701720558476634e+06
-5.377542082667711831e+00,8.284475291640909234e-01,1.784809113111456291e-01,1.325606758997254775e-01,8.500000000000000611e-02,3.000000000000000000e+00,5.142701720558476634e+06
-6.118418069137185000e+00,1.765098629813664832e+00,1.680574159826762060e+00,-2.728460645646271221e-01,8.500000000000000611e-02,3.000000000000000000e+00,5.142701720558476634e+06
-6.338559780097300589e+00,1.843679008730505942e+00,1.872116581891330567e+00,-4.711367708311317015e-01,8.500000000000000611e-02,3.000000000000000000e+00,5.142701720558476634e+06
-6.561737278880019453e+00,2.128629678541375636e+00,2.416519972564544982e+00,-4.497862470675027535e-01,8.500000000000000611e-02,3.000000000000000000e+00,5.142701720558476634e+06
-5.450617385424619599e+00,2.278926063398943658e+00,1.493894835898408324e+00,-2.486357227444793705e-01,8.500000000000000611e-02,3.000000000000000000e+00,5.142701720558476634e+06
-6.456566691030848126e+00,1.898825543745883637e+00,2.141551463564160596e+00,-1.616731133746990290e-01,8.500000000000000611e-02,3.000000000000000000e+00,5.142701720558476634e+06
-5.498404429322777176e+00,1.330698319976549415e+00,6.404735515280149949e-01,-1.975198629238024972e-01,8.500000000000000611e-02,3.000000000000000000e+00,5.142701720558476634e+06
-5.269465117428395295e+00,1.783752034996900937e+00,9.419505973586737024e-01,5.567161870821449310e-02,8.500000000000000611e-02,3.000000000000000000e+00,5.142701720558476634e+06
-5.176461394849028785e+00,2.292023677393684622e+00,1.299969638379556258e+00,-1.338917858926930160e-01,8.500000000000000611e-02,3.000000000000000000e+00,5.142701720558476634e+06
-5.617574208699549487e+00,2.837028375163010985e+00,2.380859688984927836e+00,3.794227178300488279e-02,8.500000000000000611e-02,3.000000000000000000e+00,5.142701720558476634e+06
-5.792007677823275635e+00,2.370093844088900337e+00,2.013966937311064243e+00,-1.611372563500446109e-01,8.500000000000000611e-02,3.000000000000000000e+00,5.142701720558476634e+06
-5.852167328273564451e+00,2.133992622698761554e+00,1.796341901603372371e+00,-3.295818162056057821e-01,8.500000000000000611e-02,3.000000000000000000e+00,5.142701720558476634e+06
-5.586854433175535206e+00,1.609648353374747209e+00,1.066173861557709435e+00,-7.276521903345267717e-02,8.500000000000000611e-02,3.000000000000000000e+00,5.142701720558476634e+06
-5.386112834348002032e+00,1.997540614746856846e+00,1.291025573009888738e+00,-9.855051132292236282e-02,8.500000000000000611e-02,3.000000000000000000e+00,5.142701720558476634e+06
-5.271041912491105208e+00,2.841402028790664946e+00,2.058903484898052749e+00,1.108397869741700736e-01,8.500000000000000611e-02,3.000000000000000000e+00,5.142701720558476634e+06
-5.055754732128850293e+00,2.542956898741610683e+00,1.468070788361850454e+00,1.737395458406254534e-02,8.500000000000000611e-02,3.000000000000000000e+00,5.142701720558476634e+06
-5.823301753728241437e+00,2.142446805788977393e+00,1.849949209579288656e+00,3.554015194096213359e-02,8.500000000000000611e-02,3.000000000000000000e+00,5.142701720558476634e+06
-6.374620268186070859e+00,1.722526425196280186e+00,2.143459070211367390e+00,2.987931476843617706e-01,8.500000000000000611e-02,3.000000000000000000e+00,5.142701720558476634e+06
-6.780762088394091336e+00,1.980172296548494026e+00,2.955605626526273344e+00,4.018461018904002646e-01,8.500000000000000611e-02,3.000000000000000000e+00,5.142701720558476634e+06
-6.541632726209352988e+00,2.011555842390931659e+00,2.614617039881994565e+00,1.996538652537500902e-01,8.500000000000000611e-02,3.000000000000000000e+00,5.142701720558476634e+06
-6.317007124681261132e+00,1.881857132793297138e+00,2.222500345709367942e+00,1.530354846317293349e-01,8.500000000000000611e-02,3.000000000000000000e+00,5.142701720558476634e+06
-5.920327734759792015e+00,1.629662105204773948e+00,1.507176495188308207e+00,1.312521587342492524e-01,8.500000000000000611e-02,3.000000000000000000e+00,5.142701720558476634e+06
-4.516369363198056597e+00,1.618593801566260426e+00,-5.016315611220800719e-02,-1.234685155429041670e-01,8.500000000000000611e-02,3.000000000000000000e+00,5.142701720558476634e+06
-5.415752775693039034e+00,1.777067281469356885e+00,9.864904333442643392e-01,-2.495441838754476893e-01,8.500000000000000611e-02,3.000000000000000000e+00,5.142701720558476634e+06
-5.153565701100243146e+00,2.017863547371441690e+00,9.564826604187260939e-01,-2.142085111506795148e-01,8.500000000000000611e-02,3.000000000000000000e+00,5.142701720558476634e+06
-5.149440079272203263e+00,2.156446156300353856e+00,1.192270094183930818e+00,-1.132526016384776194e-02,8.500000000000000611e-02,3.000000000000000000e+00,5.142701720558476634e+06
-6.643247567940575138e+00,1.192028558318413811e+00,2.086550634826942918e+00,4.239238395236447077e-01,8.500000000000000611e-02,3.000000000000000000e+00,5.142701720558476634e+06
-6.576772319797546729e+00,1.281331509736004293e+00,1.831608982302600941e+00,1.015900781299290956e-01,8.500000000000000611e-02,3.000000000000000000e+00,5.142701720558476634e+06
-6.352916596912661973e+00,9.988232691131900820e-01,1.189739750189718226e+00,-1.306254107874069703e-01,8.500000000000000611e-02,3.000000000000000000e+00,5.142701720558476634e+06
-6.592865584210116481e+00,1.164323209726664476e+00,1.693636419362520629e+00,3.114231345994211697e-02,8.500000000000000611e-02,3.000000000000000000e+00,5.142701720558476634e+06
-6.279002702761203203e+00,1.572919751021821355e+00,1.722998286463456985e+00,-5.710856617434001414e-02,8.500000000000000611e-02,3.000000000000000000e+00,5.142701720558476634e+06
-5.885725220987753303e+00,1.001514439399479262e+00,7.826845985703076991e-01,5.753480630559942161e-02,8.500000000000000611e-02,3.000000000000000000e+00,5.142701720558476634e+06
-5.354906194521824148e+00,1.391615202758139436e+00,5.143566921697013683e-01,-2.255237993921290207e-01,8.500000000000000611e-02,3.000000000000000000e+00,5.142701720558476634e+06
-5.717518343002936376e+00,1.639539978747962756e+00,1.077388674401558832e+00,-5.265019376831839848e-01,8.500000000000000611e-02,3.000000000000000000e+00,5.142701720558476634e+06
-5.795112298900380488e+00,1.163139501418847477e+00,6.004403890044588410e-01,-6.662422890283240529e-01,8.500000000000000611e-02,3.000000000000000000e+00,5.142701720558476634e+06
-6.793098793155511572e+00,4.846339493624971517e-01,1.176765618845118766e+00,-3.465060954564970208e-01,8.500000000000000611e-02,3.000000000000000000e+00,5.142701720558476634e+06
-5.904308408757602322e+00,1.428549067708946074e+00,1.285640860696088961e+00,-2.702452787546938406e-02,8.500000000000000611e-02,3.000000000000000000e+00,5.142701720558476634e+06
-5.866350916711014385e+00,1.461811212286775241e+00,1.122875118452182130e+00,-2.835663044423570311e-01,8.500000000000000611e-02,3.000000000000000000e+00,5.142701720558476634e+06
-6.124969498093964404e+00,8.844404309206131964e-01,7.760646640725070711e-01,-4.097213976267197744e-01,8.500000000000000611e-02,3.000000000000000000e+00,5.142701720558476634e+06
-6.287727095272727773e+00,1.099927386065757684e+00,1.192428181740068815e+00,-1.347715174303046881e-01,8.500000000000000611e-02,3.000000000000000000e+00,5.142701720558476634e+06
-6.508739205033666764e+00,1.572827196650917969e+00,2.024857622247226097e+00,-2.392473009938278494e-03,8.500000000000000611e-02,3.000000000000000000e+00,5.142701720558476634e+06
-6.659277943698773683e+00,1.612017432824377261e+00,2.028183720040511062e+00,-2.048805528398335296e-01,8.500000000000000611e-02,3.000000000000000000e+00,5.142701720558476634e+06
-6.574338390757108463e+00,1.803351344094634268e+00,1.980232959819689720e+00,-8.112394794953079469e-01,8.500000000000000611e-02,3.000000000000000000e+00,5.142701720558476634e+06
-6.573717932908124340e+00,2.086218256190067954e+00,2.522476810543293091e+00,-1.174247029565439054e-01,8.500000000000000611e-02,3.000000000000000000e+00,5.142701720558476634e+06
-6.315563115388359350e+00,2.485456672834714276e+00,2.455114957453272240e+00,-4.397820047806182964e-01,8.500000000000000611e-02,3.000000000000000000e+00,5.142701720558476634e+06
-6.142413565740270975e+00,2.560279521567511374e+00,2.386057194409509474e+00,-3.289087279447439061e-01,8.500000000000000611e-02,3.000000000000000000e+00,5.142701720558476634e+06
-5.784403522782339380e+00,2.085381983045866860e+00,1.675696338280044717e+00,-2.132846598566725538e-01,8.500000000000000611e-02,3.000000000000000000e+00,5.142701720558476634e+06
-5.514515700007685872e+00,2.961098298634121218e+00,2.163478353499134421e+00,-3.559613022245144420e-01,8.500000000000000611e-02,3.000000000000000000e+00,5.142701720558476634e+06
-5.874001726458963013e+00,2.519452177624580180e+00,2.161553067423117369e+00,-3.327006537381458906e-01,8.500000000000000611e-02,3.000000000000000000e+00,5.142701720558476634e+06
-6.167760280120115901e+00,2.520658461637923509e+00,2.608439173955628299e+00,-6.998294905772274588e-02,8.500000000000000611e-02,3.000000000000000000e+00,5.142701720558476634e+06
-5.997461635655785273e+00,2.459586651690294445e+00,2.369532289905937006e+00,2.304105320228032328e-03,8.500000000000000611e-02,3.000000000000000000e+00,5.142701720558476634e+06
-6.154130620651490524e+00,1.878551183122467716e+00,2.102414432537175415e+00,3.384612582402226066e-01,8.500000000000000611e-02,3.000000000000000000e+00,5.142701720558476634e+06
-5.569932466529626147e+00,2.688753552899435739e+00,2.210575903407652643e+00,9.549595218090947690e-02,8.500000000000000611e-02,3.000000000000000000e+00,5.142701720558476634e+06
-4.840943923548216787e+00,2.421353620542858298e+00,9.862060248374973082e-01,-2.995377968487709097e-01,8.500000000000000611e-02,3.000000000000000000e+00,5.142701720558476634e+06
-5.020520183729344055e+00,2.294053240489191570e+00,1.047685786593556712e+00,-2.977327542706404429e-01,8.500000000000000611e-02,3.000000000000000000e+00,5.142701720558476634e+06
-5.080703638043589265e+00,2.141184882862118055e+00,1.026780836016087717e+00,-2.183506225985936966e-01,8.500000000000000611e-02,3.000000000000000000e+00,5.142701720558476634e+06
-5.145419520084701048e+00,2.244239294842249599e+00,1.158376411615217538e+00,-2.835344493023225221e-01,8.500000000000000611e-02,3.000000000000000000e+00,5.142701720558476634e+06
-4.877985681262319240e+00,1.398391577134681762e+00,-5.548563349601298711e-03,-5.467200655323718461e-01,8.500000000000000611e-02,3.000000000000000000e+00,5.142701720558476634e+06
-5.147419964383407986e+00,1.115074147728807086e+00,-4.011820967889184741e-02,-6.743500260305168581e-01,8.500000000000000611e-02,3.000000000000000000e+00,5.142701720558476634e+06
-5.774462366831256688e+00,1.585681975259795928e+00,1.199331778088199574e+00,-2.216344199576623653e-01,8.500000000000000611e-02,3.000000000000000000e+00,5.142701720558476634e+06
-6.071232020449015998e+00,1.165685036539891639e+00,1.175883113407149461e+00,3.933826320899103113e-02,8.500000000000000611e-02,3.000000000000000000e+00,5.142701720558476634e+06
-6.186300546774806008e+00,9.842704831388446873e-01,1.125811288658213893e+00,6.606401331516378178e-03,8.500000000000000611e-02,3.000000000000000000e+00,5.142701720558476634e+06
-5.232300751336407707e+00,1.200123875385895600e+00,2.635551294839699743e-01,-2.744143738760968509e-01,8.500000000000000611e-02,3.000000000000000000e+00,5.142701720558476634e+06
-5.734668464334249371e+00,2.300548491601214440e+00,1.888887985121986191e+00,-2.777791102233686527e-01,8.500000000000000611e-02,3.000000000000000000e+00,5.142701720558476634e+06
-6.382311683908001854e+00,2.086596844633694658e+00,2.424370902532620775e+00,2.696824352764692900e-03,8.500000000000000611e-02,3.000000000000000000e+00,5.142701720558476634e+06
-6.501654711177219603e+00,1.985206735030580649e+00,2.474575999276761085e+00,2.285148266779454818e-02,8.500000000000000611e-02,3.000000000000000000e+00,5.142701720558476634e+06
-6.025882141290947125e+00,2.576630311818550290e+00,2.549101837111343194e+00,-5.976249707086223051e-02,8.500000000000000611e-02,3.000000000000000000e+00,5.142701720558476634e+06
-5.979095854934172394e+00,2.995871696371835924e+00,2.880547092070959714e+00,-1.302432773092573326e-01,8.500000000000000611e-02,3.000000000000000000e+00,5.142701720558476634e+06
-6.162138390400257570e+00,2.965033777353192512e+00,3.083438005962667816e+00,-3.871419318732638448e-02,8.500000000000000611e-02,3.000000000000000000e+00,5.142701720558476634e+06
-6.432555327884427854e+00,2.815066107465907130e+00,3.242800480871521174e+00,-2.391415206444374997e-02,8.500000000000000611e-02,3.000000000000000000e+00,5.142701720558476634e+06
-5.919342056568471122e+00,7.614719397097564624e-01,6.485131128586262284e-01,1.510887233523206807e-01,8.500000000000000611e-02,3.000000000000000000e+00,5.142701720558476634e+06
-5.773810927872475851e+00,1.006137356158878227e+00,7.651078945314652158e-01,1.975395045773617464e-01,8.500000000000000611e-02,3.000000000000000000e+00,5.142701720558476634e+06
-5.591287762251783811e+00,1.786499424536963421e+00,1.252917299167954468e+00,-1.207100679999805193e-01,8.500000000000000611e-02,3.000000000000000000e+00,5.142701720558476634e+06
-6.001262632150163867e+00,2.005094471299369463e+00,2.060776565775795710e+00,3.440740961670196163e-01,8.500000000000000611e-02,3.000000000000000000e+00,5.142701720558476634e+06
-5.930810813952600569e+00,2.038406606948791389e+00,1.959219719032431417e+00,1.437351831337376207e-01,8.500000000000000611e-02,3.000000000000000000e+00,5.142701720558476634e+06
-5.167818509913868041e+00,2.027332788313029432e+00,1.054564854098236415e+00,-1.012363011676807867e-01,8.500000000000000611e-02,3.000000000000000000e+00,5.142701720558476634e+06
-5.889186404016552245e+00,1.508452034829043553e+00,1.423462577539568175e+00,2.109156192083347925e-01,8.500000000000000611e-02,3.000000000000000000e+00,5.142701720558476634e+06
-6.088085140661627648e+00,1.249067119237356360e+00,1.465572138061061347e+00,4.068513779250757523e-01,8.500000000000000611e-02,3.000000000000000000e+00,5.142701720558476634e+06
-6.761102056162631158e+00,1.743678365278800158e+00,2.562390815191766702e+00,2.135077395650122611e-01,8.500000000000000611e-02,3.000000000000000000e+00,5.142701720558476634e+06
-7.552047408829245967e+00,1.452283741249225990e+00,3.345975841156232811e+00,5.914440298866607826e-01,8.500000000000000611e-02,3.000000000000000000e+00,5.142701720558476634e+06
-7.306023679210552402e+00,1.708769173121853502e+00,3.166036921080074062e+00,3.297596147454336935e-01,8.500000000000000611e-02,3.000000000000000000e+00,5.142701720558476634e+06
-6.183904528101229481e+00,1.237763337878816872e+00,1.377772908531322837e+00,9.801360021740368467e-02,8.500000000000000611e-02,3.000000000000000000e+00,5.142701720558476634e+06
-5.794078712974304324e+00,1.345418215135381068e+00,1.025483815329390591e+00,1.010920472932515524e-01,8.500000000000000611e-02,3.000000000000000000e+00,5.142701720558476634e+06
-5.890256862035587737e+00,8.561823200290266112e-01,7.926243941496027290e-01,2.758338997077328658e-01,8.500000000000000611e-02,3.000000000000000000e+00,5.142701720558476634e+06
-5.888548326283979506e+00,8.804054860883749889e-01,8.065299402386876260e-01,2.556067396238277389e-01,8.500000000000000611e-02,3.000000000000000000e+00,5.142701720558476634e+06
-5.801201444811120211e+00,1.018627601319466836e+00,7.909278742971023179e-01,9.183922335497307632e-02,8.500000000000000611e-02,3.000000000000000000e+00,5.142701720558476634e+06
-5.904746583589446374e+00,1.227146841623716789e+00,1.068577313238520565e+00,4.942928107817537442e-02,8.500000000000000611e-02,3.000000000000000000e+00,5.142701720558476634e+06
-5.652503385077372933e+00,7.555133089875225583e-01,4.317961516156632040e-01,1.966362247233210125e-01,8.500000000000000611e-02,3.000000000000000000e+00,5.142701720558476634e+06
-5.538353945810412959e+00,7.671318982855570567e-01,3.443485416685341249e-01,2.097787732127621985e-01,8.500000000000000611e-02,3.000000000000000000e+00,5.142701720558476634e+06
-5.074904866221786826e+00,5.972043540049299937e-01,-2.759234144916975495e-01,2.205919340416279129e-01,8.500000000000000611e-02,3.000000000000000000e+00,5.142701720558476634e+06
-5.096278688703503867e+00,1.635826257160130304e+00,6.135713437387106950e-01,7.116444888856798823e-02,8.500000000000000611e-02,3.000000000000000000e+00,5.142701720558476634e+06
-5.555276552830608061e+00,1.954150231431684759e+00,1.466843130700230313e+00,1.077051208917466918e-01,8.500000000000000611e-02,3.000000000000000000e+00,5.142701720558476634e+06
-5.578246430187302707e+00,1.787013529512262888e+00,1.386729933507821144e+00,1.550066217120343870e-01,8.500000000000000611e-02,3.000000000000000000e+00,5.142701720558476634e+06
-5.463500909338852907e+00,2.655528724824699260e+00,2.048852817806951609e+00,8.297493801066019303e-02,8.500000000000000611e-02,3.000000000000000000e+00,5.142701720558476634e+06
-4.977430467484993848e+00,2.860143297111044092e+00,1.593598208875771416e+00,-1.730874567597565639e-01,8.500000000000000611e-02,3.000000000000000000e+00,5.142701720558476634e+06
-5.229906523549408881e+00,2.456048107623008736e+00,1.365131412284959156e+00,-2.669026320511301842e-01,8.500000000000000611e-02,3.000000000000000000e+00,5.142701720558476634e+06
-5.783211887972363741e+00,1.901867557470628523e+00,1.520143735893403125e+00,-5.390518107258951419e-02,8.500000000000000611e-02,3.000000000000000000e+00,5.142701720558476634e+06
-5.477830340244845608e+00,1.547689846630800004e+00,8.133641760779415364e-01,-1.504560294417761068e-01,8.500000000000000611e-02,3.000000000000000000e+00,5.142701720558476634e+06
-4.910594667402041757e+00,1.743192525438705953e+00,4.223826710998153100e-01,-1.701229419977081381e-01,8.500000000000000611e-02,3.000000000000000000e+00,5.142701720558476634e+06
-5.114605648014903139e+00,1.482733428529196651e+00,4.231626149156557659e-01,-1.378135418463713180e-01,8.500000000000000611e-02,3.000000000000000000e+00,5.142701720558476634e+06
-4.895363599247181341e+00,1.424793175414200697e+00,7.592306737277362827e-02,-2.463840795274532813e-01,8.500000000000000611e-02,3.000000000000000000e+00,5.142701720558476634e+06
-4.931148008233973812e+00,1.594435595277553963e+00,2.096377834571157006e-01,-5.448383599034578584e-01,8.500000000000000611e-02,3.000000000000000000e+00,5.142701720558476634e+06
-5.210051668146808979e+00,1.600282451624065683e+00,5.690776463970592669e-01,-3.527725968464731077e-01,8.500000000000000611e-02,3.000000000000000000e+00,5.142701720558476634e+06
-4.969728457791513954e+00,1.611158647503236230e+00,2.411770991713497736e-01,-4.329343519456023692e-01,8.500000000000000611e-02,3.000000000000000000e+00,5.142701720558476634e+06
-6.206307150691317887e+00,1.332348060343277574e+00,1.373327709426538590e+00,-1.839031437845035089e-01,8.500000000000000611e-02,3.000000000000000000e+00,5.142701720558476634e+06
-6.114109780185562393e+00,6.630851560354752428e-01,5.384844866527302987e-01,-3.712031906363322253e-01,8.500000000000000611e-02,3.000000000000000000e+00,5.142701720558476634e+06
-5.932247801831272760e+00,1.136980921333443861e+00,7.941338348214665999e-01,-5.492981618969530189e-01,8.500000000000000611e-02,3.000000000000000000e+00,5.142701720558476634e+06
-5.728901379038082275e+00,1.872939136208222166e+00,1.366240423035336216e+00,-3.479173055893234889e-01,8.500000000000000611e-02,3.000000000000000000e+00,5.142701720558476634e+06
-6.100604988864968270e+00,1.878776618993906578e+00,1.830064046634549690e+00,-8.039135453160015099e-02,8.500000000000000611e-02,3.000000000000000000e+00,5.142701720558476634e+06
-6.482855346971361676e+00,1.733725592318440256e+00,2.184516581995562312e+00,-1.044423886475112639e-02,8.500000000000000611e-02,3.000000000000000000e+00,5.142701720558476634e+06
-5.971197581478145722e+00,1.364856893201503052e+00,1.356233163872484937e+00,1.610642433684885411e-01,8.500000000000000611e-02,3.000000000000000000e+00,5.142701720558476634e+06
-6.808453216145541553e+00,1.715609230993897283e+00,2.619107276111715787e+00,2.787870862653500370e-01,8.500000000000000611e-02,3.000000000000000000e+00,5.142701720558476634e+06
-7.217366998097404895e+00,2.590563222595558379e+00,3.924111657968026634e+00,4.132139141727120268e-01,8.500000000000000611e-02,3.000000000000000000e+00,5.142701720558476634e+06
-6.575184094143702751e+00,2.597523420624834323e+00,3.188980792603900660e+00,2.083132126188241562e-01,8.500000000000000611e-02,3.000000000000000000e+00,5.142701720558476634e+06
-6.733236767762377006e+00,2.729747943187946113e+00,3.543515976244672405e+00,3.549023339389260068e-01,8.500000000000000611e-02,3.000000000000000000e+00,5.142701720558476634e+06
-6.174517120457146291e+00,2.532688796979294388e+00,2.706463080175174341e+00,2.233898656425439833e-01,8.500000000000000611e-02,3.000000000000000000e+00,5.142701720558476634e+06
-6.302195113058647991e+00,2.896375289914153495e+00,3.176684051178171764e+00,2.159493395463303322e-01,8.500000000000000611e-02,3.000000000000000000e+00,5.142701720558476634e+06
-6.535469334109873074e+00,2.661453675659144480e+00,3.241631064240185545e+00,3.873708002219515834e-01,8.500000000000000611e-02,3.000000000000000000e+00,5.142701720558476634e+06
-6.041379778679907275e+00,2.660479878636470730e+00,2.661335908045511456e+00,1.513245172955280382e-01,8.500000000000000611e-02,3.000000000000000000e+00,5.142701720558476634e+06
-6.282894788600360769e+00,2.910552338000358397e+00,3.181363498178219729e+00,2.158472597497849976e-01,8.500000000000000611e-02,3.000000000000000000e+00,5.142701720558476634e+06
-6.247047906870070832e+00,2.692443509812569413e+00,2.970779818758435553e+00,1.454982608019703139e-01,8.500000000000000611e-02,3.000000000000000000e+00,5.142701720558476634e+06
-5.878787328688019898e+00,2.926419114633040053e+00,2.827191331515464867e+00,1.938363122006865058e-01,8.500000000000000611e-02,3.000000000000000000e+00,5.142701720558476634e+06
-6.683581953114687835e+00,2.835635298065258603e+00,3.608284847540339513e+00,3.782976912836213401e-01,8.500000000000000611e-02,3.000000000000000000e+00,5.142701720558476634e+06
-6.617807208193116963e+00,1.858986161242707880e+00,2.856371335219630048e+00,6.938185612347369524e-01,8.500000000000000611e-02,3.000000000000000000e+00,5.142701720558476634e+06
-6.765456153551034468e+00,2.595417054768274223e+00,3.913563883305691604e+00,9.037393202820976912e-01,8.500000000000000611e-02,3.000000000000000000e+00,5.142701720558476634e+06
-6.765456153551034468e+00,2.595417054768274223e+00,3.913563883305691604e+00,9.037393202820976912e-01,8.500000000000000611e-02,3.000000000000000000e+00,5.142701720558476634e+06
-6.274628407587654166e+00,2.648993355614954748e+00,3.976474378647883334e+00,1.552656024201471752e+00,8.500000000000000611e-02,3.000000000000000000e+00,5.142701720558476634e+06
-6.274628407587654166e+00,2.648993355614954748e+00,3.976474378647883334e+00,1.552656024201471752e+00,8.500000000000000611e-02,3.000000000000000000e+00,5.142701720558476634e+06
-6.249938326745126282e+00,2.542871435233182709e+00,3.742864504926408653e+00,1.398981044074683489e+00,8.500000000000000611e-02,3.000000000000000000e+00,5.142701720558476634e+06
-6.249938326745126282e+00,2.542871435233182709e+00,3.742864504926408653e+00,1.398981044074683489e+00,8.500000000000000611e-02,3.000000000000000000e+00,5.142701720558476634e+06
-6.249938326745126282e+00,2.542871435233182709e+00,3.742864504926408653e+00,1.398981044074683489e+00,8.500000000000000611e-02,3.000000000000000000e+00,5.142701720558476634e+06
-6.275876136509504377e+00,2.508793642316159200e+00,3.701449949240748438e+00,1.361210384535412654e+00,8.500000000000000611e-02,3.000000000000000000e+00,5.142701720558476634e+06
-6.298732768471855259e+00,2.496723573335759117e+00,3.755895350386600384e+00,1.424012181110019037e+00,8.500000000000000611e-02,3.000000000000000000e+00,5.142701720558476634e+06
-6.311332534409411110e+00,2.477914300760050814e+00,3.699380356434375017e+00,1.353383847444931121e+00,8.500000000000000611e-02,3.000000000000000000e+00,5.142701720558476634e+06
-6.296472624986999556e+00,2.508085283921494213e+00,3.747562715378993659e+00,1.393177344825595076e+00,8.500000000000000611e-02,3.000000000000000000e+00,5.142701720558476634e+06
-6.296472624986999556e+00,2.508085283921494213e+00,3.747562715378993659e+00,1.393177344825595076e+00,8.500000000000000611e-02,3.000000000000000000e+00,5.142701720558476634e+06
-6.270972495352046927e+00,2.568314269082227597e+00,3.842254286942290875e+00,1.446964845254736787e+00,8.500000000000000611e-02,3.000000000000000000e+00,5.142701720558476634e+06
-6.254851130578816587e+00,2.578714568827917830e+00,3.875182451753303781e+00,1.501156371689483793e+00,8.500000000000000611e-02,3.000000000000000000e+00,5.142701720558476634e+06
-6.254851130578816587e+00,2.578714568827917830e+00,3.875182451753303781e+00,1.501156371689483793e+00,8.500000000000000611e-02,3.000000000000000000e+00,5.142701720558476634e+06
-6.254851130578816587e+00,2.578714568827917830e+00,3.875182451753303781e+00,1.501156371689483793e+00,8.500000000000000611e-02,3.000000000000000000e+00,5.142701720558476634e+06
-6.267952735109375340e+00,2.561574881430584760e+00,3.815919267666804338e+00,1.427835961904178053e+00,8.500000000000000611e-02,3.000000000000000000e+00,5.142701720558476634e+06
-6.351128198809184333e+00,2.479201313501036452e+00,3.684643949199795543e+00,1.278258249629075749e+00,8.500000000000000611e-02,3.000000000000000000e+00,5.142701720558476634e+06
-6.356281487997769375e+00,1.596501428481937879e+00,1.908053653116326132e+00,1.970922561906013892e-01,8.500000000000000611e-02,3.000000000000000000e+00,5.142701720558476634e+06
-6.899414203398857026e+00,1.243064084475418829e+00,2.023135541865299203e+00,4.307035010209037118e-02,8.500000000000000611e-02,3.000000000000000000e+00,5.142701720558476634e+06
-6.185667770071341387e+00,1.456312781778024812e+00,1.605956353549122806e+00,1.623639728568727070e-01,8.500000000000000611e-02,3.000000000000000000e+00,5.142701720558476634e+06
-6.030808608203568788e+00,1.676452221330734016e+00,1.749129312769710731e+00,3.509218444047551011e-01,8.500000000000000611e-02,3.000000000000000000e+00,5.142701720558476634e+06
-5.899241305252634682e+00,1.500175813695948879e+00,1.225884046366292557e+00,-3.555825529531043694e-01,8.500000000000000611e-02,3.000000000000000000e+00,5.142701720558476634e+06
-6.427156187005213184e+00,2.004383239573140241e+00,2.098067462295855279e+00,-4.826198886492226170e-01,8.500000000000000611e-02,3.000000000000000000e+00,5.142701720558476634e+06
-6.200778149759280211e+00,1.307970436054974206e+00,1.340069573361772015e+00,-1.609601685366310042e-01,8.500000000000000611e-02,3.000000000000000000e+00,5.142701720558476634e+06
-6.541320031634631604e+00,1.155050980402873240e+00,1.511220227044839381e+00,-5.993071680134531842e-02,8.500000000000000611e-02,3.000000000000000000e+00,5.142701720558476634e+06
-6.787606299919174191e+00,1.963590500135722561e+00,2.801294830915104228e+00,2.610845619430280928e-01,8.500000000000000611e-02,3.000000000000000000e+00,5.142701720558476634e+06
-6.061057241642333615e+00,1.391436653582581950e+00,1.518807342749716849e+00,3.422385361554871053e-01,8.500000000000000611e-02,3.000000000000000000e+00,5.142701720558476634e+06
-6.402836136556024016e+00,1.155796658197477234e+00,1.735321497736899587e+00,4.381855591805941530e-01,8.500000000000000611e-02,3.000000000000000000e+00,5.142701720558476634e+06
-7.145891887813792920e+00,5.894884785875091904e-01,2.107960401116274696e+00,6.162927931838063644e-01,8.500000000000000611e-02,3.000000000000000000e+00,5.142701720558476634e+06
-6.855377015271327146e+00,7.740790240390356125e-01,1.944563809474233906e+00,4.716539206384668947e-01,8.500000000000000611e-02,3.000000000000000000e+00,5.142701720558476634e+06
-6.815967393144509501e+00,7.465692631511855470e-01,1.751279990457802249e+00,2.336799711904824495e-01,8.500000000000000611e-02,3.000000000000000000e+00,5.142701720558476634e+06
-6.348497446681386158e+00,1.063313742732297174e+00,1.472687569680665831e+00,9.499006934744061437e-02,8.500000000000000611e-02,3.000000000000000000e+00,5.142701720558476634e+06
-6.029017663274227168e+00,6.531247709202141483e-01,7.335211317368302009e-01,9.019355806191578506e-02,8.500000000000000611e-02,3.000000000000000000e+00,5.142701720558476634e+06
-5.580546072604207986e+00,8.609927956817213790e-01,3.554993862155713114e-01,-7.946951486338821313e-02,8.500000000000000611e-02,3.000000000000000000e+00,5.142701720558476634e+06
-5.707985093996454040e+00,9.295223697321035594e-01,5.664545534275191585e-01,-5.231368983638756687e-02,8.500000000000000611e-02,3.000000000000000000e+00,5.142701720558476634e+06
-5.506309871906791109e+00,2.026253361774047246e+00,1.435212410381393466e+00,-1.198170615030844099e-02,8.500000000000000611e-02,3.000000000000000000e+00,5.142701720558476634e+06
-5.811437369392915109e+00,1.660248843459654289e+00,1.419822411516337812e+00,5.525160559128977633e-02,8.500000000000000611e-02,3.000000000000000000e+00,5.142701720558476634e+06
-5.717191801180198318e+00,1.641733361230576449e+00,1.252436176440449911e+00,-2.099456508326488779e-01,8.500000000000000611e-02,3.000000000000000000e+00,5.142701720558476634e+06
-5.494361325934831619e+00,2.039700281506519275e+00,1.137941427129838701e+00,-8.206388648342507475e-01,8.500000000000000611e-02,3.000000000000000000e+00,5.142701720558476634e+06
-5.602691810105203452e+00,1.885828788825702151e+00,1.033912304882257160e+00,-1.028582077559633046e+00,8.500000000000000611e-02,3.000000000000000000e+00,5.142701720558476634e+06
-5.602691810105203452e+00,1.885828788825702151e+00,1.033912304882257160e+00,-1.028582077559633046e+00,8.500000000000000611e-02,3.000000000000000000e+00,5.142701720558476634e+06
-5.416390710881492154e+00,1.994957801383982599e+00,1.255915294275406158e+00,-2.033701983074462372e-01,8.500000000000000611e-02,3.000000000000000000e+00,5.142701720558476634e+06
-4.289812911784080640e+00,1.378825399931461693e+00,-6.313143479259912816e-01,-5.117317462629937808e-01,8.500000000000000611e-02,3.000000000000000000e+00,5.142701720558476634e+06
-5.252000632680843495e+00,2.167867239263907120e+00,1.192836450723190556e+00,-3.118684738233838405e-01,8.500000000000000611e-02,3.000000000000000000e+00,5.142701720558476634e+06
-5.412787996194673212e+00,2.107776817769438260e+00,1.262264610939235920e+00,-3.884240977444215481e-01,8.500000000000000611e-02,3.000000000000000000e+00,5.142701720558476634e+06
-5.911389114848945248e+00,2.570500926147976983e+00,2.196813959177002396e+00,-5.023241772700622887e-01,8.500000000000000611e-02,3.000000000000000000e+00,5.142701720558476634e+06
-6.113170880836941379e+00,2.799907301704335882e+00,2.838921124348670944e+00,1.086893382149649034e-01,8.500000000000000611e-02,3.000000000000000000e+00,5.142701720558476634e+06
-6.011051722838629097e+00,2.870452264301972978e+00,2.804788249685564061e+00,7.856849530881432342e-02,8.500000000000000611e-02,3.000000000000000000e+00,5.142701720558476634e+06
-6.171487497898988650e+00,2.746219551156855676e+00,2.835233450887232109e+00,-1.302707172412982672e-02,8.500000000000000611e-02,3.000000000000000000e+00,5.142701720558476634e+06
-6.265786227132521091e+00,2.956085893890451732e+00,3.172235729346459365e+00,7.278354515270843428e-02,8.500000000000000611e-02,3.000000000000000000e+00,5.142701720558476634e+06
-6.741213915283625902e+00,2.533757396648626870e+00,3.328983295948455101e+00,1.580812638011405147e-01,8.500000000000000611e-02,3.000000000000000000e+00,5.142701720558476634e+06
-6.564576228604023456e+00,2.021523691389394806e+00,2.610377249806866029e+00,2.170375386516330829e-01,8.500000000000000611e-02,3.000000000000000000e+00,5.142701720558476634e+06
-6.089901080597343253e+00,1.235651317434191876e+00,1.330721545097574232e+00,1.063148474459302828e-01,8.500000000000000611e-02,3.000000000000000000e+00,5.142701720558476634e+06
-6.346634853905588791e+00,5.386257162689270794e-01,1.084247680745483056e+00,3.780428703531488743e-01,8.500000000000000611e-02,3.000000000000000000e+00,5.142701720558476634e+06
-6.061162328303686841e+00,8.420907340629528726e-01,9.427612635517110817e-01,1.705077924354124197e-01,8.500000000000000611e-02,3.000000000000000000e+00,5.142701720558476634e+06
-5.951691101408298046e+00,1.018659727963703299e+00,9.389975053201479183e-01,5.888871542005405524e-02,8.500000000000000611e-02,3.000000000000000000e+00,5.142701720558476634e+06
-6.420730078017967912e+00,2.493907412437089466e+00,3.117512385575653688e+00,6.440639896558866262e-01,8.500000000000000611e-02,3.000000000000000000e+00,5.142701720558476634e+06
-5.878096460649908650e+00,1.041941570313288601e+00,1.035896932273677962e+00,4.737220187765323054e-01,8.500000000000000611e-02,3.000000000000000000e+00,5.142701720558476634e+06
-5.572756331272298524e+00,2.072789169814295285e+00,1.525952437122112482e+00,2.500677226599046232e-02,8.500000000000000611e-02,3.000000000000000000e+00,5.142701720558476634e+06
-5.408469144083077218e+00,2.286009630195347420e+00,1.607692516050535758e+00,8.008277423249654525e-02,8.500000000000000611e-02,3.000000000000000000e+00,5.142701720558476634e+06
-5.102020725760673336e+00,1.656884338106660470e+00,6.163321609459517791e-01,-1.272179683930431404e-02,8.500000000000000611e-02,3.000000000000000000e+00,5.142701720558476634e+06
-5.375275338823667148e+00,1.648388631895818524e+00,9.376465761818817413e-01,4.319387103361460589e-02,8.500000000000000611e-02,3.000000000000000000e+00,5.142701720558476634e+06
-5.526085945880102379e+00,8.166069405842590889e-01,3.227665969304187588e-01,1.448047307583973931e-01,8.500000000000000611e-02,3.000000000000000000e+00,5.142701720558476634e+06
-5.785375203640990449e+00,9.016403834528564643e-01,6.878914641668568697e-01,1.424951231630158244e-01,8.500000000000000611e-02,3.000000000000000000e+00,5.142701720558476634e+06
-6.089138378475277058e+00,1.117123407382007327e+00,1.163824116958696697e+00,9.651859239989907246e-02,8.500000000000000611e-02,3.000000000000000000e+00,5.142701720558476634e+06
-6.122460984957082353e+00,1.032947348704491120e+00,1.279460926014502009e+00,3.843853732368432419e-01,8.500000000000000611e-02,3.000000000000000000e+00,5.142701720558476634e+06
-6.085208073795372208e+00,9.753393778560406346e-01,1.109789575928300964e+00,1.834540278871705787e-01,8.500000000000000611e-02,3.000000000000000000e+00,5.142701720558476634e+06
-4.885838704501480834e+00,7.337038517552123551e-01,-4.489025726625359702e-01,-1.324712370973789854e-01,8.500000000000000611e-02,3.000000000000000000e+00,5.142701720558476634e+06
-5.804966401823849154e+00,7.199175274756636211e-01,4.223468132315173484e-01,-2.113796872720390962e-01,8.500000000000000611e-02,3.000000000000000000e+00,5.142701720558476634e+06
-5.867371413990608353e+00,1.280577365541394785e+00,1.171636778567834991e+00,1.338984473491385274e-01,8.500000000000000611e-02,3.000000000000000000e+00,5.142701720558476634e+06
-5.089411298992666310e+00,1.006146864221211468e+00,-9.280501117933992461e-03,-1.196238342444423397e-01,8.500000000000000611e-02,3.000000000000000000e+00,5.142701720558476634e+06
-6.284911301846646481e+00,2.151106466717093380e+00,2.516338471163605206e+00,1.743914773223126935e-01,8.500000000000000611e-02,3.000000000000000000e+00,5.142701720558476634e+06
-7.233558132523524087e+00,1.453955970637331285e+00,3.137949678204010606e+00,7.764761204087515800e-01,8.500000000000000611e-02,3.000000000000000000e+00,5.142701720558476634e+06
-7.189395500895923163e+00,1.583685206186952410e+00,3.429582761350892461e+00,1.118972568624201580e+00,8.500000000000000611e-02,3.000000000000000000e+00,5.142701720558476634e+06
-6.887854502865911499e+00,1.567690928821014795e+00,3.043886573565341980e+00,1.005670740610354663e+00,8.500000000000000611e-02,3.000000000000000000e+00,5.142701720558476634e+06
-6.698930846734563183e+00,1.508709096176625186e+00,2.735222408919214310e+00,9.036263815499456786e-01,8.500000000000000611e-02,3.000000000000000000e+00,5.142701720558476634e+06
-6.783624881934551709e+00,1.438382847847559320e+00,2.805838601528674481e+00,9.831065743318539996e-01,8.500000000000000611e-02,3.000000000000000000e+00,5.142701720558476634e+06
-6.757786826965416438e+00,1.425875056321256107e+00,2.738989249548478888e+00,9.383162828032484137e-01,8.500000000000000611e-02,3.000000000000000000e+00,5.142701720558476634e+06
-6.057611204495585433e+00,2.571533556236654583e+00,2.664406555463377124e+00,2.680218390469059631e-01,8.500000000000000611e-02,3.000000000000000000e+00,5.142701720558476634e+06
-6.821138646533997374e+00,2.707738401995719801e+00,3.752179910079018743e+00,5.832242744242314147e-01,8.500000000000000611e-02,3.000000000000000000e+00,5.142701720558476634e+06
-6.682577411006368706e+00,2.471775761364816582e+00,3.334929218078057644e+00,4.576513006193598798e-01,8.500000000000000611e-02,3.000000000000000000e+00,5.142701720558476634e+06
-6.818272138350901734e+00,2.317322982871894865e+00,3.451665381993994419e+00,6.128965121412923711e-01,8.500000000000000611e-02,3.000000000000000000e+00,5.142701720558476634e+06
-7.182677515752268427e+00,2.260739820110780673e+00,3.892147898503934833e+00,8.121332542479384742e-01,8.500000000000000611e-02,3.000000000000000000e+00,5.142701720558476634e+06
-6.994491398614966826e+00,2.082365329120842823e+00,3.487722659674815429e+00,7.617817560108479658e-01,8.500000000000000611e-02,3.000000000000000000e+00,5.142701720558476634e+06
-6.568142281281847517e+00,2.992936424176804167e+00,3.754242880398490190e+00,4.022959715361892341e-01,8.500000000000000611e-02,3.000000000000000000e+00,5.142701720558476634e+06
-6.453046282449955484e+00,2.920959591469070915e+00,3.363491685311262636e+00,2.871800205141250562e-02,8.500000000000000611e-02,3.000000000000000000e+00,5.142701720558476634e+06
-5.830585936500359168e+00,2.774919001497080373e+00,2.548100960485585986e+00,-2.268599400163851670e-02,8.500000000000000611e-02,3.000000000000000000e+00,5.142701720558476634e+06
-7.241282846304552656e+00,2.485277488292193748e+00,3.783994320174026704e+00,1.453539393925004086e-01,8.500000000000000611e-02,3.000000000000000000e+00,5.142701720558476634e+06
-6.605471708850605417e+00,2.865263285355066358e+00,3.510850238711729965e+00,3.001095333136449828e-02,8.500000000000000611e-02,3.000000000000000000e+00,5.142701720558476634e+06
-6.156680572766197734e+00,1.195963785753030528e+00,1.201946997038355835e+00,-2.131607482977569967e-01,8.500000000000000611e-02,3.000000000000000000e+00,5.142701720558476634e+06
-6.166679115301367808e+00,1.244082232870193261e+00,1.332745107131818374e+00,-1.208774015711634453e-01,8.500000000000000611e-02,3.000000000000000000e+00,5.142701720558476634e+06
-6.031501627708419022e+00,1.677278514417822608e+00,1.430183168494390644e+00,-4.330375490960164941e-01,8.500000000000000611e-02,3.000000000000000000e+00,5.142701720558476634e+06
-6.185242178116022060e+00,1.854243224836607862e+00,1.767692812622182696e+00,-4.383612558740904719e-01,8.500000000000000611e-02,3.000000000000000000e+00,5.142701720558476634e+06
-5.744465262989251642e+00,2.083557811178942121e+00,1.574100978579672017e+00,-2.887865420026952679e-01,8.500000000000000611e-02,3.000000000000000000e+00,5.142701720558476634e+06
-5.474836034876066293e+00,2.297353115406869595e+00,1.477296943606226431e+00,-5.663294704846832950e-01,8.500000000000000611e-02,3.000000000000000000e+00,5.142701720558476634e+06
-5.084356826641539762e+00,2.634798133957201749e+00,1.274866804865570913e+00,-9.323670248745175027e-01,8.500000000000000611e-02,3.000000000000000000e+00,5.142701720558476634e+06
-5.436562461818804870e+00,2.629012159829470008e+00,1.645515170117565873e+00,-7.930144986060682077e-01,8.500000000000000611e-02,3.000000000000000000e+00,5.142701720558476634e+06
-5.323800377116879368e+00,2.737985305875242137e+00,1.660433774847745347e+00,-5.125328858906177398e-01,8.500000000000000611e-02,3.000000000000000000e+00,5.142701720558476634e+06
-5.484463988170583448e+00,2.150168311779332875e+00,1.352788620120881413e+00,-4.150937450868279477e-01,8.500000000000000611e-02,3.000000000000000000e+00,5.142701720558476634e+06
-5.005776961256776403e+00,2.349305161635313777e+00,9.304329995659390562e-01,-6.639506781187086704e-01,8.500000000000000611e-02,3.000000000000000000e+00,5.142701720558476634e+06
-5.569220296275690707e+00,1.746758278038817558e+00,1.044992931032075356e+00,-3.914508290480069874e-01,8.500000000000000611e-02,3.000000000000000000e+00,5.142701720558476634e+06
-5.354521111242212861e+00,1.639250358135428964e+00,7.704861872370025733e-01,-3.773634123808276564e-01,8.500000000000000611e-02,3.000000000000000000e+00,5.142701720558476634e+06
-5.848881393868840206e+00,2.027691918736858057e+00,1.788405693682111774e+00,-6.881909854185450093e-02,8.500000000000000611e-02,3.000000000000000000e+00,5.142701720558476634e+06
-5.129528935624247943e+00,2.468611217168370953e+00,1.306531183649687122e+00,-3.347480202892959555e-01,8.500000000000000611e-02,3.000000000000000000e+00,5.142701720558476634e+06
-5.204483727999210885e+00,2.548297088094596763e+00,1.490406080015393542e+00,-2.953142632504672238e-01,8.500000000000000611e-02,3.000000000000000000e+00,5.142701720558476634e+06
-5.363366095270857059e+00,1.841106937546801214e+00,1.217537474852641965e+00,8.992045204596049723e-02,8.500000000000000611e-02,3.000000000000000000e+00,5.142701720558476634e+06
-5.237827709581067914e+00,1.137876851062498584e+00,7.287045142169323864e-02,-4.184690643139049038e-01,8.500000000000000611e-02,3.000000000000000000e+00,5.142701720558476634e+06
-6.804531058483589412e+00,2.350735260001423743e+00,3.627557411964842604e+00,8.361503878915292898e-01,8.500000000000000611e-02,3.000000000000000000e+00,5.142701720558476634e+06
-6.897633908448665530e+00,2.389222500347603972e+00,3.565677549414509429e+00,5.242196616234885420e-01,8.500000000000000611e-02,3.000000000000000000e+00,5.142701720558476634e+06
-7.009861225669100193e+00,2.319407974571157993e+00,3.679389037536442864e+00,6.552819133346470259e-01,8.500000000000000611e-02,3.000000000000000000e+00,5.142701720558476634e+06
-6.819018470823349887e+00,2.697889476976108369e+00,3.953065911065937854e+00,7.573276123054714093e-01,8.500000000000000611e-02,3.000000000000000000e+00,5.142701720558476634e+06
-6.816621198340984122e+00,2.622868896620552004e+00,3.881604310910791167e+00,7.362187216504298970e-01,8.500000000000000611e-02,3.000000000000000000e+00,5.142701720558476634e+06
-6.822465165556494071e+00,2.489899657288894730e+00,3.716567435735896652e+00,7.092683650879626489e-01,8.500000000000000611e-02,3.000000000000000000e+00,5.142701720558476634e+06
-6.843625127597417368e+00,2.492952375264166243e+00,3.872421197375116808e+00,9.124601519797344018e-01,8.500000000000000611e-02,3.000000000000000000e+00,5.142701720558476634e+06
-6.392960648374422128e+00,2.163007886431104421e+00,2.505105104908032398e+00,2.340716414534661088e-02,8.500000000000000611e-02,3.000000000000000000e+00,5.142701720558476634e+06
-6.294557402611571817e+00,2.537829402846493831e+00,2.765820113478432596e+00,8.407802619140786193e-02,8.500000000000000611e-02,3.000000000000000000e+00,5.142701720558476634e+06
-6.158896697048683144e+00,1.858791641218104695e+00,2.063747523292025488e+00,3.161204865093449334e-01,8.500000000000000611e-02,3.000000000000000000e+00,5.142701720558476634e+06
-5.902020006938263563e+00,1.772816486023236493e+00,1.671724345085821906e+00,1.881571585404939739e-01,8.500000000000000611e-02,3.000000000000000000e+00,5.142701720558476634e+06
-6.088261228509012746e+00,1.216774370461021659e+00,1.518587165627450553e+00,5.831863684326786812e-01,8.500000000000000611e-02,3.000000000000000000e+00,5.142701720558476634e+06
-6.362102910342073869e+00,9.336634258759675120e-01,1.528993339898425230e+00,5.660195030772676716e-01,8.500000000000000611e-02,3.000000000000000000e+00,5.142701720558476634e+06
-6.146165494831812737e+00,8.931025939758501231e-01,1.273028440861081467e+00,5.667462651333391443e-01,8.500000000000000611e-02,3.000000000000000000e+00,5.142701720558476634e+06
-5.867927562485838244e+00,9.580060673487238443e-01,9.714079823410685099e-01,2.797561919804619213e-01,8.500000000000000611e-02,3.000000000000000000e+00,5.142701720558476634e+06
-5.823356302151390551e+00,5.010336209460597434e-01,7.156287772737365271e-01,6.007036506070959625e-01,8.500000000000000611e-02,3.000000000000000000e+00,5.142701720558476634e+06
-5.882957834203339509e+00,8.910671373357171854e-01,1.342816250919580900e+00,9.659165646274021633e-01,8.500000000000000611e-02,3.000000000000000000e+00,5.142701720558476634e+06
-5.807862852442864821e+00,6.661493035146632824e-01,9.802603452169993403e-01,8.031636050314384656e-01,8.500000000000000611e-02,3.000000000000000000e+00,5.142701720558476634e+06
-6.035435520134541321e+00,7.015334643228221534e-01,1.251512556692240707e+00,8.424278463712759901e-01,8.500000000000000611e-02,3.000000000000000000e+00,5.142701720558476634e+06
-5.725904939622986412e+00,7.074528296735425048e-01,9.038656053182045902e-01,7.759585289273784880e-01,8.500000000000000611e-02,3.000000000000000000e+00,5.142701720558476634e+06
-6.041943594567485754e+00,1.340737600768454829e+00,1.817064478150279161e+00,8.030164726890229865e-01,8.500000000000000611e-02,3.000000000000000000e+00,5.142701720558476634e+06
-6.045599561758812968e+00,1.344832365401671392e+00,1.820183473554283005e+00,7.958794123111789798e-01,8.500000000000000611e-02,3.000000000000000000e+00,5.142701720558476634e+06
-6.545597831034926095e+00,1.421152007220521041e+00,2.328414399905538446e+00,6.941613210664410172e-01,8.500000000000000611e-02,3.000000000000000000e+00,5.142701720558476634e+06
-6.709944737957552974e+00,1.298778897226277262e+00,2.498428378787020510e+00,8.881915031558133000e-01,8.500000000000000611e-02,3.000000000000000000e+00,5.142701720558476634e+06
-6.679828739049279207e+00,1.315006594195331946e+00,2.467243928055594893e+00,8.592915375736900341e-01,8.500000000000000611e-02,3.000000000000000000e+00,5.142701720558476634e+06
-6.798392143073997751e+00,1.239759358138158074e+00,2.520782379754440861e+00,8.425798734617808705e-01,8.500000000000000611e-02,3.000000000000000000e+00,5.142701720558476634e+06
-6.982952502259250238e+00,1.494567461758641080e+00,2.927146847674237939e+00,7.232026756011270541e-01,8.500000000000000611e-02,3.000000000000000000e+00,5.142701720558476634e+06
-6.584389644606656766e+00,6.885345375451163985e-01,1.562942085854378327e+00,4.527759902025366712e-01,8.500000000000000611e-02,3.000000000000000000e+00,5.142701720558476634e+06
-6.096970881563078315e+00,6.212523236272116112e-01,9.165220852699517140e-01,3.208122099137014072e-01,8.500000000000000611e-02,3.000000000000000000e+00,5.142701720558476634e+06
-5.884879350053004110e+00,6.041426364816311345e-01,5.664950649947025907e-01,1.561844848892057491e-01,8.500000000000000611e-02,3.000000000000000000e+00,5.142701720558476634e+06
-6.013915780239250886e+00,2.498152359087966179e+00,2.478141770430194235e+00,1.828929257554334775e-02,8.500000000000000611e-02,3.000000000000000000e+00,5.142701720558476634e+06
-6.957453438701579174e+00,2.433713382252855606e+00,3.513343482021444864e+00,3.178749288512656146e-01,8.500000000000000611e-02,3.000000000000000000e+00,5.142701720558476634e+06
-6.136450877984173324e+00,1.924751161568301949e+00,2.027311568122388774e+00,9.404429236723615970e-02,8.500000000000000611e-02,3.000000000000000000e+00,5.142701720558476634e+06
-6.104535458585004903e+00,1.519814074685264194e+00,1.534879043210215954e+00,-8.938036326985498992e-02,8.500000000000000611e-02,3.000000000000000000e+00,5.142701720558476634e+06
-6.361182911758032077e+00,1.464578810514719720e+00,1.612775337166851397e+00,-2.465198806658291941e-01,8.500000000000000611e-02,3.000000000000000000e+00,5.142701720558476634e+06
-6.333698851558453136e+00,1.495570601642040032e+00,1.691725490040657531e+00,-1.287363744808037169e-01,8.500000000000000611e-02,3.000000000000000000e+00,5.142701720558476634e+06
-6.897745159015933325e+00,2.036186153777843177e+00,2.844790038860552261e+00,2.952786022953166056e-03,8.500000000000000611e-02,3.000000000000000000e+00,5.142701720558476634e+06
-6.677097983709603390e+00,2.136849763066497765e+00,2.662182123571035230e+00,-1.219290120862435711e-01,8.500000000000000611e-02,3.000000000000000000e+00,5.142701720558476634e+06
-6.244495609879871623e+00,1.656468643769701821e+00,1.922141975480927467e+00,2.313260264454440329e-01,8.500000000000000611e-02,3.000000000000000000e+00,5.142701720558476634e+06
-6.537887789555272278e+00,1.566774357304017151e+00,2.108544457669921712e+00,2.688966428213665494e-01,8.500000000000000611e-02,3.000000000000000000e+00,5.142701720558476634e+06
-5.794843958936375827e+00,9.150921102960416498e-01,7.747955593009674402e-01,3.131660160768734436e-01,8.500000000000000611e-02,3.000000000000000000e+00,5.142701720558476634e+06
-6.526751561462867279e+00,2.823370851574928064e+00,3.385985471477833464e+00,6.912453278971830706e-02,8.500000000000000611e-02,3.000000000000000000e+00,5.142701720558476634e+06
-6.617750850159306530e+00,2.894800402371092929e+00,3.553471869057696075e+00,6.356321193952212123e-02,8.500000000000000611e-02,3.000000000000000000e+00,5.142701720558476634e+06
-6.210970499735571693e+00,2.793291272953626336e+00,2.939981249294144838e+00,-7.610040606205348279e-03,8.500000000000000611e-02,3.000000000000000000e+00,5.142701720558476634e+06
-6.037644884597771266e+00,2.394793885351728324e+00,2.380678283377582360e+00,5.907302435224033588e-02,8.500000000000000611e-02,3.000000000000000000e+00,5.142701720558476634e+06
-5.551129464941015890e+00,2.634023162189842893e+00,2.205911362795300867e+00,1.184481121308165741e-01,8.500000000000000611e-02,3.000000000000000000e+00,5.142701720558476634e+06
-6.185385923801871577e+00,1.497666150251879102e+00,1.500511316504603343e+00,-2.005093644875486358e-01,8.500000000000000611e-02,3.000000000000000000e+00,5.142701720558476634e+06
-6.672924865106160119e+00,1.612938657442480439e+00,2.010364156841617067e+00,-1.642986556887396921e-01,8.500000000000000611e-02,3.000000000000000000e+00,5.142701720558476634e+06
-6.337240338552379448e+00,1.432954205568849781e+00,1.539687583153424022e+00,-1.684964086702571973e-01,8.500000000000000611e-02,3.000000000000000000e+00,5.142701720558476634e+06
-6.113987605221436361e+00,1.680442607513731090e+00,1.731654153596859480e+00,3.697033968698204554e-02,8.500000000000000611e-02,3.000000000000000000e+00,5.142701720558476634e+06
-5.785410738634951144e+00,1.247499899479457719e+00,8.771148297498387869e-01,-1.352909916172271854e-01,8.500000000000000611e-02,3.000000000000000000e+00,5.142701720558476634e+06
-5.199337472304418561e+00,2.042349491836164432e+00,9.801684558397524283e-01,-3.194374457786880450e-01,8.500000000000000611e-02,3.000000000000000000e+00,5.142701720558476634e+06
-5.216260156262682024e+00,1.471534751240480832e+00,4.813679837273554529e-01,-3.307662424890942532e-01,8.500000000000000611e-02,3.000000000000000000e+00,5.142701720558476634e+06
-5.573204182543772589e+00,9.592484268140473169e-01,3.583892262738102574e-01,-3.566971241298724782e-01,8.500000000000000611e-02,3.000000000000000000e+00,5.142701720558476634e+06
-5.278026946982114609e+00,7.827493785341710364e-01,-2.602070287650846137e-01,-8.932326436294139027e-01,8.500000000000000611e-02,3.000000000000000000e+00,5.142701720558476634e+06
-5.402165548075839929e+00,9.258891044029404771e-01,1.395721857032632407e-01,-3.654413915665699619e-01,8.500000000000000611e-02,3.000000000000000000e+00,5.142701720558476634e+06
-5.480536231404283143e+00,5.910858723431723361e-01,-1.391563282632617415e-01,-4.353455960239461797e-01,8.500000000000000611e-02,3.000000000000000000e+00,5.142701720558476634e+06
-5.439815425974837915e+00,8.226267223653812577e-01,1.502816260183339470e-01,-1.933552146774127900e-01,8.500000000000000611e-02,3.000000000000000000e+00,5.142701720558476634e+06
-5.122158639768299437e+00,8.168785145703526540e-01,-2.213965124437977661e-01,-2.805020655885902547e-01,8.500000000000000611e-02,3.000000000000000000e+00,5.142701720558476634e+06
-5.133921392723152621e+00,1.112518012758374919e+00,7.948733289003806490e-02,-2.436958173161626329e-01,8.500000000000000611e-02,3.000000000000000000e+00,5.142701720558476634e+06
-5.351219050576222713e+00,1.533427117654785343e+00,5.686600539782022956e-01,-7.316397199854063338e-01,8.500000000000000611e-02,3.000000000000000000e+00,5.142701720558476634e+06
-5.685332296047312717e+00,4.868580771102973825e-01,-1.043235488071796446e-01,-8.413219363258952477e-01,8.500000000000000611e-02,3.000000000000000000e+00,5.142701720558476634e+06
-5.796447547657129995e+00,7.541107212631797951e-01,2.381053489793958367e-01,-9.390676645297164615e-01,8.500000000000000611e-02,3.000000000000000000e+00,5.142701720558476634e+06
-5.793749272099593561e+00,5.321703533314132706e-01,2.106341238570230701e-03,-1.003075379255995880e+00,8.500000000000000611e-02,3.000000000000000000e+00,5.142701720558476634e+06
-5.793749272099593561e+00,5.321703533314132706e-01,2.106341238570230701e-03,-1.003075379255995880e+00,8.500000000000000611e-02,3.000000000000000000e+00,5.142701720558476634e+06
-5.916621358275727438e+00,6.276826368937864498e-01,2.321898678991287657e-01,-8.782609523372448823e-01,8.500000000000000611e-02,3.000000000000000000e+00,5.142701720558476634e+06
-5.726010467900248813e+00,1.176434020889824517e+00,6.386365058591632060e-01,-5.710828249743566953e-01,8.500000000000000611e-02,3.000000000000000000e+00,5.142701720558476634e+06
-5.474659270832576752e+00,4.588524716031816553e-01,-2.861189888323178998e-01,-4.230695544210863468e-01,8.500000000000000611e-02,3.000000000000000000e+00,5.142701720558476634e+06
-5.330186624158639752e+00,1.083267075725049100e+00,1.467398019170413903e-01,-4.141272301775363873e-01,8.500000000000000611e-02,3.000000000000000000e+00,5.142701720558476634e+06
-5.355790330921776032e+00,8.250240642795216850e-01,-1.088282875065527122e-01,-5.018823208919517276e-01,8.500000000000000611e-02,3.000000000000000000e+00,5.142701720558476634e+06
-5.299441820126287617e+00,8.757617818229596063e-01,-9.115778236061200523e-02,-4.343103099661697053e-01,8.500000000000000611e-02,3.000000000000000000e+00,5.142701720558476634e+06
-4.620800104614132486e+00,2.497061520142727087e+00,7.047013545198328455e-01,-8.004666187653416420e-01,8.500000000000000611e-02,3.000000000000000000e+00,5.142701720558476634e+06
-4.479853003654713284e+00,2.542493924199161093e+00,6.209388972012117591e-01,-6.958216537847485839e-01,8.500000000000000611e-02,3.000000000000000000e+00,5.142701720558476634e+06
-5.186328847940332665e+00,2.249571485194514331e+00,1.106374933108533520e+00,-5.070462334642691360e-01,8.500000000000000611e-02,3.000000000000000000e+00,5.142701720558476634e+06
-5.462014776720089948e+00,2.025666555416001380e+00,1.352405391254396960e+00,-2.963681206265547652e-02,8.500000000000000611e-02,3.000000000000000000e+00,5.142701720558476634e+06
-6.229102656467986776e+00,1.755660225351707071e+00,1.907030740677006841e+00,7.856141884560984001e-02,8.500000000000000611e-02,3.000000000000000000e+00,5.142701720558476634e+06
-5.581907307169007737e+00,1.903140405286413817e+00,1.330167530358082661e+00,-1.415160465127422995e-01,8.500000000000000611e-02,3.000000000000000000e+00,5.142701720558476634e+06
-5.588847146408000732e+00,1.593758217391047616e+00,1.043563501754956713e+00,-1.642061804206813302e-01,8.500000000000000611e-02,3.000000000000000000e+00,5.142701720558476634e+06
-5.420353398706484249e+00,2.042243680063617006e+00,1.379439004965717253e+00,-1.155675312307334335e-01,8.500000000000000611e-02,3.000000000000000000e+00,5.142701720558476634e+06
-5.835997485217614411e+00,2.636860759629407358e+00,2.378470956564174621e+00,-9.978470060907984607e-02,8.500000000000000611e-02,3.000000000000000000e+00,5.142701720558476634e+06
-5.967662610517303179e+00,2.512443200324828485e+00,2.378577913490287798e+00,2.753889420861396764e-03,8.500000000000000611e-02,3.000000000000000000e+00,5.142701720558476634e+06
-5.754816576336176048e+00,2.248145432152477419e+00,1.862800235200550603e+00,-5.596903391274136302e-02,8.500000000000000611e-02,3.000000000000000000e+00,5.142701720558476634e+06
-6.150390721228748525e+00,2.205252365521707780e+00,2.202455136494024579e+00,-8.796445855857676355e-02,8.500000000000000611e-02,3.000000000000000000e+00,5.142701720558476634e+06
-6.080598647283692593e+00,2.764688233455725452e+00,2.606387227586068001e+00,-1.792611453440753344e-01,8.500000000000000611e-02,3.000000000000000000e+00,5.142701720558476634e+06
-6.359826095497223442e+00,1.815101137312820079e+00,2.022666368247695967e+00,-6.242149960882142912e-02,8.500000000000000611e-02,3.000000000000000000e+00,5.142701720558476634e+06
-7.212730611444266415e+00,1.817285394248899788e+00,2.742231866034631871e+00,-6.733853857734073411e-01,8.500000000000000611e-02,3.000000000000000000e+00,5.142701720558476634e+06
-6.258174842246471137e+00,1.855670264431953820e+00,1.843722997016156828e+00,-5.774453539846409189e-01,8.500000000000000611e-02,3.000000000000000000e+00,5.142701720558476634e+06
-5.650190210875822849e+00,1.905636089169302272e+00,1.278620127190131850e+00,-4.881024293200750264e-01,8.500000000000000611e-02,3.000000000000000000e+00,5.142701720558476634e+06
-5.242748920016668812e+00,2.133649303043627210e+00,9.826544706727569078e-01,-9.511460714970266794e-01,8.500000000000000611e-02,3.000000000000000000e+00,5.142701720558476634e+06
-5.024734301316783558e+00,1.654928638985068368e+00,1.790483524752961575e-01,-1.191618911706221917e+00,8.500000000000000611e-02,3.000000000000000000e+00,5.142701720558476634e+06
-6.547258039946390440e+00,2.654006134359441660e+00,2.970106945316811853e+00,-2.922381400048422728e-01,8.500000000000000611e-02,3.000000000000000000e+00,5.142701720558476634e+06
-7.178564552216912809e+00,2.761104036188438471e+00,3.791839684740904381e+00,-8.271733492439570234e-02,8.500000000000000611e-02,3.000000000000000000e+00,5.142701720558476634e+06
-6.648037907592954099e+00,1.791615496376619765e+00,2.258977617307436514e+00,-3.383367023073366453e-01,8.500000000000000611e-02,3.000000000000000000e+00,5.142701720558476634e+06
-6.131054916069634153e+00,6.902747685781454035e-01,6.317869508860498584e-01,-4.422831832948392883e-01,8.500000000000000611e-02,3.000000000000000000e+00,5.142701720558476634e+06
-5.841890610238952064e+00,9.788346271340031546e-01,7.759163284326375809e-01,1.525333185755596010e-01,8.500000000000000611e-02,3.000000000000000000e+00,5.142701720558476634e+06
-6.036563281877930010e+00,1.245046893306237967e+00,1.176411801738713958e+00,-5.855533557096846697e-02,8.500000000000000611e-02,3.000000000000000000e+00,5.142701720558476634e+06
-5.921683476982457783e+00,1.355655151957899207e+00,1.121058551458816943e+00,-1.571941314866541206e-01,8.500000000000000611e-02,3.000000000000000000e+00,5.142701720558476634e+06
-7.091572734624777219e+00,1.455417850192729068e+00,2.437557975528523269e+00,-3.143948597809226309e-02,8.500000000000000611e-02,3.000000000000000000e+00,5.142701720558476634e+06
-7.005875498744215335e+00,1.515644201539403824e+00,2.441592250912560935e+00,-3.935797022833698033e-02,8.500000000000000611e-02,3.000000000000000000e+00,5.142701720558476634e+06
-5.956370419460495391e+00,2.625819543990476124e+00,2.380852708185270838e+00,-1.847187402794867594e-01,8.500000000000000611e-02,3.000000000000000000e+00,5.142701720558476634e+06
-5.872807202379044966e+00,2.907702873951761191e+00,2.522944816619199671e+00,-3.152363882177711130e-01,8.500000000000000611e-02,3.000000000000000000e+00,5.142701720558476634e+06
-5.750611059404266534e+00,2.630425993226497727e+00,2.166017350481350245e+00,-2.327130958115418702e-01,8.500000000000000611e-02,3.000000000000000000e+00,5.142701720558476634e+06
-5.878367834646334167e+00,2.610388288957397496e+00,2.295483838389526188e+00,-2.182274624884791014e-01,8.500000000000000611e-02,3.000000000000000000e+00,5.142701720558476634e+06
-5.805393586969259445e+00,2.674863955717883268e+00,2.380397834016600100e+00,1.478605884288299865e-01,8.500000000000000611e-02,3.000000000000000000e+00,5.142701720558476634e+06
-6.919512505462498630e+00,7.802137739432197794e-01,1.687537918386866398e+00,-4.548292283133872210e-02,8.500000000000000611e-02,3.000000000000000000e+00,5.142701720558476634e+06
-5.691766664412745591e+00,1.766525556114202367e+00,1.255211727768425600e+00,-3.046409020315968830e-01,8.500000000000000611e-02,3.000000000000000000e+00,5.142701720558476634e+06
-4.862005347394477539e+00,1.642954320270583413e+00,1.590056913905730784e-01,-6.702723494731890330e-01,8.500000000000000611e-02,3.000000000000000000e+00,5.142701720558476634e+06
-4.735061457781903016e+00,2.325002637444387954e+00,7.934878265415892251e-01,-4.469538461098619408e-01,8.500000000000000611e-02,3.000000000000000000e+00,5.142701720558476634e+06
-5.589764083631401981e+00,2.608018925608647010e+00,2.078196187310894505e+00,-9.341724726439742943e-02,8.500000000000000611e-02,3.000000000000000000e+00,5.142701720558476634e+06
-5.626239351207455108e+00,2.611170420395771519e+00,2.124749152868937063e+00,-4.542956592037344921e-02,8.500000000000000611e-02,3.000000000000000000e+00,5.142701720558476634e+06
-5.761497762947482393e+00,2.824799671142072199e+00,2.583195400422861887e+00,1.061277623214476606e-01,8.500000000000000611e-02,3.000000000000000000e+00,5.142701720558476634e+06
-5.846949561460176525e+00,2.669931956904854964e+00,2.593256537536063444e+00,3.435253027566315676e-01,8.500000000000000611e-02,3.000000000000000000e+00,5.142701720558476634e+06
-5.963400793748689921e+00,2.650903361268250436e+00,2.697878818208894636e+00,3.552722634013489311e-01,8.500000000000000611e-02,3.000000000000000000e+00,5.142701720558476634e+06
-6.216939360662732561e+00,2.989913816239212263e+00,3.416189201032897138e+00,5.986590143672552156e-01,8.500000000000000611e-02,3.000000000000000000e+00,5.142701720558476634e+06
-6.414355648506992580e+00,2.545150496227503112e+00,3.048942859974508757e+00,4.096138970158870185e-01,8.500000000000000611e-02,3.000000000000000000e+00,5.142701720558476634e+06
-6.444442566570258712e+00,2.849991910606358037e+00,3.391214017992206564e+00,4.543240344010134324e-01,8.500000000000000611e-02,3.000000000000000000e+00,5.142701720558476634e+06
-6.322911558230423168e+00,2.689375533694404741e+00,3.041398051158929139e+00,2.611706592442052943e-01,8.500000000000000611e-02,3.000000000000000000e+00,5.142701720558476634e+06
-6.311888953715195427e+00,2.874519028789476849e+00,3.172186367340789737e+00,1.655661499027054617e-01,8.500000000000000611e-02,3.000000000000000000e+00,5.142701720558476634e+06
-6.266712191221777140e+00,2.751256902424532136e+00,3.047971952174068910e+00,2.962175457789361643e-01,8.500000000000000611e-02,3.000000000000000000e+00,5.142701720558476634e+06
-6.090215874884894909e+00,2.818848047021538683e+00,2.824637487427241300e+00,9.190217343094550517e-02,8.500000000000000611e-02,3.000000000000000000e+00,5.142701720558476634e+06
-6.137030701289028833e+00,2.844362772657418326e+00,2.882861572106977022e+00,7.235932808123687887e-02,8.500000000000000611e-02,3.000000000000000000e+00,5.142701720558476634e+06
-6.414573158919538720e+00,2.753828750222679034e+00,3.070838493482011877e+00,6.683538721730584997e-02,8.500000000000000611e-02,3.000000000000000000e+00,5.142701720558476634e+06
-6.072780663630749309e+00,2.683293871242744988e+00,2.615486478361486622e+00,-3.641473778317293186e-02,8.500000000000000611e-02,3.000000000000000000e+00,5.142701720558476634e+06
-5.908520374063211733e+00,2.828573218923470023e+00,2.537896644835309079e+00,-1.330022508096487532e-01,8.500000000000000611e-02,3.000000000000000000e+00,5.142701720558476634e+06
-5.984184659086406732e+00,1.946273218507934555e+00,1.815580698529867032e+00,-3.168826270699037773e-02,8.500000000000000611e-02,3.000000000000000000e+00,5.142701720558476634e+06
-6.000525750367710742e+00,1.380458102873544757e+00,1.295324861439993480e+00,-3.056387000242327331e-02,8.500000000000000611e-02,3.000000000000000000e+00,5.142701720558476634e+06
-6.130165732990398908e+00,1.966410135696931238e+00,1.942602554152961014e+00,-1.319170291480914747e-01,8.500000000000000611e-02,3.000000000000000000e+00,5.142701720558476634e+06
-6.487327554990985234e+00,1.830414740203641699e+00,2.179452602024281482e+00,-6.105343915170913238e-02,8.500000000000000611e-02,3.000000000000000000e+00,5.142701720558476634e+06
-6.446123619101815194e+00,2.216194179968048239e+00,2.694787967980611931e+00,2.189393487547521833e-01,8.500000000000000611e-02,3.000000000000000000e+00,5.142701720558476634e+06
-6.483174790122181008e+00,2.404071645760026854e+00,2.966843390613202125e+00,2.541772200692428707e-01,8.500000000000000611e-02,3.000000000000000000e+00,5.142701720558476634e+06
-6.260704049621650391e+00,2.433661768278912785e+00,2.676496017156029694e+00,-4.160099814433892984e-02,8.500000000000000611e-02,3.000000000000000000e+00,5.142701720558476634e+06
-6.317180626597060922e+00,2.892153562938869271e+00,3.173306958708516756e+00,-1.170263405388053679e-01,8.500000000000000611e-02,3.000000000000000000e+00,5.142701720558476634e+06
-5.645541358867097514e+00,2.972820731741921296e+00,2.530784444110334874e+00,-1.212978395268621279e-01,8.500000000000000611e-02,3.000000000000000000e+00,5.142701720558476634e+06
-5.676480387578218156e+00,2.929456217127911266e+00,2.485838538283770660e+00,-1.878143938341154118e-01,8.500000000000000611e-02,3.000000000000000000e+00,5.142701720558476634e+06
-5.792288207464047822e+00,2.793091581933419665e+00,2.487042638982789988e+00,-1.052841992572371849e-01,8.500000000000000611e-02,3.000000000000000000e+00,5.142701720558476634e+06
-5.534496030024099511e+00,2.106246959070313451e+00,1.603122426077096652e+00,1.073064287070832346e-01,8.500000000000000611e-02,3.000000000000000000e+00,5.142701720558476634e+06
-5.591613001494825319e+00,1.834583204659198330e+00,1.268578534962073956e+00,-1.881948680750687997e-01,8.500000000000000611e-02,3.000000000000000000e+00,5.142701720558476634e+06
-6.279457472561579046e+00,7.171924981561474954e-01,8.672097337301915010e-01,-3.095741909378153522e-01,8.500000000000000611e-02,3.000000000000000000e+00,5.142701720558476634e+06
-6.160408909796447396e+00,1.224781995938585277e+00,1.226526789232394776e+00,-2.918231251734328957e-01,8.500000000000000611e-02,3.000000000000000000e+00,5.142701720558476634e+06
-6.481691335941554222e+00,1.621256639723920090e+00,1.926473775140873590e+00,-2.025110627930407081e-01,8.500000000000000611e-02,3.000000000000000000e+00,5.142701720558476634e+06
-6.359583544236240726e+00,1.415046635871776370e+00,1.615237105035504106e+00,-2.100859893009628110e-01,8.500000000000000611e-02,3.000000000000000000e+00,5.142701720558476634e+06
-6.823297018772491285e+00,1.432119185363071256e+00,2.004168435567563300e+00,-4.937093051657834852e-01,8.500000000000000611e-02,3.000000000000000000e+00,5.142701720558476634e+06
-6.007884480504131375e+00,1.477058709656246194e+00,1.295297208385741694e+00,-3.859386946279796393e-01,8.500000000000000611e-02,3.000000000000000000e+00,5.142701720558476634e+06
-5.661273410930657946e+00,1.842031922750600792e+00,1.379838434192337759e+00,-7.036133084815171523e-02,8.500000000000000611e-02,3.000000000000000000e+00,5.142701720558476634e+06
-5.901528949507284239e+00,1.659840116455508774e+00,1.475367814557339452e+00,1.358818593678616515e-02,8.500000000000000611e-02,3.000000000000000000e+00,5.142701720558476634e+06
-6.475599850523908962e+00,1.296036717764953661e+00,1.612818965684690742e+00,-9.795635621289844330e-02,8.500000000000000611e-02,3.000000000000000000e+00,5.142701720558476634e+06
-6.511308561203883905e+00,7.578841832002636281e-01,1.111201466052505138e+00,-1.416753660189419561e-01,8.500000000000000611e-02,3.000000000000000000e+00,5.142701720558476634e+06
-6.128260582076845431e+00,5.936035656628717572e-01,5.754301791801087473e-01,-1.744459864657565418e-01,8.500000000000000611e-02,3.000000000000000000e+00,5.142701720558476634e+06
-5.426673381424990339e+00,1.252305528981495275e+00,3.880450447399054204e-01,-4.185561208521402232e-01,8.500000000000000611e-02,3.000000000000000000e+00,5.142701720558476634e+06
-5.392111809134346956e+00,1.644500506887044411e+00,9.702016963436328467e-01,5.729217173793871298e-02,8.500000000000000611e-02,3.000000000000000000e+00,5.142701720558476634e+06
-5.532365207957266939e+00,1.857097781540726800e+00,1.193165131483254093e+00,-1.738981834070940369e-01,8.500000000000000611e-02,3.000000000000000000e+00,5.142701720558476634e+06
-5.103704270798026243e+00,1.857768798638433472e+00,7.464183345157560101e-01,-2.654946541308149111e-01,8.500000000000000611e-02,3.000000000000000000e+00,5.142701720558476634e+06
-5.203491155358553222e+00,2.210755869719253308e+00,9.869784973925156413e-01,-7.387112464991837379e-01,8.500000000000000611e-02,3.000000000000000000e+00,5.142701720558476634e+06
-4.899045268924680840e+00,1.580283170805855120e+00,2.534719683339380358e-01,-2.777769106899288243e-01,8.500000000000000611e-02,3.000000000000000000e+00,5.142701720558476634e+06
-5.421239790921164037e+00,1.446145675258809771e+00,6.879572067134148705e-01,-2.502159956724667733e-01,8.500000000000000611e-02,3.000000000000000000e+00,5.142701720558476634e+06
-5.877021918430723524e+00,1.630027237534438234e+00,1.398608963978428044e+00,-7.757997180696091233e-02,8.500000000000000611e-02,3.000000000000000000e+00,5.142701720558476634e+06
-5.344696551201828072e+00,1.939701355734061883e+00,1.137065241792674319e+00,-2.022597632372991616e-01,8.500000000000000611e-02,3.000000000000000000e+00,5.142701720558476634e+06
-5.528530213496454238e+00,2.166317619418552276e+00,1.630485799887506193e+00,-7.080808935074639487e-02,8.500000000000000611e-02,3.000000000000000000e+00,5.142701720558476634e+06
-4.879880113016682230e+00,2.213499788494949883e+00,1.339428473390761987e+00,6.836100376029273784e-01,8.500000000000000611e-02,3.000000000000000000e+00,5.142701720558476634e+06
-4.879331715147831261e+00,2.213668494758727512e+00,1.339823900922588518e+00,6.850085451453283847e-01,8.500000000000000611e-02,3.000000000000000000e+00,5.142701720558476634e+06
-4.879331715147831261e+00,2.213668494758727512e+00,1.339823900922588518e+00,6.850085451453283847e-01,8.500000000000000611e-02,3.000000000000000000e+00,5.142701720558476634e+06
-4.879331715147831261e+00,2.213668494758727512e+00,1.339823900922588518e+00,6.850085451453283847e-01,8.500000000000000611e-02,3.000000000000000000e+00,5.142701720558476634e+06
-4.879331715147831261e+00,2.213668494758727512e+00,1.339823900922588518e+00,6.850085451453283847e-01,8.500000000000000611e-02,3.000000000000000000e+00,5.142701720558476634e+06
-4.879331715147831261e+00,2.213668494758727512e+00,1.339823900922588518e+00,6.850085451453283847e-01,8.500000000000000611e-02,3.000000000000000000e+00,5.142701720558476634e+06
-4.879331715147831261e+00,2.213668494758727512e+00,1.339823900922588518e+00,6.850085451453283847e-01,8.500000000000000611e-02,3.000000000000000000e+00,5.142701720558476634e+06
-4.879331715147831261e+00,2.213668494758727512e+00,1.339823900922588518e+00,6.850085451453283847e-01,8.500000000000000611e-02,3.000000000000000000e+00,5.142701720558476634e+06
-5.068244047234192529e+00,2.416268351296702477e+00,1.505177667779453055e+00,1.575996228583840253e-01,8.500000000000000611e-02,3.000000000000000000e+00,5.142701720558476634e+06
-5.677767760305133748e+00,2.920070457506378059e+00,2.532612142438400049e+00,5.018662481977520518e-03,8.500000000000000611e-02,3.000000000000000000e+00,5.142701720558476634e+06
-5.571536513263247059e+00,2.930645141188032987e+00,2.325884941091948654e+00,-2.905822720439460993e-01,8.500000000000000611e-02,3.000000000000000000e+00,5.142701720558476634e+06
-5.835629802377341413e+00,2.089691869981842753e+00,1.817773654564471819e+00,-1.688810857488928785e-01,8.500000000000000611e-02,3.000000000000000000e+00,5.142701720558476634e+06
-5.798499555591257959e+00,2.183222742864293853e+00,1.987446322948146937e+00,2.492323360904850210e-02,8.500000000000000611e-02,3.000000000000000000e+00,5.142701720558476634e+06
-5.814666524627868149e+00,2.075592028604134498e+00,1.815451923229449704e+00,-1.102195739083046411e-02,8.500000000000000611e-02,3.000000000000000000e+00,5.142701720558476634e+06
-5.851938805617669992e+00,2.334108956279885128e+00,2.149730406580005138e+00,6.050052266922317790e-02,8.500000000000000611e-02,3.000000000000000000e+00,5.142701720558476634e+06
-6.554119103909616939e+00,2.577970610520234018e+00,3.256962957150962623e+00,3.537437285827434996e-01,8.500000000000000611e-02,3.000000000000000000e+00,5.142701720558476634e+06
-6.632497463254882319e+00,2.678964137920258004e+00,3.439038781184422078e+00,2.428392570191757471e-01,8.500000000000000611e-02,3.000000000000000000e+00,5.142701720558476634e+06
-6.270608600161790669e+00,1.951857057330702583e+00,2.228841009683053542e+00,6.864484325810152332e-02,8.500000000000000611e-02,3.000000000000000000e+00,5.142701720558476634e+06
-5.799496477257910954e+00,2.065444749731098817e+00,1.786153851176657259e+00,-8.572019774189498786e-02,8.500000000000000611e-02,3.000000000000000000e+00,5.142701720558476634e+06
-6.130688908390502512e+00,1.949797428840065017e+00,1.988897116051034697e+00,-8.781127574685443360e-02,8.500000000000000611e-02,3.000000000000000000e+00,5.142701720558476634e+06
-6.131765663513819575e+00,1.689314068819207204e+00,1.622077504414987104e+00,-2.832445463493860061e-01,8.500000000000000611e-02,3.000000000000000000e+00,5.142701720558476634e+06
-6.133578522351018414e+00,7.403028849278922019e-01,8.162556909374929504e-01,-2.626671868520555342e-02,8.500000000000000611e-02,3.000000000000000000e+00,5.142701720558476634e+06
-5.043420669673695400e+00,2.759148872084020709e+00,1.641497738925280725e+00,-9.157884930043980187e-02,8.500000000000000611e-02,3.000000000000000000e+00,5.142701720558476634e+06
-5.105943575189890282e+00,2.784514409683591207e+00,1.763188865323989107e+00,-4.868775449505582248e-02,8.500000000000000611e-02,3.000000000000000000e+00,5.142701720558476634e+06
-5.652734252867062992e+00,2.920329842898744754e+00,2.406128363133262837e+00,-1.335868659698779548e-01,8.500000000000000611e-02,3.000000000000000000e+00,5.142701720558476634e+06
-5.697434157343667316e+00,2.908623128290678039e+00,2.418290735414863946e+00,-1.865071385232792700e-01,8.500000000000000611e-02,3.000000000000000000e+00,5.142701720558476634e+06
-5.686730121227112633e+00,2.987451455240590192e+00,2.488947788125906335e+00,-1.827501770716932483e-01,8.500000000000000611e-02,3.000000000000000000e+00,5.142701720558476634e+06
-5.775313230066095649e+00,2.969617082160723509e+00,2.666129508147671245e+00,-7.864346137526134761e-02,8.500000000000000611e-02,3.000000000000000000e+00,5.142701720558476634e+06
-5.850373424554519808e+00,2.988479818323670489e+00,2.774800237019671378e+00,-4.330851968076554481e-02,8.500000000000000611e-02,3.000000000000000000e+00,5.142701720558476634e+06
-5.848009640077772353e+00,2.981646521596113875e+00,2.761763267465671134e+00,-4.639162762078839763e-02,8.500000000000000611e-02,3.000000000000000000e+00,5.142701720558476634e+06
-5.649824159232174736e+00,2.843336065116198075e+00,2.442546743056617675e+00,-5.846163182316499451e-02,8.500000000000000611e-02,3.000000000000000000e+00,5.142701720558476634e+06
-5.540361885166070977e+00,2.613717568086865839e+00,2.062722264550121309e+00,-1.309930855112278469e-01,8.500000000000000611e-02,3.000000000000000000e+00,5.142701720558476634e+06
-5.610288253090935484e+00,2.584999964700177344e+00,2.103331832904812515e+00,-1.036216421978954222e-01,8.500000000000000611e-02,3.000000000000000000e+00,5.142701720558476634e+06
-6.419418238533311616e+00,2.228513647703445066e+00,2.875546701244918513e+00,5.420159175856689160e-01,8.500000000000000611e-02,3.000000000000000000e+00,5.142701720558476634e+06
-6.169498674009164851e+00,1.198416211502503437e+00,1.397694844309091522e+00,1.612141854651887862e-01,8.500000000000000611e-02,3.000000000000000000e+00,5.142701720558476634e+06
-5.333097310352227005e+00,6.019917868740145561e-01,-1.981235447372360348e-01,-1.674349591809579096e-01,8.500000000000000611e-02,3.000000000000000000e+00,5.142701720558476634e+06
-5.357361264348870833e+00,6.806666761991376768e-01,-9.534128535907138158e-02,-1.581552535429995021e-01,8.500000000000000611e-02,3.000000000000000000e+00,5.142701720558476634e+06
-5.251156155830232208e+00,9.432554415618271682e-01,1.315102068686735404e-02,-2.511607460188071128e-01,8.500000000000000611e-02,3.000000000000000000e+00,5.142701720558476634e+06
-4.801114769510824942e+00,1.487881473489651940e+00,-2.806191008214997673e-02,-3.672296966202398538e-01,8.500000000000000611e-02,3.000000000000000000e+00,5.142701720558476634e+06
-6.190348575843871437e+00,1.242094061063246269e+00,1.355432770614449556e+00,-7.274085637446278674e-02,8.500000000000000611e-02,3.000000000000000000e+00,5.142701720558476634e+06
-6.228920802918496591e+00,1.032639562673691946e+00,1.507705634433132325e+00,5.134395610344332228e-01,8.500000000000000611e-02,3.000000000000000000e+00,5.142701720558476634e+06
-6.159803131268819065e+00,8.851612237341059952e-01,1.324965394670984065e+00,5.576570049708549082e-01,8.500000000000000611e-02,3.000000000000000000e+00,5.142701720558476634e+06
-6.152798330039564334e+00,8.527363697073190307e-01,1.218545947879741798e+00,3.624348587352176909e-01,8.500000000000000611e-02,3.000000000000000000e+00,5.142701720558476634e+06
-5.811681396481651163e+00,9.633868102616627294e-01,9.287580190458102347e-01,4.145841811333037530e-01,8.500000000000000611e-02,3.000000000000000000e+00,5.142701720558476634e+06
-5.810605523631412694e+00,1.280221633555194138e+00,1.179655697702280737e+00,2.972019208168431570e-01,8.500000000000000611e-02,3.000000000000000000e+00,5.142701720558476634e+06
-5.291277185356351609e+00,9.897147953993283842e-01,3.864256353033101998e-01,4.249663015371796249e-01,8.500000000000000611e-02,3.000000000000000000e+00,5.142701720558476634e+06
-4.792891013645173004e+00,1.339403780684509826e+00,-1.375053015155898173e-01,-3.512317590850096982e-01,8.500000000000000611e-02,3.000000000000000000e+00,5.142701720558476634e+06
-5.122330864142214502e+00,1.829093540745961199e+00,7.097042881083039934e-01,-3.490684313905365599e-01,8.500000000000000611e-02,3.000000000000000000e+00,5.142701720558476634e+06
-4.289897764611183995e+00,2.528156753661891187e+00,4.565128556644755253e-01,-7.583062663739928988e-01,8.500000000000000611e-02,3.000000000000000000e+00,5.142701720558476634e+06
-4.575911763794352716e+00,2.332247209604889182e+00,5.594347452846188951e-01,-6.601557742489109204e-01,8.500000000000000611e-02,3.000000000000000000e+00,5.142701720558476634e+06
-5.087365161859896290e+00,1.950530658053447386e+00,6.095314879694182508e-01,-1.170081458379037764e+00,8.500000000000000611e-02,3.000000000000000000e+00,5.142701720558476634e+06
-4.658330270516986005e+00,1.616311564831416359e+00,-1.573253868688711532e-01,-1.265304569733357809e+00,8.500000000000000611e-02,3.000000000000000000e+00,5.142701720558476634e+06
-4.574274046062400956e+00,1.686639405675298686e+00,-2.105350018360803155e-01,-1.404210198418809785e+00,8.500000000000000611e-02,3.000000000000000000e+00,5.142701720558476634e+06
-4.851364053532284615e+00,2.610277004018193736e+00,1.020056023946962265e+00,-9.088665567307404602e-01,8.500000000000000611e-02,3.000000000000000000e+00,5.142701720558476634e+06
-5.158941387421324798e+00,2.522427226875622264e+00,1.377458142776317285e+00,-5.277366022736189599e-01,8.500000000000000611e-02,3.000000000000000000e+00,5.142701720558476634e+06
-4.589474698882256121e+00,2.707477391017514723e+00,8.286449440226766328e-01,-1.142607745953317933e+00,8.500000000000000611e-02,3.000000000000000000e+00,5.142701720558476634e+06
-5.373300217352278807e+00,2.193757720869440320e+00,1.354555697315156904e+00,-3.909059649705078909e-01,8.500000000000000611e-02,3.000000000000000000e+00,5.142701720558476634e+06
-5.315119553679203079e+00,9.706690414736334205e-01,7.125418194339866451e-02,-3.429546562651062946e-01,8.500000000000000611e-02,3.000000000000000000e+00,5.142701720558476634e+06
-5.500582567607281703e+00,1.668772677206207034e+00,9.181696048557754786e-01,-1.951400631873179414e-01,8.500000000000000611e-02,3.000000000000000000e+00,5.142701720558476634e+06
-5.417220448300920310e+00,1.504651507561053592e+00,6.609626884916577350e-01,-2.084430788918795185e-01,8.500000000000000611e-02,3.000000000000000000e+00,5.142701720558476634e+06
-5.445252693444919245e+00,1.066738899972005328e+00,3.852776682988198198e-01,-7.806534570701871567e-02,8.500000000000000611e-02,3.000000000000000000e+00,5.142701720558476634e+06
-5.331209211128316916e+00,2.118686148358387200e+00,1.243363037982853525e+00,-1.134005251372580680e-01,8.500000000000000611e-02,3.000000000000000000e+00,5.142701720558476634e+06
-5.819235733787397891e+00,1.560305705716122926e+00,1.169534478756631968e+00,-2.554564127735287071e-01,8.500000000000000611e-02,3.000000000000000000e+00,5.142701720558476634e+06
-6.128898577763520983e+00,1.312406538972356929e+00,1.222642961059038358e+00,-2.324220988400136356e-01,8.500000000000000611e-02,3.000000000000000000e+00,5.142701720558476634e+06
-6.239162586536274979e+00,1.802368498654540740e+00,1.807790855781406636e+00,-3.269679340757742914e-01,8.500000000000000611e-02,3.000000000000000000e+00,5.142701720558476634e+06
-6.273965478809203411e+00,1.152327685850047967e+00,1.078551325953170936e+00,-7.857447034208246972e-01,8.500000000000000611e-02,3.000000000000000000e+00,5.142701720558476634e+06
-5.776571637059029207e+00,1.200026893119659599e+00,6.180751668207298266e-01,-9.992884332214952980e-01,8.500000000000000611e-02,3.000000000000000000e+00,5.142701720558476634e+06
-5.776571637059029207e+00,1.200026893119659599e+00,6.180751668207298266e-01,-9.992884332214952980e-01,8.500000000000000611e-02,3.000000000000000000e+00,5.142701720558476634e+06
-5.822737131331729543e+00,8.400581129221293963e-01,3.604218006108336203e-01,-1.139240808155880025e+00,8.500000000000000611e-02,3.000000000000000000e+00,5.142701720558476634e+06
-5.890993504568105443e+00,4.736129211546074025e-01,2.854013556172096955e-03,-1.646526833224021047e+00,8.500000000000000611e-02,3.000000000000000000e+00,5.142701720558476634e+06
-5.890993504568105443e+00,4.736129211546074025e-01,2.854013556172096955e-03,-1.646526833224021047e+00,8.500000000000000611e-02,3.000000000000000000e+00,5.142701720558476634e+06
-5.927171711091142825e+00,5.154954393133310830e-01,9.759563254364689300e-02,-1.580125913456186471e+00,8.500000000000000611e-02,3.000000000000000000e+00,5.142701720558476634e+06
-5.814579085243277490e+00,6.378952144303657867e-01,1.673310534325894716e-01,-1.242056881221536901e+00,8.500000000000000611e-02,3.000000000000000000e+00,5.142701720558476634e+06
-5.873977928079712640e+00,9.592692378787252006e-01,4.889676780280242108e-01,-1.263902467270770602e+00,8.500000000000000611e-02,3.000000000000000000e+00,5.142701720558476634e+06
-5.226735252352716188e+00,1.433259219709834831e+00,2.791872827029744375e-01,-1.279978767900673553e+00,8.500000000000000611e-02,3.000000000000000000e+00,5.142701720558476634e+06
-5.108128660896889883e+00,7.597403698947481354e-01,-5.649625661970947288e-01,-1.745138351705507684e+00,8.500000000000000611e-02,3.000000000000000000e+00,5.142701720558476634e+06
-5.323369621074291125e+00,1.284220350419077228e+00,2.665954484863192198e-01,-1.175308238820793383e+00,8.500000000000000611e-02,3.000000000000000000e+00,5.142701720558476634e+06
-5.432794329618680251e+00,1.137378492321817980e+00,1.644048853200226201e-01,-1.361352561292702434e+00,8.500000000000000611e-02,3.000000000000000000e+00,5.142701720558476634e+06
-5.432794329618680251e+00,1.137378492321817980e+00,1.644048853200226201e-01,-1.361352561292702434e+00,8.500000000000000611e-02,3.000000000000000000e+00,5.142701720558476634e+06
-5.622612077432823874e+00,7.631624364355973356e-01,6.284930121409315618e-02,-1.067061273198130822e+00,8.500000000000000611e-02,3.000000000000000000e+00,5.142701720558476634e+06
-5.805206782040824187e+00,6.754636120537775845e-01,1.313237769932875665e-01,-1.487625565640374514e+00,8.500000000000000611e-02,3.000000000000000000e+00,5.142701720558476634e+06
-5.674089553218613524e+00,1.361160988756331847e+00,7.713288755983280787e-01,-6.134352275658507825e-01,8.500000000000000611e-02,3.000000000000000000e+00,5.142701720558476634e+06
-5.731607288008228274e+00,2.127197486133057147e+00,1.632314819407640671e+00,-4.379039847947381325e-01,8.500000000000000611e-02,3.000000000000000000e+00,5.142701720558476634e+06
-5.787224867191537392e+00,2.473254992990777001e+00,2.133041316977966062e+00,-2.889273754423036800e-01,8.500000000000000611e-02,3.000000000000000000e+00,5.142701720558476634e+06
-5.739356797092217022e+00,2.266098386713138790e+00,1.726538670008543885e+00,-5.574110128806284425e-01,8.500000000000000611e-02,3.000000000000000000e+00,5.142701720558476634e+06
-5.178020737903446857e+00,2.366429078716615564e+00,1.133330515490322821e+00,-8.984160593173360354e-01,8.500000000000000611e-02,3.000000000000000000e+00,5.142701720558476634e+06
-4.788729608891680201e+00,2.666664281242478118e+00,1.023747574267072968e+00,-1.828953348698740822e+00,8.500000000000000611e-02,3.000000000000000000e+00,5.142701720558476634e+06
-5.317258375925071334e+00,2.459149792843964288e+00,1.326908599844297987e+00,-1.968720803343818604e+00,8.500000000000000611e-02,3.000000000000000000e+00,5.142701720558476634e+06
-5.090342003383887537e+00,2.813982099389564340e+00,1.428804428190180831e+00,-2.370237045133559484e+00,8.500000000000000611e-02,3.000000000000000000e+00,5.142701720558476634e+06
-5.149041829904857259e+00,2.848759149267305002e+00,1.526491442870431925e+00,-2.285104643224940002e+00,8.500000000000000611e-02,3.000000000000000000e+00,5.142701720558476634e+06
-5.539078192332632433e+00,2.773484055360646572e+00,1.867600996054227691e+00,-2.034649343211033745e+00,8.500000000000000611e-02,3.000000000000000000e+00,5.142701720558476634e+06
-5.522910635404402413e+00,2.866137630573502015e+00,1.965591523576762478e+00,-2.002313507832162998e+00,8.500000000000000611e-02,3.000000000000000000e+00,5.142701720558476634e+06
-5.506700532689853489e+00,2.844823379080052117e+00,1.934915887560003878e+00,-1.962189282157148940e+00,8.500000000000000611e-02,3.000000000000000000e+00,5.142701720558476634e+06
-5.819426454551684280e+00,2.813197374075020907e+00,2.210816695978262914e+00,-2.030875395183723953e+00,8.500000000000000611e-02,3.000000000000000000e+00,5.142701720558476634e+06
-5.770574089476770752e+00,2.983680734166221704e+00,2.360302759282498997e+00,-1.945108733409690815e+00,8.500000000000000611e-02,3.000000000000000000e+00,5.142701720558476634e+06
-6.600368922951384221e+00,2.984866964006149814e+00,3.217530650805443315e+00,-1.960415110326904298e+00,8.500000000000000611e-02,3.000000000000000000e+00,5.142701720558476634e+06
-6.225576226457859796e+00,2.743548270353404650e+00,2.578080023001850130e+00,-2.093528308137242888e+00,8.500000000000000611e-02,3.000000000000000000e+00,5.142701720558476634e+06
-6.389366402524429667e+00,2.813042166102428521e+00,2.777468354727839372e+00,-2.431067473593121697e+00,8.500000000000000611e-02,3.000000000000000000e+00,5.142701720558476634e+06
-6.355621881684987429e+00,2.808107838859158711e+00,2.773888830475661926e+00,-2.059542582876779271e+00,8.500000000000000611e-02,3.000000000000000000e+00,5.142701720558476634e+06
-6.103361739707006350e+00,2.677997561447401864e+00,2.310193266170733839e+00,-2.696002949786929115e+00,8.500000000000000611e-02,3.000000000000000000e+00,5.142701720558476634e+06
-6.698868343478887155e+00,2.866999231931743441e+00,3.102837403924500137e+00,-2.901786339544720317e+00,8.500000000000000611e-02,3.000000000000000000e+00,5.142701720558476634e+06
-6.613092775439186610e+00,2.741626763809005940e+00,2.942695420174830545e+00,-2.807676078036479783e+00,8.500000000000000611e-02,3.000000000000000000e+00,5.142701720558476634e+06
-6.613092775439186610e+00,2.741626763809005940e+00,2.942695420174830545e+00,-2.807676078036479783e+00,8.500000000000000611e-02,3.000000000000000000e+00,5.142701720558476634e+06
-6.208660873654210377e+00,2.431920368500244845e+00,2.208378738895117266e+00,-2.559254141517486758e+00,8.500000000000000611e-02,3.000000000000000000e+00,5.142701720558476634e+06
-6.090943734536709897e+00,2.277939292065870092e+00,1.959028814673291929e+00,-2.885815716372108763e+00,8.500000000000000611e-02,3.000000000000000000e+00,5.142701720558476634e+06
-6.090943734536709897e+00,2.277939292065870092e+00,1.959028814673291929e+00,-2.885815716372108763e+00,8.500000000000000611e-02,3.000000000000000000e+00,5.142701720558476634e+06
-6.467950622132653926e+00,2.630382816463558093e+00,2.703272751500086724e+00,-2.853261861543510580e+00,8.500000000000000611e-02,3.000000000000000000e+00,5.142701720558476634e+06
-6.467950622132653926e+00,2.630382816463558093e+00,2.703272751500086724e+00,-2.853261861543510580e+00,8.500000000000000611e-02,3.000000000000000000e+00,5.142701720558476634e+06
-6.467950622132653926e+00,2.630382816463558093e+00,2.703272751500086724e+00,-2.853261861543510580e+00,8.500000000000000611e-02,3.000000000000000000e+00,5.142701720558476634e+06
-6.502399045555815604e+00,2.631963398442592528e+00,2.740635481859051481e+00,-2.902106916321476326e+00,8.500000000000000611e-02,3.000000000000000000e+00,5.142701720558476634e+06
-6.219713474173533818e+00,2.360441766343353898e+00,2.058692811106380915e+00,-2.730439086526353254e+00,8.500000000000000611e-02,3.000000000000000000e+00,5.142701720558476634e+06
-6.216777957499648011e+00,2.339742750863643472e+00,2.022513893992174072e+00,-2.858034564252463827e+00,8.500000000000000611e-02,3.000000000000000000e+00,5.142701720558476634e+06
-6.894315618024209336e+00,3.924505774450168794e-01,9.974371437709254051e-01,-1.268618070836827538e+00,8.500000000000000611e-02,3.000000000000000000e+00,5.142701720558476634e+06
-6.409832202455977068e+00,3.419912833184673429e-01,5.409207131412618885e-01,-9.425871238036925837e-01,8.500000000000000611e-02,3.000000000000000000e+00,5.142701720558476634e+06
-7.057846919004921560e+00,6.360665461177386071e-01,1.388771594959094635e+00,-1.203080273167445702e+00,8.500000000000000611e-02,3.000000000000000000e+00,5.142701720558476634e+06
-6.696814206060397900e+00,9.465216405869800731e-01,1.408003814420326183e+00,-6.696845501681544244e-01,8.500000000000000611e-02,3.000000000000000000e+00,5.142701720558476634e+06
-7.116035087257221114e+00,5.198295893429880632e-01,1.455327729817221138e+00,-6.437483310749857468e-01,8.500000000000000611e-02,3.000000000000000000e+00,5.142701720558476634e+06
-7.262965682728724559e+00,1.110503677777929576e+00,2.033868582411892945e+00,-1.041012596628949849e+00,8.500000000000000611e-02,3.000000000000000000e+00,5.142701720558476634e+06
-6.269323416287333472e+00,1.241449418436989749e+00,1.203724635956826106e+00,-6.706447511607377399e-01,8.500000000000000611e-02,3.000000000000000000e+00,5.142701720558476634e+06
-6.628492350115529064e+00,1.180821562028449012e+00,1.399675883794299969e+00,-1.064695146630562750e+00,8.500000000000000611e-02,3.000000000000000000e+00,5.142701720558476634e+06
-6.138192467773285976e+00,1.843954096041216850e+00,1.798952995224422313e+00,-2.538379134066602871e-01,8.500000000000000611e-02,3.000000000000000000e+00,5.142701720558476634e+06
-5.509441265662484710e+00,2.746148835942312960e+00,1.981414880595083972e+00,-1.462061484723353733e-01,8.500000000000000611e-02,3.000000000000000000e+00,5.142701720558476634e+06
-5.845974526115940151e+00,2.868837182528524377e+00,2.630190504071186375e+00,9.273580927759661474e-02,8.500000000000000611e-02,3.000000000000000000e+00,5.142701720558476634e+06
-5.649325857057812428e+00,2.871414605240324658e+00,2.315019122426439591e+00,-9.675642562259156865e-02,8.500000000000000611e-02,3.000000000000000000e+00,5.142701720558476634e+06
-5.645399262822484943e+00,2.699634173742754939e+00,2.096628363927138139e+00,-2.175609694573325259e-01,8.500000000000000611e-02,3.000000000000000000e+00,5.142701720558476634e+06
-5.511563982270626383e+00,2.743678097012307582e+00,1.957183689292111062e+00,-2.688359052952896677e-01,8.500000000000000611e-02,3.000000000000000000e+00,5.142701720558476634e+06
-5.803159845750662349e+00,1.604656356127229788e+00,1.337490873655487800e+00,4.122543868188743854e-02,8.500000000000000611e-02,3.000000000000000000e+00,5.142701720558476634e+06
-5.796618727787445025e+00,1.408260961625054541e+00,1.175737257891945831e+00,-5.764088984329218679e-02,8.500000000000000611e-02,3.000000000000000000e+00,5.142701720558476634e+06
-5.946771222954417624e+00,1.552991397074700908e+00,1.454770162223077978e+00,1.026672617438275231e-01,8.500000000000000611e-02,3.000000000000000000e+00,5.142701720558476634e+06
-5.672134556987729503e+00,1.696063622157474304e+00,1.263012534437339518e+00,1.588311826048960373e-02,8.500000000000000611e-02,3.000000000000000000e+00,5.142701720558476634e+06
-5.489337667236537932e+00,1.777508400247598264e+00,1.173792467650429439e+00,-8.651621046811636129e-03,8.500000000000000611e-02,3.000000000000000000e+00,5.142701720558476634e+06
-5.177541586900713533e+00,1.509362958727795911e+00,6.048222775402571916e-01,-3.209371757026030503e-02,8.500000000000000611e-02,3.000000000000000000e+00,5.142701720558476634e+06
-5.144485399345836818e+00,1.933786665113374603e+00,9.369246620322557728e-01,-3.513644503972057631e-02,8.500000000000000611e-02,3.000000000000000000e+00,5.142701720558476634e+06
-5.476261724831450906e+00,7.004756143548865888e-01,4.518121787118212218e-02,-1.687895532250473507e-01,8.500000000000000611e-02,3.000000000000000000e+00,5.142701720558476634e+06
-5.960739334120670918e+00,1.559326962801335315e+00,1.425075670826424501e+00,-8.023262865972276281e-02,8.500000000000000611e-02,3.000000000000000000e+00,5.142701720558476634e+06
-5.847416954383835908e+00,1.111806223238088531e+00,8.375087246633812210e-01,-3.032759894313100668e-01,8.500000000000000611e-02,3.000000000000000000e+00,5.142701720558476634e+06
-5.936742175975026292e+00,3.843895831730916868e-01,4.024288787977079451e-01,1.023079501069971142e-01,8.500000000000000611e-02,3.000000000000000000e+00,5.142701720558476634e+06
-6.040029928610506360e+00,2.056691676956948989e+00,2.006863831941173348e+00,-1.405432396201618528e-01,8.500000000000000611e-02,3.000000000000000000e+00,5.142701720558476634e+06
-5.172324100743476372e+00,1.941414805322425607e+00,8.759589209528164666e-01,-3.689949627139390564e-01,8.500000000000000611e-02,3.000000000000000000e+00,5.142701720558476634e+06
-4.967428126817074130e+00,1.710954562740175877e+00,4.797700279790764188e-01,-1.757915399726584504e-01,8.500000000000000611e-02,3.000000000000000000e+00,5.142701720558476634e+06
-4.605217500398739006e+00,1.698821908196142205e+00,5.219699455404969157e-02,-4.827336134321051908e-01,8.500000000000000611e-02,3.000000000000000000e+00,5.142701720558476634e+06
-5.765374157566315994e+00,5.651691170286521348e-01,1.070763616119605466e-01,-2.713794507227659247e-01,8.500000000000000611e-02,3.000000000000000000e+00,5.142701720558476634e+06
-5.863282601573228447e+00,1.587911063780693244e+00,1.373426751273918889e+00,1.741096252758208077e-02,8.500000000000000611e-02,3.000000000000000000e+00,5.142701720558476634e+06
-6.274424513922039814e+00,2.100922087245830738e+00,2.369920549547176236e+00,1.369066332258432050e-01,8.500000000000000611e-02,3.000000000000000000e+00,5.142701720558476634e+06
-6.376192846024222760e+00,1.732111576135263675e+00,2.266072911969535753e+00,5.287225668733619433e-01,8.500000000000000611e-02,3.000000000000000000e+00,5.142701720558476634e+06
-6.273791334882049320e+00,2.361633437897570964e+00,2.873802632597024953e+00,5.958601513721886178e-01,8.500000000000000611e-02,3.000000000000000000e+00,5.142701720558476634e+06
-6.288581998790203187e+00,2.397152072179888904e+00,2.943978750674348444e+00,6.453771392116974814e-01,8.500000000000000611e-02,3.000000000000000000e+00,5.142701720558476634e+06
-6.404422063703704815e+00,1.844961878994498372e+00,2.473865778403955051e+00,5.689630949238546620e-01,8.500000000000000611e-02,3.000000000000000000e+00,5.142701720558476634e+06
-6.277898224151699402e+00,1.926412424097513121e+00,2.378495080276417983e+00,4.747281195537458309e-01,8.500000000000000611e-02,3.000000000000000000e+00,5.142701720558476634e+06
-6.295537532169059425e+00,1.870338388816637165e+00,2.488524950237917643e+00,7.527602045976914402e-01,8.500000000000000611e-02,3.000000000000000000e+00,5.142701720558476634e+06
-6.168753672174578817e+00,1.214747494822895124e+00,1.419430245803718682e+00,1.613224673469137727e-01,8.500000000000000611e-02,3.000000000000000000e+00,5.142701720558476634e+06
-5.953422039023243961e+00,9.085743402984653994e-01,9.440325756034155802e-01,2.146383666668645329e-01,8.500000000000000611e-02,3.000000000000000000e+00,5.142701720558476634e+06
-6.483546753446594479e+00,7.343783105852939030e-01,1.477274757300689245e+00,4.370361091075954940e-01,8.500000000000000611e-02,3.000000000000000000e+00,5.142701720558476634e+06
-6.657853825955854177e+00,5.093794993805853544e-01,1.486572409172107534e+00,5.133269937040566555e-01,8.500000000000000611e-02,3.000000000000000000e+00,5.142701720558476634e+06
-6.262209495526938063e+00,3.980897561041614185e-01,8.554883445860455016e-01,1.974477312682971775e-01,8.500000000000000611e-02,3.000000000000000000e+00,5.142701720558476634e+06
-6.264391306313974006e+00,3.930399274305242940e-01,8.533296407134256523e-01,1.982244270103442618e-01,8.500000000000000611e-02,3.000000000000000000e+00,5.142701720558476634e+06
-6.234909140916921721e+00,5.300222939070877715e-01,9.395669217786730698e-01,1.769468999989956826e-01,8.500000000000000611e-02,3.000000000000000000e+00,5.142701720558476634e+06
-6.250399927468914818e+00,4.915992084496905168e-01,9.240475595894290795e-01,1.860415415388302351e-01,8.500000000000000611e-02,3.000000000000000000e+00,5.142701720558476634e+06
-6.315530130835679046e+00,5.261922292293892411e-01,1.041884949181631326e+00,2.270073240277781790e-01,8.500000000000000611e-02,3.000000000000000000e+00,5.142701720558476634e+06
-6.183782531192085763e+00,6.208856444965064059e-01,9.202247886336649696e-01,1.410087297674078588e-01,8.500000000000000611e-02,3.000000000000000000e+00,5.142701720558476634e+06
-5.778567885789879455e+00,9.120293370377439146e-01,7.995970433893321294e-01,2.006191110732860050e-01,8.500000000000000611e-02,3.000000000000000000e+00,5.142701720558476634e+06
-6.288356660100971496e+00,6.175878990634078303e-01,1.215671697095931370e+00,4.543099333856653876e-01,8.500000000000000611e-02,3.000000000000000000e+00,5.142701720558476634e+06
-6.227763137905127699e+00,8.769375450730604316e-01,1.445107346290359862e+00,5.817514783614392559e-01,8.500000000000000611e-02,3.000000000000000000e+00,5.142701720558476634e+06
-6.676087406784032119e+00,1.211346576906283001e+00,2.456458874404009229e+00,9.393587068276613161e-01,8.500000000000000611e-02,3.000000000000000000e+00,5.142701720558476634e+06
-6.830424905003611435e+00,1.250771048053076262e+00,2.610807548756893581e+00,8.973306665535005777e-01,8.500000000000000611e-02,3.000000000000000000e+00,5.142701720558476634e+06
-6.610519985416488886e+00,2.097323316979347485e+00,2.862560148271350968e+00,3.690094738107930206e-01,8.500000000000000611e-02,3.000000000000000000e+00,5.142701720558476634e+06
-6.581826680269196927e+00,2.296440398478002187e+00,3.037489778819113972e+00,3.489285876840629297e-01,8.500000000000000611e-02,3.000000000000000000e+00,5.142701720558476634e+06
-6.867315974317954819e+00,1.291275074833925895e+00,2.394364189620581396e+00,4.742847668494349911e-01,8.500000000000000611e-02,3.000000000000000000e+00,5.142701720558476634e+06
-6.599005404625230220e+00,7.722389984998849766e-01,1.442767335182184807e+00,-7.580175054714977101e-03,8.500000000000000611e-02,3.000000000000000000e+00,5.142701720558476634e+06
-6.781518764644289377e+00,8.287656609701554711e-01,1.531318603592918048e+00,-2.618202900612427442e-01,8.500000000000000611e-02,3.000000000000000000e+00,5.142701720558476634e+06
-6.246751423098443112e+00,1.388458721537890961e+00,1.523619688407555017e+00,-2.588243441511723364e-01,8.500000000000000611e-02,3.000000000000000000e+00,5.142701720558476634e+06
-6.365237914194199043e+00,1.323699929454806412e+00,1.656302966878309801e+00,1.378985489602772008e-01,8.500000000000000611e-02,3.000000000000000000e+00,5.142701720558476634e+06
-6.654184167689606078e+00,1.743131440659741349e+00,2.399747079765051527e+00,1.908416938246288996e-01,8.500000000000000611e-02,3.000000000000000000e+00,5.142701720558476634e+06
-6.963121690776929107e+00,1.325292223043464279e+00,2.416034927298368995e+00,4.166084649513209226e-01,8.500000000000000611e-02,3.000000000000000000e+00,5.142701720558476634e+06
-5.479656960860073589e+00,2.167827161016783410e+00,1.464681812584895937e+00,-1.054251237980629308e-01,8.500000000000000611e-02,3.000000000000000000e+00,5.142701720558476634e+06
-6.351651083815511356e+00,1.352711450017965999e+00,1.761177915818999962e+00,2.695248201773109420e-01,8.500000000000000611e-02,3.000000000000000000e+00,5.142701720558476634e+06
-6.143151073019386565e+00,1.189708061569989539e+00,1.299904447920735562e+00,2.489118304764900702e-01,8.500000000000000611e-02,3.000000000000000000e+00,5.142701720558476634e+06
-6.506881913207505086e+00,1.597951885474553135e+00,2.224471580867055653e+00,4.342088509678450614e-01,8.500000000000000611e-02,3.000000000000000000e+00,5.142701720558476634e+06
-6.348936437370905850e+00,1.084808794669467780e+00,1.409021656041351100e+00,-4.645581225336770093e-02,8.500000000000000611e-02,3.000000000000000000e+00,5.142701720558476634e+06
-6.506808887241624539e+00,1.716352354818641013e+00,2.204064112344336301e+00,-3.785460929405431996e-02,8.500000000000000611e-02,3.000000000000000000e+00,5.142701720558476634e+06
-6.741309409821116816e+00,2.069871559803009742e+00,2.822250337295571398e+00,2.696393716355610648e-02,8.500000000000000611e-02,3.000000000000000000e+00,5.142701720558476634e+06
-6.478580634518880110e+00,1.748942861979797758e+00,2.192715067164521692e+00,5.915055250484493876e-02,8.500000000000000611e-02,3.000000000000000000e+00,5.142701720558476634e+06
-7.165634235323032897e+00,1.465058776391227502e+00,2.764808529536906256e+00,3.327376947924612915e-01,8.500000000000000611e-02,3.000000000000000000e+00,5.142701720558476634e+06
-6.631758625193191925e+00,2.205149035930836998e+00,2.782251075797394613e+00,1.519029491372225760e-02,8.500000000000000611e-02,3.000000000000000000e+00,5.142701720558476634e+06
-6.283221181715754611e+00,2.268008743795803639e+00,2.420690281153756729e+00,-6.575534103100388883e-02,8.500000000000000611e-02,3.000000000000000000e+00,5.142701720558476634e+06
-6.430236899577445264e+00,2.105784716202943496e+00,2.530665920873330865e+00,2.763629443301428568e-01,8.500000000000000611e-02,3.000000000000000000e+00,5.142701720558476634e+06
-5.586034166643319310e+00,1.847148836420678286e+00,1.445422821298855354e+00,3.176485863330363868e-01,8.500000000000000611e-02,3.000000000000000000e+00,5.142701720558476634e+06
-5.929040001444846553e+00,1.813625232756364891e+00,1.668346275315220950e+00,3.439760423613457546e-02,8.500000000000000611e-02,3.000000000000000000e+00,5.142701720558476634e+06
-5.733500595130414546e+00,1.260556313589501931e+00,9.464967252612568327e-01,1.864320492357076087e-01,8.500000000000000611e-02,3.000000000000000000e+00,5.142701720558476634e+06
-5.790423733883302226e+00,1.013192600256542342e+00,1.006280411358574600e+00,4.913044943314629487e-01,8.500000000000000611e-02,3.000000000000000000e+00,5.142701720558476634e+06
-5.776238147225681629e+00,1.158053611422293239e+00,1.021985758592264704e+00,2.936516614829519645e-01,8.500000000000000611e-02,3.000000000000000000e+00,5.142701720558476634e+06
-5.767623516720751020e+00,1.135053372462704990e+00,9.895306436663950933e-01,2.499785442129311974e-01,8.500000000000000611e-02,3.000000000000000000e+00,5.142701720558476634e+06
-5.628063397375216326e+00,1.223525276514573434e+00,9.064457155188005988e-01,2.455354199817281202e-01,8.500000000000000611e-02,3.000000000000000000e+00,5.142701720558476634e+06
-6.095353126992375969e+00,1.435447822614032365e+00,1.630383416920019313e+00,5.724229095200317197e-02,8.500000000000000611e-02,3.000000000000000000e+00,5.142701720558476634e+06
-6.306081440005435468e+00,1.418558038458573201e+00,1.695103565596398854e+00,1.830068936141991676e-02,8.500000000000000611e-02,3.000000000000000000e+00,5.142701720558476634e+06
-6.307921522548268101e+00,1.469097247024156783e+00,1.705646998427457373e+00,-2.767085068285463079e-02,8.500000000000000611e-02,3.000000000000000000e+00,5.142701720558476634e+06
-6.636530988345040072e+00,1.563908279154186509e+00,2.172464450742670472e+00,8.404174057147895116e-02,8.500000000000000611e-02,3.000000000000000000e+00,5.142701720558476634e+06
-6.715976734465220588e+00,1.937676770559415784e+00,2.737276423155923677e+00,3.748844636526293961e-01,8.500000000000000611e-02,3.000000000000000000e+00,5.142701720558476634e+06
-6.789090990303008333e+00,1.732558412148061056e+00,2.426406001801534984e+00,4.155577376430933528e-02,8.500000000000000611e-02,3.000000000000000000e+00,5.142701720558476634e+06
-6.524481717124087865e+00,2.331667285337267526e+00,2.770817681167101920e+00,1.298739474376420233e-03,8.500000000000000611e-02,3.000000000000000000e+00,5.142701720558476634e+06
-6.937896462502017414e+00,2.136538654096816092e+00,3.023251714336781859e+00,1.106439862870410851e-01,8.500000000000000611e-02,3.000000000000000000e+00,5.142701720558476634e+06
-6.225910906469332318e+00,2.140276035974582935e+00,2.198066141155774034e+00,-1.507280566110587583e-01,8.500000000000000611e-02,3.000000000000000000e+00,5.142701720558476634e+06
-5.638680699184233980e+00,1.301219119638198363e+00,8.464696941778008243e-01,-3.025473787560641337e-01,8.500000000000000611e-02,3.000000000000000000e+00,5.142701720558476634e+06
-5.537998157214031103e+00,1.186947044318671374e-01,-2.583610526033848220e-01,-1.946269086673407811e-02,8.500000000000000611e-02,3.000000000000000000e+00,5.142701720558476634e+06
-5.715873664906025553e+00,7.480584424076619499e-01,5.028991028677043396e-01,9.702089817851666798e-02,8.500000000000000611e-02,3.000000000000000000e+00,5.142701720558476634e+06
-5.850151527253469652e+00,9.934366391917875960e-01,8.492454818382841886e-01,5.061076410399041603e-02,8.500000000000000611e-02,3.000000000000000000e+00,5.142701720558476634e+06
-6.402567632211847659e+00,4.782572442669108526e-01,9.119439352393442499e-01,-4.406158663139261855e-02,8.500000000000000611e-02,3.000000000000000000e+00,5.142701720558476634e+06
-6.220228034542449436e+00,5.513561178953407804e-01,7.217735498156421237e-01,-2.138122993686120688e-01,8.500000000000000611e-02,3.000000000000000000e+00,5.142701720558476634e+06
-5.790308182093891531e+00,-1.212115365141614998e-01,-3.006639415219432010e-01,-4.954968518169995395e-01,8.500000000000000611e-02,3.000000000000000000e+00,5.142701720558476634e+06
-5.779789605577708933e+00,-9.276388422278347701e-02,-2.816195670027492604e-01,-4.752542018024931703e-01,8.500000000000000611e-02,3.000000000000000000e+00,5.142701720558476634e+06
-5.776177451904184856e+00,-1.072151926302824521e-01,-2.972228086924229018e-01,-4.745004908656284548e-01,8.500000000000000611e-02,3.000000000000000000e+00,5.142701720558476634e+06
-5.809654290055775050e+00,1.119192989022325113e+00,8.114262705113477470e-01,-3.336557275689297497e-01,8.500000000000000611e-02,3.000000000000000000e+00,5.142701720558476634e+06
-5.122582189112479867e+00,5.855204682140727757e-01,-6.848253906683617886e-01,-1.278309349941158191e+00,8.500000000000000611e-02,3.000000000000000000e+00,5.142701720558476634e+06
-5.917478951880044136e+00,1.274980191802988605e+00,9.198769142529221732e-01,-7.796729423861757935e-01,8.500000000000000611e-02,3.000000000000000000e+00,5.142701720558476634e+06
-5.292997513954764699e+00,1.617294303836059655e+00,3.599071764312028465e-01,-1.484714374132057646e+00,8.500000000000000611e-02,3.000000000000000000e+00,5.142701720558476634e+06
-6.706184534670438069e+00,2.671011500012640649e+00,2.968121545824863095e+00,-1.357006546494503141e+00,8.500000000000000611e-02,3.000000000000000000e+00,5.142701720558476634e+06
-6.983594823449172040e+00,2.425111186689993037e+00,3.052711278323148480e+00,-1.284490888568568634e+00,8.500000000000000611e-02,3.000000000000000000e+00,5.142701720558476634e+06
-6.744371935563342468e+00,2.318096850350041649e+00,2.736366371858980795e+00,-1.032637804855074393e+00,8.500000000000000611e-02,3.000000000000000000e+00,5.142701720558476634e+06
-6.730079370220424906e+00,2.388302036929874639e+00,2.855438585123405648e+00,-8.122568788025524844e-01,8.500000000000000611e-02,3.000000000000000000e+00,5.142701720558476634e+06
-6.200346213793533678e+00,2.517982674011030930e+00,2.353604128724854583e+00,-1.079371560523682660e+00,8.500000000000000611e-02,3.000000000000000000e+00,5.142701720558476634e+06
-6.260753084507897803e+00,2.615843452431938942e+00,2.471748049331913055e+00,-1.224549241024510238e+00,8.500000000000000611e-02,3.000000000000000000e+00,5.142701720558476634e+06
-6.347989625967892735e+00,2.694801573148327911e+00,2.607421889489154765e+00,-1.395979811553142769e+00,8.500000000000000611e-02,3.000000000000000000e+00,5.142701720558476634e+06
-6.296942224814403133e+00,2.723021653310579993e+00,2.589566290534953019e+00,-1.373081442835539123e+00,8.500000000000000611e-02,3.000000000000000000e+00,5.142701720558476634e+06
-6.191250162800407963e+00,2.673730839037606888e+00,2.441587573304863312e+00,-1.379816068033473009e+00,8.500000000000000611e-02,3.000000000000000000e+00,5.142701720558476634e+06
-6.333657454100976913e+00,2.855366085650762553e+00,2.740564359295262875e+00,-1.354915520838236853e+00,8.500000000000000611e-02,3.000000000000000000e+00,5.142701720558476634e+06
-6.137961304124158524e+00,2.580967490451267388e+00,2.239451602795813123e+00,-1.507349787970549082e+00,8.500000000000000611e-02,3.000000000000000000e+00,5.142701720558476634e+06
-5.794041710194702155e+00,2.678702938452933946e+00,2.063685287985880024e+00,-1.110895729357694206e+00,8.500000000000000611e-02,3.000000000000000000e+00,5.142701720558476634e+06
-5.910309622069354063e+00,2.510702141732257253e+00,2.051987591352094409e+00,-8.833815165480563003e-01,8.500000000000000611e-02,3.000000000000000000e+00,5.142701720558476634e+06
-6.228912001136392540e+00,2.985386406505235790e+00,2.812190474025274334e+00,-1.343197599048907565e+00,8.500000000000000611e-02,3.000000000000000000e+00,5.142701720558476634e+06
-6.251810581039084269e+00,2.957893615879299887e+00,2.828951872443395743e+00,-1.276433068397946347e+00,8.500000000000000611e-02,3.000000000000000000e+00,5.142701720558476634e+06
-6.706968747925157182e+00,2.699652670654637099e+00,3.092993089412979124e+00,-8.104571694368072343e-01,8.500000000000000611e-02,3.000000000000000000e+00,5.142701720558476634e+06
-6.430011736927907506e+00,2.908631680678152698e+00,3.144423676416623348e+00,-3.337025209366325518e-01,8.500000000000000611e-02,3.000000000000000000e+00,5.142701720558476634e+06
-6.239323479393075189e+00,2.652266993085782509e+00,2.744236283989171632e+00,-2.232791799724514470e-01,8.500000000000000611e-02,3.000000000000000000e+00,5.142701720558476634e+06
-6.786335720677779904e+00,2.635776655317872752e+00,3.094808488545596870e+00,-7.586282611642812812e-01,8.500000000000000611e-02,3.000000000000000000e+00,5.142701720558476634e+06
-5.872304513809499582e+00,1.347466722511280635e+00,7.892186450308384948e-01,-1.224802861165913193e+00,8.500000000000000611e-02,3.000000000000000000e+00,5.142701720558476634e+06
-5.816480909234660324e+00,1.519158358224856897e+00,9.813348938678364553e-01,-8.709320010366012887e-01,8.500000000000000611e-02,3.000000000000000000e+00,5.142701720558476634e+06
-5.816614486909117865e+00,1.263758632119492908e+00,7.046710327720814293e-01,-9.347013272846628196e-01,8.500000000000000611e-02,3.000000000000000000e+00,5.142701720558476634e+06
-5.718903477658043855e+00,1.422539623703266809e+00,7.462280318747845920e-01,-1.069538335352698821e+00,8.500000000000000611e-02,3.000000000000000000e+00,5.142701720558476634e+06
-5.688604459156660020e+00,1.494370747855005677e+00,8.028900114097810015e-01,-9.794753025260218848e-01,8.500000000000000611e-02,3.000000000000000000e+00,5.142701720558476634e+06
-5.853381225984230163e+00,1.829186743232301682e+00,1.438292758280873995e+00,-5.162959597123569777e-01,8.500000000000000611e-02,3.000000000000000000e+00,5.142701720558476634e+06
-5.542907411058731526e+00,2.532783605734607590e+00,1.912583823550070727e+00,-9.775716938942258238e-02,8.500000000000000611e-02,3.000000000000000000e+00,5.142701720558476634e+06
-5.506943146759210705e+00,2.568829230490146109e+00,1.906358033346224223e+00,-1.459802498249897218e-01,8.500000000000000611e-02,3.000000000000000000e+00,5.142701720558476634e+06
-5.344554992388466985e+00,2.082996621836306517e+00,1.227140811773888895e+00,-1.745994293537989628e-01,8.500000000000000611e-02,3.000000000000000000e+00,5.142701720558476634e+06
-5.851051580776333694e+00,2.493343170800434994e+00,2.267968202743595008e+00,4.158942659218789473e-03,8.500000000000000611e-02,3.000000000000000000e+00,5.142701720558476634e+06
-5.991764370364673020e+00,2.917603830455592906e+00,2.920861940797491396e+00,2.428230226969982919e-01,8.500000000000000611e-02,3.000000000000000000e+00,5.142701720558476634e+06
-6.141623438104425681e+00,2.710155743674280249e+00,2.770016804427312351e+00,6.470439756342394322e-02,8.500000000000000611e-02,3.000000000000000000e+00,5.142701720558476634e+06
-5.998142675657764045e+00,2.564462998656092729e+00,2.416983770193607661e+00,1.096117464449863910e-02,8.500000000000000611e-02,3.000000000000000000e+00,5.142701720558476634e+06
-6.000344078889920496e+00,2.192662669952992971e+00,2.114424822790255121e+00,2.137600153202803832e-02,8.500000000000000611e-02,3.000000000000000000e+00,5.142701720558476634e+06
-6.449841147172724831e+00,2.014112084507360567e+00,2.490113330115482526e+00,1.952229721896350800e-01,8.500000000000000611e-02,3.000000000000000000e+00,5.142701720558476634e+06
-6.015575506662948158e+00,1.546993395563590834e+00,1.549230004894321500e+00,6.317351590887455848e-02,8.500000000000000611e-02,3.000000000000000000e+00,5.142701720558476634e+06
-6.484744323993762549e+00,2.323410801460806585e+00,2.917364965996143145e+00,3.635051596442240851e-01,8.500000000000000611e-02,3.000000000000000000e+00,5.142701720558476634e+06
-6.549388161296867850e+00,1.902781079349521676e+00,2.549520344449105469e+00,3.572248531733953625e-01,8.500000000000000611e-02,3.000000000000000000e+00,5.142701720558476634e+06
-6.393238395633338733e+00,1.706443957971099712e+00,1.996195459117647841e+00,-1.676874316386940400e-01,8.500000000000000611e-02,3.000000000000000000e+00,5.142701720558476634e+06
-6.490861965344205231e+00,1.501439377179273560e+00,2.086291687696853359e+00,3.012550068320592467e-01,8.500000000000000611e-02,3.000000000000000000e+00,5.142701720558476634e+06
-6.542643856012777981e+00,1.829595294291857410e+00,2.587000431775892118e+00,3.937442166135460275e-01,8.500000000000000611e-02,3.000000000000000000e+00,5.142701720558476634e+06
-6.908860065434890174e+00,1.509905069760637986e+00,2.820071082431693910e+00,7.767436817283783768e-01,8.500000000000000611e-02,3.000000000000000000e+00,5.142701720558476634e+06
-7.116793175213306455e+00,2.442152033415779133e+00,3.558415819574989758e+00,1.734779481725712558e-01,8.500000000000000611e-02,3.000000000000000000e+00,5.142701720558476634e+06
-6.748676831584180746e+00,2.019902251132245752e+00,2.757089261353270260e+00,1.395741528275216137e-01,8.500000000000000611e-02,3.000000000000000000e+00,5.142701720558476634e+06
-6.967929962838062430e+00,1.440461599623666045e+00,2.444183778423902886e+00,1.570337293763515163e-01,8.500000000000000611e-02,3.000000000000000000e+00,5.142701720558476634e+06
-6.534699101745871985e+00,1.526675892220121122e+00,2.019514449652116461e+00,1.316942246589566379e-01,8.500000000000000611e-02,3.000000000000000000e+00,5.142701720558476634e+06
-6.408617138964156190e+00,1.721809454726866750e+00,2.029408486262909150e+00,5.308346389007884136e-02,8.500000000000000611e-02,3.000000000000000000e+00,5.142701720558476634e+06
-5.882818848974134873e+00,2.022357228775290228e+00,1.722793419446193575e+00,-1.792756878961587752e-01,8.500000000000000611e-02,3.000000000000000000e+00,5.142701720558476634e+06
-5.791765480685578282e+00,1.982672804209354211e+00,1.622262092021699686e+00,-1.411868747860903772e-01,8.500000000000000611e-02,3.000000000000000000e+00,5.142701720558476634e+06
-5.816334131484342862e+00,1.977792571044383108e+00,1.654251878507414508e+00,-1.279377807885884177e-01,8.500000000000000611e-02,3.000000000000000000e+00,5.142701720558476634e+06
-6.479687075170722288e+00,2.263279416878590578e+00,2.746426633084344981e+00,1.021843220132157004e-01,8.500000000000000611e-02,3.000000000000000000e+00,5.142701720558476634e+06
-7.133955528447230243e+00,2.011379033601423671e+00,3.274971894255818139e+00,2.100902307960954563e-01,8.500000000000000611e-02,3.000000000000000000e+00,5.142701720558476634e+06
-6.711759606936862355e+00,2.325752255418080949e+00,3.151911917272551378e+00,1.677835162948493886e-01,8.500000000000000611e-02,3.000000000000000000e+00,5.142701720558476634e+06
-6.201569322036879939e+00,1.573612068316789125e+00,1.791905130566839865e+00,6.065131160160744384e-02,8.500000000000000611e-02,3.000000000000000000e+00,5.142701720558476634e+06
-6.473532239773219565e+00,1.195181796635198745e+00,1.700944286380484893e+00,1.312527890583442269e-01,8.500000000000000611e-02,3.000000000000000000e+00,5.142701720558476634e+06
-6.221441539314323421e+00,1.061666365196125783e+00,1.355172102058099570e+00,2.850427031432865577e-01,8.500000000000000611e-02,3.000000000000000000e+00,5.142701720558476634e+06
-5.991111123085429924e+00,7.234118922750554237e-01,6.798592548333524110e-01,-9.211714742392618227e-02,8.500000000000000611e-02,3.000000000000000000e+00,5.142701720558476634e+06
-5.822350035925648370e+00,8.939658052560111035e-01,6.455809963048161348e-01,-1.006190652952655973e-01,8.500000000000000611e-02,3.000000000000000000e+00,5.142701720558476634e+06
-5.333230689623161602e+00,8.600499687219723688e-01,-1.052289552294023989e-01,-5.715616068980555742e-01,8.500000000000000611e-02,3.000000000000000000e+00,5.142701720558476634e+06
-5.613125986967310688e+00,9.737484805655338693e-01,3.801368293003425380e-01,-3.942361435331745434e-01,8.500000000000000611e-02,3.000000000000000000e+00,5.142701720558476634e+06
-5.339652501990840960e+00,6.640851804040799333e-01,-2.344917308532663003e-01,-4.305262683517729894e-01,8.500000000000000611e-02,3.000000000000000000e+00,5.142701720558476634e+06
-5.503456518577613643e+00,7.142229152698682526e-01,7.840483922546398476e-02,-8.246363163587719369e-02,8.500000000000000611e-02,3.000000000000000000e+00,5.142701720558476634e+06
-5.894667491040161522e+00,9.127495196409243228e-01,8.706160846705947032e-01,2.254661565656902456e-01,8.500000000000000611e-02,3.000000000000000000e+00,5.142701720558476634e+06
-5.897563339509193092e+00,9.437437161734599789e-01,8.366427280579218362e-01,2.542624875135300888e-01,8.500000000000000611e-02,3.000000000000000000e+00,5.142701720558476634e+06
-5.989858153460335899e+00,1.123500459229772819e+00,1.068458934374258984e+00,4.856023158285827090e-02,8.500000000000000611e-02,3.000000000000000000e+00,5.142701720558476634e+06
-6.622828187081855944e+00,8.482437702124433487e-01,1.573361976223499381e+00,1.791037765513186497e-01,8.500000000000000611e-02,3.000000000000000000e+00,5.142701720558476634e+06
-5.953822624470554103e+00,6.243325622800329766e-01,6.667427745527538807e-01,1.873419217786322921e-01,8.500000000000000611e-02,3.000000000000000000e+00,5.142701720558476634e+06
-5.562772982104551289e+00,1.129695885117587784e+00,7.158360383129591664e-01,1.156934222083983999e-01,8.500000000000000611e-02,3.000000000000000000e+00,5.142701720558476634e+06
-5.588045753235344471e+00,1.130529769214384972e+00,7.267571996085724351e-01,4.420423678113433175e-02,8.500000000000000611e-02,3.000000000000000000e+00,5.142701720558476634e+06
-4.944502357581164631e+00,1.509595643805276000e+00,3.308830412707717272e-01,-2.135725076132078959e-01,8.500000000000000611e-02,3.000000000000000000e+00,5.142701720558476634e+06
-5.571669546753586388e+00,1.981590547513523148e+00,1.494252541261101630e+00,-6.881267178875116741e-02,8.500000000000000611e-02,3.000000000000000000e+00,5.142701720558476634e+06
-5.307135306084805215e+00,2.514776535582872619e+00,2.027971027920942859e+00,3.165470293128088697e-01,8.500000000000000611e-02,3.000000000000000000e+00,5.142701720558476634e+06
-5.674709418705085717e+00,2.397100763217240083e+00,2.067636187468302467e+00,5.780392120507345244e-02,8.500000000000000611e-02,3.000000000000000000e+00,5.142701720558476634e+06
-6.041133095928796770e+00,2.223773903138138941e+00,2.374786618792995796e+00,2.080147849269366189e-01,8.500000000000000611e-02,3.000000000000000000e+00,5.142701720558476634e+06
-6.041133095928796770e+00,2.223773903138138941e+00,2.374786618792995796e+00,2.080147849269366189e-01,8.500000000000000611e-02,3.000000000000000000e+00,5.142701720558476634e+06
-6.041133095928796770e+00,2.223773903138138941e+00,2.374786618792995796e+00,2.080147849269366189e-01,8.500000000000000611e-02,3.000000000000000000e+00,5.142701720558476634e+06
-6.041133095928796770e+00,2.223773903138138941e+00,2.374786618792995796e+00,2.080147849269366189e-01,8.500000000000000611e-02,3.000000000000000000e+00,5.142701720558476634e+06
-6.412424561376924181e+00,2.049640595312893332e+00,2.719094948221199459e+00,5.944876328324883996e-01,8.500000000000000611e-02,3.000000000000000000e+00,5.142701720558476634e+06
-6.495841625590135671e+00,2.742807074186243366e+00,3.238382815391291025e+00,2.091097356782282424e-01,8.500000000000000611e-02,3.000000000000000000e+00,5.142701720558476634e+06
-6.685437450353401978e+00,2.659923262018707657e+00,3.367360224513976874e+00,2.144746652890573979e-01,8.500000000000000611e-02,3.000000000000000000e+00,5.142701720558476634e+06
-6.538285602949052588e+00,2.894909449798485745e+00,3.303458752352970595e+00,-4.588798838217778009e-02,8.500000000000000611e-02,3.000000000000000000e+00,5.142701720558476634e+06
-6.285770747474749953e+00,2.876080001237770301e+00,2.899807636011165979e+00,-3.058287727173784054e-01,8.500000000000000611e-02,3.000000000000000000e+00,5.142701720558476634e+06
-6.719998005582671574e+00,2.415789367458233805e+00,2.952517615188300582e+00,-2.734694972488344034e-01,8.500000000000000611e-02,3.000000000000000000e+00,5.142701720558476634e+06
-6.437561757145564556e+00,2.168367628097267907e+00,2.436594851375502913e+00,-1.909216000641332511e-01,8.500000000000000611e-02,3.000000000000000000e+00,5.142701720558476634e+06
-6.333027213529183186e+00,1.820862473993294817e+00,2.174439927549715268e+00,7.874377307617813626e-02,8.500000000000000611e-02,3.000000000000000000e+00,5.142701720558476634e+06
-6.001756106598677754e+00,1.366778084166867746e+00,1.653189066968507426e+00,6.555174740199314343e-01,8.500000000000000611e-02,3.000000000000000000e+00,5.142701720558476634e+06
-5.960429107773359547e+00,1.457607678098273851e+00,1.473417399063609912e+00,2.736738045737639458e-01,8.500000000000000611e-02,3.000000000000000000e+00,5.142701720558476634e+06
-6.206428718618605345e+00,1.691376608572589868e+00,2.011781250398821719e+00,3.554640110333670555e-01,8.500000000000000611e-02,3.000000000000000000e+00,5.142701720558476634e+06
-6.462755569296432689e+00,1.853131816909846519e+00,2.393570247790108407e+00,2.322875963941168909e-01,8.500000000000000611e-02,3.000000000000000000e+00,5.142701720558476634e+06
-6.628125990128737044e+00,1.904679995342815513e+00,2.531915446219514365e+00,8.999435620037821160e-02,8.500000000000000611e-02,3.000000000000000000e+00,5.142701720558476634e+06
-5.962175116762471028e+00,2.920343405024685701e+00,2.667821439605607470e+00,-3.494780094452213381e-01,8.500000000000000611e-02,3.000000000000000000e+00,5.142701720558476634e+06
-6.005792222013895731e+00,2.797905400167080892e+00,2.587112121945668086e+00,-4.011554775228925451e-01,8.500000000000000611e-02,3.000000000000000000e+00,5.142701720558476634e+06
-5.173164828658068259e+00,1.656262806893245232e+00,6.297770687371120335e-01,-2.682900919267238726e-01,8.500000000000000611e-02,3.000000000000000000e+00,5.142701720558476634e+06
-5.677120888908443241e+00,1.436995415794021902e+00,1.084058824848624480e+00,6.652320957745816443e-02,8.500000000000000611e-02,3.000000000000000000e+00,5.142701720558476634e+06
-4.942129656039857544e+00,1.607705414172990954e+00,2.766847724358075800e-01,-2.305633311644270655e-01,8.500000000000000611e-02,3.000000000000000000e+00,5.142701720558476634e+06
-4.645218552468696416e+00,6.152343673202727015e-01,-8.889678239760128164e-01,-2.925119521456391869e-01,8.500000000000000611e-02,3.000000000000000000e+00,5.142701720558476634e+06
-5.651747022699406209e+00,9.570470440728667816e-01,5.567089218572716103e-01,-1.361392139133755230e-01,8.500000000000000611e-02,3.000000000000000000e+00,5.142701720558476634e+06
-5.583029674184969871e+00,4.938709892412905811e-01,8.462744727036292103e-02,-1.026907779843362345e-01,8.500000000000000611e-02,3.000000000000000000e+00,5.142701720558476634e+06
-6.230615691710587711e+00,5.469686000521865044e-01,6.363808321654740308e-01,-5.094791235997340184e-01,8.500000000000000611e-02,3.000000000000000000e+00,5.142701720558476634e+06
-5.804888470802942457e+00,1.467010517002427683e+00,1.064286228813362989e+00,-4.510415870017021045e-01,8.500000000000000611e-02,3.000000000000000000e+00,5.142701720558476634e+06
-6.025021601231526525e+00,1.389176444528260612e+00,1.434794621200117470e+00,7.746193958344366193e-02,8.500000000000000611e-02,3.000000000000000000e+00,5.142701720558476634e+06
-5.829466686403545594e+00,1.240858606056426172e+00,9.816352560100281011e-01,-7.519278972329823674e-02,8.500000000000000611e-02,3.000000000000000000e+00,5.142701720558476634e+06
-6.036579441820787650e+00,1.706759524779926762e+00,1.803962013691351896e+00,2.640601444763642225e-01,8.500000000000000611e-02,3.000000000000000000e+00,5.142701720558476634e+06
-5.906629656522101257e+00,1.917095252765692814e+00,1.905172734805325119e+00,3.269412315219275000e-01,8.500000000000000611e-02,3.000000000000000000e+00,5.142701720558476634e+06
-6.374350376048722566e+00,1.852232071763204369e+00,2.499074647860344722e+00,6.615226003658566389e-01,8.500000000000000611e-02,3.000000000000000000e+00,5.142701720558476634e+06
-6.011551053851231785e+00,1.882903368458561877e+00,2.144030400900470923e+00,6.162745095077022395e-01,8.500000000000000611e-02,3.000000000000000000e+00,5.142701720558476634e+06
-6.028357254613878169e+00,1.656940821662776564e+00,1.724876067274443425e+00,1.782751452952002769e-01,8.500000000000000611e-02,3.000000000000000000e+00,5.142701720558476634e+06
-6.205661612012589146e+00,2.165324266129089903e+00,2.496617803474393771e+00,4.563628321810642152e-01,8.500000000000000611e-02,3.000000000000000000e+00,5.142701720558476634e+06
-5.993733568190569017e+00,2.619944424478672040e+00,2.701867596929928617e+00,3.140337638457214031e-01,8.500000000000000611e-02,3.000000000000000000e+00,5.142701720558476634e+06
-5.813703835215206617e+00,2.725815972147068500e+00,2.560799366437568558e+00,2.064130044658308849e-01,8.500000000000000611e-02,3.000000000000000000e+00,5.142701720558476634e+06
-6.169900692237153095e+00,2.730488120495602189e+00,3.014186961344163862e+00,3.654762207557836207e-01,8.500000000000000611e-02,3.000000000000000000e+00,5.142701720558476634e+06
-5.653332451308305195e+00,2.750477104907941062e+00,2.468875322579071607e+00,2.249093063615920929e-01,8.500000000000000611e-02,3.000000000000000000e+00,5.142701720558476634e+06
-5.557296563420281998e+00,2.647811991851924507e+00,2.202324254107518531e+00,1.015257417121259165e-01,8.500000000000000611e-02,3.000000000000000000e+00,5.142701720558476634e+06
-4.721816694535293735e+00,2.966491602216297707e+00,1.581115867492538074e+00,-9.957226594984286416e-02,8.500000000000000611e-02,3.000000000000000000e+00,5.142701720558476634e+06
-4.873513116089025488e+00,2.689573160705941213e+00,1.502532616089691908e+00,-4.766704214657457861e-02,8.500000000000000611e-02,3.000000000000000000e+00,5.142701720558476634e+06
-5.639396421137467641e+00,1.572337575332436899e+00,1.178411455094759974e+00,7.021371222022660015e-03,8.500000000000000611e-02,3.000000000000000000e+00,5.142701720558476634e+06
-5.690275084226580127e+00,1.407179126244148870e+00,7.446769470828855653e-01,-6.040018269253540906e-01,8.500000000000000611e-02,3.000000000000000000e+00,5.142701720558476634e+06
-5.980464405556100260e+00,2.012485993144099261e+00,1.773938294341534938e+00,-4.015955705137272957e-01,8.500000000000000611e-02,3.000000000000000000e+00,5.142701720558476634e+06
-5.576397708235617756e+00,1.474956966648806489e+00,7.489067371195115008e-01,-5.056366551067972281e-01,8.500000000000000611e-02,3.000000000000000000e+00,5.142701720558476634e+06
-5.104016017542639005e+00,1.668144808172847604e+00,4.348561069946381696e-01,-6.490392679830636613e-01,8.500000000000000611e-02,3.000000000000000000e+00,5.142701720558476634e+06
-5.870374337326086156e+00,2.186906870447155260e+00,1.874520457508720206e+00,-3.403413758828683355e-01,8.500000000000000611e-02,3.000000000000000000e+00,5.142701720558476634e+06
-5.561595300331164005e+00,2.530767714710197236e+00,1.817223687061645609e+00,-4.446250081323427916e-01,8.500000000000000611e-02,3.000000000000000000e+00,5.142701720558476634e+06
-5.225686440608574124e+00,2.287757809474902704e+00,1.245953110850344547e+00,-3.963496995148068081e-01,8.500000000000000611e-02,3.000000000000000000e+00,5.142701720558476634e+06
-5.491159405930517323e+00,2.661177099210392250e+00,1.988805276936041588e+00,-1.779894288282775627e-01,8.500000000000000611e-02,3.000000000000000000e+00,5.142701720558476634e+06
-5.404063977391370344e+00,1.796527429492112526e+00,9.485760904769953150e-01,-1.358948433076412332e-01,8.500000000000000611e-02,3.000000000000000000e+00,5.142701720558476634e+06
-5.742786522829455009e+00,2.172354836014679158e+00,1.490110918878583046e+00,-8.758922040661369923e-01,8.500000000000000611e-02,3.000000000000000000e+00,5.142701720558476634e+06
-5.917310879469185103e+00,2.152781719833547935e+00,1.745558207831305442e+00,-5.672929581696751766e-01,8.500000000000000611e-02,3.000000000000000000e+00,5.142701720558476634e+06
-6.191885129631489626e+00,2.432644017389845814e+00,2.343831325858760195e+00,-4.127971790388447193e-01,8.500000000000000611e-02,3.000000000000000000e+00,5.142701720558476634e+06
-6.070252146626498480e+00,2.536476934681151985e+00,2.402958390166545666e+00,-2.040812391468208031e-01,8.500000000000000611e-02,3.000000000000000000e+00,5.142701720558476634e+06
-6.035889476828140587e+00,1.945638652871514607e+00,1.821268867689487481e+00,-1.567340128100866148e-01,8.500000000000000611e-02,3.000000000000000000e+00,5.142701720558476634e+06
-5.096305407558152645e+00,2.415437625861975413e+00,1.332539073638414173e+00,-2.548888171353526078e-01,8.500000000000000611e-02,3.000000000000000000e+00,5.142701720558476634e+06
-5.355423719333847643e+00,2.603004878436742331e+00,1.833221399658421014e+00,3.235567285115661940e-02,8.500000000000000611e-02,3.000000000000000000e+00,5.142701720558476634e+06
-5.595428911286382423e+00,2.969686101766507491e+00,2.349878009047046579e+00,-2.559229794832640348e-01,8.500000000000000611e-02,3.000000000000000000e+00,5.142701720558476634e+06
-5.327410871716800500e+00,2.975538920751839900e+00,2.030360352031944871e+00,-4.542706170871052551e-01,8.500000000000000611e-02,3.000000000000000000e+00,5.142701720558476634e+06
-5.383938129588174526e+00,2.708476245698610008e+00,1.924148345334050214e+00,-3.232064224499761051e-01,8.500000000000000611e-02,3.000000000000000000e+00,5.142701720558476634e+06
-5.266642980038342081e+00,2.775434879224152329e+00,1.922464849210647087e+00,-2.002749208507267342e-01,8.500000000000000611e-02,3.000000000000000000e+00,5.142701720558476634e+06
-5.766278568317874331e+00,1.967218377532740314e+00,1.655279436760664247e+00,-1.461042646867728723e-02,8.500000000000000611e-02,3.000000000000000000e+00,5.142701720558476634e+06
-5.775713527545971004e+00,1.764635702020097341e+00,1.454600817361552334e+00,1.127246263545704230e-01,8.500000000000000611e-02,3.000000000000000000e+00,5.142701720558476634e+06
-5.452783569327145585e+00,1.344377484174451132e+00,5.821068200985162200e-01,-3.493515421672990090e-02,8.500000000000000611e-02,3.000000000000000000e+00,5.142701720558476634e+06
-5.395110782807135408e+00,1.043122516808240086e+00,-3.013934288182396060e-02,-1.523987642553435551e+00,8.500000000000000611e-02,3.000000000000000000e+00,5.142701720558476634e+06
-5.862249481171442511e+00,1.374274879246860870e+00,8.524581568128499764e-01,-1.626791118414814274e+00,8.500000000000000611e-02,3.000000000000000000e+00,5.142701720558476634e+06
-6.092698371392215151e+00,7.835010701948305067e-01,5.152852821478051126e-01,-1.224354609337749533e+00,8.500000000000000611e-02,3.000000000000000000e+00,5.142701720558476634e+06
-6.142957799509080274e+00,1.203488438790694115e+00,9.641749668119673489e-01,-1.306175540240516852e+00,8.500000000000000611e-02,3.000000000000000000e+00,5.142701720558476634e+06
-6.120593345539833585e+00,8.073994748209130101e-01,6.014907086312499818e-01,-8.681292145549027728e-01,8.500000000000000611e-02,3.000000000000000000e+00,5.142701720558476634e+06
-6.052531047925206131e+00,1.645063153826324509e+00,1.375433487968594104e+00,-6.425550051407240559e-01,8.500000000000000611e-02,3.000000000000000000e+00,5.142701720558476634e+06
-5.979664996711806069e+00,1.202308067989628526e+00,9.102620017318816537e-01,-4.756602336956781141e-01,8.500000000000000611e-02,3.000000000000000000e+00,5.142701720558476634e+06
-5.636650542812797759e+00,2.412152880826727408e+00,1.817852159216367891e+00,-3.439397522546431274e-01,8.500000000000000611e-02,3.000000000000000000e+00,5.142701720558476634e+06
-6.079549335750164651e+00,2.584878174327151612e+00,2.396778178010556370e+00,-4.079216963842406951e-01,8.500000000000000611e-02,3.000000000000000000e+00,5.142701720558476634e+06
-6.070383853620635151e+00,2.652686424201504245e+00,2.404357287996321535e+00,-3.937671038514574673e-01,8.500000000000000611e-02,3.000000000000000000e+00,5.142701720558476634e+06
-6.476980542269559216e+00,2.906324368404492375e+00,3.107126436160883909e+00,-2.708517710024121450e-01,8.500000000000000611e-02,3.000000000000000000e+00,5.142701720558476634e+06
-6.202721374680767674e+00,2.658684992043418127e+00,2.635770452860096924e+00,-1.621542536199671036e-01,8.500000000000000611e-02,3.000000000000000000e+00,5.142701720558476634e+06
-6.125234794270351557e+00,2.956180188506878359e+00,2.768876971885774640e+00,-3.629514226147750877e-01,8.500000000000000611e-02,3.000000000000000000e+00,5.142701720558476634e+06
-6.159138761820988073e+00,1.962094714263411754e+00,1.921826115609135410e+00,-2.328336487768042917e-01,8.500000000000000611e-02,3.000000000000000000e+00,5.142701720558476634e+06
-6.205325442721233209e+00,1.979277108626510628e+00,2.003333185185269372e+00,-2.524363135065263442e-01,8.500000000000000611e-02,3.000000000000000000e+00,5.142701720558476634e+06
-6.106875903328024435e+00,2.662806135728776891e+00,2.625462879939115535e+00,-1.516593925007570509e-01,8.500000000000000611e-02,3.000000000000000000e+00,5.142701720558476634e+06
-5.932391709876539743e+00,2.747250243605294351e+00,2.479472447762701481e+00,-2.497513195145482090e-01,8.500000000000000611e-02,3.000000000000000000e+00,5.142701720558476634e+06
-5.762765872995216476e+00,2.725700034343875977e+00,2.241768728735159755e+00,-3.529144629876000971e-01,8.500000000000000611e-02,3.000000000000000000e+00,5.142701720558476634e+06
-5.750019555483091516e+00,2.756025366390458586e+00,2.394387469550099290e+00,-6.083303762963429562e-02,8.500000000000000611e-02,3.000000000000000000e+00,5.142701720558476634e+06
-5.592724825370997799e+00,2.635552860862934388e+00,2.122814980562221177e+00,-8.316555216554907815e-02,8.500000000000000611e-02,3.000000000000000000e+00,5.142701720558476634e+06
-5.628644539928772339e+00,2.866128969261651172e+00,2.575946800825879457e+00,2.945851471153422274e-01,8.500000000000000611e-02,3.000000000000000000e+00,5.142701720558476634e+06
-5.856642919327122776e+00,2.099823701989540492e+00,1.978031296319181509e+00,1.952442419926181949e-01,8.500000000000000611e-02,3.000000000000000000e+00,5.142701720558476634e+06
-5.818969285243122513e+00,2.348734022451803849e+00,2.099455011337638677e+00,-6.545368258867798050e-02,8.500000000000000611e-02,3.000000000000000000e+00,5.142701720558476634e+06
-5.925680921518516442e+00,2.269240122648132463e+00,2.199859594144121910e+00,4.958345453312390516e-02,8.500000000000000611e-02,3.000000000000000000e+00,5.142701720558476634e+06
-5.555733596408081176e+00,1.844203587450065740e+00,1.474898071198690319e+00,5.474581242169207496e-02,8.500000000000000611e-02,3.000000000000000000e+00,5.142701720558476634e+06
-5.528573393467851815e+00,1.479887495375286521e+00,7.823211886597825071e-01,-3.301849279489863509e-01,8.500000000000000611e-02,3.000000000000000000e+00,5.142701720558476634e+06
-5.805550068730486402e+00,1.520558118774441470e+00,1.029292243338963964e+00,-3.939329040150041372e-01,8.500000000000000611e-02,3.000000000000000000e+00,5.142701720558476634e+06
-5.741631094086955933e+00,1.277628476818014391e+00,7.394880322823651486e-01,-3.618881889361554305e-01,8.500000000000000611e-02,3.000000000000000000e+00,5.142701720558476634e+06
-5.740472908942487074e+00,1.799490999543402747e+00,1.369463876300703653e+00,-1.881774263090064958e-01,8.500000000000000611e-02,3.000000000000000000e+00,5.142701720558476634e+06
-5.427804486413386975e+00,1.371805588841259915e+00,6.098124175967397642e-01,-1.989972527560354976e-01,8.500000000000000611e-02,3.000000000000000000e+00,5.142701720558476634e+06
-5.818792571414213910e+00,1.667176742934347589e+00,1.357199112365953031e+00,-8.276664216358803339e-02,8.500000000000000611e-02,3.000000000000000000e+00,5.142701720558476634e+06
-6.767762959879321194e+00,2.455121992207208503e+00,3.477187024163387541e+00,6.199057690432973056e-01,8.500000000000000611e-02,3.000000000000000000e+00,5.142701720558476634e+06
-5.839946362862077578e+00,2.656434271977906381e+00,2.368983964055532354e+00,-1.878708931499533941e-01,8.500000000000000611e-02,3.000000000000000000e+00,5.142701720558476634e+06
-5.613361278780368835e+00,2.529304537060678371e+00,1.958429703368693930e+00,-3.250768372010410800e-01,8.500000000000000611e-02,3.000000000000000000e+00,5.142701720558476634e+06
-5.607630068795343092e+00,2.897064672942391450e+00,2.571098421570395587e+00,1.295859389469951051e-01,8.500000000000000611e-02,3.000000000000000000e+00,5.142701720558476634e+06
-5.632195222697951031e+00,2.376217185733500603e+00,1.975956045876637202e+00,-1.612719439003962307e-01,8.500000000000000611e-02,3.000000000000000000e+00,5.142701720558476634e+06
-5.237463738847194961e+00,2.555556366349413189e+00,1.778359540051058119e+00,-8.357543928123056798e-02,8.500000000000000611e-02,3.000000000000000000e+00,5.142701720558476634e+06
-5.576044692751300325e+00,2.530288900839428923e+00,2.090779730897604605e+00,-2.694291920392134082e-02,8.500000000000000611e-02,3.000000000000000000e+00,5.142701720558476634e+06
-5.976418915862469206e+00,2.666777308405491098e+00,2.637628729658439308e+00,-1.076294227370345330e-02,8.500000000000000611e-02,3.000000000000000000e+00,5.142701720558476634e+06
-5.851474921610130941e+00,2.935849783970398530e+00,2.742669761836527886e+00,-4.427182256605236010e-02,8.500000000000000611e-02,3.000000000000000000e+00,5.142701720558476634e+06
-5.866212504701976194e+00,2.694882865598498434e+00,2.510160578489551320e+00,-3.778105762094474684e-04,8.500000000000000611e-02,3.000000000000000000e+00,5.142701720558476634e+06
-5.867632327080356092e+00,2.935482124457928776e+00,2.717353004629638136e+00,-7.275461191535442795e-02,8.500000000000000611e-02,3.000000000000000000e+00,5.142701720558476634e+06
-5.243210062541414196e+00,2.795965525791964890e+00,1.916726491245317021e+00,8.428621169119798751e-04,8.500000000000000611e-02,3.000000000000000000e+00,5.142701720558476634e+06
-5.554749860684156992e+00,2.505090585341326559e+00,2.002112001223201432e+00,1.587374668838675007e-01,8.500000000000000611e-02,3.000000000000000000e+00,5.142701720558476634e+06
-5.568739518599415739e+00,2.642351973464840409e+00,2.169090362918784543e+00,2.776978324159871114e-01,8.500000000000000611e-02,3.000000000000000000e+00,5.142701720558476634e+06
-5.624894050916751098e+00,2.597494701974645714e+00,2.224382269142053836e+00,3.144058197994138992e-01,8.500000000000000611e-02,3.000000000000000000e+00,5.142701720558476634e+06
-6.429293946009343230e+00,1.580114015431466346e+00,2.066908695908583393e+00,2.014274423639083600e-01,8.500000000000000611e-02,3.000000000000000000e+00,5.142701720558476634e+06
-6.306316295339975397e+00,2.064996437214441372e+00,2.358015879138351423e+00,1.257544423325567262e-01,8.500000000000000611e-02,3.000000000000000000e+00,5.142701720558476634e+06
-6.820483257416897871e+00,1.589420483639132353e+00,2.443960565502028448e+00,2.145060380204566464e-02,8.500000000000000611e-02,3.000000000000000000e+00,5.142701720558476634e+06
-6.211760027774400506e+00,1.594843601673230582e+00,1.765922580623464411e+00,-6.022876363343526718e-02,8.500000000000000611e-02,3.000000000000000000e+00,5.142701720558476634e+06
-6.787738167170193293e+00,7.852834705440550067e-01,1.621576805087098450e+00,1.377686326229693448e-02,8.500000000000000611e-02,3.000000000000000000e+00,5.142701720558476634e+06
-6.181084368621126757e+00,1.487807699908305192e+00,1.618212276586939780e+00,-8.238695448194416349e-02,8.500000000000000611e-02,3.000000000000000000e+00,5.142701720558476634e+06
-5.512290987103256157e+00,1.386070495336436892e+00,6.599694069923056627e-01,-5.195684913849413222e-01,8.500000000000000611e-02,3.000000000000000000e+00,5.142701720558476634e+06
-5.772029412934984727e+00,3.822315444721424704e-01,-2.049960022958363659e-02,-3.782346206876556205e-01,8.500000000000000611e-02,3.000000000000000000e+00,5.142701720558476634e+06
-5.887974763996061789e+00,1.015794007234634533e+00,8.765446705732022892e-01,7.468347383609674761e-02,8.500000000000000611e-02,3.000000000000000000e+00,5.142701720558476634e+06
-6.006988001679562927e+00,8.342652090694883116e-01,8.432346501443460651e-01,1.412896443564969906e-01,8.500000000000000611e-02,3.000000000000000000e+00,5.142701720558476634e+06
-6.217914469350909634e+00,1.110157817488210741e+00,1.257866574982962726e+00,-1.233497075196943876e-02,8.500000000000000611e-02,3.000000000000000000e+00,5.142701720558476634e+06
-6.632107222752156694e+00,1.298134634377818397e+00,2.013050068964807426e+00,1.936446618627127580e-01,8.500000000000000611e-02,3.000000000000000000e+00,5.142701720558476634e+06
-6.408393142622390570e+00,1.190293720500777530e+00,1.658275851166047588e+00,1.593365101562161934e-01,8.500000000000000611e-02,3.000000000000000000e+00,5.142701720558476634e+06
-5.935976885508224221e+00,1.465953120307801782e+00,1.447178687499054206e+00,8.333261507763034537e-04,8.500000000000000611e-02,3.000000000000000000e+00,5.142701720558476634e+06
-5.854580934280654958e+00,1.236078190031057344e+00,1.169171472919980470e+00,3.167395214307286988e-01,8.500000000000000611e-02,3.000000000000000000e+00,5.142701720558476634e+06
-6.107792014868303809e+00,1.439504610587105660e+00,1.371372063278839315e+00,-1.649821071505508385e-02,8.500000000000000611e-02,3.000000000000000000e+00,5.142701720558476634e+06
-5.827787932722807263e+00,1.835765994354769060e+00,1.409002185457187917e+00,-1.572641313682767716e-01,8.500000000000000611e-02,3.000000000000000000e+00,5.142701720558476634e+06
-5.781135102440709161e+00,1.505066600163844637e+00,1.044876676011759375e+00,-2.492460627886919911e-01,8.500000000000000611e-02,3.000000000000000000e+00,5.142701720558476634e+06
-5.969697067900225917e+00,2.016746302216595232e+00,1.785238303127084647e+00,-8.018066133435278187e-02,8.500000000000000611e-02,3.000000000000000000e+00,5.142701720558476634e+06
-5.465231949774648434e+00,2.023929104762564712e+00,1.220617356429427147e+00,-3.155064137605241292e-01,8.500000000000000611e-02,3.000000000000000000e+00,5.142701720558476634e+06
-4.898233440999746335e+00,2.189968321647503657e+00,8.547947731354308409e-01,-2.481461335589627559e-01,8.500000000000000611e-02,3.000000000000000000e+00,5.142701720558476634e+06
-4.782487302939459894e+00,2.566897825704863578e+00,1.134297681164073701e+00,-1.719080182308660998e-01,8.500000000000000611e-02,3.000000000000000000e+00,5.142701720558476634e+06
-5.638564079098604687e+00,2.568722939070100519e+00,2.110041259676854075e+00,-3.673910811015784761e-02,8.500000000000000611e-02,3.000000000000000000e+00,5.142701720558476634e+06
-5.699178892230662541e+00,2.584291025037707801e+00,2.192903667332596562e+00,-5.657068376248797215e-03,8.500000000000000611e-02,3.000000000000000000e+00,5.142701720558476634e+06
-5.786953938581394397e+00,2.978063269840306670e+00,2.679612661796322293e+00,-6.378516591121219381e-02,8.500000000000000611e-02,3.000000000000000000e+00,5.142701720558476634e+06
-5.821897779074362234e+00,2.970756478060843087e+00,2.712977703838415078e+00,-5.750726616170476202e-02,8.500000000000000611e-02,3.000000000000000000e+00,5.142701720558476634e+06
-5.792896966183431751e+00,2.762364830542251681e+00,2.468605065308293156e+00,-4.147918642465557582e-02,8.500000000000000611e-02,3.000000000000000000e+00,5.142701720558476634e+06
-6.694110170499198098e+00,2.510257334459883083e+00,3.433104102358802923e+00,6.101110972955179346e-01,8.500000000000000611e-02,3.000000000000000000e+00,5.142701720558476634e+06
-6.700483157493234643e+00,1.954164118246313864e+00,2.824754192116267326e+00,4.130659330403658736e-01,8.500000000000000611e-02,3.000000000000000000e+00,5.142701720558476634e+06
-6.150903558064786836e+00,2.352557266450277407e+00,2.429415561606400598e+00,-8.718456752576009272e-02,8.500000000000000611e-02,3.000000000000000000e+00,5.142701720558476634e+06
-6.736787417574539027e+00,2.987864235778110444e+00,3.716776486515997124e+00,1.010267988114315618e-01,8.500000000000000611e-02,3.000000000000000000e+00,5.142701720558476634e+06
-6.794308296573281503e+00,2.990338927497208310e+00,3.798998747006835153e+00,1.785373389763054153e-01,8.500000000000000611e-02,3.000000000000000000e+00,5.142701720558476634e+06
-6.788156523397589126e+00,2.426472800092415394e+00,3.202563975536882435e+00,6.515480418282723618e-02,8.500000000000000611e-02,3.000000000000000000e+00,5.142701720558476634e+06
-6.874215611767904299e+00,2.747144822385696905e+00,3.701751597857747100e+00,2.087989066644498348e-01,8.500000000000000611e-02,3.000000000000000000e+00,5.142701720558476634e+06
-6.669437917448783004e+00,2.565707913393565853e+00,3.301310594446365432e+00,2.260585899427518530e-01,8.500000000000000611e-02,3.000000000000000000e+00,5.142701720558476634e+06
-6.534745558428673995e+00,2.919136428935905414e+00,3.283298969699700809e+00,-9.320451278483293800e-02,8.500000000000000611e-02,3.000000000000000000e+00,5.142701720558476634e+06
-6.680266248239251858e+00,2.960654531290428437e+00,3.472292560533654981e+00,-1.463388709815107158e-01,8.500000000000000611e-02,3.000000000000000000e+00,5.142701720558476634e+06
-6.060535541245971380e+00,2.259465257227627255e+00,2.265975733714260532e+00,1.813149710029680894e-01,8.500000000000000611e-02,3.000000000000000000e+00,5.142701720558476634e+06
-6.333293909434816626e+00,1.592100176495393482e+00,1.882114880639811583e+00,1.466612821393213917e-01,8.500000000000000611e-02,3.000000000000000000e+00,5.142701720558476634e+06
-5.584733015625307218e+00,2.018617556757390741e+00,1.452823182315143846e+00,-2.566957214030499701e-01,8.500000000000000611e-02,3.000000000000000000e+00,5.142701720558476634e+06
-4.980828729352452022e+00,2.207249390876167894e+00,1.061109412026513876e+00,1.729212590696944662e-01,8.500000000000000611e-02,3.000000000000000000e+00,5.142701720558476634e+06
-5.806480199036940348e+00,2.351409293599918904e+00,2.147929083866933819e+00,1.542373444310540798e-01,8.500000000000000611e-02,3.000000000000000000e+00,5.142701720558476634e+06
-5.311903087910648580e+00,2.675900739587960153e+00,1.785942835368667492e+00,-6.812582698763555711e-02,8.500000000000000611e-02,3.000000000000000000e+00,5.142701720558476634e+06
-5.328189628981093051e+00,2.616234483652814191e+00,1.746219486992321546e+00,-6.616411859346579827e-02,8.500000000000000611e-02,3.000000000000000000e+00,5.142701720558476634e+06
-5.494219809417922207e+00,2.951028923160183837e+00,2.334686120420206290e+00,1.682839737522635604e-01,8.500000000000000611e-02,3.000000000000000000e+00,5.142701720558476634e+06
-5.927531703864920232e+00,2.479768913675648445e+00,2.237760935997293199e+00,-3.424914080598787103e-01,8.500000000000000611e-02,3.000000000000000000e+00,5.142701720558476634e+06
-6.500067225267798676e+00,2.045858626917109291e+00,2.583008669282523151e+00,7.069782271897773196e-02,8.500000000000000611e-02,3.000000000000000000e+00,5.142701720558476634e+06
-6.287388602223431988e+00,2.314920597776111588e+00,2.596566763015816459e+00,3.121093320434278895e-02,8.500000000000000611e-02,3.000000000000000000e+00,5.142701720558476634e+06
-6.944710454321245230e+00,2.806245112064612357e+00,3.837383004321464064e+00,1.488697920200500180e-01,8.500000000000000611e-02,3.000000000000000000e+00,5.142701720558476634e+06
-6.974752543483745626e+00,2.829491775754569893e+00,3.896953987616424087e+00,1.588467994786638693e-01,8.500000000000000611e-02,3.000000000000000000e+00,5.142701720558476634e+06
-6.570326465514250813e+00,2.144558953937770962e+00,2.643198252283994076e+00,-1.394719628673615208e-01,8.500000000000000611e-02,3.000000000000000000e+00,5.142701720558476634e+06
-5.646298627652720725e+00,2.584477609316618185e+00,1.908568156538394289e+00,-4.420409805441082307e-01,8.500000000000000611e-02,3.000000000000000000e+00,5.142701720558476634e+06
-5.767661234285983873e+00,2.419604393245359919e+00,1.792734277143968491e+00,-7.982588752965973367e-01,8.500000000000000611e-02,3.000000000000000000e+00,5.142701720558476634e+06
-5.478004399613298325e+00,2.368987411691470868e+00,1.637761885088379721e+00,-2.162662748936213519e-01,8.500000000000000611e-02,3.000000000000000000e+00,5.142701720558476634e+06
-5.701147771030638189e+00,2.837451382583854098e+00,2.317621689176482036e+00,-3.496378337680783321e-02,8.500000000000000611e-02,3.000000000000000000e+00,5.142701720558476634e+06
-5.507002526646118667e+00,2.541561927474495164e+00,1.874911843459513117e+00,7.460557390699285030e-03,8.500000000000000611e-02,3.000000000000000000e+00,5.142701720558476634e+06
-5.379844744604013407e+00,2.538989874785261058e+00,1.638672408207707099e+00,-2.562316062473586342e-01,8.500000000000000611e-02,3.000000000000000000e+00,5.142701720558476634e+06
-5.404745302276872110e+00,2.207091620051608416e+00,1.419365216808543106e+00,-1.584612303855220672e-01,8.500000000000000611e-02,3.000000000000000000e+00,5.142701720558476634e+06
-4.929474346739439738e+00,2.989999058736869220e+00,1.664786933657065759e+00,-8.253197751343427369e-02,8.500000000000000611e-02,3.000000000000000000e+00,5.142701720558476634e+06
-5.421603461051653028e+00,2.028043127636549592e+00,1.320187551385601177e+00,-1.017243177216180239e-02,8.500000000000000611e-02,3.000000000000000000e+00,5.142701720558476634e+06
-5.183306058440890318e+00,2.409242437742000753e+00,1.432747960118542441e+00,1.360589052441191216e-02,8.500000000000000611e-02,3.000000000000000000e+00,5.142701720558476634e+06
-5.972275883617129466e+00,2.635325340572478137e+00,2.402457419066680089e+00,-1.374168838279803406e-01,8.500000000000000611e-02,3.000000000000000000e+00,5.142701720558476634e+06
-5.909014101789192175e+00,1.264695679227807457e+00,1.137528464184677901e+00,8.192076080015611717e-02,8.500000000000000611e-02,3.000000000000000000e+00,5.142701720558476634e+06
-6.292877746578616538e+00,5.286117588576479953e-01,8.710497125732442614e-01,2.310760380622702281e-01,8.500000000000000611e-02,3.000000000000000000e+00,5.142701720558476634e+06
-5.939079005623503882e+00,1.661684799486415010e+00,1.472319722797289732e+00,-8.335796367465232726e-02,8.500000000000000611e-02,3.000000000000000000e+00,5.142701720558476634e+06
-5.942506243637620145e+00,1.916001669061086821e+00,1.642031306024484438e+00,-1.004048587388732261e-01,8.500000000000000611e-02,3.000000000000000000e+00,5.142701720558476634e+06
-5.604641738157265074e+00,1.890387187487047038e+00,1.298257832572556447e+00,-2.137148639775245107e-01,8.500000000000000611e-02,3.000000000000000000e+00,5.142701720558476634e+06
-5.446549011567888954e+00,2.356228408542883290e+00,1.487921000489963230e+00,-3.454875239749839455e-01,8.500000000000000611e-02,3.000000000000000000e+00,5.142701720558476634e+06
-5.193541506551282438e+00,2.154427994426284076e+00,1.069057776765798051e+00,-2.722155474363788796e-01,8.500000000000000611e-02,3.000000000000000000e+00,5.142701720558476634e+06
-5.639521569025907510e+00,1.515435424857057845e+00,1.104741670103300821e+00,1.549472299878494608e-02,8.500000000000000611e-02,3.000000000000000000e+00,5.142701720558476634e+06
-5.442443920733064822e+00,1.286650093674594597e+00,6.247084981840607121e-01,2.148968979328191864e-02,8.500000000000000611e-02,3.000000000000000000e+00,5.142701720558476634e+06
-5.434620996493915612e+00,1.629215961927465095e+00,9.140003444774051911e-01,-1.135116791880853016e-01,8.500000000000000611e-02,3.000000000000000000e+00,5.142701720558476634e+06
-5.573622996876469671e+00,2.003263252745079548e+00,1.436242681207317018e+00,-2.309580185626289306e-02,8.500000000000000611e-02,3.000000000000000000e+00,5.142701720558476634e+06
-5.186133717955269340e+00,5.114447136488791124e-01,-3.786903062545756704e-01,-2.303006903479699052e-01,8.500000000000000611e-02,3.000000000000000000e+00,5.142701720558476634e+06
-5.076046928506485756e+00,1.204172350460018359e+00,1.059965871293540030e-01,-3.413968556070873239e-01,8.500000000000000611e-02,3.000000000000000000e+00,5.142701720558476634e+06
-4.780746655749092078e+00,1.772304112718063429e+00,1.588493461915070348e-01,-6.759330966696808218e-01,8.500000000000000611e-02,3.000000000000000000e+00,5.142701720558476634e+06
-5.504926487306451399e+00,2.152630337141442141e+00,1.454269680025400913e+00,-1.913619130656826484e-01,8.500000000000000611e-02,3.000000000000000000e+00,5.142701720558476634e+06
-6.125368039931855080e+00,1.401195071672575398e+00,1.443210731888502130e+00,-1.260375760421533764e-01,8.500000000000000611e-02,3.000000000000000000e+00,5.142701720558476634e+06
-6.005757186297342010e+00,6.499537832487971567e-01,7.701917469289355500e-01,1.650919770255440677e-01,8.500000000000000611e-02,3.000000000000000000e+00,5.142701720558476634e+06
-6.180799926362850805e+00,4.896245310532612027e-01,8.274599075325168585e-01,2.157912858244837029e-01,8.500000000000000611e-02,3.000000000000000000e+00,5.142701720558476634e+06
-6.204165521789777316e+00,3.426989055373583781e-01,7.690929491939392237e-01,2.828121813070810786e-01,8.500000000000000611e-02,3.000000000000000000e+00,5.142701720558476634e+06
-6.417729613963856217e+00,7.563700724799422570e-01,1.364376998087270199e+00,2.430147107968246289e-01,8.500000000000000611e-02,3.000000000000000000e+00,5.142701720558476634e+06
-6.264743330048078818e+00,1.434354250424145327e+00,1.758189162126207350e+00,4.827499890961030327e-02,8.500000000000000611e-02,3.000000000000000000e+00,5.142701720558476634e+06
-6.317277899139909891e+00,1.661046083919306193e+00,2.055544438411359920e+00,2.635732875451357038e-01,8.500000000000000611e-02,3.000000000000000000e+00,5.142701720558476634e+06
-5.987621584699152066e+00,2.062401853639846738e+00,1.931683413442658814e+00,-6.467327680408996304e-02,8.500000000000000611e-02,3.000000000000000000e+00,5.142701720558476634e+06
-5.979576028352292738e+00,2.185709453019416770e+00,2.022693911829231972e+00,-9.800622503375369665e-02,8.500000000000000611e-02,3.000000000000000000e+00,5.142701720558476634e+06
-6.093532527358950901e+00,1.529745988722127858e+00,1.365980971320865933e+00,-3.849143949805175491e-01,8.500000000000000611e-02,3.000000000000000000e+00,5.142701720558476634e+06
-5.456604046074042813e+00,2.399930040967631850e+00,1.490479889048423212e+00,-8.436011554235052223e-01,8.500000000000000611e-02,3.000000000000000000e+00,5.142701720558476634e+06
-5.667795126196719657e+00,1.187654263315417680e+00,5.109519243960940482e-01,-8.847427043170277283e-01,8.500000000000000611e-02,3.000000000000000000e+00,5.142701720558476634e+06
-5.873803330179794280e+00,1.456259942008395702e+00,1.110926254881911879e+00,-4.126808802107446716e-01,8.500000000000000611e-02,3.000000000000000000e+00,5.142701720558476634e+06
-5.984782204550069373e+00,4.235423458086278181e-01,2.418062087140273597e-01,-4.292397710279153289e-01,8.500000000000000611e-02,3.000000000000000000e+00,5.142701720558476634e+06
-5.752361971361293236e+00,1.651414277431806354e+00,1.283023957314749275e+00,2.235668579302019232e-03,8.500000000000000611e-02,3.000000000000000000e+00,5.142701720558476634e+06
-5.929863679403300836e+00,1.756848911555282999e+00,1.587643358951104755e+00,1.474173461543902275e-01,8.500000000000000611e-02,3.000000000000000000e+00,5.142701720558476634e+06
-5.527649620105744788e+00,1.862088037574151089e+00,1.436616576202513373e+00,3.504898787890802780e-01,8.500000000000000611e-02,3.000000000000000000e+00,5.142701720558476634e+06
-5.594058115218941474e+00,1.744297254543077935e+00,1.094367159679986434e+00,-4.277199676176706156e-01,8.500000000000000611e-02,3.000000000000000000e+00,5.142701720558476634e+06
-5.185466606864014949e+00,1.521698079172279616e+00,3.412969028339215560e-01,-8.681298748946165711e-01,8.500000000000000611e-02,3.000000000000000000e+00,5.142701720558476634e+06
-5.152967165982208719e+00,1.359122814445256067e+00,1.441511083594482212e-01,-9.102190084334111919e-01,8.500000000000000611e-02,3.000000000000000000e+00,5.142701720558476634e+06
-6.063393450060731382e+00,1.293267106896690777e+00,1.202251926257002168e+00,-2.895644199672072761e-01,8.500000000000000611e-02,3.000000000000000000e+00,5.142701720558476634e+06
-6.559964981796198913e+00,1.808686679124747121e+00,2.227200444881455965e+00,-2.380120948066257736e-01,8.500000000000000611e-02,3.000000000000000000e+00,5.142701720558476634e+06
-6.583314056909403078e+00,1.788484298667135874e+00,2.361478142590209828e+00,4.531430865401930852e-02,8.500000000000000611e-02,3.000000000000000000e+00,5.142701720558476634e+06
-6.573334711213864701e+00,9.873653022061976703e-01,1.586529543997363012e+00,1.340396259334802886e-01,8.500000000000000611e-02,3.000000000000000000e+00,5.142701720558476634e+06
-5.194679021435584687e+00,1.044534472292981464e+00,1.809252834720087577e-02,-2.591973800566216291e-01,8.500000000000000611e-02,3.000000000000000000e+00,5.142701720558476634e+06
-4.751397615291091725e+00,1.529593911610746870e+00,4.461164409754858617e-02,-1.519237839354891373e-01,8.500000000000000611e-02,3.000000000000000000e+00,5.142701720558476634e+06
-5.353835276831601320e+00,1.143447806352896334e+00,3.543692201018575627e-01,-4.672998638985245701e-02,8.500000000000000611e-02,3.000000000000000000e+00,5.142701720558476634e+06
-5.763500193599355725e+00,1.079507789493080683e+00,8.416044391222704535e-01,1.031787506108203245e-01,8.500000000000000611e-02,3.000000000000000000e+00,5.142701720558476634e+06
-5.956461461885650621e+00,9.298787646487796099e-01,8.332059299937908392e-01,-1.529246008428433168e-01,8.500000000000000611e-02,3.000000000000000000e+00,5.142701720558476634e+06
-5.921952271883809793e+00,3.336144937648494180e-01,3.418388690126392682e-01,-6.417901653797414285e-02,8.500000000000000611e-02,3.000000000000000000e+00,5.142701720558476634e+06
-5.899980901869544603e+00,7.703351228780305204e-01,6.523057537162366692e-01,-1.532689460111050783e-01,8.500000000000000611e-02,3.000000000000000000e+00,5.142701720558476634e+06
-5.773632840296612834e+00,-1.068362888186902282e-02,-1.121926562173249931e-01,-7.580423137256545041e-02,8.500000000000000611e-02,3.000000000000000000e+00,5.142701720558476634e+06
-5.776076046533752617e+00,-4.833142800724221644e-03,-1.036718164861794023e-01,-7.417030484904990617e-02,8.500000000000000611e-02,3.000000000000000000e+00,5.142701720558476634e+06
-5.799942089457934991e+00,9.423623313389328793e-02,6.026177406436916684e-02,5.161742512167125096e-02,8.500000000000000611e-02,3.000000000000000000e+00,5.142701720558476634e+06
-5.694424906280346477e+00,3.129648228522399211e-01,7.399893851504746323e-02,-1.138947064397694275e-01,8.500000000000000611e-02,3.000000000000000000e+00,5.142701720558476634e+06
-5.847921275674774932e+00,1.947112420793699616e+00,1.771828108533197055e+00,-5.874309818638250025e-02,8.500000000000000611e-02,3.000000000000000000e+00,5.142701720558476634e+06
-5.714211361378053411e+00,1.703744807015686202e+00,1.354823463235132142e+00,-9.823456984757250599e-02,8.500000000000000611e-02,3.000000000000000000e+00,5.142701720558476634e+06
-5.222151759970229179e+00,2.819235298633073317e+00,1.895237981549208639e+00,-1.789143795964793782e-01,8.500000000000000611e-02,3.000000000000000000e+00,5.142701720558476634e+06
-5.661022549166744078e+00,2.633953238095626759e+00,2.007459401775369745e+00,-3.578805725360647561e-01,8.500000000000000611e-02,3.000000000000000000e+00,5.142701720558476634e+06
-5.724276613635477240e+00,2.980925781832002741e+00,2.541858861548283333e+00,-1.795967372942816331e-01,8.500000000000000611e-02,3.000000000000000000e+00,5.142701720558476634e+06
-5.715521997019415323e+00,2.923187715242633544e+00,2.443614444181380296e+00,-2.006610527207540184e-01,8.500000000000000611e-02,3.000000000000000000e+00,5.142701720558476634e+06
-5.806748143653897465e+00,2.994328467557902940e+00,2.701422960987562405e+00,5.534669445685744260e-03,8.500000000000000611e-02,3.000000000000000000e+00,5.142701720558476634e+06
-6.074005969749585176e+00,2.803379530472158709e+00,2.829302938087971953e+00,4.796662562378681272e-02,8.500000000000000611e-02,3.000000000000000000e+00,5.142701720558476634e+06
-5.828404446036250519e+00,2.991726528530141316e+00,2.823212956850455591e+00,1.660991673389449752e-01,8.500000000000000611e-02,3.000000000000000000e+00,5.142701720558476634e+06
-5.632917893432426659e+00,2.990780590387771554e+00,2.570807533372605036e+00,-3.065998747778929390e-03,8.500000000000000611e-02,3.000000000000000000e+00,5.142701720558476634e+06
-6.272872771473333664e+00,2.632379948191875485e+00,2.976225820406093625e+00,1.896154519381396397e-01,8.500000000000000611e-02,3.000000000000000000e+00,5.142701720558476634e+06
-6.062736119323966832e+00,2.306917913858616664e+00,2.453504774583032955e+00,2.605537063437419754e-01,8.500000000000000611e-02,3.000000000000000000e+00,5.142701720558476634e+06
-5.699195422573822611e+00,1.948812808519089446e+00,1.684783136880576793e+00,2.623403667776487147e-01,8.500000000000000611e-02,3.000000000000000000e+00,5.142701720558476634e+06
-5.363914060027475728e+00,1.702256548154677418e+00,8.913870332305751099e-01,-2.625827648550782545e-01,8.500000000000000611e-02,3.000000000000000000e+00,5.142701720558476634e+06
-4.960957156350866093e+00,2.690832880699590035e+00,1.274567489603221304e+00,-5.522638653525635544e-01,8.500000000000000611e-02,3.000000000000000000e+00,5.142701720558476634e+06
-4.713092463148668365e+00,2.531399291236650306e+00,8.080193231697681000e-01,-6.763472095280597118e-01,8.500000000000000611e-02,3.000000000000000000e+00,5.142701720558476634e+06
-4.924520563080450941e+00,2.716649587343131778e+00,1.274040516161662584e+00,-3.764359032987114606e-01,8.500000000000000611e-02,3.000000000000000000e+00,5.142701720558476634e+06
-5.310717260801494533e+00,1.753310699678032103e+00,8.415059163626585903e-01,-1.789398047779857670e-01,8.500000000000000611e-02,3.000000000000000000e+00,5.142701720558476634e+06
-5.629783026370756005e+00,1.860464316383286354e+00,1.294084258691002187e+00,-7.968622477286554928e-02,8.500000000000000611e-02,3.000000000000000000e+00,5.142701720558476634e+06
-5.618182388546624217e+00,2.093520244031657818e+00,1.429626388631487943e+00,-5.325127521344555914e-01,8.500000000000000611e-02,3.000000000000000000e+00,5.142701720558476634e+06
-5.883233938082201853e+00,1.938009311210959762e+00,1.469058797189669807e+00,-7.097968552389615216e-01,8.500000000000000611e-02,3.000000000000000000e+00,5.142701720558476634e+06
-6.273696068226059630e+00,1.951268037196106420e+00,2.012885988692774131e+00,-3.375848980047938541e-01,8.500000000000000611e-02,3.000000000000000000e+00,5.142701720558476634e+06
-6.105376400279275195e+00,2.466601431300240233e+00,2.375750507991323257e+00,-1.918457608397488023e-01,8.500000000000000611e-02,3.000000000000000000e+00,5.142701720558476634e+06
-6.129007876422892132e+00,2.002503663375297283e+00,2.107870566431085280e+00,-4.328645213713544493e-02,8.500000000000000611e-02,3.000000000000000000e+00,5.142701720558476634e+06
-5.635799417350410678e+00,9.540807725594371291e-01,4.702312038266271976e-01,-2.957118356303643503e-01,8.500000000000000611e-02,3.000000000000000000e+00,5.142701720558476634e+06
-5.576881066366178530e+00,8.367154848573979953e-01,2.648570374135632566e-01,-3.072015032753237507e-01,8.500000000000000611e-02,3.000000000000000000e+00,5.142701720558476634e+06
-5.872235332083129755e+00,1.517353070123772740e+00,1.412228153267365727e+00,2.608188089907650387e-01,8.500000000000000611e-02,3.000000000000000000e+00,5.142701720558476634e+06
-6.791320383668604244e+00,1.082701066087291997e+00,1.897043973669463091e+00,2.593730383686126961e-01,8.500000000000000611e-02,3.000000000000000000e+00,5.142701720558476634e+06
-6.657524820145512834e+00,1.219736868812972386e+00,1.882684403184095689e+00,2.305559172882683805e-01,8.500000000000000611e-02,3.000000000000000000e+00,5.142701720558476634e+06
-6.567688086070630149e+00,9.852281065354359102e-01,1.818405438232771898e+00,5.912949310040027662e-01,8.500000000000000611e-02,3.000000000000000000e+00,5.142701720558476634e+06
-6.169082455518745789e+00,1.301250733683416261e+00,1.687877111596243207e+00,5.216774757826664333e-01,8.500000000000000611e-02,3.000000000000000000e+00,5.142701720558476634e+06
-5.793080590690017573e+00,1.570824442678953048e+00,1.570350680123673959e+00,5.242488630002370975e-01,8.500000000000000611e-02,3.000000000000000000e+00,5.142701720558476634e+06
-5.589718351981704636e+00,1.661289734785661443e+00,1.518353056095379294e+00,6.426690330688656916e-01,8.500000000000000611e-02,3.000000000000000000e+00,5.142701720558476634e+06
-5.903761887754850335e+00,1.562382828859075756e+00,1.562180359594263379e+00,3.409066145798329561e-01,8.500000000000000611e-02,3.000000000000000000e+00,5.142701720558476634e+06
-5.504843258159036523e+00,1.136248116019102916e+00,8.172412389292549317e-01,5.023122890083405734e-01,8.500000000000000611e-02,3.000000000000000000e+00,5.142701720558476634e+06
-5.278181645916557585e+00,1.017790598840138561e+00,1.645611928435242177e-01,-2.573078511330826879e-01,8.500000000000000611e-02,3.000000000000000000e+00,5.142701720558476634e+06
-5.108495711942571127e+00,2.302999563773231007e+00,9.606012091106705952e-01,-1.702391239490464780e+00,8.500000000000000611e-02,3.000000000000000000e+00,5.142701720558476634e+06
-5.310421183377814103e+00,2.138641140818319908e+00,9.809832029757215022e-01,-2.029556175411961316e+00,8.500000000000000611e-02,3.000000000000000000e+00,5.142701720558476634e+06
-5.109309212688278201e+00,2.133335231142076793e+00,7.016237118562822506e-01,-2.711404598597931148e+00,8.500000000000000611e-02,3.000000000000000000e+00,5.142701720558476634e+06
-5.016160494158881100e+00,2.160100714592141813e+00,6.307756719899126896e-01,-2.575595201232131704e+00,8.500000000000000611e-02,3.000000000000000000e+00,5.142701720558476634e+06
-5.642131078265630428e+00,2.583475734702227022e+00,1.681983315470627627e+00,-2.674800693336794488e+00,8.500000000000000611e-02,3.000000000000000000e+00,5.142701720558476634e+06
-6.055330585057192572e+00,2.144462874692919740e+00,1.716148922996332038e+00,-1.975562775448473252e+00,8.500000000000000611e-02,3.000000000000000000e+00,5.142701720558476634e+06
-6.534245802505225242e+00,2.790169509654043978e+00,2.773723350647263608e+00,-2.636983958469356626e+00,8.500000000000000611e-02,3.000000000000000000e+00,5.142701720558476634e+06
-6.438540217598430537e+00,2.430592217699301116e+00,2.420236004444639821e+00,-1.638787406857536322e+00,8.500000000000000611e-02,3.000000000000000000e+00,5.142701720558476634e+06
-6.313868391644029465e+00,2.401482454877063688e+00,2.309862987313542781e+00,-1.429028312898859898e+00,8.500000000000000611e-02,3.000000000000000000e+00,5.142701720558476634e+06
-6.313868391644029465e+00,2.401482454877063688e+00,2.309862987313542781e+00,-1.429028312898859898e+00,8.500000000000000611e-02,3.000000000000000000e+00,5.142701720558476634e+06
-5.767795621617294977e+00,2.371885504360776498e+00,1.968461651365457588e+00,-2.998239692049755600e-01,8.500000000000000611e-02,3.000000000000000000e+00,5.142701720558476634e+06
-5.545739502660000930e+00,2.302203890338717862e+00,1.562840501678691929e+00,-4.452197723469994983e-01,8.500000000000000611e-02,3.000000000000000000e+00,5.142701720558476634e+06
-5.286448230242758228e+00,2.478369952041918900e+00,1.419586132149589730e+00,-5.341819638714789820e-01,8.500000000000000611e-02,3.000000000000000000e+00,5.142701720558476634e+06
-5.932916879012875455e+00,2.475310040187190364e+00,2.281012028949402914e+00,-1.629437608123010250e-01,8.500000000000000611e-02,3.000000000000000000e+00,5.142701720558476634e+06
-5.977384847961400460e+00,2.483124998639907322e+00,2.323065995218656532e+00,-2.586700315141041706e-01,8.500000000000000611e-02,3.000000000000000000e+00,5.142701720558476634e+06
-6.006121243341993043e+00,1.185294617624126801e+00,1.147892023618656943e+00,7.128434118487320115e-02,8.500000000000000611e-02,3.000000000000000000e+00,5.142701720558476634e+06
-6.314551153909244263e+00,1.651494204758992890e+00,1.989874085083304767e+00,1.939295726311527079e-01,8.500000000000000611e-02,3.000000000000000000e+00,5.142701720558476634e+06
-5.765702544007641706e+00,1.684060004046652903e+00,1.314239090644222507e+00,8.928204489283236844e-02,8.500000000000000611e-02,3.000000000000000000e+00,5.142701720558476634e+06
-5.751203881537714224e+00,1.283885326159541762e+00,7.773683688390828905e-01,-2.197590033310736213e-01,8.500000000000000611e-02,3.000000000000000000e+00,5.142701720558476634e+06
-5.980490758188439671e+00,1.994814239858270444e+00,1.841942943639356400e+00,-8.992672011208421856e-02,8.500000000000000611e-02,3.000000000000000000e+00,5.142701720558476634e+06
-6.243209765438308523e+00,1.560990934147433062e+00,1.726486877182445978e+00,6.428207622055930048e-02,8.500000000000000611e-02,3.000000000000000000e+00,5.142701720558476634e+06
-6.314660164876509718e+00,1.593518862519851531e+00,1.835221665068027086e+00,1.057316250237342325e-01,8.500000000000000611e-02,3.000000000000000000e+00,5.142701720558476634e+06
-6.173765607887944817e+00,1.606714728228050504e+00,1.634943256212840756e+00,-1.021078610193393299e-02,8.500000000000000611e-02,3.000000000000000000e+00,5.142701720558476634e+06
-5.339389642164152683e+00,1.202255808151974081e+00,2.672658262867556589e-01,-2.359952765594139357e-01,8.500000000000000611e-02,3.000000000000000000e+00,5.142701720558476634e+06
-5.670680474805870119e+00,1.458481039276020796e+00,9.878092215598313075e-01,-3.014693139777020747e-02,8.500000000000000611e-02,3.000000000000000000e+00,5.142701720558476634e+06
-5.128550573919198996e+00,2.230809178759722844e+00,1.063353607314093896e+00,-3.254447752592176668e-01,8.500000000000000611e-02,3.000000000000000000e+00,5.142701720558476634e+06
-5.020109831393797961e+00,2.731817881374480450e+00,1.452452488538113595e+00,-2.530757620833550270e-01,8.500000000000000611e-02,3.000000000000000000e+00,5.142701720558476634e+06
-5.286286105976464533e+00,2.391593505678610398e+00,1.631979663301137418e+00,2.199935850095936507e-01,8.500000000000000611e-02,3.000000000000000000e+00,5.142701720558476634e+06
-5.488556687784961419e+00,2.439601966387618948e+00,1.890482913280949528e+00,2.359092999712885941e-01,8.500000000000000611e-02,3.000000000000000000e+00,5.142701720558476634e+06
-5.393079727761340258e+00,1.193715681050803168e+00,4.872069884419865105e-01,4.308552015160940080e-02,8.500000000000000611e-02,3.000000000000000000e+00,5.142701720558476634e+06
-4.965114624831934442e+00,1.382755296434106995e+00,1.792763485154373893e-01,-5.459256215039814952e-02,8.500000000000000611e-02,3.000000000000000000e+00,5.142701720558476634e+06
-5.296121113383310153e+00,2.036981795410887308e+00,1.181735345615380961e+00,-2.379185350622787035e-02,8.500000000000000611e-02,3.000000000000000000e+00,5.142701720558476634e+06
-5.366165443471960117e+00,1.306918433875173813e+00,6.209322057700832342e-01,1.159208058691247878e-01,8.500000000000000611e-02,3.000000000000000000e+00,5.142701720558476634e+06
-5.797705513527467325e+00,1.955496274031799597e+00,1.618152881091472040e+00,-1.267973702924324875e-01,8.500000000000000611e-02,3.000000000000000000e+00,5.142701720558476634e+06
-5.838535921164687892e+00,1.826395230428313088e+00,1.391712529900295481e+00,-4.396861977808423916e-01,8.500000000000000611e-02,3.000000000000000000e+00,5.142701720558476634e+06
-6.179938174664700412e+00,2.541769250049659146e+00,2.639488871022756200e+00,5.407415028477369212e-02,8.500000000000000611e-02,3.000000000000000000e+00,5.142701720558476634e+06
-6.450311446658631986e+00,1.889314817504569310e+00,2.393136267433239261e+00,2.954048777017662109e-01,8.500000000000000611e-02,3.000000000000000000e+00,5.142701720558476634e+06
-5.665591896216545464e+00,2.278112503994447646e+00,1.776624505178885149e+00,-1.981112833327312583e-01,8.500000000000000611e-02,3.000000000000000000e+00,5.142701720558476634e+06
-5.114173457058540428e+00,2.849428787233996729e+00,1.662527169748518885e+00,-5.502096852930153936e-01,8.500000000000000611e-02,3.000000000000000000e+00,5.142701720558476634e+06
-5.099711723557430965e+00,2.801630722787566974e+00,1.568716272477653106e+00,-5.156528613008817263e-01,8.500000000000000611e-02,3.000000000000000000e+00,5.142701720558476634e+06
-4.919497233466695540e+00,2.978059058179676200e+00,1.627272964240023878e+00,-4.289875183417214410e-01,8.500000000000000611e-02,3.000000000000000000e+00,5.142701720558476634e+06
-5.696305630284462573e+00,2.086372042374628588e+00,1.752681357990447664e+00,-9.586199827200825307e-03,8.500000000000000611e-02,3.000000000000000000e+00,5.142701720558476634e+06
-5.958126575720465112e+00,1.521225752095269890e+00,1.439146843984568491e+00,2.063271673314723276e-02,8.500000000000000611e-02,3.000000000000000000e+00,5.142701720558476634e+06
-6.254205829737664146e+00,1.857507801679162185e+00,2.057582266257266035e+00,4.081408516859452718e-02,8.500000000000000611e-02,3.000000000000000000e+00,5.142701720558476634e+06
-5.416717668303340005e+00,2.366910656362582799e+00,1.475865992992957620e+00,-2.028755989698539930e-01,8.500000000000000611e-02,3.000000000000000000e+00,5.142701720558476634e+06
-5.442467956132364115e+00,2.055695583323985609e+00,1.266407870479537179e+00,-1.848505657074652475e-01,8.500000000000000611e-02,3.000000000000000000e+00,5.142701720558476634e+06
-5.624646638691197076e+00,2.713857886385386831e+00,2.104639739586696034e+00,-2.242449838697967990e-01,8.500000000000000611e-02,3.000000000000000000e+00,5.142701720558476634e+06
-5.786679097261849591e+00,2.889938173669996058e+00,2.497262827464988177e+00,-1.207526382744182752e-01,8.500000000000000611e-02,3.000000000000000000e+00,5.142701720558476634e+06
-5.786679097261849591e+00,2.889938173669996058e+00,2.497262827464988177e+00,-1.207526382744182752e-01,8.500000000000000611e-02,3.000000000000000000e+00,5.142701720558476634e+06
-5.786679097261849591e+00,2.889938173669996058e+00,2.497262827464988177e+00,-1.207526382744182752e-01,8.500000000000000611e-02,3.000000000000000000e+00,5.142701720558476634e+06
-5.876119035763299969e+00,2.587247041103031719e+00,2.414366596000599330e+00,-4.077127736153969562e-02,8.500000000000000611e-02,3.000000000000000000e+00,5.142701720558476634e+06
-5.600962039849365581e+00,2.637560615683761878e+00,2.177114463807340528e+00,-4.731570428697376429e-02,8.500000000000000611e-02,3.000000000000000000e+00,5.142701720558476634e+06
-5.514481109265966019e+00,2.932500840809242337e+00,2.322580923040055367e+00,-1.676210555717375927e-01,8.500000000000000611e-02,3.000000000000000000e+00,5.142701720558476634e+06
-5.552136738667163840e+00,2.669886402036653728e+00,2.117589829586256300e+00,-1.577429427613745161e-01,8.500000000000000611e-02,3.000000000000000000e+00,5.142701720558476634e+06
-5.000230110447324350e+00,2.481184294754014363e+00,1.334717489305844218e+00,-2.728299898517029809e-01,8.500000000000000611e-02,3.000000000000000000e+00,5.142701720558476634e+06
-5.112640537585720679e+00,2.901285360841090011e+00,1.842384523172547528e+00,-1.393355126326761284e-01,8.500000000000000611e-02,3.000000000000000000e+00,5.142701720558476634e+06
-4.912809085225065431e+00,2.933984391413859694e+00,1.710157240517402144e+00,-7.965193883610144354e-02,8.500000000000000611e-02,3.000000000000000000e+00,5.142701720558476634e+06
-5.361464043136355606e+00,2.737386999146595112e+00,1.973692572974072190e+00,-5.434795164170297399e-02,8.500000000000000611e-02,3.000000000000000000e+00,5.142701720558476634e+06
-5.025180255542161412e+00,2.627087209017151093e+00,1.395500604131553413e+00,-4.475008704912527557e-01,8.500000000000000611e-02,3.000000000000000000e+00,5.142701720558476634e+06
-5.883756025915308996e+00,9.942137044225143327e-01,4.881813330690578656e-01,-9.642086068820002742e-01,8.500000000000000611e-02,3.000000000000000000e+00,5.142701720558476634e+06
-5.545099354521772383e+00,1.514503632110068887e+00,7.310999825716252287e-01,-5.673614137381570721e-01,8.500000000000000611e-02,3.000000000000000000e+00,5.142701720558476634e+06
-5.708312723181598436e+00,1.724149767813115686e+00,1.182845843824138488e+00,-4.027752781119769976e-01,8.500000000000000611e-02,3.000000000000000000e+00,5.142701720558476634e+06
-4.490711340639661486e+00,1.668038882934677503e+00,-2.099657626143025535e-01,-6.888946052469221426e-01,8.500000000000000611e-02,3.000000000000000000e+00,5.142701720558476634e+06
-4.490711340639661486e+00,1.668038882934677503e+00,-2.099657626143025535e-01,-6.888946052469221426e-01,8.500000000000000611e-02,3.000000000000000000e+00,5.142701720558476634e+06
-4.743499317293616180e+00,2.737363400805566727e+00,1.040288976445139957e+00,-6.339277910795511062e-01,8.500000000000000611e-02,3.000000000000000000e+00,5.142701720558476634e+06
-4.874449992166382195e+00,2.904757699571993257e+00,1.368965083111274517e+00,-6.685650879029239047e-01,8.500000000000000611e-02,3.000000000000000000e+00,5.142701720558476634e+06
-4.940583707930179536e+00,2.908987312641339695e+00,1.444363170465407631e+00,-6.683287728478873868e-01,8.500000000000000611e-02,3.000000000000000000e+00,5.142701720558476634e+06
-5.143177230672735689e+00,2.683199675703055842e+00,1.513320826466934665e+00,-4.466628442401853194e-01,8.500000000000000611e-02,3.000000000000000000e+00,5.142701720558476634e+06
-5.313622353804417386e+00,2.665007630385164195e+00,1.696207540611025077e+00,-3.669001319974173891e-01,8.500000000000000611e-02,3.000000000000000000e+00,5.142701720558476634e+06
-5.202584790170937445e+00,2.748515857719838973e+00,1.578866993369841154e+00,-6.102674295502608093e-01,8.500000000000000611e-02,3.000000000000000000e+00,5.142701720558476634e+06
-5.314288937811310731e+00,2.914328207749192323e+00,1.900900613349907786e+00,-4.771847252709498499e-01,8.500000000000000611e-02,3.000000000000000000e+00,5.142701720558476634e+06
-5.696599403679833529e+00,2.663997291001792167e+00,2.138965331139205617e+00,-3.800045930995241128e-01,8.500000000000000611e-02,3.000000000000000000e+00,5.142701720558476634e+06
-5.449118629674548409e+00,2.828207669383007161e+00,2.046527716708182787e+00,-4.220577195152978023e-01,8.500000000000000611e-02,3.000000000000000000e+00,5.142701720558476634e+06
-6.056771176313992200e+00,2.748994733474213525e+00,2.385285805552372018e+00,-1.285796580605223394e+00,8.500000000000000611e-02,3.000000000000000000e+00,5.142701720558476634e+06
-6.165207842540300298e+00,2.696639107230473620e+00,2.467457518030019337e+00,-1.311264059980617347e+00,8.500000000000000611e-02,3.000000000000000000e+00,5.142701720558476634e+06
-6.271775981603323835e+00,2.855708554903394258e+00,2.696252038815262431e+00,-1.481713808723755355e+00,8.500000000000000611e-02,3.000000000000000000e+00,5.142701720558476634e+06
-6.344056628160353206e+00,2.935190965915750905e+00,2.832432325155797237e+00,-1.572867527591051973e+00,8.500000000000000611e-02,3.000000000000000000e+00,5.142701720558476634e+06
-6.172382356300736284e+00,2.659672572014374126e+00,2.452645114279078165e+00,-1.267091484620860964e+00,8.500000000000000611e-02,3.000000000000000000e+00,5.142701720558476634e+06
-6.862962587945808934e+00,2.787992876667922282e+00,3.252762119589695189e+00,-1.798990087846482400e+00,8.500000000000000611e-02,3.000000000000000000e+00,5.142701720558476634e+06
-5.964823258532923944e+00,2.323742140003001388e+00,2.012155394094007566e+00,-9.940262983937776520e-01,8.500000000000000611e-02,3.000000000000000000e+00,5.142701720558476634e+06
-6.195799893244161360e+00,2.823393987995282295e+00,2.602957933283144509e+00,-1.458919969135193284e+00,8.500000000000000611e-02,3.000000000000000000e+00,5.142701720558476634e+06
-6.195799893244161360e+00,2.823393987995282295e+00,2.602957933283144509e+00,-1.458919969135193284e+00,8.500000000000000611e-02,3.000000000000000000e+00,5.142701720558476634e+06
-6.126790027571453301e+00,2.924129849306948969e+00,2.617826023603500474e+00,-1.485080227361485816e+00,8.500000000000000611e-02,3.000000000000000000e+00,5.142701720558476634e+06
-6.179100858803824536e+00,2.665146483274113187e+00,2.499496503845281659e+00,-8.740737587175894108e-01,8.500000000000000611e-02,3.000000000000000000e+00,5.142701720558476634e+06
-5.393074843364994209e+00,2.732381885629237228e+00,1.655727490310832550e+00,-1.027426443523270505e+00,8.500000000000000611e-02,3.000000000000000000e+00,5.142701720558476634e+06
-5.432519231746240962e+00,2.199874857207627432e+00,1.185008420195622358e+00,-1.275392393004396663e+00,8.500000000000000611e-02,3.000000000000000000e+00,5.142701720558476634e+06
-5.207958073221426787e+00,2.217791900603182764e+00,9.342309304497857791e-01,-1.383780100761063725e+00,8.500000000000000611e-02,3.000000000000000000e+00,5.142701720558476634e+06
-5.331870395293424991e+00,2.330686262589067415e+00,1.191997335211909537e+00,-1.628432417229416229e+00,8.500000000000000611e-02,3.000000000000000000e+00,5.142701720558476634e+06
-5.246903367136884100e+00,2.390527071107053647e+00,1.136888689216327242e+00,-1.724344419418084584e+00,8.500000000000000611e-02,3.000000000000000000e+00,5.142701720558476634e+06
-5.265708542640932244e+00,2.368672702382402129e+00,1.170542741115998098e+00,-1.537786213815247383e+00,8.500000000000000611e-02,3.000000000000000000e+00,5.142701720558476634e+06
-5.269351327246328154e+00,2.359242420751716640e+00,1.167021075297414168e+00,-1.527199507049218141e+00,8.500000000000000611e-02,3.000000000000000000e+00,5.142701720558476634e+06
-5.284400990762383010e+00,2.271520487110145758e+00,1.076733554392613978e+00,-1.993894430773733850e+00,8.500000000000000611e-02,3.000000000000000000e+00,5.142701720558476634e+06
-4.993547552778737852e+00,2.190035833550496580e+00,6.353421039008400051e-01,-2.300916072627583908e+00,8.500000000000000611e-02,3.000000000000000000e+00,5.142701720558476634e+06
-5.542815680250908983e+00,1.952697485804426369e+00,1.033163309482833636e+00,-1.667516824322076818e+00,8.500000000000000611e-02,3.000000000000000000e+00,5.142701720558476634e+06
-4.594379269415531652e+00,1.653061251172284640e+00,-2.745153754503470989e-01,-1.527442204911473089e+00,8.500000000000000611e-02,3.000000000000000000e+00,5.142701720558476634e+06
-5.646248526785728750e+00,2.064061339946307250e+00,1.244219568208325244e+00,-2.179423701441371986e+00,8.500000000000000611e-02,3.000000000000000000e+00,5.142701720558476634e+06
-5.616408220828569497e+00,1.999688546267251565e+00,1.182763287400637742e+00,-2.145832768542546454e+00,8.500000000000000611e-02,3.000000000000000000e+00,5.142701720558476634e+06
-5.609063704942795603e+00,2.023784506027279662e+00,1.187828870216268928e+00,-2.209831916980395050e+00,8.500000000000000611e-02,3.000000000000000000e+00,5.142701720558476634e+06
-5.696045290104385650e+00,1.819200985475501575e+00,1.019720749219523714e+00,-2.865580846573796858e+00,8.500000000000000611e-02,3.000000000000000000e+00,5.142701720558476634e+06
-5.649197383039937570e+00,1.781246823483161101e+00,9.376570611898102925e-01,-2.873169564614960869e+00,8.500000000000000611e-02,3.000000000000000000e+00,5.142701720558476634e+06
-5.631207977781351737e+00,1.884652488131714154e+00,1.069281244192876290e+00,-2.490309192758951795e+00,8.500000000000000611e-02,3.000000000000000000e+00,5.142701720558476634e+06
-5.754505305519480807e+00,1.692417641420698171e+00,9.863888610157089953e-01,-2.895085794457130213e+00,8.500000000000000611e-02,3.000000000000000000e+00,5.142701720558476634e+06
-5.782011278329473924e+00,1.778469048376233985e+00,1.109186457062938169e+00,-2.896972570983221473e+00,8.500000000000000611e-02,3.000000000000000000e+00,5.142701720558476634e+06
-5.778215194742451821e+00,1.780908052652443896e+00,1.107782962412063643e+00,-2.889801044616385539e+00,8.500000000000000611e-02,3.000000000000000000e+00,5.142701720558476634e+06
-5.720602424797340824e+00,1.818860770625850165e+00,1.094319931501578802e+00,-2.681214083604752663e+00,8.500000000000000611e-02,3.000000000000000000e+00,5.142701720558476634e+06
-5.734931049380520562e+00,2.306426325203263517e+00,1.918453567784883518e+00,-7.355457931822201312e-02,8.500000000000000611e-02,3.000000000000000000e+00,5.142701720558476634e+06
-5.892411583037395317e+00,2.322197595648844093e+00,2.223730392221189955e+00,-7.789327386034328171e-03,8.500000000000000611e-02,3.000000000000000000e+00,5.142701720558476634e+06
-6.145467734049277375e+00,2.811887957994008591e+00,2.900746120749371215e+00,-1.598281540824285016e-02,8.500000000000000611e-02,3.000000000000000000e+00,5.142701720558476634e+06
-6.130473546324586742e+00,2.746551194588929157e+00,2.811163372355427903e+00,5.476583470217101512e-02,8.500000000000000611e-02,3.000000000000000000e+00,5.142701720558476634e+06
-6.677730773730051084e+00,2.981838421904877912e+00,3.670278968384623752e+00,1.149548079532533018e-01,8.500000000000000611e-02,3.000000000000000000e+00,5.142701720558476634e+06
-6.206324459304871866e+00,2.567743401987107266e+00,2.731913173695299513e+00,1.115248507085752072e-01,8.500000000000000611e-02,3.000000000000000000e+00,5.142701720558476634e+06
-6.172970510689944845e+00,2.799724046791217447e+00,3.057133985196948345e+00,3.848149068347904711e-01,8.500000000000000611e-02,3.000000000000000000e+00,5.142701720558476634e+06
-6.032071042308975173e+00,1.623715574786901872e+00,1.629169203485355766e+00,1.476965332321477919e-01,8.500000000000000611e-02,3.000000000000000000e+00,5.142701720558476634e+06
-6.047388506896034244e+00,2.024570001418568577e+00,2.017274984495920798e+00,8.992271452881911431e-02,8.500000000000000611e-02,3.000000000000000000e+00,5.142701720558476634e+06
-5.839684608528097343e+00,1.901558811990954112e+00,1.757917047604131255e+00,2.662524047249382186e-01,8.500000000000000611e-02,3.000000000000000000e+00,5.142701720558476634e+06
-5.568241082630793315e+00,2.304782039426414020e+00,1.794635585806784839e+00,1.707226421819505457e-01,8.500000000000000611e-02,3.000000000000000000e+00,5.142701720558476634e+06
-5.586443625071628283e+00,2.194414816061627693e+00,1.642532862873127719e+00,1.334003956148223091e-01,8.500000000000000611e-02,3.000000000000000000e+00,5.142701720558476634e+06
-6.012232347961964152e+00,2.225337086269728815e+00,2.021816951784602523e+00,-4.194612214276396411e-01,8.500000000000000611e-02,3.000000000000000000e+00,5.142701720558476634e+06
-6.572944247399741258e+00,2.113023912438336538e+00,2.814845435148505715e+00,2.459149688724304728e-01,8.500000000000000611e-02,3.000000000000000000e+00,5.142701720558476634e+06
-6.738344734146956228e+00,1.463128165141645898e+00,2.334471792037422500e+00,2.125711668078191230e-01,8.500000000000000611e-02,3.000000000000000000e+00,5.142701720558476634e+06
-5.555713769790284751e+00,2.137579690633523821e+00,1.825707694485071420e+00,3.524564562111121568e-01,8.500000000000000611e-02,3.000000000000000000e+00,5.142701720558476634e+06
-5.494611067877455568e+00,1.558759725535487028e+00,1.045249904061325008e+00,-3.026978036630197447e-02,8.500000000000000611e-02,3.000000000000000000e+00,5.142701720558476634e+06
-6.054934551353613692e+00,1.658233279240156399e+00,1.777215065101938052e+00,2.661375544125537118e-01,8.500000000000000611e-02,3.000000000000000000e+00,5.142701720558476634e+06
-7.127203814002232463e+00,1.854209286161455861e+00,3.410315259934978638e+00,8.324886200699792571e-01,8.500000000000000611e-02,3.000000000000000000e+00,5.142701720558476634e+06
-6.319459814836480227e+00,1.359717887074995080e+00,1.745274306118060004e+00,2.156626854014862538e-01,8.500000000000000611e-02,3.000000000000000000e+00,5.142701720558476634e+06
-6.351314171606452064e+00,1.289645507077856301e+00,1.566844315673780574e+00,1.739138936120157575e-02,8.500000000000000611e-02,3.000000000000000000e+00,5.142701720558476634e+06
-6.225384621299026477e+00,1.235311353703161030e+00,1.370607829766565811e+00,-4.212112533859041497e-02,8.500000000000000611e-02,3.000000000000000000e+00,5.142701720558476634e+06
-5.994527886446467946e+00,1.743997266022552672e+00,1.716483877338490061e+00,7.670728849632657553e-02,8.500000000000000611e-02,3.000000000000000000e+00,5.142701720558476634e+06
-6.213003546291727019e+00,1.375998114208525802e+00,1.625948977567138742e+00,-2.796655594102687159e-02,8.500000000000000611e-02,3.000000000000000000e+00,5.142701720558476634e+06
-7.374099621082522482e+00,9.637033846152796013e-01,2.607283617940848508e+00,3.024617298599133752e-01,8.500000000000000611e-02,3.000000000000000000e+00,5.142701720558476634e+06
-6.984314814962473861e+00,1.387997862197681398e+00,2.492906873012409541e+00,2.947517611325919940e-01,8.500000000000000611e-02,3.000000000000000000e+00,5.142701720558476634e+06
-6.298590770973105712e+00,1.719297077739432744e+00,1.990399241382924345e+00,5.179127929234511596e-02,8.500000000000000611e-02,3.000000000000000000e+00,5.142701720558476634e+06
-6.512515538623438793e+00,1.013936175734420075e+00,1.656585494103728795e+00,3.567106656190408565e-01,8.500000000000000611e-02,3.000000000000000000e+00,5.142701720558476634e+06
-6.622482086526692235e+00,1.198996869521684605e+00,1.874123467260570886e+00,3.149436939910930100e-01,8.500000000000000611e-02,3.000000000000000000e+00,5.142701720558476634e+06
-6.524410826652362161e+00,1.768398065624146698e+00,2.293176934326146554e+00,2.237005973642346712e-01,8.500000000000000611e-02,3.000000000000000000e+00,5.142701720558476634e+06
-6.431179884578468453e+00,1.165770040487375647e+00,1.674013634030483644e+00,2.453157972436658119e-01,8.500000000000000611e-02,3.000000000000000000e+00,5.142701720558476634e+06
-6.082459151537875641e+00,1.319956183262668947e+00,1.362319937286008642e+00,3.548014598498128169e-02,8.500000000000000611e-02,3.000000000000000000e+00,5.142701720558476634e+06
-6.208048924380109135e+00,2.100546332550295325e+00,2.177441938928280418e+00,6.294169332964420771e-02,8.500000000000000611e-02,3.000000000000000000e+00,5.142701720558476634e+06
-6.217905023507660722e+00,1.989701710116339672e+00,2.059324675741610822e+00,4.827903717160075825e-02,8.500000000000000611e-02,3.000000000000000000e+00,5.142701720558476634e+06
-6.103839296708135187e+00,2.163954637488137323e+00,2.138261020974105531e+00,6.559406815789814438e-04,8.500000000000000611e-02,3.000000000000000000e+00,5.142701720558476634e+06
-5.957383094101817100e+00,1.578195682445477921e+00,1.602235081648425208e+00,3.104310752543014695e-01,8.500000000000000611e-02,3.000000000000000000e+00,5.142701720558476634e+06
-6.091357345307552684e+00,2.079055261470244886e+00,2.264411316940533325e+00,3.542140757089278780e-01,8.500000000000000611e-02,3.000000000000000000e+00,5.142701720558476634e+06
-5.450525443252406177e+00,2.352334144262253623e+00,1.740428265835282318e+00,1.799421944896969494e-01,8.500000000000000611e-02,3.000000000000000000e+00,5.142701720558476634e+06
-5.333550136929711805e+00,2.370866990204315350e+00,1.634641732191500552e+00,2.092796492060040314e-01,8.500000000000000611e-02,3.000000000000000000e+00,5.142701720558476634e+06
-4.671922526635662543e+00,2.407134072129851532e+00,8.269234347560812104e-01,-1.999051964677943938e-01,8.500000000000000611e-02,3.000000000000000000e+00,5.142701720558476634e+06
-5.535652155226081561e+00,2.094236533287058943e+00,1.560520854703955296e+00,9.347148355050838298e-02,8.500000000000000611e-02,3.000000000000000000e+00,5.142701720558476634e+06
-6.260296949993718663e+00,1.732095535944037756e+00,2.113688299859165731e+00,5.476482432679271595e-01,8.500000000000000611e-02,3.000000000000000000e+00,5.142701720558476634e+06
-5.915628774092524189e+00,2.394598934708314086e-01,2.977743541343720324e-01,3.072254038981792057e-02,8.500000000000000611e-02,3.000000000000000000e+00,5.142701720558476634e+06
-5.712172563201364461e+00,2.208120296121318660e+00,1.798813237942746390e+00,-1.778404758284817810e-01,8.500000000000000611e-02,3.000000000000000000e+00,5.142701720558476634e+06
-6.065038714543065979e+00,8.947231913602168296e-01,1.484393158141702473e+00,8.311294032686752375e-01,8.500000000000000611e-02,3.000000000000000000e+00,5.142701720558476634e+06
-6.000744539960475521e+00,8.862960692071353286e-01,1.440306579080526728e+00,8.628655749578568734e-01,8.500000000000000611e-02,3.000000000000000000e+00,5.142701720558476634e+06
-6.302155680431330786e+00,7.336552385753818406e-01,1.707542860807590657e+00,1.024055153741928459e+00,8.500000000000000611e-02,3.000000000000000000e+00,5.142701720558476634e+06
-6.361616010700992696e+00,9.811626195218873248e-01,1.927137098464105858e+00,9.485234717687884842e-01,8.500000000000000611e-02,3.000000000000000000e+00,5.142701720558476634e+06
-6.315779220922038917e+00,9.892553543911329905e-01,1.728665464387943995e+00,7.248425824667796835e-01,8.500000000000000611e-02,3.000000000000000000e+00,5.142701720558476634e+06
-6.346936868918303887e+00,8.763076722640043004e-01,1.755598301097303304e+00,8.949958119736282081e-01,8.500000000000000611e-02,3.000000000000000000e+00,5.142701720558476634e+06
-6.185925695249915535e+00,7.805662830976881628e-01,1.474597170086405118e+00,8.647645577027895936e-01,8.500000000000000611e-02,3.000000000000000000e+00,5.142701720558476634e+06
-5.867314593493971664e+00,8.209006735216960449e-01,1.292951611734690198e+00,1.026240209120004021e+00,8.500000000000000611e-02,3.000000000000000000e+00,5.142701720558476634e+06
-5.689269892658760597e+00,9.817925350690266395e-01,1.057011038333729225e+00,6.583073754637102093e-01,8.500000000000000611e-02,3.000000000000000000e+00,5.142701720558476634e+06
-6.023340570358914015e+00,1.523535106424460661e+00,1.540240945236982073e+00,1.448079093574743126e-02,8.500000000000000611e-02,3.000000000000000000e+00,5.142701720558476634e+06
-6.044296985809565648e+00,1.337831129924804241e+00,1.309321766062449655e+00,-1.042637976956953261e-01,8.500000000000000611e-02,3.000000000000000000e+00,5.142701720558476634e+06
-5.708949474678293612e+00,6.770450735424866640e-01,3.876693497142591482e-01,1.414951475039288864e-01,8.500000000000000611e-02,3.000000000000000000e+00,5.142701720558476634e+06
-5.712348428643620579e+00,1.157841164889818808e+00,7.395173542271615830e-01,-1.502988608080083610e-01,8.500000000000000611e-02,3.000000000000000000e+00,5.142701720558476634e+06
-5.520906779983941526e+00,1.500211964242673224e+00,8.762984549409806867e-01,-1.158079991828517841e-01,8.500000000000000611e-02,3.000000000000000000e+00,5.142701720558476634e+06
-5.481790550472811496e+00,1.324032806323158118e+00,6.785025508494875179e-01,-1.059317921944720464e-01,8.500000000000000611e-02,3.000000000000000000e+00,5.142701720558476634e+06
-5.874262908204224587e+00,1.571431113421016601e+00,1.452715789796120704e+00,8.057163786311333231e-02,8.500000000000000611e-02,3.000000000000000000e+00,5.142701720558476634e+06
-5.308204856306976360e+00,1.328325364650259077e+00,4.150918222111054101e-01,-2.232220669770599297e-01,8.500000000000000611e-02,3.000000000000000000e+00,5.142701720558476634e+06
-5.462773660169176537e+00,1.209023750413325660e+00,2.891339015457667916e-01,-7.178394627586632826e-01,8.500000000000000611e-02,3.000000000000000000e+00,5.142701720558476634e+06
-5.899998171599373009e+00,1.574206858008249554e+00,1.039382527190980010e+00,-7.268569203752214269e-01,8.500000000000000611e-02,3.000000000000000000e+00,5.142701720558476634e+06
-5.641345582613279674e+00,2.868251215590093661e+00,2.209725236010185778e+00,-3.083296108593350238e-01,8.500000000000000611e-02,3.000000000000000000e+00,5.142701720558476634e+06
-4.965718112243648896e+00,2.718164389389671864e+00,1.471339087629920828e+00,-1.407317574787901593e-01,8.500000000000000611e-02,3.000000000000000000e+00,5.142701720558476634e+06
-5.523239816465355112e+00,1.648659995256855693e+00,1.086759709670959806e+00,-7.226113817785512206e-02,8.500000000000000611e-02,3.000000000000000000e+00,5.142701720558476634e+06
-4.830516680186232037e+00,1.044756960235899035e+00,-3.393263872983225404e-01,-3.014308753648128336e-01,8.500000000000000611e-02,3.000000000000000000e+00,5.142701720558476634e+06
-5.160029299852005202e+00,1.916560306100817179e+00,8.887749924580851113e-01,1.361404027415227813e-02,8.500000000000000611e-02,3.000000000000000000e+00,5.142701720558476634e+06
-5.756621319355826216e+00,2.062755204807876108e+00,1.619795489860790472e+00,-1.697339074399228376e-01,8.500000000000000611e-02,3.000000000000000000e+00,5.142701720558476634e+06
-5.195063030992910669e+00,1.347938930936828816e+00,3.404856211283815437e-01,-2.809018684257251763e-01,8.500000000000000611e-02,3.000000000000000000e+00,5.142701720558476634e+06
-6.031796384574835912e+00,1.803059767220868359e+00,1.732364957874410027e+00,1.012456918701626907e-01,8.500000000000000611e-02,3.000000000000000000e+00,5.142701720558476634e+06
-5.690924143989703587e+00,1.453489694997937232e+00,9.388719830939635802e-01,-7.025027075485124062e-02,8.500000000000000611e-02,3.000000000000000000e+00,5.142701720558476634e+06
-4.961993537496653950e+00,1.710869023245359832e+00,4.961818023485620177e-01,-1.400099465914062813e-01,8.500000000000000611e-02,3.000000000000000000e+00,5.142701720558476634e+06
-5.060065007875005350e+00,1.177421402295545150e+00,-4.111837396470607864e-02,-3.242642317005615116e-01,8.500000000000000611e-02,3.000000000000000000e+00,5.142701720558476634e+06
-5.611988471093815711e+00,1.310364759131154688e+00,8.334027281185670821e-01,-1.006162992404445455e-01,8.500000000000000611e-02,3.000000000000000000e+00,5.142701720558476634e+06
-4.837595818666711622e+00,1.525558379392634389e+00,2.247528891907326631e-01,-1.386820535848404534e-01,8.500000000000000611e-02,3.000000000000000000e+00,5.142701720558476634e+06
-5.915702611450900150e+00,1.782764568025986041e+00,1.589919469584336831e+00,-4.021211451545698978e-02,8.500000000000000611e-02,3.000000000000000000e+00,5.142701720558476634e+06
-6.314494858798466836e+00,1.354822357076630235e+00,1.720945383917886540e+00,3.651470679578650569e-01,8.500000000000000611e-02,3.000000000000000000e+00,5.142701720558476634e+06
-6.245590991279959425e+00,1.359211040781345803e+00,1.700449984119323910e+00,4.942053488223981939e-01,8.500000000000000611e-02,3.000000000000000000e+00,5.142701720558476634e+06
-6.121443246127454607e+00,1.980024823301945291e+00,2.135446916599238687e+00,3.665739996744636353e-01,8.500000000000000611e-02,3.000000000000000000e+00,5.142701720558476634e+06
-5.867575578903911016e+00,1.718636958223795475e+00,1.478328661605065708e+00,4.473176423198166329e-02,8.500000000000000611e-02,3.000000000000000000e+00,5.142701720558476634e+06
-6.106110843995454118e+00,2.011483757130031691e+00,2.009185763043809025e+00,5.454722679146592479e-02,8.500000000000000611e-02,3.000000000000000000e+00,5.142701720558476634e+06
-6.032929527977879403e+00,2.617262282537580198e+00,2.550619985089467079e+00,-7.489591102016870949e-02,8.500000000000000611e-02,3.000000000000000000e+00,5.142701720558476634e+06
-6.006534717655837241e+00,2.617360899405868135e+00,2.576783316321762385e+00,2.832531136087584889e-02,8.500000000000000611e-02,3.000000000000000000e+00,5.142701720558476634e+06
-6.006534717655837241e+00,2.617360899405868135e+00,2.576783316321762385e+00,2.832531136087584889e-02,8.500000000000000611e-02,3.000000000000000000e+00,5.142701720558476634e+06
-6.278789170687598897e+00,2.691256064562029593e+00,2.949769809071221438e+00,9.234615867732663685e-02,8.500000000000000611e-02,3.000000000000000000e+00,5.142701720558476634e+06
-6.218814926965200662e+00,2.696542133045387146e+00,2.997088484190168600e+00,4.486972572753830657e-01,8.500000000000000611e-02,3.000000000000000000e+00,5.142701720558476634e+06
-5.923374291089613664e+00,1.937393239040352100e+00,1.896941096705064611e+00,2.517430995386801262e-01,8.500000000000000611e-02,3.000000000000000000e+00,5.142701720558476634e+06
-6.740680567324173644e+00,2.552631562308450341e+00,3.552364142697433280e+00,6.173000940604209674e-01,8.500000000000000611e-02,3.000000000000000000e+00,5.142701720558476634e+06
-6.383267131110641479e+00,1.561464121859744481e+00,2.085172520941181773e+00,2.685043660169256774e-01,8.500000000000000611e-02,3.000000000000000000e+00,5.142701720558476634e+06
-5.763830589585812625e+00,1.504608135738194186e+00,1.151789945105119894e+00,2.650657493985569824e-02,8.500000000000000611e-02,3.000000000000000000e+00,5.142701720558476634e+06
-5.878183439981225611e+00,1.786617975875982811e+00,1.572177413102562094e+00,-4.462709821118310272e-02,8.500000000000000611e-02,3.000000000000000000e+00,5.142701720558476634e+06
-5.303297455115891346e+00,2.035548065831972231e+00,1.059094855323780227e+00,-3.133160679727511333e-01,8.500000000000000611e-02,3.000000000000000000e+00,5.142701720558476634e+06
-6.037750029554914022e+00,2.113685121563360525e+00,2.029872052991920750e+00,-7.285474376004094643e-02,8.500000000000000611e-02,3.000000000000000000e+00,5.142701720558476634e+06
-6.077360416705499979e+00,1.261391223511928228e+00,1.371550752059194966e+00,2.203005703607743282e-01,8.500000000000000611e-02,3.000000000000000000e+00,5.142701720558476634e+06
-5.951867839911122893e+00,1.316716683485526396e+00,1.151194298054926790e+00,-5.631068796556865097e-02,8.500000000000000611e-02,3.000000000000000000e+00,5.142701720558476634e+06
-5.580509467189282091e+00,1.543198696715452067e+00,9.902034435732769424e-01,-2.483331131309483020e-01,8.500000000000000611e-02,3.000000000000000000e+00,5.142701720558476634e+06
-5.253391662329425671e+00,1.890399073856266821e+00,1.020865405521688363e+00,-8.301836438222831571e-02,8.500000000000000611e-02,3.000000000000000000e+00,5.142701720558476634e+06
-5.457263300891634472e+00,1.644540260129999432e+00,1.013171720034019785e+00,-2.404932171366264138e-02,8.500000000000000611e-02,3.000000000000000000e+00,5.142701720558476634e+06
-4.832285574536702377e+00,8.096244825962690683e-01,-4.926839370073334834e-01,-1.204321970927609564e-01,8.500000000000000611e-02,3.000000000000000000e+00,5.142701720558476634e+06
-5.282035128088347520e+00,1.154760618961209850e+00,3.070933157051605189e-01,-1.500601129165102798e-01,8.500000000000000611e-02,3.000000000000000000e+00,5.142701720558476634e+06
-5.358572505670178288e+00,2.500060150308862639e+00,1.629877167673671412e+00,-3.046547844734694976e-01,8.500000000000000611e-02,3.000000000000000000e+00,5.142701720558476634e+06
-5.405651602569188974e+00,2.561382239623811952e+00,1.764513470122260674e+00,-1.735832584007123147e-01,8.500000000000000611e-02,3.000000000000000000e+00,5.142701720558476634e+06
-5.265057859003850815e+00,2.618473102404274666e+00,1.751464719312993745e+00,2.252018276486403292e-02,8.500000000000000611e-02,3.000000000000000000e+00,5.142701720558476634e+06
-5.188334146398797309e+00,1.968822056258063613e+00,9.468691169665341967e-01,-1.462079912259739434e-01,8.500000000000000611e-02,3.000000000000000000e+00,5.142701720558476634e+06
-4.929241640295267679e+00,8.209464911058350634e-01,-5.787730157189470148e-01,-7.736317221847940351e-01,8.500000000000000611e-02,3.000000000000000000e+00,5.142701720558476634e+06
-5.441823222994066178e+00,1.557340650018131267e+00,7.864346391565115724e-01,-5.242657209695738008e-01,8.500000000000000611e-02,3.000000000000000000e+00,5.142701720558476634e+06
-5.654862606484575949e+00,5.132944029125166008e-01,1.316348973775544051e-01,-1.855094718549999966e-01,8.500000000000000611e-02,3.000000000000000000e+00,5.142701720558476634e+06
-5.641317294181851238e+00,1.613753771331944309e+00,1.135163878147695149e+00,-1.783300543285247786e-01,8.500000000000000611e-02,3.000000000000000000e+00,5.142701720558476634e+06
-5.682359446239341416e+00,1.369181181183447560e+00,9.033790487143068537e-01,-2.314609977768732896e-01,8.500000000000000611e-02,3.000000000000000000e+00,5.142701720558476634e+06
-5.274983376928462420e+00,1.015968271976385395e+00,-2.554913325086283216e-02,-4.428183629096575369e-01,8.500000000000000611e-02,3.000000000000000000e+00,5.142701720558476634e+06
-5.354663042652738625e+00,1.627158065758065320e+00,7.832009068465801693e-01,-1.877945460960624424e-01,8.500000000000000611e-02,3.000000000000000000e+00,5.142701720558476634e+06
-5.698766869506338040e+00,1.866844008442135605e+00,1.336168210003847889e+00,-3.471145559982125040e-01,8.500000000000000611e-02,3.000000000000000000e+00,5.142701720558476634e+06
-5.879968096327701232e+00,1.622792001979566301e+00,1.292032698290324522e+00,-3.573856859224341376e-01,8.500000000000000611e-02,3.000000000000000000e+00,5.142701720558476634e+06
-5.843131128558654908e+00,1.319692524086891527e+00,8.157523044503842691e-01,-5.277342283379988785e-01,8.500000000000000611e-02,3.000000000000000000e+00,5.142701720558476634e+06
-5.808337705616597013e+00,1.914814549207923378e+00,1.498547719886055507e+00,-2.851825431889449813e-01,8.500000000000000611e-02,3.000000000000000000e+00,5.142701720558476634e+06
-5.042440344564781185e+00,1.438665683729845712e+00,2.117048098334688433e-01,-2.672453597835120487e-01,8.500000000000000611e-02,3.000000000000000000e+00,5.142701720558476634e+06
-5.497156002850520196e+00,1.439619592044107499e+00,7.484642538865184935e-01,-1.357849488989075759e-01,8.500000000000000611e-02,3.000000000000000000e+00,5.142701720558476634e+06
-5.706763252096620498e+00,1.412063693316730095e+00,9.484931088059952442e-01,-2.016035504517662558e-01,8.500000000000000611e-02,3.000000000000000000e+00,5.142701720558476634e+06
-6.499604050910812170e+00,1.206009931096178045e+00,1.515938729469879842e+00,-3.976576926983168558e-01,8.500000000000000611e-02,3.000000000000000000e+00,5.142701720558476634e+06
-5.914602704917210296e+00,8.178774577791245726e-01,5.770948365511512357e-01,-3.263840135698150569e-01,8.500000000000000611e-02,3.000000000000000000e+00,5.142701720558476634e+06
-5.957452857551268188e+00,6.317425651796979569e-01,5.120996638968243753e-01,-2.455605028722188110e-01,8.500000000000000611e-02,3.000000000000000000e+00,5.142701720558476634e+06
-6.783540328616046722e+00,6.986566910886464754e-01,1.586616162785604356e+00,2.594570169744218058e-01,8.500000000000000611e-02,3.000000000000000000e+00,5.142701720558476634e+06
-5.725550935045530920e+00,1.367954557229909884e+00,9.475042308589729512e-01,-1.019213615273932838e-01,8.500000000000000611e-02,3.000000000000000000e+00,5.142701720558476634e+06
-5.429962768707304654e+00,1.083866401303050342e+00,3.294452170063701391e-01,-9.138103150433041222e-02,8.500000000000000611e-02,3.000000000000000000e+00,5.142701720558476634e+06
-5.339090679748289325e+00,1.619984578309180634e+00,7.385100150695388388e-01,-2.542498442377891799e-01,8.500000000000000611e-02,3.000000000000000000e+00,5.142701720558476634e+06
-5.232107940168869931e+00,1.826454861382940553e+00,8.751178756248263468e-01,-1.763958778702630625e-01,8.500000000000000611e-02,3.000000000000000000e+00,5.142701720558476634e+06
-4.908221733920108854e+00,1.986313987987310625e+00,6.796420705622749914e-01,-1.990654211271095098e-01,8.500000000000000611e-02,3.000000000000000000e+00,5.142701720558476634e+06
-5.639764291959647124e+00,2.629810730646141792e+00,2.069695834015872649e+00,-2.797296778363091430e-01,8.500000000000000611e-02,3.000000000000000000e+00,5.142701720558476634e+06
-5.713105485668964256e+00,2.682801529816602137e+00,2.282900968564984368e+00,-2.988591865882035681e-02,8.500000000000000611e-02,3.000000000000000000e+00,5.142701720558476634e+06
-5.917595637744272885e+00,2.734764556943663827e+00,2.429129911148779630e+00,-1.461713792410334056e-01,8.500000000000000611e-02,3.000000000000000000e+00,5.142701720558476634e+06
-5.837974580120366852e+00,2.954867346590908106e+00,2.574468827208490573e+00,-9.642965425208555041e-02,8.500000000000000611e-02,3.000000000000000000e+00,5.142701720558476634e+06
-5.607515245300841222e+00,2.586479589557067804e+00,1.960720527028862126e+00,-1.900245642716293926e-01,8.500000000000000611e-02,3.000000000000000000e+00,5.142701720558476634e+06
-5.666603941973939129e+00,2.305583820186897448e+00,1.682366851396960072e+00,-3.324696154120227454e-01,8.500000000000000611e-02,3.000000000000000000e+00,5.142701720558476634e+06
-5.677185700905205579e+00,2.450635387731296966e+00,1.720370253454915233e+00,-8.765309046745086707e-01,8.500000000000000611e-02,3.000000000000000000e+00,5.142701720558476634e+06
-5.635426556988985425e+00,1.349559700003495122e+00,8.199333410714031434e-01,-3.130097673454407259e-01,8.500000000000000611e-02,3.000000000000000000e+00,5.142701720558476634e+06
-5.603460103390096592e+00,2.454274252540900925e+00,1.719020017107462994e+00,-5.984751659857534545e-01,8.500000000000000611e-02,3.000000000000000000e+00,5.142701720558476634e+06
-5.699876658899208692e+00,1.771279241268725269e+00,1.119153093141974642e+00,-4.302592975276875453e-01,8.500000000000000611e-02,3.000000000000000000e+00,5.142701720558476634e+06
-6.539564293336856515e+00,2.130643835017219878e+00,2.542116246548903113e+00,-1.733271441616024422e-01,8.500000000000000611e-02,3.000000000000000000e+00,5.142701720558476634e+06
-6.822363225605319492e+00,1.989129830816829037e+00,2.786704826754179187e+00,-4.802692375989359164e-02,8.500000000000000611e-02,3.000000000000000000e+00,5.142701720558476634e+06
-5.794090094773721944e+00,1.521817507274046299e+00,1.191474715559488029e+00,-2.285084987784143373e-01,8.500000000000000611e-02,3.000000000000000000e+00,5.142701720558476634e+06
-5.909863595784778489e+00,1.600960534858646422e+00,1.479553315678515224e+00,1.778385146308455456e-01,8.500000000000000611e-02,3.000000000000000000e+00,5.142701720558476634e+06
-5.137407122360422740e+00,2.536753837175432569e+00,1.459070509881753575e+00,-1.418402235504951370e-01,8.500000000000000611e-02,3.000000000000000000e+00,5.142701720558476634e+06
-6.048014047645783542e+00,2.434475327682877666e+00,2.354964179096983301e+00,-8.504096302324050394e-02,8.500000000000000611e-02,3.000000000000000000e+00,5.142701720558476634e+06
-5.999754006023451325e+00,2.677259478961355743e+00,2.560302289273953757e+00,8.645101104634399236e-02,8.500000000000000611e-02,3.000000000000000000e+00,5.142701720558476634e+06
-5.878792355415547455e+00,2.767956217813706488e+00,2.473909391146900560e+00,-5.083560081022153732e-02,8.500000000000000611e-02,3.000000000000000000e+00,5.142701720558476634e+06
-6.036202335074355219e+00,2.559392569300110054e+00,2.443228413321751447e+00,-1.486398790893961319e-01,8.500000000000000611e-02,3.000000000000000000e+00,5.142701720558476634e+06
-5.959134614879000758e+00,2.240536746010089786e+00,2.113856983596302808e+00,-1.362198301539803147e-01,8.500000000000000611e-02,3.000000000000000000e+00,5.142701720558476634e+06
-5.963225929857301821e+00,2.039316765386039343e+00,1.773486077514063064e+00,-3.265651203836004157e-01,8.500000000000000611e-02,3.000000000000000000e+00,5.142701720558476634e+06
-5.738684692727768599e+00,2.301072627969965367e+00,1.708406858009875240e+00,-6.322495928212730210e-01,8.500000000000000611e-02,3.000000000000000000e+00,5.142701720558476634e+06
-5.600955741173175184e+00,1.954503971578328336e+00,1.378991247938061271e+00,-3.058265777335286151e-01,8.500000000000000611e-02,3.000000000000000000e+00,5.142701720558476634e+06
-5.660837759981083295e+00,1.992147155954124838e+00,1.659995332994846473e+00,1.072009066120263032e-01,8.500000000000000611e-02,3.000000000000000000e+00,5.142701720558476634e+06
-5.423160262431759193e+00,2.957690193969980008e+00,2.410284935072271040e+00,3.309344671865870890e-01,8.500000000000000611e-02,3.000000000000000000e+00,5.142701720558476634e+06
-5.696258820342187335e+00,2.329146616809280257e+00,2.012833582075391980e+00,1.507586105096910822e-01,8.500000000000000611e-02,3.000000000000000000e+00,5.142701720558476634e+06
-5.615761416164963826e+00,1.827915638296889522e+00,1.499073631253491579e+00,3.348925819044428764e-01,8.500000000000000611e-02,3.000000000000000000e+00,5.142701720558476634e+06
-5.814348127326006477e+00,2.034958152142675392e+00,1.993368864059432255e+00,5.024793622603769272e-01,8.500000000000000611e-02,3.000000000000000000e+00,5.142701720558476634e+06
-5.783653476592230724e+00,2.270657897140106130e+00,1.975525774085210351e+00,6.418795180144198920e-02,8.500000000000000611e-02,3.000000000000000000e+00,5.142701720558476634e+06
-5.586918172334959465e+00,1.709199492867480519e+00,1.232637844480233058e+00,6.073727991513735991e-02,8.500000000000000611e-02,3.000000000000000000e+00,5.142701720558476634e+06
-5.192033510237564542e+00,2.117470543375876701e+00,1.114347278832416244e+00,-1.124340486258619265e-01,8.500000000000000611e-02,3.000000000000000000e+00,5.142701720558476634e+06
-5.256057812283185804e+00,1.924961335365517057e+00,9.944357578381222140e-01,-1.280194434834167339e-01,8.500000000000000611e-02,3.000000000000000000e+00,5.142701720558476634e+06
-5.418444838994743051e+00,2.218930481199971272e+00,1.525252699229499020e+00,-4.659577423942429242e-02,8.500000000000000611e-02,3.000000000000000000e+00,5.142701720558476634e+06
-5.581965162681290948e+00,2.470473039328384690e+00,1.794586535366534674e+00,-7.671731715689895648e-01,8.500000000000000611e-02,3.000000000000000000e+00,5.142701720558476634e+06
-5.581965162681290948e+00,2.470473039328384690e+00,1.794586535366534674e+00,-7.671731715689895648e-01,8.500000000000000611e-02,3.000000000000000000e+00,5.142701720558476634e+06
-5.581965162681290948e+00,2.470473039328384690e+00,1.794586535366534674e+00,-7.671731715689895648e-01,8.500000000000000611e-02,3.000000000000000000e+00,5.142701720558476634e+06
-5.581965162681290948e+00,2.470473039328384690e+00,1.794586535366534674e+00,-7.671731715689895648e-01,8.500000000000000611e-02,3.000000000000000000e+00,5.142701720558476634e+06
-5.534836797224773619e+00,2.824223453844653786e+00,1.941438966826841250e+00,-9.035292206493414913e-01,8.500000000000000611e-02,3.000000000000000000e+00,5.142701720558476634e+06
-5.417280593792825449e+00,2.829655251612922306e+00,1.829736275791842726e+00,-8.638453789003083250e-01,8.500000000000000611e-02,3.000000000000000000e+00,5.142701720558476634e+06
-5.560521223696845539e+00,2.606316313123016037e+00,1.971776920664822352e+00,-3.418961125457756767e-01,8.500000000000000611e-02,3.000000000000000000e+00,5.142701720558476634e+06
-4.972021871646005842e+00,2.373037783331394035e+00,8.251335589810258053e-01,-1.298968748548018137e+00,8.500000000000000611e-02,3.000000000000000000e+00,5.142701720558476634e+06
-4.767754714878146061e+00,2.757498576375200905e+00,1.046337703084359028e+00,-1.184747342987175323e+00,8.500000000000000611e-02,3.000000000000000000e+00,5.142701720558476634e+06
-5.428690755311334826e+00,2.666438358206488335e+00,1.897611239994238641e+00,-2.940173647924816391e-01,8.500000000000000611e-02,3.000000000000000000e+00,5.142701720558476634e+06
-5.452695404900524068e+00,2.528249526680526049e+00,1.843602953147795764e+00,-1.433009159299601376e-01,8.500000000000000611e-02,3.000000000000000000e+00,5.142701720558476634e+06
-5.247057864995317011e+00,2.959315912289589345e+00,1.848007117716132353e+00,-4.593774799880386839e-01,8.500000000000000611e-02,3.000000000000000000e+00,5.142701720558476634e+06
-5.555462478197243925e+00,2.207740325796637926e+00,1.488725619557734081e+00,-3.526761156294351274e-01,8.500000000000000611e-02,3.000000000000000000e+00,5.142701720558476634e+06
-5.572495912890560454e+00,2.141097478489809802e+00,1.454759182259028227e+00,-3.192637922408567142e-01,8.500000000000000611e-02,3.000000000000000000e+00,5.142701720558476634e+06
-6.592191699179959841e+00,1.494212410328418894e+00,2.131900982331961458e+00,3.076813472123968163e-01,8.500000000000000611e-02,3.000000000000000000e+00,5.142701720558476634e+06
-6.617862077024131651e+00,1.252467308908430610e+00,1.853872265467175762e+00,2.732795094376420098e-01,8.500000000000000611e-02,3.000000000000000000e+00,5.142701720558476634e+06
-6.041325056341175781e+00,1.957884890353099872e+00,1.914096031499708639e+00,-9.270086159809305670e-02,8.500000000000000611e-02,3.000000000000000000e+00,5.142701720558476634e+06
-5.914860809198676961e+00,2.349778917660415356e+00,2.138552045791900280e+00,-2.270056787963816713e-01,8.500000000000000611e-02,3.000000000000000000e+00,5.142701720558476634e+06
-5.981512510864096299e+00,2.808643813986904991e+00,2.623968166505344257e+00,-2.481194284063676925e-01,8.500000000000000611e-02,3.000000000000000000e+00,5.142701720558476634e+06
-5.779409831912898809e+00,2.778925037567617995e+00,2.227608450979952082e+00,-6.254166003562067200e-01,8.500000000000000611e-02,3.000000000000000000e+00,5.142701720558476634e+06
-5.431490866799751238e+00,2.642064640309378376e+00,1.772998099082788936e+00,-4.541803446980645642e-01,8.500000000000000611e-02,3.000000000000000000e+00,5.142701720558476634e+06
-5.961010205101482384e+00,1.993613716335798536e+00,1.879754760373338440e+00,3.543235395797184051e-02,8.500000000000000611e-02,3.000000000000000000e+00,5.142701720558476634e+06
-6.086298948563435118e+00,1.587158033690719172e+00,1.626990450112728581e+00,3.358328027095963675e-02,8.500000000000000611e-02,3.000000000000000000e+00,5.142701720558476634e+06
-6.337905727017677293e+00,1.053587618608296195e+00,1.422104087607919620e+00,1.686002586878845855e-01,8.500000000000000611e-02,3.000000000000000000e+00,5.142701720558476634e+06
-6.234898356310273115e+00,1.199306804037517216e+00,1.397753496743413315e+00,9.252961545586277370e-02,8.500000000000000611e-02,3.000000000000000000e+00,5.142701720558476634e+06
-6.050805385839685080e+00,8.796751033519982776e-01,9.005317885475525586e-01,3.243183587704054349e-02,8.500000000000000611e-02,3.000000000000000000e+00,5.142701720558476634e+06
-6.786496940916490139e+00,9.508374095794452918e-01,1.792081795542284972e+00,1.177995967501246077e-01,8.500000000000000611e-02,3.000000000000000000e+00,5.142701720558476634e+06
-6.885850713318650840e+00,1.749177557783326176e+00,2.660026884608509334e+00,1.268818743005809546e-01,8.500000000000000611e-02,3.000000000000000000e+00,5.142701720558476634e+06
-6.604867682067832035e+00,1.863822693366568028e+00,2.528675615626187589e+00,2.613232768710208598e-01,8.500000000000000611e-02,3.000000000000000000e+00,5.142701720558476634e+06
-7.161821959699677720e+00,1.415710132546546651e+00,2.776117595409468564e+00,5.389917845582534728e-01,8.500000000000000611e-02,3.000000000000000000e+00,5.142701720558476634e+06
-6.867518215169785556e+00,1.554518720018819300e+00,2.575250965710299766e+00,4.417314370959692371e-01,8.500000000000000611e-02,3.000000000000000000e+00,5.142701720558476634e+06
-6.640651738919514102e+00,1.350073719331358113e+00,2.142374833424086855e+00,2.155646362354656509e-01,8.500000000000000611e-02,3.000000000000000000e+00,5.142701720558476634e+06
-6.305737255533395924e+00,6.910748353521645182e-01,1.079526485027292759e+00,7.613418581311778843e-02,8.500000000000000611e-02,3.000000000000000000e+00,5.142701720558476634e+06
-6.012923345194943536e+00,5.443819214147478380e-01,5.898268573153327976e-01,-6.097432263227542393e-02,8.500000000000000611e-02,3.000000000000000000e+00,5.142701720558476634e+06
-5.911693757925465142e+00,9.709453622511085014e-01,8.453916734158477553e-01,-1.626290128383631739e-01,8.500000000000000611e-02,3.000000000000000000e+00,5.142701720558476634e+06
-6.185727738511741514e+00,3.557349923224044641e-01,6.342020065319454725e-01,-8.348061053687433342e-03,8.500000000000000611e-02,3.000000000000000000e+00,5.142701720558476634e+06
-6.594239977173192102e+00,3.987590644747041058e-01,1.115498664769719817e+00,2.801388596952386623e-02,8.500000000000000611e-02,3.000000000000000000e+00,5.142701720558476634e+06
-6.839185569513757557e+00,1.837470664468465742e-01,1.232935890345252528e+00,1.290524192286735539e-01,8.500000000000000611e-02,3.000000000000000000e+00,5.142701720558476634e+06
-6.102068155495158130e+00,1.173025997424416378e+00,1.251834450253362707e+00,3.001151609762252315e-02,8.500000000000000611e-02,3.000000000000000000e+00,5.142701720558476634e+06
-6.402106966725987114e+00,1.461201544167575195e+00,1.776917250710322360e+00,1.246815114237082023e-02,8.500000000000000611e-02,3.000000000000000000e+00,5.142701720558476634e+06
-6.239997323149943931e+00,2.481628422724429406e+00,2.573311976820547464e+00,-9.469116235836808060e-03,8.500000000000000611e-02,3.000000000000000000e+00,5.142701720558476634e+06
-6.326573554625962714e+00,2.733536628218487863e+00,2.900543979329808231e+00,3.384436568400767120e-02,8.500000000000000611e-02,3.000000000000000000e+00,5.142701720558476634e+06
-6.428183326193979141e+00,1.619044766301896310e+00,2.115615525046692369e+00,4.016889545016252838e-01,8.500000000000000611e-02,3.000000000000000000e+00,5.142701720558476634e+06
-6.578064082966366577e+00,1.724632650408260970e+00,2.354829811958277119e+00,1.444354999846018117e-01,8.500000000000000611e-02,3.000000000000000000e+00,5.142701720558476634e+06
-7.013264210929509801e+00,1.448074352252288310e+00,2.620629255962346971e+00,3.929206756576211212e-01,8.500000000000000611e-02,3.000000000000000000e+00,5.142701720558476634e+06
-6.083401833001605752e+00,1.827365085924942179e+00,1.771374509987853729e+00,-6.181383638400025221e-02,8.500000000000000611e-02,3.000000000000000000e+00,5.142701720558476634e+06
-5.987227159100792839e+00,1.793424134817034776e+00,1.622415352933828991e+00,-4.731673517549100927e-02,8.500000000000000611e-02,3.000000000000000000e+00,5.142701720558476634e+06
-6.014727110551574718e+00,2.126743626642435547e+00,1.988169975976154413e+00,7.160171688383865085e-02,8.500000000000000611e-02,3.000000000000000000e+00,5.142701720558476634e+06
-5.902631633605116335e+00,2.020054292340307533e+00,1.685957960403791311e+00,-4.248311542115223993e-02,8.500000000000000611e-02,3.000000000000000000e+00,5.142701720558476634e+06
-5.725153160999536972e+00,1.330864168845244055e+00,1.046740082273255101e+00,4.926212680515838771e-02,8.500000000000000611e-02,3.000000000000000000e+00,5.142701720558476634e+06
-6.424761935679814684e+00,9.005571655288622246e-01,1.461581215680137547e+00,2.091634428972060089e-01,8.500000000000000611e-02,3.000000000000000000e+00,5.142701720558476634e+06
-6.820756799470480303e+00,5.533964963437800755e-01,1.624190111730063446e+00,3.019369019834866052e-01,8.500000000000000611e-02,3.000000000000000000e+00,5.142701720558476634e+06
-6.825956439536325249e+00,5.414522254671982893e-01,1.625158523592192150e+00,2.970117373619602930e-01,8.500000000000000611e-02,3.000000000000000000e+00,5.142701720558476634e+06
-6.738547485187080355e+00,5.953030966647756550e-01,1.606985113284221001e+00,3.984935549377400799e-01,8.500000000000000611e-02,3.000000000000000000e+00,5.142701720558476634e+06
-6.784701235617130344e+00,7.266672506792550834e-01,1.780119638495845980e+00,4.362940682464065967e-01,8.500000000000000611e-02,3.000000000000000000e+00,5.142701720558476634e+06
-6.215033959887132475e+00,5.293603599284537609e-01,8.800485538635927085e-01,1.889679803166104399e-01,8.500000000000000611e-02,3.000000000000000000e+00,5.142701720558476634e+06
-6.181621094515285186e+00,7.540808565531489371e-01,1.063840684198013031e+00,1.780496868613626327e-01,8.500000000000000611e-02,3.000000000000000000e+00,5.142701720558476634e+06
-6.083827713246344970e+00,8.619776254755158185e-01,9.036631603022946546e-01,-7.954950220061002275e-02,8.500000000000000611e-02,3.000000000000000000e+00,5.142701720558476634e+06
-6.079008201140970513e+00,5.033760808041489732e-01,8.088870004554062909e-01,3.684108398166761056e-01,8.500000000000000611e-02,3.000000000000000000e+00,5.142701720558476634e+06
-6.129021484697140920e+00,5.878317616486707919e-01,9.633334015076822077e-01,4.424037559993315716e-01,8.500000000000000611e-02,3.000000000000000000e+00,5.142701720558476634e+06
-6.039328260701552153e+00,1.091874042289507241e+00,1.083386183071491260e+00,5.226552183136584651e-02,8.500000000000000611e-02,3.000000000000000000e+00,5.142701720558476634e+06
-6.227773711299011694e+00,7.323388890233066828e-01,9.244487613838594520e-01,3.351289297437184955e-02,8.500000000000000611e-02,3.000000000000000000e+00,5.142701720558476634e+06
-6.112419016206383837e+00,1.378980667702470964e+00,1.424934236288697420e+00,-1.028718504569400838e-02,8.500000000000000611e-02,3.000000000000000000e+00,5.142701720558476634e+06
-5.540420960366477132e+00,2.765067751918516503e+00,2.304818932871492976e+00,2.243275750382913158e-01,8.500000000000000611e-02,3.000000000000000000e+00,5.142701720558476634e+06
-5.852182442234670212e+00,2.441291872083022785e+00,2.195837110173312290e+00,-1.863179594672052242e-01,8.500000000000000611e-02,3.000000000000000000e+00,5.142701720558476634e+06
-5.263401654500113658e+00,2.156218491609370513e+00,1.227697713650153011e+00,-4.161630939353913039e-01,8.500000000000000611e-02,3.000000000000000000e+00,5.142701720558476634e+06
-4.292567899952512533e+00,2.144905184763407746e+00,1.539563621256918591e-01,-4.766275259753891547e-01,8.500000000000000611e-02,3.000000000000000000e+00,5.142701720558476634e+06
-5.563845053495166226e+00,1.605513557657227697e+00,7.529377925446050224e-01,-8.315619724343198405e-01,8.500000000000000611e-02,3.000000000000000000e+00,5.142701720558476634e+06
-5.651739057571590230e+00,1.442444388195967653e+00,8.537611272329046486e-01,-5.386666109543490899e-01,8.500000000000000611e-02,3.000000000000000000e+00,5.142701720558476634e+06
-5.553239732884352797e+00,1.658699232874826013e+00,9.744300922985112967e-01,-4.009167766857634208e-01,8.500000000000000611e-02,3.000000000000000000e+00,5.142701720558476634e+06
-6.000698281114971167e+00,1.945917362271467610e+00,1.843706725880024377e+00,-2.250890260110214591e-01,8.500000000000000611e-02,3.000000000000000000e+00,5.142701720558476634e+06
-6.229492946152966226e+00,1.676093083378654924e+00,1.857380209835559626e+00,3.764910109294122842e-02,8.500000000000000611e-02,3.000000000000000000e+00,5.142701720558476634e+06
-7.251104433980784414e+00,2.276774416602126649e+00,3.625336578043422797e+00,3.349993089593369389e-01,8.500000000000000611e-02,3.000000000000000000e+00,5.142701720558476634e+06
-6.756111178734920841e+00,1.890442883491097570e+00,2.537678816740718268e+00,-1.577027252027807247e-01,8.500000000000000611e-02,3.000000000000000000e+00,5.142701720558476634e+06
-7.282277558911541604e+00,2.473472887889932803e+00,3.872573742983493439e+00,1.279640468062254177e-01,8.500000000000000611e-02,3.000000000000000000e+00,5.142701720558476634e+06
-7.020903061672605361e+00,2.497332287429148145e+00,3.547154127439451798e+00,9.442855964828900106e-02,8.500000000000000611e-02,3.000000000000000000e+00,5.142701720558476634e+06
-6.266805046397099233e+00,2.041423653092184765e+00,2.274693348315587560e+00,1.818001331810043322e-02,8.500000000000000611e-02,3.000000000000000000e+00,5.142701720558476634e+06
-6.370699799845823463e+00,1.896189507150964015e+00,2.265847941434991242e+00,8.060907645103615460e-02,8.500000000000000611e-02,3.000000000000000000e+00,5.142701720558476634e+06
-6.468091910980611203e+00,2.543756134519880252e+00,2.897819499554943334e+00,-2.126530463734837562e-01,8.500000000000000611e-02,3.000000000000000000e+00,5.142701720558476634e+06
-6.752894280258622928e+00,2.233742461014926128e+00,3.069588772132366916e+00,1.625875473547260253e-01,8.500000000000000611e-02,3.000000000000000000e+00,5.142701720558476634e+06
-7.049211814990416158e+00,2.721895653451332997e+00,3.990875678211623256e+00,5.328722268616801205e-01,8.500000000000000611e-02,3.000000000000000000e+00,5.142701720558476634e+06
-6.211139434044991248e+00,2.233340296793191460e+00,2.538869504136235467e+00,2.595276007388894746e-01,8.500000000000000611e-02,3.000000000000000000e+00,5.142701720558476634e+06
-6.125564459023515873e+00,2.086854491260947686e+00,2.143002554324851427e+00,-1.060512083348974510e-01,8.500000000000000611e-02,3.000000000000000000e+00,5.142701720558476634e+06
-6.068907697945516766e+00,2.965572189681642268e+00,2.742527511540850504e+00,-3.257737912161188243e-01,8.500000000000000611e-02,3.000000000000000000e+00,5.142701720558476634e+06
-6.048126515110181067e+00,2.898939798834399451e+00,2.813920003814337711e+00,-6.934888528939003871e-02,8.500000000000000611e-02,3.000000000000000000e+00,5.142701720558476634e+06
-6.045474563809145607e+00,2.858860937602714980e+00,2.780177722702004584e+00,-3.689037192992428160e-02,8.500000000000000611e-02,3.000000000000000000e+00,5.142701720558476634e+06
-5.952516783319774518e+00,2.783114613654396496e+00,2.605060695708621310e+00,-5.087971415285397203e-02,8.500000000000000611e-02,3.000000000000000000e+00,5.142701720558476634e+06
-5.709407288755388166e+00,2.719205503163947935e+00,2.146002193632228661e+00,-3.476505897078864260e-01,8.500000000000000611e-02,3.000000000000000000e+00,5.142701720558476634e+06
-5.706780836286960756e+00,2.712604036949514352e+00,2.244488343235575556e+00,-2.169197762973723853e-01,8.500000000000000611e-02,3.000000000000000000e+00,5.142701720558476634e+06
-5.661523929623097473e+00,2.919975864569967605e+00,2.364274124765883833e+00,-3.148300810684487860e-01,8.500000000000000611e-02,3.000000000000000000e+00,5.142701720558476634e+06
-5.696223417129226085e+00,2.945060268204657383e+00,2.406090423563115532e+00,-3.961829018014788595e-01,8.500000000000000611e-02,3.000000000000000000e+00,5.142701720558476634e+06
-5.602992689744161758e+00,2.923461261447308779e+00,2.264584899884945823e+00,-4.782230572864220597e-01,8.500000000000000611e-02,3.000000000000000000e+00,5.142701720558476634e+06
-5.571978746015964212e+00,2.048378926376880127e+00,1.561602772660464655e+00,-8.640015854729077294e-02,8.500000000000000611e-02,3.000000000000000000e+00,5.142701720558476634e+06
-5.747894823708274537e+00,1.377221009665671181e+00,9.536967058894580962e-01,-1.698985119860145776e-01,8.500000000000000611e-02,3.000000000000000000e+00,5.142701720558476634e+06
-5.171282128867649597e+00,1.808899327955635350e+00,5.955263062486113590e-01,-4.890804081678905568e-01,8.500000000000000611e-02,3.000000000000000000e+00,5.142701720558476634e+06
-5.044087828100319193e+00,1.797033294444130958e+00,4.975771759341915956e-01,-4.865506743542162837e-01,8.500000000000000611e-02,3.000000000000000000e+00,5.142701720558476634e+06
-5.177312674567477124e+00,1.753931405229075535e+00,5.547664424578222508e-01,-5.765600268570069131e-01,8.500000000000000611e-02,3.000000000000000000e+00,5.142701720558476634e+06
-5.722853123396681063e+00,1.541375124160439425e+00,1.033307885655327496e+00,-2.690927475990145812e-01,8.500000000000000611e-02,3.000000000000000000e+00,5.142701720558476634e+06
-6.080420699207534696e+00,2.726264362783390460e+00,2.628274464536261235e+00,-2.092947382417837954e-01,8.500000000000000611e-02,3.000000000000000000e+00,5.142701720558476634e+06
-6.476192652250209569e+00,2.804038076020006098e+00,3.131037474897975237e+00,-7.710388544102535213e-02,8.500000000000000611e-02,3.000000000000000000e+00,5.142701720558476634e+06
-6.125500732912636082e+00,2.468191938277414454e+00,2.466477189581637308e+00,-5.571373935261126481e-02,8.500000000000000611e-02,3.000000000000000000e+00,5.142701720558476634e+06
-6.460837871240045160e+00,2.520910768855934680e+00,2.950033598713138971e+00,1.547014089172954465e-01,8.500000000000000611e-02,3.000000000000000000e+00,5.142701720558476634e+06
-6.349096393174788133e+00,2.929896005939178316e+00,3.194818250827593520e+00,5.176684917608000147e-02,8.500000000000000611e-02,3.000000000000000000e+00,5.142701720558476634e+06
-6.649081889931178324e+00,1.687185387043708129e+00,2.520026378644852461e+00,3.293760934587147693e-01,8.500000000000000611e-02,3.000000000000000000e+00,5.142701720558476634e+06
-6.635561138665650560e+00,1.852398732937748704e+00,2.600720080665662515e+00,2.294784638013171452e-01,8.500000000000000611e-02,3.000000000000000000e+00,5.142701720558476634e+06
-6.467318904363546395e+00,2.208377866953338931e+00,2.704399925482932510e+00,1.027938676083501729e-01,8.500000000000000611e-02,3.000000000000000000e+00,5.142701720558476634e+06
-7.034935184860125368e+00,1.255018713580120737e+00,2.526777724180009788e+00,3.784287099980870317e-01,8.500000000000000611e-02,3.000000000000000000e+00,5.142701720558476634e+06
-6.793992175131820410e+00,1.360469643545924701e+00,2.318355189533944927e+00,3.144965941919534713e-01,8.500000000000000611e-02,3.000000000000000000e+00,5.142701720558476634e+06
-6.712674546727497749e+00,1.045060692556523563e+00,1.826774386677824324e+00,1.878715966849552887e-01,8.500000000000000611e-02,3.000000000000000000e+00,5.142701720558476634e+06
-6.556250180019398854e+00,8.740363579112085946e-01,1.165839875042605112e+00,-1.225434066018809443e+00,8.500000000000000611e-02,3.000000000000000000e+00,5.142701720558476634e+06
-6.779979486496268137e+00,7.680564466879852281e-01,1.214418195099893794e+00,-1.588285563693781377e+00,8.500000000000000611e-02,3.000000000000000000e+00,5.142701720558476634e+06
-6.654320476324357081e+00,8.948284690455100554e-01,1.202162340757992220e+00,-1.479685699648009223e+00,8.500000000000000611e-02,3.000000000000000000e+00,5.142701720558476634e+06
-6.654320476324357081e+00,8.948284690455100554e-01,1.202162340757992220e+00,-1.479685699648009223e+00,8.500000000000000611e-02,3.000000000000000000e+00,5.142701720558476634e+06
-6.053758662931758572e+00,9.141952970779428922e-01,6.103907175332154988e-01,-1.200220155056422433e+00,8.500000000000000611e-02,3.000000000000000000e+00,5.142701720558476634e+06
-6.051418162832218783e+00,1.264680231868295923e+00,9.862737304522954940e-01,-9.932922715132104230e-01,8.500000000000000611e-02,3.000000000000000000e+00,5.142701720558476634e+06
-6.147721748178947898e+00,8.934399029494359823e-01,6.310378132106833071e-01,-1.238051529228935577e+00,8.500000000000000611e-02,3.000000000000000000e+00,5.142701720558476634e+06
-6.070172385464333686e+00,1.431722901007518978e+00,1.081812702169760332e+00,-1.138712439600528148e+00,8.500000000000000611e-02,3.000000000000000000e+00,5.142701720558476634e+06
-5.949097992175028438e+00,1.746802258281078490e+00,1.247168008859280697e+00,-1.296947105409586243e+00,8.500000000000000611e-02,3.000000000000000000e+00,5.142701720558476634e+06
-6.086942439864910348e+00,2.232889040785077661e+00,1.770443427383587398e+00,-1.809171072251556156e+00,8.500000000000000611e-02,3.000000000000000000e+00,5.142701720558476634e+06
-6.086942439864910348e+00,2.232889040785077661e+00,1.770443427383587398e+00,-1.809171072251556156e+00,8.500000000000000611e-02,3.000000000000000000e+00,5.142701720558476634e+06
-5.685129032577250996e+00,2.229764019095736849e+00,1.427963094675563704e+00,-1.474793283646767428e+00,8.500000000000000611e-02,3.000000000000000000e+00,5.142701720558476634e+06
-5.700887246559268817e+00,2.179265662410925675e+00,1.495327232560675457e+00,-1.109512594809362707e+00,8.500000000000000611e-02,3.000000000000000000e+00,5.142701720558476634e+06
-5.212647192583542477e+00,1.931862095111143374e+00,6.308888079825565320e-01,-1.496041807187496131e+00,8.500000000000000611e-02,3.000000000000000000e+00,5.142701720558476634e+06
-5.437057978029766758e+00,1.747030200314170667e+00,7.809134724119605186e-01,-1.111402482065407815e+00,8.500000000000000611e-02,3.000000000000000000e+00,5.142701720558476634e+06
-5.044210593346982741e+00,2.161285229586996870e+00,6.943873070600226072e-01,-1.301883556856248347e+00,8.500000000000000611e-02,3.000000000000000000e+00,5.142701720558476634e+06
-4.682140658274859035e+00,2.009497598781688321e+00,2.135200604598068708e-01,-1.107374769879164500e+00,8.500000000000000611e-02,3.000000000000000000e+00,5.142701720558476634e+06
-5.268443056775886646e+00,2.412498148618971161e+00,1.293868582719974958e+00,-9.111994725201564282e-01,8.500000000000000611e-02,3.000000000000000000e+00,5.142701720558476634e+06
-6.022708824825961038e+00,2.984824790560011820e+00,2.866916668140781610e+00,-9.187198192116291517e-02,8.500000000000000611e-02,3.000000000000000000e+00,5.142701720558476634e+06
-5.954217941819093696e+00,2.992242098579418474e+00,2.823543437492462616e+00,-9.262171781863082209e-02,8.500000000000000611e-02,3.000000000000000000e+00,5.142701720558476634e+06
-5.804941951965735925e+00,2.713626510627328514e+00,2.421276533481415250e+00,-2.533847287969073769e-02,8.500000000000000611e-02,3.000000000000000000e+00,5.142701720558476634e+06
-5.765336509991856317e+00,2.869146279381704190e+00,2.526244875062251705e+00,-4.147753708469639755e-02,8.500000000000000611e-02,3.000000000000000000e+00,5.142701720558476634e+06
-6.277708301424590687e+00,2.846992273846559396e+00,3.088675005716704725e+00,1.871013447393654050e-01,8.500000000000000611e-02,3.000000000000000000e+00,5.142701720558476634e+06
-6.326694382227357139e+00,2.789687070029788885e+00,3.108112452690324101e+00,2.585328751035879113e-01,8.500000000000000611e-02,3.000000000000000000e+00,5.142701720558476634e+06
-6.985584146951907769e+00,2.633437834376397557e+00,3.733041553110173716e+00,3.813426827249353224e-01,8.500000000000000611e-02,3.000000000000000000e+00,5.142701720558476634e+06
-6.095956566337263460e+00,2.122202124208070639e+00,2.195274209673828025e+00,8.690056735826329204e-02,8.500000000000000611e-02,3.000000000000000000e+00,5.142701720558476634e+06
-6.652155660927179248e+00,1.126713225857089551e+00,1.854380963282163508e+00,7.368859840332925293e-02,8.500000000000000611e-02,3.000000000000000000e+00,5.142701720558476634e+06
-5.994615059517675704e+00,1.504506708735807052e+00,1.478114908219728241e+00,3.527099459642385471e-03,8.500000000000000611e-02,3.000000000000000000e+00,5.142701720558476634e+06
-6.410041882929830237e+00,1.314832236394236631e+00,1.777985337322655734e+00,1.927069930076341642e-02,8.500000000000000611e-02,3.000000000000000000e+00,5.142701720558476634e+06
-5.745689419795700026e+00,1.241722845066567604e+00,9.786273681894723797e-01,1.458047998659717237e-01,8.500000000000000611e-02,3.000000000000000000e+00,5.142701720558476634e+06
-5.234617934772501258e+00,1.315274921398112973e+00,4.528909295815881642e-01,-7.396411791412134396e-02,8.500000000000000611e-02,3.000000000000000000e+00,5.142701720558476634e+06
-5.659629194920959172e+00,9.692273825703772161e-01,5.702847159628450235e-01,-1.649832895676037192e-02,8.500000000000000611e-02,3.000000000000000000e+00,5.142701720558476634e+06
-5.880318805202904286e+00,9.771679622959483780e-01,8.175039193135709148e-01,2.554005845964729682e-02,8.500000000000000611e-02,3.000000000000000000e+00,5.142701720558476634e+06
-5.807529086375252447e+00,1.389846137904274581e+00,1.079463325472278523e+00,2.395360221064579687e-02,8.500000000000000611e-02,3.000000000000000000e+00,5.142701720558476634e+06
-5.957774818999650890e+00,1.828269923335047675e+00,1.731749828387471712e+00,1.269989670839368756e-01,8.500000000000000611e-02,3.000000000000000000e+00,5.142701720558476634e+06
-5.909049830731469832e+00,1.009649150640386406e+00,9.178747073376536392e-01,2.214699679121828468e-01,8.500000000000000611e-02,3.000000000000000000e+00,5.142701720558476634e+06
-5.919975065495433952e+00,2.479917642073302453e+00,2.223216701462151779e+00,-9.866199513840823165e-02,8.500000000000000611e-02,3.000000000000000000e+00,5.142701720558476634e+06
-5.837570666591152424e+00,2.671798591460061267e+00,2.440590571305048861e+00,1.609562442034315199e-01,8.500000000000000611e-02,3.000000000000000000e+00,5.142701720558476634e+06
-5.920019559520177665e+00,2.800467238696845662e+00,2.637103621229738071e+00,9.416385855966610818e-02,8.500000000000000611e-02,3.000000000000000000e+00,5.142701720558476634e+06
-5.894325337978932211e+00,2.718188633628054074e+00,2.539294200114536437e+00,8.462527530581830104e-02,8.500000000000000611e-02,3.000000000000000000e+00,5.142701720558476634e+06
-5.910213771989665688e+00,2.680044885889949935e+00,2.473310535395838006e+00,-1.875181359496944644e-01,8.500000000000000611e-02,3.000000000000000000e+00,5.142701720558476634e+06
-5.525777700428608163e+00,1.829743116488849797e+00,1.153817612830083883e+00,-2.703845195376093913e-01,8.500000000000000611e-02,3.000000000000000000e+00,5.142701720558476634e+06
-5.064756563302818648e+00,2.142363417620052779e+00,9.119700510781897362e-01,-3.360128696348984589e-01,8.500000000000000611e-02,3.000000000000000000e+00,5.142701720558476634e+06
-5.348257102295045584e+00,1.503513463139265482e+00,5.955061342992076234e-01,-3.237928099646242286e-01,8.500000000000000611e-02,3.000000000000000000e+00,5.142701720558476634e+06
-5.547123337851009417e+00,7.013125739656729252e-01,1.835969393158891627e-01,1.079670595034030733e-01,8.500000000000000611e-02,3.000000000000000000e+00,5.142701720558476634e+06
-5.502737942168774765e+00,1.043509111335889417e+00,4.713857361726900841e-01,4.221450105923596485e-02,8.500000000000000611e-02,3.000000000000000000e+00,5.142701720558476634e+06
-5.850518611129645663e+00,1.256384080022363348e+00,1.078592447853683467e+00,1.583508858784568318e-01,8.500000000000000611e-02,3.000000000000000000e+00,5.142701720558476634e+06
-6.066319368976347270e+00,1.106948551810774894e+00,1.079940416522133573e+00,-3.610843974819859248e-02,8.500000000000000611e-02,3.000000000000000000e+00,5.142701720558476634e+06
-6.195050178085160120e+00,1.442936071941777421e+00,1.542372671579927301e+00,5.682931846083411065e-02,8.500000000000000611e-02,3.000000000000000000e+00,5.142701720558476634e+06
-6.215056161443900606e+00,1.867551877318535336e+00,1.989583310400238947e+00,1.057545921047046700e-01,8.500000000000000611e-02,3.000000000000000000e+00,5.142701720558476634e+06
-5.947622315004325699e+00,1.873395998231386139e+00,1.692331314302894185e+00,-6.604130511867678521e-02,8.500000000000000611e-02,3.000000000000000000e+00,5.142701720558476634e+06
-6.408770123782102424e+00,2.037943657102747608e+00,2.424368157772468724e+00,2.734997727487413766e-01,8.500000000000000611e-02,3.000000000000000000e+00,5.142701720558476634e+06
-5.613523589915551781e+00,1.512820982174266859e+00,1.095567401266446694e+00,2.949975512377415177e-01,8.500000000000000611e-02,3.000000000000000000e+00,5.142701720558476634e+06
-5.817055451778299968e+00,2.306587253323439946e+00,2.095893343317047020e+00,2.473710282722618725e-01,8.500000000000000611e-02,3.000000000000000000e+00,5.142701720558476634e+06
-6.029350679640545607e+00,1.901292718742352506e+00,1.942116928236797158e+00,2.909208705537247308e-01,8.500000000000000611e-02,3.000000000000000000e+00,5.142701720558476634e+06
-5.077572886229889448e+00,1.170926890824264710e+00,8.566382169100550392e-02,-2.135282882012699557e-01,8.500000000000000611e-02,3.000000000000000000e+00,5.142701720558476634e+06
-5.120671701705067136e+00,1.020297116285780792e+00,4.584741447626761168e-02,-4.062948852137629463e-02,8.500000000000000611e-02,3.000000000000000000e+00,5.142701720558476634e+06
-5.245688149153303392e+00,1.240775305067315148e+00,3.632525524808940531e-01,-1.263656583744092177e-01,8.500000000000000611e-02,3.000000000000000000e+00,5.142701720558476634e+06
-6.052453084943763884e+00,5.295382231482852475e-01,5.613179123919678215e-01,-1.968836327487938354e-01,8.500000000000000611e-02,3.000000000000000000e+00,5.142701720558476634e+06
-5.973018590277363593e+00,1.195063865257774527e+00,9.871413745095790615e-01,-2.520731428245355787e-01,8.500000000000000611e-02,3.000000000000000000e+00,5.142701720558476634e+06
-6.102990337170859370e+00,1.077331887072231487e+00,1.002518005091523445e+00,-2.065928359060163477e-01,8.500000000000000611e-02,3.000000000000000000e+00,5.142701720558476634e+06
-6.561482400707312479e+00,1.567025795312023684e+00,1.956666767891036551e+00,-1.676685642331562920e-01,8.500000000000000611e-02,3.000000000000000000e+00,5.142701720558476634e+06
-6.807491733193408834e+00,1.544149328599110804e+00,2.512747445394924117e+00,4.606108526838582629e-01,8.500000000000000611e-02,3.000000000000000000e+00,5.142701720558476634e+06
-6.644096708140512675e+00,1.296316256013843482e+00,2.081841371489172143e+00,3.151862120764650776e-01,8.500000000000000611e-02,3.000000000000000000e+00,5.142701720558476634e+06
-6.831416602415638195e+00,2.629618854749677048e+00,3.474293586568862224e+00,2.602751646450502387e-01,8.500000000000000611e-02,3.000000000000000000e+00,5.142701720558476634e+06
-6.207200026639912771e+00,2.713517644847240451e+00,2.860788319979831851e+00,1.943125008129183429e-01,8.500000000000000611e-02,3.000000000000000000e+00,5.142701720558476634e+06
-6.031433693147700836e+00,2.275383962003520111e+00,2.160873686594507070e+00,-5.115673106947687954e-02,8.500000000000000611e-02,3.000000000000000000e+00,5.142701720558476634e+06
-6.317035598442833688e+00,2.930096844137956236e+00,2.860356500020576398e+00,-6.528618000238528563e-01,8.500000000000000611e-02,3.000000000000000000e+00,5.142701720558476634e+06
-6.065051393584288242e+00,2.061865317678191367e+00,1.940744088916107835e+00,-1.742151904872048518e-01,8.500000000000000611e-02,3.000000000000000000e+00,5.142701720558476634e+06
-5.569586710041360966e+00,1.819016873838491533e+00,1.197501950808857796e+00,-1.561309001528131679e-01,8.500000000000000611e-02,3.000000000000000000e+00,5.142701720558476634e+06
-5.355426630935694376e+00,1.783303429207766966e+00,8.628601894833478614e-01,-4.407757665008607550e-01,8.500000000000000611e-02,3.000000000000000000e+00,5.142701720558476634e+06
-6.010348634925033906e+00,2.244533825388134396e+00,1.946321575458356490e+00,-4.771584117784509194e-01,8.500000000000000611e-02,3.000000000000000000e+00,5.142701720558476634e+06
-5.671786977509245098e+00,2.063054940391683356e+00,1.454815383338180945e+00,-5.696788209441809858e-01,8.500000000000000611e-02,3.000000000000000000e+00,5.142701720558476634e+06
-5.410523647655137935e+00,2.927634370873413161e+00,2.038681705777175779e+00,-4.527171165965008237e-01,8.500000000000000611e-02,3.000000000000000000e+00,5.142701720558476634e+06
-4.950404811182030684e+00,1.640502038824777742e+00,3.249649540481731602e-01,-4.596831378722352479e-01,8.500000000000000611e-02,3.000000000000000000e+00,5.142701720558476634e+06
-5.536177956224472396e+00,1.950016482126761375e+00,1.299856669622671657e+00,-2.274498985756462366e-01,8.500000000000000611e-02,3.000000000000000000e+00,5.142701720558476634e+06
-5.329251803033500323e+00,2.382556751816424789e+00,1.518190662359758303e+00,-3.239553850382421718e-01,8.500000000000000611e-02,3.000000000000000000e+00,5.142701720558476634e+06
-5.145645124503656298e+00,2.116964876347981583e+00,9.044960244173128050e-01,-6.997599343759748347e-01,8.500000000000000611e-02,3.000000000000000000e+00,5.142701720558476634e+06
-5.468342131385349525e+00,1.498103977948867627e+00,8.964497662208819051e-01,-8.345222494372972477e-02,8.500000000000000611e-02,3.000000000000000000e+00,5.142701720558476634e+06
-4.879504539477573566e+00,1.332001956832837397e+00,-2.720636419992135124e-01,-1.036711414599781778e+00,8.500000000000000611e-02,3.000000000000000000e+00,5.142701720558476634e+06
-5.169626861200869783e+00,1.352077560483370577e+00,1.305097211871166785e-01,-8.028971387785446279e-01,8.500000000000000611e-02,3.000000000000000000e+00,5.142701720558476634e+06
-5.531420198985602887e+00,1.472920829232201800e+00,6.005498374361963876e-01,-1.211359885730550312e+00,8.500000000000000611e-02,3.000000000000000000e+00,5.142701720558476634e+06
-5.347924049796391799e+00,1.832797895114316677e+00,7.979776038369860158e-01,-1.033014670196627405e+00,8.500000000000000611e-02,3.000000000000000000e+00,5.142701720558476634e+06
-4.664520846063328285e+00,1.074198243485827042e+00,-7.736459078189064087e-01,-1.880107937068452362e+00,8.500000000000000611e-02,3.000000000000000000e+00,5.142701720558476634e+06
-5.637122187730918554e+00,1.779627732586475108e+00,9.947823304301816050e-01,-1.570455738745789143e+00,8.500000000000000611e-02,3.000000000000000000e+00,5.142701720558476634e+06
-5.620463657738107521e+00,1.809371944187265990e+00,1.022976992492846682e+00,-1.488699967894179021e+00,8.500000000000000611e-02,3.000000000000000000e+00,5.142701720558476634e+06
-5.667863473722317025e+00,1.406523209626203474e+00,6.422091839676375979e-01,-1.892444418966702013e+00,8.500000000000000611e-02,3.000000000000000000e+00,5.142701720558476634e+06
-5.429433115703326429e+00,1.603321174891487955e+00,5.974561546730638995e-01,-1.612964353250557537e+00,8.500000000000000611e-02,3.000000000000000000e+00,5.142701720558476634e+06
-5.262355552835607853e+00,1.451350162180173431e+00,3.347960381482779635e-01,-1.215910294597147834e+00,8.500000000000000611e-02,3.000000000000000000e+00,5.142701720558476634e+06
-5.313666378084077380e+00,1.154901268472694920e+00,1.007555043065773148e-01,-1.367046195769174632e+00,8.500000000000000611e-02,3.000000000000000000e+00,5.142701720558476634e+06
-5.477478341819926655e+00,1.781662343911941671e+00,8.568973022751060764e-01,-6.272120030936898516e-01,8.500000000000000611e-02,3.000000000000000000e+00,5.142701720558476634e+06
-5.821297278604729009e+00,2.118171258807341140e+00,1.699770527065973980e+00,-3.450790567839961964e-01,8.500000000000000611e-02,3.000000000000000000e+00,5.142701720558476634e+06
-5.210530700639273149e+00,2.534265505182358158e+00,1.432987296066607907e+00,-3.252114619349092406e-01,8.500000000000000611e-02,3.000000000000000000e+00,5.142701720558476634e+06
-4.894020152260588397e+00,2.555324780422637776e+00,1.227693075507942710e+00,-1.986712240429573950e-01,8.500000000000000611e-02,3.000000000000000000e+00,5.142701720558476634e+06
-5.317719030186594864e+00,2.203877595056233041e+00,1.296342804447532693e+00,-3.158766952810505568e-01,8.500000000000000611e-02,3.000000000000000000e+00,5.142701720558476634e+06
-5.412382342175099836e+00,2.723779229650475475e+00,1.970762097377565025e+00,-2.626992553165841682e-01,8.500000000000000611e-02,3.000000000000000000e+00,5.142701720558476634e+06
-5.177507127523929498e+00,2.359263347821630941e+00,1.335264651639335387e+00,-3.266189885615307098e-01,8.500000000000000611e-02,3.000000000000000000e+00,5.142701720558476634e+06
-5.298186830278492465e+00,1.396970798497605637e+00,3.174593765501011466e-01,-7.789765049819988851e-01,8.500000000000000611e-02,3.000000000000000000e+00,5.142701720558476634e+06
-5.447932744746997180e+00,2.235952520066797344e+00,1.576165465429142376e+00,-1.574152831313674339e-01,8.500000000000000611e-02,3.000000000000000000e+00,5.142701720558476634e+06
-5.338192103288606383e+00,2.456552186288802453e+00,1.719882070456680623e+00,-7.262291709810431151e-02,8.500000000000000611e-02,3.000000000000000000e+00,5.142701720558476634e+06
-5.311513111583908930e+00,1.955070937175238832e+00,1.056972241213057773e+00,-2.784933670117223370e-01,8.500000000000000611e-02,3.000000000000000000e+00,5.142701720558476634e+06
-4.676319873461899590e+00,2.472602779353334945e+00,1.005076551934904083e+00,-1.332984165801958110e-01,8.500000000000000611e-02,3.000000000000000000e+00,5.142701720558476634e+06
-5.246921497614570384e+00,2.319709871604553442e+00,1.377401593843873950e+00,-2.467406753160087951e-01,8.500000000000000611e-02,3.000000000000000000e+00,5.142701720558476634e+06
-5.039994064879548041e+00,2.523447722647292668e+00,1.391509238356697375e+00,-2.380643623230134232e-01,8.500000000000000611e-02,3.000000000000000000e+00,5.142701720558476634e+06
-5.546114754236388222e+00,2.971435845319940317e+00,2.359145962991088030e+00,-3.907811362096137026e-02,8.500000000000000611e-02,3.000000000000000000e+00,5.142701720558476634e+06
-5.646064713409320035e+00,2.719656830168959871e+00,2.191900582310180035e+00,-1.103534623720727748e-01,8.500000000000000611e-02,3.000000000000000000e+00,5.142701720558476634e+06
-5.896776926938032126e+00,2.184443804932401534e+00,2.019850439828994926e+00,7.683068814799259849e-02,8.500000000000000611e-02,3.000000000000000000e+00,5.142701720558476634e+06
-5.854601217710134087e+00,2.822039771749093706e+00,2.580929952242573933e+00,3.658757123771144704e-02,8.500000000000000611e-02,3.000000000000000000e+00,5.142701720558476634e+06
-6.224015241041603197e+00,2.656006659632507372e+00,2.810296648161015653e+00,4.780506521695213062e-02,8.500000000000000611e-02,3.000000000000000000e+00,5.142701720558476634e+06
-6.484207242248331227e+00,2.602278686563515464e+00,3.080782999623363771e+00,1.747981679272852251e-01,8.500000000000000611e-02,3.000000000000000000e+00,5.142701720558476634e+06
-6.277531678535211768e+00,2.071551405473955665e+00,2.239045541920172244e+00,-6.708108215764041482e-02,8.500000000000000611e-02,3.000000000000000000e+00,5.142701720558476634e+06
-6.739508223237205442e+00,2.070162819018577238e+00,2.785789417315068128e+00,1.430055243020627864e-01,8.500000000000000611e-02,3.000000000000000000e+00,5.142701720558476634e+06
-6.557305890905491097e+00,1.531408185502415753e+00,2.188525006171792242e+00,3.241320422053087236e-01,8.500000000000000611e-02,3.000000000000000000e+00,5.142701720558476634e+06
-7.035189662952169520e+00,1.428485327924275516e+00,2.730389622787577242e+00,6.610132702292833562e-01,8.500000000000000611e-02,3.000000000000000000e+00,5.142701720558476634e+06
-6.707612336341670201e+00,1.726212138323233836e+00,2.532094243694693159e+00,3.410379048096446875e-01,8.500000000000000611e-02,3.000000000000000000e+00,5.142701720558476634e+06
-6.574898200373819002e+00,1.823118775276755255e+00,2.405894328596045462e+00,1.082235362504101184e-01,8.500000000000000611e-02,3.000000000000000000e+00,5.142701720558476634e+06
-6.173095329611239634e+00,1.221589619778621794e+00,1.389734687852834050e+00,1.671119429270706558e-01,8.500000000000000611e-02,3.000000000000000000e+00,5.142701720558476634e+06
-6.186701656589029596e+00,1.922086395202548648e+00,2.123215792947844349e+00,1.453265297416981294e-01,8.500000000000000611e-02,3.000000000000000000e+00,5.142701720558476634e+06
-6.495902551717725792e+00,2.626345315554883708e+00,3.264866660042028190e+00,4.959152520280614151e-01,8.500000000000000611e-02,3.000000000000000000e+00,5.142701720558476634e+06
-6.500157693811376092e+00,2.815280823188773596e+00,3.487020373375379290e+00,5.475202492733198811e-01,8.500000000000000611e-02,3.000000000000000000e+00,5.142701720558476634e+06
-6.447310789947123588e+00,2.528542317214038437e+00,3.000255869197611780e+00,4.039332648320026475e-01,8.500000000000000611e-02,3.000000000000000000e+00,5.142701720558476634e+06
-5.841881191940435869e+00,2.440500898980331179e+00,2.245391298180202000e+00,1.438381968423677604e-01,8.500000000000000611e-02,3.000000000000000000e+00,5.142701720558476634e+06
-5.866405092316102632e+00,2.482132550251932468e+00,2.240769200561815389e+00,9.113669594638211524e-03,8.500000000000000611e-02,3.000000000000000000e+00,5.142701720558476634e+06
-5.211030071132810804e+00,2.551724227222540442e+00,1.603800537482324318e+00,-1.692583472014526635e-01,8.500000000000000611e-02,3.000000000000000000e+00,5.142701720558476634e+06
-5.825408299530613121e+00,2.870974064016509786e+00,2.534908887455234350e+00,-8.635670655136737373e-02,8.500000000000000611e-02,3.000000000000000000e+00,5.142701720558476634e+06
-5.825408299530613121e+00,2.870974064016509786e+00,2.534908887455234350e+00,-8.635670655136737373e-02,8.500000000000000611e-02,3.000000000000000000e+00,5.142701720558476634e+06
-5.870961429377778096e+00,2.917225539902562836e+00,2.636313897426958874e+00,-6.195247212591992181e-02,8.500000000000000611e-02,3.000000000000000000e+00,5.142701720558476634e+06
-5.872194355854280623e+00,2.898572676607185095e+00,2.620233339645877901e+00,-6.251681912750169101e-02,8.500000000000000611e-02,3.000000000000000000e+00,5.142701720558476634e+06
-5.867473391839790331e+00,1.592179859166116707e+00,1.383512985186539535e+00,-6.751227888031730018e-02,8.500000000000000611e-02,3.000000000000000000e+00,5.142701720558476634e+06
-5.170449497005866313e+00,9.335939639080801378e-01,-4.979050077801283614e-02,-2.063935951223190013e-01,8.500000000000000611e-02,3.000000000000000000e+00,5.142701720558476634e+06
-5.696156202566907467e+00,1.580672737159776853e+00,1.071684099050680850e+00,-2.946761453960859978e-01,8.500000000000000611e-02,3.000000000000000000e+00,5.142701720558476634e+06
-4.998472459628984232e+00,1.816847321243568514e+00,6.030979014107971103e-01,-1.100862377743660747e-01,8.500000000000000611e-02,3.000000000000000000e+00,5.142701720558476634e+06
-4.787903123988036747e+00,1.902473463974418522e+00,3.921244102442976720e-01,-3.042746447634691043e-01,8.500000000000000611e-02,3.000000000000000000e+00,5.142701720558476634e+06
-5.285368843735454902e+00,1.154859393883991281e+00,3.407321485541965345e-01,-3.563454328734338983e-02,8.500000000000000611e-02,3.000000000000000000e+00,5.142701720558476634e+06
-5.409969363696543354e+00,1.804358577350166026e+00,1.061100876411186889e+00,-8.491853132754677291e-02,8.500000000000000611e-02,3.000000000000000000e+00,5.142701720558476634e+06
-5.126079442756259041e+00,9.921701252660758419e-01,-6.936935645756014956e-02,-1.935099027716496445e-01,8.500000000000000611e-02,3.000000000000000000e+00,5.142701720558476634e+06
-5.363957928864771851e+00,2.514667104657602792e+00,1.675303692093804475e+00,-2.512129369473320439e-01,8.500000000000000611e-02,3.000000000000000000e+00,5.142701720558476634e+06
-5.499517087986466102e+00,2.123735307255686600e+00,1.468587033622858362e+00,-1.441159965095093476e-01,8.500000000000000611e-02,3.000000000000000000e+00,5.142701720558476634e+06
-7.109824139008144250e+00,2.192486988680636628e+00,3.343783547597532824e+00,3.543194697755721601e-01,8.500000000000000611e-02,3.000000000000000000e+00,5.142701720558476634e+06
-6.859398146604188895e+00,2.177842528373548525e+00,3.055823112979480172e+00,2.319938869506067425e-01,8.500000000000000611e-02,3.000000000000000000e+00,5.142701720558476634e+06
-6.776421262665064837e+00,2.189267867469305351e+00,2.887137498110704303e+00,-1.750190210638311594e-01,8.500000000000000611e-02,3.000000000000000000e+00,5.142701720558476634e+06
-6.235332455155997877e+00,2.900902936902602924e+00,2.952686063604641475e+00,-7.913540563432613917e-02,8.500000000000000611e-02,3.000000000000000000e+00,5.142701720558476634e+06
-6.410063815985178159e+00,2.590099793633838576e+00,3.022488469722238502e+00,1.890356988431284302e-01,8.500000000000000611e-02,3.000000000000000000e+00,5.142701720558476634e+06
-6.594717358712884447e+00,2.427353906681259499e+00,3.075970349826855355e+00,2.671696373299572991e-01,8.500000000000000611e-02,3.000000000000000000e+00,5.142701720558476634e+06
-6.635428075985158713e+00,2.300412694101778399e+00,2.987661078777521073e+00,1.604787041384820867e-01,8.500000000000000611e-02,3.000000000000000000e+00,5.142701720558476634e+06
-6.251302791231198697e+00,2.963135682666339754e+00,2.952285906554945605e+00,-3.327278486686869874e-01,8.500000000000000611e-02,3.000000000000000000e+00,5.142701720558476634e+06
-6.144325844113769364e+00,1.755400680907713173e+00,1.788855883989865614e+00,-1.274190973215748590e-01,8.500000000000000611e-02,3.000000000000000000e+00,5.142701720558476634e+06
-5.766120500151103556e+00,2.188000678607111116e+00,1.531268401245374555e+00,-7.463661824422662683e-01,8.500000000000000611e-02,3.000000000000000000e+00,5.142701720558476634e+06
-6.018105702889197772e+00,1.822001633963021172e+00,1.664961799934301379e+00,-2.717061763231231053e-01,8.500000000000000611e-02,3.000000000000000000e+00,5.142701720558476634e+06
-6.276306960919716182e+00,2.018669786951238887e+00,2.151519029114468573e+00,-2.167174363113709146e-01,8.500000000000000611e-02,3.000000000000000000e+00,5.142701720558476634e+06
-5.676636706062238247e+00,1.769600533411362697e+00,1.303854521526087051e+00,-1.396324930620098659e-01,8.500000000000000611e-02,3.000000000000000000e+00,5.142701720558476634e+06
-5.325591482915454478e+00,1.946242175597141966e+00,1.069057575860570486e+00,-1.953305431176211859e-01,8.500000000000000611e-02,3.000000000000000000e+00,5.142701720558476634e+06
-5.360002644952720274e+00,2.750666827073794174e+00,1.935182048367987795e+00,-2.465034337993782243e-02,8.500000000000000611e-02,3.000000000000000000e+00,5.142701720558476634e+06
-5.821570437245160434e+00,2.820535458018703867e+00,2.435426151814732876e+00,-3.431097219248870900e-01,8.500000000000000611e-02,3.000000000000000000e+00,5.142701720558476634e+06
-5.967569549002938345e+00,2.897778255628617572e+00,2.767114549748003416e+00,-5.207187292330783812e-02,8.500000000000000611e-02,3.000000000000000000e+00,5.142701720558476634e+06
-6.089848204195226877e+00,2.854821763789288536e+00,2.832872868734403138e+00,-8.133560048577939683e-02,8.500000000000000611e-02,3.000000000000000000e+00,5.142701720558476634e+06
-6.115203939387978238e+00,2.887840681170668944e+00,2.923366202749734910e+00,-3.413783601848572463e-02,8.500000000000000611e-02,3.000000000000000000e+00,5.142701720558476634e+06
-6.115203939387978238e+00,2.887840681170668944e+00,2.923366202749734910e+00,-3.413783601848572463e-02,8.500000000000000611e-02,3.000000000000000000e+00,5.142701720558476634e+06
-6.000712714229678113e+00,2.808462803853269740e+00,2.734429974620766313e+00,2.485356252309101066e-02,8.500000000000000611e-02,3.000000000000000000e+00,5.142701720558476634e+06
-6.026374413050477052e+00,2.752750354088169260e+00,2.658878870400159578e+00,-7.995986716298375541e-02,8.500000000000000611e-02,3.000000000000000000e+00,5.142701720558476634e+06
-5.360759171219871888e+00,1.458287664068073974e+00,6.139756352151364283e-01,-2.962202716438866457e-01,8.500000000000000611e-02,3.000000000000000000e+00,5.142701720558476634e+06
-5.555420675379002304e+00,1.480967101675791264e+00,8.044320964546614050e-01,-3.574063917373095922e-01,8.500000000000000611e-02,3.000000000000000000e+00,5.142701720558476634e+06
-5.483076171069930282e+00,2.335635511781250617e+00,1.459060350984650256e+00,-5.206917689911638725e-01,8.500000000000000611e-02,3.000000000000000000e+00,5.142701720558476634e+06
-5.787595881511557572e+00,1.794614704786275494e+00,1.357937123086973674e+00,-3.424184589866916539e-01,8.500000000000000611e-02,3.000000000000000000e+00,5.142701720558476634e+06
-6.340006894190070241e+00,1.644895515714331902e+00,1.819020746702572744e+00,-2.902255317992753492e-01,8.500000000000000611e-02,3.000000000000000000e+00,5.142701720558476634e+06
-6.097276393015535589e+00,1.723597402084247499e+00,1.521377235037680187e+00,-5.517427853992628028e-01,8.500000000000000611e-02,3.000000000000000000e+00,5.142701720558476634e+06
-5.923304456138791529e+00,2.010079785259490492e+00,1.581779669137043820e+00,-5.247141075972128199e-01,8.500000000000000611e-02,3.000000000000000000e+00,5.142701720558476634e+06
-6.412766647067385861e+00,1.190316319281128576e+00,1.368575647914722637e+00,-3.155085098537350197e-01,8.500000000000000611e-02,3.000000000000000000e+00,5.142701720558476634e+06
-6.924612437464380932e+00,1.091217276851121909e+00,1.763088051376512588e+00,-3.794035872884237715e-01,8.500000000000000611e-02,3.000000000000000000e+00,5.142701720558476634e+06
-5.852677601836813182e+00,1.852137603267840049e+00,1.324558646550991536e+00,-1.409257690729230905e+00,8.500000000000000611e-02,3.000000000000000000e+00,5.142701720558476634e+06
-5.986754921511854732e+00,1.429488281676371431e+00,9.813786384837496213e-01,-1.921298537818759922e+00,8.500000000000000611e-02,3.000000000000000000e+00,5.142701720558476634e+06
-6.226218196597635313e+00,1.575079915226879290e+00,1.397842863761307175e+00,-1.963477547541515378e+00,8.500000000000000611e-02,3.000000000000000000e+00,5.142701720558476634e+06
-6.593728827176611240e+00,2.204925369629257670e+00,2.465681310405448468e+00,-1.108274639428534991e+00,8.500000000000000611e-02,3.000000000000000000e+00,5.142701720558476634e+06
-6.280789580204396927e+00,2.209128441502996587e+00,2.060974945319415941e+00,-2.025443357305228176e+00,8.500000000000000611e-02,3.000000000000000000e+00,5.142701720558476634e+06
-6.742114135630311367e+00,2.335541587470344904e+00,2.672678402925557251e+00,-1.857845594796956323e+00,8.500000000000000611e-02,3.000000000000000000e+00,5.142701720558476634e+06
-6.566685844759448720e+00,2.273446900836733064e+00,2.457003785652880801e+00,-1.677743748141700575e+00,8.500000000000000611e-02,3.000000000000000000e+00,5.142701720558476634e+06
-6.436207720643603025e+00,2.042463455255414395e+00,2.023042084332749013e+00,-2.510086270931068508e+00,8.500000000000000611e-02,3.000000000000000000e+00,5.142701720558476634e+06
-7.053377995423915969e+00,1.220472526191791918e+00,1.946210972887629564e+00,-2.443989192901593110e+00,8.500000000000000611e-02,3.000000000000000000e+00,5.142701720558476634e+06
-6.297822326862630327e+00,1.646115842985029776e+00,1.539440963690871023e+00,-2.828989828969095122e+00,8.500000000000000611e-02,3.000000000000000000e+00,5.142701720558476634e+06
-6.442811630029680714e+00,1.735095681240274690e+00,1.780043261875702498e+00,-2.960002019062511369e+00,8.500000000000000611e-02,3.000000000000000000e+00,5.142701720558476634e+06
-6.158654090511108237e+00,2.053376183206885308e+00,2.238487509947031384e+00,2.466328735712637332e-01,8.500000000000000611e-02,3.000000000000000000e+00,5.142701720558476634e+06
-6.521789492443682335e+00,2.325419475162033400e+00,2.899730664033002281e+00,3.146258349618373806e-01,8.500000000000000611e-02,3.000000000000000000e+00,5.142701720558476634e+06
-6.623994264383272323e+00,2.899725016306977210e+00,3.546409925892031190e+00,2.090513666666774517e-01,8.500000000000000611e-02,3.000000000000000000e+00,5.142701720558476634e+06
-5.983320435295517825e+00,2.897058046798540509e+00,2.755606639305153927e+00,-9.854648959053405322e-02,8.500000000000000611e-02,3.000000000000000000e+00,5.142701720558476634e+06
-5.702915282894269744e+00,2.753709451105763151e+00,2.275328312299503164e+00,-2.159057593969715971e-01,8.500000000000000611e-02,3.000000000000000000e+00,5.142701720558476634e+06
-5.940862284470227017e+00,2.687497879880833551e+00,2.404210706113776741e+00,-3.718743299351329190e-01,8.500000000000000611e-02,3.000000000000000000e+00,5.142701720558476634e+06
-6.405246670852315916e+00,2.138307624610885860e+00,2.336908686703318416e+00,-1.609145401050717794e-01,8.500000000000000611e-02,3.000000000000000000e+00,5.142701720558476634e+06
-6.116649718705503780e+00,2.613844670364393163e+00,2.520156845571966731e+00,-1.939079270704795743e-01,8.500000000000000611e-02,3.000000000000000000e+00,5.142701720558476634e+06
-6.467150679054661566e+00,2.712867758405168583e+00,2.955185334437268274e+00,-1.502600348326462720e-01,8.500000000000000611e-02,3.000000000000000000e+00,5.142701720558476634e+06
-7.183373879695088782e+00,2.881909068254158157e+00,3.998199192665548907e+00,1.967576284330337100e-01,8.500000000000000611e-02,3.000000000000000000e+00,5.142701720558476634e+06
-6.379669187604446456e+00,2.294424054550286751e+00,2.510486605739338462e+00,-9.526932182835817775e-03,8.500000000000000611e-02,3.000000000000000000e+00,5.142701720558476634e+06
-5.756309583320962986e+00,2.011231573370897863e+00,1.598233694513451653e+00,-9.741024363025335697e-02,8.500000000000000611e-02,3.000000000000000000e+00,5.142701720558476634e+06
-5.975110527183753462e+00,9.599726141110007660e-01,8.654954074636603822e-01,5.698302950430883529e-02,8.500000000000000611e-02,3.000000000000000000e+00,5.142701720558476634e+06
-6.772306302973014169e+00,1.681834312194762759e+00,2.159520300362319123e+00,-4.075262608908865047e-01,8.500000000000000611e-02,3.000000000000000000e+00,5.142701720558476634e+06
-6.157109458032076432e+00,2.293706833280971580e+00,2.214305440488096188e+00,-2.838929562713861099e-01,8.500000000000000611e-02,3.000000000000000000e+00,5.142701720558476634e+06
-6.425741998242480157e+00,1.342236691747633159e+00,1.645522342267796922e+00,7.146303565070177832e-02,8.500000000000000611e-02,3.000000000000000000e+00,5.142701720558476634e+06
-6.063741490886821239e+00,1.324672642505070330e+00,1.271314219272879464e+00,8.020707767015838180e-03,8.500000000000000611e-02,3.000000000000000000e+00,5.142701720558476634e+06
-6.513267547516251810e+00,1.393313998899690542e+00,1.854891006270009690e+00,-5.375828496979724591e-02,8.500000000000000611e-02,3.000000000000000000e+00,5.142701720558476634e+06
-6.308270742861925129e+00,2.560774967461653784e+00,2.709360631350210546e+00,-8.500246142769432578e-02,8.500000000000000611e-02,3.000000000000000000e+00,5.142701720558476634e+06
-5.798102582288831464e+00,2.621744965170466735e+00,2.277658677904426554e+00,-1.871795798094617602e-01,8.500000000000000611e-02,3.000000000000000000e+00,5.142701720558476634e+06
-6.717574371728873395e+00,2.448322375190401967e+00,3.134342180620860674e+00,2.308709008299805743e-02,8.500000000000000611e-02,3.000000000000000000e+00,5.142701720558476634e+06
-6.047955777108312780e+00,1.382617328775420429e+00,1.306481254523225832e+00,-1.000044697578988395e-01,8.500000000000000611e-02,3.000000000000000000e+00,5.142701720558476634e+06
-5.946515578223089626e+00,1.249082696085675348e+00,1.083347039304698445e+00,4.149246907764778114e-02,8.500000000000000611e-02,3.000000000000000000e+00,5.142701720558476634e+06
-5.953493073399315882e+00,1.407378369244898231e+00,1.241251408607161322e+00,7.705092713653187431e-02,8.500000000000000611e-02,3.000000000000000000e+00,5.142701720558476634e+06
-6.371818912340055263e+00,1.399403240556060801e+00,1.736101782267279070e+00,1.452225662238377790e-01,8.500000000000000611e-02,3.000000000000000000e+00,5.142701720558476634e+06
-5.772317880403839752e+00,2.237252783117261945e+00,1.723016304854312786e+00,-5.193672009598064854e-01,8.500000000000000611e-02,3.000000000000000000e+00,5.142701720558476634e+06
-5.904011282284149509e+00,2.237554160665067293e+00,1.868190265147592344e+00,-4.976398540059806530e-01,8.500000000000000611e-02,3.000000000000000000e+00,5.142701720558476634e+06
-6.279421677318306472e+00,2.693384474184968624e+00,2.520547712267118268e+00,-1.193172060475006457e+00,8.500000000000000611e-02,3.000000000000000000e+00,5.142701720558476634e+06
-6.238936727619011968e+00,2.722272471548738082e+00,2.541046954182096584e+00,-7.679723894199224077e-01,8.500000000000000611e-02,3.000000000000000000e+00,5.142701720558476634e+06
-6.084645925979257797e+00,2.232785402638417072e+00,1.864074862188812798e+00,-8.941120452272171004e-01,8.500000000000000611e-02,3.000000000000000000e+00,5.142701720558476634e+06
-5.159807528243143260e+00,2.542204949857774565e+00,1.298891218098298328e+00,-6.646159468785334257e-01,8.500000000000000611e-02,3.000000000000000000e+00,5.142701720558476634e+06
-5.532441175179251047e+00,2.512962639495522232e+00,1.713101267228027025e+00,-5.199025500038574332e-01,8.500000000000000611e-02,3.000000000000000000e+00,5.142701720558476634e+06
-5.464463081256790922e+00,2.770976802848702736e+00,1.858764950830240625e+00,-5.029587966439267310e-01,8.500000000000000611e-02,3.000000000000000000e+00,5.142701720558476634e+06
-5.727627828375967844e+00,1.624769204064835604e+00,9.139793358225576370e-01,-7.924755665206539845e-01,8.500000000000000611e-02,3.000000000000000000e+00,5.142701720558476634e+06
-6.732833596248709362e+00,5.855475541692634067e-01,8.491164404412239186e-01,-1.572748797195669734e+00,8.500000000000000611e-02,3.000000000000000000e+00,5.142701720558476634e+06
-6.828367594686364228e+00,1.264147880136399671e+00,1.797132050148701587e+00,-9.611111053158193362e-01,8.500000000000000611e-02,3.000000000000000000e+00,5.142701720558476634e+06
-6.305724793214318780e+00,1.095597277986052998e+00,1.126609751239679325e+00,-5.719022282779178123e-01,8.500000000000000611e-02,3.000000000000000000e+00,5.142701720558476634e+06
-5.938660199076355006e+00,9.169983967495303201e-01,9.050697689400417634e-01,2.659377415748456208e-01,8.500000000000000611e-02,3.000000000000000000e+00,5.142701720558476634e+06
-6.641441996946497284e+00,1.360100703643666753e+00,2.021664845747084271e+00,1.480067652883967633e-01,8.500000000000000611e-02,3.000000000000000000e+00,5.142701720558476634e+06
-7.092203919892941855e+00,1.452770598801583102e+00,2.626820908345214534e+00,2.724397144756010025e-01,8.500000000000000611e-02,3.000000000000000000e+00,5.142701720558476634e+06
-6.537618188332466218e+00,1.242828787411337288e+00,1.721520043346754791e+00,1.573459199723600821e-02,8.500000000000000611e-02,3.000000000000000000e+00,5.142701720558476634e+06
-5.880976722707042192e+00,1.280073442287671170e+00,9.793746752204552930e-01,-2.407558904004946654e-01,8.500000000000000611e-02,3.000000000000000000e+00,5.142701720558476634e+06
-6.250026412820834487e+00,1.896671087638040376e+00,1.984814975066776732e+00,-1.378953081373334166e-01,8.500000000000000611e-02,3.000000000000000000e+00,5.142701720558476634e+06
-5.967618839905410866e+00,2.688488111372852707e+00,2.356623842816059078e+00,-5.089184101413626315e-01,8.500000000000000611e-02,3.000000000000000000e+00,5.142701720558476634e+06
-6.174254495296663592e+00,2.887615314935469968e+00,2.826803973192776986e+00,-2.216043686189106410e-01,8.500000000000000611e-02,3.000000000000000000e+00,5.142701720558476634e+06
-6.386403846722782163e+00,2.799985935806700965e+00,2.814321771767708924e+00,-6.386521899891934861e-01,8.500000000000000611e-02,3.000000000000000000e+00,5.142701720558476634e+06
-6.161677897635445156e+00,2.222740077203512854e+00,2.039715405992519770e+00,-6.348391818812183507e-01,8.500000000000000611e-02,3.000000000000000000e+00,5.142701720558476634e+06
-6.648596747069497326e+00,1.954777536884625855e+00,2.528618830537805451e+00,1.381450120048932639e-01,8.500000000000000611e-02,3.000000000000000000e+00,5.142701720558476634e+06
-7.004925517378898903e+00,2.509625326196704087e+00,3.370086084234483526e+00,-1.082720215717667411e-01,8.500000000000000611e-02,3.000000000000000000e+00,5.142701720558476634e+06
-6.478279399763807511e+00,1.688309760946526072e+00,2.086310980873923082e+00,8.428586637668730730e-02,8.500000000000000611e-02,3.000000000000000000e+00,5.142701720558476634e+06
-6.739315606216437438e+00,1.520481789298029796e+00,2.213718608785716135e+00,1.088603119243863049e-01,8.500000000000000611e-02,3.000000000000000000e+00,5.142701720558476634e+06
-6.791146473795183880e+00,1.493221606773080357e+00,2.236914058191115551e+00,3.131065167802032922e-02,8.500000000000000611e-02,3.000000000000000000e+00,5.142701720558476634e+06
-7.525579253242105970e+00,2.440708850201707580e+00,3.907351765889352180e+00,1.319107003080881302e-01,8.500000000000000611e-02,3.000000000000000000e+00,5.142701720558476634e+06
-6.944228588082916431e+00,2.202670776156357757e+00,3.249433708165644141e+00,3.698035934630237165e-01,8.500000000000000611e-02,3.000000000000000000e+00,5.142701720558476634e+06
-5.645738598472922476e+00,1.806160115457250193e+00,1.316102962772966789e+00,-1.322503313019870452e-01,8.500000000000000611e-02,3.000000000000000000e+00,5.142701720558476634e+06
-5.983736536902732439e+00,6.880072582461262964e-01,7.283013489303582499e-01,7.843775674004171972e-02,8.500000000000000611e-02,3.000000000000000000e+00,5.142701720558476634e+06
-5.761669106671376994e+00,7.707589221327741935e-01,5.079919078979568958e-01,-7.202900191088568160e-02,8.500000000000000611e-02,3.000000000000000000e+00,5.142701720558476634e+06
-5.628182591723994932e+00,2.630907390220462272e+00,2.065646632762898172e+00,-2.320128584202674205e-02,8.500000000000000611e-02,3.000000000000000000e+00,5.142701720558476634e+06
-5.588400216165316792e+00,2.857888901895301093e+00,2.275732194524110685e+00,-1.743584628701844164e-02,8.500000000000000611e-02,3.000000000000000000e+00,5.142701720558476634e+06
-5.550254872160615527e+00,2.982641851494967078e+00,2.323176946649670782e+00,-9.225073025699973006e-02,8.500000000000000611e-02,3.000000000000000000e+00,5.142701720558476634e+06
-5.651079715981686569e+00,2.813834436682975948e+00,2.240448527321607486e+00,-1.662599178853648718e-01,8.500000000000000611e-02,3.000000000000000000e+00,5.142701720558476634e+06
-6.405107040076968516e+00,1.827968960760665729e+00,2.304145589667056182e+00,2.539109552741287135e-01,8.500000000000000611e-02,3.000000000000000000e+00,5.142701720558476634e+06
-6.494977243316720106e+00,1.318077673222075585e+00,1.855625693265209319e+00,2.156425968124353054e-01,8.500000000000000611e-02,3.000000000000000000e+00,5.142701720558476634e+06
-6.714400194360388596e+00,1.401749548624794173e+00,2.097001445715992229e+00,4.613340722211245470e-02,8.500000000000000611e-02,3.000000000000000000e+00,5.142701720558476634e+06
-6.438393066643324225e+00,1.476232412233860147e+00,2.040770542222700712e+00,4.209744155901145035e-01,8.500000000000000611e-02,3.000000000000000000e+00,5.142701720558476634e+06
-5.861225680358632673e+00,7.852309570003649375e-01,5.914337691119868623e-01,-1.304528860514872490e-02,8.500000000000000611e-02,3.000000000000000000e+00,5.142701720558476634e+06
-5.813270846915755463e+00,4.247959943889467738e-01,2.393639286788098453e-01,3.096101021103747630e-02,8.500000000000000611e-02,3.000000000000000000e+00,5.142701720558476634e+06
-6.264055015692893136e+00,1.129737237481476253e+00,1.334952605969669026e+00,-4.825685904668150505e-02,8.500000000000000611e-02,3.000000000000000000e+00,5.142701720558476634e+06
-6.695205219412759590e+00,1.474590848753536410e+00,2.255331232362246308e+00,2.728487186857145308e-01,8.500000000000000611e-02,3.000000000000000000e+00,5.142701720558476634e+06
-6.140532612328795992e+00,1.775294278361519096e+00,1.952976912258898023e+00,3.122250547103461171e-01,8.500000000000000611e-02,3.000000000000000000e+00,5.142701720558476634e+06
-5.877832741356494139e+00,1.044862133123917403e+00,1.036397852657511054e+00,4.763875675784848829e-01,8.500000000000000611e-02,3.000000000000000000e+00,5.142701720558476634e+06
-5.510269685870057721e+00,1.163965774093053573e+00,5.646438687447952187e-01,6.974339611313912224e-03,8.500000000000000611e-02,3.000000000000000000e+00,5.142701720558476634e+06
-5.458407581724287638e+00,1.268466137157811424e+00,6.655714285445433198e-01,8.462368981530229983e-02,8.500000000000000611e-02,3.000000000000000000e+00,5.142701720558476634e+06
-5.716078338108172119e+00,1.473686632950916842e+00,1.048747287977749298e+00,-2.523474988415086440e-01,8.500000000000000611e-02,3.000000000000000000e+00,5.142701720558476634e+06
-5.525211366550638381e+00,2.712460605736393138e+00,1.995505271986994345e+00,-2.349846492842065926e-01,8.500000000000000611e-02,3.000000000000000000e+00,5.142701720558476634e+06
-5.709282776485101962e+00,2.393250698792428910e+00,1.827784291978602926e+00,-4.954259090427484691e-01,8.500000000000000611e-02,3.000000000000000000e+00,5.142701720558476634e+06
-5.895989581617161690e+00,2.707627001381181842e+00,2.333895417636768777e+00,-2.999061000261104559e-01,8.500000000000000611e-02,3.000000000000000000e+00,5.142701720558476634e+06
-6.261299548124616976e+00,1.992034276309411656e+00,2.183017347745979109e+00,1.134539801444356955e-01,8.500000000000000611e-02,3.000000000000000000e+00,5.142701720558476634e+06
-5.839639790449590251e+00,1.975652616442629350e+00,1.653027468050940918e+00,-3.624382450436242076e-02,8.500000000000000611e-02,3.000000000000000000e+00,5.142701720558476634e+06
-5.154175929030835768e+00,6.586239887664699921e-01,-4.690582560670635281e-01,-5.087222546082870167e-01,8.500000000000000611e-02,3.000000000000000000e+00,5.142701720558476634e+06
-5.457759751501502166e+00,1.873376154089259060e+00,1.086558888543098123e+00,-3.755258641338624637e-01,8.500000000000000611e-02,3.000000000000000000e+00,5.142701720558476634e+06
-5.332943858993032471e+00,1.455254048609251338e+00,5.123034743990735329e-01,-4.133645958183979618e-01,8.500000000000000611e-02,3.000000000000000000e+00,5.142701720558476634e+06
-5.628810818336772215e+00,2.390106607236571534e+00,1.750249954083380022e+00,-3.673734694407454482e-01,8.500000000000000611e-02,3.000000000000000000e+00,5.142701720558476634e+06
-5.632386716523416936e+00,2.498763369218210073e+00,1.924681441424553663e+00,-2.195028660081144167e-02,8.500000000000000611e-02,3.000000000000000000e+00,5.142701720558476634e+06
-5.704750179102892282e+00,2.149940151930884280e+00,1.675909357980633452e+00,-2.431554111058911727e-02,8.500000000000000611e-02,3.000000000000000000e+00,5.142701720558476634e+06
-5.665713681453907746e+00,1.985500809746324924e+00,1.485385377738109414e+00,-8.534783867778650279e-02,8.500000000000000611e-02,3.000000000000000000e+00,5.142701720558476634e+06
-5.699945089294583767e+00,1.369174971077467440e+00,9.470858730109517065e-01,7.127509085294947075e-03,8.500000000000000611e-02,3.000000000000000000e+00,5.142701720558476634e+06
-5.423329069349330567e+00,1.032642868700448746e+00,4.158893892191022346e-01,-2.265997635678267813e-02,8.500000000000000611e-02,3.000000000000000000e+00,5.142701720558476634e+06
-5.250441802800569491e+00,1.650301608564701317e+00,7.234340571521045149e-01,-3.171628785900083569e-01,8.500000000000000611e-02,3.000000000000000000e+00,5.142701720558476634e+06
-5.305669647179321657e+00,1.700057611315276995e+00,8.011248444572947047e-01,-3.168719317893528009e-01,8.500000000000000611e-02,3.000000000000000000e+00,5.142701720558476634e+06
-5.407690133185200310e+00,2.796920821289698544e+00,1.836173033960572631e+00,-5.815834211265942244e-01,8.500000000000000611e-02,3.000000000000000000e+00,5.142701720558476634e+06
-5.437110111225503140e+00,1.963141094746864823e+00,1.083952549355047701e+00,-6.076364605181454603e-01,8.500000000000000611e-02,3.000000000000000000e+00,5.142701720558476634e+06
-5.616275359984109095e+00,1.764843425315729242e+00,9.841780652735528934e-01,-8.889297392497453876e-01,8.500000000000000611e-02,3.000000000000000000e+00,5.142701720558476634e+06
-5.709553304565378795e+00,1.527638254701410236e+00,1.076738713377210166e+00,-2.289057904594613557e-01,8.500000000000000611e-02,3.000000000000000000e+00,5.142701720558476634e+06
-6.367336444929985184e+00,8.014791706884152322e-01,1.177474837544096653e+00,1.441356085789528008e-01,8.500000000000000611e-02,3.000000000000000000e+00,5.142701720558476634e+06
-6.186923056508396357e+00,1.069356573945588584e+00,1.167216126458644254e+00,-1.645157617314829956e-01,8.500000000000000611e-02,3.000000000000000000e+00,5.142701720558476634e+06
-5.566102857753596034e+00,9.361998299443267113e-01,4.171553221115568144e-01,-7.970382928406533063e-02,8.500000000000000611e-02,3.000000000000000000e+00,5.142701720558476634e+06
-5.175681118460144781e+00,1.298951035443957069e+00,3.613679196241446068e-01,-1.640222800112227097e-01,8.500000000000000611e-02,3.000000000000000000e+00,5.142701720558476634e+06
-4.830737099151718894e+00,1.621562859757752495e+00,2.209888283058301095e-01,-1.536218342347950294e-01,8.500000000000000611e-02,3.000000000000000000e+00,5.142701720558476634e+06
-5.772747344453988738e+00,1.514893443109828652e+00,1.177066239544763082e+00,5.817425325832698002e-02,8.500000000000000611e-02,3.000000000000000000e+00,5.142701720558476634e+06
-6.222294609016454814e+00,1.778215777123323127e+00,1.918812949680356317e+00,1.327759583992486614e-01,8.500000000000000611e-02,3.000000000000000000e+00,5.142701720558476634e+06
-5.709835071265476181e+00,2.052995382169070293e+00,1.541740831405536305e+00,-2.172790592021144884e-01,8.500000000000000611e-02,3.000000000000000000e+00,5.142701720558476634e+06
-5.801139653144962161e+00,1.814651644139253284e+00,1.380317236262709635e+00,-2.293110146637182267e-01,8.500000000000000611e-02,3.000000000000000000e+00,5.142701720558476634e+06
-5.267699455182068391e+00,2.735596973522134157e+00,1.973330932458527309e+00,2.049620054504330824e-01,8.500000000000000611e-02,3.000000000000000000e+00,5.142701720558476634e+06
-6.055209180849927542e+00,2.205812646903528407e+00,2.240482060675216935e+00,1.226570465504378815e-01,8.500000000000000611e-02,3.000000000000000000e+00,5.142701720558476634e+06
-6.115505864116211221e+00,2.854923302140297547e+00,3.028787773306893527e+00,3.755746320310073827e-01,8.500000000000000611e-02,3.000000000000000000e+00,5.142701720558476634e+06
-5.728072805115198562e+00,1.815127392732598821e+00,1.421980591482245870e+00,-8.537805446920704311e-02,8.500000000000000611e-02,3.000000000000000000e+00,5.142701720558476634e+06
-5.407496557560769190e+00,1.599921178762753193e+00,8.775821725791960182e-01,-2.468643900664149182e-01,8.500000000000000611e-02,3.000000000000000000e+00,5.142701720558476634e+06
-5.363864866294869138e+00,2.121985159541592836e+00,1.086162660267716351e+00,-6.951251847569487330e-01,8.500000000000000611e-02,3.000000000000000000e+00,5.142701720558476634e+06
-5.628938844891714588e+00,2.083337002834883656e+00,1.399483435576616364e+00,-4.869021865129991578e-01,8.500000000000000611e-02,3.000000000000000000e+00,5.142701720558476634e+06
-5.833140849963381669e+00,2.085171875912962935e+00,1.692039053705329366e+00,-3.403028237873705342e-01,8.500000000000000611e-02,3.000000000000000000e+00,5.142701720558476634e+06
-6.300812970281815417e+00,2.979852781350309066e+00,3.120068113821809597e+00,-2.783999598161488453e-01,8.500000000000000611e-02,3.000000000000000000e+00,5.142701720558476634e+06
-6.129355801557229810e+00,2.536667008022043035e+00,2.509422208724422898e+00,-2.318449678930620816e-01,8.500000000000000611e-02,3.000000000000000000e+00,5.142701720558476634e+06
-5.920831783047167285e+00,2.268426438936207212e+00,2.020286706475546978e+00,-2.851421153755169247e-01,8.500000000000000611e-02,3.000000000000000000e+00,5.142701720558476634e+06
-6.370609966937053059e+00,1.855282184151631819e+00,2.067781060421483907e+00,-2.157770180420023332e-01,8.500000000000000611e-02,3.000000000000000000e+00,5.142701720558476634e+06
-6.355091784917141773e+00,2.173407782681870959e+00,2.345438898337709244e+00,-1.910880297136443029e-01,8.500000000000000611e-02,3.000000000000000000e+00,5.142701720558476634e+06
-5.981955699348249667e+00,2.011820431649013585e+00,1.824332423176853624e+00,-1.930394046927383922e-01,8.500000000000000611e-02,3.000000000000000000e+00,5.142701720558476634e+06
-5.942572200101334801e+00,9.098052083391692246e-01,7.564055149429418368e-01,-9.258189797563720624e-02,8.500000000000000611e-02,3.000000000000000000e+00,5.142701720558476634e+06
-5.723878562931761671e+00,1.568522932044898344e+00,1.171678443913408252e+00,-1.279899461566258445e-02,8.500000000000000611e-02,3.000000000000000000e+00,5.142701720558476634e+06
-6.146894075392512313e+00,1.170592332358717513e+00,1.101801397888035883e+00,-2.629520206051065290e-01,8.500000000000000611e-02,3.000000000000000000e+00,5.142701720558476634e+06
-6.367266404875174146e+00,1.314233502125989883e+00,1.431366055760390665e+00,-3.888731704087634578e-01,8.500000000000000611e-02,3.000000000000000000e+00,5.142701720558476634e+06
-6.810022865542050496e+00,1.194458440904748953e+00,1.703106018124177945e+00,-7.732134946486187710e-01,8.500000000000000611e-02,3.000000000000000000e+00,5.142701720558476634e+06
-6.201985136606392501e+00,1.694287294178862702e+00,1.640282081969943295e+00,-3.486472988522942296e-01,8.500000000000000611e-02,3.000000000000000000e+00,5.142701720558476634e+06
-5.966271061585333157e+00,2.568278287696546869e+00,2.265685352628829641e+00,-2.421816026674252775e-01,8.500000000000000611e-02,3.000000000000000000e+00,5.142701720558476634e+06
-6.564706445661656176e+00,2.824933581547926842e+00,3.063444911527564152e+00,-7.053079023489001731e-01,8.500000000000000611e-02,3.000000000000000000e+00,5.142701720558476634e+06
-6.240251644884529547e+00,2.113676283892328644e+00,2.281353820203757987e+00,-4.091593229808941634e-02,8.500000000000000611e-02,3.000000000000000000e+00,5.142701720558476634e+06
-6.346126275449575971e+00,2.761879875965558284e+00,3.112528755447025564e+00,8.760046921215666749e-02,8.500000000000000611e-02,3.000000000000000000e+00,5.142701720558476634e+06
-6.325683935671080782e+00,2.308037459704362693e+00,2.638070326007343702e+00,2.282213868767521414e-02,8.500000000000000611e-02,3.000000000000000000e+00,5.142701720558476634e+06
-6.202589028053965947e+00,2.724877122009345509e+00,2.941248541253230542e+00,1.310671081768968183e-01,8.500000000000000611e-02,3.000000000000000000e+00,5.142701720558476634e+06
-6.810954166218780692e+00,2.781189218734652524e+00,3.946232494261849855e+00,5.836757343668431686e-01,8.500000000000000611e-02,3.000000000000000000e+00,5.142701720558476634e+06
-6.810954166218780692e+00,2.781189218734652524e+00,3.946232494261849855e+00,5.836757343668431686e-01,8.500000000000000611e-02,3.000000000000000000e+00,5.142701720558476634e+06
-6.451606455550436436e+00,2.990462866086073479e+00,3.848315382060571999e+00,7.307430762308948502e-01,8.500000000000000611e-02,3.000000000000000000e+00,5.142701720558476634e+06
-6.214606700057341726e+00,1.536928076720548209e+00,1.865623558821966954e+00,2.497071331337456790e-01,8.500000000000000611e-02,3.000000000000000000e+00,5.142701720558476634e+06
-6.587099849617497505e+00,1.492547074473693280e+00,2.261691380155320896e+00,3.760711340212050668e-01,8.500000000000000611e-02,3.000000000000000000e+00,5.142701720558476634e+06
-6.391514618743070919e+00,1.383234474520551371e+00,1.836192262266780340e+00,8.984757725145053886e-02,8.500000000000000611e-02,3.000000000000000000e+00,5.142701720558476634e+06
-6.994056543448851748e+00,9.874668132478257032e-01,2.233549273664230839e+00,3.984349993793835920e-01,8.500000000000000611e-02,3.000000000000000000e+00,5.142701720558476634e+06
-6.701920568190158356e+00,2.125162084979840049e+00,2.865822970316319385e+00,1.655312135039992694e-01,8.500000000000000611e-02,3.000000000000000000e+00,5.142701720558476634e+06
-6.780706828323222801e+00,1.146366134746902743e+00,1.985936417145228505e+00,1.853054032246459482e-01,8.500000000000000611e-02,3.000000000000000000e+00,5.142701720558476634e+06
-5.745231572396090947e+00,1.410191996879839094e+00,1.024950440275077534e+00,-1.923328774050881984e-01,8.500000000000000611e-02,3.000000000000000000e+00,5.142701720558476634e+06
-5.485606842087977775e+00,1.871554949984268301e+00,1.176577696815167329e+00,-1.449656062713348126e-01,8.500000000000000611e-02,3.000000000000000000e+00,5.142701720558476634e+06
-5.858363353497577641e+00,1.524750221465990707e+00,1.237412675290010977e+00,-3.625979358762195237e-01,8.500000000000000611e-02,3.000000000000000000e+00,5.142701720558476634e+06
-5.348320436136746459e+00,1.813753760914817548e+00,9.421590945233428993e-01,-2.319570845319497143e-01,8.500000000000000611e-02,3.000000000000000000e+00,5.142701720558476634e+06
-5.236733234312142216e+00,1.923478154182598043e+00,8.064385923506243170e-01,-6.006047923883881534e-01,8.500000000000000611e-02,3.000000000000000000e+00,5.142701720558476634e+06
-5.342009830811726978e+00,1.782022497842810749e+00,8.857766255756246432e-01,-2.958308717402791665e-01,8.500000000000000611e-02,3.000000000000000000e+00,5.142701720558476634e+06
-4.791086555957562609e+00,1.914946538135543941e+00,2.958213143114689636e-01,-6.257959003020454603e-01,8.500000000000000611e-02,3.000000000000000000e+00,5.142701720558476634e+06
-5.495870202724069564e+00,2.073162116222782458e+00,1.361890177923952283e+00,-1.933353565257864282e-01,8.500000000000000611e-02,3.000000000000000000e+00,5.142701720558476634e+06
-5.400511165136675729e+00,1.069001068001460553e+00,3.074686415019725616e-01,-1.656131305598103065e-01,8.500000000000000611e-02,3.000000000000000000e+00,5.142701720558476634e+06
-4.952886817740690617e+00,9.738134752296915275e-01,-3.409230585330862429e-01,-3.075345487047903559e-01,8.500000000000000611e-02,3.000000000000000000e+00,5.142701720558476634e+06
-5.127849357557016319e+00,8.251764887399939408e-01,-1.162788255596354237e-01,-8.363260356073981550e-02,8.500000000000000611e-02,3.000000000000000000e+00,5.142701720558476634e+06
-5.127965958710985817e+00,8.276597530698581728e-01,-1.140842673050479483e-01,-8.408599220626192250e-02,8.500000000000000611e-02,3.000000000000000000e+00,5.142701720558476634e+06
-5.482648004196955860e+00,1.407628406876447524e+00,7.791011416177298088e-01,-1.446645722331939554e-01,8.500000000000000611e-02,3.000000000000000000e+00,5.142701720558476634e+06
-5.910979237663033459e+00,7.019457992237341237e-01,6.682374153953580809e-01,8.990041086729794184e-02,8.500000000000000611e-02,3.000000000000000000e+00,5.142701720558476634e+06
-6.233863479004536856e+00,7.503539765251232563e-01,1.189547081881630497e+00,3.512181626464039308e-01,8.500000000000000611e-02,3.000000000000000000e+00,5.142701720558476634e+06
-6.322949481271897376e+00,5.354325102779549095e-01,1.014944696933140822e+00,2.184511499340519303e-01,8.500000000000000611e-02,3.000000000000000000e+00,5.142701720558476634e+06
-6.250927280366034289e+00,6.372130024497590917e-01,1.029777388877331168e+00,2.049129746250874518e-01,8.500000000000000611e-02,3.000000000000000000e+00,5.142701720558476634e+06
-6.200561646066922172e+00,8.932074546605760501e-01,1.179406037447106925e+00,1.513632228700856619e-01,8.500000000000000611e-02,3.000000000000000000e+00,5.142701720558476634e+06
-5.821615036005608701e+00,2.691766953279970398e+00,2.498838796600709511e+00,1.589471964792366077e-01,8.500000000000000611e-02,3.000000000000000000e+00,5.142701720558476634e+06
-5.375313014593910310e+00,2.050233186971015975e+00,1.419865350779177859e+00,1.345851015623415747e-01,8.500000000000000611e-02,3.000000000000000000e+00,5.142701720558476634e+06
-5.415242789066200046e+00,2.746228108324819672e+00,2.231561788004604807e+00,3.906107653872302188e-01,8.500000000000000611e-02,3.000000000000000000e+00,5.142701720558476634e+06
-5.402328140616779351e+00,2.520685669005018781e+00,1.938123545963139627e+00,2.632133368544441465e-01,8.500000000000000611e-02,3.000000000000000000e+00,5.142701720558476634e+06
-5.861578180232888791e+00,2.681344661514498906e+00,2.403698912469805826e+00,-3.940925061502256743e-02,8.500000000000000611e-02,3.000000000000000000e+00,5.142701720558476634e+06
-5.708334083532080605e+00,1.872108727229215397e+00,1.716866746941984045e+00,3.802243954544162752e-01,8.500000000000000611e-02,3.000000000000000000e+00,5.142701720558476634e+06
-5.993164456497970249e+00,2.006762227149577082e+00,1.968179515280711556e+00,9.232293206845598732e-02,8.500000000000000611e-02,3.000000000000000000e+00,5.142701720558476634e+06
-6.163849062168691439e+00,2.989113096192555385e+00,3.211858139176471560e+00,2.925905827387774716e-01,8.500000000000000611e-02,3.000000000000000000e+00,5.142701720558476634e+06
-5.831581126349600908e+00,2.596956096908425771e+00,2.415449535090851363e+00,1.243809511238982424e-01,8.500000000000000611e-02,3.000000000000000000e+00,5.142701720558476634e+06
-5.881320259222603042e+00,2.776949884600274032e+00,2.644212701797296283e+00,1.561470156689740707e-01,8.500000000000000611e-02,3.000000000000000000e+00,5.142701720558476634e+06
-5.105029282301949856e+00,2.911802496793179706e+00,1.807331630527759581e+00,-2.022330794335249204e-01,8.500000000000000611e-02,3.000000000000000000e+00,5.142701720558476634e+06
-5.317344234790088997e+00,2.366620257708218933e+00,1.497576190638062688e+00,-2.242131982348697927e-01,8.500000000000000611e-02,3.000000000000000000e+00,5.142701720558476634e+06
-5.189303375320548639e+00,2.496899274330545815e+00,1.569869668960794051e+00,-8.520539012827355041e-02,8.500000000000000611e-02,3.000000000000000000e+00,5.142701720558476634e+06
-5.392082387876769189e+00,2.502312209844984814e+00,1.742364791883558750e+00,-1.783867802615822229e-01,8.500000000000000611e-02,3.000000000000000000e+00,5.142701720558476634e+06
-5.959318119378854028e+00,2.630423810350023928e+00,2.426224239026620211e+00,-1.683461415028997543e-01,8.500000000000000611e-02,3.000000000000000000e+00,5.142701720558476634e+06
-5.954050089980548854e+00,2.740762156844338548e+00,2.584255260329764159e+00,-9.526209032051760617e-02,8.500000000000000611e-02,3.000000000000000000e+00,5.142701720558476634e+06
-5.916089405938472545e+00,2.734089286546821373e+00,2.527109535079867797e+00,-1.997043914639786144e-01,8.500000000000000611e-02,3.000000000000000000e+00,5.142701720558476634e+06
-6.306336361429092818e+00,1.429661086921397484e+00,1.700409996193022133e+00,-7.791716857517372308e-02,8.500000000000000611e-02,3.000000000000000000e+00,5.142701720558476634e+06
-5.642112984328936598e+00,1.675027550670665999e+00,1.122588422488324467e+00,-2.975913454314345064e-01,8.500000000000000611e-02,3.000000000000000000e+00,5.142701720558476634e+06
-5.239583663275907632e+00,2.488495848127912691e+00,1.466475773866850574e+00,-4.064304227868088537e-01,8.500000000000000611e-02,3.000000000000000000e+00,5.142701720558476634e+06
-4.630785654474289359e+00,2.173536780053369366e+00,3.052891833367485930e-01,-1.515624526472765909e+00,8.500000000000000611e-02,3.000000000000000000e+00,5.142701720558476634e+06
-4.355649957189070776e+00,2.221814939406284051e+00,5.151830624521736013e-03,-1.768995042889536684e+00,8.500000000000000611e-02,3.000000000000000000e+00,5.142701720558476634e+06
-4.906528502337541120e+00,2.340971476323903566e+00,7.855014367335586556e-01,-1.243018523922441387e+00,8.500000000000000611e-02,3.000000000000000000e+00,5.142701720558476634e+06
-5.016726706247862211e+00,2.268257333531118469e+00,8.525129166281836257e-01,-1.139385720653152356e+00,8.500000000000000611e-02,3.000000000000000000e+00,5.142701720558476634e+06
-6.093297247698066244e+00,1.922182338361695164e+00,2.019817524339411197e+00,2.559056939854676971e-01,8.500000000000000611e-02,3.000000000000000000e+00,5.142701720558476634e+06
-5.920777884425696413e+00,1.671834689487237791e+00,1.580443651105943870e+00,1.675187601524228687e-01,8.500000000000000611e-02,3.000000000000000000e+00,5.142701720558476634e+06
-6.088912704181930202e+00,7.469921893889468478e-01,8.313537121099863203e-01,2.057949989091630294e-01,8.500000000000000611e-02,3.000000000000000000e+00,5.142701720558476634e+06
-6.447307501932365348e+00,9.476860009550081010e-01,1.495189994912067499e+00,3.619858080094620623e-01,8.500000000000000611e-02,3.000000000000000000e+00,5.142701720558476634e+06
-5.827145120684377844e+00,1.886122974891778714e+00,1.626986910989678847e+00,7.027411870826991147e-02,8.500000000000000611e-02,3.000000000000000000e+00,5.142701720558476634e+06
-5.022720095969603449e+00,2.043300684990327465e+00,8.411418733078876997e-01,-1.458052987843775072e-01,8.500000000000000611e-02,3.000000000000000000e+00,5.142701720558476634e+06
-5.491209783275681211e+00,2.143335881168187296e+00,1.558212629782864012e+00,6.043227514214438711e-02,8.500000000000000611e-02,3.000000000000000000e+00,5.142701720558476634e+06
-5.184435250281793195e+00,1.337949026010236464e+00,4.442217988249894667e-01,7.310746685403102241e-02,8.500000000000000611e-02,3.000000000000000000e+00,5.142701720558476634e+06
-5.404248830100429224e+00,1.511237310301155379e+00,7.236145488767163902e-01,-2.772227499061212797e-01,8.500000000000000611e-02,3.000000000000000000e+00,5.142701720558476634e+06
-5.070273298157221831e+00,1.510428415973696925e+00,2.857937103227403686e-01,-4.769212424208997825e-01,8.500000000000000611e-02,3.000000000000000000e+00,5.142701720558476634e+06
-4.857824414249462208e+00,9.853673965562317338e-01,-4.601971331817398259e-01,-6.410495030507541436e-01,8.500000000000000611e-02,3.000000000000000000e+00,5.142701720558476634e+06
-4.518049837974674965e+00,1.059130541894720334e+00,-7.853969107749335654e-01,-7.858423562541307916e-01,8.500000000000000611e-02,3.000000000000000000e+00,5.142701720558476634e+06
-5.416608754902568101e+00,1.032320986236104687e+00,2.643666330593825720e-01,-4.461356567942416085e-01,8.500000000000000611e-02,3.000000000000000000e+00,5.142701720558476634e+06
-5.071957946119094451e+00,2.086345780005723682e+00,6.539985475519660696e-01,-1.589991443707935659e+00,8.500000000000000611e-02,3.000000000000000000e+00,5.142701720558476634e+06
-5.828989079423363862e+00,2.499662412835028213e+00,1.883234590464908598e+00,-1.108690612854765334e+00,8.500000000000000611e-02,3.000000000000000000e+00,5.142701720558476634e+06
-5.616811993201289432e+00,2.881216192847937396e+00,2.024588867683871918e+00,-9.722984967078066587e-01,8.500000000000000611e-02,3.000000000000000000e+00,5.142701720558476634e+06
-5.607195228052755276e+00,2.824396731793221260e+00,2.097018446976415706e+00,-5.615486518816181771e-01,8.500000000000000611e-02,3.000000000000000000e+00,5.142701720558476634e+06
-6.137736970032189987e+00,1.750206249483612142e+00,1.746335821869025917e+00,-1.089886522598278451e-01,8.500000000000000611e-02,3.000000000000000000e+00,5.142701720558476634e+06
-5.685727659922595656e+00,2.005905815041083340e+00,1.615646612543395699e+00,1.719339014125589871e-02,8.500000000000000611e-02,3.000000000000000000e+00,5.142701720558476634e+06
-5.706304634381155871e+00,2.021467573327808243e+00,1.740189629375802349e+00,2.868458360929497797e-01,8.500000000000000611e-02,3.000000000000000000e+00,5.142701720558476634e+06
-5.174862574577749008e+00,2.557780862353643769e+00,1.679055295347088750e+00,1.350148061553287371e-01,8.500000000000000611e-02,3.000000000000000000e+00,5.142701720558476634e+06
-5.374405423939960791e+00,2.543500345673152196e+00,1.758455871078388633e+00,-1.021758666663258874e-01,8.500000000000000611e-02,3.000000000000000000e+00,5.142701720558476634e+06
-5.614392960379841924e+00,1.875448449995688716e+00,1.326443567783167188e+00,-1.418601068329141401e-01,8.500000000000000611e-02,3.000000000000000000e+00,5.142701720558476634e+06
-5.671529496642038204e+00,1.831218969325924428e+00,1.413959288286061211e+00,1.763167679763502638e-02,8.500000000000000611e-02,3.000000000000000000e+00,5.142701720558476634e+06
-4.948309490509575248e+00,1.529470810192293584e+00,2.976524625211380837e-01,-1.764453721959296506e-01,8.500000000000000611e-02,3.000000000000000000e+00,5.142701720558476634e+06
-5.551870793135488924e+00,2.525227436795313807e+00,1.818306366207988578e+00,-3.542506990526712030e-01,8.500000000000000611e-02,3.000000000000000000e+00,5.142701720558476634e+06
-5.967416240419259665e+00,2.709907410879166978e+00,2.663261612384822286e+00,8.109747404481179589e-02,8.500000000000000611e-02,3.000000000000000000e+00,5.142701720558476634e+06
-5.823010721964601011e+00,2.943307878053151416e+00,2.765650439939186800e+00,1.003905175320872895e-01,8.500000000000000611e-02,3.000000000000000000e+00,5.142701720558476634e+06
-5.762728220244229149e+00,2.982134221366023130e+00,2.686673724066449331e+00,8.748878790583224097e-02,8.500000000000000611e-02,3.000000000000000000e+00,5.142701720558476634e+06
-6.083267697585929668e+00,2.742980640968788464e+00,2.924137089641094978e+00,4.668032903216093876e-01,8.500000000000000611e-02,3.000000000000000000e+00,5.142701720558476634e+06
-6.113569060175088943e+00,2.560760502126811389e+00,2.583507970373121410e+00,1.253387753710923924e-01,8.500000000000000611e-02,3.000000000000000000e+00,5.142701720558476634e+06
-5.729324632867776046e+00,2.534639770361623690e+00,2.080510348149775091e+00,1.306129367739899960e-02,8.500000000000000611e-02,3.000000000000000000e+00,5.142701720558476634e+06
-5.449305378528063848e+00,2.662731299050150824e+00,1.873168319174017604e+00,-9.012327034667710901e-02,8.500000000000000611e-02,3.000000000000000000e+00,5.142701720558476634e+06
-5.835236195895345368e+00,2.750116760828978268e+00,2.468155633044188058e+00,2.067508832261186202e-03,8.500000000000000611e-02,3.000000000000000000e+00,5.142701720558476634e+06
-6.392965274904215178e+00,2.994619556228554025e+00,3.213663173239594606e+00,-1.118358449150340661e-01,8.500000000000000611e-02,3.000000000000000000e+00,5.142701720558476634e+06
-6.470850957598860198e+00,2.453872970052534797e+00,2.851557677509057864e+00,3.179779512356650795e-03,8.500000000000000611e-02,3.000000000000000000e+00,5.142701720558476634e+06
-6.411210841664010118e+00,2.609635604909664508e+00,2.880138563239886373e+00,-1.224478522171175421e-01,8.500000000000000611e-02,3.000000000000000000e+00,5.142701720558476634e+06
-6.463782545189880047e+00,2.599049333840841580e+00,2.993772084384104915e+00,3.062737449812213963e-02,8.500000000000000611e-02,3.000000000000000000e+00,5.142701720558476634e+06
-6.542395890683799564e+00,2.776617045823556396e+00,3.366922161328097296e+00,2.158535998306800874e-01,8.500000000000000611e-02,3.000000000000000000e+00,5.142701720558476634e+06
-6.423539886431670176e+00,2.369216636451771940e+00,2.861981910558166753e+00,2.213726363115966489e-01,8.500000000000000611e-02,3.000000000000000000e+00,5.142701720558476634e+06
-6.469795434572319870e+00,2.975412758140240310e+00,3.530333994020930177e+00,1.459016062555197890e-01,8.500000000000000611e-02,3.000000000000000000e+00,5.142701720558476634e+06
-6.310235851457877132e+00,2.762744688076859134e+00,3.075293089714331796e+00,1.468129879326296461e-02,8.500000000000000611e-02,3.000000000000000000e+00,5.142701720558476634e+06
-6.058755789502330735e+00,2.567436482959631228e+00,2.591776252755078058e+00,3.747643611217918447e-02,8.500000000000000611e-02,3.000000000000000000e+00,5.142701720558476634e+06
-5.980115490849711612e+00,1.302585771192041886e+00,1.247626327429535831e+00,-3.366461604660697660e-02,8.500000000000000611e-02,3.000000000000000000e+00,5.142701720558476634e+06
-5.924998954992239497e+00,1.860060738598569241e+00,1.761305313160301589e+00,6.123016483360337048e-02,8.500000000000000611e-02,3.000000000000000000e+00,5.142701720558476634e+06
-5.743517192618587508e+00,2.020209422518527198e+00,1.674132896582201546e+00,-2.973011200164060730e-02,8.500000000000000611e-02,3.000000000000000000e+00,5.142701720558476634e+06
-5.994034053080866009e+00,2.527182599500652493e+00,2.493799628080820341e+00,7.095514101298044940e-02,8.500000000000000611e-02,3.000000000000000000e+00,5.142701720558476634e+06
-5.938873552334443140e+00,2.420679409649928893e+00,2.326588962112279724e+00,7.185216759576862344e-02,8.500000000000000611e-02,3.000000000000000000e+00,5.142701720558476634e+06
-5.619489747195897777e+00,2.187432934843061894e+00,1.753161461714346725e+00,-1.998217961502093271e-04,8.500000000000000611e-02,3.000000000000000000e+00,5.142701720558476634e+06
-6.078822425817979713e+00,2.001258702342955331e+00,2.090454589803056429e+00,1.875260226888462167e-01,8.500000000000000611e-02,3.000000000000000000e+00,5.142701720558476634e+06
-6.198615133779690645e+00,2.175482044081057165e+00,2.212228564946641995e+00,4.040317678447291616e-02,8.500000000000000611e-02,3.000000000000000000e+00,5.142701720558476634e+06
-6.680802491498333495e+00,2.401914249284011760e+00,2.960117092451633347e+00,1.808464912688760584e-02,8.500000000000000611e-02,3.000000000000000000e+00,5.142701720558476634e+06
-7.005969368066789826e+00,2.880002126637490001e+00,3.811653165288018563e+00,1.724288157321847148e-01,8.500000000000000611e-02,3.000000000000000000e+00,5.142701720558476634e+06
-5.718871650689120401e+00,2.391564083949541786e+00,1.930578766840584715e+00,-1.668857692923523262e-01,8.500000000000000611e-02,3.000000000000000000e+00,5.142701720558476634e+06
-5.309914494574430321e+00,2.650131612238793899e+00,1.819599358051681159e+00,-2.037839178730074807e-02,8.500000000000000611e-02,3.000000000000000000e+00,5.142701720558476634e+06
-5.114417462108853840e+00,2.513259111403828516e+00,1.423286004022190188e+00,-1.456501659706772589e-01,8.500000000000000611e-02,3.000000000000000000e+00,5.142701720558476634e+06
-5.563257211110984812e+00,2.021885111970459725e+00,1.453204739438559212e+00,-8.118983345117598838e-02,8.500000000000000611e-02,3.000000000000000000e+00,5.142701720558476634e+06
-5.653947109699360318e+00,2.533481621039424869e+00,2.006331560132413649e+00,-4.209073911557614789e-02,8.500000000000000611e-02,3.000000000000000000e+00,5.142701720558476634e+06
-5.326535323166793567e+00,2.575149873770486320e+00,1.759379998307624149e+00,-1.577116820621425886e-01,8.500000000000000611e-02,3.000000000000000000e+00,5.142701720558476634e+06
-5.159921524306744445e+00,2.071611135185059460e+00,9.657293757223011088e-01,-1.913702208497749246e-01,8.500000000000000611e-02,3.000000000000000000e+00,5.142701720558476634e+06
-5.741753430198479613e+00,9.929015378465017028e-01,8.349739660662398588e-01,3.332943365840033700e-01,8.500000000000000611e-02,3.000000000000000000e+00,5.142701720558476634e+06
-5.780785824720927835e+00,1.063149225841212298e+00,7.960484241949596917e-01,-7.343841120701521952e-03,8.500000000000000611e-02,3.000000000000000000e+00,5.142701720558476634e+06
-6.019622800832269860e+00,8.306759551351441395e-01,8.320158211006289939e-01,-5.276378771674639090e-03,8.500000000000000611e-02,3.000000000000000000e+00,5.142701720558476634e+06
-6.088369644669666236e+00,5.190289119889208713e-01,7.282120552442479244e-01,2.146916075674610569e-01,8.500000000000000611e-02,3.000000000000000000e+00,5.142701720558476634e+06
-6.262138026216995890e+00,8.907644893011605891e-01,1.092828169368667890e+00,-1.209415686145050017e-01,8.500000000000000611e-02,3.000000000000000000e+00,5.142701720558476634e+06
-5.599179330901290719e+00,7.973575785816287009e-01,2.086113791452541832e-01,-3.694616953468431997e-01,8.500000000000000611e-02,3.000000000000000000e+00,5.142701720558476634e+06
-5.943730057491424468e+00,1.017528259789664435e+00,9.345902906044261105e-01,2.788646387025547901e-02,8.500000000000000611e-02,3.000000000000000000e+00,5.142701720558476634e+06
-6.015748835987027476e+00,9.354232227166168201e-01,9.087779751804245798e-01,5.083213299850619649e-02,8.500000000000000611e-02,3.000000000000000000e+00,5.142701720558476634e+06
-6.170421932695838940e+00,1.230667067648376634e+00,1.236756897531150479e+00,-2.314923821407434967e-01,8.500000000000000611e-02,3.000000000000000000e+00,5.142701720558476634e+06
-5.959432259908260754e+00,1.597220650095255490e+00,1.486782831779951186e+00,-4.904159160178303556e-02,8.500000000000000611e-02,3.000000000000000000e+00,5.142701720558476634e+06
-7.216875350990722637e+00,2.479705079020621206e+00,3.945008472199255323e+00,5.206787736727117588e-01,8.500000000000000611e-02,3.000000000000000000e+00,5.142701720558476634e+06
-6.475141877370562682e+00,2.279495236909027778e+00,2.822919233391055549e+00,3.822221886034170568e-01,8.500000000000000611e-02,3.000000000000000000e+00,5.142701720558476634e+06
-6.164270338090781287e+00,2.726251436497103331e+00,2.709781188605352220e+00,-8.844078425680901301e-02,8.500000000000000611e-02,3.000000000000000000e+00,5.142701720558476634e+06
-6.245393484152058861e+00,2.943422134245269550e+00,2.975377980995663751e+00,-3.050506849469245552e-01,8.500000000000000611e-02,3.000000000000000000e+00,5.142701720558476634e+06
-6.697463667643987151e+00,2.625184784965568952e+00,3.227888797039697000e+00,-5.730183059951407532e-02,8.500000000000000611e-02,3.000000000000000000e+00,5.142701720558476634e+06
-6.180874920087203961e+00,2.814116004871514587e+00,2.812939636657139530e+00,-1.183292715658366134e-01,8.500000000000000611e-02,3.000000000000000000e+00,5.142701720558476634e+06
-6.180874920087203961e+00,2.814116004871514587e+00,2.812939636657139530e+00,-1.183292715658366134e-01,8.500000000000000611e-02,3.000000000000000000e+00,5.142701720558476634e+06
-6.505959529858335699e+00,2.874480092471689119e+00,3.218421194816198927e+00,-5.801215069591558748e-02,8.500000000000000611e-02,3.000000000000000000e+00,5.142701720558476634e+06
-6.099636291664731758e+00,2.920585501548790930e+00,2.815190128431048322e+00,-1.851091354700817315e-01,8.500000000000000611e-02,3.000000000000000000e+00,5.142701720558476634e+06
-5.824904783022177845e+00,2.792392351555637919e+00,2.356868591695192361e+00,-3.905883706251310761e-01,8.500000000000000611e-02,3.000000000000000000e+00,5.142701720558476634e+06
-5.440578948889711164e+00,2.835317121953391695e+00,1.885830886026967246e+00,-8.171681185293622196e-01,8.500000000000000611e-02,3.000000000000000000e+00,5.142701720558476634e+06
-6.043498778670775451e+00,2.488912160662055228e+00,2.552443711467057064e+00,-1.235403384875753963e-01,8.500000000000000611e-02,3.000000000000000000e+00,5.142701720558476634e+06
-5.847843975777450076e+00,1.866898045902107617e+00,1.627868694194375632e+00,-1.334199877352459374e-01,8.500000000000000611e-02,3.000000000000000000e+00,5.142701720558476634e+06
-5.274957910552457108e+00,1.811656762759628947e+00,9.322673216578749589e-01,-2.532192441973011854e-01,8.500000000000000611e-02,3.000000000000000000e+00,5.142701720558476634e+06
-5.700886686416873239e+00,2.185613158066620709e+00,1.742305376871325695e+00,-1.434414402878600725e-01,8.500000000000000611e-02,3.000000000000000000e+00,5.142701720558476634e+06
-5.160956756575523663e+00,2.324148661401807203e+00,1.313201025468891281e+00,-2.942087876442903704e-01,8.500000000000000611e-02,3.000000000000000000e+00,5.142701720558476634e+06
-5.196900893329090998e+00,2.278683338527992763e+00,1.248229199531959654e+00,-2.702148050570178373e-01,8.500000000000000611e-02,3.000000000000000000e+00,5.142701720558476634e+06
-5.076615385571389361e+00,9.676798657804135395e-01,-2.573903821531642322e-02,5.808065827725944485e-02,8.500000000000000611e-02,3.000000000000000000e+00,5.142701720558476634e+06
-5.610552626848114066e+00,1.105142239656257130e+00,7.044161831077310199e-01,6.797061952851135569e-02,8.500000000000000611e-02,3.000000000000000000e+00,5.142701720558476634e+06
-5.599963116233396931e+00,1.200706821217568443e+00,7.684530759568790614e-01,2.030080266982636772e-02,8.500000000000000611e-02,3.000000000000000000e+00,5.142701720558476634e+06
-5.940361256326085915e+00,1.400393358800153143e+00,1.236657736275761810e+00,-2.060195098074812381e-01,8.500000000000000611e-02,3.000000000000000000e+00,5.142701720558476634e+06
-6.999012489536553083e+00,1.594194409521226818e+00,2.633796448641952281e+00,2.797819224512964054e-01,8.500000000000000611e-02,3.000000000000000000e+00,5.142701720558476634e+06
-7.207628896527792151e+00,1.262817831619826192e+00,2.497469581237412584e+00,2.121045291130649046e-01,8.500000000000000611e-02,3.000000000000000000e+00,5.142701720558476634e+06
-6.902543437719143249e+00,1.487798138542985038e+00,2.408519256118238694e+00,1.361589011388850134e-01,8.500000000000000611e-02,3.000000000000000000e+00,5.142701720558476634e+06
-5.988323779009432357e+00,1.764245196775124258e+00,1.541650881050005584e+00,-3.913252367073686844e-01,8.500000000000000611e-02,3.000000000000000000e+00,5.142701720558476634e+06
-6.530709927704251960e+00,1.511987785937105588e+00,1.794137817342284835e+00,-8.022593251559543281e-01,8.500000000000000611e-02,3.000000000000000000e+00,5.142701720558476634e+06
-5.823325021826054382e+00,1.873902346041542266e+00,1.329554862054729281e+00,-9.574187378393688164e-01,8.500000000000000611e-02,3.000000000000000000e+00,5.142701720558476634e+06
-5.013884358135520358e+00,1.828871569596570046e+00,4.901644686305579590e-01,-6.967037609738960802e-01,8.500000000000000611e-02,3.000000000000000000e+00,5.142701720558476634e+06
-4.539471830658630580e+00,1.363476444888431560e+00,-4.723197325811923086e-01,-3.846260819964902877e-01,8.500000000000000611e-02,3.000000000000000000e+00,5.142701720558476634e+06
-5.265261247962946811e+00,1.127823584187019001e+00,2.899753106055908969e-01,-2.899397149581540989e-02,8.500000000000000611e-02,3.000000000000000000e+00,5.142701720558476634e+06
-5.266869429880940423e+00,1.131087573613660968e+00,2.957614006802362638e-01,-2.775541069653697512e-02,8.500000000000000611e-02,3.000000000000000000e+00,5.142701720558476634e+06
-5.731518653641805017e+00,1.545389455015826030e+00,1.210072428798232735e+00,7.865302282872199680e-02,8.500000000000000611e-02,3.000000000000000000e+00,5.142701720558476634e+06
-5.734323687342986808e+00,3.602157086990386281e-01,1.799535181472816658e-01,5.479738969833958945e-02,8.500000000000000611e-02,3.000000000000000000e+00,5.142701720558476634e+06
-5.724885838961431439e+00,6.356628275622504542e-01,4.395827215159460177e-01,8.342686292123957514e-02,8.500000000000000611e-02,3.000000000000000000e+00,5.142701720558476634e+06
-6.211963207351379523e+00,2.302114779984402171e-01,6.984896510115773394e-01,2.156011691579722833e-01,8.500000000000000611e-02,3.000000000000000000e+00,5.142701720558476634e+06
-6.084591473789098259e+00,2.684944893290441836e-01,5.623661193191022978e-01,1.560902451831725490e-01,8.500000000000000611e-02,3.000000000000000000e+00,5.142701720558476634e+06
-5.249069500589154558e+00,2.261274745322205959e-01,-3.948965731972218229e-01,7.495935183761448517e-02,8.500000000000000611e-02,3.000000000000000000e+00,5.142701720558476634e+06
-5.249069500589154558e+00,2.261274745322205959e-01,-3.948965731972218229e-01,7.495935183761448517e-02,8.500000000000000611e-02,3.000000000000000000e+00,5.142701720558476634e+06
-5.368859667337768649e+00,1.459460288063025191e+00,5.934436478527753689e-01,-3.342927876408973153e-01,8.500000000000000611e-02,3.000000000000000000e+00,5.142701720558476634e+06
-5.369180666131045498e+00,1.331167849363803279e+00,4.479183350708855205e-01,-5.651201251915581869e-01,8.500000000000000611e-02,3.000000000000000000e+00,5.142701720558476634e+06
-5.316925766013382848e+00,9.603407373737780084e-01,-2.436449106939475584e-02,-7.306513311915204811e-01,8.500000000000000611e-02,3.000000000000000000e+00,5.142701720558476634e+06
-5.095373902658408838e+00,2.096136516801893279e+00,7.825687255877487036e-01,-7.617239203470203002e-01,8.500000000000000611e-02,3.000000000000000000e+00,5.142701720558476634e+06
-5.233431771141721534e+00,1.736495098526449121e+00,8.516672426386462380e-01,-6.065203176669919927e-03,8.500000000000000611e-02,3.000000000000000000e+00,5.142701720558476634e+06
-5.767355005442656335e+00,1.514363010488119166e+00,1.369700834201168504e+00,3.004677292725250193e-01,8.500000000000000611e-02,3.000000000000000000e+00,5.142701720558476634e+06
-5.878544658825421543e+00,9.243321147365215484e-01,9.008403313982371596e-01,1.695723825304178423e-01,8.500000000000000611e-02,3.000000000000000000e+00,5.142701720558476634e+06
-5.057883080386460506e+00,5.871809733668102993e-01,-5.667187550528247630e-01,-3.695953424535399767e-01,8.500000000000000611e-02,3.000000000000000000e+00,5.142701720558476634e+06
-5.540681296286435575e+00,2.064496368984128694e+00,1.528588979167671447e+00,-1.187735028703912343e-01,8.500000000000000611e-02,3.000000000000000000e+00,5.142701720558476634e+06
-5.270023093639408351e+00,1.606649049443224175e+00,7.465563060456698041e-01,-1.042756769848318388e-01,8.500000000000000611e-02,3.000000000000000000e+00,5.142701720558476634e+06
-5.381573980779530864e+00,2.041916247808464480e+00,1.358590646751308029e+00,6.126683647425301693e-02,8.500000000000000611e-02,3.000000000000000000e+00,5.142701720558476634e+06
-5.891850745620736518e+00,2.664073373668656153e+00,2.364634288166375775e+00,-1.102131245121629188e-01,8.500000000000000611e-02,3.000000000000000000e+00,5.142701720558476634e+06
-6.088442797204837831e+00,2.921707175549565605e+00,3.074505025437367145e+00,1.829937618856671278e-01,8.500000000000000611e-02,3.000000000000000000e+00,5.142701720558476634e+06
-5.688539149281134577e+00,2.314593628925486257e+00,1.674805565426148890e+00,-9.624732374706621574e-01,8.500000000000000611e-02,3.000000000000000000e+00,5.142701720558476634e+06
-5.600208640803228555e+00,2.593481071118479253e+00,1.784866434002757352e+00,-1.586888851274080858e+00,8.500000000000000611e-02,3.000000000000000000e+00,5.142701720558476634e+06
-5.272748751461822536e+00,2.977117917069752373e+00,1.691803078015506223e+00,-2.799697536358876526e+00,8.500000000000000611e-02,3.000000000000000000e+00,5.142701720558476634e+06
-5.360612266980756324e+00,2.707410081264252089e+00,1.636809144485176670e+00,-2.141848894335045550e+00,8.500000000000000611e-02,3.000000000000000000e+00,5.142701720558476634e+06
-5.162808630733088933e+00,2.588019570218747845e+00,1.231646301067483851e+00,-2.493869138691844345e+00,8.500000000000000611e-02,3.000000000000000000e+00,5.142701720558476634e+06
-5.208724386082852931e+00,2.753727252219659860e+00,1.474453403307115051e+00,-2.305643220346287325e+00,8.500000000000000611e-02,3.000000000000000000e+00,5.142701720558476634e+06
-5.459340064642840495e+00,2.632115228190693657e+00,1.691192723375483098e+00,-1.923804160763074700e+00,8.500000000000000611e-02,3.000000000000000000e+00,5.142701720558476634e+06
-5.696438389485670051e+00,2.848171865898341704e+00,2.109118450399360967e+00,-2.774893134998106525e+00,8.500000000000000611e-02,3.000000000000000000e+00,5.142701720558476634e+06
-5.701900155801701509e+00,2.833014598497027414e+00,2.093517054268609900e+00,-2.822666878589497941e+00,8.500000000000000611e-02,3.000000000000000000e+00,5.142701720558476634e+06
-5.701900155801701509e+00,2.833014598497027414e+00,2.093517054268609900e+00,-2.822666878589497941e+00,8.500000000000000611e-02,3.000000000000000000e+00,5.142701720558476634e+06
-5.701900155801701509e+00,2.833014598497027414e+00,2.093517054268609900e+00,-2.822666878589497941e+00,8.500000000000000611e-02,3.000000000000000000e+00,5.142701720558476634e+06
-5.512735632703552824e+00,2.791123695323558973e+00,1.822281346042826655e+00,-2.896751375717464327e+00,8.500000000000000611e-02,3.000000000000000000e+00,5.142701720558476634e+06
-5.655546287181999254e+00,2.765398169187384347e+00,1.985878235939532832e+00,-2.529051911159752475e+00,8.500000000000000611e-02,3.000000000000000000e+00,5.142701720558476634e+06
-5.635773431705754177e+00,2.482834056071087758e+00,1.707050471436789563e+00,-2.268497298929102346e+00,8.500000000000000611e-02,3.000000000000000000e+00,5.142701720558476634e+06
-5.722848283080661957e+00,2.446595914526058735e+00,1.741968004260354030e+00,-2.520827126759835224e+00,8.500000000000000611e-02,3.000000000000000000e+00,5.142701720558476634e+06
-5.827677452305702666e+00,2.461350594908271017e+00,1.826466203136341004e+00,-2.754313391302388947e+00,8.500000000000000611e-02,3.000000000000000000e+00,5.142701720558476634e+06
-5.639749025338579358e+00,2.242716120416716308e+00,1.466463244604923721e+00,-2.677637061486370040e+00,8.500000000000000611e-02,3.000000000000000000e+00,5.142701720558476634e+06
-5.730033421159255624e+00,2.196352928205620447e+00,1.645240342049961058e+00,-1.696788159765279191e+00,8.500000000000000611e-02,3.000000000000000000e+00,5.142701720558476634e+06
-6.346458872225402281e+00,2.532693049911519889e+00,2.773192449066999909e+00,-1.705782650397285272e+00,8.500000000000000611e-02,3.000000000000000000e+00,5.142701720558476634e+06
-6.295556248222342610e+00,2.471586830002990620e+00,2.649491390173995597e+00,-1.628790496914713781e+00,8.500000000000000611e-02,3.000000000000000000e+00,5.142701720558476634e+06
-6.295556248222342610e+00,2.471586830002990620e+00,2.649491390173995597e+00,-1.628790496914713781e+00,8.500000000000000611e-02,3.000000000000000000e+00,5.142701720558476634e+06
-6.275344632211069751e+00,2.481112069007415766e+00,2.635883610748364525e+00,-1.602114949672165611e+00,8.500000000000000611e-02,3.000000000000000000e+00,5.142701720558476634e+06
-6.186285190948480839e+00,2.417047617939531712e+00,2.387035365334122972e+00,-2.809587460047757723e+00,8.500000000000000611e-02,3.000000000000000000e+00,5.142701720558476634e+06
-6.183363079698325215e+00,2.400695371897431318e+00,2.371164111421766751e+00,-2.736918389876771052e+00,8.500000000000000611e-02,3.000000000000000000e+00,5.142701720558476634e+06
-6.183363079698325215e+00,2.400695371897431318e+00,2.371164111421766751e+00,-2.736918389876771052e+00,8.500000000000000611e-02,3.000000000000000000e+00,5.142701720558476634e+06
-6.183363079698325215e+00,2.400695371897431318e+00,2.371164111421766751e+00,-2.736918389876771052e+00,8.500000000000000611e-02,3.000000000000000000e+00,5.142701720558476634e+06
-6.183363079698325215e+00,2.400695371897431318e+00,2.371164111421766751e+00,-2.736918389876771052e+00,8.500000000000000611e-02,3.000000000000000000e+00,5.142701720558476634e+06
-6.230901041449276256e+00,2.421468718874264514e+00,2.443881942485869097e+00,-2.839871321075346344e+00,8.500000000000000611e-02,3.000000000000000000e+00,5.142701720558476634e+06
-6.230901041449276256e+00,2.421468718874264514e+00,2.443881942485869097e+00,-2.839871321075346344e+00,8.500000000000000611e-02,3.000000000000000000e+00,5.142701720558476634e+06
-6.230901041449276256e+00,2.421468718874264514e+00,2.443881942485869097e+00,-2.839871321075346344e+00,8.500000000000000611e-02,3.000000000000000000e+00,5.142701720558476634e+06
-6.148463562190525700e+00,2.439255132641147572e+00,2.380169959442356209e+00,-2.586570624068254887e+00,8.500000000000000611e-02,3.000000000000000000e+00,5.142701720558476634e+06
-6.155048114462727149e+00,2.435672679367685500e+00,2.387701602116155453e+00,-2.562596718675317131e+00,8.500000000000000611e-02,3.000000000000000000e+00,5.142701720558476634e+06
-6.155254733921998067e+00,2.441285947203739592e+00,2.380651338642410408e+00,-2.362626648822859110e+00,8.500000000000000611e-02,3.000000000000000000e+00,5.142701720558476634e+06
-6.155254733921998067e+00,2.441285947203739592e+00,2.380651338642410408e+00,-2.362626648822859110e+00,8.500000000000000611e-02,3.000000000000000000e+00,5.142701720558476634e+06
-6.155254733921998067e+00,2.441285947203739592e+00,2.380651338642410408e+00,-2.362626648822859110e+00,8.500000000000000611e-02,3.000000000000000000e+00,5.142701720558476634e+06
-6.155254733921998067e+00,2.441285947203739592e+00,2.380651338642410408e+00,-2.362626648822859110e+00,8.500000000000000611e-02,3.000000000000000000e+00,5.142701720558476634e+06
-6.307439855584984656e+00,2.459619777444311151e+00,2.568714520855384542e+00,-2.351310688116631908e+00,8.500000000000000611e-02,3.000000000000000000e+00,5.142701720558476634e+06
-6.307439855584984656e+00,2.459619777444311151e+00,2.568714520855384542e+00,-2.351310688116631908e+00,8.500000000000000611e-02,3.000000000000000000e+00,5.142701720558476634e+06
-6.307439855584984656e+00,2.459619777444311151e+00,2.568714520855384542e+00,-2.351310688116631908e+00,8.500000000000000611e-02,3.000000000000000000e+00,5.142701720558476634e+06
-6.307439855584984656e+00,2.459619777444311151e+00,2.568714520855384542e+00,-2.351310688116631908e+00,8.500000000000000611e-02,3.000000000000000000e+00,5.142701720558476634e+06
-6.244395684651435907e+00,2.373811974115256351e+00,2.369419832759744438e+00,-2.855043584336302676e+00,8.500000000000000611e-02,3.000000000000000000e+00,5.142701720558476634e+06
-6.244395684651435907e+00,2.373811974115256351e+00,2.369419832759744438e+00,-2.855043584336302676e+00,8.500000000000000611e-02,3.000000000000000000e+00,5.142701720558476634e+06
-6.244395684651435907e+00,2.373811974115256351e+00,2.369419832759744438e+00,-2.855043584336302676e+00,8.500000000000000611e-02,3.000000000000000000e+00,5.142701720558476634e+06
-6.244395684651435907e+00,2.373811974115256351e+00,2.369419832759744438e+00,-2.855043584336302676e+00,8.500000000000000611e-02,3.000000000000000000e+00,5.142701720558476634e+06
-6.221566373700357033e+00,2.375394888297272189e+00,2.379220601327777462e+00,-2.714059241468433470e+00,8.500000000000000611e-02,3.000000000000000000e+00,5.142701720558476634e+06
-6.221566373700357033e+00,2.375394888297272189e+00,2.379220601327777462e+00,-2.714059241468433470e+00,8.500000000000000611e-02,3.000000000000000000e+00,5.142701720558476634e+06
-6.221566373700357033e+00,2.375394888297272189e+00,2.379220601327777462e+00,-2.714059241468433470e+00,8.500000000000000611e-02,3.000000000000000000e+00,5.142701720558476634e+06
-6.221566373700357033e+00,2.375394888297272189e+00,2.379220601327777462e+00,-2.714059241468433470e+00,8.500000000000000611e-02,3.000000000000000000e+00,5.142701720558476634e+06
-6.221566373700357033e+00,2.375394888297272189e+00,2.379220601327777462e+00,-2.714059241468433470e+00,8.500000000000000611e-02,3.000000000000000000e+00,5.142701720558476634e+06
-6.221566373700357033e+00,2.375394888297272189e+00,2.379220601327777462e+00,-2.714059241468433470e+00,8.500000000000000611e-02,3.000000000000000000e+00,5.142701720558476634e+06
-6.221566373700357033e+00,2.375394888297272189e+00,2.379220601327777462e+00,-2.714059241468433470e+00,8.500000000000000611e-02,3.000000000000000000e+00,5.142701720558476634e+06
-6.221566373700357033e+00,2.375394888297272189e+00,2.379220601327777462e+00,-2.714059241468433470e+00,8.500000000000000611e-02,3.000000000000000000e+00,5.142701720558476634e+06
-6.221566373700357033e+00,2.375394888297272189e+00,2.379220601327777462e+00,-2.714059241468433470e+00,8.500000000000000611e-02,3.000000000000000000e+00,5.142701720558476634e+06
-6.221566373700357033e+00,2.375394888297272189e+00,2.379220601327777462e+00,-2.714059241468433470e+00,8.500000000000000611e-02,3.000000000000000000e+00,5.142701720558476634e+06
-6.221566373700357033e+00,2.375394888297272189e+00,2.379220601327777462e+00,-2.714059241468433470e+00,8.500000000000000611e-02,3.000000000000000000e+00,5.142701720558476634e+06
-6.221566373700357033e+00,2.375394888297272189e+00,2.379220601327777462e+00,-2.714059241468433470e+00,8.500000000000000611e-02,3.000000000000000000e+00,5.142701720558476634e+06
-6.303276736593708129e+00,2.385570285723132677e+00,2.459848520804960081e+00,-2.892103947144437193e+00,8.500000000000000611e-02,3.000000000000000000e+00,5.142701720558476634e+06
-6.253343345190134350e+00,2.379385065733707005e+00,2.406661660992626572e+00,-2.774614319789145522e+00,8.500000000000000611e-02,3.000000000000000000e+00,5.142701720558476634e+06
-6.253343345190134350e+00,2.379385065733707005e+00,2.406661660992626572e+00,-2.774614319789145522e+00,8.500000000000000611e-02,3.000000000000000000e+00,5.142701720558476634e+06
-5.547781900675788691e+00,9.927686160160561490e-01,5.004674757650343642e-01,-5.908154893875747216e-02,8.500000000000000611e-02,3.000000000000000000e+00,5.142701720558476634e+06
-5.814106638884505074e+00,5.464371803971770358e-01,4.613059872993460209e-01,2.277586942778802581e-01,8.500000000000000611e-02,3.000000000000000000e+00,5.142701720558476634e+06
-5.707885919476717085e+00,1.100410096668689386e+00,8.490910113405515380e-01,1.773227125380501534e-01,8.500000000000000611e-02,3.000000000000000000e+00,5.142701720558476634e+06
-5.624974158044577344e+00,7.132835747539474358e-01,4.671368692568785286e-01,3.371551384638676319e-01,8.500000000000000611e-02,3.000000000000000000e+00,5.142701720558476634e+06
-5.447142790113012722e+00,1.066614167686508186e+00,5.074697134587800029e-01,1.394386508272515424e-01,8.500000000000000611e-02,3.000000000000000000e+00,5.142701720558476634e+06
-5.612308688465983408e+00,1.658811565597919424e+00,1.034729901222458004e+00,-2.638126434612889648e-01,8.500000000000000611e-02,3.000000000000000000e+00,5.142701720558476634e+06
-5.762892268421603070e+00,1.591309557621961357e+00,1.214979236945540331e+00,-6.663303061462624854e-02,8.500000000000000611e-02,3.000000000000000000e+00,5.142701720558476634e+06
-5.715532119166633507e+00,1.428183088529404676e+00,1.194807620479316324e+00,1.438317296603581208e-01,8.500000000000000611e-02,3.000000000000000000e+00,5.142701720558476634e+06
-5.842117959326989407e+00,1.582792029103729847e+00,1.595945502809487992e+00,4.404478698788902857e-01,8.500000000000000611e-02,3.000000000000000000e+00,5.142701720558476634e+06
-5.638375575336691092e+00,1.885101853424255847e+00,1.632406214827648583e+00,2.583645507980593670e-01,8.500000000000000611e-02,3.000000000000000000e+00,5.142701720558476634e+06
-6.463875436272681796e+00,2.217592420211312643e+00,2.511008833049574118e+00,-3.290158628941309282e-01,8.500000000000000611e-02,3.000000000000000000e+00,5.142701720558476634e+06
-6.077935216114487282e+00,1.889495421635149608e+00,1.847000823781335566e+00,-2.374005355269239170e-01,8.500000000000000611e-02,3.000000000000000000e+00,5.142701720558476634e+06
-5.948849700644482041e+00,2.542578422619317990e+00,2.080843299486551334e+00,-8.570129640974671892e-01,8.500000000000000611e-02,3.000000000000000000e+00,5.142701720558476634e+06
-5.969457888220414787e+00,2.369567272704009575e+00,1.921784116629626116e+00,-9.614550741385550214e-01,8.500000000000000611e-02,3.000000000000000000e+00,5.142701720558476634e+06
-5.501098958686037044e+00,2.132518050029088563e+00,1.381477833609295214e+00,-4.505997604585721961e-01,8.500000000000000611e-02,3.000000000000000000e+00,5.142701720558476634e+06
-5.615689555204938621e+00,2.778726363557123769e+00,2.220596566571367170e+00,-1.675108217149556822e-01,8.500000000000000611e-02,3.000000000000000000e+00,5.142701720558476634e+06
-5.591259726209723446e+00,2.702683860752161493e+00,2.189704162406941101e+00,2.136030936060559493e-03,8.500000000000000611e-02,3.000000000000000000e+00,5.142701720558476634e+06
-5.713890363965321129e+00,2.700740483613112364e+00,2.435025489195401960e+00,2.287746726597156277e-01,8.500000000000000611e-02,3.000000000000000000e+00,5.142701720558476634e+06
-5.559973170251263141e+00,2.666617699972824163e+00,2.281523326013839892e+00,2.393595750794061949e-01,8.500000000000000611e-02,3.000000000000000000e+00,5.142701720558476634e+06
-5.081721570299380986e+00,2.579431930842684739e+00,1.723617549877160426e+00,1.206947293438415530e-01,8.500000000000000611e-02,3.000000000000000000e+00,5.142701720558476634e+06
-5.081721570299380986e+00,2.579431930842684739e+00,1.723617549877160426e+00,1.206947293438415530e-01,8.500000000000000611e-02,3.000000000000000000e+00,5.142701720558476634e+06
-5.081721570299380986e+00,2.579431930842684739e+00,1.723617549877160426e+00,1.206947293438415530e-01,8.500000000000000611e-02,3.000000000000000000e+00,5.142701720558476634e+06
-5.081721570299380986e+00,2.579431930842684739e+00,1.723617549877160426e+00,1.206947293438415530e-01,8.500000000000000611e-02,3.000000000000000000e+00,5.142701720558476634e+06
-5.081721570299380986e+00,2.579431930842684739e+00,1.723617549877160426e+00,1.206947293438415530e-01,8.500000000000000611e-02,3.000000000000000000e+00,5.142701720558476634e+06
-5.436211566226147873e+00,2.997802434199753563e+00,2.300862056853449467e+00,-2.326057368782490364e-01,8.500000000000000611e-02,3.000000000000000000e+00,5.142701720558476634e+06
-5.436211566226147873e+00,2.997802434199753563e+00,2.300862056853449467e+00,-2.326057368782490364e-01,8.500000000000000611e-02,3.000000000000000000e+00,5.142701720558476634e+06
-5.555954590112025748e+00,2.868464513212044764e+00,2.311261353738288449e+00,-1.486383317343544785e-01,8.500000000000000611e-02,3.000000000000000000e+00,5.142701720558476634e+06
-5.675904588347270519e+00,2.877097357567407698e+00,2.457091780837096007e+00,-1.016099819620855105e-01,8.500000000000000611e-02,3.000000000000000000e+00,5.142701720558476634e+06
-5.662960284853623349e+00,2.904043498939524515e+00,2.466570480716739233e+00,-1.014783990784438594e-01,8.500000000000000611e-02,3.000000000000000000e+00,5.142701720558476634e+06
-5.662960284853623349e+00,2.904043498939524515e+00,2.466570480716739233e+00,-1.014783990784438594e-01,8.500000000000000611e-02,3.000000000000000000e+00,5.142701720558476634e+06
-5.103677457455136235e+00,2.922379110341621899e+00,1.713703170220193472e+00,-5.893868556705573747e-01,8.500000000000000611e-02,3.000000000000000000e+00,5.142701720558476634e+06
-5.381294361416313343e+00,2.735376416350174367e+00,1.819380515154739086e+00,-5.913750994568086616e-01,8.500000000000000611e-02,3.000000000000000000e+00,5.142701720558476634e+06
-4.886234567818023677e+00,2.750838628956440601e+00,1.233220556077376351e+00,-9.900688212365145180e-01,8.500000000000000611e-02,3.000000000000000000e+00,5.142701720558476634e+06
-4.817406041227663138e+00,2.924187383904599979e+00,1.187852505945753867e+00,-2.141786946612215470e+00,8.500000000000000611e-02,3.000000000000000000e+00,5.142701720558476634e+06
-5.708431861523326489e+00,2.712696095459029344e+00,1.931060811840222380e+00,-2.091279277614844112e+00,8.500000000000000611e-02,3.000000000000000000e+00,5.142701720558476634e+06
-5.605627786707469085e+00,2.964621961458411725e+00,1.977622808682137912e+00,-2.559476795791576720e+00,8.500000000000000611e-02,3.000000000000000000e+00,5.142701720558476634e+06
-5.621415226498637452e+00,2.738280493135244686e+00,1.941522129575326883e+00,-1.592578147255538479e+00,8.500000000000000611e-02,3.000000000000000000e+00,5.142701720558476634e+06
-5.716645546970326563e+00,2.734579788663393352e+00,1.987527289593055579e+00,-1.688144424758634576e+00,8.500000000000000611e-02,3.000000000000000000e+00,5.142701720558476634e+06
-5.716645546970326563e+00,2.734579788663393352e+00,1.987527289593055579e+00,-1.688144424758634576e+00,8.500000000000000611e-02,3.000000000000000000e+00,5.142701720558476634e+06
-5.536284969619629237e+00,2.728035336545562295e+00,1.830954360476656051e+00,-1.639681844850577663e+00,8.500000000000000611e-02,3.000000000000000000e+00,5.142701720558476634e+06
-5.791278236199852714e+00,2.200482556059333739e+00,1.626030069882116624e+00,-9.952173449854402332e-01,8.500000000000000611e-02,3.000000000000000000e+00,5.142701720558476634e+06
-5.819480142108522713e+00,2.866541083438108650e+00,2.201912246326852340e+00,-1.498284171542202836e+00,8.500000000000000611e-02,3.000000000000000000e+00,5.142701720558476634e+06
-5.890130971240347790e+00,2.983745815239014831e+00,2.375087187397546096e+00,-1.595618775625681884e+00,8.500000000000000611e-02,3.000000000000000000e+00,5.142701720558476634e+06
-6.111431668552050667e+00,2.839582313109554335e+00,2.562750573157940082e+00,-1.207767841316115032e+00,8.500000000000000611e-02,3.000000000000000000e+00,5.142701720558476634e+06
-5.987146716393644930e+00,2.304220143162244661e+00,1.890096958716653841e+00,-1.225885660815730249e+00,8.500000000000000611e-02,3.000000000000000000e+00,5.142701720558476634e+06
-5.972532227841215402e+00,2.472469357643352961e+00,1.986412771867392735e+00,-1.483276124208706470e+00,8.500000000000000611e-02,3.000000000000000000e+00,5.142701720558476634e+06
-5.982855480097563294e+00,2.474677816674414110e+00,2.008083050340121911e+00,-1.727032668536139681e+00,8.500000000000000611e-02,3.000000000000000000e+00,5.142701720558476634e+06
-5.982855480097563294e+00,2.474677816674414110e+00,2.008083050340121911e+00,-1.727032668536139681e+00,8.500000000000000611e-02,3.000000000000000000e+00,5.142701720558476634e+06
-6.115738126399615560e+00,2.676556951357620839e+00,2.276240673921210877e+00,-2.102660270884849858e+00,8.500000000000000611e-02,3.000000000000000000e+00,5.142701720558476634e+06
-6.182717975421721412e+00,1.916124562591771774e+00,1.708155721024701146e+00,-1.500238523166433469e+00,8.500000000000000611e-02,3.000000000000000000e+00,5.142701720558476634e+06
-6.243323763815319616e+00,1.744607467924052635e+00,1.559109987098531214e+00,-1.793339807535490493e+00,8.500000000000000611e-02,3.000000000000000000e+00,5.142701720558476634e+06
-6.278595792399851661e+00,2.261151794848118346e+00,2.126316021476387874e+00,-1.946982539304861426e+00,8.500000000000000611e-02,3.000000000000000000e+00,5.142701720558476634e+06
-6.278595792399851661e+00,2.261151794848118346e+00,2.126316021476387874e+00,-1.946982539304861426e+00,8.500000000000000611e-02,3.000000000000000000e+00,5.142701720558476634e+06
-6.285922104344808581e+00,2.236839982635788537e+00,2.125770258978171068e+00,-1.863705990774365828e+00,8.500000000000000611e-02,3.000000000000000000e+00,5.142701720558476634e+06
-5.813869133401546208e+00,1.876568693150139744e+00,1.216564492739237835e+00,-2.109109882856199825e+00,8.500000000000000611e-02,3.000000000000000000e+00,5.142701720558476634e+06
-5.866833128596515401e+00,1.924028655004998090e+00,1.307341703636444974e+00,-2.184920636754416723e+00,8.500000000000000611e-02,3.000000000000000000e+00,5.142701720558476634e+06
-5.743889229243148264e+00,1.869346578525532987e+00,1.119149319420307043e+00,-2.575736401565491107e+00,8.500000000000000611e-02,3.000000000000000000e+00,5.142701720558476634e+06
-5.900664787542240219e+00,1.972508233539463474e+00,1.478140181488078797e+00,-2.136476220231671608e+00,8.500000000000000611e-02,3.000000000000000000e+00,5.142701720558476634e+06
-6.054022053588008490e+00,2.224588253579410591e+00,1.802092879533508274e+00,-2.609207028636147729e+00,8.500000000000000611e-02,3.000000000000000000e+00,5.142701720558476634e+06
-5.911838171991645297e+00,1.928606328702591854e+00,1.405524345201926151e+00,-1.991781563865752114e+00,8.500000000000000611e-02,3.000000000000000000e+00,5.142701720558476634e+06
-6.475737537837863655e+00,2.286754687259238583e+00,2.355981371944295244e+00,-1.977701827772429866e+00,8.500000000000000611e-02,3.000000000000000000e+00,5.142701720558476634e+06
-6.570096679798687944e+00,2.225626041760415230e+00,2.364674931296669946e+00,-2.233228531270883721e+00,8.500000000000000611e-02,3.000000000000000000e+00,5.142701720558476634e+06
-6.683271724438353267e+00,2.428720603808892875e+00,2.665185160596344360e+00,-2.408394555844098672e+00,8.500000000000000611e-02,3.000000000000000000e+00,5.142701720558476634e+06
-7.014929955782138293e+00,2.700976315066497158e+00,3.279646944135718556e+00,-2.378805464361053001e+00,8.500000000000000611e-02,3.000000000000000000e+00,5.142701720558476634e+06
-5.861398018711120095e+00,2.201506199595204993e+00,1.691936329257849758e+00,-1.197098824601795508e+00,8.500000000000000611e-02,3.000000000000000000e+00,5.142701720558476634e+06
-5.682258272684583389e+00,1.878247477432154255e+00,1.135527696143640686e+00,-1.383643308785584836e+00,8.500000000000000611e-02,3.000000000000000000e+00,5.142701720558476634e+06
-5.939111782794876504e+00,2.062281725259615950e+00,1.485083516379949398e+00,-2.051757042946117604e+00,8.500000000000000611e-02,3.000000000000000000e+00,5.142701720558476634e+06
-6.270424756225574825e+00,2.287758478285341290e+00,2.124675639204441246e+00,-1.731155678383563323e+00,8.500000000000000611e-02,3.000000000000000000e+00,5.142701720558476634e+06
-6.315258882410207164e+00,2.578896838352309206e+00,2.432586639535685880e+00,-1.882801275038811895e+00,8.500000000000000611e-02,3.000000000000000000e+00,5.142701720558476634e+06
-6.843775653214861698e+00,2.326722851473351117e+00,2.845925712014031994e+00,-1.225365052186737636e+00,8.500000000000000611e-02,3.000000000000000000e+00,5.142701720558476634e+06
-6.166160338740183988e+00,1.852543564470377824e+00,1.657393941234805101e+00,-1.300271886484649198e+00,8.500000000000000611e-02,3.000000000000000000e+00,5.142701720558476634e+06
-5.802018512184265120e+00,2.038460517223485091e+00,1.387433120253528385e+00,-1.475729755371360197e+00,8.500000000000000611e-02,3.000000000000000000e+00,5.142701720558476634e+06
-5.959349355342093979e+00,2.713292216388954348e+00,2.159156825665876411e+00,-1.803555324744456456e+00,8.500000000000000611e-02,3.000000000000000000e+00,5.142701720558476634e+06
-5.792803199545670800e+00,2.403682806263270688e+00,1.728104144242694318e+00,-1.792073209153879576e+00,8.500000000000000611e-02,3.000000000000000000e+00,5.142701720558476634e+06
-5.745220743442850164e+00,2.299954630713040515e+00,1.611539930132617204e+00,-1.691397630573783673e+00,8.500000000000000611e-02,3.000000000000000000e+00,5.142701720558476634e+06
-5.505990870397339698e+00,1.664481423103633562e+00,8.263061647736594795e-01,-5.496540470364242870e-01,8.500000000000000611e-02,3.000000000000000000e+00,5.142701720558476634e+06
-5.338963216156794367e+00,1.351324290665971040e+00,2.226943006249682000e-01,-1.386600339795115211e+00,8.500000000000000611e-02,3.000000000000000000e+00,5.142701720558476634e+06
-5.491150113984950565e+00,1.218518108365719499e+00,2.162093815540840902e-01,-1.721529446622073856e+00,8.500000000000000611e-02,3.000000000000000000e+00,5.142701720558476634e+06
-5.348116948380570612e+00,1.332883966283860300e+00,1.762502663245333334e-01,-1.731480524096968399e+00,8.500000000000000611e-02,3.000000000000000000e+00,5.142701720558476634e+06
-5.610515436568196179e+00,2.056208499863953598e+00,1.437331258488721897e+00,-3.349092190840307071e-01,8.500000000000000611e-02,3.000000000000000000e+00,5.142701720558476634e+06
-5.243717484997107547e+00,9.323085232475413209e-01,4.955516782554414412e-02,-3.720216273075760416e-02,8.500000000000000611e-02,3.000000000000000000e+00,5.142701720558476634e+06
-5.207383453733040568e+00,1.064741840275069462e+00,1.267242957632849221e-01,-1.054966564703428145e-01,8.500000000000000611e-02,3.000000000000000000e+00,5.142701720558476634e+06
-5.436527671932060990e+00,1.281866369951296214e+00,6.048872228278134866e-01,-1.172585686382935644e-01,8.500000000000000611e-02,3.000000000000000000e+00,5.142701720558476634e+06
-5.855433666436407059e+00,9.232057542292329000e-01,7.554839998287667946e-01,8.118975605844791499e-02,8.500000000000000611e-02,3.000000000000000000e+00,5.142701720558476634e+06
-6.027759206603283459e+00,7.520209013201422099e-01,8.361841624990010713e-01,2.298466044474636316e-01,8.500000000000000611e-02,3.000000000000000000e+00,5.142701720558476634e+06
-6.041001787108694288e+00,1.265714096158323976e+00,1.350755982598758731e+00,1.544516465075338463e-01,8.500000000000000611e-02,3.000000000000000000e+00,5.142701720558476634e+06
-6.197697696359744768e+00,1.892725185845424818e+00,2.170519554986542587e+00,3.503594492512002723e-01,8.500000000000000611e-02,3.000000000000000000e+00,5.142701720558476634e+06
-6.432577258426308120e+00,2.016996713920161888e+00,2.519288489358668670e+00,2.424645820430030296e-01,8.500000000000000611e-02,3.000000000000000000e+00,5.142701720558476634e+06
-6.292050702799651063e+00,2.278192961422376150e+00,2.487309498843888633e+00,1.006886055471328811e-02,8.500000000000000611e-02,3.000000000000000000e+00,5.142701720558476634e+06
-6.366014545886424791e+00,2.162737883353543999e+00,2.524203505676453574e+00,1.485645484537550520e-01,8.500000000000000611e-02,3.000000000000000000e+00,5.142701720558476634e+06
