beta, delta, p, c, lamb, k, K
-5.809432883366409506e+00,1.999968211055552558e+00,1.246137821937992829e+00,1.336319792209778923e+00,8.500000000000000611e-02,3.000000000000000000e+00,4.502249959989419207e+06
-5.809432883366409506e+00,1.999968211055552558e+00,1.246137821937992829e+00,1.336319792209778923e+00,8.500000000000000611e-02,3.000000000000000000e+00,4.502249959989419207e+06
-5.809432883366409506e+00,1.999968211055552558e+00,1.246137821937992829e+00,1.336319792209778923e+00,8.500000000000000611e-02,3.000000000000000000e+00,4.502249959989419207e+06
-5.809429681321528705e+00,1.999978532431778477e+00,1.246153481993818035e+00,1.336347788244161228e+00,8.500000000000000611e-02,3.000000000000000000e+00,4.502249959989419207e+06
-5.809429681321528705e+00,1.999978532431778477e+00,1.246153481993818035e+00,1.336347788244161228e+00,8.500000000000000611e-02,3.000000000000000000e+00,4.502249959989419207e+06
-5.809429681321528705e+00,1.999978532431778477e+00,1.246153481993818035e+00,1.336347788244161228e+00,8.500000000000000611e-02,3.000000000000000000e+00,4.502249959989419207e+06
-5.809429681321528705e+00,1.999978532431778477e+00,1.246153481993818035e+00,1.336347788244161228e+00,8.500000000000000611e-02,3.000000000000000000e+00,4.502249959989419207e+06
-5.809429681321528705e+00,1.999978532431778477e+00,1.246153481993818035e+00,1.336347788244161228e+00,8.500000000000000611e-02,3.000000000000000000e+00,4.502249959989419207e+06
-5.809429681321528705e+00,1.999978532431778477e+00,1.246153481993818035e+00,1.336347788244161228e+00,8.500000000000000611e-02,3.000000000000000000e+00,4.502249959989419207e+06
-5.809429681321528705e+00,1.999978532431778477e+00,1.246153481993818035e+00,1.336347788244161228e+00,8.500000000000000611e-02,3.000000000000000000e+00,4.502249959989419207e+06
-5.809429681321528705e+00,1.999978532431778477e+00,1.246153481993818035e+00,1.336347788244161228e+00,8.500000000000000611e-02,3.000000000000000000e+00,4.502249959989419207e+06
-5.809429681321528705e+00,1.999978532431778477e+00,1.246153481993818035e+00,1.336347788244161228e+00,8.500000000000000611e-02,3.000000000000000000e+00,4.502249959989419207e+06
-5.808397590151707313e+00,2.000733486165454877e+00,1.248259439477394039e+00,1.338239425094279511e+00,8.500000000000000611e-02,3.000000000000000000e+00,4.502249959989419207e+06
-5.808397590151707313e+00,2.000733486165454877e+00,1.248259439477394039e+00,1.338239425094279511e+00,8.500000000000000611e-02,3.000000000000000000e+00,4.502249959989419207e+06
-5.808478911518382581e+00,2.000679800882787074e+00,1.248093546773408891e+00,1.338090798488040356e+00,8.500000000000000611e-02,3.000000000000000000e+00,4.502249959989419207e+06
-5.808245210965711003e+00,2.000867830293416638e+00,1.248595327266856403e+00,1.338549361813315963e+00,8.500000000000000611e-02,3.000000000000000000e+00,4.502249959989419207e+06
-5.808245210965711003e+00,2.000867830293416638e+00,1.248595327266856403e+00,1.338549361813315963e+00,8.500000000000000611e-02,3.000000000000000000e+00,4.502249959989419207e+06
-5.808245210965711003e+00,2.000867830293416638e+00,1.248595327266856403e+00,1.338549361813315963e+00,8.500000000000000611e-02,3.000000000000000000e+00,4.502249959989419207e+06
-5.808245210965711003e+00,2.000867830293416638e+00,1.248595327266856403e+00,1.338549361813315963e+00,8.500000000000000611e-02,3.000000000000000000e+00,4.502249959989419207e+06
-5.808245210965711003e+00,2.000867830293416638e+00,1.248595327266856403e+00,1.338549361813315963e+00,8.500000000000000611e-02,3.000000000000000000e+00,4.502249959989419207e+06
-5.808245210965711003e+00,2.000867830293416638e+00,1.248595327266856403e+00,1.338549361813315963e+00,8.500000000000000611e-02,3.000000000000000000e+00,4.502249959989419207e+06
-5.808245210965711003e+00,2.000867830293416638e+00,1.248595327266856403e+00,1.338549361813315963e+00,8.500000000000000611e-02,3.000000000000000000e+00,4.502249959989419207e+06
-5.808245210965711003e+00,2.000867830293416638e+00,1.248595327266856403e+00,1.338549361813315963e+00,8.500000000000000611e-02,3.000000000000000000e+00,4.502249959989419207e+06
-5.808245210965711003e+00,2.000867830293416638e+00,1.248595327266856403e+00,1.338549361813315963e+00,8.500000000000000611e-02,3.000000000000000000e+00,4.502249959989419207e+06
-5.808245210965711003e+00,2.000867830293416638e+00,1.248595327266856403e+00,1.338549361813315963e+00,8.500000000000000611e-02,3.000000000000000000e+00,4.502249959989419207e+06
-5.808245210965711003e+00,2.000867830293416638e+00,1.248595327266856403e+00,1.338549361813315963e+00,8.500000000000000611e-02,3.000000000000000000e+00,4.502249959989419207e+06
-5.808245210965711003e+00,2.000867830293416638e+00,1.248595327266856403e+00,1.338549361813315963e+00,8.500000000000000611e-02,3.000000000000000000e+00,4.502249959989419207e+06
-5.808245210965711003e+00,2.000867830293416638e+00,1.248595327266856403e+00,1.338549361813315963e+00,8.500000000000000611e-02,3.000000000000000000e+00,4.502249959989419207e+06
-5.808245210965711003e+00,2.000867830293416638e+00,1.248595327266856403e+00,1.338549361813315963e+00,8.500000000000000611e-02,3.000000000000000000e+00,4.502249959989419207e+06
-5.808245210965711003e+00,2.000867830293416638e+00,1.248595327266856403e+00,1.338549361813315963e+00,8.500000000000000611e-02,3.000000000000000000e+00,4.502249959989419207e+06
-5.808245210965711003e+00,2.000867830293416638e+00,1.248595327266856403e+00,1.338549361813315963e+00,8.500000000000000611e-02,3.000000000000000000e+00,4.502249959989419207e+06
-5.808245210965711003e+00,2.000867830293416638e+00,1.248595327266856403e+00,1.338549361813315963e+00,8.500000000000000611e-02,3.000000000000000000e+00,4.502249959989419207e+06
-5.808245210965711003e+00,2.000867830293416638e+00,1.248595327266856403e+00,1.338549361813315963e+00,8.500000000000000611e-02,3.000000000000000000e+00,4.502249959989419207e+06
-5.808245210965711003e+00,2.000867830293416638e+00,1.248595327266856403e+00,1.338549361813315963e+00,8.500000000000000611e-02,3.000000000000000000e+00,4.502249959989419207e+06
-5.808245210965711003e+00,2.000867830293416638e+00,1.248595327266856403e+00,1.338549361813315963e+00,8.500000000000000611e-02,3.000000000000000000e+00,4.502249959989419207e+06
-5.808694162023773977e+00,2.000509857586264317e+00,1.247672493187805820e+00,1.337669838425193491e+00,8.500000000000000611e-02,3.000000000000000000e+00,4.502249959989419207e+06
-5.808694162023773977e+00,2.000509857586264317e+00,1.247672493187805820e+00,1.337669838425193491e+00,8.500000000000000611e-02,3.000000000000000000e+00,4.502249959989419207e+06
-5.808694162023773977e+00,2.000509857586264317e+00,1.247672493187805820e+00,1.337669838425193491e+00,8.500000000000000611e-02,3.000000000000000000e+00,4.502249959989419207e+06
-5.808694162023773977e+00,2.000509857586264317e+00,1.247672493187805820e+00,1.337669838425193491e+00,8.500000000000000611e-02,3.000000000000000000e+00,4.502249959989419207e+06
-5.808767551931515172e+00,2.000091219365142781e+00,1.247450419186431292e+00,1.337191191957074921e+00,8.500000000000000611e-02,3.000000000000000000e+00,4.502249959989419207e+06
-5.808767551931515172e+00,2.000091219365142781e+00,1.247450419186431292e+00,1.337191191957074921e+00,8.500000000000000611e-02,3.000000000000000000e+00,4.502249959989419207e+06
-5.808767551931515172e+00,2.000091219365142781e+00,1.247450419186431292e+00,1.337191191957074921e+00,8.500000000000000611e-02,3.000000000000000000e+00,4.502249959989419207e+06
-5.808767551931515172e+00,2.000091219365142781e+00,1.247450419186431292e+00,1.337191191957074921e+00,8.500000000000000611e-02,3.000000000000000000e+00,4.502249959989419207e+06
-5.808767551931515172e+00,2.000091219365142781e+00,1.247450419186431292e+00,1.337191191957074921e+00,8.500000000000000611e-02,3.000000000000000000e+00,4.502249959989419207e+06
-5.808767551931515172e+00,2.000091219365142781e+00,1.247450419186431292e+00,1.337191191957074921e+00,8.500000000000000611e-02,3.000000000000000000e+00,4.502249959989419207e+06
-5.808767551931515172e+00,2.000091219365142781e+00,1.247450419186431292e+00,1.337191191957074921e+00,8.500000000000000611e-02,3.000000000000000000e+00,4.502249959989419207e+06
-5.808767551931515172e+00,2.000091219365142781e+00,1.247450419186431292e+00,1.337191191957074921e+00,8.500000000000000611e-02,3.000000000000000000e+00,4.502249959989419207e+06
-5.808767551931515172e+00,2.000091219365142781e+00,1.247450419186431292e+00,1.337191191957074921e+00,8.500000000000000611e-02,3.000000000000000000e+00,4.502249959989419207e+06
-5.808767551931515172e+00,2.000091219365142781e+00,1.247450419186431292e+00,1.337191191957074921e+00,8.500000000000000611e-02,3.000000000000000000e+00,4.502249959989419207e+06
-5.808767551931515172e+00,2.000091219365142781e+00,1.247450419186431292e+00,1.337191191957074921e+00,8.500000000000000611e-02,3.000000000000000000e+00,4.502249959989419207e+06
-5.808767551931515172e+00,2.000091219365142781e+00,1.247450419186431292e+00,1.337191191957074921e+00,8.500000000000000611e-02,3.000000000000000000e+00,4.502249959989419207e+06
-5.808767551931515172e+00,2.000091219365142781e+00,1.247450419186431292e+00,1.337191191957074921e+00,8.500000000000000611e-02,3.000000000000000000e+00,4.502249959989419207e+06
-5.808767551931515172e+00,2.000091219365142781e+00,1.247450419186431292e+00,1.337191191957074921e+00,8.500000000000000611e-02,3.000000000000000000e+00,4.502249959989419207e+06
-5.808767551931515172e+00,2.000091219365142781e+00,1.247450419186431292e+00,1.337191191957074921e+00,8.500000000000000611e-02,3.000000000000000000e+00,4.502249959989419207e+06
-5.808767551931515172e+00,2.000091219365142781e+00,1.247450419186431292e+00,1.337191191957074921e+00,8.500000000000000611e-02,3.000000000000000000e+00,4.502249959989419207e+06
-5.808767551931515172e+00,2.000091219365142781e+00,1.247450419186431292e+00,1.337191191957074921e+00,8.500000000000000611e-02,3.000000000000000000e+00,4.502249959989419207e+06
-5.808767551931515172e+00,2.000091219365142781e+00,1.247450419186431292e+00,1.337191191957074921e+00,8.500000000000000611e-02,3.000000000000000000e+00,4.502249959989419207e+06
-5.808767551931515172e+00,2.000091219365142781e+00,1.247450419186431292e+00,1.337191191957074921e+00,8.500000000000000611e-02,3.000000000000000000e+00,4.502249959989419207e+06
-5.804343701687169954e+00,2.003364920490153356e+00,1.254730209443822853e+00,1.342099722915312210e+00,8.500000000000000611e-02,3.000000000000000000e+00,4.502249959989419207e+06
-5.804343701687169954e+00,2.003364920490153356e+00,1.254730209443822853e+00,1.342099722915312210e+00,8.500000000000000611e-02,3.000000000000000000e+00,4.502249959989419207e+06
-5.804343701687169954e+00,2.003364920490153356e+00,1.254730209443822853e+00,1.342099722915312210e+00,8.500000000000000611e-02,3.000000000000000000e+00,4.502249959989419207e+06
-5.804343701687169954e+00,2.003364920490153356e+00,1.254730209443822853e+00,1.342099722915312210e+00,8.500000000000000611e-02,3.000000000000000000e+00,4.502249959989419207e+06
-5.809936434262156446e+00,1.999484521590586761e+00,1.240498150977576097e+00,1.326967856058428374e+00,8.500000000000000611e-02,3.000000000000000000e+00,4.502249959989419207e+06
-5.809936434262156446e+00,1.999484521590586761e+00,1.240498150977576097e+00,1.326967856058428374e+00,8.500000000000000611e-02,3.000000000000000000e+00,4.502249959989419207e+06
-5.809936434262156446e+00,1.999484521590586761e+00,1.240498150977576097e+00,1.326967856058428374e+00,8.500000000000000611e-02,3.000000000000000000e+00,4.502249959989419207e+06
-5.809936434262156446e+00,1.999484521590586761e+00,1.240498150977576097e+00,1.326967856058428374e+00,8.500000000000000611e-02,3.000000000000000000e+00,4.502249959989419207e+06
-5.809936434262156446e+00,1.999484521590586761e+00,1.240498150977576097e+00,1.326967856058428374e+00,8.500000000000000611e-02,3.000000000000000000e+00,4.502249959989419207e+06
-5.809936434262156446e+00,1.999484521590586761e+00,1.240498150977576097e+00,1.326967856058428374e+00,8.500000000000000611e-02,3.000000000000000000e+00,4.502249959989419207e+06
-5.809936434262156446e+00,1.999484521590586761e+00,1.240498150977576097e+00,1.326967856058428374e+00,8.500000000000000611e-02,3.000000000000000000e+00,4.502249959989419207e+06
-5.860723286158026291e+00,1.932850123032356926e+00,1.153060739005682844e+00,1.270455686135263162e+00,8.500000000000000611e-02,3.000000000000000000e+00,4.502249959989419207e+06
-5.860723286158026291e+00,1.932850123032356926e+00,1.153060739005682844e+00,1.270455686135263162e+00,8.500000000000000611e-02,3.000000000000000000e+00,4.502249959989419207e+06
-5.910635160565472113e+00,1.869343843718777487e+00,1.065092001567313984e+00,1.208620019628287467e+00,8.500000000000000611e-02,3.000000000000000000e+00,4.502249959989419207e+06
-5.910635160565472113e+00,1.869343843718777487e+00,1.065092001567313984e+00,1.208620019628287467e+00,8.500000000000000611e-02,3.000000000000000000e+00,4.502249959989419207e+06
-5.910635160565472113e+00,1.869343843718777487e+00,1.065092001567313984e+00,1.208620019628287467e+00,8.500000000000000611e-02,3.000000000000000000e+00,4.502249959989419207e+06
-5.910635160565472113e+00,1.869343843718777487e+00,1.065092001567313984e+00,1.208620019628287467e+00,8.500000000000000611e-02,3.000000000000000000e+00,4.502249959989419207e+06
-5.910635160565472113e+00,1.869343843718777487e+00,1.065092001567313984e+00,1.208620019628287467e+00,8.500000000000000611e-02,3.000000000000000000e+00,4.502249959989419207e+06
-5.907027566127585061e+00,1.872870150352951901e+00,1.079558115706282351e+00,1.264011449984635327e+00,8.500000000000000611e-02,3.000000000000000000e+00,4.502249959989419207e+06
-6.359118297506391571e+00,1.483118579091618150e+00,4.556447412521014151e-01,9.835159364842944729e-01,8.500000000000000611e-02,3.000000000000000000e+00,4.502249959989419207e+06
-6.948650652874277966e+00,9.663090912231987462e-01,-3.195769505575130065e-01,7.847262850718829119e-01,8.500000000000000611e-02,3.000000000000000000e+00,4.502249959989419207e+06
-7.016442556229417704e+00,9.566396464791668830e-01,-4.076593487913335867e-01,6.546276254062936006e-01,8.500000000000000611e-02,3.000000000000000000e+00,4.502249959989419207e+06
-7.022486819384155865e+00,9.515336658756901045e-01,-4.157584327329757468e-01,6.516044856410778685e-01,8.500000000000000611e-02,3.000000000000000000e+00,4.502249959989419207e+06
-7.022486819384155865e+00,9.515336658756901045e-01,-4.157584327329757468e-01,6.516044856410778685e-01,8.500000000000000611e-02,3.000000000000000000e+00,4.502249959989419207e+06
-7.022486819384155865e+00,9.515336658756901045e-01,-4.157584327329757468e-01,6.516044856410778685e-01,8.500000000000000611e-02,3.000000000000000000e+00,4.502249959989419207e+06
-7.088360056460105696e+00,9.174479934973094331e-01,-4.702801059796120620e-01,6.302004337683178026e-01,8.500000000000000611e-02,3.000000000000000000e+00,4.502249959989419207e+06
-7.328515138014678243e+00,8.000889056429169033e-01,-7.355277455904717376e-01,6.078828345003658429e-01,8.500000000000000611e-02,3.000000000000000000e+00,4.502249959989419207e+06
-7.278774709652033437e+00,8.341196730755043864e-01,-6.790837346372333716e-01,6.055586809035961027e-01,8.500000000000000611e-02,3.000000000000000000e+00,4.502249959989419207e+06
-7.353929958397779743e+00,7.879884162054042740e-01,-7.561513043585021965e-01,6.108647362264226777e-01,8.500000000000000611e-02,3.000000000000000000e+00,4.502249959989419207e+06
-7.315291836515860346e+00,8.071050105241424077e-01,-7.155790100462910974e-01,5.967001038632561150e-01,8.500000000000000611e-02,3.000000000000000000e+00,4.502249959989419207e+06
-7.748305693468444666e+00,6.713114808849010018e-01,-1.156936769418853928e+00,5.468897359506134093e-01,8.500000000000000611e-02,3.000000000000000000e+00,4.502249959989419207e+06
-7.807820951842677992e+00,6.664341535199376221e-01,-1.202998392476049450e+00,5.381215117857908181e-01,8.500000000000000611e-02,3.000000000000000000e+00,4.502249959989419207e+06
-5.809562993496235173e+00,1.999745800784529237e+00,1.245818647070702001e+00,1.335946470424510757e+00,8.500000000000000611e-02,3.000000000000000000e+00,4.502249959989419207e+06
-5.809562993496235173e+00,1.999745800784529237e+00,1.245818647070702001e+00,1.335946470424510757e+00,8.500000000000000611e-02,3.000000000000000000e+00,4.502249959989419207e+06
-5.809562993496235173e+00,1.999745800784529237e+00,1.245818647070702001e+00,1.335946470424510757e+00,8.500000000000000611e-02,3.000000000000000000e+00,4.502249959989419207e+06
-5.809562993496235173e+00,1.999745800784529237e+00,1.245818647070702001e+00,1.335946470424510757e+00,8.500000000000000611e-02,3.000000000000000000e+00,4.502249959989419207e+06
-5.809562993496235173e+00,1.999745800784529237e+00,1.245818647070702001e+00,1.335946470424510757e+00,8.500000000000000611e-02,3.000000000000000000e+00,4.502249959989419207e+06
-5.809562993496235173e+00,1.999745800784529237e+00,1.245818647070702001e+00,1.335946470424510757e+00,8.500000000000000611e-02,3.000000000000000000e+00,4.502249959989419207e+06
-5.809562993496235173e+00,1.999745800784529237e+00,1.245818647070702001e+00,1.335946470424510757e+00,8.500000000000000611e-02,3.000000000000000000e+00,4.502249959989419207e+06
-5.809562993496235173e+00,1.999745800784529237e+00,1.245818647070702001e+00,1.335946470424510757e+00,8.500000000000000611e-02,3.000000000000000000e+00,4.502249959989419207e+06
-5.809562993496235173e+00,1.999745800784529237e+00,1.245818647070702001e+00,1.335946470424510757e+00,8.500000000000000611e-02,3.000000000000000000e+00,4.502249959989419207e+06
-5.809562993496235173e+00,1.999745800784529237e+00,1.245818647070702001e+00,1.335946470424510757e+00,8.500000000000000611e-02,3.000000000000000000e+00,4.502249959989419207e+06
-5.809820724008277537e+00,1.999685666557134756e+00,1.245348822459057425e+00,1.335610712779291998e+00,8.500000000000000611e-02,3.000000000000000000e+00,4.502249959989419207e+06
-5.809820724008277537e+00,1.999685666557134756e+00,1.245348822459057425e+00,1.335610712779291998e+00,8.500000000000000611e-02,3.000000000000000000e+00,4.502249959989419207e+06
-5.810163986174153194e+00,1.999441403342454349e+00,1.244655150407589561e+00,1.335001939971197427e+00,8.500000000000000611e-02,3.000000000000000000e+00,4.502249959989419207e+06
-5.810163986174153194e+00,1.999441403342454349e+00,1.244655150407589561e+00,1.335001939971197427e+00,8.500000000000000611e-02,3.000000000000000000e+00,4.502249959989419207e+06
-5.810163986174153194e+00,1.999441403342454349e+00,1.244655150407589561e+00,1.335001939971197427e+00,8.500000000000000611e-02,3.000000000000000000e+00,4.502249959989419207e+06
-5.810163986174153194e+00,1.999441403342454349e+00,1.244655150407589561e+00,1.335001939971197427e+00,8.500000000000000611e-02,3.000000000000000000e+00,4.502249959989419207e+06
-5.810163986174153194e+00,1.999441403342454349e+00,1.244655150407589561e+00,1.335001939971197427e+00,8.500000000000000611e-02,3.000000000000000000e+00,4.502249959989419207e+06
-5.810163986174153194e+00,1.999441403342454349e+00,1.244655150407589561e+00,1.335001939971197427e+00,8.500000000000000611e-02,3.000000000000000000e+00,4.502249959989419207e+06
-5.810163986174153194e+00,1.999441403342454349e+00,1.244655150407589561e+00,1.335001939971197427e+00,8.500000000000000611e-02,3.000000000000000000e+00,4.502249959989419207e+06
-5.810163986174153194e+00,1.999441403342454349e+00,1.244655150407589561e+00,1.335001939971197427e+00,8.500000000000000611e-02,3.000000000000000000e+00,4.502249959989419207e+06
-5.810163986174153194e+00,1.999441403342454349e+00,1.244655150407589561e+00,1.335001939971197427e+00,8.500000000000000611e-02,3.000000000000000000e+00,4.502249959989419207e+06
-5.810566257819568925e+00,1.999167420520138849e+00,1.243843512242663429e+00,1.334304859746626271e+00,8.500000000000000611e-02,3.000000000000000000e+00,4.502249959989419207e+06
-5.810566257819568925e+00,1.999167420520138849e+00,1.243843512242663429e+00,1.334304859746626271e+00,8.500000000000000611e-02,3.000000000000000000e+00,4.502249959989419207e+06
-5.810305691267577899e+00,1.999352058132459087e+00,1.244384775184038450e+00,1.334782489463836042e+00,8.500000000000000611e-02,3.000000000000000000e+00,4.502249959989419207e+06
-5.810305691267577899e+00,1.999352058132459087e+00,1.244384775184038450e+00,1.334782489463836042e+00,8.500000000000000611e-02,3.000000000000000000e+00,4.502249959989419207e+06
-5.810305691267577899e+00,1.999352058132459087e+00,1.244384775184038450e+00,1.334782489463836042e+00,8.500000000000000611e-02,3.000000000000000000e+00,4.502249959989419207e+06
-5.810305691267577899e+00,1.999352058132459087e+00,1.244384775184038450e+00,1.334782489463836042e+00,8.500000000000000611e-02,3.000000000000000000e+00,4.502249959989419207e+06
-5.810305691267577899e+00,1.999352058132459087e+00,1.244384775184038450e+00,1.334782489463836042e+00,8.500000000000000611e-02,3.000000000000000000e+00,4.502249959989419207e+06
-5.810305691267577899e+00,1.999352058132459087e+00,1.244384775184038450e+00,1.334782489463836042e+00,8.500000000000000611e-02,3.000000000000000000e+00,4.502249959989419207e+06
-5.810305691267577899e+00,1.999352058132459087e+00,1.244384775184038450e+00,1.334782489463836042e+00,8.500000000000000611e-02,3.000000000000000000e+00,4.502249959989419207e+06
-5.810305691267577899e+00,1.999352058132459087e+00,1.244384775184038450e+00,1.334782489463836042e+00,8.500000000000000611e-02,3.000000000000000000e+00,4.502249959989419207e+06
-5.810305691267577899e+00,1.999352058132459087e+00,1.244384775184038450e+00,1.334782489463836042e+00,8.500000000000000611e-02,3.000000000000000000e+00,4.502249959989419207e+06
-5.810305691267577899e+00,1.999352058132459087e+00,1.244384775184038450e+00,1.334782489463836042e+00,8.500000000000000611e-02,3.000000000000000000e+00,4.502249959989419207e+06
-5.810305691267577899e+00,1.999352058132459087e+00,1.244384775184038450e+00,1.334782489463836042e+00,8.500000000000000611e-02,3.000000000000000000e+00,4.502249959989419207e+06
-5.810305691267577899e+00,1.999352058132459087e+00,1.244384775184038450e+00,1.334782489463836042e+00,8.500000000000000611e-02,3.000000000000000000e+00,4.502249959989419207e+06
-5.810305691267577899e+00,1.999352058132459087e+00,1.244384775184038450e+00,1.334782489463836042e+00,8.500000000000000611e-02,3.000000000000000000e+00,4.502249959989419207e+06
-5.810305691267577899e+00,1.999352058132459087e+00,1.244384775184038450e+00,1.334782489463836042e+00,8.500000000000000611e-02,3.000000000000000000e+00,4.502249959989419207e+06
-5.810305691267577899e+00,1.999352058132459087e+00,1.244384775184038450e+00,1.334782489463836042e+00,8.500000000000000611e-02,3.000000000000000000e+00,4.502249959989419207e+06
-5.810305691267577899e+00,1.999352058132459087e+00,1.244384775184038450e+00,1.334782489463836042e+00,8.500000000000000611e-02,3.000000000000000000e+00,4.502249959989419207e+06
-5.810305691267577899e+00,1.999352058132459087e+00,1.244384775184038450e+00,1.334782489463836042e+00,8.500000000000000611e-02,3.000000000000000000e+00,4.502249959989419207e+06
-5.810517639660722544e+00,1.999140526803358853e+00,1.244090559713552091e+00,1.334655294265571834e+00,8.500000000000000611e-02,3.000000000000000000e+00,4.502249959989419207e+06
-5.810517639660722544e+00,1.999140526803358853e+00,1.244090559713552091e+00,1.334655294265571834e+00,8.500000000000000611e-02,3.000000000000000000e+00,4.502249959989419207e+06
-5.810517639660722544e+00,1.999140526803358853e+00,1.244090559713552091e+00,1.334655294265571834e+00,8.500000000000000611e-02,3.000000000000000000e+00,4.502249959989419207e+06
-5.810517639660722544e+00,1.999140526803358853e+00,1.244090559713552091e+00,1.334655294265571834e+00,8.500000000000000611e-02,3.000000000000000000e+00,4.502249959989419207e+06
-5.810517639660722544e+00,1.999140526803358853e+00,1.244090559713552091e+00,1.334655294265571834e+00,8.500000000000000611e-02,3.000000000000000000e+00,4.502249959989419207e+06
-5.810517639660722544e+00,1.999140526803358853e+00,1.244090559713552091e+00,1.334655294265571834e+00,8.500000000000000611e-02,3.000000000000000000e+00,4.502249959989419207e+06
-5.810517639660722544e+00,1.999140526803358853e+00,1.244090559713552091e+00,1.334655294265571834e+00,8.500000000000000611e-02,3.000000000000000000e+00,4.502249959989419207e+06
-5.810517639660722544e+00,1.999140526803358853e+00,1.244090559713552091e+00,1.334655294265571834e+00,8.500000000000000611e-02,3.000000000000000000e+00,4.502249959989419207e+06
-5.810517639660722544e+00,1.999140526803358853e+00,1.244090559713552091e+00,1.334655294265571834e+00,8.500000000000000611e-02,3.000000000000000000e+00,4.502249959989419207e+06
-5.810517639660722544e+00,1.999140526803358853e+00,1.244090559713552091e+00,1.334655294265571834e+00,8.500000000000000611e-02,3.000000000000000000e+00,4.502249959989419207e+06
-5.810517639660722544e+00,1.999140526803358853e+00,1.244090559713552091e+00,1.334655294265571834e+00,8.500000000000000611e-02,3.000000000000000000e+00,4.502249959989419207e+06
-5.810517639660722544e+00,1.999140526803358853e+00,1.244090559713552091e+00,1.334655294265571834e+00,8.500000000000000611e-02,3.000000000000000000e+00,4.502249959989419207e+06
-5.810517639660722544e+00,1.999140526803358853e+00,1.244090559713552091e+00,1.334655294265571834e+00,8.500000000000000611e-02,3.000000000000000000e+00,4.502249959989419207e+06
-5.810517639660722544e+00,1.999140526803358853e+00,1.244090559713552091e+00,1.334655294265571834e+00,8.500000000000000611e-02,3.000000000000000000e+00,4.502249959989419207e+06
-5.810517639660722544e+00,1.999140526803358853e+00,1.244090559713552091e+00,1.334655294265571834e+00,8.500000000000000611e-02,3.000000000000000000e+00,4.502249959989419207e+06
-5.810517639660722544e+00,1.999140526803358853e+00,1.244090559713552091e+00,1.334655294265571834e+00,8.500000000000000611e-02,3.000000000000000000e+00,4.502249959989419207e+06
-5.810517639660722544e+00,1.999140526803358853e+00,1.244090559713552091e+00,1.334655294265571834e+00,8.500000000000000611e-02,3.000000000000000000e+00,4.502249959989419207e+06
-5.810517639660722544e+00,1.999140526803358853e+00,1.244090559713552091e+00,1.334655294265571834e+00,8.500000000000000611e-02,3.000000000000000000e+00,4.502249959989419207e+06
-5.810517639660722544e+00,1.999140526803358853e+00,1.244090559713552091e+00,1.334655294265571834e+00,8.500000000000000611e-02,3.000000000000000000e+00,4.502249959989419207e+06
-5.810517639660722544e+00,1.999140526803358853e+00,1.244090559713552091e+00,1.334655294265571834e+00,8.500000000000000611e-02,3.000000000000000000e+00,4.502249959989419207e+06
-5.815870538666980671e+00,1.994594852719937750e+00,1.237343245801039604e+00,1.330851003668107380e+00,8.500000000000000611e-02,3.000000000000000000e+00,4.502249959989419207e+06
-5.815870538666980671e+00,1.994594852719937750e+00,1.237343245801039604e+00,1.330851003668107380e+00,8.500000000000000611e-02,3.000000000000000000e+00,4.502249959989419207e+06
-5.815867865265159864e+00,1.994597216234228254e+00,1.237346762439125447e+00,1.330853187814318161e+00,8.500000000000000611e-02,3.000000000000000000e+00,4.502249959989419207e+06
-5.815867865265159864e+00,1.994597216234228254e+00,1.237346762439125447e+00,1.330853187814318161e+00,8.500000000000000611e-02,3.000000000000000000e+00,4.502249959989419207e+06
-5.815867865265159864e+00,1.994597216234228254e+00,1.237346762439125447e+00,1.330853187814318161e+00,8.500000000000000611e-02,3.000000000000000000e+00,4.502249959989419207e+06
-5.815867865265159864e+00,1.994597216234228254e+00,1.237346762439125447e+00,1.330853187814318161e+00,8.500000000000000611e-02,3.000000000000000000e+00,4.502249959989419207e+06
-5.815867865265159864e+00,1.994597216234228254e+00,1.237346762439125447e+00,1.330853187814318161e+00,8.500000000000000611e-02,3.000000000000000000e+00,4.502249959989419207e+06
-5.815867865265159864e+00,1.994597216234228254e+00,1.237346762439125447e+00,1.330853187814318161e+00,8.500000000000000611e-02,3.000000000000000000e+00,4.502249959989419207e+06
-5.815867865265159864e+00,1.994597216234228254e+00,1.237346762439125447e+00,1.330853187814318161e+00,8.500000000000000611e-02,3.000000000000000000e+00,4.502249959989419207e+06
-5.815867865265159864e+00,1.994597216234228254e+00,1.237346762439125447e+00,1.330853187814318161e+00,8.500000000000000611e-02,3.000000000000000000e+00,4.502249959989419207e+06
-5.815867865265159864e+00,1.994597216234228254e+00,1.237346762439125447e+00,1.330853187814318161e+00,8.500000000000000611e-02,3.000000000000000000e+00,4.502249959989419207e+06
-5.815867865265159864e+00,1.994597216234228254e+00,1.237346762439125447e+00,1.330853187814318161e+00,8.500000000000000611e-02,3.000000000000000000e+00,4.502249959989419207e+06
-5.815867865265159864e+00,1.994597216234228254e+00,1.237346762439125447e+00,1.330853187814318161e+00,8.500000000000000611e-02,3.000000000000000000e+00,4.502249959989419207e+06
-5.815867865265159864e+00,1.994597216234228254e+00,1.237346762439125447e+00,1.330853187814318161e+00,8.500000000000000611e-02,3.000000000000000000e+00,4.502249959989419207e+06
-5.815867865265159864e+00,1.994597216234228254e+00,1.237346762439125447e+00,1.330853187814318161e+00,8.500000000000000611e-02,3.000000000000000000e+00,4.502249959989419207e+06
-5.815867865265159864e+00,1.994597216234228254e+00,1.237346762439125447e+00,1.330853187814318161e+00,8.500000000000000611e-02,3.000000000000000000e+00,4.502249959989419207e+06
-5.815867865265159864e+00,1.994597216234228254e+00,1.237346762439125447e+00,1.330853187814318161e+00,8.500000000000000611e-02,3.000000000000000000e+00,4.502249959989419207e+06
-5.815867865265159864e+00,1.994597216234228254e+00,1.237346762439125447e+00,1.330853187814318161e+00,8.500000000000000611e-02,3.000000000000000000e+00,4.502249959989419207e+06
-5.815867865265159864e+00,1.994597216234228254e+00,1.237346762439125447e+00,1.330853187814318161e+00,8.500000000000000611e-02,3.000000000000000000e+00,4.502249959989419207e+06
-7.043168001855059757e+00,9.701773192198335227e-01,-4.463991741217658848e-01,5.439705061085692295e-01,8.500000000000000611e-02,3.000000000000000000e+00,4.502249959989419207e+06
-7.054785588204011582e+00,9.612565961006236392e-01,-4.614814449817279396e-01,5.382022706978903948e-01,8.500000000000000611e-02,3.000000000000000000e+00,4.502249959989419207e+06
-7.049040561886990908e+00,9.638951747860956543e-01,-4.509199503681579069e-01,5.387745993114873011e-01,8.500000000000000611e-02,3.000000000000000000e+00,4.502249959989419207e+06
-7.024977185970337601e+00,9.792818793340030137e-01,-4.248960480102010884e-01,5.401480896553529920e-01,8.500000000000000611e-02,3.000000000000000000e+00,4.502249959989419207e+06
-7.064812034591512635e+00,9.764772209157770444e-01,-4.490183542980567544e-01,5.410759333280084071e-01,8.500000000000000611e-02,3.000000000000000000e+00,4.502249959989419207e+06
-7.060504626981706444e+00,9.787807654207818508e-01,-4.447369781132024524e-01,5.412581307219501703e-01,8.500000000000000611e-02,3.000000000000000000e+00,4.502249959989419207e+06
-7.060504626981706444e+00,9.787807654207818508e-01,-4.447369781132024524e-01,5.412581307219501703e-01,8.500000000000000611e-02,3.000000000000000000e+00,4.502249959989419207e+06
-7.060504626981706444e+00,9.787807654207818508e-01,-4.447369781132024524e-01,5.412581307219501703e-01,8.500000000000000611e-02,3.000000000000000000e+00,4.502249959989419207e+06
-7.060640648422535470e+00,9.788507313736022342e-01,-4.447514604711574338e-01,5.413653102661181160e-01,8.500000000000000611e-02,3.000000000000000000e+00,4.502249959989419207e+06
-6.986219810870980318e+00,1.069576516588714110e+00,-2.962356210133567092e-01,5.635541919597462091e-01,8.500000000000000611e-02,3.000000000000000000e+00,4.502249959989419207e+06
-7.021010384481754407e+00,1.090000388631899852e+00,-3.238784472452767016e-01,5.809281709991858111e-01,8.500000000000000611e-02,3.000000000000000000e+00,4.502249959989419207e+06
-5.809442584261135245e+00,1.999956978135851715e+00,1.246131172934608289e+00,1.336295725814506730e+00,8.500000000000000611e-02,3.000000000000000000e+00,4.502249959989419207e+06
-5.809442584261135245e+00,1.999956978135851715e+00,1.246131172934608289e+00,1.336295725814506730e+00,8.500000000000000611e-02,3.000000000000000000e+00,4.502249959989419207e+06
-5.809582254482406505e+00,1.999824941178465876e+00,1.245749867619654339e+00,1.335972332476671687e+00,8.500000000000000611e-02,3.000000000000000000e+00,4.502249959989419207e+06
-5.809582254482406505e+00,1.999824941178465876e+00,1.245749867619654339e+00,1.335972332476671687e+00,8.500000000000000611e-02,3.000000000000000000e+00,4.502249959989419207e+06
-5.809582254482406505e+00,1.999824941178465876e+00,1.245749867619654339e+00,1.335972332476671687e+00,8.500000000000000611e-02,3.000000000000000000e+00,4.502249959989419207e+06
-5.809582254482406505e+00,1.999824941178465876e+00,1.245749867619654339e+00,1.335972332476671687e+00,8.500000000000000611e-02,3.000000000000000000e+00,4.502249959989419207e+06
-5.809582254482406505e+00,1.999824941178465876e+00,1.245749867619654339e+00,1.335972332476671687e+00,8.500000000000000611e-02,3.000000000000000000e+00,4.502249959989419207e+06
-5.809582254482406505e+00,1.999824941178465876e+00,1.245749867619654339e+00,1.335972332476671687e+00,8.500000000000000611e-02,3.000000000000000000e+00,4.502249959989419207e+06
-5.809582254482406505e+00,1.999824941178465876e+00,1.245749867619654339e+00,1.335972332476671687e+00,8.500000000000000611e-02,3.000000000000000000e+00,4.502249959989419207e+06
-5.809582254482406505e+00,1.999824941178465876e+00,1.245749867619654339e+00,1.335972332476671687e+00,8.500000000000000611e-02,3.000000000000000000e+00,4.502249959989419207e+06
-5.809582254482406505e+00,1.999824941178465876e+00,1.245749867619654339e+00,1.335972332476671687e+00,8.500000000000000611e-02,3.000000000000000000e+00,4.502249959989419207e+06
-5.809582254482406505e+00,1.999824941178465876e+00,1.245749867619654339e+00,1.335972332476671687e+00,8.500000000000000611e-02,3.000000000000000000e+00,4.502249959989419207e+06
-5.809582254482406505e+00,1.999824941178465876e+00,1.245749867619654339e+00,1.335972332476671687e+00,8.500000000000000611e-02,3.000000000000000000e+00,4.502249959989419207e+06
-5.809582254482406505e+00,1.999824941178465876e+00,1.245749867619654339e+00,1.335972332476671687e+00,8.500000000000000611e-02,3.000000000000000000e+00,4.502249959989419207e+06
-5.809582254482406505e+00,1.999824941178465876e+00,1.245749867619654339e+00,1.335972332476671687e+00,8.500000000000000611e-02,3.000000000000000000e+00,4.502249959989419207e+06
-5.809582254482406505e+00,1.999824941178465876e+00,1.245749867619654339e+00,1.335972332476671687e+00,8.500000000000000611e-02,3.000000000000000000e+00,4.502249959989419207e+06
-5.809582254482406505e+00,1.999824941178465876e+00,1.245749867619654339e+00,1.335972332476671687e+00,8.500000000000000611e-02,3.000000000000000000e+00,4.502249959989419207e+06
-5.809561827288795222e+00,1.999850755754907672e+00,1.245803818836108023e+00,1.336026798466875443e+00,8.500000000000000611e-02,3.000000000000000000e+00,4.502249959989419207e+06
-5.809561827288795222e+00,1.999850755754907672e+00,1.245803818836108023e+00,1.336026798466875443e+00,8.500000000000000611e-02,3.000000000000000000e+00,4.502249959989419207e+06
-5.809561827288795222e+00,1.999850755754907672e+00,1.245803818836108023e+00,1.336026798466875443e+00,8.500000000000000611e-02,3.000000000000000000e+00,4.502249959989419207e+06
-5.809561827288795222e+00,1.999850755754907672e+00,1.245803818836108023e+00,1.336026798466875443e+00,8.500000000000000611e-02,3.000000000000000000e+00,4.502249959989419207e+06
-5.809561827288795222e+00,1.999850755754907672e+00,1.245803818836108023e+00,1.336026798466875443e+00,8.500000000000000611e-02,3.000000000000000000e+00,4.502249959989419207e+06
-5.809561827288795222e+00,1.999850755754907672e+00,1.245803818836108023e+00,1.336026798466875443e+00,8.500000000000000611e-02,3.000000000000000000e+00,4.502249959989419207e+06
-5.809561827288795222e+00,1.999850755754907672e+00,1.245803818836108023e+00,1.336026798466875443e+00,8.500000000000000611e-02,3.000000000000000000e+00,4.502249959989419207e+06
-5.809561827288795222e+00,1.999850755754907672e+00,1.245803818836108023e+00,1.336026798466875443e+00,8.500000000000000611e-02,3.000000000000000000e+00,4.502249959989419207e+06
-5.809561827288795222e+00,1.999850755754907672e+00,1.245803818836108023e+00,1.336026798466875443e+00,8.500000000000000611e-02,3.000000000000000000e+00,4.502249959989419207e+06
-5.809561827288795222e+00,1.999850755754907672e+00,1.245803818836108023e+00,1.336026798466875443e+00,8.500000000000000611e-02,3.000000000000000000e+00,4.502249959989419207e+06
-5.809561827288795222e+00,1.999850755754907672e+00,1.245803818836108023e+00,1.336026798466875443e+00,8.500000000000000611e-02,3.000000000000000000e+00,4.502249959989419207e+06
-5.809864659235912221e+00,1.999425042781037387e+00,1.245106477853667348e+00,1.335310421511283652e+00,8.500000000000000611e-02,3.000000000000000000e+00,4.502249959989419207e+06
-5.809864659235912221e+00,1.999425042781037387e+00,1.245106477853667348e+00,1.335310421511283652e+00,8.500000000000000611e-02,3.000000000000000000e+00,4.502249959989419207e+06
-5.809864659235912221e+00,1.999425042781037387e+00,1.245106477853667348e+00,1.335310421511283652e+00,8.500000000000000611e-02,3.000000000000000000e+00,4.502249959989419207e+06
-5.809864659235912221e+00,1.999425042781037387e+00,1.245106477853667348e+00,1.335310421511283652e+00,8.500000000000000611e-02,3.000000000000000000e+00,4.502249959989419207e+06
-5.809864659235912221e+00,1.999425042781037387e+00,1.245106477853667348e+00,1.335310421511283652e+00,8.500000000000000611e-02,3.000000000000000000e+00,4.502249959989419207e+06
-5.809864659235912221e+00,1.999425042781037387e+00,1.245106477853667348e+00,1.335310421511283652e+00,8.500000000000000611e-02,3.000000000000000000e+00,4.502249959989419207e+06
-5.810113685870812894e+00,1.999137549391079460e+00,1.244506552043975978e+00,1.334756778285564938e+00,8.500000000000000611e-02,3.000000000000000000e+00,4.502249959989419207e+06
-5.810113685870812894e+00,1.999137549391079460e+00,1.244506552043975978e+00,1.334756778285564938e+00,8.500000000000000611e-02,3.000000000000000000e+00,4.502249959989419207e+06
-5.810113685870812894e+00,1.999137549391079460e+00,1.244506552043975978e+00,1.334756778285564938e+00,8.500000000000000611e-02,3.000000000000000000e+00,4.502249959989419207e+06
-5.810113685870812894e+00,1.999137549391079460e+00,1.244506552043975978e+00,1.334756778285564938e+00,8.500000000000000611e-02,3.000000000000000000e+00,4.502249959989419207e+06
-5.810113685870812894e+00,1.999137549391079460e+00,1.244506552043975978e+00,1.334756778285564938e+00,8.500000000000000611e-02,3.000000000000000000e+00,4.502249959989419207e+06
-5.810113685870812894e+00,1.999137549391079460e+00,1.244506552043975978e+00,1.334756778285564938e+00,8.500000000000000611e-02,3.000000000000000000e+00,4.502249959989419207e+06
-5.810113685870812894e+00,1.999137549391079460e+00,1.244506552043975978e+00,1.334756778285564938e+00,8.500000000000000611e-02,3.000000000000000000e+00,4.502249959989419207e+06
-5.811101687558036133e+00,1.998909253457238799e+00,1.243805442430480079e+00,1.335376728374782163e+00,8.500000000000000611e-02,3.000000000000000000e+00,4.502249959989419207e+06
-5.811101687558036133e+00,1.998909253457238799e+00,1.243805442430480079e+00,1.335376728374782163e+00,8.500000000000000611e-02,3.000000000000000000e+00,4.502249959989419207e+06
-5.811101687558036133e+00,1.998909253457238799e+00,1.243805442430480079e+00,1.335376728374782163e+00,8.500000000000000611e-02,3.000000000000000000e+00,4.502249959989419207e+06
-5.811101687558036133e+00,1.998909253457238799e+00,1.243805442430480079e+00,1.335376728374782163e+00,8.500000000000000611e-02,3.000000000000000000e+00,4.502249959989419207e+06
-5.811101687558036133e+00,1.998909253457238799e+00,1.243805442430480079e+00,1.335376728374782163e+00,8.500000000000000611e-02,3.000000000000000000e+00,4.502249959989419207e+06
-5.811101687558036133e+00,1.998909253457238799e+00,1.243805442430480079e+00,1.335376728374782163e+00,8.500000000000000611e-02,3.000000000000000000e+00,4.502249959989419207e+06
-5.811101687558036133e+00,1.998909253457238799e+00,1.243805442430480079e+00,1.335376728374782163e+00,8.500000000000000611e-02,3.000000000000000000e+00,4.502249959989419207e+06
-5.811101687558036133e+00,1.998909253457238799e+00,1.243805442430480079e+00,1.335376728374782163e+00,8.500000000000000611e-02,3.000000000000000000e+00,4.502249959989419207e+06
-5.811101687558036133e+00,1.998909253457238799e+00,1.243805442430480079e+00,1.335376728374782163e+00,8.500000000000000611e-02,3.000000000000000000e+00,4.502249959989419207e+06
-5.811101687558036133e+00,1.998909253457238799e+00,1.243805442430480079e+00,1.335376728374782163e+00,8.500000000000000611e-02,3.000000000000000000e+00,4.502249959989419207e+06
-5.811101687558036133e+00,1.998909253457238799e+00,1.243805442430480079e+00,1.335376728374782163e+00,8.500000000000000611e-02,3.000000000000000000e+00,4.502249959989419207e+06
-5.811159656905929616e+00,1.998907796515963398e+00,1.243768295292731363e+00,1.335417429841103676e+00,8.500000000000000611e-02,3.000000000000000000e+00,4.502249959989419207e+06
-5.811159656905929616e+00,1.998907796515963398e+00,1.243768295292731363e+00,1.335417429841103676e+00,8.500000000000000611e-02,3.000000000000000000e+00,4.502249959989419207e+06
-5.811159656905929616e+00,1.998907796515963398e+00,1.243768295292731363e+00,1.335417429841103676e+00,8.500000000000000611e-02,3.000000000000000000e+00,4.502249959989419207e+06
-5.811159656905929616e+00,1.998907796515963398e+00,1.243768295292731363e+00,1.335417429841103676e+00,8.500000000000000611e-02,3.000000000000000000e+00,4.502249959989419207e+06
-5.811159656905929616e+00,1.998907796515963398e+00,1.243768295292731363e+00,1.335417429841103676e+00,8.500000000000000611e-02,3.000000000000000000e+00,4.502249959989419207e+06
-5.811159656905929616e+00,1.998907796515963398e+00,1.243768295292731363e+00,1.335417429841103676e+00,8.500000000000000611e-02,3.000000000000000000e+00,4.502249959989419207e+06
-5.811159656905929616e+00,1.998907796515963398e+00,1.243768295292731363e+00,1.335417429841103676e+00,8.500000000000000611e-02,3.000000000000000000e+00,4.502249959989419207e+06
-5.811159656905929616e+00,1.998907796515963398e+00,1.243768295292731363e+00,1.335417429841103676e+00,8.500000000000000611e-02,3.000000000000000000e+00,4.502249959989419207e+06
-5.811159656905929616e+00,1.998907796515963398e+00,1.243768295292731363e+00,1.335417429841103676e+00,8.500000000000000611e-02,3.000000000000000000e+00,4.502249959989419207e+06
-5.815107018066989042e+00,1.995505775101736656e+00,1.238120511220974551e+00,1.332444795154427153e+00,8.500000000000000611e-02,3.000000000000000000e+00,4.502249959989419207e+06
-5.815107018066989042e+00,1.995505775101736656e+00,1.238120511220974551e+00,1.332444795154427153e+00,8.500000000000000611e-02,3.000000000000000000e+00,4.502249959989419207e+06
-5.815107018066989042e+00,1.995505775101736656e+00,1.238120511220974551e+00,1.332444795154427153e+00,8.500000000000000611e-02,3.000000000000000000e+00,4.502249959989419207e+06
-5.815107018066989042e+00,1.995505775101736656e+00,1.238120511220974551e+00,1.332444795154427153e+00,8.500000000000000611e-02,3.000000000000000000e+00,4.502249959989419207e+06
-5.815107018066989042e+00,1.995505775101736656e+00,1.238120511220974551e+00,1.332444795154427153e+00,8.500000000000000611e-02,3.000000000000000000e+00,4.502249959989419207e+06
-5.815107018066989042e+00,1.995505775101736656e+00,1.238120511220974551e+00,1.332444795154427153e+00,8.500000000000000611e-02,3.000000000000000000e+00,4.502249959989419207e+06
-5.815107018066989042e+00,1.995505775101736656e+00,1.238120511220974551e+00,1.332444795154427153e+00,8.500000000000000611e-02,3.000000000000000000e+00,4.502249959989419207e+06
-5.815107018066989042e+00,1.995505775101736656e+00,1.238120511220974551e+00,1.332444795154427153e+00,8.500000000000000611e-02,3.000000000000000000e+00,4.502249959989419207e+06
-5.815107018066989042e+00,1.995505775101736656e+00,1.238120511220974551e+00,1.332444795154427153e+00,8.500000000000000611e-02,3.000000000000000000e+00,4.502249959989419207e+06
-5.815107018066989042e+00,1.995505775101736656e+00,1.238120511220974551e+00,1.332444795154427153e+00,8.500000000000000611e-02,3.000000000000000000e+00,4.502249959989419207e+06
-5.815107018066989042e+00,1.995505775101736656e+00,1.238120511220974551e+00,1.332444795154427153e+00,8.500000000000000611e-02,3.000000000000000000e+00,4.502249959989419207e+06
-5.816774255111642589e+00,1.990742294313242899e+00,1.235057956129687717e+00,1.328869081878349512e+00,8.500000000000000611e-02,3.000000000000000000e+00,4.502249959989419207e+06
-5.816774255111642589e+00,1.990742294313242899e+00,1.235057956129687717e+00,1.328869081878349512e+00,8.500000000000000611e-02,3.000000000000000000e+00,4.502249959989419207e+06
-5.816774255111642589e+00,1.990742294313242899e+00,1.235057956129687717e+00,1.328869081878349512e+00,8.500000000000000611e-02,3.000000000000000000e+00,4.502249959989419207e+06
-5.820317098703500669e+00,1.986559071565909829e+00,1.229988310649687611e+00,1.325544573526246550e+00,8.500000000000000611e-02,3.000000000000000000e+00,4.502249959989419207e+06
-5.820317098703500669e+00,1.986559071565909829e+00,1.229988310649687611e+00,1.325544573526246550e+00,8.500000000000000611e-02,3.000000000000000000e+00,4.502249959989419207e+06
-5.820317098703500669e+00,1.986559071565909829e+00,1.229988310649687611e+00,1.325544573526246550e+00,8.500000000000000611e-02,3.000000000000000000e+00,4.502249959989419207e+06
-5.820317098703500669e+00,1.986559071565909829e+00,1.229988310649687611e+00,1.325544573526246550e+00,8.500000000000000611e-02,3.000000000000000000e+00,4.502249959989419207e+06
-5.820317098703500669e+00,1.986559071565909829e+00,1.229988310649687611e+00,1.325544573526246550e+00,8.500000000000000611e-02,3.000000000000000000e+00,4.502249959989419207e+06
-5.847460415575810977e+00,1.952049688581496190e+00,1.178826383611663697e+00,1.275894559614622281e+00,8.500000000000000611e-02,3.000000000000000000e+00,4.502249959989419207e+06
-7.121575113417698333e+00,8.750102612912167288e-01,-5.019379328172153265e-01,6.770704655870276589e-01,8.500000000000000611e-02,3.000000000000000000e+00,4.502249959989419207e+06
-7.109308496908147035e+00,8.849340010307930049e-01,-4.859952261975939991e-01,6.684515952898973934e-01,8.500000000000000611e-02,3.000000000000000000e+00,4.502249959989419207e+06
-7.195677505617027236e+00,8.218661951030893364e-01,-6.258924170679209809e-01,5.943508454033554766e-01,8.500000000000000611e-02,3.000000000000000000e+00,4.502249959989419207e+06
-7.095842003328525216e+00,8.543685884059720737e-01,-5.284731321835927087e-01,5.917745575725220641e-01,8.500000000000000611e-02,3.000000000000000000e+00,4.502249959989419207e+06
-6.693087498058158502e+00,9.872728731092527132e-01,-1.323704398840623853e-01,6.246869910850854080e-01,8.500000000000000611e-02,3.000000000000000000e+00,4.502249959989419207e+06
-6.693087498058158502e+00,9.872728731092527132e-01,-1.323704398840623853e-01,6.246869910850854080e-01,8.500000000000000611e-02,3.000000000000000000e+00,4.502249959989419207e+06
-6.686709405487507141e+00,9.891962584700715322e-01,-1.263500457111844666e-01,6.248203959830975762e-01,8.500000000000000611e-02,3.000000000000000000e+00,4.502249959989419207e+06
-6.686709405487507141e+00,9.891962584700715322e-01,-1.263500457111844666e-01,6.248203959830975762e-01,8.500000000000000611e-02,3.000000000000000000e+00,4.502249959989419207e+06
-6.689306828904423519e+00,9.882512089285144796e-01,-1.288258023538930708e-01,6.247433668578480370e-01,8.500000000000000611e-02,3.000000000000000000e+00,4.502249959989419207e+06
-5.809494536392852737e+00,1.999846624032738385e+00,1.245949356131996089e+00,1.336087829047863051e+00,8.500000000000000611e-02,3.000000000000000000e+00,4.502249959989419207e+06
-5.809494536392852737e+00,1.999846624032738385e+00,1.245949356131996089e+00,1.336087829047863051e+00,8.500000000000000611e-02,3.000000000000000000e+00,4.502249959989419207e+06
-5.809494536392852737e+00,1.999846624032738385e+00,1.245949356131996089e+00,1.336087829047863051e+00,8.500000000000000611e-02,3.000000000000000000e+00,4.502249959989419207e+06
-5.809494536392852737e+00,1.999846624032738385e+00,1.245949356131996089e+00,1.336087829047863051e+00,8.500000000000000611e-02,3.000000000000000000e+00,4.502249959989419207e+06
-5.809494536392852737e+00,1.999846624032738385e+00,1.245949356131996089e+00,1.336087829047863051e+00,8.500000000000000611e-02,3.000000000000000000e+00,4.502249959989419207e+06
-5.809494536392852737e+00,1.999846624032738385e+00,1.245949356131996089e+00,1.336087829047863051e+00,8.500000000000000611e-02,3.000000000000000000e+00,4.502249959989419207e+06
-5.809494536392852737e+00,1.999846624032738385e+00,1.245949356131996089e+00,1.336087829047863051e+00,8.500000000000000611e-02,3.000000000000000000e+00,4.502249959989419207e+06
-5.809494536392852737e+00,1.999846624032738385e+00,1.245949356131996089e+00,1.336087829047863051e+00,8.500000000000000611e-02,3.000000000000000000e+00,4.502249959989419207e+06
-5.809494536392852737e+00,1.999846624032738385e+00,1.245949356131996089e+00,1.336087829047863051e+00,8.500000000000000611e-02,3.000000000000000000e+00,4.502249959989419207e+06
-5.809494536392852737e+00,1.999846624032738385e+00,1.245949356131996089e+00,1.336087829047863051e+00,8.500000000000000611e-02,3.000000000000000000e+00,4.502249959989419207e+06
-5.809494536392852737e+00,1.999846624032738385e+00,1.245949356131996089e+00,1.336087829047863051e+00,8.500000000000000611e-02,3.000000000000000000e+00,4.502249959989419207e+06
-5.809494536392852737e+00,1.999846624032738385e+00,1.245949356131996089e+00,1.336087829047863051e+00,8.500000000000000611e-02,3.000000000000000000e+00,4.502249959989419207e+06
-5.809494536392852737e+00,1.999846624032738385e+00,1.245949356131996089e+00,1.336087829047863051e+00,8.500000000000000611e-02,3.000000000000000000e+00,4.502249959989419207e+06
-5.809494536392852737e+00,1.999846624032738385e+00,1.245949356131996089e+00,1.336087829047863051e+00,8.500000000000000611e-02,3.000000000000000000e+00,4.502249959989419207e+06
-5.809494536392852737e+00,1.999846624032738385e+00,1.245949356131996089e+00,1.336087829047863051e+00,8.500000000000000611e-02,3.000000000000000000e+00,4.502249959989419207e+06
-5.809561739252419699e+00,1.999734010586033950e+00,1.245765147018164321e+00,1.335874655088155061e+00,8.500000000000000611e-02,3.000000000000000000e+00,4.502249959989419207e+06
-5.809561739252419699e+00,1.999734010586033950e+00,1.245765147018164321e+00,1.335874655088155061e+00,8.500000000000000611e-02,3.000000000000000000e+00,4.502249959989419207e+06
-5.809561739252419699e+00,1.999734010586033950e+00,1.245765147018164321e+00,1.335874655088155061e+00,8.500000000000000611e-02,3.000000000000000000e+00,4.502249959989419207e+06
-5.809617188923688502e+00,1.999619910092680808e+00,1.245513393525580659e+00,1.335566989821950434e+00,8.500000000000000611e-02,3.000000000000000000e+00,4.502249959989419207e+06
-5.809617188923688502e+00,1.999619910092680808e+00,1.245513393525580659e+00,1.335566989821950434e+00,8.500000000000000611e-02,3.000000000000000000e+00,4.502249959989419207e+06
-5.809617188923688502e+00,1.999619910092680808e+00,1.245513393525580659e+00,1.335566989821950434e+00,8.500000000000000611e-02,3.000000000000000000e+00,4.502249959989419207e+06
-5.809617188923688502e+00,1.999619910092680808e+00,1.245513393525580659e+00,1.335566989821950434e+00,8.500000000000000611e-02,3.000000000000000000e+00,4.502249959989419207e+06
-5.809617188923688502e+00,1.999619910092680808e+00,1.245513393525580659e+00,1.335566989821950434e+00,8.500000000000000611e-02,3.000000000000000000e+00,4.502249959989419207e+06
-5.809617188923688502e+00,1.999619910092680808e+00,1.245513393525580659e+00,1.335566989821950434e+00,8.500000000000000611e-02,3.000000000000000000e+00,4.502249959989419207e+06
-5.809617188923688502e+00,1.999619910092680808e+00,1.245513393525580659e+00,1.335566989821950434e+00,8.500000000000000611e-02,3.000000000000000000e+00,4.502249959989419207e+06
-5.809617188923688502e+00,1.999619910092680808e+00,1.245513393525580659e+00,1.335566989821950434e+00,8.500000000000000611e-02,3.000000000000000000e+00,4.502249959989419207e+06
-5.809617188923688502e+00,1.999619910092680808e+00,1.245513393525580659e+00,1.335566989821950434e+00,8.500000000000000611e-02,3.000000000000000000e+00,4.502249959989419207e+06
-5.809617188923688502e+00,1.999619910092680808e+00,1.245513393525580659e+00,1.335566989821950434e+00,8.500000000000000611e-02,3.000000000000000000e+00,4.502249959989419207e+06
-5.809617188923688502e+00,1.999619910092680808e+00,1.245513393525580659e+00,1.335566989821950434e+00,8.500000000000000611e-02,3.000000000000000000e+00,4.502249959989419207e+06
-5.809617188923688502e+00,1.999619910092680808e+00,1.245513393525580659e+00,1.335566989821950434e+00,8.500000000000000611e-02,3.000000000000000000e+00,4.502249959989419207e+06
-5.809617188923688502e+00,1.999619910092680808e+00,1.245513393525580659e+00,1.335566989821950434e+00,8.500000000000000611e-02,3.000000000000000000e+00,4.502249959989419207e+06
-5.809617188923688502e+00,1.999619910092680808e+00,1.245513393525580659e+00,1.335566989821950434e+00,8.500000000000000611e-02,3.000000000000000000e+00,4.502249959989419207e+06
-5.809617188923688502e+00,1.999619910092680808e+00,1.245513393525580659e+00,1.335566989821950434e+00,8.500000000000000611e-02,3.000000000000000000e+00,4.502249959989419207e+06
-5.809617188923688502e+00,1.999619910092680808e+00,1.245513393525580659e+00,1.335566989821950434e+00,8.500000000000000611e-02,3.000000000000000000e+00,4.502249959989419207e+06
-5.809617188923688502e+00,1.999619910092680808e+00,1.245513393525580659e+00,1.335566989821950434e+00,8.500000000000000611e-02,3.000000000000000000e+00,4.502249959989419207e+06
-5.809617188923688502e+00,1.999619910092680808e+00,1.245513393525580659e+00,1.335566989821950434e+00,8.500000000000000611e-02,3.000000000000000000e+00,4.502249959989419207e+06
-5.809617188923688502e+00,1.999619910092680808e+00,1.245513393525580659e+00,1.335566989821950434e+00,8.500000000000000611e-02,3.000000000000000000e+00,4.502249959989419207e+06
-5.809617188923688502e+00,1.999619910092680808e+00,1.245513393525580659e+00,1.335566989821950434e+00,8.500000000000000611e-02,3.000000000000000000e+00,4.502249959989419207e+06
-5.809617188923688502e+00,1.999619910092680808e+00,1.245513393525580659e+00,1.335566989821950434e+00,8.500000000000000611e-02,3.000000000000000000e+00,4.502249959989419207e+06
-5.809617705244141561e+00,1.999619709225615383e+00,1.245512547154121963e+00,1.335566401510837720e+00,8.500000000000000611e-02,3.000000000000000000e+00,4.502249959989419207e+06
-5.809617705244141561e+00,1.999619709225615383e+00,1.245512547154121963e+00,1.335566401510837720e+00,8.500000000000000611e-02,3.000000000000000000e+00,4.502249959989419207e+06
-5.811552094816199165e+00,1.997172129910856686e+00,1.241705445820437070e+00,1.332082420994520788e+00,8.500000000000000611e-02,3.000000000000000000e+00,4.502249959989419207e+06
-5.816948358652344275e+00,1.989443279309489387e+00,1.230666963298705952e+00,1.320997000837700774e+00,8.500000000000000611e-02,3.000000000000000000e+00,4.502249959989419207e+06
-5.816948358652344275e+00,1.989443279309489387e+00,1.230666963298705952e+00,1.320997000837700774e+00,8.500000000000000611e-02,3.000000000000000000e+00,4.502249959989419207e+06
-5.816948358652344275e+00,1.989443279309489387e+00,1.230666963298705952e+00,1.320997000837700774e+00,8.500000000000000611e-02,3.000000000000000000e+00,4.502249959989419207e+06
-5.816948358652344275e+00,1.989443279309489387e+00,1.230666963298705952e+00,1.320997000837700774e+00,8.500000000000000611e-02,3.000000000000000000e+00,4.502249959989419207e+06
-5.816948358652344275e+00,1.989443279309489387e+00,1.230666963298705952e+00,1.320997000837700774e+00,8.500000000000000611e-02,3.000000000000000000e+00,4.502249959989419207e+06
-5.816948358652344275e+00,1.989443279309489387e+00,1.230666963298705952e+00,1.320997000837700774e+00,8.500000000000000611e-02,3.000000000000000000e+00,4.502249959989419207e+06
-5.834976734449198510e+00,1.967442136412882459e+00,1.197274266711068291e+00,1.292347843695506260e+00,8.500000000000000611e-02,3.000000000000000000e+00,4.502249959989419207e+06
-5.834976734449198510e+00,1.967442136412882459e+00,1.197274266711068291e+00,1.292347843695506260e+00,8.500000000000000611e-02,3.000000000000000000e+00,4.502249959989419207e+06
-5.834976734449198510e+00,1.967442136412882459e+00,1.197274266711068291e+00,1.292347843695506260e+00,8.500000000000000611e-02,3.000000000000000000e+00,4.502249959989419207e+06
-5.834976734449198510e+00,1.967442136412882459e+00,1.197274266711068291e+00,1.292347843695506260e+00,8.500000000000000611e-02,3.000000000000000000e+00,4.502249959989419207e+06
-5.858553841790500094e+00,1.936577410384048514e+00,1.151256174100875773e+00,1.250350024286203343e+00,8.500000000000000611e-02,3.000000000000000000e+00,4.502249959989419207e+06
-5.858553841790500094e+00,1.936577410384048514e+00,1.151256174100875773e+00,1.250350024286203343e+00,8.500000000000000611e-02,3.000000000000000000e+00,4.502249959989419207e+06
-5.858553841790500094e+00,1.936577410384048514e+00,1.151256174100875773e+00,1.250350024286203343e+00,8.500000000000000611e-02,3.000000000000000000e+00,4.502249959989419207e+06
-5.858382423639966419e+00,1.936793036738295504e+00,1.151577995875344040e+00,1.250637283947230838e+00,8.500000000000000611e-02,3.000000000000000000e+00,4.502249959989419207e+06
-5.858382423639966419e+00,1.936793036738295504e+00,1.151577995875344040e+00,1.250637283947230838e+00,8.500000000000000611e-02,3.000000000000000000e+00,4.502249959989419207e+06
-5.858382423639966419e+00,1.936793036738295504e+00,1.151577995875344040e+00,1.250637283947230838e+00,8.500000000000000611e-02,3.000000000000000000e+00,4.502249959989419207e+06
-5.844520597330836509e+00,1.956119265002470131e+00,1.175380038984837672e+00,1.269863839084386381e+00,8.500000000000000611e-02,3.000000000000000000e+00,4.502249959989419207e+06
-5.844520597330836509e+00,1.956119265002470131e+00,1.175380038984837672e+00,1.269863839084386381e+00,8.500000000000000611e-02,3.000000000000000000e+00,4.502249959989419207e+06
-5.892841714567809142e+00,1.895592144525843459e+00,1.078055869432142710e+00,1.178314345404059216e+00,8.500000000000000611e-02,3.000000000000000000e+00,4.502249959989419207e+06
-5.941161484881142485e+00,1.837682491830039400e+00,9.795062782925321176e-01,1.084831925948494868e+00,8.500000000000000611e-02,3.000000000000000000e+00,4.502249959989419207e+06
-5.941161484881142485e+00,1.837682491830039400e+00,9.795062782925321176e-01,1.084831925948494868e+00,8.500000000000000611e-02,3.000000000000000000e+00,4.502249959989419207e+06
-5.941161484881142485e+00,1.837682491830039400e+00,9.795062782925321176e-01,1.084831925948494868e+00,8.500000000000000611e-02,3.000000000000000000e+00,4.502249959989419207e+06
-5.941161484881142485e+00,1.837682491830039400e+00,9.795062782925321176e-01,1.084831925948494868e+00,8.500000000000000611e-02,3.000000000000000000e+00,4.502249959989419207e+06
-5.941161484881142485e+00,1.837682491830039400e+00,9.795062782925321176e-01,1.084831925948494868e+00,8.500000000000000611e-02,3.000000000000000000e+00,4.502249959989419207e+06
-5.941161484881142485e+00,1.837682491830039400e+00,9.795062782925321176e-01,1.084831925948494868e+00,8.500000000000000611e-02,3.000000000000000000e+00,4.502249959989419207e+06
-5.941161484881142485e+00,1.837682491830039400e+00,9.795062782925321176e-01,1.084831925948494868e+00,8.500000000000000611e-02,3.000000000000000000e+00,4.502249959989419207e+06
-5.941161484881142485e+00,1.837682491830039400e+00,9.795062782925321176e-01,1.084831925948494868e+00,8.500000000000000611e-02,3.000000000000000000e+00,4.502249959989419207e+06
-5.941161484881142485e+00,1.837682491830039400e+00,9.795062782925321176e-01,1.084831925948494868e+00,8.500000000000000611e-02,3.000000000000000000e+00,4.502249959989419207e+06
-5.941161484881142485e+00,1.837682491830039400e+00,9.795062782925321176e-01,1.084831925948494868e+00,8.500000000000000611e-02,3.000000000000000000e+00,4.502249959989419207e+06
-5.941161484881142485e+00,1.837682491830039400e+00,9.795062782925321176e-01,1.084831925948494868e+00,8.500000000000000611e-02,3.000000000000000000e+00,4.502249959989419207e+06
-5.941161484881142485e+00,1.837682491830039400e+00,9.795062782925321176e-01,1.084831925948494868e+00,8.500000000000000611e-02,3.000000000000000000e+00,4.502249959989419207e+06
-5.941161484881142485e+00,1.837682491830039400e+00,9.795062782925321176e-01,1.084831925948494868e+00,8.500000000000000611e-02,3.000000000000000000e+00,4.502249959989419207e+06
-5.941161484881142485e+00,1.837682491830039400e+00,9.795062782925321176e-01,1.084831925948494868e+00,8.500000000000000611e-02,3.000000000000000000e+00,4.502249959989419207e+06
-5.941161484881142485e+00,1.837682491830039400e+00,9.795062782925321176e-01,1.084831925948494868e+00,8.500000000000000611e-02,3.000000000000000000e+00,4.502249959989419207e+06
-5.941161484881142485e+00,1.837682491830039400e+00,9.795062782925321176e-01,1.084831925948494868e+00,8.500000000000000611e-02,3.000000000000000000e+00,4.502249959989419207e+06
-5.941161484881142485e+00,1.837682491830039400e+00,9.795062782925321176e-01,1.084831925948494868e+00,8.500000000000000611e-02,3.000000000000000000e+00,4.502249959989419207e+06
-5.941161484881142485e+00,1.837682491830039400e+00,9.795062782925321176e-01,1.084831925948494868e+00,8.500000000000000611e-02,3.000000000000000000e+00,4.502249959989419207e+06
-5.941161484881142485e+00,1.837682491830039400e+00,9.795062782925321176e-01,1.084831925948494868e+00,8.500000000000000611e-02,3.000000000000000000e+00,4.502249959989419207e+06
-5.941161484881142485e+00,1.837682491830039400e+00,9.795062782925321176e-01,1.084831925948494868e+00,8.500000000000000611e-02,3.000000000000000000e+00,4.502249959989419207e+06
-4.395226291603016477e+00,3.377734175764499636e+00,2.917453098495566444e+00,1.551057042600059832e+00,8.500000000000000611e-02,3.000000000000000000e+00,4.502249959989419207e+06
-4.410186455876583977e+00,3.342392484600920088e+00,2.897583828950772933e+00,1.548551974779108331e+00,8.500000000000000611e-02,3.000000000000000000e+00,4.502249959989419207e+06
-4.410186455876583977e+00,3.342392484600920088e+00,2.897583828950772933e+00,1.548551974779108331e+00,8.500000000000000611e-02,3.000000000000000000e+00,4.502249959989419207e+06
-3.857243503980130939e+00,4.692022778068142941e+00,3.664521909932049848e+00,1.523536560514972216e+00,8.500000000000000611e-02,3.000000000000000000e+00,4.502249959989419207e+06
-3.835281141635721980e+00,4.424675664964522248e+00,3.216017658651814770e+00,1.385309933898009049e+00,8.500000000000000611e-02,3.000000000000000000e+00,4.502249959989419207e+06
-3.832982636557533684e+00,4.507133997945785175e+00,3.105909908889661342e+00,1.192592275093672383e+00,8.500000000000000611e-02,3.000000000000000000e+00,4.502249959989419207e+06
-3.927735565513403859e+00,4.495604338407609646e+00,3.250108649986701348e+00,1.250494669648286594e+00,8.500000000000000611e-02,3.000000000000000000e+00,4.502249959989419207e+06
-3.943015376749355649e+00,4.497135970199426680e+00,3.267804554260452132e+00,1.250983011473330908e+00,8.500000000000000611e-02,3.000000000000000000e+00,4.502249959989419207e+06
-3.493200720577726237e+00,6.391557723019033688e+00,5.089996392343781650e+00,1.651515176261982631e+00,8.500000000000000611e-02,3.000000000000000000e+00,4.502249959989419207e+06
-5.809435745589566658e+00,1.999954506402150223e+00,1.246126110209489157e+00,1.336295542457545116e+00,8.500000000000000611e-02,3.000000000000000000e+00,4.502249959989419207e+06
-5.809435745589566658e+00,1.999954506402150223e+00,1.246126110209489157e+00,1.336295542457545116e+00,8.500000000000000611e-02,3.000000000000000000e+00,4.502249959989419207e+06
-5.809435745589566658e+00,1.999954506402150223e+00,1.246126110209489157e+00,1.336295542457545116e+00,8.500000000000000611e-02,3.000000000000000000e+00,4.502249959989419207e+06
-5.809435745589566658e+00,1.999954506402150223e+00,1.246126110209489157e+00,1.336295542457545116e+00,8.500000000000000611e-02,3.000000000000000000e+00,4.502249959989419207e+06
-5.809442465050779880e+00,1.999946370453426381e+00,1.246126949184599875e+00,1.336293852076119171e+00,8.500000000000000611e-02,3.000000000000000000e+00,4.502249959989419207e+06
-5.809442465050779880e+00,1.999946370453426381e+00,1.246126949184599875e+00,1.336293852076119171e+00,8.500000000000000611e-02,3.000000000000000000e+00,4.502249959989419207e+06
-5.809442465050779880e+00,1.999946370453426381e+00,1.246126949184599875e+00,1.336293852076119171e+00,8.500000000000000611e-02,3.000000000000000000e+00,4.502249959989419207e+06
-5.809442465050779880e+00,1.999946370453426381e+00,1.246126949184599875e+00,1.336293852076119171e+00,8.500000000000000611e-02,3.000000000000000000e+00,4.502249959989419207e+06
-5.809442465050779880e+00,1.999946370453426381e+00,1.246126949184599875e+00,1.336293852076119171e+00,8.500000000000000611e-02,3.000000000000000000e+00,4.502249959989419207e+06
-5.809442465050779880e+00,1.999946370453426381e+00,1.246126949184599875e+00,1.336293852076119171e+00,8.500000000000000611e-02,3.000000000000000000e+00,4.502249959989419207e+06
-5.809442465050779880e+00,1.999946370453426381e+00,1.246126949184599875e+00,1.336293852076119171e+00,8.500000000000000611e-02,3.000000000000000000e+00,4.502249959989419207e+06
-5.809442465050779880e+00,1.999946370453426381e+00,1.246126949184599875e+00,1.336293852076119171e+00,8.500000000000000611e-02,3.000000000000000000e+00,4.502249959989419207e+06
-5.809442465050779880e+00,1.999946370453426381e+00,1.246126949184599875e+00,1.336293852076119171e+00,8.500000000000000611e-02,3.000000000000000000e+00,4.502249959989419207e+06
-5.809442465050779880e+00,1.999946370453426381e+00,1.246126949184599875e+00,1.336293852076119171e+00,8.500000000000000611e-02,3.000000000000000000e+00,4.502249959989419207e+06
-5.809523866675672110e+00,1.999811942151588307e+00,1.245937096702466773e+00,1.336084792968872392e+00,8.500000000000000611e-02,3.000000000000000000e+00,4.502249959989419207e+06
-5.809523866675672110e+00,1.999811942151588307e+00,1.245937096702466773e+00,1.336084792968872392e+00,8.500000000000000611e-02,3.000000000000000000e+00,4.502249959989419207e+06
-5.809523866675672110e+00,1.999811942151588307e+00,1.245937096702466773e+00,1.336084792968872392e+00,8.500000000000000611e-02,3.000000000000000000e+00,4.502249959989419207e+06
-5.809523866675672110e+00,1.999811942151588307e+00,1.245937096702466773e+00,1.336084792968872392e+00,8.500000000000000611e-02,3.000000000000000000e+00,4.502249959989419207e+06
-5.809523866675672110e+00,1.999811942151588307e+00,1.245937096702466773e+00,1.336084792968872392e+00,8.500000000000000611e-02,3.000000000000000000e+00,4.502249959989419207e+06
-5.809523866675672110e+00,1.999811942151588307e+00,1.245937096702466773e+00,1.336084792968872392e+00,8.500000000000000611e-02,3.000000000000000000e+00,4.502249959989419207e+06
-5.809523866675672110e+00,1.999811942151588307e+00,1.245937096702466773e+00,1.336084792968872392e+00,8.500000000000000611e-02,3.000000000000000000e+00,4.502249959989419207e+06
-5.809523866675672110e+00,1.999811942151588307e+00,1.245937096702466773e+00,1.336084792968872392e+00,8.500000000000000611e-02,3.000000000000000000e+00,4.502249959989419207e+06
-5.809523866675672110e+00,1.999811942151588307e+00,1.245937096702466773e+00,1.336084792968872392e+00,8.500000000000000611e-02,3.000000000000000000e+00,4.502249959989419207e+06
-5.809523866675672110e+00,1.999811942151588307e+00,1.245937096702466773e+00,1.336084792968872392e+00,8.500000000000000611e-02,3.000000000000000000e+00,4.502249959989419207e+06
-5.809523866675672110e+00,1.999811942151588307e+00,1.245937096702466773e+00,1.336084792968872392e+00,8.500000000000000611e-02,3.000000000000000000e+00,4.502249959989419207e+06
-5.809523866675672110e+00,1.999811942151588307e+00,1.245937096702466773e+00,1.336084792968872392e+00,8.500000000000000611e-02,3.000000000000000000e+00,4.502249959989419207e+06
-5.809523866675672110e+00,1.999811942151588307e+00,1.245937096702466773e+00,1.336084792968872392e+00,8.500000000000000611e-02,3.000000000000000000e+00,4.502249959989419207e+06
-5.809523866675672110e+00,1.999811942151588307e+00,1.245937096702466773e+00,1.336084792968872392e+00,8.500000000000000611e-02,3.000000000000000000e+00,4.502249959989419207e+06
-5.809523866675672110e+00,1.999811942151588307e+00,1.245937096702466773e+00,1.336084792968872392e+00,8.500000000000000611e-02,3.000000000000000000e+00,4.502249959989419207e+06
-5.809523866675672110e+00,1.999811942151588307e+00,1.245937096702466773e+00,1.336084792968872392e+00,8.500000000000000611e-02,3.000000000000000000e+00,4.502249959989419207e+06
-5.809523866675672110e+00,1.999811942151588307e+00,1.245937096702466773e+00,1.336084792968872392e+00,8.500000000000000611e-02,3.000000000000000000e+00,4.502249959989419207e+06
-5.809523866675672110e+00,1.999811942151588307e+00,1.245937096702466773e+00,1.336084792968872392e+00,8.500000000000000611e-02,3.000000000000000000e+00,4.502249959989419207e+06
-5.809554123390090474e+00,1.999787898136553554e+00,1.245883709189363753e+00,1.335969556768532573e+00,8.500000000000000611e-02,3.000000000000000000e+00,4.502249959989419207e+06
-5.809554123390090474e+00,1.999787898136553554e+00,1.245883709189363753e+00,1.335969556768532573e+00,8.500000000000000611e-02,3.000000000000000000e+00,4.502249959989419207e+06
-5.809682345985153873e+00,1.999608639462734594e+00,1.245598785050013424e+00,1.335619647146363276e+00,8.500000000000000611e-02,3.000000000000000000e+00,4.502249959989419207e+06
-5.809682345985153873e+00,1.999608639462734594e+00,1.245598785050013424e+00,1.335619647146363276e+00,8.500000000000000611e-02,3.000000000000000000e+00,4.502249959989419207e+06
-5.809682345985153873e+00,1.999608639462734594e+00,1.245598785050013424e+00,1.335619647146363276e+00,8.500000000000000611e-02,3.000000000000000000e+00,4.502249959989419207e+06
-5.809682345985153873e+00,1.999608639462734594e+00,1.245598785050013424e+00,1.335619647146363276e+00,8.500000000000000611e-02,3.000000000000000000e+00,4.502249959989419207e+06
-5.809682345985153873e+00,1.999608639462734594e+00,1.245598785050013424e+00,1.335619647146363276e+00,8.500000000000000611e-02,3.000000000000000000e+00,4.502249959989419207e+06
-5.809682345985153873e+00,1.999608639462734594e+00,1.245598785050013424e+00,1.335619647146363276e+00,8.500000000000000611e-02,3.000000000000000000e+00,4.502249959989419207e+06
-5.809682345985153873e+00,1.999608639462734594e+00,1.245598785050013424e+00,1.335619647146363276e+00,8.500000000000000611e-02,3.000000000000000000e+00,4.502249959989419207e+06
-5.809682345985153873e+00,1.999608639462734594e+00,1.245598785050013424e+00,1.335619647146363276e+00,8.500000000000000611e-02,3.000000000000000000e+00,4.502249959989419207e+06
-5.809682345985153873e+00,1.999608639462734594e+00,1.245598785050013424e+00,1.335619647146363276e+00,8.500000000000000611e-02,3.000000000000000000e+00,4.502249959989419207e+06
-5.809823435420622850e+00,1.999460159057913966e+00,1.245284526131154257e+00,1.335280989181546696e+00,8.500000000000000611e-02,3.000000000000000000e+00,4.502249959989419207e+06
-5.809823435420622850e+00,1.999460159057913966e+00,1.245284526131154257e+00,1.335280989181546696e+00,8.500000000000000611e-02,3.000000000000000000e+00,4.502249959989419207e+06
-5.809823435420622850e+00,1.999460159057913966e+00,1.245284526131154257e+00,1.335280989181546696e+00,8.500000000000000611e-02,3.000000000000000000e+00,4.502249959989419207e+06
-5.809823435420622850e+00,1.999460159057913966e+00,1.245284526131154257e+00,1.335280989181546696e+00,8.500000000000000611e-02,3.000000000000000000e+00,4.502249959989419207e+06
-5.809823435420622850e+00,1.999460159057913966e+00,1.245284526131154257e+00,1.335280989181546696e+00,8.500000000000000611e-02,3.000000000000000000e+00,4.502249959989419207e+06
-5.809823435420622850e+00,1.999460159057913966e+00,1.245284526131154257e+00,1.335280989181546696e+00,8.500000000000000611e-02,3.000000000000000000e+00,4.502249959989419207e+06
-5.809823435420622850e+00,1.999460159057913966e+00,1.245284526131154257e+00,1.335280989181546696e+00,8.500000000000000611e-02,3.000000000000000000e+00,4.502249959989419207e+06
-5.809823435420622850e+00,1.999460159057913966e+00,1.245284526131154257e+00,1.335280989181546696e+00,8.500000000000000611e-02,3.000000000000000000e+00,4.502249959989419207e+06
-5.808059896283055856e+00,2.001541177773891622e+00,1.247295207181893462e+00,1.336535122636884676e+00,8.500000000000000611e-02,3.000000000000000000e+00,4.502249959989419207e+06
-5.817868710477449135e+00,1.993051011296292696e+00,1.231872174927494568e+00,1.327319565059096318e+00,8.500000000000000611e-02,3.000000000000000000e+00,4.502249959989419207e+06
-5.819905016434850253e+00,1.991386632481138008e+00,1.229859676660056467e+00,1.326330243469393988e+00,8.500000000000000611e-02,3.000000000000000000e+00,4.502249959989419207e+06
-5.819905016434850253e+00,1.991386632481138008e+00,1.229859676660056467e+00,1.326330243469393988e+00,8.500000000000000611e-02,3.000000000000000000e+00,4.502249959989419207e+06
-5.819905016434850253e+00,1.991386632481138008e+00,1.229859676660056467e+00,1.326330243469393988e+00,8.500000000000000611e-02,3.000000000000000000e+00,4.502249959989419207e+06
-5.819905016434850253e+00,1.991386632481138008e+00,1.229859676660056467e+00,1.326330243469393988e+00,8.500000000000000611e-02,3.000000000000000000e+00,4.502249959989419207e+06
-5.819905016434850253e+00,1.991386632481138008e+00,1.229859676660056467e+00,1.326330243469393988e+00,8.500000000000000611e-02,3.000000000000000000e+00,4.502249959989419207e+06
-5.819905016434850253e+00,1.991386632481138008e+00,1.229859676660056467e+00,1.326330243469393988e+00,8.500000000000000611e-02,3.000000000000000000e+00,4.502249959989419207e+06
-5.819905016434850253e+00,1.991386632481138008e+00,1.229859676660056467e+00,1.326330243469393988e+00,8.500000000000000611e-02,3.000000000000000000e+00,4.502249959989419207e+06
-5.819905016434850253e+00,1.991386632481138008e+00,1.229859676660056467e+00,1.326330243469393988e+00,8.500000000000000611e-02,3.000000000000000000e+00,4.502249959989419207e+06
-5.819905016434850253e+00,1.991386632481138008e+00,1.229859676660056467e+00,1.326330243469393988e+00,8.500000000000000611e-02,3.000000000000000000e+00,4.502249959989419207e+06
-5.819905016434850253e+00,1.991386632481138008e+00,1.229859676660056467e+00,1.326330243469393988e+00,8.500000000000000611e-02,3.000000000000000000e+00,4.502249959989419207e+06
-5.824972722730178631e+00,1.987895065564351915e+00,1.222361077426344922e+00,1.322453370942084039e+00,8.500000000000000611e-02,3.000000000000000000e+00,4.502249959989419207e+06
-5.830630814225716385e+00,1.983312585224566549e+00,1.213783532096922579e+00,1.316960503504940982e+00,8.500000000000000611e-02,3.000000000000000000e+00,4.502249959989419207e+06
-5.867194520389993784e+00,1.953915331031356395e+00,1.160151972978848534e+00,1.284636637162003048e+00,8.500000000000000611e-02,3.000000000000000000e+00,4.502249959989419207e+06
-5.867194520389993784e+00,1.953915331031356395e+00,1.160151972978848534e+00,1.284636637162003048e+00,8.500000000000000611e-02,3.000000000000000000e+00,4.502249959989419207e+06
-5.867194520389993784e+00,1.953915331031356395e+00,1.160151972978848534e+00,1.284636637162003048e+00,8.500000000000000611e-02,3.000000000000000000e+00,4.502249959989419207e+06
-5.867194520389993784e+00,1.953915331031356395e+00,1.160151972978848534e+00,1.284636637162003048e+00,8.500000000000000611e-02,3.000000000000000000e+00,4.502249959989419207e+06
-5.867194520389993784e+00,1.953915331031356395e+00,1.160151972978848534e+00,1.284636637162003048e+00,8.500000000000000611e-02,3.000000000000000000e+00,4.502249959989419207e+06
-5.867194520389993784e+00,1.953915331031356395e+00,1.160151972978848534e+00,1.284636637162003048e+00,8.500000000000000611e-02,3.000000000000000000e+00,4.502249959989419207e+06
-5.867194520389993784e+00,1.953915331031356395e+00,1.160151972978848534e+00,1.284636637162003048e+00,8.500000000000000611e-02,3.000000000000000000e+00,4.502249959989419207e+06
-5.867194520389993784e+00,1.953915331031356395e+00,1.160151972978848534e+00,1.284636637162003048e+00,8.500000000000000611e-02,3.000000000000000000e+00,4.502249959989419207e+06
-5.867194520389993784e+00,1.953915331031356395e+00,1.160151972978848534e+00,1.284636637162003048e+00,8.500000000000000611e-02,3.000000000000000000e+00,4.502249959989419207e+06
-5.867194520389993784e+00,1.953915331031356395e+00,1.160151972978848534e+00,1.284636637162003048e+00,8.500000000000000611e-02,3.000000000000000000e+00,4.502249959989419207e+06
-5.846489142763470426e+00,1.971044228213752358e+00,1.191301652137816580e+00,1.303751947846944370e+00,8.500000000000000611e-02,3.000000000000000000e+00,4.502249959989419207e+06
-4.224962057688279593e+00,3.322994272294742757e+00,3.400913309657408234e+00,2.307633439517450036e+00,8.500000000000000611e-02,3.000000000000000000e+00,4.502249959989419207e+06
-4.224962057688279593e+00,3.322994272294742757e+00,3.400913309657408234e+00,2.307633439517450036e+00,8.500000000000000611e-02,3.000000000000000000e+00,4.502249959989419207e+06
-4.163510305168797387e+00,3.373361609473025879e+00,3.483859544975616451e+00,2.344325402971585426e+00,8.500000000000000611e-02,3.000000000000000000e+00,4.502249959989419207e+06
-4.163510305168797387e+00,3.373361609473025879e+00,3.483859544975616451e+00,2.344325402971585426e+00,8.500000000000000611e-02,3.000000000000000000e+00,4.502249959989419207e+06
-4.220653110532606611e+00,3.299486437631163227e+00,3.387035884306131006e+00,2.266041989610689811e+00,8.500000000000000611e-02,3.000000000000000000e+00,4.502249959989419207e+06
-4.406611721001804760e+00,3.061222684087432810e+00,3.051258569285861366e+00,1.978668407032077914e+00,8.500000000000000611e-02,3.000000000000000000e+00,4.502249959989419207e+06
-4.406611721001804760e+00,3.061222684087432810e+00,3.051258569285861366e+00,1.978668407032077914e+00,8.500000000000000611e-02,3.000000000000000000e+00,4.502249959989419207e+06
-4.601555336853857980e+00,2.504204945222930689e+00,2.940901943296539311e+00,2.248793574106985993e+00,8.500000000000000611e-02,3.000000000000000000e+00,4.502249959989419207e+06
-4.601555336853857980e+00,2.504204945222930689e+00,2.940901943296539311e+00,2.248793574106985993e+00,8.500000000000000611e-02,3.000000000000000000e+00,4.502249959989419207e+06
-4.605474066977104819e+00,2.600318281513802177e+00,3.112600312213209985e+00,2.292884272937877999e+00,8.500000000000000611e-02,3.000000000000000000e+00,4.502249959989419207e+06
-4.494073498897138030e+00,2.773099129425661946e+00,3.628575308995515059e+00,2.741500269565720682e+00,8.500000000000000611e-02,3.000000000000000000e+00,4.502249959989419207e+06
-4.494073498897138030e+00,2.773099129425661946e+00,3.628575308995515059e+00,2.741500269565720682e+00,8.500000000000000611e-02,3.000000000000000000e+00,4.502249959989419207e+06
-4.603819173793098685e+00,2.570408086305342454e+00,3.590611729921779016e+00,2.792079564861784213e+00,8.500000000000000611e-02,3.000000000000000000e+00,4.502249959989419207e+06
-4.675555268773952555e+00,2.481317488965979479e+00,3.669014407787994259e+00,2.883087247819426935e+00,8.500000000000000611e-02,3.000000000000000000e+00,4.502249959989419207e+06
-5.809434959092751427e+00,1.999960813859213093e+00,1.246127928836401111e+00,1.336299255479284742e+00,8.500000000000000611e-02,3.000000000000000000e+00,4.502249959989419207e+06
-5.809434959092751427e+00,1.999960813859213093e+00,1.246127928836401111e+00,1.336299255479284742e+00,8.500000000000000611e-02,3.000000000000000000e+00,4.502249959989419207e+06
-5.809434959092751427e+00,1.999960813859213093e+00,1.246127928836401111e+00,1.336299255479284742e+00,8.500000000000000611e-02,3.000000000000000000e+00,4.502249959989419207e+06
-5.809434959092751427e+00,1.999960813859213093e+00,1.246127928836401111e+00,1.336299255479284742e+00,8.500000000000000611e-02,3.000000000000000000e+00,4.502249959989419207e+06
-5.809434959092751427e+00,1.999960813859213093e+00,1.246127928836401111e+00,1.336299255479284742e+00,8.500000000000000611e-02,3.000000000000000000e+00,4.502249959989419207e+06
-5.809434959092751427e+00,1.999960813859213093e+00,1.246127928836401111e+00,1.336299255479284742e+00,8.500000000000000611e-02,3.000000000000000000e+00,4.502249959989419207e+06
-5.809434959092751427e+00,1.999960813859213093e+00,1.246127928836401111e+00,1.336299255479284742e+00,8.500000000000000611e-02,3.000000000000000000e+00,4.502249959989419207e+06
-5.809434959092751427e+00,1.999960813859213093e+00,1.246127928836401111e+00,1.336299255479284742e+00,8.500000000000000611e-02,3.000000000000000000e+00,4.502249959989419207e+06
-5.809430149795933751e+00,1.999940531563585200e+00,1.246127893773373296e+00,1.336289725934534989e+00,8.500000000000000611e-02,3.000000000000000000e+00,4.502249959989419207e+06
-5.809430149795933751e+00,1.999940531563585200e+00,1.246127893773373296e+00,1.336289725934534989e+00,8.500000000000000611e-02,3.000000000000000000e+00,4.502249959989419207e+06
-5.809407084615735073e+00,1.999956250608079689e+00,1.246184095644923051e+00,1.336339109981747875e+00,8.500000000000000611e-02,3.000000000000000000e+00,4.502249959989419207e+06
-5.809407084615735073e+00,1.999956250608079689e+00,1.246184095644923051e+00,1.336339109981747875e+00,8.500000000000000611e-02,3.000000000000000000e+00,4.502249959989419207e+06
-5.809407084615735073e+00,1.999956250608079689e+00,1.246184095644923051e+00,1.336339109981747875e+00,8.500000000000000611e-02,3.000000000000000000e+00,4.502249959989419207e+06
-5.809407084615735073e+00,1.999956250608079689e+00,1.246184095644923051e+00,1.336339109981747875e+00,8.500000000000000611e-02,3.000000000000000000e+00,4.502249959989419207e+06
-5.809310380825946751e+00,2.000028740926876658e+00,1.246423814361810489e+00,1.336541592151906377e+00,8.500000000000000611e-02,3.000000000000000000e+00,4.502249959989419207e+06
-5.809316646250747063e+00,2.000024044289421710e+00,1.246408283020203900e+00,1.336528473360871550e+00,8.500000000000000611e-02,3.000000000000000000e+00,4.502249959989419207e+06
-5.809316646250747063e+00,2.000024044289421710e+00,1.246408283020203900e+00,1.336528473360871550e+00,8.500000000000000611e-02,3.000000000000000000e+00,4.502249959989419207e+06
-5.809316646250747063e+00,2.000024044289421710e+00,1.246408283020203900e+00,1.336528473360871550e+00,8.500000000000000611e-02,3.000000000000000000e+00,4.502249959989419207e+06
-5.809316646250747063e+00,2.000024044289421710e+00,1.246408283020203900e+00,1.336528473360871550e+00,8.500000000000000611e-02,3.000000000000000000e+00,4.502249959989419207e+06
-5.809316646250747063e+00,2.000024044289421710e+00,1.246408283020203900e+00,1.336528473360871550e+00,8.500000000000000611e-02,3.000000000000000000e+00,4.502249959989419207e+06
-5.809316646250747063e+00,2.000024044289421710e+00,1.246408283020203900e+00,1.336528473360871550e+00,8.500000000000000611e-02,3.000000000000000000e+00,4.502249959989419207e+06
-5.809316646250747063e+00,2.000024044289421710e+00,1.246408283020203900e+00,1.336528473360871550e+00,8.500000000000000611e-02,3.000000000000000000e+00,4.502249959989419207e+06
-5.809143864595903040e+00,2.000175329196793417e+00,1.246798184414319666e+00,1.336912167814329644e+00,8.500000000000000611e-02,3.000000000000000000e+00,4.502249959989419207e+06
-5.809143864595903040e+00,2.000175329196793417e+00,1.246798184414319666e+00,1.336912167814329644e+00,8.500000000000000611e-02,3.000000000000000000e+00,4.502249959989419207e+06
-5.809143864595903040e+00,2.000175329196793417e+00,1.246798184414319666e+00,1.336912167814329644e+00,8.500000000000000611e-02,3.000000000000000000e+00,4.502249959989419207e+06
-5.809143864595903040e+00,2.000175329196793417e+00,1.246798184414319666e+00,1.336912167814329644e+00,8.500000000000000611e-02,3.000000000000000000e+00,4.502249959989419207e+06
-5.809143864595903040e+00,2.000175329196793417e+00,1.246798184414319666e+00,1.336912167814329644e+00,8.500000000000000611e-02,3.000000000000000000e+00,4.502249959989419207e+06
-5.809143864595903040e+00,2.000175329196793417e+00,1.246798184414319666e+00,1.336912167814329644e+00,8.500000000000000611e-02,3.000000000000000000e+00,4.502249959989419207e+06
-5.809143864595903040e+00,2.000175329196793417e+00,1.246798184414319666e+00,1.336912167814329644e+00,8.500000000000000611e-02,3.000000000000000000e+00,4.502249959989419207e+06
-5.809143864595903040e+00,2.000175329196793417e+00,1.246798184414319666e+00,1.336912167814329644e+00,8.500000000000000611e-02,3.000000000000000000e+00,4.502249959989419207e+06
-5.809143864595903040e+00,2.000175329196793417e+00,1.246798184414319666e+00,1.336912167814329644e+00,8.500000000000000611e-02,3.000000000000000000e+00,4.502249959989419207e+06
-5.809143864595903040e+00,2.000175329196793417e+00,1.246798184414319666e+00,1.336912167814329644e+00,8.500000000000000611e-02,3.000000000000000000e+00,4.502249959989419207e+06
-5.809143864595903040e+00,2.000175329196793417e+00,1.246798184414319666e+00,1.336912167814329644e+00,8.500000000000000611e-02,3.000000000000000000e+00,4.502249959989419207e+06
-5.809143864595903040e+00,2.000175329196793417e+00,1.246798184414319666e+00,1.336912167814329644e+00,8.500000000000000611e-02,3.000000000000000000e+00,4.502249959989419207e+06
-5.809143864595903040e+00,2.000175329196793417e+00,1.246798184414319666e+00,1.336912167814329644e+00,8.500000000000000611e-02,3.000000000000000000e+00,4.502249959989419207e+06
-5.809143864595903040e+00,2.000175329196793417e+00,1.246798184414319666e+00,1.336912167814329644e+00,8.500000000000000611e-02,3.000000000000000000e+00,4.502249959989419207e+06
-5.809143864595903040e+00,2.000175329196793417e+00,1.246798184414319666e+00,1.336912167814329644e+00,8.500000000000000611e-02,3.000000000000000000e+00,4.502249959989419207e+06
-5.809143864595903040e+00,2.000175329196793417e+00,1.246798184414319666e+00,1.336912167814329644e+00,8.500000000000000611e-02,3.000000000000000000e+00,4.502249959989419207e+06
-5.809143864595903040e+00,2.000175329196793417e+00,1.246798184414319666e+00,1.336912167814329644e+00,8.500000000000000611e-02,3.000000000000000000e+00,4.502249959989419207e+06
-5.809143864595903040e+00,2.000175329196793417e+00,1.246798184414319666e+00,1.336912167814329644e+00,8.500000000000000611e-02,3.000000000000000000e+00,4.502249959989419207e+06
-5.809143864595903040e+00,2.000175329196793417e+00,1.246798184414319666e+00,1.336912167814329644e+00,8.500000000000000611e-02,3.000000000000000000e+00,4.502249959989419207e+06
-5.809143864595903040e+00,2.000175329196793417e+00,1.246798184414319666e+00,1.336912167814329644e+00,8.500000000000000611e-02,3.000000000000000000e+00,4.502249959989419207e+06
-5.809143864595903040e+00,2.000175329196793417e+00,1.246798184414319666e+00,1.336912167814329644e+00,8.500000000000000611e-02,3.000000000000000000e+00,4.502249959989419207e+06
-5.809143864595903040e+00,2.000175329196793417e+00,1.246798184414319666e+00,1.336912167814329644e+00,8.500000000000000611e-02,3.000000000000000000e+00,4.502249959989419207e+06
-5.809143864595903040e+00,2.000175329196793417e+00,1.246798184414319666e+00,1.336912167814329644e+00,8.500000000000000611e-02,3.000000000000000000e+00,4.502249959989419207e+06
-5.809141107467513443e+00,2.000196101692833128e+00,1.246808503200649287e+00,1.336941905672432318e+00,8.500000000000000611e-02,3.000000000000000000e+00,4.502249959989419207e+06
-5.809141107467513443e+00,2.000196101692833128e+00,1.246808503200649287e+00,1.336941905672432318e+00,8.500000000000000611e-02,3.000000000000000000e+00,4.502249959989419207e+06
-5.809141107467513443e+00,2.000196101692833128e+00,1.246808503200649287e+00,1.336941905672432318e+00,8.500000000000000611e-02,3.000000000000000000e+00,4.502249959989419207e+06
-5.809141107467513443e+00,2.000196101692833128e+00,1.246808503200649287e+00,1.336941905672432318e+00,8.500000000000000611e-02,3.000000000000000000e+00,4.502249959989419207e+06
-5.809141107467513443e+00,2.000196101692833128e+00,1.246808503200649287e+00,1.336941905672432318e+00,8.500000000000000611e-02,3.000000000000000000e+00,4.502249959989419207e+06
-5.809141107467513443e+00,2.000196101692833128e+00,1.246808503200649287e+00,1.336941905672432318e+00,8.500000000000000611e-02,3.000000000000000000e+00,4.502249959989419207e+06
-5.810125942541458421e+00,2.000063245109939825e+00,1.245634156656844960e+00,1.336474847786183417e+00,8.500000000000000611e-02,3.000000000000000000e+00,4.502249959989419207e+06
-5.810429290938679436e+00,2.000894106773139391e+00,1.245669777691993163e+00,1.337289203626789380e+00,8.500000000000000611e-02,3.000000000000000000e+00,4.502249959989419207e+06
-5.810429290938679436e+00,2.000894106773139391e+00,1.245669777691993163e+00,1.337289203626789380e+00,8.500000000000000611e-02,3.000000000000000000e+00,4.502249959989419207e+06
-5.810429290938679436e+00,2.000894106773139391e+00,1.245669777691993163e+00,1.337289203626789380e+00,8.500000000000000611e-02,3.000000000000000000e+00,4.502249959989419207e+06
-5.810429290938679436e+00,2.000894106773139391e+00,1.245669777691993163e+00,1.337289203626789380e+00,8.500000000000000611e-02,3.000000000000000000e+00,4.502249959989419207e+06
-5.810429290938679436e+00,2.000894106773139391e+00,1.245669777691993163e+00,1.337289203626789380e+00,8.500000000000000611e-02,3.000000000000000000e+00,4.502249959989419207e+06
-5.810429290938679436e+00,2.000894106773139391e+00,1.245669777691993163e+00,1.337289203626789380e+00,8.500000000000000611e-02,3.000000000000000000e+00,4.502249959989419207e+06
-5.810429290938679436e+00,2.000894106773139391e+00,1.245669777691993163e+00,1.337289203626789380e+00,8.500000000000000611e-02,3.000000000000000000e+00,4.502249959989419207e+06
-5.810429290938679436e+00,2.000894106773139391e+00,1.245669777691993163e+00,1.337289203626789380e+00,8.500000000000000611e-02,3.000000000000000000e+00,4.502249959989419207e+06
-5.810429290938679436e+00,2.000894106773139391e+00,1.245669777691993163e+00,1.337289203626789380e+00,8.500000000000000611e-02,3.000000000000000000e+00,4.502249959989419207e+06
-5.810429290938679436e+00,2.000894106773139391e+00,1.245669777691993163e+00,1.337289203626789380e+00,8.500000000000000611e-02,3.000000000000000000e+00,4.502249959989419207e+06
-5.810429290938679436e+00,2.000894106773139391e+00,1.245669777691993163e+00,1.337289203626789380e+00,8.500000000000000611e-02,3.000000000000000000e+00,4.502249959989419207e+06
-5.810429290938679436e+00,2.000894106773139391e+00,1.245669777691993163e+00,1.337289203626789380e+00,8.500000000000000611e-02,3.000000000000000000e+00,4.502249959989419207e+06
-5.810429290938679436e+00,2.000894106773139391e+00,1.245669777691993163e+00,1.337289203626789380e+00,8.500000000000000611e-02,3.000000000000000000e+00,4.502249959989419207e+06
-5.810429290938679436e+00,2.000894106773139391e+00,1.245669777691993163e+00,1.337289203626789380e+00,8.500000000000000611e-02,3.000000000000000000e+00,4.502249959989419207e+06
-5.809308777169114535e+00,2.001802356413925565e+00,1.247236708245834880e+00,1.338077051814397844e+00,8.500000000000000611e-02,3.000000000000000000e+00,4.502249959989419207e+06
-5.809308777169114535e+00,2.001802356413925565e+00,1.247236708245834880e+00,1.338077051814397844e+00,8.500000000000000611e-02,3.000000000000000000e+00,4.502249959989419207e+06
-5.809308777169114535e+00,2.001802356413925565e+00,1.247236708245834880e+00,1.338077051814397844e+00,8.500000000000000611e-02,3.000000000000000000e+00,4.502249959989419207e+06
-5.809308777169114535e+00,2.001802356413925565e+00,1.247236708245834880e+00,1.338077051814397844e+00,8.500000000000000611e-02,3.000000000000000000e+00,4.502249959989419207e+06
-5.809308777169114535e+00,2.001802356413925565e+00,1.247236708245834880e+00,1.338077051814397844e+00,8.500000000000000611e-02,3.000000000000000000e+00,4.502249959989419207e+06
-5.809308777169114535e+00,2.001802356413925565e+00,1.247236708245834880e+00,1.338077051814397844e+00,8.500000000000000611e-02,3.000000000000000000e+00,4.502249959989419207e+06
-5.809308777169114535e+00,2.001802356413925565e+00,1.247236708245834880e+00,1.338077051814397844e+00,8.500000000000000611e-02,3.000000000000000000e+00,4.502249959989419207e+06
-5.809308777169114535e+00,2.001802356413925565e+00,1.247236708245834880e+00,1.338077051814397844e+00,8.500000000000000611e-02,3.000000000000000000e+00,4.502249959989419207e+06
-5.809308777169114535e+00,2.001802356413925565e+00,1.247236708245834880e+00,1.338077051814397844e+00,8.500000000000000611e-02,3.000000000000000000e+00,4.502249959989419207e+06
-5.809308777169114535e+00,2.001802356413925565e+00,1.247236708245834880e+00,1.338077051814397844e+00,8.500000000000000611e-02,3.000000000000000000e+00,4.502249959989419207e+06
-5.809308777169114535e+00,2.001802356413925565e+00,1.247236708245834880e+00,1.338077051814397844e+00,8.500000000000000611e-02,3.000000000000000000e+00,4.502249959989419207e+06
-5.809308777169114535e+00,2.001802356413925565e+00,1.247236708245834880e+00,1.338077051814397844e+00,8.500000000000000611e-02,3.000000000000000000e+00,4.502249959989419207e+06
-5.809308777169114535e+00,2.001802356413925565e+00,1.247236708245834880e+00,1.338077051814397844e+00,8.500000000000000611e-02,3.000000000000000000e+00,4.502249959989419207e+06
-4.316808611798569117e+00,3.120992615431256390e+00,3.168286476721263512e+00,2.017333252427389478e+00,8.500000000000000611e-02,3.000000000000000000e+00,4.502249959989419207e+06
-4.417547852778032080e+00,3.047506912663449974e+00,3.040802300265168512e+00,1.974009097079547637e+00,8.500000000000000611e-02,3.000000000000000000e+00,4.502249959989419207e+06
-4.417547852778032080e+00,3.047506912663449974e+00,3.040802300265168512e+00,1.974009097079547637e+00,8.500000000000000611e-02,3.000000000000000000e+00,4.502249959989419207e+06
-4.344079931288590046e+00,3.084886885949996937e+00,3.219097957296778389e+00,2.211784101136160974e+00,8.500000000000000611e-02,3.000000000000000000e+00,4.502249959989419207e+06
-4.360968122184893936e+00,2.860829075840874314e+00,3.194514719785590096e+00,2.390031684277515556e+00,8.500000000000000611e-02,3.000000000000000000e+00,4.502249959989419207e+06
-4.347408206786935736e+00,2.694685907639217781e+00,3.248579277869208415e+00,2.626699403221624873e+00,8.500000000000000611e-02,3.000000000000000000e+00,4.502249959989419207e+06
-4.318710968660470328e+00,2.610892773516177989e+00,3.214336250204363310e+00,2.710019572317791781e+00,8.500000000000000611e-02,3.000000000000000000e+00,4.502249959989419207e+06
-4.318710968660470328e+00,2.610892773516177989e+00,3.214336250204363310e+00,2.710019572317791781e+00,8.500000000000000611e-02,3.000000000000000000e+00,4.502249959989419207e+06
-4.500420189669660509e+00,2.835541024364356399e+00,3.018001939354108210e+00,2.056410069906763560e+00,8.500000000000000611e-02,3.000000000000000000e+00,4.502249959989419207e+06
-4.398803475765716620e+00,2.766997265861301347e+00,3.098844901810832830e+00,2.305710457097999821e+00,8.500000000000000611e-02,3.000000000000000000e+00,4.502249959989419207e+06
-4.388815881087139381e+00,2.989566236743602889e+00,3.178247896180353749e+00,2.175231610268059335e+00,8.500000000000000611e-02,3.000000000000000000e+00,4.502249959989419207e+06
-5.809416353865669791e+00,1.999986011575499711e+00,1.246216583102278452e+00,1.336342874129349712e+00,8.500000000000000611e-02,3.000000000000000000e+00,4.502249959989419207e+06
-5.809416353865669791e+00,1.999986011575499711e+00,1.246216583102278452e+00,1.336342874129349712e+00,8.500000000000000611e-02,3.000000000000000000e+00,4.502249959989419207e+06
-5.809416353865669791e+00,1.999986011575499711e+00,1.246216583102278452e+00,1.336342874129349712e+00,8.500000000000000611e-02,3.000000000000000000e+00,4.502249959989419207e+06
-5.809416353865669791e+00,1.999986011575499711e+00,1.246216583102278452e+00,1.336342874129349712e+00,8.500000000000000611e-02,3.000000000000000000e+00,4.502249959989419207e+06
-5.809416353865669791e+00,1.999986011575499711e+00,1.246216583102278452e+00,1.336342874129349712e+00,8.500000000000000611e-02,3.000000000000000000e+00,4.502249959989419207e+06
-5.809416353865669791e+00,1.999986011575499711e+00,1.246216583102278452e+00,1.336342874129349712e+00,8.500000000000000611e-02,3.000000000000000000e+00,4.502249959989419207e+06
-5.809411812298640676e+00,1.999992471491033763e+00,1.246245664496045347e+00,1.336348959502411615e+00,8.500000000000000611e-02,3.000000000000000000e+00,4.502249959989419207e+06
-5.809420886274756946e+00,2.000068314489060750e+00,1.246293564097280759e+00,1.336413468682404515e+00,8.500000000000000611e-02,3.000000000000000000e+00,4.502249959989419207e+06
-5.809420886274756946e+00,2.000068314489060750e+00,1.246293564097280759e+00,1.336413468682404515e+00,8.500000000000000611e-02,3.000000000000000000e+00,4.502249959989419207e+06
-5.809420886274756946e+00,2.000068314489060750e+00,1.246293564097280759e+00,1.336413468682404515e+00,8.500000000000000611e-02,3.000000000000000000e+00,4.502249959989419207e+06
-5.809420886274756946e+00,2.000068314489060750e+00,1.246293564097280759e+00,1.336413468682404515e+00,8.500000000000000611e-02,3.000000000000000000e+00,4.502249959989419207e+06
-5.809420886274756946e+00,2.000068314489060750e+00,1.246293564097280759e+00,1.336413468682404515e+00,8.500000000000000611e-02,3.000000000000000000e+00,4.502249959989419207e+06
-5.809420886274756946e+00,2.000068314489060750e+00,1.246293564097280759e+00,1.336413468682404515e+00,8.500000000000000611e-02,3.000000000000000000e+00,4.502249959989419207e+06
-5.809420886274756946e+00,2.000068314489060750e+00,1.246293564097280759e+00,1.336413468682404515e+00,8.500000000000000611e-02,3.000000000000000000e+00,4.502249959989419207e+06
-5.809420886274756946e+00,2.000068314489060750e+00,1.246293564097280759e+00,1.336413468682404515e+00,8.500000000000000611e-02,3.000000000000000000e+00,4.502249959989419207e+06
-5.809420886274756946e+00,2.000068314489060750e+00,1.246293564097280759e+00,1.336413468682404515e+00,8.500000000000000611e-02,3.000000000000000000e+00,4.502249959989419207e+06
-5.809420886274756946e+00,2.000068314489060750e+00,1.246293564097280759e+00,1.336413468682404515e+00,8.500000000000000611e-02,3.000000000000000000e+00,4.502249959989419207e+06
-5.809420886274756946e+00,2.000068314489060750e+00,1.246293564097280759e+00,1.336413468682404515e+00,8.500000000000000611e-02,3.000000000000000000e+00,4.502249959989419207e+06
-5.809420886274756946e+00,2.000068314489060750e+00,1.246293564097280759e+00,1.336413468682404515e+00,8.500000000000000611e-02,3.000000000000000000e+00,4.502249959989419207e+06
-5.809420886274756946e+00,2.000068314489060750e+00,1.246293564097280759e+00,1.336413468682404515e+00,8.500000000000000611e-02,3.000000000000000000e+00,4.502249959989419207e+06
-5.809420886274756946e+00,2.000068314489060750e+00,1.246293564097280759e+00,1.336413468682404515e+00,8.500000000000000611e-02,3.000000000000000000e+00,4.502249959989419207e+06
-5.809420886274756946e+00,2.000068314489060750e+00,1.246293564097280759e+00,1.336413468682404515e+00,8.500000000000000611e-02,3.000000000000000000e+00,4.502249959989419207e+06
-5.809420886274756946e+00,2.000068314489060750e+00,1.246293564097280759e+00,1.336413468682404515e+00,8.500000000000000611e-02,3.000000000000000000e+00,4.502249959989419207e+06
-5.809420886274756946e+00,2.000068314489060750e+00,1.246293564097280759e+00,1.336413468682404515e+00,8.500000000000000611e-02,3.000000000000000000e+00,4.502249959989419207e+06
-5.809420886274756946e+00,2.000068314489060750e+00,1.246293564097280759e+00,1.336413468682404515e+00,8.500000000000000611e-02,3.000000000000000000e+00,4.502249959989419207e+06
-5.809420886274756946e+00,2.000068314489060750e+00,1.246293564097280759e+00,1.336413468682404515e+00,8.500000000000000611e-02,3.000000000000000000e+00,4.502249959989419207e+06
-5.809420886274756946e+00,2.000068314489060750e+00,1.246293564097280759e+00,1.336413468682404515e+00,8.500000000000000611e-02,3.000000000000000000e+00,4.502249959989419207e+06
-5.809420886274756946e+00,2.000068314489060750e+00,1.246293564097280759e+00,1.336413468682404515e+00,8.500000000000000611e-02,3.000000000000000000e+00,4.502249959989419207e+06
-5.809420886274756946e+00,2.000068314489060750e+00,1.246293564097280759e+00,1.336413468682404515e+00,8.500000000000000611e-02,3.000000000000000000e+00,4.502249959989419207e+06
-5.809420886274756946e+00,2.000068314489060750e+00,1.246293564097280759e+00,1.336413468682404515e+00,8.500000000000000611e-02,3.000000000000000000e+00,4.502249959989419207e+06
-5.809965235364709990e+00,1.999358558830542032e+00,1.245044904081302528e+00,1.335134087338759379e+00,8.500000000000000611e-02,3.000000000000000000e+00,4.502249959989419207e+06
-5.809965235364709990e+00,1.999358558830542032e+00,1.245044904081302528e+00,1.335134087338759379e+00,8.500000000000000611e-02,3.000000000000000000e+00,4.502249959989419207e+06
-5.809965235364709990e+00,1.999358558830542032e+00,1.245044904081302528e+00,1.335134087338759379e+00,8.500000000000000611e-02,3.000000000000000000e+00,4.502249959989419207e+06
-5.809965235364709990e+00,1.999358558830542032e+00,1.245044904081302528e+00,1.335134087338759379e+00,8.500000000000000611e-02,3.000000000000000000e+00,4.502249959989419207e+06
-5.809965235364709990e+00,1.999358558830542032e+00,1.245044904081302528e+00,1.335134087338759379e+00,8.500000000000000611e-02,3.000000000000000000e+00,4.502249959989419207e+06
-5.809965235364709990e+00,1.999358558830542032e+00,1.245044904081302528e+00,1.335134087338759379e+00,8.500000000000000611e-02,3.000000000000000000e+00,4.502249959989419207e+06
-5.809965235364709990e+00,1.999358558830542032e+00,1.245044904081302528e+00,1.335134087338759379e+00,8.500000000000000611e-02,3.000000000000000000e+00,4.502249959989419207e+06
-5.809965235364709990e+00,1.999358558830542032e+00,1.245044904081302528e+00,1.335134087338759379e+00,8.500000000000000611e-02,3.000000000000000000e+00,4.502249959989419207e+06
-5.809965235364709990e+00,1.999358558830542032e+00,1.245044904081302528e+00,1.335134087338759379e+00,8.500000000000000611e-02,3.000000000000000000e+00,4.502249959989419207e+06
-5.809965235364709990e+00,1.999358558830542032e+00,1.245044904081302528e+00,1.335134087338759379e+00,8.500000000000000611e-02,3.000000000000000000e+00,4.502249959989419207e+06
-5.809965235364709990e+00,1.999358558830542032e+00,1.245044904081302528e+00,1.335134087338759379e+00,8.500000000000000611e-02,3.000000000000000000e+00,4.502249959989419207e+06
-5.809965235364709990e+00,1.999358558830542032e+00,1.245044904081302528e+00,1.335134087338759379e+00,8.500000000000000611e-02,3.000000000000000000e+00,4.502249959989419207e+06
-5.809965235364709990e+00,1.999358558830542032e+00,1.245044904081302528e+00,1.335134087338759379e+00,8.500000000000000611e-02,3.000000000000000000e+00,4.502249959989419207e+06
-5.809965235364709990e+00,1.999358558830542032e+00,1.245044904081302528e+00,1.335134087338759379e+00,8.500000000000000611e-02,3.000000000000000000e+00,4.502249959989419207e+06
-5.809965235364709990e+00,1.999358558830542032e+00,1.245044904081302528e+00,1.335134087338759379e+00,8.500000000000000611e-02,3.000000000000000000e+00,4.502249959989419207e+06
-5.809965235364709990e+00,1.999358558830542032e+00,1.245044904081302528e+00,1.335134087338759379e+00,8.500000000000000611e-02,3.000000000000000000e+00,4.502249959989419207e+06
-5.809965235364709990e+00,1.999358558830542032e+00,1.245044904081302528e+00,1.335134087338759379e+00,8.500000000000000611e-02,3.000000000000000000e+00,4.502249959989419207e+06
-5.809965235364709990e+00,1.999358558830542032e+00,1.245044904081302528e+00,1.335134087338759379e+00,8.500000000000000611e-02,3.000000000000000000e+00,4.502249959989419207e+06
-5.809619131855023433e+00,1.999706612286429985e+00,1.245869026245775002e+00,1.335873305136446421e+00,8.500000000000000611e-02,3.000000000000000000e+00,4.502249959989419207e+06
-5.809619131855023433e+00,1.999706612286429985e+00,1.245869026245775002e+00,1.335873305136446421e+00,8.500000000000000611e-02,3.000000000000000000e+00,4.502249959989419207e+06
-5.809619131855023433e+00,1.999706612286429985e+00,1.245869026245775002e+00,1.335873305136446421e+00,8.500000000000000611e-02,3.000000000000000000e+00,4.502249959989419207e+06
-5.809619131855023433e+00,1.999706612286429985e+00,1.245869026245775002e+00,1.335873305136446421e+00,8.500000000000000611e-02,3.000000000000000000e+00,4.502249959989419207e+06
-5.809619131855023433e+00,1.999706612286429985e+00,1.245869026245775002e+00,1.335873305136446421e+00,8.500000000000000611e-02,3.000000000000000000e+00,4.502249959989419207e+06
-5.809619131855023433e+00,1.999706612286429985e+00,1.245869026245775002e+00,1.335873305136446421e+00,8.500000000000000611e-02,3.000000000000000000e+00,4.502249959989419207e+06
-5.809619131855023433e+00,1.999706612286429985e+00,1.245869026245775002e+00,1.335873305136446421e+00,8.500000000000000611e-02,3.000000000000000000e+00,4.502249959989419207e+06
-5.790866647744062234e+00,2.014499993135844047e+00,1.269408162218216507e+00,1.349051682037260225e+00,8.500000000000000611e-02,3.000000000000000000e+00,4.502249959989419207e+06
-5.790866647744062234e+00,2.014499993135844047e+00,1.269408162218216507e+00,1.349051682037260225e+00,8.500000000000000611e-02,3.000000000000000000e+00,4.502249959989419207e+06
-5.790866647744062234e+00,2.014499993135844047e+00,1.269408162218216507e+00,1.349051682037260225e+00,8.500000000000000611e-02,3.000000000000000000e+00,4.502249959989419207e+06
-5.780898712145494223e+00,2.024292877151703696e+00,1.281425133271462347e+00,1.355705384566441962e+00,8.500000000000000611e-02,3.000000000000000000e+00,4.502249959989419207e+06
-5.780898712145494223e+00,2.024292877151703696e+00,1.281425133271462347e+00,1.355705384566441962e+00,8.500000000000000611e-02,3.000000000000000000e+00,4.502249959989419207e+06
-5.780898712145494223e+00,2.024292877151703696e+00,1.281425133271462347e+00,1.355705384566441962e+00,8.500000000000000611e-02,3.000000000000000000e+00,4.502249959989419207e+06
-5.780898712145494223e+00,2.024292877151703696e+00,1.281425133271462347e+00,1.355705384566441962e+00,8.500000000000000611e-02,3.000000000000000000e+00,4.502249959989419207e+06
-5.780898712145494223e+00,2.024292877151703696e+00,1.281425133271462347e+00,1.355705384566441962e+00,8.500000000000000611e-02,3.000000000000000000e+00,4.502249959989419207e+06
-5.780898712145494223e+00,2.024292877151703696e+00,1.281425133271462347e+00,1.355705384566441962e+00,8.500000000000000611e-02,3.000000000000000000e+00,4.502249959989419207e+06
-5.780898712145494223e+00,2.024292877151703696e+00,1.281425133271462347e+00,1.355705384566441962e+00,8.500000000000000611e-02,3.000000000000000000e+00,4.502249959989419207e+06
-5.780898712145494223e+00,2.024292877151703696e+00,1.281425133271462347e+00,1.355705384566441962e+00,8.500000000000000611e-02,3.000000000000000000e+00,4.502249959989419207e+06
-5.780898712145494223e+00,2.024292877151703696e+00,1.281425133271462347e+00,1.355705384566441962e+00,8.500000000000000611e-02,3.000000000000000000e+00,4.502249959989419207e+06
-5.754107410354603047e+00,2.047743438215602563e+00,1.319998369557495721e+00,1.379405441245406871e+00,8.500000000000000611e-02,3.000000000000000000e+00,4.502249959989419207e+06
-5.754107410354603047e+00,2.047743438215602563e+00,1.319998369557495721e+00,1.379405441245406871e+00,8.500000000000000611e-02,3.000000000000000000e+00,4.502249959989419207e+06
-5.754107410354603047e+00,2.047743438215602563e+00,1.319998369557495721e+00,1.379405441245406871e+00,8.500000000000000611e-02,3.000000000000000000e+00,4.502249959989419207e+06
-5.754107410354603047e+00,2.047743438215602563e+00,1.319998369557495721e+00,1.379405441245406871e+00,8.500000000000000611e-02,3.000000000000000000e+00,4.502249959989419207e+06
-5.754107410354603047e+00,2.047743438215602563e+00,1.319998369557495721e+00,1.379405441245406871e+00,8.500000000000000611e-02,3.000000000000000000e+00,4.502249959989419207e+06
-5.754107410354603047e+00,2.047743438215602563e+00,1.319998369557495721e+00,1.379405441245406871e+00,8.500000000000000611e-02,3.000000000000000000e+00,4.502249959989419207e+06
-5.754107410354603047e+00,2.047743438215602563e+00,1.319998369557495721e+00,1.379405441245406871e+00,8.500000000000000611e-02,3.000000000000000000e+00,4.502249959989419207e+06
-5.914383013123480914e+00,1.897107675716939834e+00,1.082001521353134654e+00,1.214589880895266205e+00,8.500000000000000611e-02,3.000000000000000000e+00,4.502249959989419207e+06
-5.914383013123480914e+00,1.897107675716939834e+00,1.082001521353134654e+00,1.214589880895266205e+00,8.500000000000000611e-02,3.000000000000000000e+00,4.502249959989419207e+06
-5.914383013123480914e+00,1.897107675716939834e+00,1.082001521353134654e+00,1.214589880895266205e+00,8.500000000000000611e-02,3.000000000000000000e+00,4.502249959989419207e+06
-5.952679791005921039e+00,1.859915608731596892e+00,1.022081247237468293e+00,1.170197963186888401e+00,8.500000000000000611e-02,3.000000000000000000e+00,4.502249959989419207e+06
-5.952679791005921039e+00,1.859915608731596892e+00,1.022081247237468293e+00,1.170197963186888401e+00,8.500000000000000611e-02,3.000000000000000000e+00,4.502249959989419207e+06
-5.952679791005921039e+00,1.859915608731596892e+00,1.022081247237468293e+00,1.170197963186888401e+00,8.500000000000000611e-02,3.000000000000000000e+00,4.502249959989419207e+06
-5.952679791005921039e+00,1.859915608731596892e+00,1.022081247237468293e+00,1.170197963186888401e+00,8.500000000000000611e-02,3.000000000000000000e+00,4.502249959989419207e+06
-5.952679791005921039e+00,1.859915608731596892e+00,1.022081247237468293e+00,1.170197963186888401e+00,8.500000000000000611e-02,3.000000000000000000e+00,4.502249959989419207e+06
-4.368729642931478807e+00,3.139180406809999546e+00,3.063614717747892069e+00,1.911462611307769066e+00,8.500000000000000611e-02,3.000000000000000000e+00,4.502249959989419207e+06
-4.562427963871205527e+00,3.003570699388348419e+00,2.714260300223749756e+00,1.516916476112728285e+00,8.500000000000000611e-02,3.000000000000000000e+00,4.502249959989419207e+06
-4.501548481453472306e+00,3.203846485188916127e+00,2.791352647288722899e+00,1.477443987038204787e+00,8.500000000000000611e-02,3.000000000000000000e+00,4.502249959989419207e+06
-4.501306867880005669e+00,3.394797459301646558e+00,2.974340964383183739e+00,1.459447806815942217e+00,8.500000000000000611e-02,3.000000000000000000e+00,4.502249959989419207e+06
-4.704527539616814025e+00,2.663254278088054150e+00,2.573763503832745769e+00,1.587781627373762383e+00,8.500000000000000611e-02,3.000000000000000000e+00,4.502249959989419207e+06
-4.354306157059679272e+00,3.922732647259666638e+00,3.253194268736402606e+00,1.368641061760640154e+00,8.500000000000000611e-02,3.000000000000000000e+00,4.502249959989419207e+06
-4.444421286689040684e+00,3.795499106055810756e+00,3.144456101085989275e+00,1.269751689723559007e+00,8.500000000000000611e-02,3.000000000000000000e+00,4.502249959989419207e+06
-4.338137163919080663e+00,4.118918226760165169e+00,3.581151900943503108e+00,1.513160231951879098e+00,8.500000000000000611e-02,3.000000000000000000e+00,4.502249959989419207e+06
-5.809432634298519638e+00,1.999958809068688170e+00,1.246127664977460858e+00,1.336295544578045336e+00,8.500000000000000611e-02,3.000000000000000000e+00,4.502249959989419207e+06
-5.809428534769851105e+00,1.999960272398330741e+00,1.246134527728572694e+00,1.336298834588120821e+00,8.500000000000000611e-02,3.000000000000000000e+00,4.502249959989419207e+06
-5.809428534769851105e+00,1.999960272398330741e+00,1.246134527728572694e+00,1.336298834588120821e+00,8.500000000000000611e-02,3.000000000000000000e+00,4.502249959989419207e+06
-5.809428534769851105e+00,1.999960272398330741e+00,1.246134527728572694e+00,1.336298834588120821e+00,8.500000000000000611e-02,3.000000000000000000e+00,4.502249959989419207e+06
-5.809424876168464813e+00,1.999952836986357951e+00,1.246146779579592856e+00,1.336293594138181717e+00,8.500000000000000611e-02,3.000000000000000000e+00,4.502249959989419207e+06
-5.809419451351958585e+00,1.999948497874773246e+00,1.246157351429453053e+00,1.336292114178033730e+00,8.500000000000000611e-02,3.000000000000000000e+00,4.502249959989419207e+06
-5.809419451351958585e+00,1.999948497874773246e+00,1.246157351429453053e+00,1.336292114178033730e+00,8.500000000000000611e-02,3.000000000000000000e+00,4.502249959989419207e+06
-5.809419451351958585e+00,1.999948497874773246e+00,1.246157351429453053e+00,1.336292114178033730e+00,8.500000000000000611e-02,3.000000000000000000e+00,4.502249959989419207e+06
-5.809419451351958585e+00,1.999948497874773246e+00,1.246157351429453053e+00,1.336292114178033730e+00,8.500000000000000611e-02,3.000000000000000000e+00,4.502249959989419207e+06
-5.809419451351958585e+00,1.999948497874773246e+00,1.246157351429453053e+00,1.336292114178033730e+00,8.500000000000000611e-02,3.000000000000000000e+00,4.502249959989419207e+06
-5.809419451351958585e+00,1.999948497874773246e+00,1.246157351429453053e+00,1.336292114178033730e+00,8.500000000000000611e-02,3.000000000000000000e+00,4.502249959989419207e+06
-5.809419451351958585e+00,1.999948497874773246e+00,1.246157351429453053e+00,1.336292114178033730e+00,8.500000000000000611e-02,3.000000000000000000e+00,4.502249959989419207e+06
-5.809419451351958585e+00,1.999948497874773246e+00,1.246157351429453053e+00,1.336292114178033730e+00,8.500000000000000611e-02,3.000000000000000000e+00,4.502249959989419207e+06
-5.809419451351958585e+00,1.999948497874773246e+00,1.246157351429453053e+00,1.336292114178033730e+00,8.500000000000000611e-02,3.000000000000000000e+00,4.502249959989419207e+06
-5.809419451351958585e+00,1.999948497874773246e+00,1.246157351429453053e+00,1.336292114178033730e+00,8.500000000000000611e-02,3.000000000000000000e+00,4.502249959989419207e+06
-5.809419451351958585e+00,1.999948497874773246e+00,1.246157351429453053e+00,1.336292114178033730e+00,8.500000000000000611e-02,3.000000000000000000e+00,4.502249959989419207e+06
-5.809419451351958585e+00,1.999948497874773246e+00,1.246157351429453053e+00,1.336292114178033730e+00,8.500000000000000611e-02,3.000000000000000000e+00,4.502249959989419207e+06
-5.809419451351958585e+00,1.999948497874773246e+00,1.246157351429453053e+00,1.336292114178033730e+00,8.500000000000000611e-02,3.000000000000000000e+00,4.502249959989419207e+06
-5.809419451351958585e+00,1.999948497874773246e+00,1.246157351429453053e+00,1.336292114178033730e+00,8.500000000000000611e-02,3.000000000000000000e+00,4.502249959989419207e+06
-5.809419451351958585e+00,1.999948497874773246e+00,1.246157351429453053e+00,1.336292114178033730e+00,8.500000000000000611e-02,3.000000000000000000e+00,4.502249959989419207e+06
-5.809419451351958585e+00,1.999948497874773246e+00,1.246157351429453053e+00,1.336292114178033730e+00,8.500000000000000611e-02,3.000000000000000000e+00,4.502249959989419207e+06
-5.809419451351958585e+00,1.999948497874773246e+00,1.246157351429453053e+00,1.336292114178033730e+00,8.500000000000000611e-02,3.000000000000000000e+00,4.502249959989419207e+06
-5.809419451351958585e+00,1.999948497874773246e+00,1.246157351429453053e+00,1.336292114178033730e+00,8.500000000000000611e-02,3.000000000000000000e+00,4.502249959989419207e+06
-5.809419451351958585e+00,1.999948497874773246e+00,1.246157351429453053e+00,1.336292114178033730e+00,8.500000000000000611e-02,3.000000000000000000e+00,4.502249959989419207e+06
-5.809419451351958585e+00,1.999948497874773246e+00,1.246157351429453053e+00,1.336292114178033730e+00,8.500000000000000611e-02,3.000000000000000000e+00,4.502249959989419207e+06
-5.809419451351958585e+00,1.999948497874773246e+00,1.246157351429453053e+00,1.336292114178033730e+00,8.500000000000000611e-02,3.000000000000000000e+00,4.502249959989419207e+06
-5.809419451351958585e+00,1.999948497874773246e+00,1.246157351429453053e+00,1.336292114178033730e+00,8.500000000000000611e-02,3.000000000000000000e+00,4.502249959989419207e+06
-5.809419451351958585e+00,1.999948497874773246e+00,1.246157351429453053e+00,1.336292114178033730e+00,8.500000000000000611e-02,3.000000000000000000e+00,4.502249959989419207e+06
-5.809545197878966505e+00,1.999850048817694237e+00,1.245896274568128126e+00,1.336050391057233444e+00,8.500000000000000611e-02,3.000000000000000000e+00,4.502249959989419207e+06
-5.809545197878966505e+00,1.999850048817694237e+00,1.245896274568128126e+00,1.336050391057233444e+00,8.500000000000000611e-02,3.000000000000000000e+00,4.502249959989419207e+06
-5.809545197878966505e+00,1.999850048817694237e+00,1.245896274568128126e+00,1.336050391057233444e+00,8.500000000000000611e-02,3.000000000000000000e+00,4.502249959989419207e+06
-5.809545197878966505e+00,1.999850048817694237e+00,1.245896274568128126e+00,1.336050391057233444e+00,8.500000000000000611e-02,3.000000000000000000e+00,4.502249959989419207e+06
-5.809645807677110696e+00,1.999584669810362536e+00,1.245664607955713210e+00,1.335541990087305342e+00,8.500000000000000611e-02,3.000000000000000000e+00,4.502249959989419207e+06
-5.809645807677110696e+00,1.999584669810362536e+00,1.245664607955713210e+00,1.335541990087305342e+00,8.500000000000000611e-02,3.000000000000000000e+00,4.502249959989419207e+06
-5.809645807677110696e+00,1.999584669810362536e+00,1.245664607955713210e+00,1.335541990087305342e+00,8.500000000000000611e-02,3.000000000000000000e+00,4.502249959989419207e+06
-5.809645807677110696e+00,1.999584669810362536e+00,1.245664607955713210e+00,1.335541990087305342e+00,8.500000000000000611e-02,3.000000000000000000e+00,4.502249959989419207e+06
-5.809645807677110696e+00,1.999584669810362536e+00,1.245664607955713210e+00,1.335541990087305342e+00,8.500000000000000611e-02,3.000000000000000000e+00,4.502249959989419207e+06
-5.809645807677110696e+00,1.999584669810362536e+00,1.245664607955713210e+00,1.335541990087305342e+00,8.500000000000000611e-02,3.000000000000000000e+00,4.502249959989419207e+06
-5.809645807677110696e+00,1.999584669810362536e+00,1.245664607955713210e+00,1.335541990087305342e+00,8.500000000000000611e-02,3.000000000000000000e+00,4.502249959989419207e+06
-5.809645807677110696e+00,1.999584669810362536e+00,1.245664607955713210e+00,1.335541990087305342e+00,8.500000000000000611e-02,3.000000000000000000e+00,4.502249959989419207e+06
-5.809645807677110696e+00,1.999584669810362536e+00,1.245664607955713210e+00,1.335541990087305342e+00,8.500000000000000611e-02,3.000000000000000000e+00,4.502249959989419207e+06
-5.809645807677110696e+00,1.999584669810362536e+00,1.245664607955713210e+00,1.335541990087305342e+00,8.500000000000000611e-02,3.000000000000000000e+00,4.502249959989419207e+06
-5.809645807677110696e+00,1.999584669810362536e+00,1.245664607955713210e+00,1.335541990087305342e+00,8.500000000000000611e-02,3.000000000000000000e+00,4.502249959989419207e+06
-5.809645807677110696e+00,1.999584669810362536e+00,1.245664607955713210e+00,1.335541990087305342e+00,8.500000000000000611e-02,3.000000000000000000e+00,4.502249959989419207e+06
-5.809645807677110696e+00,1.999584669810362536e+00,1.245664607955713210e+00,1.335541990087305342e+00,8.500000000000000611e-02,3.000000000000000000e+00,4.502249959989419207e+06
-5.809645807677110696e+00,1.999584669810362536e+00,1.245664607955713210e+00,1.335541990087305342e+00,8.500000000000000611e-02,3.000000000000000000e+00,4.502249959989419207e+06
-5.809645807677110696e+00,1.999584669810362536e+00,1.245664607955713210e+00,1.335541990087305342e+00,8.500000000000000611e-02,3.000000000000000000e+00,4.502249959989419207e+06
-5.809503524003757136e+00,1.999931391578757101e+00,1.245788250549714427e+00,1.335402726293723141e+00,8.500000000000000611e-02,3.000000000000000000e+00,4.502249959989419207e+06
-5.809580740116623510e+00,1.999863068544164957e+00,1.245599559935722800e+00,1.335210859920830329e+00,8.500000000000000611e-02,3.000000000000000000e+00,4.502249959989419207e+06
-5.809580740116623510e+00,1.999863068544164957e+00,1.245599559935722800e+00,1.335210859920830329e+00,8.500000000000000611e-02,3.000000000000000000e+00,4.502249959989419207e+06
-5.809580740116623510e+00,1.999863068544164957e+00,1.245599559935722800e+00,1.335210859920830329e+00,8.500000000000000611e-02,3.000000000000000000e+00,4.502249959989419207e+06
-5.809580740116623510e+00,1.999863068544164957e+00,1.245599559935722800e+00,1.335210859920830329e+00,8.500000000000000611e-02,3.000000000000000000e+00,4.502249959989419207e+06
-5.809687914084030957e+00,2.001652844484960170e+00,1.245646191042619533e+00,1.335729571141227812e+00,8.500000000000000611e-02,3.000000000000000000e+00,4.502249959989419207e+06
-5.809687914084030957e+00,2.001652844484960170e+00,1.245646191042619533e+00,1.335729571141227812e+00,8.500000000000000611e-02,3.000000000000000000e+00,4.502249959989419207e+06
-5.809687914084030957e+00,2.001652844484960170e+00,1.245646191042619533e+00,1.335729571141227812e+00,8.500000000000000611e-02,3.000000000000000000e+00,4.502249959989419207e+06
-5.809687914084030957e+00,2.001652844484960170e+00,1.245646191042619533e+00,1.335729571141227812e+00,8.500000000000000611e-02,3.000000000000000000e+00,4.502249959989419207e+06
-5.809687914084030957e+00,2.001652844484960170e+00,1.245646191042619533e+00,1.335729571141227812e+00,8.500000000000000611e-02,3.000000000000000000e+00,4.502249959989419207e+06
-5.809687914084030957e+00,2.001652844484960170e+00,1.245646191042619533e+00,1.335729571141227812e+00,8.500000000000000611e-02,3.000000000000000000e+00,4.502249959989419207e+06
-5.809687914084030957e+00,2.001652844484960170e+00,1.245646191042619533e+00,1.335729571141227812e+00,8.500000000000000611e-02,3.000000000000000000e+00,4.502249959989419207e+06
-5.809687914084030957e+00,2.001652844484960170e+00,1.245646191042619533e+00,1.335729571141227812e+00,8.500000000000000611e-02,3.000000000000000000e+00,4.502249959989419207e+06
-5.809687914084030957e+00,2.001652844484960170e+00,1.245646191042619533e+00,1.335729571141227812e+00,8.500000000000000611e-02,3.000000000000000000e+00,4.502249959989419207e+06
-5.809687914084030957e+00,2.001652844484960170e+00,1.245646191042619533e+00,1.335729571141227812e+00,8.500000000000000611e-02,3.000000000000000000e+00,4.502249959989419207e+06
-5.809687914084030957e+00,2.001652844484960170e+00,1.245646191042619533e+00,1.335729571141227812e+00,8.500000000000000611e-02,3.000000000000000000e+00,4.502249959989419207e+06
-5.809687914084030957e+00,2.001652844484960170e+00,1.245646191042619533e+00,1.335729571141227812e+00,8.500000000000000611e-02,3.000000000000000000e+00,4.502249959989419207e+06
-5.809176592410409512e+00,2.004122991616213323e+00,1.246688907750008291e+00,1.336708897237163685e+00,8.500000000000000611e-02,3.000000000000000000e+00,4.502249959989419207e+06
-5.809176592410409512e+00,2.004122991616213323e+00,1.246688907750008291e+00,1.336708897237163685e+00,8.500000000000000611e-02,3.000000000000000000e+00,4.502249959989419207e+06
-5.809176592410409512e+00,2.004122991616213323e+00,1.246688907750008291e+00,1.336708897237163685e+00,8.500000000000000611e-02,3.000000000000000000e+00,4.502249959989419207e+06
-5.808995324177332442e+00,2.005229547228794207e+00,1.248165777626241590e+00,1.339032724647745143e+00,8.500000000000000611e-02,3.000000000000000000e+00,4.502249959989419207e+06
-5.808995324177332442e+00,2.005229547228794207e+00,1.248165777626241590e+00,1.339032724647745143e+00,8.500000000000000611e-02,3.000000000000000000e+00,4.502249959989419207e+06
-5.808995324177332442e+00,2.005229547228794207e+00,1.248165777626241590e+00,1.339032724647745143e+00,8.500000000000000611e-02,3.000000000000000000e+00,4.502249959989419207e+06
-5.808995324177332442e+00,2.005229547228794207e+00,1.248165777626241590e+00,1.339032724647745143e+00,8.500000000000000611e-02,3.000000000000000000e+00,4.502249959989419207e+06
-5.808995324177332442e+00,2.005229547228794207e+00,1.248165777626241590e+00,1.339032724647745143e+00,8.500000000000000611e-02,3.000000000000000000e+00,4.502249959989419207e+06
-5.808995324177332442e+00,2.005229547228794207e+00,1.248165777626241590e+00,1.339032724647745143e+00,8.500000000000000611e-02,3.000000000000000000e+00,4.502249959989419207e+06
-5.808995324177332442e+00,2.005229547228794207e+00,1.248165777626241590e+00,1.339032724647745143e+00,8.500000000000000611e-02,3.000000000000000000e+00,4.502249959989419207e+06
-5.808995324177332442e+00,2.005229547228794207e+00,1.248165777626241590e+00,1.339032724647745143e+00,8.500000000000000611e-02,3.000000000000000000e+00,4.502249959989419207e+06
-5.808167473087705091e+00,2.008845343282409601e+00,1.250080258126156973e+00,1.341103648018209471e+00,8.500000000000000611e-02,3.000000000000000000e+00,4.502249959989419207e+06
-5.808167473087705091e+00,2.008845343282409601e+00,1.250080258126156973e+00,1.341103648018209471e+00,8.500000000000000611e-02,3.000000000000000000e+00,4.502249959989419207e+06
-5.808167473087705091e+00,2.008845343282409601e+00,1.250080258126156973e+00,1.341103648018209471e+00,8.500000000000000611e-02,3.000000000000000000e+00,4.502249959989419207e+06
-5.808167473087705091e+00,2.008845343282409601e+00,1.250080258126156973e+00,1.341103648018209471e+00,8.500000000000000611e-02,3.000000000000000000e+00,4.502249959989419207e+06
-4.428663090473149211e+00,3.170539267602264566e+00,3.096160773289275969e+00,2.139948593076770766e+00,8.500000000000000611e-02,3.000000000000000000e+00,4.502249959989419207e+06
-4.338392680598963658e+00,3.260953404228659647e+00,3.237754126569667434e+00,2.171862263547095662e+00,8.500000000000000611e-02,3.000000000000000000e+00,4.502249959989419207e+06
-4.256142464884772103e+00,3.370841251126105220e+00,3.321853231753412850e+00,2.120942746966980597e+00,8.500000000000000611e-02,3.000000000000000000e+00,4.502249959989419207e+06
-4.318779567810323350e+00,3.437572945410835690e+00,3.209635232959184403e+00,1.881344986565648858e+00,8.500000000000000611e-02,3.000000000000000000e+00,4.502249959989419207e+06
-3.979865742816216745e+00,3.771525690172487177e+00,3.596475324073666879e+00,1.863608200396890791e+00,8.500000000000000611e-02,3.000000000000000000e+00,4.502249959989419207e+06
-3.890726034629959251e+00,4.295411750806115592e+00,3.791540578787412130e+00,1.655962634608594941e+00,8.500000000000000611e-02,3.000000000000000000e+00,4.502249959989419207e+06
-3.890726034629959251e+00,4.295411750806115592e+00,3.791540578787412130e+00,1.655962634608594941e+00,8.500000000000000611e-02,3.000000000000000000e+00,4.502249959989419207e+06
-3.890726034629959251e+00,4.295411750806115592e+00,3.791540578787412130e+00,1.655962634608594941e+00,8.500000000000000611e-02,3.000000000000000000e+00,4.502249959989419207e+06
-3.748752748208560970e+00,3.540397611435409431e+00,3.457060368975949594e+00,1.951887697762791030e+00,8.500000000000000611e-02,3.000000000000000000e+00,4.502249959989419207e+06
-3.748752748208560970e+00,3.540397611435409431e+00,3.457060368975949594e+00,1.951887697762791030e+00,8.500000000000000611e-02,3.000000000000000000e+00,4.502249959989419207e+06
-4.227275027707237953e+00,3.157050159810119272e+00,2.887870860847047805e+00,1.730922704696104875e+00,8.500000000000000611e-02,3.000000000000000000e+00,4.502249959989419207e+06
-5.809434470103725268e+00,1.999957836216815776e+00,1.246123469711567067e+00,1.336301619999680224e+00,8.500000000000000611e-02,3.000000000000000000e+00,4.502249959989419207e+06
-5.809434470103725268e+00,1.999957836216815776e+00,1.246123469711567067e+00,1.336301619999680224e+00,8.500000000000000611e-02,3.000000000000000000e+00,4.502249959989419207e+06
-5.809434470103725268e+00,1.999957836216815776e+00,1.246123469711567067e+00,1.336301619999680224e+00,8.500000000000000611e-02,3.000000000000000000e+00,4.502249959989419207e+06
-5.809434470103725268e+00,1.999957836216815776e+00,1.246123469711567067e+00,1.336301619999680224e+00,8.500000000000000611e-02,3.000000000000000000e+00,4.502249959989419207e+06
-5.809434470103725268e+00,1.999957836216815776e+00,1.246123469711567067e+00,1.336301619999680224e+00,8.500000000000000611e-02,3.000000000000000000e+00,4.502249959989419207e+06
-5.809389339200440538e+00,2.000000781444823517e+00,1.246237111666964603e+00,1.336410975280346802e+00,8.500000000000000611e-02,3.000000000000000000e+00,4.502249959989419207e+06
-5.809389339200440538e+00,2.000000781444823517e+00,1.246237111666964603e+00,1.336410975280346802e+00,8.500000000000000611e-02,3.000000000000000000e+00,4.502249959989419207e+06
-5.809389339200440538e+00,2.000000781444823517e+00,1.246237111666964603e+00,1.336410975280346802e+00,8.500000000000000611e-02,3.000000000000000000e+00,4.502249959989419207e+06
-5.809396503549244528e+00,1.999998045955536430e+00,1.246219653835284769e+00,1.336395063788109905e+00,8.500000000000000611e-02,3.000000000000000000e+00,4.502249959989419207e+06
-5.809396503549244528e+00,1.999998045955536430e+00,1.246219653835284769e+00,1.336395063788109905e+00,8.500000000000000611e-02,3.000000000000000000e+00,4.502249959989419207e+06
-5.809382554137344279e+00,2.000006250309288358e+00,1.246247475422125772e+00,1.336414940530577189e+00,8.500000000000000611e-02,3.000000000000000000e+00,4.502249959989419207e+06
-5.809382554137344279e+00,2.000006250309288358e+00,1.246247475422125772e+00,1.336414940530577189e+00,8.500000000000000611e-02,3.000000000000000000e+00,4.502249959989419207e+06
-5.809382554137344279e+00,2.000006250309288358e+00,1.246247475422125772e+00,1.336414940530577189e+00,8.500000000000000611e-02,3.000000000000000000e+00,4.502249959989419207e+06
-5.809382554137344279e+00,2.000006250309288358e+00,1.246247475422125772e+00,1.336414940530577189e+00,8.500000000000000611e-02,3.000000000000000000e+00,4.502249959989419207e+06
-5.809331380375644116e+00,2.000053415315670602e+00,1.246372237079209855e+00,1.336537495906656492e+00,8.500000000000000611e-02,3.000000000000000000e+00,4.502249959989419207e+06
-5.809331380375644116e+00,2.000053415315670602e+00,1.246372237079209855e+00,1.336537495906656492e+00,8.500000000000000611e-02,3.000000000000000000e+00,4.502249959989419207e+06
-5.809331380375644116e+00,2.000053415315670602e+00,1.246372237079209855e+00,1.336537495906656492e+00,8.500000000000000611e-02,3.000000000000000000e+00,4.502249959989419207e+06
-5.809331380375644116e+00,2.000053415315670602e+00,1.246372237079209855e+00,1.336537495906656492e+00,8.500000000000000611e-02,3.000000000000000000e+00,4.502249959989419207e+06
-5.809331380375644116e+00,2.000053415315670602e+00,1.246372237079209855e+00,1.336537495906656492e+00,8.500000000000000611e-02,3.000000000000000000e+00,4.502249959989419207e+06
-5.809314068321183022e+00,2.000025755781529302e+00,1.246403437785475798e+00,1.336539629507436322e+00,8.500000000000000611e-02,3.000000000000000000e+00,4.502249959989419207e+06
-5.809314068321183022e+00,2.000025755781529302e+00,1.246403437785475798e+00,1.336539629507436322e+00,8.500000000000000611e-02,3.000000000000000000e+00,4.502249959989419207e+06
-5.809314068321183022e+00,2.000025755781529302e+00,1.246403437785475798e+00,1.336539629507436322e+00,8.500000000000000611e-02,3.000000000000000000e+00,4.502249959989419207e+06
-5.809319622546539996e+00,2.000061485466348987e+00,1.246412832031114748e+00,1.336563791155608527e+00,8.500000000000000611e-02,3.000000000000000000e+00,4.502249959989419207e+06
-5.809321286229290671e+00,2.000072187743713314e+00,1.246415645932859695e+00,1.336571028405576511e+00,8.500000000000000611e-02,3.000000000000000000e+00,4.502249959989419207e+06
-5.809321286229290671e+00,2.000072187743713314e+00,1.246415645932859695e+00,1.336571028405576511e+00,8.500000000000000611e-02,3.000000000000000000e+00,4.502249959989419207e+06
-5.809321286229290671e+00,2.000072187743713314e+00,1.246415645932859695e+00,1.336571028405576511e+00,8.500000000000000611e-02,3.000000000000000000e+00,4.502249959989419207e+06
-5.809321286229290671e+00,2.000072187743713314e+00,1.246415645932859695e+00,1.336571028405576511e+00,8.500000000000000611e-02,3.000000000000000000e+00,4.502249959989419207e+06
-5.809444081191410980e+00,2.000116764849960482e+00,1.246129108356652360e+00,1.336561353438406430e+00,8.500000000000000611e-02,3.000000000000000000e+00,4.502249959989419207e+06
-5.809444081191410980e+00,2.000116764849960482e+00,1.246129108356652360e+00,1.336561353438406430e+00,8.500000000000000611e-02,3.000000000000000000e+00,4.502249959989419207e+06
-5.809444081191410980e+00,2.000116764849960482e+00,1.246129108356652360e+00,1.336561353438406430e+00,8.500000000000000611e-02,3.000000000000000000e+00,4.502249959989419207e+06
-5.809444081191410980e+00,2.000116764849960482e+00,1.246129108356652360e+00,1.336561353438406430e+00,8.500000000000000611e-02,3.000000000000000000e+00,4.502249959989419207e+06
-5.809444081191410980e+00,2.000116764849960482e+00,1.246129108356652360e+00,1.336561353438406430e+00,8.500000000000000611e-02,3.000000000000000000e+00,4.502249959989419207e+06
-5.809444081191410980e+00,2.000116764849960482e+00,1.246129108356652360e+00,1.336561353438406430e+00,8.500000000000000611e-02,3.000000000000000000e+00,4.502249959989419207e+06
-5.809444081191410980e+00,2.000116764849960482e+00,1.246129108356652360e+00,1.336561353438406430e+00,8.500000000000000611e-02,3.000000000000000000e+00,4.502249959989419207e+06
-5.809444081191410980e+00,2.000116764849960482e+00,1.246129108356652360e+00,1.336561353438406430e+00,8.500000000000000611e-02,3.000000000000000000e+00,4.502249959989419207e+06
-5.809444081191410980e+00,2.000116764849960482e+00,1.246129108356652360e+00,1.336561353438406430e+00,8.500000000000000611e-02,3.000000000000000000e+00,4.502249959989419207e+06
-5.809444081191410980e+00,2.000116764849960482e+00,1.246129108356652360e+00,1.336561353438406430e+00,8.500000000000000611e-02,3.000000000000000000e+00,4.502249959989419207e+06
-5.809444081191410980e+00,2.000116764849960482e+00,1.246129108356652360e+00,1.336561353438406430e+00,8.500000000000000611e-02,3.000000000000000000e+00,4.502249959989419207e+06
-5.809444081191410980e+00,2.000116764849960482e+00,1.246129108356652360e+00,1.336561353438406430e+00,8.500000000000000611e-02,3.000000000000000000e+00,4.502249959989419207e+06
-5.809444081191410980e+00,2.000116764849960482e+00,1.246129108356652360e+00,1.336561353438406430e+00,8.500000000000000611e-02,3.000000000000000000e+00,4.502249959989419207e+06
-5.809444081191410980e+00,2.000116764849960482e+00,1.246129108356652360e+00,1.336561353438406430e+00,8.500000000000000611e-02,3.000000000000000000e+00,4.502249959989419207e+06
-5.809444081191410980e+00,2.000116764849960482e+00,1.246129108356652360e+00,1.336561353438406430e+00,8.500000000000000611e-02,3.000000000000000000e+00,4.502249959989419207e+06
-5.809444081191410980e+00,2.000116764849960482e+00,1.246129108356652360e+00,1.336561353438406430e+00,8.500000000000000611e-02,3.000000000000000000e+00,4.502249959989419207e+06
-5.809444081191410980e+00,2.000116764849960482e+00,1.246129108356652360e+00,1.336561353438406430e+00,8.500000000000000611e-02,3.000000000000000000e+00,4.502249959989419207e+06
-5.809433223040167071e+00,2.000112429976392825e+00,1.246153138889380063e+00,1.336558482909480761e+00,8.500000000000000611e-02,3.000000000000000000e+00,4.502249959989419207e+06
-5.809433223040167071e+00,2.000112429976392825e+00,1.246153138889380063e+00,1.336558482909480761e+00,8.500000000000000611e-02,3.000000000000000000e+00,4.502249959989419207e+06
-5.809433223040167071e+00,2.000112429976392825e+00,1.246153138889380063e+00,1.336558482909480761e+00,8.500000000000000611e-02,3.000000000000000000e+00,4.502249959989419207e+06
-5.809433186533635052e+00,2.000112485873422941e+00,1.246153234006889710e+00,1.336558603740787721e+00,8.500000000000000611e-02,3.000000000000000000e+00,4.502249959989419207e+06
-5.810655234012643611e+00,1.998392712631727131e+00,1.243420059690114821e+00,1.333876107212685014e+00,8.500000000000000611e-02,3.000000000000000000e+00,4.502249959989419207e+06
-5.810655234012643611e+00,1.998392712631727131e+00,1.243420059690114821e+00,1.333876107212685014e+00,8.500000000000000611e-02,3.000000000000000000e+00,4.502249959989419207e+06
-5.810655234012643611e+00,1.998392712631727131e+00,1.243420059690114821e+00,1.333876107212685014e+00,8.500000000000000611e-02,3.000000000000000000e+00,4.502249959989419207e+06
-5.810655234012643611e+00,1.998392712631727131e+00,1.243420059690114821e+00,1.333876107212685014e+00,8.500000000000000611e-02,3.000000000000000000e+00,4.502249959989419207e+06
-5.810655234012643611e+00,1.998392712631727131e+00,1.243420059690114821e+00,1.333876107212685014e+00,8.500000000000000611e-02,3.000000000000000000e+00,4.502249959989419207e+06
-5.810655234012643611e+00,1.998392712631727131e+00,1.243420059690114821e+00,1.333876107212685014e+00,8.500000000000000611e-02,3.000000000000000000e+00,4.502249959989419207e+06
-5.810655234012643611e+00,1.998392712631727131e+00,1.243420059690114821e+00,1.333876107212685014e+00,8.500000000000000611e-02,3.000000000000000000e+00,4.502249959989419207e+06
-5.810655234012643611e+00,1.998392712631727131e+00,1.243420059690114821e+00,1.333876107212685014e+00,8.500000000000000611e-02,3.000000000000000000e+00,4.502249959989419207e+06
-5.810668152543085441e+00,1.998322501463856593e+00,1.243357107433406217e+00,1.333802950491338679e+00,8.500000000000000611e-02,3.000000000000000000e+00,4.502249959989419207e+06
-5.810668152543085441e+00,1.998322501463856593e+00,1.243357107433406217e+00,1.333802950491338679e+00,8.500000000000000611e-02,3.000000000000000000e+00,4.502249959989419207e+06
-5.807356412868537987e+00,2.001996983652275741e+00,1.248563428816103826e+00,1.337595915200878949e+00,8.500000000000000611e-02,3.000000000000000000e+00,4.502249959989419207e+06
-5.807356412868537987e+00,2.001996983652275741e+00,1.248563428816103826e+00,1.337595915200878949e+00,8.500000000000000611e-02,3.000000000000000000e+00,4.502249959989419207e+06
-5.807356412868537987e+00,2.001996983652275741e+00,1.248563428816103826e+00,1.337595915200878949e+00,8.500000000000000611e-02,3.000000000000000000e+00,4.502249959989419207e+06
-5.807356412868537987e+00,2.001996983652275741e+00,1.248563428816103826e+00,1.337595915200878949e+00,8.500000000000000611e-02,3.000000000000000000e+00,4.502249959989419207e+06
-5.807356412868537987e+00,2.001996983652275741e+00,1.248563428816103826e+00,1.337595915200878949e+00,8.500000000000000611e-02,3.000000000000000000e+00,4.502249959989419207e+06
-5.807356412868537987e+00,2.001996983652275741e+00,1.248563428816103826e+00,1.337595915200878949e+00,8.500000000000000611e-02,3.000000000000000000e+00,4.502249959989419207e+06
-5.807356412868537987e+00,2.001996983652275741e+00,1.248563428816103826e+00,1.337595915200878949e+00,8.500000000000000611e-02,3.000000000000000000e+00,4.502249959989419207e+06
-5.807356412868537987e+00,2.001996983652275741e+00,1.248563428816103826e+00,1.337595915200878949e+00,8.500000000000000611e-02,3.000000000000000000e+00,4.502249959989419207e+06
-5.807356412868537987e+00,2.001996983652275741e+00,1.248563428816103826e+00,1.337595915200878949e+00,8.500000000000000611e-02,3.000000000000000000e+00,4.502249959989419207e+06
-5.807356412868537987e+00,2.001996983652275741e+00,1.248563428816103826e+00,1.337595915200878949e+00,8.500000000000000611e-02,3.000000000000000000e+00,4.502249959989419207e+06
-5.807356412868537987e+00,2.001996983652275741e+00,1.248563428816103826e+00,1.337595915200878949e+00,8.500000000000000611e-02,3.000000000000000000e+00,4.502249959989419207e+06
-5.807356412868537987e+00,2.001996983652275741e+00,1.248563428816103826e+00,1.337595915200878949e+00,8.500000000000000611e-02,3.000000000000000000e+00,4.502249959989419207e+06
-5.807356412868537987e+00,2.001996983652275741e+00,1.248563428816103826e+00,1.337595915200878949e+00,8.500000000000000611e-02,3.000000000000000000e+00,4.502249959989419207e+06
-5.806388990135432415e+00,2.002933766360301071e+00,1.249907493818928073e+00,1.338559325036767778e+00,8.500000000000000611e-02,3.000000000000000000e+00,4.502249959989419207e+06
-5.806388990135432415e+00,2.002933766360301071e+00,1.249907493818928073e+00,1.338559325036767778e+00,8.500000000000000611e-02,3.000000000000000000e+00,4.502249959989419207e+06
-5.806388990135432415e+00,2.002933766360301071e+00,1.249907493818928073e+00,1.338559325036767778e+00,8.500000000000000611e-02,3.000000000000000000e+00,4.502249959989419207e+06
-5.806388990135432415e+00,2.002933766360301071e+00,1.249907493818928073e+00,1.338559325036767778e+00,8.500000000000000611e-02,3.000000000000000000e+00,4.502249959989419207e+06
-5.806549280308400895e+00,2.002815462681760472e+00,1.249689422619909118e+00,1.338463920953813613e+00,8.500000000000000611e-02,3.000000000000000000e+00,4.502249959989419207e+06
-6.997578709958905741e+00,1.011321997586396293e+00,-3.772573623459123393e-01,5.911166040414310707e-01,8.500000000000000611e-02,3.000000000000000000e+00,4.502249959989419207e+06
-6.997578709958905741e+00,1.011321997586396293e+00,-3.772573623459123393e-01,5.911166040414310707e-01,8.500000000000000611e-02,3.000000000000000000e+00,4.502249959989419207e+06
-7.073856310710823436e+00,9.484504808261969844e-01,-4.822573602948199145e-01,5.444455515195342210e-01,8.500000000000000611e-02,3.000000000000000000e+00,4.502249959989419207e+06
-7.073856310710823436e+00,9.484504808261969844e-01,-4.822573602948199145e-01,5.444455515195342210e-01,8.500000000000000611e-02,3.000000000000000000e+00,4.502249959989419207e+06
-7.212118717758226438e+00,8.548419873866561769e-01,-6.419610808780578104e-01,5.240435042846542935e-01,8.500000000000000611e-02,3.000000000000000000e+00,4.502249959989419207e+06
-7.212118717758226438e+00,8.548419873866561769e-01,-6.419610808780578104e-01,5.240435042846542935e-01,8.500000000000000611e-02,3.000000000000000000e+00,4.502249959989419207e+06
-7.212118717758226438e+00,8.548419873866561769e-01,-6.419610808780578104e-01,5.240435042846542935e-01,8.500000000000000611e-02,3.000000000000000000e+00,4.502249959989419207e+06
-7.212118717758226438e+00,8.548419873866561769e-01,-6.419610808780578104e-01,5.240435042846542935e-01,8.500000000000000611e-02,3.000000000000000000e+00,4.502249959989419207e+06
-7.212118717758226438e+00,8.548419873866561769e-01,-6.419610808780578104e-01,5.240435042846542935e-01,8.500000000000000611e-02,3.000000000000000000e+00,4.502249959989419207e+06
-7.212118717758226438e+00,8.548419873866561769e-01,-6.419610808780578104e-01,5.240435042846542935e-01,8.500000000000000611e-02,3.000000000000000000e+00,4.502249959989419207e+06
-7.006361993594674153e+00,9.509311785465881517e-01,-4.389723501798670213e-01,4.985958656327197924e-01,8.500000000000000611e-02,3.000000000000000000e+00,4.502249959989419207e+06
-7.006361993594674153e+00,9.509311785465881517e-01,-4.389723501798670213e-01,4.985958656327197924e-01,8.500000000000000611e-02,3.000000000000000000e+00,4.502249959989419207e+06
-7.006361993594674153e+00,9.509311785465881517e-01,-4.389723501798670213e-01,4.985958656327197924e-01,8.500000000000000611e-02,3.000000000000000000e+00,4.502249959989419207e+06
-7.006361993594674153e+00,9.509311785465881517e-01,-4.389723501798670213e-01,4.985958656327197924e-01,8.500000000000000611e-02,3.000000000000000000e+00,4.502249959989419207e+06
-5.809352467447964408e+00,2.000048612185608476e+00,1.246369310258492291e+00,1.336504236227868736e+00,8.500000000000000611e-02,3.000000000000000000e+00,4.502249959989419207e+06
-5.809339921726930811e+00,2.000054029952126555e+00,1.246411445777183546e+00,1.336533431313250864e+00,8.500000000000000611e-02,3.000000000000000000e+00,4.502249959989419207e+06
-5.809153841137299601e+00,2.000311146598607870e+00,1.246905942831557423e+00,1.337023058613953541e+00,8.500000000000000611e-02,3.000000000000000000e+00,4.502249959989419207e+06
-5.809236815143214550e+00,2.000192927598623438e+00,1.246661006598652977e+00,1.336778959994658234e+00,8.500000000000000611e-02,3.000000000000000000e+00,4.502249959989419207e+06
-5.809236815143214550e+00,2.000192927598623438e+00,1.246661006598652977e+00,1.336778959994658234e+00,8.500000000000000611e-02,3.000000000000000000e+00,4.502249959989419207e+06
-5.809236815143214550e+00,2.000192927598623438e+00,1.246661006598652977e+00,1.336778959994658234e+00,8.500000000000000611e-02,3.000000000000000000e+00,4.502249959989419207e+06
-5.809236815143214550e+00,2.000192927598623438e+00,1.246661006598652977e+00,1.336778959994658234e+00,8.500000000000000611e-02,3.000000000000000000e+00,4.502249959989419207e+06
-5.809236815143214550e+00,2.000192927598623438e+00,1.246661006598652977e+00,1.336778959994658234e+00,8.500000000000000611e-02,3.000000000000000000e+00,4.502249959989419207e+06
-5.809236815143214550e+00,2.000192927598623438e+00,1.246661006598652977e+00,1.336778959994658234e+00,8.500000000000000611e-02,3.000000000000000000e+00,4.502249959989419207e+06
-5.809236815143214550e+00,2.000192927598623438e+00,1.246661006598652977e+00,1.336778959994658234e+00,8.500000000000000611e-02,3.000000000000000000e+00,4.502249959989419207e+06
-5.809236815143214550e+00,2.000192927598623438e+00,1.246661006598652977e+00,1.336778959994658234e+00,8.500000000000000611e-02,3.000000000000000000e+00,4.502249959989419207e+06
-5.809236815143214550e+00,2.000192927598623438e+00,1.246661006598652977e+00,1.336778959994658234e+00,8.500000000000000611e-02,3.000000000000000000e+00,4.502249959989419207e+06
-5.809236815143214550e+00,2.000192927598623438e+00,1.246661006598652977e+00,1.336778959994658234e+00,8.500000000000000611e-02,3.000000000000000000e+00,4.502249959989419207e+06
-5.809236815143214550e+00,2.000192927598623438e+00,1.246661006598652977e+00,1.336778959994658234e+00,8.500000000000000611e-02,3.000000000000000000e+00,4.502249959989419207e+06
-5.809236815143214550e+00,2.000192927598623438e+00,1.246661006598652977e+00,1.336778959994658234e+00,8.500000000000000611e-02,3.000000000000000000e+00,4.502249959989419207e+06
-5.809236815143214550e+00,2.000192927598623438e+00,1.246661006598652977e+00,1.336778959994658234e+00,8.500000000000000611e-02,3.000000000000000000e+00,4.502249959989419207e+06
-5.809236815143214550e+00,2.000192927598623438e+00,1.246661006598652977e+00,1.336778959994658234e+00,8.500000000000000611e-02,3.000000000000000000e+00,4.502249959989419207e+06
-5.809236815143214550e+00,2.000192927598623438e+00,1.246661006598652977e+00,1.336778959994658234e+00,8.500000000000000611e-02,3.000000000000000000e+00,4.502249959989419207e+06
-5.809236815143214550e+00,2.000192927598623438e+00,1.246661006598652977e+00,1.336778959994658234e+00,8.500000000000000611e-02,3.000000000000000000e+00,4.502249959989419207e+06
-5.809236815143214550e+00,2.000192927598623438e+00,1.246661006598652977e+00,1.336778959994658234e+00,8.500000000000000611e-02,3.000000000000000000e+00,4.502249959989419207e+06
-5.809236815143214550e+00,2.000192927598623438e+00,1.246661006598652977e+00,1.336778959994658234e+00,8.500000000000000611e-02,3.000000000000000000e+00,4.502249959989419207e+06
-5.809236815143214550e+00,2.000192927598623438e+00,1.246661006598652977e+00,1.336778959994658234e+00,8.500000000000000611e-02,3.000000000000000000e+00,4.502249959989419207e+06
-5.809236815143214550e+00,2.000192927598623438e+00,1.246661006598652977e+00,1.336778959994658234e+00,8.500000000000000611e-02,3.000000000000000000e+00,4.502249959989419207e+06
-5.809059191423238566e+00,2.000354958018537577e+00,1.247115053947037033e+00,1.337159970551047961e+00,8.500000000000000611e-02,3.000000000000000000e+00,4.502249959989419207e+06
-5.809059191423238566e+00,2.000354958018537577e+00,1.247115053947037033e+00,1.337159970551047961e+00,8.500000000000000611e-02,3.000000000000000000e+00,4.502249959989419207e+06
-5.809059191423238566e+00,2.000354958018537577e+00,1.247115053947037033e+00,1.337159970551047961e+00,8.500000000000000611e-02,3.000000000000000000e+00,4.502249959989419207e+06
-5.809059191423238566e+00,2.000354958018537577e+00,1.247115053947037033e+00,1.337159970551047961e+00,8.500000000000000611e-02,3.000000000000000000e+00,4.502249959989419207e+06
-5.809059191423238566e+00,2.000354958018537577e+00,1.247115053947037033e+00,1.337159970551047961e+00,8.500000000000000611e-02,3.000000000000000000e+00,4.502249959989419207e+06
-5.809059191423238566e+00,2.000354958018537577e+00,1.247115053947037033e+00,1.337159970551047961e+00,8.500000000000000611e-02,3.000000000000000000e+00,4.502249959989419207e+06
-5.809059191423238566e+00,2.000354958018537577e+00,1.247115053947037033e+00,1.337159970551047961e+00,8.500000000000000611e-02,3.000000000000000000e+00,4.502249959989419207e+06
-5.808862783620075021e+00,2.000611304980398852e+00,1.247658299439811325e+00,1.337695386371106743e+00,8.500000000000000611e-02,3.000000000000000000e+00,4.502249959989419207e+06
-5.808862783620075021e+00,2.000611304980398852e+00,1.247658299439811325e+00,1.337695386371106743e+00,8.500000000000000611e-02,3.000000000000000000e+00,4.502249959989419207e+06
-5.808862783620075021e+00,2.000611304980398852e+00,1.247658299439811325e+00,1.337695386371106743e+00,8.500000000000000611e-02,3.000000000000000000e+00,4.502249959989419207e+06
-5.808862783620075021e+00,2.000611304980398852e+00,1.247658299439811325e+00,1.337695386371106743e+00,8.500000000000000611e-02,3.000000000000000000e+00,4.502249959989419207e+06
-5.808862783620075021e+00,2.000611304980398852e+00,1.247658299439811325e+00,1.337695386371106743e+00,8.500000000000000611e-02,3.000000000000000000e+00,4.502249959989419207e+06
-5.808538058271129678e+00,2.000949032609649514e+00,1.248513207805530767e+00,1.338450163123845460e+00,8.500000000000000611e-02,3.000000000000000000e+00,4.502249959989419207e+06
-5.808538058271129678e+00,2.000949032609649514e+00,1.248513207805530767e+00,1.338450163123845460e+00,8.500000000000000611e-02,3.000000000000000000e+00,4.502249959989419207e+06
-5.808538058271129678e+00,2.000949032609649514e+00,1.248513207805530767e+00,1.338450163123845460e+00,8.500000000000000611e-02,3.000000000000000000e+00,4.502249959989419207e+06
-5.808538058271129678e+00,2.000949032609649514e+00,1.248513207805530767e+00,1.338450163123845460e+00,8.500000000000000611e-02,3.000000000000000000e+00,4.502249959989419207e+06
-5.808538058271129678e+00,2.000949032609649514e+00,1.248513207805530767e+00,1.338450163123845460e+00,8.500000000000000611e-02,3.000000000000000000e+00,4.502249959989419207e+06
-5.808538058271129678e+00,2.000949032609649514e+00,1.248513207805530767e+00,1.338450163123845460e+00,8.500000000000000611e-02,3.000000000000000000e+00,4.502249959989419207e+06
-5.808538058271129678e+00,2.000949032609649514e+00,1.248513207805530767e+00,1.338450163123845460e+00,8.500000000000000611e-02,3.000000000000000000e+00,4.502249959989419207e+06
-5.808231329475880500e+00,2.001264817915159533e+00,1.249347500697820301e+00,1.339175145562268909e+00,8.500000000000000611e-02,3.000000000000000000e+00,4.502249959989419207e+06
-5.808231329475880500e+00,2.001264817915159533e+00,1.249347500697820301e+00,1.339175145562268909e+00,8.500000000000000611e-02,3.000000000000000000e+00,4.502249959989419207e+06
-5.806106012046161169e+00,2.003239525002430632e+00,1.254234269070259256e+00,1.343376727134313331e+00,8.500000000000000611e-02,3.000000000000000000e+00,4.502249959989419207e+06
-5.806106012046161169e+00,2.003239525002430632e+00,1.254234269070259256e+00,1.343376727134313331e+00,8.500000000000000611e-02,3.000000000000000000e+00,4.502249959989419207e+06
-5.806106012046161169e+00,2.003239525002430632e+00,1.254234269070259256e+00,1.343376727134313331e+00,8.500000000000000611e-02,3.000000000000000000e+00,4.502249959989419207e+06
-5.806106012046161169e+00,2.003239525002430632e+00,1.254234269070259256e+00,1.343376727134313331e+00,8.500000000000000611e-02,3.000000000000000000e+00,4.502249959989419207e+06
-5.806106012046161169e+00,2.003239525002430632e+00,1.254234269070259256e+00,1.343376727134313331e+00,8.500000000000000611e-02,3.000000000000000000e+00,4.502249959989419207e+06
-5.806106012046161169e+00,2.003239525002430632e+00,1.254234269070259256e+00,1.343376727134313331e+00,8.500000000000000611e-02,3.000000000000000000e+00,4.502249959989419207e+06
-5.806106012046161169e+00,2.003239525002430632e+00,1.254234269070259256e+00,1.343376727134313331e+00,8.500000000000000611e-02,3.000000000000000000e+00,4.502249959989419207e+06
-5.806106012046161169e+00,2.003239525002430632e+00,1.254234269070259256e+00,1.343376727134313331e+00,8.500000000000000611e-02,3.000000000000000000e+00,4.502249959989419207e+06
-5.806106012046161169e+00,2.003239525002430632e+00,1.254234269070259256e+00,1.343376727134313331e+00,8.500000000000000611e-02,3.000000000000000000e+00,4.502249959989419207e+06
-5.804277272326235249e+00,2.004747259926474179e+00,1.258826276493766105e+00,1.347018233480675065e+00,8.500000000000000611e-02,3.000000000000000000e+00,4.502249959989419207e+06
-5.804277272326235249e+00,2.004747259926474179e+00,1.258826276493766105e+00,1.347018233480675065e+00,8.500000000000000611e-02,3.000000000000000000e+00,4.502249959989419207e+06
-5.804277272326235249e+00,2.004747259926474179e+00,1.258826276493766105e+00,1.347018233480675065e+00,8.500000000000000611e-02,3.000000000000000000e+00,4.502249959989419207e+06
-5.804277272326235249e+00,2.004747259926474179e+00,1.258826276493766105e+00,1.347018233480675065e+00,8.500000000000000611e-02,3.000000000000000000e+00,4.502249959989419207e+06
-5.804277272326235249e+00,2.004747259926474179e+00,1.258826276493766105e+00,1.347018233480675065e+00,8.500000000000000611e-02,3.000000000000000000e+00,4.502249959989419207e+06
-5.804277272326235249e+00,2.004747259926474179e+00,1.258826276493766105e+00,1.347018233480675065e+00,8.500000000000000611e-02,3.000000000000000000e+00,4.502249959989419207e+06
-5.804277272326235249e+00,2.004747259926474179e+00,1.258826276493766105e+00,1.347018233480675065e+00,8.500000000000000611e-02,3.000000000000000000e+00,4.502249959989419207e+06
-5.804277272326235249e+00,2.004747259926474179e+00,1.258826276493766105e+00,1.347018233480675065e+00,8.500000000000000611e-02,3.000000000000000000e+00,4.502249959989419207e+06
-5.804277272326235249e+00,2.004747259926474179e+00,1.258826276493766105e+00,1.347018233480675065e+00,8.500000000000000611e-02,3.000000000000000000e+00,4.502249959989419207e+06
-5.804277272326235249e+00,2.004747259926474179e+00,1.258826276493766105e+00,1.347018233480675065e+00,8.500000000000000611e-02,3.000000000000000000e+00,4.502249959989419207e+06
-5.804277272326235249e+00,2.004747259926474179e+00,1.258826276493766105e+00,1.347018233480675065e+00,8.500000000000000611e-02,3.000000000000000000e+00,4.502249959989419207e+06
-5.798342986416714417e+00,2.005503402936870128e+00,1.273527625880469305e+00,1.359505384300642605e+00,8.500000000000000611e-02,3.000000000000000000e+00,4.502249959989419207e+06
-5.798342986416714417e+00,2.005503402936870128e+00,1.273527625880469305e+00,1.359505384300642605e+00,8.500000000000000611e-02,3.000000000000000000e+00,4.502249959989419207e+06
-5.798342986416714417e+00,2.005503402936870128e+00,1.273527625880469305e+00,1.359505384300642605e+00,8.500000000000000611e-02,3.000000000000000000e+00,4.502249959989419207e+06
-5.798342986416714417e+00,2.005503402936870128e+00,1.273527625880469305e+00,1.359505384300642605e+00,8.500000000000000611e-02,3.000000000000000000e+00,4.502249959989419207e+06
-5.801800439653785446e+00,2.003708423473324896e+00,1.263677418552659582e+00,1.349801887649165533e+00,8.500000000000000611e-02,3.000000000000000000e+00,4.502249959989419207e+06
-5.801800439653785446e+00,2.003708423473324896e+00,1.263677418552659582e+00,1.349801887649165533e+00,8.500000000000000611e-02,3.000000000000000000e+00,4.502249959989419207e+06
-5.801800439653785446e+00,2.003708423473324896e+00,1.263677418552659582e+00,1.349801887649165533e+00,8.500000000000000611e-02,3.000000000000000000e+00,4.502249959989419207e+06
-5.799171969466425658e+00,2.004375687089340108e+00,1.269432875977459796e+00,1.353906442270006005e+00,8.500000000000000611e-02,3.000000000000000000e+00,4.502249959989419207e+06
-5.799171969466425658e+00,2.004375687089340108e+00,1.269432875977459796e+00,1.353906442270006005e+00,8.500000000000000611e-02,3.000000000000000000e+00,4.502249959989419207e+06
-5.799171969466425658e+00,2.004375687089340108e+00,1.269432875977459796e+00,1.353906442270006005e+00,8.500000000000000611e-02,3.000000000000000000e+00,4.502249959989419207e+06
-5.799171969466425658e+00,2.004375687089340108e+00,1.269432875977459796e+00,1.353906442270006005e+00,8.500000000000000611e-02,3.000000000000000000e+00,4.502249959989419207e+06
-5.799171969466425658e+00,2.004375687089340108e+00,1.269432875977459796e+00,1.353906442270006005e+00,8.500000000000000611e-02,3.000000000000000000e+00,4.502249959989419207e+06
-5.799171969466425658e+00,2.004375687089340108e+00,1.269432875977459796e+00,1.353906442270006005e+00,8.500000000000000611e-02,3.000000000000000000e+00,4.502249959989419207e+06
-5.799171969466425658e+00,2.004375687089340108e+00,1.269432875977459796e+00,1.353906442270006005e+00,8.500000000000000611e-02,3.000000000000000000e+00,4.502249959989419207e+06
-5.799171969466425658e+00,2.004375687089340108e+00,1.269432875977459796e+00,1.353906442270006005e+00,8.500000000000000611e-02,3.000000000000000000e+00,4.502249959989419207e+06
-5.799171969466425658e+00,2.004375687089340108e+00,1.269432875977459796e+00,1.353906442270006005e+00,8.500000000000000611e-02,3.000000000000000000e+00,4.502249959989419207e+06
-5.799838046450138229e+00,2.010971958094265322e+00,1.269284379287805908e+00,1.352973419642622632e+00,8.500000000000000611e-02,3.000000000000000000e+00,4.502249959989419207e+06
-5.799838046450138229e+00,2.010971958094265322e+00,1.269284379287805908e+00,1.352973419642622632e+00,8.500000000000000611e-02,3.000000000000000000e+00,4.502249959989419207e+06
-3.247107476070235865e+00,4.090837654721407368e+00,4.688875092245694987e+00,2.949172197671007467e+00,8.500000000000000611e-02,3.000000000000000000e+00,4.502249959989419207e+06
-3.784325473689183816e+00,3.794766105633090358e+00,3.860146128682425903e+00,2.212379612600194445e+00,8.500000000000000611e-02,3.000000000000000000e+00,4.502249959989419207e+06
-3.878362708899046662e+00,3.510053228286643012e+00,3.655414737653182478e+00,2.364313983036473665e+00,8.500000000000000611e-02,3.000000000000000000e+00,4.502249959989419207e+06
-3.893203195654442617e+00,3.491382016599133387e+00,3.631559593364831695e+00,2.348588659353335384e+00,8.500000000000000611e-02,3.000000000000000000e+00,4.502249959989419207e+06
-3.893203195654442617e+00,3.491382016599133387e+00,3.631559593364831695e+00,2.348588659353335384e+00,8.500000000000000611e-02,3.000000000000000000e+00,4.502249959989419207e+06
-3.893203195654442617e+00,3.491382016599133387e+00,3.631559593364831695e+00,2.348588659353335384e+00,8.500000000000000611e-02,3.000000000000000000e+00,4.502249959989419207e+06
-4.005338911635007548e+00,3.372843112508139729e+00,3.357641770722513463e+00,2.141974196255403751e+00,8.500000000000000611e-02,3.000000000000000000e+00,4.502249959989419207e+06
-3.595187030499912950e+00,3.625345317793514432e+00,3.389764447183344132e+00,2.238410475847139036e+00,8.500000000000000611e-02,3.000000000000000000e+00,4.502249959989419207e+06
-5.809435340184797347e+00,1.999960291820238600e+00,1.246125806518305179e+00,1.336298311820024898e+00,8.500000000000000611e-02,3.000000000000000000e+00,4.502249959989419207e+06
-5.809435340184797347e+00,1.999960291820238600e+00,1.246125806518305179e+00,1.336298311820024898e+00,8.500000000000000611e-02,3.000000000000000000e+00,4.502249959989419207e+06
-5.809435340184797347e+00,1.999960291820238600e+00,1.246125806518305179e+00,1.336298311820024898e+00,8.500000000000000611e-02,3.000000000000000000e+00,4.502249959989419207e+06
-5.809439860426800273e+00,1.999960304720513449e+00,1.246120013781009561e+00,1.336297964590895671e+00,8.500000000000000611e-02,3.000000000000000000e+00,4.502249959989419207e+06
-5.809439860426800273e+00,1.999960304720513449e+00,1.246120013781009561e+00,1.336297964590895671e+00,8.500000000000000611e-02,3.000000000000000000e+00,4.502249959989419207e+06
-5.809451380239552876e+00,1.999978478656597281e+00,1.246108287899761802e+00,1.336315253439887218e+00,8.500000000000000611e-02,3.000000000000000000e+00,4.502249959989419207e+06
-5.809451380239552876e+00,1.999978478656597281e+00,1.246108287899761802e+00,1.336315253439887218e+00,8.500000000000000611e-02,3.000000000000000000e+00,4.502249959989419207e+06
-5.809451380239552876e+00,1.999978478656597281e+00,1.246108287899761802e+00,1.336315253439887218e+00,8.500000000000000611e-02,3.000000000000000000e+00,4.502249959989419207e+06
-5.809451380239552876e+00,1.999978478656597281e+00,1.246108287899761802e+00,1.336315253439887218e+00,8.500000000000000611e-02,3.000000000000000000e+00,4.502249959989419207e+06
-5.809451380239552876e+00,1.999978478656597281e+00,1.246108287899761802e+00,1.336315253439887218e+00,8.500000000000000611e-02,3.000000000000000000e+00,4.502249959989419207e+06
-5.809451380239552876e+00,1.999978478656597281e+00,1.246108287899761802e+00,1.336315253439887218e+00,8.500000000000000611e-02,3.000000000000000000e+00,4.502249959989419207e+06
-5.809400568858664293e+00,2.000035932103171543e+00,1.246233269847698555e+00,1.336434515553042823e+00,8.500000000000000611e-02,3.000000000000000000e+00,4.502249959989419207e+06
-5.809400568858664293e+00,2.000035932103171543e+00,1.246233269847698555e+00,1.336434515553042823e+00,8.500000000000000611e-02,3.000000000000000000e+00,4.502249959989419207e+06
-5.809400568858664293e+00,2.000035932103171543e+00,1.246233269847698555e+00,1.336434515553042823e+00,8.500000000000000611e-02,3.000000000000000000e+00,4.502249959989419207e+06
-5.809400568858664293e+00,2.000035932103171543e+00,1.246233269847698555e+00,1.336434515553042823e+00,8.500000000000000611e-02,3.000000000000000000e+00,4.502249959989419207e+06
-5.809400568858664293e+00,2.000035932103171543e+00,1.246233269847698555e+00,1.336434515553042823e+00,8.500000000000000611e-02,3.000000000000000000e+00,4.502249959989419207e+06
-5.809346696708058033e+00,2.000077886277235262e+00,1.246344633169472083e+00,1.336535608265946085e+00,8.500000000000000611e-02,3.000000000000000000e+00,4.502249959989419207e+06
-5.809346696708058033e+00,2.000077886277235262e+00,1.246344633169472083e+00,1.336535608265946085e+00,8.500000000000000611e-02,3.000000000000000000e+00,4.502249959989419207e+06
-5.809346696708058033e+00,2.000077886277235262e+00,1.246344633169472083e+00,1.336535608265946085e+00,8.500000000000000611e-02,3.000000000000000000e+00,4.502249959989419207e+06
-5.809346696708058033e+00,2.000077886277235262e+00,1.246344633169472083e+00,1.336535608265946085e+00,8.500000000000000611e-02,3.000000000000000000e+00,4.502249959989419207e+06
-5.809346696708058033e+00,2.000077886277235262e+00,1.246344633169472083e+00,1.336535608265946085e+00,8.500000000000000611e-02,3.000000000000000000e+00,4.502249959989419207e+06
-5.809346696708058033e+00,2.000077886277235262e+00,1.246344633169472083e+00,1.336535608265946085e+00,8.500000000000000611e-02,3.000000000000000000e+00,4.502249959989419207e+06
-5.809346696708058033e+00,2.000077886277235262e+00,1.246344633169472083e+00,1.336535608265946085e+00,8.500000000000000611e-02,3.000000000000000000e+00,4.502249959989419207e+06
-5.809346696708058033e+00,2.000077886277235262e+00,1.246344633169472083e+00,1.336535608265946085e+00,8.500000000000000611e-02,3.000000000000000000e+00,4.502249959989419207e+06
-5.809346696708058033e+00,2.000077886277235262e+00,1.246344633169472083e+00,1.336535608265946085e+00,8.500000000000000611e-02,3.000000000000000000e+00,4.502249959989419207e+06
-5.809346696708058033e+00,2.000077886277235262e+00,1.246344633169472083e+00,1.336535608265946085e+00,8.500000000000000611e-02,3.000000000000000000e+00,4.502249959989419207e+06
-5.809346696708058033e+00,2.000077886277235262e+00,1.246344633169472083e+00,1.336535608265946085e+00,8.500000000000000611e-02,3.000000000000000000e+00,4.502249959989419207e+06
-5.809346696708058033e+00,2.000077886277235262e+00,1.246344633169472083e+00,1.336535608265946085e+00,8.500000000000000611e-02,3.000000000000000000e+00,4.502249959989419207e+06
-5.809346696708058033e+00,2.000077886277235262e+00,1.246344633169472083e+00,1.336535608265946085e+00,8.500000000000000611e-02,3.000000000000000000e+00,4.502249959989419207e+06
-5.809346696708058033e+00,2.000077886277235262e+00,1.246344633169472083e+00,1.336535608265946085e+00,8.500000000000000611e-02,3.000000000000000000e+00,4.502249959989419207e+06
-5.809346696708058033e+00,2.000077886277235262e+00,1.246344633169472083e+00,1.336535608265946085e+00,8.500000000000000611e-02,3.000000000000000000e+00,4.502249959989419207e+06
-5.809346696708058033e+00,2.000077886277235262e+00,1.246344633169472083e+00,1.336535608265946085e+00,8.500000000000000611e-02,3.000000000000000000e+00,4.502249959989419207e+06
-5.809346696708058033e+00,2.000077886277235262e+00,1.246344633169472083e+00,1.336535608265946085e+00,8.500000000000000611e-02,3.000000000000000000e+00,4.502249959989419207e+06
-5.809346696708058033e+00,2.000077886277235262e+00,1.246344633169472083e+00,1.336535608265946085e+00,8.500000000000000611e-02,3.000000000000000000e+00,4.502249959989419207e+06
-5.809346696708058033e+00,2.000077886277235262e+00,1.246344633169472083e+00,1.336535608265946085e+00,8.500000000000000611e-02,3.000000000000000000e+00,4.502249959989419207e+06
-5.809346696708058033e+00,2.000077886277235262e+00,1.246344633169472083e+00,1.336535608265946085e+00,8.500000000000000611e-02,3.000000000000000000e+00,4.502249959989419207e+06
-5.809346696708058033e+00,2.000077886277235262e+00,1.246344633169472083e+00,1.336535608265946085e+00,8.500000000000000611e-02,3.000000000000000000e+00,4.502249959989419207e+06
-5.809346696708058033e+00,2.000077886277235262e+00,1.246344633169472083e+00,1.336535608265946085e+00,8.500000000000000611e-02,3.000000000000000000e+00,4.502249959989419207e+06
-5.809346696708058033e+00,2.000077886277235262e+00,1.246344633169472083e+00,1.336535608265946085e+00,8.500000000000000611e-02,3.000000000000000000e+00,4.502249959989419207e+06
-5.809346696708058033e+00,2.000077886277235262e+00,1.246344633169472083e+00,1.336535608265946085e+00,8.500000000000000611e-02,3.000000000000000000e+00,4.502249959989419207e+06
-5.809346696708058033e+00,2.000077886277235262e+00,1.246344633169472083e+00,1.336535608265946085e+00,8.500000000000000611e-02,3.000000000000000000e+00,4.502249959989419207e+06
-5.809346696708058033e+00,2.000077886277235262e+00,1.246344633169472083e+00,1.336535608265946085e+00,8.500000000000000611e-02,3.000000000000000000e+00,4.502249959989419207e+06
-5.809346696708058033e+00,2.000077886277235262e+00,1.246344633169472083e+00,1.336535608265946085e+00,8.500000000000000611e-02,3.000000000000000000e+00,4.502249959989419207e+06
-5.809346696708058033e+00,2.000077886277235262e+00,1.246344633169472083e+00,1.336535608265946085e+00,8.500000000000000611e-02,3.000000000000000000e+00,4.502249959989419207e+06
-5.809346696708058033e+00,2.000077886277235262e+00,1.246344633169472083e+00,1.336535608265946085e+00,8.500000000000000611e-02,3.000000000000000000e+00,4.502249959989419207e+06
-5.811149508034376687e+00,1.997555781238505856e+00,1.242626514550088990e+00,1.332850469717010711e+00,8.500000000000000611e-02,3.000000000000000000e+00,4.502249959989419207e+06
-5.811149508034376687e+00,1.997555781238505856e+00,1.242626514550088990e+00,1.332850469717010711e+00,8.500000000000000611e-02,3.000000000000000000e+00,4.502249959989419207e+06
-5.811149508034376687e+00,1.997555781238505856e+00,1.242626514550088990e+00,1.332850469717010711e+00,8.500000000000000611e-02,3.000000000000000000e+00,4.502249959989419207e+06
-5.811149508034376687e+00,1.997555781238505856e+00,1.242626514550088990e+00,1.332850469717010711e+00,8.500000000000000611e-02,3.000000000000000000e+00,4.502249959989419207e+06
-5.811149508034376687e+00,1.997555781238505856e+00,1.242626514550088990e+00,1.332850469717010711e+00,8.500000000000000611e-02,3.000000000000000000e+00,4.502249959989419207e+06
-5.811149508034376687e+00,1.997555781238505856e+00,1.242626514550088990e+00,1.332850469717010711e+00,8.500000000000000611e-02,3.000000000000000000e+00,4.502249959989419207e+06
-5.811149508034376687e+00,1.997555781238505856e+00,1.242626514550088990e+00,1.332850469717010711e+00,8.500000000000000611e-02,3.000000000000000000e+00,4.502249959989419207e+06
-5.810695066302701939e+00,1.998214388059787794e+00,1.243545984641123425e+00,1.333765979374589516e+00,8.500000000000000611e-02,3.000000000000000000e+00,4.502249959989419207e+06
-5.810695066302701939e+00,1.998214388059787794e+00,1.243545984641123425e+00,1.333765979374589516e+00,8.500000000000000611e-02,3.000000000000000000e+00,4.502249959989419207e+06
-5.810695066302701939e+00,1.998214388059787794e+00,1.243545984641123425e+00,1.333765979374589516e+00,8.500000000000000611e-02,3.000000000000000000e+00,4.502249959989419207e+06
-5.821021381493134861e+00,1.988366514745484537e+00,1.227652176174423237e+00,1.323809041504302231e+00,8.500000000000000611e-02,3.000000000000000000e+00,4.502249959989419207e+06
-5.821021381493134861e+00,1.988366514745484537e+00,1.227652176174423237e+00,1.323809041504302231e+00,8.500000000000000611e-02,3.000000000000000000e+00,4.502249959989419207e+06
-5.821021381493134861e+00,1.988366514745484537e+00,1.227652176174423237e+00,1.323809041504302231e+00,8.500000000000000611e-02,3.000000000000000000e+00,4.502249959989419207e+06
-5.821021381493134861e+00,1.988366514745484537e+00,1.227652176174423237e+00,1.323809041504302231e+00,8.500000000000000611e-02,3.000000000000000000e+00,4.502249959989419207e+06
-5.821021381493134861e+00,1.988366514745484537e+00,1.227652176174423237e+00,1.323809041504302231e+00,8.500000000000000611e-02,3.000000000000000000e+00,4.502249959989419207e+06
-5.821021381493134861e+00,1.988366514745484537e+00,1.227652176174423237e+00,1.323809041504302231e+00,8.500000000000000611e-02,3.000000000000000000e+00,4.502249959989419207e+06
-5.821021381493134861e+00,1.988366514745484537e+00,1.227652176174423237e+00,1.323809041504302231e+00,8.500000000000000611e-02,3.000000000000000000e+00,4.502249959989419207e+06
-5.821021381493134861e+00,1.988366514745484537e+00,1.227652176174423237e+00,1.323809041504302231e+00,8.500000000000000611e-02,3.000000000000000000e+00,4.502249959989419207e+06
-5.821021381493134861e+00,1.988366514745484537e+00,1.227652176174423237e+00,1.323809041504302231e+00,8.500000000000000611e-02,3.000000000000000000e+00,4.502249959989419207e+06
-5.821021381493134861e+00,1.988366514745484537e+00,1.227652176174423237e+00,1.323809041504302231e+00,8.500000000000000611e-02,3.000000000000000000e+00,4.502249959989419207e+06
-5.821021381493134861e+00,1.988366514745484537e+00,1.227652176174423237e+00,1.323809041504302231e+00,8.500000000000000611e-02,3.000000000000000000e+00,4.502249959989419207e+06
-5.821021381493134861e+00,1.988366514745484537e+00,1.227652176174423237e+00,1.323809041504302231e+00,8.500000000000000611e-02,3.000000000000000000e+00,4.502249959989419207e+06
-5.835141004331651615e+00,1.973855071816619233e+00,1.204374443517286286e+00,1.307393536505740528e+00,8.500000000000000611e-02,3.000000000000000000e+00,4.502249959989419207e+06
-5.835141004331651615e+00,1.973855071816619233e+00,1.204374443517286286e+00,1.307393536505740528e+00,8.500000000000000611e-02,3.000000000000000000e+00,4.502249959989419207e+06
-5.861274214132046190e+00,1.945582161117229703e+00,1.161012771694591716e+00,1.276352514067781385e+00,8.500000000000000611e-02,3.000000000000000000e+00,4.502249959989419207e+06
-5.861274214132046190e+00,1.945582161117229703e+00,1.161012771694591716e+00,1.276352514067781385e+00,8.500000000000000611e-02,3.000000000000000000e+00,4.502249959989419207e+06
-5.861274214132046190e+00,1.945582161117229703e+00,1.161012771694591716e+00,1.276352514067781385e+00,8.500000000000000611e-02,3.000000000000000000e+00,4.502249959989419207e+06
-5.861274214132046190e+00,1.945582161117229703e+00,1.161012771694591716e+00,1.276352514067781385e+00,8.500000000000000611e-02,3.000000000000000000e+00,4.502249959989419207e+06
-5.861274214132046190e+00,1.945582161117229703e+00,1.161012771694591716e+00,1.276352514067781385e+00,8.500000000000000611e-02,3.000000000000000000e+00,4.502249959989419207e+06
-5.861274214132046190e+00,1.945582161117229703e+00,1.161012771694591716e+00,1.276352514067781385e+00,8.500000000000000611e-02,3.000000000000000000e+00,4.502249959989419207e+06
-5.918265561574171052e+00,1.886216662057127236e+00,1.066652187552523001e+00,1.209988053297899269e+00,8.500000000000000611e-02,3.000000000000000000e+00,4.502249959989419207e+06
-5.918265561574171052e+00,1.886216662057127236e+00,1.066652187552523001e+00,1.209988053297899269e+00,8.500000000000000611e-02,3.000000000000000000e+00,4.502249959989419207e+06
-5.918265561574171052e+00,1.886216662057127236e+00,1.066652187552523001e+00,1.209988053297899269e+00,8.500000000000000611e-02,3.000000000000000000e+00,4.502249959989419207e+06
-5.927526596423003724e+00,1.876517492173044976e+00,1.051446838031780961e+00,1.199267237347748871e+00,8.500000000000000611e-02,3.000000000000000000e+00,4.502249959989419207e+06
-5.927526596423003724e+00,1.876517492173044976e+00,1.051446838031780961e+00,1.199267237347748871e+00,8.500000000000000611e-02,3.000000000000000000e+00,4.502249959989419207e+06
-5.927526596423003724e+00,1.876517492173044976e+00,1.051446838031780961e+00,1.199267237347748871e+00,8.500000000000000611e-02,3.000000000000000000e+00,4.502249959989419207e+06
-5.927526596423003724e+00,1.876517492173044976e+00,1.051446838031780961e+00,1.199267237347748871e+00,8.500000000000000611e-02,3.000000000000000000e+00,4.502249959989419207e+06
-4.199752479762197233e+00,3.220887508209294037e+00,3.303981395606251148e+00,2.148561203048906965e+00,8.500000000000000611e-02,3.000000000000000000e+00,4.502249959989419207e+06
-2.694660223176186697e+00,4.408766422044767097e+00,5.240859276361246266e+00,2.885036765230926559e+00,8.500000000000000611e-02,3.000000000000000000e+00,4.502249959989419207e+06
-2.694660223176186697e+00,4.408766422044767097e+00,5.240859276361246266e+00,2.885036765230926559e+00,8.500000000000000611e-02,3.000000000000000000e+00,4.502249959989419207e+06
-2.694660223176186697e+00,4.408766422044767097e+00,5.240859276361246266e+00,2.885036765230926559e+00,8.500000000000000611e-02,3.000000000000000000e+00,4.502249959989419207e+06
-2.694660223176186697e+00,4.408766422044767097e+00,5.240859276361246266e+00,2.885036765230926559e+00,8.500000000000000611e-02,3.000000000000000000e+00,4.502249959989419207e+06
-3.726402598105488018e+00,3.790932231444531286e+00,4.054579379222559510e+00,2.437573720655670684e+00,8.500000000000000611e-02,3.000000000000000000e+00,4.502249959989419207e+06
-3.726402598105488018e+00,3.790932231444531286e+00,4.054579379222559510e+00,2.437573720655670684e+00,8.500000000000000611e-02,3.000000000000000000e+00,4.502249959989419207e+06
-4.685022842437414070e+00,4.160154040763266892e+00,3.431344436267848241e+00,9.698079580430853941e-01,8.500000000000000611e-02,3.000000000000000000e+00,4.502249959989419207e+06
-5.809431181236297093e+00,1.999957249584846330e+00,1.246124465265686654e+00,1.336294789169065078e+00,8.500000000000000611e-02,3.000000000000000000e+00,4.502249959989419207e+06
-5.809431181236297093e+00,1.999957249584846330e+00,1.246124465265686654e+00,1.336294789169065078e+00,8.500000000000000611e-02,3.000000000000000000e+00,4.502249959989419207e+06
-5.809431181236297093e+00,1.999957249584846330e+00,1.246124465265686654e+00,1.336294789169065078e+00,8.500000000000000611e-02,3.000000000000000000e+00,4.502249959989419207e+06
-5.809431181236297093e+00,1.999957249584846330e+00,1.246124465265686654e+00,1.336294789169065078e+00,8.500000000000000611e-02,3.000000000000000000e+00,4.502249959989419207e+06
-5.809431181236297093e+00,1.999957249584846330e+00,1.246124465265686654e+00,1.336294789169065078e+00,8.500000000000000611e-02,3.000000000000000000e+00,4.502249959989419207e+06
-5.809431181236297093e+00,1.999957249584846330e+00,1.246124465265686654e+00,1.336294789169065078e+00,8.500000000000000611e-02,3.000000000000000000e+00,4.502249959989419207e+06
-5.809431181236297093e+00,1.999957249584846330e+00,1.246124465265686654e+00,1.336294789169065078e+00,8.500000000000000611e-02,3.000000000000000000e+00,4.502249959989419207e+06
-5.809431181236297093e+00,1.999957249584846330e+00,1.246124465265686654e+00,1.336294789169065078e+00,8.500000000000000611e-02,3.000000000000000000e+00,4.502249959989419207e+06
-5.809431181236297093e+00,1.999957249584846330e+00,1.246124465265686654e+00,1.336294789169065078e+00,8.500000000000000611e-02,3.000000000000000000e+00,4.502249959989419207e+06
-5.809431181236297093e+00,1.999957249584846330e+00,1.246124465265686654e+00,1.336294789169065078e+00,8.500000000000000611e-02,3.000000000000000000e+00,4.502249959989419207e+06
-5.809431181236297093e+00,1.999957249584846330e+00,1.246124465265686654e+00,1.336294789169065078e+00,8.500000000000000611e-02,3.000000000000000000e+00,4.502249959989419207e+06
-5.809431181236297093e+00,1.999957249584846330e+00,1.246124465265686654e+00,1.336294789169065078e+00,8.500000000000000611e-02,3.000000000000000000e+00,4.502249959989419207e+06
-5.809431181236297093e+00,1.999957249584846330e+00,1.246124465265686654e+00,1.336294789169065078e+00,8.500000000000000611e-02,3.000000000000000000e+00,4.502249959989419207e+06
-5.809431181236297093e+00,1.999957249584846330e+00,1.246124465265686654e+00,1.336294789169065078e+00,8.500000000000000611e-02,3.000000000000000000e+00,4.502249959989419207e+06
-5.809431181236297093e+00,1.999957249584846330e+00,1.246124465265686654e+00,1.336294789169065078e+00,8.500000000000000611e-02,3.000000000000000000e+00,4.502249959989419207e+06
-5.809431181236297093e+00,1.999957249584846330e+00,1.246124465265686654e+00,1.336294789169065078e+00,8.500000000000000611e-02,3.000000000000000000e+00,4.502249959989419207e+06
-5.809431181236297093e+00,1.999957249584846330e+00,1.246124465265686654e+00,1.336294789169065078e+00,8.500000000000000611e-02,3.000000000000000000e+00,4.502249959989419207e+06
-5.809431181236297093e+00,1.999957249584846330e+00,1.246124465265686654e+00,1.336294789169065078e+00,8.500000000000000611e-02,3.000000000000000000e+00,4.502249959989419207e+06
-5.809431181236297093e+00,1.999957249584846330e+00,1.246124465265686654e+00,1.336294789169065078e+00,8.500000000000000611e-02,3.000000000000000000e+00,4.502249959989419207e+06
-5.809431181236297093e+00,1.999957249584846330e+00,1.246124465265686654e+00,1.336294789169065078e+00,8.500000000000000611e-02,3.000000000000000000e+00,4.502249959989419207e+06
-5.809431181236297093e+00,1.999957249584846330e+00,1.246124465265686654e+00,1.336294789169065078e+00,8.500000000000000611e-02,3.000000000000000000e+00,4.502249959989419207e+06
-5.809431181236297093e+00,1.999957249584846330e+00,1.246124465265686654e+00,1.336294789169065078e+00,8.500000000000000611e-02,3.000000000000000000e+00,4.502249959989419207e+06
-5.809084098307553568e+00,2.000522334256597201e+00,1.246903900912293528e+00,1.337156910518916941e+00,8.500000000000000611e-02,3.000000000000000000e+00,4.502249959989419207e+06
-5.809084098307553568e+00,2.000522334256597201e+00,1.246903900912293528e+00,1.337156910518916941e+00,8.500000000000000611e-02,3.000000000000000000e+00,4.502249959989419207e+06
-5.809084098307553568e+00,2.000522334256597201e+00,1.246903900912293528e+00,1.337156910518916941e+00,8.500000000000000611e-02,3.000000000000000000e+00,4.502249959989419207e+06
-5.809084098307553568e+00,2.000522334256597201e+00,1.246903900912293528e+00,1.337156910518916941e+00,8.500000000000000611e-02,3.000000000000000000e+00,4.502249959989419207e+06
-5.809084098307553568e+00,2.000522334256597201e+00,1.246903900912293528e+00,1.337156910518916941e+00,8.500000000000000611e-02,3.000000000000000000e+00,4.502249959989419207e+06
-5.809084098307553568e+00,2.000522334256597201e+00,1.246903900912293528e+00,1.337156910518916941e+00,8.500000000000000611e-02,3.000000000000000000e+00,4.502249959989419207e+06
-5.809084098307553568e+00,2.000522334256597201e+00,1.246903900912293528e+00,1.337156910518916941e+00,8.500000000000000611e-02,3.000000000000000000e+00,4.502249959989419207e+06
-5.809084098307553568e+00,2.000522334256597201e+00,1.246903900912293528e+00,1.337156910518916941e+00,8.500000000000000611e-02,3.000000000000000000e+00,4.502249959989419207e+06
-5.809084098307553568e+00,2.000522334256597201e+00,1.246903900912293528e+00,1.337156910518916941e+00,8.500000000000000611e-02,3.000000000000000000e+00,4.502249959989419207e+06
-5.809084098307553568e+00,2.000522334256597201e+00,1.246903900912293528e+00,1.337156910518916941e+00,8.500000000000000611e-02,3.000000000000000000e+00,4.502249959989419207e+06
-5.809084098307553568e+00,2.000522334256597201e+00,1.246903900912293528e+00,1.337156910518916941e+00,8.500000000000000611e-02,3.000000000000000000e+00,4.502249959989419207e+06
-5.809084098307553568e+00,2.000522334256597201e+00,1.246903900912293528e+00,1.337156910518916941e+00,8.500000000000000611e-02,3.000000000000000000e+00,4.502249959989419207e+06
-5.809084098307553568e+00,2.000522334256597201e+00,1.246903900912293528e+00,1.337156910518916941e+00,8.500000000000000611e-02,3.000000000000000000e+00,4.502249959989419207e+06
-5.810545648153835785e+00,1.999100724493583670e+00,1.244877987408092190e+00,1.335745664608392724e+00,8.500000000000000611e-02,3.000000000000000000e+00,4.502249959989419207e+06
-5.810545648153835785e+00,1.999100724493583670e+00,1.244877987408092190e+00,1.335745664608392724e+00,8.500000000000000611e-02,3.000000000000000000e+00,4.502249959989419207e+06
-5.810486490773839385e+00,1.999150897546198458e+00,1.244949269938031566e+00,1.335785295497648129e+00,8.500000000000000611e-02,3.000000000000000000e+00,4.502249959989419207e+06
-5.810486490773839385e+00,1.999150897546198458e+00,1.244949269938031566e+00,1.335785295497648129e+00,8.500000000000000611e-02,3.000000000000000000e+00,4.502249959989419207e+06
-5.810486490773839385e+00,1.999150897546198458e+00,1.244949269938031566e+00,1.335785295497648129e+00,8.500000000000000611e-02,3.000000000000000000e+00,4.502249959989419207e+06
-5.810322609891802159e+00,1.999202141722636439e+00,1.245112615588437111e+00,1.335794853001590399e+00,8.500000000000000611e-02,3.000000000000000000e+00,4.502249959989419207e+06
-5.810322609891802159e+00,1.999202141722636439e+00,1.245112615588437111e+00,1.335794853001590399e+00,8.500000000000000611e-02,3.000000000000000000e+00,4.502249959989419207e+06
-5.810322609891802159e+00,1.999202141722636439e+00,1.245112615588437111e+00,1.335794853001590399e+00,8.500000000000000611e-02,3.000000000000000000e+00,4.502249959989419207e+06
-5.811390260736656543e+00,1.998319123932408292e+00,1.243310640721642324e+00,1.334362347389363768e+00,8.500000000000000611e-02,3.000000000000000000e+00,4.502249959989419207e+06
-5.811390260736656543e+00,1.998319123932408292e+00,1.243310640721642324e+00,1.334362347389363768e+00,8.500000000000000611e-02,3.000000000000000000e+00,4.502249959989419207e+06
-5.811390260736656543e+00,1.998319123932408292e+00,1.243310640721642324e+00,1.334362347389363768e+00,8.500000000000000611e-02,3.000000000000000000e+00,4.502249959989419207e+06
-5.811390260736656543e+00,1.998319123932408292e+00,1.243310640721642324e+00,1.334362347389363768e+00,8.500000000000000611e-02,3.000000000000000000e+00,4.502249959989419207e+06
-5.811390260736656543e+00,1.998319123932408292e+00,1.243310640721642324e+00,1.334362347389363768e+00,8.500000000000000611e-02,3.000000000000000000e+00,4.502249959989419207e+06
-5.811390260736656543e+00,1.998319123932408292e+00,1.243310640721642324e+00,1.334362347389363768e+00,8.500000000000000611e-02,3.000000000000000000e+00,4.502249959989419207e+06
-5.811390260736656543e+00,1.998319123932408292e+00,1.243310640721642324e+00,1.334362347389363768e+00,8.500000000000000611e-02,3.000000000000000000e+00,4.502249959989419207e+06
-5.811390260736656543e+00,1.998319123932408292e+00,1.243310640721642324e+00,1.334362347389363768e+00,8.500000000000000611e-02,3.000000000000000000e+00,4.502249959989419207e+06
-5.811390260736656543e+00,1.998319123932408292e+00,1.243310640721642324e+00,1.334362347389363768e+00,8.500000000000000611e-02,3.000000000000000000e+00,4.502249959989419207e+06
-5.811390260736656543e+00,1.998319123932408292e+00,1.243310640721642324e+00,1.334362347389363768e+00,8.500000000000000611e-02,3.000000000000000000e+00,4.502249959989419207e+06
-5.811390260736656543e+00,1.998319123932408292e+00,1.243310640721642324e+00,1.334362347389363768e+00,8.500000000000000611e-02,3.000000000000000000e+00,4.502249959989419207e+06
-5.811390260736656543e+00,1.998319123932408292e+00,1.243310640721642324e+00,1.334362347389363768e+00,8.500000000000000611e-02,3.000000000000000000e+00,4.502249959989419207e+06
-5.811799379600650184e+00,1.998079496092458607e+00,1.242752106771623399e+00,1.334056488170187516e+00,8.500000000000000611e-02,3.000000000000000000e+00,4.502249959989419207e+06
-5.811799379600650184e+00,1.998079496092458607e+00,1.242752106771623399e+00,1.334056488170187516e+00,8.500000000000000611e-02,3.000000000000000000e+00,4.502249959989419207e+06
-5.811799379600650184e+00,1.998079496092458607e+00,1.242752106771623399e+00,1.334056488170187516e+00,8.500000000000000611e-02,3.000000000000000000e+00,4.502249959989419207e+06
-5.811799379600650184e+00,1.998079496092458607e+00,1.242752106771623399e+00,1.334056488170187516e+00,8.500000000000000611e-02,3.000000000000000000e+00,4.502249959989419207e+06
-5.811204362837453452e+00,1.998514002552493674e+00,1.243445713706512024e+00,1.334323149501744910e+00,8.500000000000000611e-02,3.000000000000000000e+00,4.502249959989419207e+06
-5.811204362837453452e+00,1.998514002552493674e+00,1.243445713706512024e+00,1.334323149501744910e+00,8.500000000000000611e-02,3.000000000000000000e+00,4.502249959989419207e+06
-5.811204362837453452e+00,1.998514002552493674e+00,1.243445713706512024e+00,1.334323149501744910e+00,8.500000000000000611e-02,3.000000000000000000e+00,4.502249959989419207e+06
-5.822218917994948839e+00,1.990554789576856054e+00,1.224683576807237495e+00,1.320165922964535499e+00,8.500000000000000611e-02,3.000000000000000000e+00,4.502249959989419207e+06
-5.822218917994948839e+00,1.990554789576856054e+00,1.224683576807237495e+00,1.320165922964535499e+00,8.500000000000000611e-02,3.000000000000000000e+00,4.502249959989419207e+06
-5.822218917994948839e+00,1.990554789576856054e+00,1.224683576807237495e+00,1.320165922964535499e+00,8.500000000000000611e-02,3.000000000000000000e+00,4.502249959989419207e+06
-5.822218917994948839e+00,1.990554789576856054e+00,1.224683576807237495e+00,1.320165922964535499e+00,8.500000000000000611e-02,3.000000000000000000e+00,4.502249959989419207e+06
-5.822218917994948839e+00,1.990554789576856054e+00,1.224683576807237495e+00,1.320165922964535499e+00,8.500000000000000611e-02,3.000000000000000000e+00,4.502249959989419207e+06
-5.822218917994948839e+00,1.990554789576856054e+00,1.224683576807237495e+00,1.320165922964535499e+00,8.500000000000000611e-02,3.000000000000000000e+00,4.502249959989419207e+06
-5.822218917994948839e+00,1.990554789576856054e+00,1.224683576807237495e+00,1.320165922964535499e+00,8.500000000000000611e-02,3.000000000000000000e+00,4.502249959989419207e+06
-5.822218917994948839e+00,1.990554789576856054e+00,1.224683576807237495e+00,1.320165922964535499e+00,8.500000000000000611e-02,3.000000000000000000e+00,4.502249959989419207e+06
-5.822218917994948839e+00,1.990554789576856054e+00,1.224683576807237495e+00,1.320165922964535499e+00,8.500000000000000611e-02,3.000000000000000000e+00,4.502249959989419207e+06
-5.822218917994948839e+00,1.990554789576856054e+00,1.224683576807237495e+00,1.320165922964535499e+00,8.500000000000000611e-02,3.000000000000000000e+00,4.502249959989419207e+06
-5.822218917994948839e+00,1.990554789576856054e+00,1.224683576807237495e+00,1.320165922964535499e+00,8.500000000000000611e-02,3.000000000000000000e+00,4.502249959989419207e+06
-5.822218917994948839e+00,1.990554789576856054e+00,1.224683576807237495e+00,1.320165922964535499e+00,8.500000000000000611e-02,3.000000000000000000e+00,4.502249959989419207e+06
-5.822218917994948839e+00,1.990554789576856054e+00,1.224683576807237495e+00,1.320165922964535499e+00,8.500000000000000611e-02,3.000000000000000000e+00,4.502249959989419207e+06
-5.822218917994948839e+00,1.990554789576856054e+00,1.224683576807237495e+00,1.320165922964535499e+00,8.500000000000000611e-02,3.000000000000000000e+00,4.502249959989419207e+06
-5.822218917994948839e+00,1.990554789576856054e+00,1.224683576807237495e+00,1.320165922964535499e+00,8.500000000000000611e-02,3.000000000000000000e+00,4.502249959989419207e+06
-5.822218917994948839e+00,1.990554789576856054e+00,1.224683576807237495e+00,1.320165922964535499e+00,8.500000000000000611e-02,3.000000000000000000e+00,4.502249959989419207e+06
-5.822218917994948839e+00,1.990554789576856054e+00,1.224683576807237495e+00,1.320165922964535499e+00,8.500000000000000611e-02,3.000000000000000000e+00,4.502249959989419207e+06
-4.260378350290917382e+00,3.339091947402657024e+00,3.360123246723616397e+00,2.199442991638218103e+00,8.500000000000000611e-02,3.000000000000000000e+00,4.502249959989419207e+06
-4.265223271254660276e+00,3.323308161083487366e+00,3.348147159889776514e+00,2.186076272781555474e+00,8.500000000000000611e-02,3.000000000000000000e+00,4.502249959989419207e+06
-4.369780781516317880e+00,3.614570484811824524e+00,3.295981160285672118e+00,1.695313620029386570e+00,8.500000000000000611e-02,3.000000000000000000e+00,4.502249959989419207e+06
-4.458499745712386719e+00,3.631574196412350464e+00,3.210585490597005265e+00,1.503622105034402745e+00,8.500000000000000611e-02,3.000000000000000000e+00,4.502249959989419207e+06
-4.488752143571550945e+00,4.226053016470261880e+00,3.691929571161629120e+00,1.331239173909497531e+00,8.500000000000000611e-02,3.000000000000000000e+00,4.502249959989419207e+06
-4.626942515151819535e+00,5.617251077010730675e+00,4.521433047438714325e+00,5.666651002483973354e-01,8.500000000000000611e-02,3.000000000000000000e+00,4.502249959989419207e+06
-4.651707850730628202e+00,5.654184321757846021e+00,4.524848237574486731e+00,5.137540831623321758e-01,8.500000000000000611e-02,3.000000000000000000e+00,4.502249959989419207e+06
-4.560752184352983463e+00,4.852720674760866437e+00,3.990315518596502464e+00,9.053927919020662296e-01,8.500000000000000611e-02,3.000000000000000000e+00,4.502249959989419207e+06
-4.560752184352983463e+00,4.852720674760866437e+00,3.990315518596502464e+00,9.053927919020662296e-01,8.500000000000000611e-02,3.000000000000000000e+00,4.502249959989419207e+06
-4.560752184352983463e+00,4.852720674760866437e+00,3.990315518596502464e+00,9.053927919020662296e-01,8.500000000000000611e-02,3.000000000000000000e+00,4.502249959989419207e+06
-4.520100789446320100e+00,4.771058827084103449e+00,3.934506263540616722e+00,9.843518689633822261e-01,8.500000000000000611e-02,3.000000000000000000e+00,4.502249959989419207e+06
-5.809426784933955368e+00,1.999969848955521323e+00,1.246150551939349205e+00,1.336306328461371207e+00,8.500000000000000611e-02,3.000000000000000000e+00,4.502249959989419207e+06
-5.809426784933955368e+00,1.999969848955521323e+00,1.246150551939349205e+00,1.336306328461371207e+00,8.500000000000000611e-02,3.000000000000000000e+00,4.502249959989419207e+06
-5.809426784933955368e+00,1.999969848955521323e+00,1.246150551939349205e+00,1.336306328461371207e+00,8.500000000000000611e-02,3.000000000000000000e+00,4.502249959989419207e+06
-5.809426784933955368e+00,1.999969848955521323e+00,1.246150551939349205e+00,1.336306328461371207e+00,8.500000000000000611e-02,3.000000000000000000e+00,4.502249959989419207e+06
-5.809426784933955368e+00,1.999969848955521323e+00,1.246150551939349205e+00,1.336306328461371207e+00,8.500000000000000611e-02,3.000000000000000000e+00,4.502249959989419207e+06
-5.809426784933955368e+00,1.999969848955521323e+00,1.246150551939349205e+00,1.336306328461371207e+00,8.500000000000000611e-02,3.000000000000000000e+00,4.502249959989419207e+06
-5.809426784933955368e+00,1.999969848955521323e+00,1.246150551939349205e+00,1.336306328461371207e+00,8.500000000000000611e-02,3.000000000000000000e+00,4.502249959989419207e+06
-5.809426784933955368e+00,1.999969848955521323e+00,1.246150551939349205e+00,1.336306328461371207e+00,8.500000000000000611e-02,3.000000000000000000e+00,4.502249959989419207e+06
-5.809340783792015017e+00,2.000141334355987954e+00,1.246401038667236616e+00,1.336581222924914991e+00,8.500000000000000611e-02,3.000000000000000000e+00,4.502249959989419207e+06
-5.809340783792015017e+00,2.000141334355987954e+00,1.246401038667236616e+00,1.336581222924914991e+00,8.500000000000000611e-02,3.000000000000000000e+00,4.502249959989419207e+06
-5.809340783792015017e+00,2.000141334355987954e+00,1.246401038667236616e+00,1.336581222924914991e+00,8.500000000000000611e-02,3.000000000000000000e+00,4.502249959989419207e+06
-5.809340783792015017e+00,2.000141334355987954e+00,1.246401038667236616e+00,1.336581222924914991e+00,8.500000000000000611e-02,3.000000000000000000e+00,4.502249959989419207e+06
-5.809340783792015017e+00,2.000141334355987954e+00,1.246401038667236616e+00,1.336581222924914991e+00,8.500000000000000611e-02,3.000000000000000000e+00,4.502249959989419207e+06
-5.809340783792015017e+00,2.000141334355987954e+00,1.246401038667236616e+00,1.336581222924914991e+00,8.500000000000000611e-02,3.000000000000000000e+00,4.502249959989419207e+06
-5.809274838284161468e+00,2.000170814809271391e+00,1.246527145452228647e+00,1.336665671925904020e+00,8.500000000000000611e-02,3.000000000000000000e+00,4.502249959989419207e+06
-5.809274838284161468e+00,2.000170814809271391e+00,1.246527145452228647e+00,1.336665671925904020e+00,8.500000000000000611e-02,3.000000000000000000e+00,4.502249959989419207e+06
-5.809274838284161468e+00,2.000170814809271391e+00,1.246527145452228647e+00,1.336665671925904020e+00,8.500000000000000611e-02,3.000000000000000000e+00,4.502249959989419207e+06
-5.809274838284161468e+00,2.000170814809271391e+00,1.246527145452228647e+00,1.336665671925904020e+00,8.500000000000000611e-02,3.000000000000000000e+00,4.502249959989419207e+06
-5.809274838284161468e+00,2.000170814809271391e+00,1.246527145452228647e+00,1.336665671925904020e+00,8.500000000000000611e-02,3.000000000000000000e+00,4.502249959989419207e+06
-5.809274838284161468e+00,2.000170814809271391e+00,1.246527145452228647e+00,1.336665671925904020e+00,8.500000000000000611e-02,3.000000000000000000e+00,4.502249959989419207e+06
-5.809274838284161468e+00,2.000170814809271391e+00,1.246527145452228647e+00,1.336665671925904020e+00,8.500000000000000611e-02,3.000000000000000000e+00,4.502249959989419207e+06
-5.809274838284161468e+00,2.000170814809271391e+00,1.246527145452228647e+00,1.336665671925904020e+00,8.500000000000000611e-02,3.000000000000000000e+00,4.502249959989419207e+06
-5.809274838284161468e+00,2.000170814809271391e+00,1.246527145452228647e+00,1.336665671925904020e+00,8.500000000000000611e-02,3.000000000000000000e+00,4.502249959989419207e+06
-5.809274838284161468e+00,2.000170814809271391e+00,1.246527145452228647e+00,1.336665671925904020e+00,8.500000000000000611e-02,3.000000000000000000e+00,4.502249959989419207e+06
-5.809274838284161468e+00,2.000170814809271391e+00,1.246527145452228647e+00,1.336665671925904020e+00,8.500000000000000611e-02,3.000000000000000000e+00,4.502249959989419207e+06
-5.809274838284161468e+00,2.000170814809271391e+00,1.246527145452228647e+00,1.336665671925904020e+00,8.500000000000000611e-02,3.000000000000000000e+00,4.502249959989419207e+06
-5.809274838284161468e+00,2.000170814809271391e+00,1.246527145452228647e+00,1.336665671925904020e+00,8.500000000000000611e-02,3.000000000000000000e+00,4.502249959989419207e+06
-5.809274838284161468e+00,2.000170814809271391e+00,1.246527145452228647e+00,1.336665671925904020e+00,8.500000000000000611e-02,3.000000000000000000e+00,4.502249959989419207e+06
-5.809274838284161468e+00,2.000170814809271391e+00,1.246527145452228647e+00,1.336665671925904020e+00,8.500000000000000611e-02,3.000000000000000000e+00,4.502249959989419207e+06
-5.809274838284161468e+00,2.000170814809271391e+00,1.246527145452228647e+00,1.336665671925904020e+00,8.500000000000000611e-02,3.000000000000000000e+00,4.502249959989419207e+06
-5.809274838284161468e+00,2.000170814809271391e+00,1.246527145452228647e+00,1.336665671925904020e+00,8.500000000000000611e-02,3.000000000000000000e+00,4.502249959989419207e+06
-5.809274838284161468e+00,2.000170814809271391e+00,1.246527145452228647e+00,1.336665671925904020e+00,8.500000000000000611e-02,3.000000000000000000e+00,4.502249959989419207e+06
-5.809274838284161468e+00,2.000170814809271391e+00,1.246527145452228647e+00,1.336665671925904020e+00,8.500000000000000611e-02,3.000000000000000000e+00,4.502249959989419207e+06
-5.809274838284161468e+00,2.000170814809271391e+00,1.246527145452228647e+00,1.336665671925904020e+00,8.500000000000000611e-02,3.000000000000000000e+00,4.502249959989419207e+06
-5.809274838284161468e+00,2.000170814809271391e+00,1.246527145452228647e+00,1.336665671925904020e+00,8.500000000000000611e-02,3.000000000000000000e+00,4.502249959989419207e+06
-5.809274838284161468e+00,2.000170814809271391e+00,1.246527145452228647e+00,1.336665671925904020e+00,8.500000000000000611e-02,3.000000000000000000e+00,4.502249959989419207e+06
-5.809274838284161468e+00,2.000170814809271391e+00,1.246527145452228647e+00,1.336665671925904020e+00,8.500000000000000611e-02,3.000000000000000000e+00,4.502249959989419207e+06
-5.809274838284161468e+00,2.000170814809271391e+00,1.246527145452228647e+00,1.336665671925904020e+00,8.500000000000000611e-02,3.000000000000000000e+00,4.502249959989419207e+06
-5.809274838284161468e+00,2.000170814809271391e+00,1.246527145452228647e+00,1.336665671925904020e+00,8.500000000000000611e-02,3.000000000000000000e+00,4.502249959989419207e+06
-5.809274838284161468e+00,2.000170814809271391e+00,1.246527145452228647e+00,1.336665671925904020e+00,8.500000000000000611e-02,3.000000000000000000e+00,4.502249959989419207e+06
-5.807967510089933505e+00,2.001149964864288755e+00,1.249087539293328719e+00,1.338954775273735187e+00,8.500000000000000611e-02,3.000000000000000000e+00,4.502249959989419207e+06
-5.807967510089933505e+00,2.001149964864288755e+00,1.249087539293328719e+00,1.338954775273735187e+00,8.500000000000000611e-02,3.000000000000000000e+00,4.502249959989419207e+06
-5.807967510089933505e+00,2.001149964864288755e+00,1.249087539293328719e+00,1.338954775273735187e+00,8.500000000000000611e-02,3.000000000000000000e+00,4.502249959989419207e+06
-5.807967510089933505e+00,2.001149964864288755e+00,1.249087539293328719e+00,1.338954775273735187e+00,8.500000000000000611e-02,3.000000000000000000e+00,4.502249959989419207e+06
-5.807967510089933505e+00,2.001149964864288755e+00,1.249087539293328719e+00,1.338954775273735187e+00,8.500000000000000611e-02,3.000000000000000000e+00,4.502249959989419207e+06
-5.807967510089933505e+00,2.001149964864288755e+00,1.249087539293328719e+00,1.338954775273735187e+00,8.500000000000000611e-02,3.000000000000000000e+00,4.502249959989419207e+06
-5.807967510089933505e+00,2.001149964864288755e+00,1.249087539293328719e+00,1.338954775273735187e+00,8.500000000000000611e-02,3.000000000000000000e+00,4.502249959989419207e+06
-5.807967510089933505e+00,2.001149964864288755e+00,1.249087539293328719e+00,1.338954775273735187e+00,8.500000000000000611e-02,3.000000000000000000e+00,4.502249959989419207e+06
-5.807967510089933505e+00,2.001149964864288755e+00,1.249087539293328719e+00,1.338954775273735187e+00,8.500000000000000611e-02,3.000000000000000000e+00,4.502249959989419207e+06
-5.807967510089933505e+00,2.001149964864288755e+00,1.249087539293328719e+00,1.338954775273735187e+00,8.500000000000000611e-02,3.000000000000000000e+00,4.502249959989419207e+06
-5.807967510089933505e+00,2.001149964864288755e+00,1.249087539293328719e+00,1.338954775273735187e+00,8.500000000000000611e-02,3.000000000000000000e+00,4.502249959989419207e+06
-5.807967510089933505e+00,2.001149964864288755e+00,1.249087539293328719e+00,1.338954775273735187e+00,8.500000000000000611e-02,3.000000000000000000e+00,4.502249959989419207e+06
-5.807967510089933505e+00,2.001149964864288755e+00,1.249087539293328719e+00,1.338954775273735187e+00,8.500000000000000611e-02,3.000000000000000000e+00,4.502249959989419207e+06
-5.807967510089933505e+00,2.001149964864288755e+00,1.249087539293328719e+00,1.338954775273735187e+00,8.500000000000000611e-02,3.000000000000000000e+00,4.502249959989419207e+06
-5.807967510089933505e+00,2.001149964864288755e+00,1.249087539293328719e+00,1.338954775273735187e+00,8.500000000000000611e-02,3.000000000000000000e+00,4.502249959989419207e+06
-5.807967510089933505e+00,2.001149964864288755e+00,1.249087539293328719e+00,1.338954775273735187e+00,8.500000000000000611e-02,3.000000000000000000e+00,4.502249959989419207e+06
-5.807967510089933505e+00,2.001149964864288755e+00,1.249087539293328719e+00,1.338954775273735187e+00,8.500000000000000611e-02,3.000000000000000000e+00,4.502249959989419207e+06
-5.807967510089933505e+00,2.001149964864288755e+00,1.249087539293328719e+00,1.338954775273735187e+00,8.500000000000000611e-02,3.000000000000000000e+00,4.502249959989419207e+06
-5.807967510089933505e+00,2.001149964864288755e+00,1.249087539293328719e+00,1.338954775273735187e+00,8.500000000000000611e-02,3.000000000000000000e+00,4.502249959989419207e+06
-5.813500107619856472e+00,1.995756711895269708e+00,1.234486714948147768e+00,1.326865616846814255e+00,8.500000000000000611e-02,3.000000000000000000e+00,4.502249959989419207e+06
-5.813500107619856472e+00,1.995756711895269708e+00,1.234486714948147768e+00,1.326865616846814255e+00,8.500000000000000611e-02,3.000000000000000000e+00,4.502249959989419207e+06
-5.813500107619856472e+00,1.995756711895269708e+00,1.234486714948147768e+00,1.326865616846814255e+00,8.500000000000000611e-02,3.000000000000000000e+00,4.502249959989419207e+06
-5.813500107619856472e+00,1.995756711895269708e+00,1.234486714948147768e+00,1.326865616846814255e+00,8.500000000000000611e-02,3.000000000000000000e+00,4.502249959989419207e+06
-5.813500107619856472e+00,1.995756711895269708e+00,1.234486714948147768e+00,1.326865616846814255e+00,8.500000000000000611e-02,3.000000000000000000e+00,4.502249959989419207e+06
-5.813500107619856472e+00,1.995756711895269708e+00,1.234486714948147768e+00,1.326865616846814255e+00,8.500000000000000611e-02,3.000000000000000000e+00,4.502249959989419207e+06
-5.813500107619856472e+00,1.995756711895269708e+00,1.234486714948147768e+00,1.326865616846814255e+00,8.500000000000000611e-02,3.000000000000000000e+00,4.502249959989419207e+06
-5.813500107619856472e+00,1.995756711895269708e+00,1.234486714948147768e+00,1.326865616846814255e+00,8.500000000000000611e-02,3.000000000000000000e+00,4.502249959989419207e+06
-5.813500107619856472e+00,1.995756711895269708e+00,1.234486714948147768e+00,1.326865616846814255e+00,8.500000000000000611e-02,3.000000000000000000e+00,4.502249959989419207e+06
-5.813500107619856472e+00,1.995756711895269708e+00,1.234486714948147768e+00,1.326865616846814255e+00,8.500000000000000611e-02,3.000000000000000000e+00,4.502249959989419207e+06
-5.812431595138469298e+00,1.996967963030270798e+00,1.237380346330240188e+00,1.329529533052482559e+00,8.500000000000000611e-02,3.000000000000000000e+00,4.502249959989419207e+06
-5.811411984513209283e+00,1.998311094901109586e+00,1.241474137510577780e+00,1.332774431295949968e+00,8.500000000000000611e-02,3.000000000000000000e+00,4.502249959989419207e+06
-5.811411984513209283e+00,1.998311094901109586e+00,1.241474137510577780e+00,1.332774431295949968e+00,8.500000000000000611e-02,3.000000000000000000e+00,4.502249959989419207e+06
-5.885005662372642554e+00,1.906953486878933512e+00,1.097785441260850980e+00,1.190491997444494077e+00,8.500000000000000611e-02,3.000000000000000000e+00,4.502249959989419207e+06
-5.901504825764859241e+00,1.889207517201921815e+00,1.069776454469155480e+00,1.166680267889632860e+00,8.500000000000000611e-02,3.000000000000000000e+00,4.502249959989419207e+06
-5.901504825764859241e+00,1.889207517201921815e+00,1.069776454469155480e+00,1.166680267889632860e+00,8.500000000000000611e-02,3.000000000000000000e+00,4.502249959989419207e+06
-5.901504825764859241e+00,1.889207517201921815e+00,1.069776454469155480e+00,1.166680267889632860e+00,8.500000000000000611e-02,3.000000000000000000e+00,4.502249959989419207e+06
-5.901504825764859241e+00,1.889207517201921815e+00,1.069776454469155480e+00,1.166680267889632860e+00,8.500000000000000611e-02,3.000000000000000000e+00,4.502249959989419207e+06
-5.901504825764859241e+00,1.889207517201921815e+00,1.069776454469155480e+00,1.166680267889632860e+00,8.500000000000000611e-02,3.000000000000000000e+00,4.502249959989419207e+06
-5.901504825764859241e+00,1.889207517201921815e+00,1.069776454469155480e+00,1.166680267889632860e+00,8.500000000000000611e-02,3.000000000000000000e+00,4.502249959989419207e+06
-5.901504825764859241e+00,1.889207517201921815e+00,1.069776454469155480e+00,1.166680267889632860e+00,8.500000000000000611e-02,3.000000000000000000e+00,4.502249959989419207e+06
-5.901504825764859241e+00,1.889207517201921815e+00,1.069776454469155480e+00,1.166680267889632860e+00,8.500000000000000611e-02,3.000000000000000000e+00,4.502249959989419207e+06
-5.901504825764859241e+00,1.889207517201921815e+00,1.069776454469155480e+00,1.166680267889632860e+00,8.500000000000000611e-02,3.000000000000000000e+00,4.502249959989419207e+06
-5.901504825764859241e+00,1.889207517201921815e+00,1.069776454469155480e+00,1.166680267889632860e+00,8.500000000000000611e-02,3.000000000000000000e+00,4.502249959989419207e+06
-3.579255330994001394e+00,4.079099427511923892e+00,4.391808654513013721e+00,2.773417285896408124e+00,8.500000000000000611e-02,3.000000000000000000e+00,4.502249959989419207e+06
-3.579255330994001394e+00,4.079099427511923892e+00,4.391808654513013721e+00,2.773417285896408124e+00,8.500000000000000611e-02,3.000000000000000000e+00,4.502249959989419207e+06
-3.595888645248699333e+00,4.079611306153874573e+00,4.379248622166653782e+00,2.769506598337294623e+00,8.500000000000000611e-02,3.000000000000000000e+00,4.502249959989419207e+06
-3.595888645248699333e+00,4.079611306153874573e+00,4.379248622166653782e+00,2.769506598337294623e+00,8.500000000000000611e-02,3.000000000000000000e+00,4.502249959989419207e+06
-3.595888645248699333e+00,4.079611306153874573e+00,4.379248622166653782e+00,2.769506598337294623e+00,8.500000000000000611e-02,3.000000000000000000e+00,4.502249959989419207e+06
-3.595888645248699333e+00,4.079611306153874573e+00,4.379248622166653782e+00,2.769506598337294623e+00,8.500000000000000611e-02,3.000000000000000000e+00,4.502249959989419207e+06
-3.595888645248699333e+00,4.079611306153874573e+00,4.379248622166653782e+00,2.769506598337294623e+00,8.500000000000000611e-02,3.000000000000000000e+00,4.502249959989419207e+06
-5.809435714811541196e+00,1.999960267734735231e+00,1.246127659628098128e+00,1.336297955052190067e+00,8.500000000000000611e-02,3.000000000000000000e+00,4.502249959989419207e+06
-5.809435714811541196e+00,1.999960267734735231e+00,1.246127659628098128e+00,1.336297955052190067e+00,8.500000000000000611e-02,3.000000000000000000e+00,4.502249959989419207e+06
-5.809435714811541196e+00,1.999960267734735231e+00,1.246127659628098128e+00,1.336297955052190067e+00,8.500000000000000611e-02,3.000000000000000000e+00,4.502249959989419207e+06
-5.809435714811541196e+00,1.999960267734735231e+00,1.246127659628098128e+00,1.336297955052190067e+00,8.500000000000000611e-02,3.000000000000000000e+00,4.502249959989419207e+06
-5.809435479665842728e+00,1.999958959519161583e+00,1.246128514904423668e+00,1.336297159604771911e+00,8.500000000000000611e-02,3.000000000000000000e+00,4.502249959989419207e+06
-5.809429106485529459e+00,1.999947592764315329e+00,1.246129831044423319e+00,1.336289627968948013e+00,8.500000000000000611e-02,3.000000000000000000e+00,4.502249959989419207e+06
-5.809429106485529459e+00,1.999947592764315329e+00,1.246129831044423319e+00,1.336289627968948013e+00,8.500000000000000611e-02,3.000000000000000000e+00,4.502249959989419207e+06
-5.809429106485529459e+00,1.999947592764315329e+00,1.246129831044423319e+00,1.336289627968948013e+00,8.500000000000000611e-02,3.000000000000000000e+00,4.502249959989419207e+06
-5.809429106485529459e+00,1.999947592764315329e+00,1.246129831044423319e+00,1.336289627968948013e+00,8.500000000000000611e-02,3.000000000000000000e+00,4.502249959989419207e+06
-5.809429106485529459e+00,1.999947592764315329e+00,1.246129831044423319e+00,1.336289627968948013e+00,8.500000000000000611e-02,3.000000000000000000e+00,4.502249959989419207e+06
-5.809429106485529459e+00,1.999947592764315329e+00,1.246129831044423319e+00,1.336289627968948013e+00,8.500000000000000611e-02,3.000000000000000000e+00,4.502249959989419207e+06
-5.809429106485529459e+00,1.999947592764315329e+00,1.246129831044423319e+00,1.336289627968948013e+00,8.500000000000000611e-02,3.000000000000000000e+00,4.502249959989419207e+06
-5.809429106485529459e+00,1.999947592764315329e+00,1.246129831044423319e+00,1.336289627968948013e+00,8.500000000000000611e-02,3.000000000000000000e+00,4.502249959989419207e+06
-5.809429106485529459e+00,1.999947592764315329e+00,1.246129831044423319e+00,1.336289627968948013e+00,8.500000000000000611e-02,3.000000000000000000e+00,4.502249959989419207e+06
-5.809429106485529459e+00,1.999947592764315329e+00,1.246129831044423319e+00,1.336289627968948013e+00,8.500000000000000611e-02,3.000000000000000000e+00,4.502249959989419207e+06
-5.809429106485529459e+00,1.999947592764315329e+00,1.246129831044423319e+00,1.336289627968948013e+00,8.500000000000000611e-02,3.000000000000000000e+00,4.502249959989419207e+06
-5.809429106485529459e+00,1.999947592764315329e+00,1.246129831044423319e+00,1.336289627968948013e+00,8.500000000000000611e-02,3.000000000000000000e+00,4.502249959989419207e+06
-5.809429106485529459e+00,1.999947592764315329e+00,1.246129831044423319e+00,1.336289627968948013e+00,8.500000000000000611e-02,3.000000000000000000e+00,4.502249959989419207e+06
-5.809429106485529459e+00,1.999947592764315329e+00,1.246129831044423319e+00,1.336289627968948013e+00,8.500000000000000611e-02,3.000000000000000000e+00,4.502249959989419207e+06
-5.809429106485529459e+00,1.999947592764315329e+00,1.246129831044423319e+00,1.336289627968948013e+00,8.500000000000000611e-02,3.000000000000000000e+00,4.502249959989419207e+06
-5.809489829260793492e+00,1.999819429988079822e+00,1.245944614750612356e+00,1.336078588416089730e+00,8.500000000000000611e-02,3.000000000000000000e+00,4.502249959989419207e+06
-5.809489829260793492e+00,1.999819429988079822e+00,1.245944614750612356e+00,1.336078588416089730e+00,8.500000000000000611e-02,3.000000000000000000e+00,4.502249959989419207e+06
-5.809489829260793492e+00,1.999819429988079822e+00,1.245944614750612356e+00,1.336078588416089730e+00,8.500000000000000611e-02,3.000000000000000000e+00,4.502249959989419207e+06
-5.809344700606541956e+00,2.000070856579378997e+00,1.246287748318744892e+00,1.336464300756702084e+00,8.500000000000000611e-02,3.000000000000000000e+00,4.502249959989419207e+06
-5.809344688398931034e+00,2.000070727209762644e+00,1.246287743909874735e+00,1.336464192119824368e+00,8.500000000000000611e-02,3.000000000000000000e+00,4.502249959989419207e+06
-5.809344688398931034e+00,2.000070727209762644e+00,1.246287743909874735e+00,1.336464192119824368e+00,8.500000000000000611e-02,3.000000000000000000e+00,4.502249959989419207e+06
-5.809344688398931034e+00,2.000070727209762644e+00,1.246287743909874735e+00,1.336464192119824368e+00,8.500000000000000611e-02,3.000000000000000000e+00,4.502249959989419207e+06
-5.809344688398931034e+00,2.000070727209762644e+00,1.246287743909874735e+00,1.336464192119824368e+00,8.500000000000000611e-02,3.000000000000000000e+00,4.502249959989419207e+06
-5.809344688398931034e+00,2.000070727209762644e+00,1.246287743909874735e+00,1.336464192119824368e+00,8.500000000000000611e-02,3.000000000000000000e+00,4.502249959989419207e+06
-5.809344688398931034e+00,2.000070727209762644e+00,1.246287743909874735e+00,1.336464192119824368e+00,8.500000000000000611e-02,3.000000000000000000e+00,4.502249959989419207e+06
-5.809344688398931034e+00,2.000070727209762644e+00,1.246287743909874735e+00,1.336464192119824368e+00,8.500000000000000611e-02,3.000000000000000000e+00,4.502249959989419207e+06
-5.809344688398931034e+00,2.000070727209762644e+00,1.246287743909874735e+00,1.336464192119824368e+00,8.500000000000000611e-02,3.000000000000000000e+00,4.502249959989419207e+06
-5.809344688398931034e+00,2.000070727209762644e+00,1.246287743909874735e+00,1.336464192119824368e+00,8.500000000000000611e-02,3.000000000000000000e+00,4.502249959989419207e+06
-5.809344688398931034e+00,2.000070727209762644e+00,1.246287743909874735e+00,1.336464192119824368e+00,8.500000000000000611e-02,3.000000000000000000e+00,4.502249959989419207e+06
-5.809344688398931034e+00,2.000070727209762644e+00,1.246287743909874735e+00,1.336464192119824368e+00,8.500000000000000611e-02,3.000000000000000000e+00,4.502249959989419207e+06
-5.809344688398931034e+00,2.000070727209762644e+00,1.246287743909874735e+00,1.336464192119824368e+00,8.500000000000000611e-02,3.000000000000000000e+00,4.502249959989419207e+06
-5.809344688398931034e+00,2.000070727209762644e+00,1.246287743909874735e+00,1.336464192119824368e+00,8.500000000000000611e-02,3.000000000000000000e+00,4.502249959989419207e+06
-5.809344688398931034e+00,2.000070727209762644e+00,1.246287743909874735e+00,1.336464192119824368e+00,8.500000000000000611e-02,3.000000000000000000e+00,4.502249959989419207e+06
-5.809344688398931034e+00,2.000070727209762644e+00,1.246287743909874735e+00,1.336464192119824368e+00,8.500000000000000611e-02,3.000000000000000000e+00,4.502249959989419207e+06
-5.809344688398931034e+00,2.000070727209762644e+00,1.246287743909874735e+00,1.336464192119824368e+00,8.500000000000000611e-02,3.000000000000000000e+00,4.502249959989419207e+06
-5.809344688398931034e+00,2.000070727209762644e+00,1.246287743909874735e+00,1.336464192119824368e+00,8.500000000000000611e-02,3.000000000000000000e+00,4.502249959989419207e+06
-5.809344688398931034e+00,2.000070727209762644e+00,1.246287743909874735e+00,1.336464192119824368e+00,8.500000000000000611e-02,3.000000000000000000e+00,4.502249959989419207e+06
-5.809232104159581134e+00,2.000176349198718562e+00,1.246533648087891022e+00,1.336663280477878857e+00,8.500000000000000611e-02,3.000000000000000000e+00,4.502249959989419207e+06
-5.809232104159581134e+00,2.000176349198718562e+00,1.246533648087891022e+00,1.336663280477878857e+00,8.500000000000000611e-02,3.000000000000000000e+00,4.502249959989419207e+06
-5.809232104159581134e+00,2.000176349198718562e+00,1.246533648087891022e+00,1.336663280477878857e+00,8.500000000000000611e-02,3.000000000000000000e+00,4.502249959989419207e+06
-5.809232104159581134e+00,2.000176349198718562e+00,1.246533648087891022e+00,1.336663280477878857e+00,8.500000000000000611e-02,3.000000000000000000e+00,4.502249959989419207e+06
-5.809232104159581134e+00,2.000176349198718562e+00,1.246533648087891022e+00,1.336663280477878857e+00,8.500000000000000611e-02,3.000000000000000000e+00,4.502249959989419207e+06
-5.809232104159581134e+00,2.000176349198718562e+00,1.246533648087891022e+00,1.336663280477878857e+00,8.500000000000000611e-02,3.000000000000000000e+00,4.502249959989419207e+06
-5.809710339073928864e+00,2.001862323915590824e+00,1.248356684733371802e+00,1.340616337361164812e+00,8.500000000000000611e-02,3.000000000000000000e+00,4.502249959989419207e+06
-5.809710339073928864e+00,2.001862323915590824e+00,1.248356684733371802e+00,1.340616337361164812e+00,8.500000000000000611e-02,3.000000000000000000e+00,4.502249959989419207e+06
-5.809710339073928864e+00,2.001862323915590824e+00,1.248356684733371802e+00,1.340616337361164812e+00,8.500000000000000611e-02,3.000000000000000000e+00,4.502249959989419207e+06
-5.809710339073928864e+00,2.001862323915590824e+00,1.248356684733371802e+00,1.340616337361164812e+00,8.500000000000000611e-02,3.000000000000000000e+00,4.502249959989419207e+06
-5.809710339073928864e+00,2.001862323915590824e+00,1.248356684733371802e+00,1.340616337361164812e+00,8.500000000000000611e-02,3.000000000000000000e+00,4.502249959989419207e+06
-5.809710339073928864e+00,2.001862323915590824e+00,1.248356684733371802e+00,1.340616337361164812e+00,8.500000000000000611e-02,3.000000000000000000e+00,4.502249959989419207e+06
-5.809710339073928864e+00,2.001862323915590824e+00,1.248356684733371802e+00,1.340616337361164812e+00,8.500000000000000611e-02,3.000000000000000000e+00,4.502249959989419207e+06
-5.809710339073928864e+00,2.001862323915590824e+00,1.248356684733371802e+00,1.340616337361164812e+00,8.500000000000000611e-02,3.000000000000000000e+00,4.502249959989419207e+06
-5.809710339073928864e+00,2.001862323915590824e+00,1.248356684733371802e+00,1.340616337361164812e+00,8.500000000000000611e-02,3.000000000000000000e+00,4.502249959989419207e+06
-5.809710339073928864e+00,2.001862323915590824e+00,1.248356684733371802e+00,1.340616337361164812e+00,8.500000000000000611e-02,3.000000000000000000e+00,4.502249959989419207e+06
-5.809710339073928864e+00,2.001862323915590824e+00,1.248356684733371802e+00,1.340616337361164812e+00,8.500000000000000611e-02,3.000000000000000000e+00,4.502249959989419207e+06
-5.809710339073928864e+00,2.001862323915590824e+00,1.248356684733371802e+00,1.340616337361164812e+00,8.500000000000000611e-02,3.000000000000000000e+00,4.502249959989419207e+06
-5.809504402006025359e+00,2.002135485970179651e+00,1.248726608922408277e+00,1.340958468710595985e+00,8.500000000000000611e-02,3.000000000000000000e+00,4.502249959989419207e+06
-5.809504402006025359e+00,2.002135485970179651e+00,1.248726608922408277e+00,1.340958468710595985e+00,8.500000000000000611e-02,3.000000000000000000e+00,4.502249959989419207e+06
-5.809504402006025359e+00,2.002135485970179651e+00,1.248726608922408277e+00,1.340958468710595985e+00,8.500000000000000611e-02,3.000000000000000000e+00,4.502249959989419207e+06
-5.809504402006025359e+00,2.002135485970179651e+00,1.248726608922408277e+00,1.340958468710595985e+00,8.500000000000000611e-02,3.000000000000000000e+00,4.502249959989419207e+06
-5.809504402006025359e+00,2.002135485970179651e+00,1.248726608922408277e+00,1.340958468710595985e+00,8.500000000000000611e-02,3.000000000000000000e+00,4.502249959989419207e+06
-5.809504402006025359e+00,2.002135485970179651e+00,1.248726608922408277e+00,1.340958468710595985e+00,8.500000000000000611e-02,3.000000000000000000e+00,4.502249959989419207e+06
-5.809504402006025359e+00,2.002135485970179651e+00,1.248726608922408277e+00,1.340958468710595985e+00,8.500000000000000611e-02,3.000000000000000000e+00,4.502249959989419207e+06
-5.809504402006025359e+00,2.002135485970179651e+00,1.248726608922408277e+00,1.340958468710595985e+00,8.500000000000000611e-02,3.000000000000000000e+00,4.502249959989419207e+06
-5.809504402006025359e+00,2.002135485970179651e+00,1.248726608922408277e+00,1.340958468710595985e+00,8.500000000000000611e-02,3.000000000000000000e+00,4.502249959989419207e+06
-5.809504402006025359e+00,2.002135485970179651e+00,1.248726608922408277e+00,1.340958468710595985e+00,8.500000000000000611e-02,3.000000000000000000e+00,4.502249959989419207e+06
-5.802684716341180327e+00,2.011243097653049983e+00,1.259904155627987077e+00,1.351736127981981506e+00,8.500000000000000611e-02,3.000000000000000000e+00,4.502249959989419207e+06
-5.795045285090690612e+00,2.022130964706717382e+00,1.274513335088877986e+00,1.367488938235084328e+00,8.500000000000000611e-02,3.000000000000000000e+00,4.502249959989419207e+06
-5.795045285090690612e+00,2.022130964706717382e+00,1.274513335088877986e+00,1.367488938235084328e+00,8.500000000000000611e-02,3.000000000000000000e+00,4.502249959989419207e+06
-5.795045285090690612e+00,2.022130964706717382e+00,1.274513335088877986e+00,1.367488938235084328e+00,8.500000000000000611e-02,3.000000000000000000e+00,4.502249959989419207e+06
-5.795045285090690612e+00,2.022130964706717382e+00,1.274513335088877986e+00,1.367488938235084328e+00,8.500000000000000611e-02,3.000000000000000000e+00,4.502249959989419207e+06
-5.795045285090690612e+00,2.022130964706717382e+00,1.274513335088877986e+00,1.367488938235084328e+00,8.500000000000000611e-02,3.000000000000000000e+00,4.502249959989419207e+06
-5.795045285090690612e+00,2.022130964706717382e+00,1.274513335088877986e+00,1.367488938235084328e+00,8.500000000000000611e-02,3.000000000000000000e+00,4.502249959989419207e+06
-5.797559862241713269e+00,2.020142601709575381e+00,1.270887834436960961e+00,1.365421311237677404e+00,8.500000000000000611e-02,3.000000000000000000e+00,4.502249959989419207e+06
-5.837043993326149760e+00,1.986983522248084055e+00,1.215917179058642494e+00,1.336497266070542755e+00,8.500000000000000611e-02,3.000000000000000000e+00,4.502249959989419207e+06
-5.837043993326149760e+00,1.986983522248084055e+00,1.215917179058642494e+00,1.336497266070542755e+00,8.500000000000000611e-02,3.000000000000000000e+00,4.502249959989419207e+06
-5.837043993326149760e+00,1.986983522248084055e+00,1.215917179058642494e+00,1.336497266070542755e+00,8.500000000000000611e-02,3.000000000000000000e+00,4.502249959989419207e+06
-5.837043993326149760e+00,1.986983522248084055e+00,1.215917179058642494e+00,1.336497266070542755e+00,8.500000000000000611e-02,3.000000000000000000e+00,4.502249959989419207e+06
-7.069567897087031483e+00,9.297946560587679876e-01,-4.385076805659671173e-01,6.580566201442957786e-01,8.500000000000000611e-02,3.000000000000000000e+00,4.502249959989419207e+06
-7.152376767115207201e+00,8.253105446355650798e-01,-5.605987030829830964e-01,6.205554655882794535e-01,8.500000000000000611e-02,3.000000000000000000e+00,4.502249959989419207e+06
-7.153520849481869170e+00,8.252195388074644589e-01,-5.623238788977310554e-01,6.198630930118302906e-01,8.500000000000000611e-02,3.000000000000000000e+00,4.502249959989419207e+06
-7.150125941145166308e+00,8.279664755036355572e-01,-5.578705553655685101e-01,6.215289805416241986e-01,8.500000000000000611e-02,3.000000000000000000e+00,4.502249959989419207e+06
-7.150125941145166308e+00,8.279664755036355572e-01,-5.578705553655685101e-01,6.215289805416241986e-01,8.500000000000000611e-02,3.000000000000000000e+00,4.502249959989419207e+06
-6.760529745268397228e+00,9.438643520627285621e-01,-1.434813611845619508e-01,7.013023167216255738e-01,8.500000000000000611e-02,3.000000000000000000e+00,4.502249959989419207e+06
-6.889718393373812866e+00,9.405652197924840863e-01,-2.818050365399223378e-01,6.456545875048194105e-01,8.500000000000000611e-02,3.000000000000000000e+00,4.502249959989419207e+06
-6.802532338015444324e+00,9.615098406039674916e-01,-1.931091081288851541e-01,6.572436137293878877e-01,8.500000000000000611e-02,3.000000000000000000e+00,4.502249959989419207e+06
-5.809436112482655012e+00,1.999942504497151718e+00,1.246113160737382541e+00,1.336290863581360844e+00,8.500000000000000611e-02,3.000000000000000000e+00,4.502249959989419207e+06
-5.809436112482655012e+00,1.999942504497151718e+00,1.246113160737382541e+00,1.336290863581360844e+00,8.500000000000000611e-02,3.000000000000000000e+00,4.502249959989419207e+06
-5.809436112482655012e+00,1.999942504497151718e+00,1.246113160737382541e+00,1.336290863581360844e+00,8.500000000000000611e-02,3.000000000000000000e+00,4.502249959989419207e+06
-5.809436112482655012e+00,1.999942504497151718e+00,1.246113160737382541e+00,1.336290863581360844e+00,8.500000000000000611e-02,3.000000000000000000e+00,4.502249959989419207e+06
-5.809436112482655012e+00,1.999942504497151718e+00,1.246113160737382541e+00,1.336290863581360844e+00,8.500000000000000611e-02,3.000000000000000000e+00,4.502249959989419207e+06
-5.809436112482655012e+00,1.999942504497151718e+00,1.246113160737382541e+00,1.336290863581360844e+00,8.500000000000000611e-02,3.000000000000000000e+00,4.502249959989419207e+06
-5.809436112482655012e+00,1.999942504497151718e+00,1.246113160737382541e+00,1.336290863581360844e+00,8.500000000000000611e-02,3.000000000000000000e+00,4.502249959989419207e+06
-5.809436112482655012e+00,1.999942504497151718e+00,1.246113160737382541e+00,1.336290863581360844e+00,8.500000000000000611e-02,3.000000000000000000e+00,4.502249959989419207e+06
-5.809498572840708697e+00,1.999810567299489028e+00,1.245923004270736323e+00,1.336097873482229970e+00,8.500000000000000611e-02,3.000000000000000000e+00,4.502249959989419207e+06
-5.809498572840708697e+00,1.999810567299489028e+00,1.245923004270736323e+00,1.336097873482229970e+00,8.500000000000000611e-02,3.000000000000000000e+00,4.502249959989419207e+06
-5.809528604898271276e+00,1.999762745085092108e+00,1.245837298037164587e+00,1.336018684838644610e+00,8.500000000000000611e-02,3.000000000000000000e+00,4.502249959989419207e+06
-5.809528604898271276e+00,1.999762745085092108e+00,1.245837298037164587e+00,1.336018684838644610e+00,8.500000000000000611e-02,3.000000000000000000e+00,4.502249959989419207e+06
-5.809533068094609121e+00,1.999753009273598447e+00,1.245823032569580269e+00,1.336003836476276740e+00,8.500000000000000611e-02,3.000000000000000000e+00,4.502249959989419207e+06
-5.809533068094609121e+00,1.999753009273598447e+00,1.245823032569580269e+00,1.336003836476276740e+00,8.500000000000000611e-02,3.000000000000000000e+00,4.502249959989419207e+06
-5.809533068094609121e+00,1.999753009273598447e+00,1.245823032569580269e+00,1.336003836476276740e+00,8.500000000000000611e-02,3.000000000000000000e+00,4.502249959989419207e+06
-5.809533068094609121e+00,1.999753009273598447e+00,1.245823032569580269e+00,1.336003836476276740e+00,8.500000000000000611e-02,3.000000000000000000e+00,4.502249959989419207e+06
-5.809510966009295174e+00,1.999504129478043568e+00,1.245484284591942048e+00,1.335474468732599895e+00,8.500000000000000611e-02,3.000000000000000000e+00,4.502249959989419207e+06
-5.809510966009295174e+00,1.999504129478043568e+00,1.245484284591942048e+00,1.335474468732599895e+00,8.500000000000000611e-02,3.000000000000000000e+00,4.502249959989419207e+06
-5.809510966009295174e+00,1.999504129478043568e+00,1.245484284591942048e+00,1.335474468732599895e+00,8.500000000000000611e-02,3.000000000000000000e+00,4.502249959989419207e+06
-5.809510966009295174e+00,1.999504129478043568e+00,1.245484284591942048e+00,1.335474468732599895e+00,8.500000000000000611e-02,3.000000000000000000e+00,4.502249959989419207e+06
-5.809510966009295174e+00,1.999504129478043568e+00,1.245484284591942048e+00,1.335474468732599895e+00,8.500000000000000611e-02,3.000000000000000000e+00,4.502249959989419207e+06
-5.809510966009295174e+00,1.999504129478043568e+00,1.245484284591942048e+00,1.335474468732599895e+00,8.500000000000000611e-02,3.000000000000000000e+00,4.502249959989419207e+06
-5.809510966009295174e+00,1.999504129478043568e+00,1.245484284591942048e+00,1.335474468732599895e+00,8.500000000000000611e-02,3.000000000000000000e+00,4.502249959989419207e+06
-5.809510966009295174e+00,1.999504129478043568e+00,1.245484284591942048e+00,1.335474468732599895e+00,8.500000000000000611e-02,3.000000000000000000e+00,4.502249959989419207e+06
-5.809510966009295174e+00,1.999504129478043568e+00,1.245484284591942048e+00,1.335474468732599895e+00,8.500000000000000611e-02,3.000000000000000000e+00,4.502249959989419207e+06
-5.809510966009295174e+00,1.999504129478043568e+00,1.245484284591942048e+00,1.335474468732599895e+00,8.500000000000000611e-02,3.000000000000000000e+00,4.502249959989419207e+06
-5.809510966009295174e+00,1.999504129478043568e+00,1.245484284591942048e+00,1.335474468732599895e+00,8.500000000000000611e-02,3.000000000000000000e+00,4.502249959989419207e+06
-5.809596079566095028e+00,1.998724526913895572e+00,1.244663721034178883e+00,1.334091365271027563e+00,8.500000000000000611e-02,3.000000000000000000e+00,4.502249959989419207e+06
-5.809766458277874968e+00,1.998875197992736163e+00,1.244596745765163659e+00,1.334257305107425795e+00,8.500000000000000611e-02,3.000000000000000000e+00,4.502249959989419207e+06
-5.809766458277874968e+00,1.998875197992736163e+00,1.244596745765163659e+00,1.334257305107425795e+00,8.500000000000000611e-02,3.000000000000000000e+00,4.502249959989419207e+06
-5.809766458277874968e+00,1.998875197992736163e+00,1.244596745765163659e+00,1.334257305107425795e+00,8.500000000000000611e-02,3.000000000000000000e+00,4.502249959989419207e+06
-5.809766458277874968e+00,1.998875197992736163e+00,1.244596745765163659e+00,1.334257305107425795e+00,8.500000000000000611e-02,3.000000000000000000e+00,4.502249959989419207e+06
-5.809766458277874968e+00,1.998875197992736163e+00,1.244596745765163659e+00,1.334257305107425795e+00,8.500000000000000611e-02,3.000000000000000000e+00,4.502249959989419207e+06
-5.809766458277874968e+00,1.998875197992736163e+00,1.244596745765163659e+00,1.334257305107425795e+00,8.500000000000000611e-02,3.000000000000000000e+00,4.502249959989419207e+06
-5.809766458277874968e+00,1.998875197992736163e+00,1.244596745765163659e+00,1.334257305107425795e+00,8.500000000000000611e-02,3.000000000000000000e+00,4.502249959989419207e+06
-5.809766458277874968e+00,1.998875197992736163e+00,1.244596745765163659e+00,1.334257305107425795e+00,8.500000000000000611e-02,3.000000000000000000e+00,4.502249959989419207e+06
-5.809766458277874968e+00,1.998875197992736163e+00,1.244596745765163659e+00,1.334257305107425795e+00,8.500000000000000611e-02,3.000000000000000000e+00,4.502249959989419207e+06
-5.811346031797830491e+00,1.997290531706626959e+00,1.242268258474970910e+00,1.332713757537710597e+00,8.500000000000000611e-02,3.000000000000000000e+00,4.502249959989419207e+06
-5.811346031797830491e+00,1.997290531706626959e+00,1.242268258474970910e+00,1.332713757537710597e+00,8.500000000000000611e-02,3.000000000000000000e+00,4.502249959989419207e+06
-5.811346031797830491e+00,1.997290531706626959e+00,1.242268258474970910e+00,1.332713757537710597e+00,8.500000000000000611e-02,3.000000000000000000e+00,4.502249959989419207e+06
-5.811346031797830491e+00,1.997290531706626959e+00,1.242268258474970910e+00,1.332713757537710597e+00,8.500000000000000611e-02,3.000000000000000000e+00,4.502249959989419207e+06
-5.811346031797830491e+00,1.997290531706626959e+00,1.242268258474970910e+00,1.332713757537710597e+00,8.500000000000000611e-02,3.000000000000000000e+00,4.502249959989419207e+06
-5.811346031797830491e+00,1.997290531706626959e+00,1.242268258474970910e+00,1.332713757537710597e+00,8.500000000000000611e-02,3.000000000000000000e+00,4.502249959989419207e+06
-5.811346031797830491e+00,1.997290531706626959e+00,1.242268258474970910e+00,1.332713757537710597e+00,8.500000000000000611e-02,3.000000000000000000e+00,4.502249959989419207e+06
-5.811346031797830491e+00,1.997290531706626959e+00,1.242268258474970910e+00,1.332713757537710597e+00,8.500000000000000611e-02,3.000000000000000000e+00,4.502249959989419207e+06
-5.811346031797830491e+00,1.997290531706626959e+00,1.242268258474970910e+00,1.332713757537710597e+00,8.500000000000000611e-02,3.000000000000000000e+00,4.502249959989419207e+06
-5.811346031797830491e+00,1.997290531706626959e+00,1.242268258474970910e+00,1.332713757537710597e+00,8.500000000000000611e-02,3.000000000000000000e+00,4.502249959989419207e+06
-5.811346031797830491e+00,1.997290531706626959e+00,1.242268258474970910e+00,1.332713757537710597e+00,8.500000000000000611e-02,3.000000000000000000e+00,4.502249959989419207e+06
-5.811346031797830491e+00,1.997290531706626959e+00,1.242268258474970910e+00,1.332713757537710597e+00,8.500000000000000611e-02,3.000000000000000000e+00,4.502249959989419207e+06
-5.811346031797830491e+00,1.997290531706626959e+00,1.242268258474970910e+00,1.332713757537710597e+00,8.500000000000000611e-02,3.000000000000000000e+00,4.502249959989419207e+06
-5.811346031797830491e+00,1.997290531706626959e+00,1.242268258474970910e+00,1.332713757537710597e+00,8.500000000000000611e-02,3.000000000000000000e+00,4.502249959989419207e+06
-5.811346031797830491e+00,1.997290531706626959e+00,1.242268258474970910e+00,1.332713757537710597e+00,8.500000000000000611e-02,3.000000000000000000e+00,4.502249959989419207e+06
-5.811346031797830491e+00,1.997290531706626959e+00,1.242268258474970910e+00,1.332713757537710597e+00,8.500000000000000611e-02,3.000000000000000000e+00,4.502249959989419207e+06
-5.813471459946233821e+00,1.995212141310642284e+00,1.238950082513103901e+00,1.330592297754394027e+00,8.500000000000000611e-02,3.000000000000000000e+00,4.502249959989419207e+06
-5.813471459946233821e+00,1.995212141310642284e+00,1.238950082513103901e+00,1.330592297754394027e+00,8.500000000000000611e-02,3.000000000000000000e+00,4.502249959989419207e+06
-5.813471459946233821e+00,1.995212141310642284e+00,1.238950082513103901e+00,1.330592297754394027e+00,8.500000000000000611e-02,3.000000000000000000e+00,4.502249959989419207e+06
-5.813471459946233821e+00,1.995212141310642284e+00,1.238950082513103901e+00,1.330592297754394027e+00,8.500000000000000611e-02,3.000000000000000000e+00,4.502249959989419207e+06
-5.813471459946233821e+00,1.995212141310642284e+00,1.238950082513103901e+00,1.330592297754394027e+00,8.500000000000000611e-02,3.000000000000000000e+00,4.502249959989419207e+06
-5.813471459946233821e+00,1.995212141310642284e+00,1.238950082513103901e+00,1.330592297754394027e+00,8.500000000000000611e-02,3.000000000000000000e+00,4.502249959989419207e+06
-5.813471459946233821e+00,1.995212141310642284e+00,1.238950082513103901e+00,1.330592297754394027e+00,8.500000000000000611e-02,3.000000000000000000e+00,4.502249959989419207e+06
-5.813471459946233821e+00,1.995212141310642284e+00,1.238950082513103901e+00,1.330592297754394027e+00,8.500000000000000611e-02,3.000000000000000000e+00,4.502249959989419207e+06
-5.813471459946233821e+00,1.995212141310642284e+00,1.238950082513103901e+00,1.330592297754394027e+00,8.500000000000000611e-02,3.000000000000000000e+00,4.502249959989419207e+06
-5.807233607330484659e+00,1.998891660092099842e+00,1.244525782744584141e+00,1.332595515976424894e+00,8.500000000000000611e-02,3.000000000000000000e+00,4.502249959989419207e+06
-5.807233607330484659e+00,1.998891660092099842e+00,1.244525782744584141e+00,1.332595515976424894e+00,8.500000000000000611e-02,3.000000000000000000e+00,4.502249959989419207e+06
-5.807233607330484659e+00,1.998891660092099842e+00,1.244525782744584141e+00,1.332595515976424894e+00,8.500000000000000611e-02,3.000000000000000000e+00,4.502249959989419207e+06
-5.807233607330484659e+00,1.998891660092099842e+00,1.244525782744584141e+00,1.332595515976424894e+00,8.500000000000000611e-02,3.000000000000000000e+00,4.502249959989419207e+06
-5.807233607330484659e+00,1.998891660092099842e+00,1.244525782744584141e+00,1.332595515976424894e+00,8.500000000000000611e-02,3.000000000000000000e+00,4.502249959989419207e+06
-5.807233607330484659e+00,1.998891660092099842e+00,1.244525782744584141e+00,1.332595515976424894e+00,8.500000000000000611e-02,3.000000000000000000e+00,4.502249959989419207e+06
-5.807233607330484659e+00,1.998891660092099842e+00,1.244525782744584141e+00,1.332595515976424894e+00,8.500000000000000611e-02,3.000000000000000000e+00,4.502249959989419207e+06
-5.807233607330484659e+00,1.998891660092099842e+00,1.244525782744584141e+00,1.332595515976424894e+00,8.500000000000000611e-02,3.000000000000000000e+00,4.502249959989419207e+06
-5.807233607330484659e+00,1.998891660092099842e+00,1.244525782744584141e+00,1.332595515976424894e+00,8.500000000000000611e-02,3.000000000000000000e+00,4.502249959989419207e+06
-5.807233607330484659e+00,1.998891660092099842e+00,1.244525782744584141e+00,1.332595515976424894e+00,8.500000000000000611e-02,3.000000000000000000e+00,4.502249959989419207e+06
-5.807233607330484659e+00,1.998891660092099842e+00,1.244525782744584141e+00,1.332595515976424894e+00,8.500000000000000611e-02,3.000000000000000000e+00,4.502249959989419207e+06
-5.807233607330484659e+00,1.998891660092099842e+00,1.244525782744584141e+00,1.332595515976424894e+00,8.500000000000000611e-02,3.000000000000000000e+00,4.502249959989419207e+06
-5.807233607330484659e+00,1.998891660092099842e+00,1.244525782744584141e+00,1.332595515976424894e+00,8.500000000000000611e-02,3.000000000000000000e+00,4.502249959989419207e+06
-5.807233607330484659e+00,1.998891660092099842e+00,1.244525782744584141e+00,1.332595515976424894e+00,8.500000000000000611e-02,3.000000000000000000e+00,4.502249959989419207e+06
-5.823022548513918650e+00,1.987691164182739278e+00,1.223118542761212568e+00,1.320994364808987909e+00,8.500000000000000611e-02,3.000000000000000000e+00,4.502249959989419207e+06
-5.823022548513918650e+00,1.987691164182739278e+00,1.223118542761212568e+00,1.320994364808987909e+00,8.500000000000000611e-02,3.000000000000000000e+00,4.502249959989419207e+06
-5.821039529481765840e+00,1.987791244270288304e+00,1.224137014214824237e+00,1.318801826973769353e+00,8.500000000000000611e-02,3.000000000000000000e+00,4.502249959989419207e+06
-5.821039529481765840e+00,1.987791244270288304e+00,1.224137014214824237e+00,1.318801826973769353e+00,8.500000000000000611e-02,3.000000000000000000e+00,4.502249959989419207e+06
-4.192440959365496767e+00,3.330753509894699871e+00,3.475248741033743816e+00,2.400132586666623435e+00,8.500000000000000611e-02,3.000000000000000000e+00,4.502249959989419207e+06
-4.192440959365496767e+00,3.330753509894699871e+00,3.475248741033743816e+00,2.400132586666623435e+00,8.500000000000000611e-02,3.000000000000000000e+00,4.502249959989419207e+06
-4.441595112470759332e+00,3.026981389822094748e+00,3.052126065452480219e+00,2.019559925911978748e+00,8.500000000000000611e-02,3.000000000000000000e+00,4.502249959989419207e+06
-4.491753547886641940e+00,3.559388724177677599e+00,3.325587238250076627e+00,1.622730589755264630e+00,8.500000000000000611e-02,3.000000000000000000e+00,4.502249959989419207e+06
-4.767423370048428310e+00,3.184203194410881288e+00,3.078208637667966485e+00,1.456844882587899015e+00,8.500000000000000611e-02,3.000000000000000000e+00,4.502249959989419207e+06
-4.761909162467697243e+00,2.960446657706075957e+00,2.851141286938069008e+00,1.499276078744474772e+00,8.500000000000000611e-02,3.000000000000000000e+00,4.502249959989419207e+06
-4.761909162467697243e+00,2.960446657706075957e+00,2.851141286938069008e+00,1.499276078744474772e+00,8.500000000000000611e-02,3.000000000000000000e+00,4.502249959989419207e+06
-4.761909162467697243e+00,2.960446657706075957e+00,2.851141286938069008e+00,1.499276078744474772e+00,8.500000000000000611e-02,3.000000000000000000e+00,4.502249959989419207e+06
-4.711001049487143710e+00,2.977584621782192631e+00,2.850470635789007723e+00,1.539783543908421981e+00,8.500000000000000611e-02,3.000000000000000000e+00,4.502249959989419207e+06
-4.847848064932295031e+00,2.835397745788103663e+00,2.851279606319505611e+00,1.539380313777504838e+00,8.500000000000000611e-02,3.000000000000000000e+00,4.502249959989419207e+06
-5.809399871628532885e+00,2.000028141079833066e+00,1.246210100617923811e+00,1.336393922193665595e+00,8.500000000000000611e-02,3.000000000000000000e+00,4.502249959989419207e+06
-5.809399871628532885e+00,2.000028141079833066e+00,1.246210100617923811e+00,1.336393922193665595e+00,8.500000000000000611e-02,3.000000000000000000e+00,4.502249959989419207e+06
-5.809363999862219075e+00,2.000114602013234766e+00,1.246268193116132128e+00,1.336497023282182450e+00,8.500000000000000611e-02,3.000000000000000000e+00,4.502249959989419207e+06
-5.809363999862219075e+00,2.000114602013234766e+00,1.246268193116132128e+00,1.336497023282182450e+00,8.500000000000000611e-02,3.000000000000000000e+00,4.502249959989419207e+06
-5.809360657848673171e+00,2.000121813506618551e+00,1.246281563983308249e+00,1.336513063428139247e+00,8.500000000000000611e-02,3.000000000000000000e+00,4.502249959989419207e+06
-5.809372379169016831e+00,2.000097911554624019e+00,1.246257655902062833e+00,1.336481230595970571e+00,8.500000000000000611e-02,3.000000000000000000e+00,4.502249959989419207e+06
-5.809372379169016831e+00,2.000097911554624019e+00,1.246257655902062833e+00,1.336481230595970571e+00,8.500000000000000611e-02,3.000000000000000000e+00,4.502249959989419207e+06
-5.809372379169016831e+00,2.000097911554624019e+00,1.246257655902062833e+00,1.336481230595970571e+00,8.500000000000000611e-02,3.000000000000000000e+00,4.502249959989419207e+06
-5.809372379169016831e+00,2.000097911554624019e+00,1.246257655902062833e+00,1.336481230595970571e+00,8.500000000000000611e-02,3.000000000000000000e+00,4.502249959989419207e+06
-5.809372379169016831e+00,2.000097911554624019e+00,1.246257655902062833e+00,1.336481230595970571e+00,8.500000000000000611e-02,3.000000000000000000e+00,4.502249959989419207e+06
-5.809372379169016831e+00,2.000097911554624019e+00,1.246257655902062833e+00,1.336481230595970571e+00,8.500000000000000611e-02,3.000000000000000000e+00,4.502249959989419207e+06
-5.809372379169016831e+00,2.000097911554624019e+00,1.246257655902062833e+00,1.336481230595970571e+00,8.500000000000000611e-02,3.000000000000000000e+00,4.502249959989419207e+06
-5.809372379169016831e+00,2.000097911554624019e+00,1.246257655902062833e+00,1.336481230595970571e+00,8.500000000000000611e-02,3.000000000000000000e+00,4.502249959989419207e+06
-5.809372379169016831e+00,2.000097911554624019e+00,1.246257655902062833e+00,1.336481230595970571e+00,8.500000000000000611e-02,3.000000000000000000e+00,4.502249959989419207e+06
-5.809372379169016831e+00,2.000097911554624019e+00,1.246257655902062833e+00,1.336481230595970571e+00,8.500000000000000611e-02,3.000000000000000000e+00,4.502249959989419207e+06
-5.809366933878996164e+00,2.000109883878288475e+00,1.246262366459012005e+00,1.336490254354665064e+00,8.500000000000000611e-02,3.000000000000000000e+00,4.502249959989419207e+06
-5.809366933878996164e+00,2.000109883878288475e+00,1.246262366459012005e+00,1.336490254354665064e+00,8.500000000000000611e-02,3.000000000000000000e+00,4.502249959989419207e+06
-5.809366933878996164e+00,2.000109883878288475e+00,1.246262366459012005e+00,1.336490254354665064e+00,8.500000000000000611e-02,3.000000000000000000e+00,4.502249959989419207e+06
-5.809366933878996164e+00,2.000109883878288475e+00,1.246262366459012005e+00,1.336490254354665064e+00,8.500000000000000611e-02,3.000000000000000000e+00,4.502249959989419207e+06
-5.809366933878996164e+00,2.000109883878288475e+00,1.246262366459012005e+00,1.336490254354665064e+00,8.500000000000000611e-02,3.000000000000000000e+00,4.502249959989419207e+06
-5.809361181059770729e+00,2.000132152445241562e+00,1.246270655021590734e+00,1.336506481029715365e+00,8.500000000000000611e-02,3.000000000000000000e+00,4.502249959989419207e+06
-5.809361181059770729e+00,2.000132152445241562e+00,1.246270655021590734e+00,1.336506481029715365e+00,8.500000000000000611e-02,3.000000000000000000e+00,4.502249959989419207e+06
-5.809361181059770729e+00,2.000132152445241562e+00,1.246270655021590734e+00,1.336506481029715365e+00,8.500000000000000611e-02,3.000000000000000000e+00,4.502249959989419207e+06
-5.809352477400459236e+00,2.000153270808306960e+00,1.246290556966136887e+00,1.336533507304363821e+00,8.500000000000000611e-02,3.000000000000000000e+00,4.502249959989419207e+06
-5.809352477400459236e+00,2.000153270808306960e+00,1.246290556966136887e+00,1.336533507304363821e+00,8.500000000000000611e-02,3.000000000000000000e+00,4.502249959989419207e+06
-5.809352477400459236e+00,2.000153270808306960e+00,1.246290556966136887e+00,1.336533507304363821e+00,8.500000000000000611e-02,3.000000000000000000e+00,4.502249959989419207e+06
-5.809352477400459236e+00,2.000153270808306960e+00,1.246290556966136887e+00,1.336533507304363821e+00,8.500000000000000611e-02,3.000000000000000000e+00,4.502249959989419207e+06
-5.809352477400459236e+00,2.000153270808306960e+00,1.246290556966136887e+00,1.336533507304363821e+00,8.500000000000000611e-02,3.000000000000000000e+00,4.502249959989419207e+06
-5.809352477400459236e+00,2.000153270808306960e+00,1.246290556966136887e+00,1.336533507304363821e+00,8.500000000000000611e-02,3.000000000000000000e+00,4.502249959989419207e+06
-5.809352477400459236e+00,2.000153270808306960e+00,1.246290556966136887e+00,1.336533507304363821e+00,8.500000000000000611e-02,3.000000000000000000e+00,4.502249959989419207e+06
-5.809352477400459236e+00,2.000153270808306960e+00,1.246290556966136887e+00,1.336533507304363821e+00,8.500000000000000611e-02,3.000000000000000000e+00,4.502249959989419207e+06
-5.809352477400459236e+00,2.000153270808306960e+00,1.246290556966136887e+00,1.336533507304363821e+00,8.500000000000000611e-02,3.000000000000000000e+00,4.502249959989419207e+06
-5.809352477400459236e+00,2.000153270808306960e+00,1.246290556966136887e+00,1.336533507304363821e+00,8.500000000000000611e-02,3.000000000000000000e+00,4.502249959989419207e+06
-5.809352477400459236e+00,2.000153270808306960e+00,1.246290556966136887e+00,1.336533507304363821e+00,8.500000000000000611e-02,3.000000000000000000e+00,4.502249959989419207e+06
-5.809352477400459236e+00,2.000153270808306960e+00,1.246290556966136887e+00,1.336533507304363821e+00,8.500000000000000611e-02,3.000000000000000000e+00,4.502249959989419207e+06
-5.809352477400459236e+00,2.000153270808306960e+00,1.246290556966136887e+00,1.336533507304363821e+00,8.500000000000000611e-02,3.000000000000000000e+00,4.502249959989419207e+06
-5.809352477400459236e+00,2.000153270808306960e+00,1.246290556966136887e+00,1.336533507304363821e+00,8.500000000000000611e-02,3.000000000000000000e+00,4.502249959989419207e+06
-5.809367091607665401e+00,2.000138991394387222e+00,1.246250672981656926e+00,1.336499114196097349e+00,8.500000000000000611e-02,3.000000000000000000e+00,4.502249959989419207e+06
-5.809367091607665401e+00,2.000138991394387222e+00,1.246250672981656926e+00,1.336499114196097349e+00,8.500000000000000611e-02,3.000000000000000000e+00,4.502249959989419207e+06
-5.809367091607665401e+00,2.000138991394387222e+00,1.246250672981656926e+00,1.336499114196097349e+00,8.500000000000000611e-02,3.000000000000000000e+00,4.502249959989419207e+06
-5.809367091607665401e+00,2.000138991394387222e+00,1.246250672981656926e+00,1.336499114196097349e+00,8.500000000000000611e-02,3.000000000000000000e+00,4.502249959989419207e+06
-5.809367091607665401e+00,2.000138991394387222e+00,1.246250672981656926e+00,1.336499114196097349e+00,8.500000000000000611e-02,3.000000000000000000e+00,4.502249959989419207e+06
-5.809367091607665401e+00,2.000138991394387222e+00,1.246250672981656926e+00,1.336499114196097349e+00,8.500000000000000611e-02,3.000000000000000000e+00,4.502249959989419207e+06
-5.809250390335460423e+00,2.000383812707662301e+00,1.246452667112996515e+00,1.336741159402612178e+00,8.500000000000000611e-02,3.000000000000000000e+00,4.502249959989419207e+06
-5.809250390335460423e+00,2.000383812707662301e+00,1.246452667112996515e+00,1.336741159402612178e+00,8.500000000000000611e-02,3.000000000000000000e+00,4.502249959989419207e+06
-5.809250390335460423e+00,2.000383812707662301e+00,1.246452667112996515e+00,1.336741159402612178e+00,8.500000000000000611e-02,3.000000000000000000e+00,4.502249959989419207e+06
-5.809250390335460423e+00,2.000383812707662301e+00,1.246452667112996515e+00,1.336741159402612178e+00,8.500000000000000611e-02,3.000000000000000000e+00,4.502249959989419207e+06
-5.809250390335460423e+00,2.000383812707662301e+00,1.246452667112996515e+00,1.336741159402612178e+00,8.500000000000000611e-02,3.000000000000000000e+00,4.502249959989419207e+06
-5.809250390335460423e+00,2.000383812707662301e+00,1.246452667112996515e+00,1.336741159402612178e+00,8.500000000000000611e-02,3.000000000000000000e+00,4.502249959989419207e+06
-5.809250390335460423e+00,2.000383812707662301e+00,1.246452667112996515e+00,1.336741159402612178e+00,8.500000000000000611e-02,3.000000000000000000e+00,4.502249959989419207e+06
-5.809250390335460423e+00,2.000383812707662301e+00,1.246452667112996515e+00,1.336741159402612178e+00,8.500000000000000611e-02,3.000000000000000000e+00,4.502249959989419207e+06
-5.809250390335460423e+00,2.000383812707662301e+00,1.246452667112996515e+00,1.336741159402612178e+00,8.500000000000000611e-02,3.000000000000000000e+00,4.502249959989419207e+06
-5.809250390335460423e+00,2.000383812707662301e+00,1.246452667112996515e+00,1.336741159402612178e+00,8.500000000000000611e-02,3.000000000000000000e+00,4.502249959989419207e+06
-5.809256442401904863e+00,2.000415017906090220e+00,1.246431801832957653e+00,1.336763165363878958e+00,8.500000000000000611e-02,3.000000000000000000e+00,4.502249959989419207e+06
-5.809256442401904863e+00,2.000415017906090220e+00,1.246431801832957653e+00,1.336763165363878958e+00,8.500000000000000611e-02,3.000000000000000000e+00,4.502249959989419207e+06
-5.809248284736809431e+00,2.000372955982225864e+00,1.246459926436056520e+00,1.336733503220582486e+00,8.500000000000000611e-02,3.000000000000000000e+00,4.502249959989419207e+06
-5.809248284736809431e+00,2.000372955982225864e+00,1.246459926436056520e+00,1.336733503220582486e+00,8.500000000000000611e-02,3.000000000000000000e+00,4.502249959989419207e+06
-5.809248284736809431e+00,2.000372955982225864e+00,1.246459926436056520e+00,1.336733503220582486e+00,8.500000000000000611e-02,3.000000000000000000e+00,4.502249959989419207e+06
-5.809248284736809431e+00,2.000372955982225864e+00,1.246459926436056520e+00,1.336733503220582486e+00,8.500000000000000611e-02,3.000000000000000000e+00,4.502249959989419207e+06
-5.844595696850033661e+00,1.969654181398058590e+00,1.195825461464585349e+00,1.309942020458033429e+00,8.500000000000000611e-02,3.000000000000000000e+00,4.502249959989419207e+06
-5.885376248829516044e+00,1.934385843907369118e+00,1.138586297417074400e+00,1.279327172699049164e+00,8.500000000000000611e-02,3.000000000000000000e+00,4.502249959989419207e+06
-5.885376248829516044e+00,1.934385843907369118e+00,1.138586297417074400e+00,1.279327172699049164e+00,8.500000000000000611e-02,3.000000000000000000e+00,4.502249959989419207e+06
-5.920877633311018684e+00,1.903000640704513469e+00,1.086612840638254918e+00,1.252367536970355300e+00,8.500000000000000611e-02,3.000000000000000000e+00,4.502249959989419207e+06
-5.933014316502707608e+00,1.892395556803012857e+00,1.069157017618306948e+00,1.243090541485518674e+00,8.500000000000000611e-02,3.000000000000000000e+00,4.502249959989419207e+06
-5.933014316502707608e+00,1.892395556803012857e+00,1.069157017618306948e+00,1.243090541485518674e+00,8.500000000000000611e-02,3.000000000000000000e+00,4.502249959989419207e+06
-5.933014316502707608e+00,1.892395556803012857e+00,1.069157017618306948e+00,1.243090541485518674e+00,8.500000000000000611e-02,3.000000000000000000e+00,4.502249959989419207e+06
-6.243107414877371752e+00,1.621107240334260791e+00,6.320244256075375766e-01,1.009431021796176831e+00,8.500000000000000611e-02,3.000000000000000000e+00,4.502249959989419207e+06
-6.243107414877371752e+00,1.621107240334260791e+00,6.320244256075375766e-01,1.009431021796176831e+00,8.500000000000000611e-02,3.000000000000000000e+00,4.502249959989419207e+06
-6.243107414877371752e+00,1.621107240334260791e+00,6.320244256075375766e-01,1.009431021796176831e+00,8.500000000000000611e-02,3.000000000000000000e+00,4.502249959989419207e+06
-6.243107414877371752e+00,1.621107240334260791e+00,6.320244256075375766e-01,1.009431021796176831e+00,8.500000000000000611e-02,3.000000000000000000e+00,4.502249959989419207e+06
-6.243107414877371752e+00,1.621107240334260791e+00,6.320244256075375766e-01,1.009431021796176831e+00,8.500000000000000611e-02,3.000000000000000000e+00,4.502249959989419207e+06
-6.745938892683805754e+00,1.181313054422254982e+00,-8.787059221603965575e-02,6.273129584246267543e-01,8.500000000000000611e-02,3.000000000000000000e+00,4.502249959989419207e+06
-6.745938892683805754e+00,1.181313054422254982e+00,-8.787059221603965575e-02,6.273129584246267543e-01,8.500000000000000611e-02,3.000000000000000000e+00,4.502249959989419207e+06
-6.745938892683805754e+00,1.181313054422254982e+00,-8.787059221603965575e-02,6.273129584246267543e-01,8.500000000000000611e-02,3.000000000000000000e+00,4.502249959989419207e+06
-6.848190645593087211e+00,1.092323468936938990e+00,-2.337060969030213542e-01,5.502387189575170812e-01,8.500000000000000611e-02,3.000000000000000000e+00,4.502249959989419207e+06
-6.848190645593087211e+00,1.092323468936938990e+00,-2.337060969030213542e-01,5.502387189575170812e-01,8.500000000000000611e-02,3.000000000000000000e+00,4.502249959989419207e+06
-6.848190645593087211e+00,1.092323468936938990e+00,-2.337060969030213542e-01,5.502387189575170812e-01,8.500000000000000611e-02,3.000000000000000000e+00,4.502249959989419207e+06
-6.848190645593087211e+00,1.092323468936938990e+00,-2.337060969030213542e-01,5.502387189575170812e-01,8.500000000000000611e-02,3.000000000000000000e+00,4.502249959989419207e+06
-6.848190645593087211e+00,1.092323468936938990e+00,-2.337060969030213542e-01,5.502387189575170812e-01,8.500000000000000611e-02,3.000000000000000000e+00,4.502249959989419207e+06
-6.848190645593087211e+00,1.092323468936938990e+00,-2.337060969030213542e-01,5.502387189575170812e-01,8.500000000000000611e-02,3.000000000000000000e+00,4.502249959989419207e+06
-6.848190645593087211e+00,1.092323468936938990e+00,-2.337060969030213542e-01,5.502387189575170812e-01,8.500000000000000611e-02,3.000000000000000000e+00,4.502249959989419207e+06
-6.848190645593087211e+00,1.092323468936938990e+00,-2.337060969030213542e-01,5.502387189575170812e-01,8.500000000000000611e-02,3.000000000000000000e+00,4.502249959989419207e+06
-6.848190645593087211e+00,1.092323468936938990e+00,-2.337060969030213542e-01,5.502387189575170812e-01,8.500000000000000611e-02,3.000000000000000000e+00,4.502249959989419207e+06
-6.848190645593087211e+00,1.092323468936938990e+00,-2.337060969030213542e-01,5.502387189575170812e-01,8.500000000000000611e-02,3.000000000000000000e+00,4.502249959989419207e+06
-6.848190645593087211e+00,1.092323468936938990e+00,-2.337060969030213542e-01,5.502387189575170812e-01,8.500000000000000611e-02,3.000000000000000000e+00,4.502249959989419207e+06
-6.722196851774254966e+00,1.175754310156298610e+00,-1.083437852236822097e-01,5.662635823622985676e-01,8.500000000000000611e-02,3.000000000000000000e+00,4.502249959989419207e+06
-6.722196851774254966e+00,1.175754310156298610e+00,-1.083437852236822097e-01,5.662635823622985676e-01,8.500000000000000611e-02,3.000000000000000000e+00,4.502249959989419207e+06
-6.803967002539602404e+00,1.092844699595905134e+00,-1.770356243661977969e-01,5.410957128362778867e-01,8.500000000000000611e-02,3.000000000000000000e+00,4.502249959989419207e+06
-6.803967002539602404e+00,1.092844699595905134e+00,-1.770356243661977969e-01,5.410957128362778867e-01,8.500000000000000611e-02,3.000000000000000000e+00,4.502249959989419207e+06
-6.822775803969212127e+00,1.031314099729319311e+00,-1.777125765507487631e-01,5.122935225983286101e-01,8.500000000000000611e-02,3.000000000000000000e+00,4.502249959989419207e+06
-5.809378412695172855e+00,2.000046626520086246e+00,1.246254180273517420e+00,1.336432237742138929e+00,8.500000000000000611e-02,3.000000000000000000e+00,4.502249959989419207e+06
-5.809306128006479497e+00,2.000164709288393627e+00,1.246419391623116990e+00,1.336614556471329651e+00,8.500000000000000611e-02,3.000000000000000000e+00,4.502249959989419207e+06
-5.809306128006479497e+00,2.000164709288393627e+00,1.246419391623116990e+00,1.336614556471329651e+00,8.500000000000000611e-02,3.000000000000000000e+00,4.502249959989419207e+06
-5.809124181398384934e+00,2.000459774982820793e+00,1.246831076189020227e+00,1.337062362365870838e+00,8.500000000000000611e-02,3.000000000000000000e+00,4.502249959989419207e+06
-5.809124181398384934e+00,2.000459774982820793e+00,1.246831076189020227e+00,1.337062362365870838e+00,8.500000000000000611e-02,3.000000000000000000e+00,4.502249959989419207e+06
-5.809124181398384934e+00,2.000459774982820793e+00,1.246831076189020227e+00,1.337062362365870838e+00,8.500000000000000611e-02,3.000000000000000000e+00,4.502249959989419207e+06
-5.809124181398384934e+00,2.000459774982820793e+00,1.246831076189020227e+00,1.337062362365870838e+00,8.500000000000000611e-02,3.000000000000000000e+00,4.502249959989419207e+06
-5.809124181398384934e+00,2.000459774982820793e+00,1.246831076189020227e+00,1.337062362365870838e+00,8.500000000000000611e-02,3.000000000000000000e+00,4.502249959989419207e+06
-5.809124181398384934e+00,2.000459774982820793e+00,1.246831076189020227e+00,1.337062362365870838e+00,8.500000000000000611e-02,3.000000000000000000e+00,4.502249959989419207e+06
-5.809124181398384934e+00,2.000459774982820793e+00,1.246831076189020227e+00,1.337062362365870838e+00,8.500000000000000611e-02,3.000000000000000000e+00,4.502249959989419207e+06
-5.809124181398384934e+00,2.000459774982820793e+00,1.246831076189020227e+00,1.337062362365870838e+00,8.500000000000000611e-02,3.000000000000000000e+00,4.502249959989419207e+06
-5.809124181398384934e+00,2.000459774982820793e+00,1.246831076189020227e+00,1.337062362365870838e+00,8.500000000000000611e-02,3.000000000000000000e+00,4.502249959989419207e+06
-5.809124181398384934e+00,2.000459774982820793e+00,1.246831076189020227e+00,1.337062362365870838e+00,8.500000000000000611e-02,3.000000000000000000e+00,4.502249959989419207e+06
-5.809124181398384934e+00,2.000459774982820793e+00,1.246831076189020227e+00,1.337062362365870838e+00,8.500000000000000611e-02,3.000000000000000000e+00,4.502249959989419207e+06
-5.809124181398384934e+00,2.000459774982820793e+00,1.246831076189020227e+00,1.337062362365870838e+00,8.500000000000000611e-02,3.000000000000000000e+00,4.502249959989419207e+06
-5.809124181398384934e+00,2.000459774982820793e+00,1.246831076189020227e+00,1.337062362365870838e+00,8.500000000000000611e-02,3.000000000000000000e+00,4.502249959989419207e+06
-5.809124181398384934e+00,2.000459774982820793e+00,1.246831076189020227e+00,1.337062362365870838e+00,8.500000000000000611e-02,3.000000000000000000e+00,4.502249959989419207e+06
-5.809124181398384934e+00,2.000459774982820793e+00,1.246831076189020227e+00,1.337062362365870838e+00,8.500000000000000611e-02,3.000000000000000000e+00,4.502249959989419207e+06
-5.809124181398384934e+00,2.000459774982820793e+00,1.246831076189020227e+00,1.337062362365870838e+00,8.500000000000000611e-02,3.000000000000000000e+00,4.502249959989419207e+06
-5.809072723790699833e+00,2.000539066860414827e+00,1.246946205183743883e+00,1.337186181948718522e+00,8.500000000000000611e-02,3.000000000000000000e+00,4.502249959989419207e+06
-5.809072723790699833e+00,2.000539066860414827e+00,1.246946205183743883e+00,1.337186181948718522e+00,8.500000000000000611e-02,3.000000000000000000e+00,4.502249959989419207e+06
-5.809072723790699833e+00,2.000539066860414827e+00,1.246946205183743883e+00,1.337186181948718522e+00,8.500000000000000611e-02,3.000000000000000000e+00,4.502249959989419207e+06
-5.809072723790699833e+00,2.000539066860414827e+00,1.246946205183743883e+00,1.337186181948718522e+00,8.500000000000000611e-02,3.000000000000000000e+00,4.502249959989419207e+06
-5.809033487680749452e+00,2.000599619107115590e+00,1.247035047700757238e+00,1.337281155486125472e+00,8.500000000000000611e-02,3.000000000000000000e+00,4.502249959989419207e+06
-5.809033487680749452e+00,2.000599619107115590e+00,1.247035047700757238e+00,1.337281155486125472e+00,8.500000000000000611e-02,3.000000000000000000e+00,4.502249959989419207e+06
-5.809033487680749452e+00,2.000599619107115590e+00,1.247035047700757238e+00,1.337281155486125472e+00,8.500000000000000611e-02,3.000000000000000000e+00,4.502249959989419207e+06
-5.809033487680749452e+00,2.000599619107115590e+00,1.247035047700757238e+00,1.337281155486125472e+00,8.500000000000000611e-02,3.000000000000000000e+00,4.502249959989419207e+06
-5.808869567883227170e+00,2.000874749073378034e+00,1.247462371177127327e+00,1.337762541626707824e+00,8.500000000000000611e-02,3.000000000000000000e+00,4.502249959989419207e+06
-5.808869567883227170e+00,2.000874749073378034e+00,1.247462371177127327e+00,1.337762541626707824e+00,8.500000000000000611e-02,3.000000000000000000e+00,4.502249959989419207e+06
-5.808869567883227170e+00,2.000874749073378034e+00,1.247462371177127327e+00,1.337762541626707824e+00,8.500000000000000611e-02,3.000000000000000000e+00,4.502249959989419207e+06
-5.808869567883227170e+00,2.000874749073378034e+00,1.247462371177127327e+00,1.337762541626707824e+00,8.500000000000000611e-02,3.000000000000000000e+00,4.502249959989419207e+06
-5.808869567883227170e+00,2.000874749073378034e+00,1.247462371177127327e+00,1.337762541626707824e+00,8.500000000000000611e-02,3.000000000000000000e+00,4.502249959989419207e+06
-5.808906510731375761e+00,2.000765599997807787e+00,1.247377097504917209e+00,1.337613057236791247e+00,8.500000000000000611e-02,3.000000000000000000e+00,4.502249959989419207e+06
-5.808906510731375761e+00,2.000765599997807787e+00,1.247377097504917209e+00,1.337613057236791247e+00,8.500000000000000611e-02,3.000000000000000000e+00,4.502249959989419207e+06
-5.808906510731375761e+00,2.000765599997807787e+00,1.247377097504917209e+00,1.337613057236791247e+00,8.500000000000000611e-02,3.000000000000000000e+00,4.502249959989419207e+06
-5.808906510731375761e+00,2.000765599997807787e+00,1.247377097504917209e+00,1.337613057236791247e+00,8.500000000000000611e-02,3.000000000000000000e+00,4.502249959989419207e+06
-5.808906510731375761e+00,2.000765599997807787e+00,1.247377097504917209e+00,1.337613057236791247e+00,8.500000000000000611e-02,3.000000000000000000e+00,4.502249959989419207e+06
-5.808906510731375761e+00,2.000765599997807787e+00,1.247377097504917209e+00,1.337613057236791247e+00,8.500000000000000611e-02,3.000000000000000000e+00,4.502249959989419207e+06
-5.809159840616390902e+00,2.000639480708402029e+00,1.246595963646760286e+00,1.337037504184515058e+00,8.500000000000000611e-02,3.000000000000000000e+00,4.502249959989419207e+06
-5.809159840616390902e+00,2.000639480708402029e+00,1.246595963646760286e+00,1.337037504184515058e+00,8.500000000000000611e-02,3.000000000000000000e+00,4.502249959989419207e+06
-5.809159840616390902e+00,2.000639480708402029e+00,1.246595963646760286e+00,1.337037504184515058e+00,8.500000000000000611e-02,3.000000000000000000e+00,4.502249959989419207e+06
-5.809159840616390902e+00,2.000639480708402029e+00,1.246595963646760286e+00,1.337037504184515058e+00,8.500000000000000611e-02,3.000000000000000000e+00,4.502249959989419207e+06
-5.809159840616390902e+00,2.000639480708402029e+00,1.246595963646760286e+00,1.337037504184515058e+00,8.500000000000000611e-02,3.000000000000000000e+00,4.502249959989419207e+06
-5.809159840616390902e+00,2.000639480708402029e+00,1.246595963646760286e+00,1.337037504184515058e+00,8.500000000000000611e-02,3.000000000000000000e+00,4.502249959989419207e+06
-5.809159840616390902e+00,2.000639480708402029e+00,1.246595963646760286e+00,1.337037504184515058e+00,8.500000000000000611e-02,3.000000000000000000e+00,4.502249959989419207e+06
-5.809159840616390902e+00,2.000639480708402029e+00,1.246595963646760286e+00,1.337037504184515058e+00,8.500000000000000611e-02,3.000000000000000000e+00,4.502249959989419207e+06
-5.809159840616390902e+00,2.000639480708402029e+00,1.246595963646760286e+00,1.337037504184515058e+00,8.500000000000000611e-02,3.000000000000000000e+00,4.502249959989419207e+06
-5.802754193697292173e+00,2.006765297387712810e+00,1.256957819946016519e+00,1.343553157137176157e+00,8.500000000000000611e-02,3.000000000000000000e+00,4.502249959989419207e+06
-5.798823932762620537e+00,2.009535504745070700e+00,1.261817509312719965e+00,1.345212476690300418e+00,8.500000000000000611e-02,3.000000000000000000e+00,4.502249959989419207e+06
-5.798823932762620537e+00,2.009535504745070700e+00,1.261817509312719965e+00,1.345212476690300418e+00,8.500000000000000611e-02,3.000000000000000000e+00,4.502249959989419207e+06
-5.798823932762620537e+00,2.009535504745070700e+00,1.261817509312719965e+00,1.345212476690300418e+00,8.500000000000000611e-02,3.000000000000000000e+00,4.502249959989419207e+06
-5.798823932762620537e+00,2.009535504745070700e+00,1.261817509312719965e+00,1.345212476690300418e+00,8.500000000000000611e-02,3.000000000000000000e+00,4.502249959989419207e+06
-5.798823932762620537e+00,2.009535504745070700e+00,1.261817509312719965e+00,1.345212476690300418e+00,8.500000000000000611e-02,3.000000000000000000e+00,4.502249959989419207e+06
-5.798823932762620537e+00,2.009535504745070700e+00,1.261817509312719965e+00,1.345212476690300418e+00,8.500000000000000611e-02,3.000000000000000000e+00,4.502249959989419207e+06
-5.798823932762620537e+00,2.009535504745070700e+00,1.261817509312719965e+00,1.345212476690300418e+00,8.500000000000000611e-02,3.000000000000000000e+00,4.502249959989419207e+06
-5.798823932762620537e+00,2.009535504745070700e+00,1.261817509312719965e+00,1.345212476690300418e+00,8.500000000000000611e-02,3.000000000000000000e+00,4.502249959989419207e+06
-5.798823932762620537e+00,2.009535504745070700e+00,1.261817509312719965e+00,1.345212476690300418e+00,8.500000000000000611e-02,3.000000000000000000e+00,4.502249959989419207e+06
-5.798823932762620537e+00,2.009535504745070700e+00,1.261817509312719965e+00,1.345212476690300418e+00,8.500000000000000611e-02,3.000000000000000000e+00,4.502249959989419207e+06
-5.783970579413937330e+00,2.022340621658316628e+00,1.282669736665736249e+00,1.355892676861505164e+00,8.500000000000000611e-02,3.000000000000000000e+00,4.502249959989419207e+06
-5.783970579413937330e+00,2.022340621658316628e+00,1.282669736665736249e+00,1.355892676861505164e+00,8.500000000000000611e-02,3.000000000000000000e+00,4.502249959989419207e+06
-5.783970579413937330e+00,2.022340621658316628e+00,1.282669736665736249e+00,1.355892676861505164e+00,8.500000000000000611e-02,3.000000000000000000e+00,4.502249959989419207e+06
-5.783970579413937330e+00,2.022340621658316628e+00,1.282669736665736249e+00,1.355892676861505164e+00,8.500000000000000611e-02,3.000000000000000000e+00,4.502249959989419207e+06
-5.783970579413937330e+00,2.022340621658316628e+00,1.282669736665736249e+00,1.355892676861505164e+00,8.500000000000000611e-02,3.000000000000000000e+00,4.502249959989419207e+06
-5.783970579413937330e+00,2.022340621658316628e+00,1.282669736665736249e+00,1.355892676861505164e+00,8.500000000000000611e-02,3.000000000000000000e+00,4.502249959989419207e+06
-5.783970579413937330e+00,2.022340621658316628e+00,1.282669736665736249e+00,1.355892676861505164e+00,8.500000000000000611e-02,3.000000000000000000e+00,4.502249959989419207e+06
-5.783970579413937330e+00,2.022340621658316628e+00,1.282669736665736249e+00,1.355892676861505164e+00,8.500000000000000611e-02,3.000000000000000000e+00,4.502249959989419207e+06
-5.783970579413937330e+00,2.022340621658316628e+00,1.282669736665736249e+00,1.355892676861505164e+00,8.500000000000000611e-02,3.000000000000000000e+00,4.502249959989419207e+06
-5.783970579413937330e+00,2.022340621658316628e+00,1.282669736665736249e+00,1.355892676861505164e+00,8.500000000000000611e-02,3.000000000000000000e+00,4.502249959989419207e+06
-5.783970579413937330e+00,2.022340621658316628e+00,1.282669736665736249e+00,1.355892676861505164e+00,8.500000000000000611e-02,3.000000000000000000e+00,4.502249959989419207e+06
-5.783970579413937330e+00,2.022340621658316628e+00,1.282669736665736249e+00,1.355892676861505164e+00,8.500000000000000611e-02,3.000000000000000000e+00,4.502249959989419207e+06
-5.783970579413937330e+00,2.022340621658316628e+00,1.282669736665736249e+00,1.355892676861505164e+00,8.500000000000000611e-02,3.000000000000000000e+00,4.502249959989419207e+06
-5.783970579413937330e+00,2.022340621658316628e+00,1.282669736665736249e+00,1.355892676861505164e+00,8.500000000000000611e-02,3.000000000000000000e+00,4.502249959989419207e+06
-5.783970579413937330e+00,2.022340621658316628e+00,1.282669736665736249e+00,1.355892676861505164e+00,8.500000000000000611e-02,3.000000000000000000e+00,4.502249959989419207e+06
-5.783970579413937330e+00,2.022340621658316628e+00,1.282669736665736249e+00,1.355892676861505164e+00,8.500000000000000611e-02,3.000000000000000000e+00,4.502249959989419207e+06
-5.783970579413937330e+00,2.022340621658316628e+00,1.282669736665736249e+00,1.355892676861505164e+00,8.500000000000000611e-02,3.000000000000000000e+00,4.502249959989419207e+06
-5.783970579413937330e+00,2.022340621658316628e+00,1.282669736665736249e+00,1.355892676861505164e+00,8.500000000000000611e-02,3.000000000000000000e+00,4.502249959989419207e+06
-5.783970579413937330e+00,2.022340621658316628e+00,1.282669736665736249e+00,1.355892676861505164e+00,8.500000000000000611e-02,3.000000000000000000e+00,4.502249959989419207e+06
-5.783970579413937330e+00,2.022340621658316628e+00,1.282669736665736249e+00,1.355892676861505164e+00,8.500000000000000611e-02,3.000000000000000000e+00,4.502249959989419207e+06
-5.783970579413937330e+00,2.022340621658316628e+00,1.282669736665736249e+00,1.355892676861505164e+00,8.500000000000000611e-02,3.000000000000000000e+00,4.502249959989419207e+06
-5.783970579413937330e+00,2.022340621658316628e+00,1.282669736665736249e+00,1.355892676861505164e+00,8.500000000000000611e-02,3.000000000000000000e+00,4.502249959989419207e+06
-5.783970579413937330e+00,2.022340621658316628e+00,1.282669736665736249e+00,1.355892676861505164e+00,8.500000000000000611e-02,3.000000000000000000e+00,4.502249959989419207e+06
-5.726153502446535093e+00,2.078004087720424664e+00,1.371974076410567678e+00,1.419530728700253208e+00,8.500000000000000611e-02,3.000000000000000000e+00,4.502249959989419207e+06
-5.726153502446535093e+00,2.078004087720424664e+00,1.371974076410567678e+00,1.419530728700253208e+00,8.500000000000000611e-02,3.000000000000000000e+00,4.502249959989419207e+06
-7.477587878505850938e+00,7.834791024650831215e-01,-8.976469577366307240e-01,6.119948629867564271e-01,8.500000000000000611e-02,3.000000000000000000e+00,4.502249959989419207e+06
-7.357434013819895036e+00,7.958206478124568717e-01,-7.893238938248734460e-01,5.995622988328412895e-01,8.500000000000000611e-02,3.000000000000000000e+00,4.502249959989419207e+06
-7.160488617890764296e+00,8.879858386143087978e-01,-5.843645212065986527e-01,5.719228376170785166e-01,8.500000000000000611e-02,3.000000000000000000e+00,4.502249959989419207e+06
-7.174714077432271075e+00,8.936605862788422616e-01,-6.015845646982320716e-01,5.650296951818044588e-01,8.500000000000000611e-02,3.000000000000000000e+00,4.502249959989419207e+06
-7.118298095718350815e+00,9.347279060394025896e-01,-5.265477829314705316e-01,5.471943778264294345e-01,8.500000000000000611e-02,3.000000000000000000e+00,4.502249959989419207e+06
-7.210944601935759479e+00,9.323619622597458800e-01,-6.257453938420532991e-01,5.072870967574096834e-01,8.500000000000000611e-02,3.000000000000000000e+00,4.502249959989419207e+06
-7.237783674261356381e+00,9.486742055097336923e-01,-6.366531411179967570e-01,5.031342545579622350e-01,8.500000000000000611e-02,3.000000000000000000e+00,4.502249959989419207e+06
-5.809431544434895400e+00,1.999986234122449247e+00,1.246119187305722242e+00,1.336317339032546014e+00,8.500000000000000611e-02,3.000000000000000000e+00,4.502249959989419207e+06
-5.809431544434895400e+00,1.999986234122449247e+00,1.246119187305722242e+00,1.336317339032546014e+00,8.500000000000000611e-02,3.000000000000000000e+00,4.502249959989419207e+06
-5.809431544434895400e+00,1.999986234122449247e+00,1.246119187305722242e+00,1.336317339032546014e+00,8.500000000000000611e-02,3.000000000000000000e+00,4.502249959989419207e+06
-5.809431544434895400e+00,1.999986234122449247e+00,1.246119187305722242e+00,1.336317339032546014e+00,8.500000000000000611e-02,3.000000000000000000e+00,4.502249959989419207e+06
-5.809431544434895400e+00,1.999986234122449247e+00,1.246119187305722242e+00,1.336317339032546014e+00,8.500000000000000611e-02,3.000000000000000000e+00,4.502249959989419207e+06
-5.809430679412864507e+00,1.999998224170414618e+00,1.246118438937136697e+00,1.336325932781396331e+00,8.500000000000000611e-02,3.000000000000000000e+00,4.502249959989419207e+06
-5.809450087001023277e+00,1.999999444022972694e+00,1.245998583839065699e+00,1.336298624505358967e+00,8.500000000000000611e-02,3.000000000000000000e+00,4.502249959989419207e+06
-5.809450087001023277e+00,1.999999444022972694e+00,1.245998583839065699e+00,1.336298624505358967e+00,8.500000000000000611e-02,3.000000000000000000e+00,4.502249959989419207e+06
-5.809450087001023277e+00,1.999999444022972694e+00,1.245998583839065699e+00,1.336298624505358967e+00,8.500000000000000611e-02,3.000000000000000000e+00,4.502249959989419207e+06
-5.809450087001023277e+00,1.999999444022972694e+00,1.245998583839065699e+00,1.336298624505358967e+00,8.500000000000000611e-02,3.000000000000000000e+00,4.502249959989419207e+06
-5.809450087001023277e+00,1.999999444022972694e+00,1.245998583839065699e+00,1.336298624505358967e+00,8.500000000000000611e-02,3.000000000000000000e+00,4.502249959989419207e+06
-5.809450087001023277e+00,1.999999444022972694e+00,1.245998583839065699e+00,1.336298624505358967e+00,8.500000000000000611e-02,3.000000000000000000e+00,4.502249959989419207e+06
-5.809450087001023277e+00,1.999999444022972694e+00,1.245998583839065699e+00,1.336298624505358967e+00,8.500000000000000611e-02,3.000000000000000000e+00,4.502249959989419207e+06
-5.809450087001023277e+00,1.999999444022972694e+00,1.245998583839065699e+00,1.336298624505358967e+00,8.500000000000000611e-02,3.000000000000000000e+00,4.502249959989419207e+06
-5.809450087001023277e+00,1.999999444022972694e+00,1.245998583839065699e+00,1.336298624505358967e+00,8.500000000000000611e-02,3.000000000000000000e+00,4.502249959989419207e+06
-5.809483514861462083e+00,1.999920603780859230e+00,1.245660901864521719e+00,1.336167155339577084e+00,8.500000000000000611e-02,3.000000000000000000e+00,4.502249959989419207e+06
-5.809483514861462083e+00,1.999920603780859230e+00,1.245660901864521719e+00,1.336167155339577084e+00,8.500000000000000611e-02,3.000000000000000000e+00,4.502249959989419207e+06
-5.809483514861462083e+00,1.999920603780859230e+00,1.245660901864521719e+00,1.336167155339577084e+00,8.500000000000000611e-02,3.000000000000000000e+00,4.502249959989419207e+06
-5.809483514861462083e+00,1.999920603780859230e+00,1.245660901864521719e+00,1.336167155339577084e+00,8.500000000000000611e-02,3.000000000000000000e+00,4.502249959989419207e+06
-5.809483514861462083e+00,1.999920603780859230e+00,1.245660901864521719e+00,1.336167155339577084e+00,8.500000000000000611e-02,3.000000000000000000e+00,4.502249959989419207e+06
-5.809483514861462083e+00,1.999920603780859230e+00,1.245660901864521719e+00,1.336167155339577084e+00,8.500000000000000611e-02,3.000000000000000000e+00,4.502249959989419207e+06
-5.809483514861462083e+00,1.999920603780859230e+00,1.245660901864521719e+00,1.336167155339577084e+00,8.500000000000000611e-02,3.000000000000000000e+00,4.502249959989419207e+06
-5.809483514861462083e+00,1.999920603780859230e+00,1.245660901864521719e+00,1.336167155339577084e+00,8.500000000000000611e-02,3.000000000000000000e+00,4.502249959989419207e+06
-5.809483514861462083e+00,1.999920603780859230e+00,1.245660901864521719e+00,1.336167155339577084e+00,8.500000000000000611e-02,3.000000000000000000e+00,4.502249959989419207e+06
-5.809483514861462083e+00,1.999920603780859230e+00,1.245660901864521719e+00,1.336167155339577084e+00,8.500000000000000611e-02,3.000000000000000000e+00,4.502249959989419207e+06
-5.809483514861462083e+00,1.999920603780859230e+00,1.245660901864521719e+00,1.336167155339577084e+00,8.500000000000000611e-02,3.000000000000000000e+00,4.502249959989419207e+06
-5.809483514861462083e+00,1.999920603780859230e+00,1.245660901864521719e+00,1.336167155339577084e+00,8.500000000000000611e-02,3.000000000000000000e+00,4.502249959989419207e+06
-5.809483514861462083e+00,1.999920603780859230e+00,1.245660901864521719e+00,1.336167155339577084e+00,8.500000000000000611e-02,3.000000000000000000e+00,4.502249959989419207e+06
-5.809483514861462083e+00,1.999920603780859230e+00,1.245660901864521719e+00,1.336167155339577084e+00,8.500000000000000611e-02,3.000000000000000000e+00,4.502249959989419207e+06
-5.809483514861462083e+00,1.999920603780859230e+00,1.245660901864521719e+00,1.336167155339577084e+00,8.500000000000000611e-02,3.000000000000000000e+00,4.502249959989419207e+06
-5.809483514861462083e+00,1.999920603780859230e+00,1.245660901864521719e+00,1.336167155339577084e+00,8.500000000000000611e-02,3.000000000000000000e+00,4.502249959989419207e+06
-5.809483514861462083e+00,1.999920603780859230e+00,1.245660901864521719e+00,1.336167155339577084e+00,8.500000000000000611e-02,3.000000000000000000e+00,4.502249959989419207e+06
-5.809483514861462083e+00,1.999920603780859230e+00,1.245660901864521719e+00,1.336167155339577084e+00,8.500000000000000611e-02,3.000000000000000000e+00,4.502249959989419207e+06
-5.809483514861462083e+00,1.999920603780859230e+00,1.245660901864521719e+00,1.336167155339577084e+00,8.500000000000000611e-02,3.000000000000000000e+00,4.502249959989419207e+06
-5.809483514861462083e+00,1.999920603780859230e+00,1.245660901864521719e+00,1.336167155339577084e+00,8.500000000000000611e-02,3.000000000000000000e+00,4.502249959989419207e+06
-5.812506910375867974e+00,1.997155170500009902e+00,1.241329160060093528e+00,1.333461486285904884e+00,8.500000000000000611e-02,3.000000000000000000e+00,4.502249959989419207e+06
-5.812506910375867974e+00,1.997155170500009902e+00,1.241329160060093528e+00,1.333461486285904884e+00,8.500000000000000611e-02,3.000000000000000000e+00,4.502249959989419207e+06
-5.812506910375867974e+00,1.997155170500009902e+00,1.241329160060093528e+00,1.333461486285904884e+00,8.500000000000000611e-02,3.000000000000000000e+00,4.502249959989419207e+06
-5.812506910375867974e+00,1.997155170500009902e+00,1.241329160060093528e+00,1.333461486285904884e+00,8.500000000000000611e-02,3.000000000000000000e+00,4.502249959989419207e+06
-5.812506910375867974e+00,1.997155170500009902e+00,1.241329160060093528e+00,1.333461486285904884e+00,8.500000000000000611e-02,3.000000000000000000e+00,4.502249959989419207e+06
-5.812506910375867974e+00,1.997155170500009902e+00,1.241329160060093528e+00,1.333461486285904884e+00,8.500000000000000611e-02,3.000000000000000000e+00,4.502249959989419207e+06
-5.812506910375867974e+00,1.997155170500009902e+00,1.241329160060093528e+00,1.333461486285904884e+00,8.500000000000000611e-02,3.000000000000000000e+00,4.502249959989419207e+06
-5.812506910375867974e+00,1.997155170500009902e+00,1.241329160060093528e+00,1.333461486285904884e+00,8.500000000000000611e-02,3.000000000000000000e+00,4.502249959989419207e+06
-5.816417653986234448e+00,1.993698724410430945e+00,1.234855632008918125e+00,1.329655050279338058e+00,8.500000000000000611e-02,3.000000000000000000e+00,4.502249959989419207e+06
-5.816417653986234448e+00,1.993698724410430945e+00,1.234855632008918125e+00,1.329655050279338058e+00,8.500000000000000611e-02,3.000000000000000000e+00,4.502249959989419207e+06
-5.816417653986234448e+00,1.993698724410430945e+00,1.234855632008918125e+00,1.329655050279338058e+00,8.500000000000000611e-02,3.000000000000000000e+00,4.502249959989419207e+06
-5.816417653986234448e+00,1.993698724410430945e+00,1.234855632008918125e+00,1.329655050279338058e+00,8.500000000000000611e-02,3.000000000000000000e+00,4.502249959989419207e+06
-5.816417653986234448e+00,1.993698724410430945e+00,1.234855632008918125e+00,1.329655050279338058e+00,8.500000000000000611e-02,3.000000000000000000e+00,4.502249959989419207e+06
-5.816417653986234448e+00,1.993698724410430945e+00,1.234855632008918125e+00,1.329655050279338058e+00,8.500000000000000611e-02,3.000000000000000000e+00,4.502249959989419207e+06
-5.816417653986234448e+00,1.993698724410430945e+00,1.234855632008918125e+00,1.329655050279338058e+00,8.500000000000000611e-02,3.000000000000000000e+00,4.502249959989419207e+06
-5.816417653986234448e+00,1.993698724410430945e+00,1.234855632008918125e+00,1.329655050279338058e+00,8.500000000000000611e-02,3.000000000000000000e+00,4.502249959989419207e+06
-5.816417653986234448e+00,1.993698724410430945e+00,1.234855632008918125e+00,1.329655050279338058e+00,8.500000000000000611e-02,3.000000000000000000e+00,4.502249959989419207e+06
-5.816417653986234448e+00,1.993698724410430945e+00,1.234855632008918125e+00,1.329655050279338058e+00,8.500000000000000611e-02,3.000000000000000000e+00,4.502249959989419207e+06
-5.826028242893817932e+00,1.984541223964499279e+00,1.219998696006126204e+00,1.319871311613534548e+00,8.500000000000000611e-02,3.000000000000000000e+00,4.502249959989419207e+06
-5.826028242893817932e+00,1.984541223964499279e+00,1.219998696006126204e+00,1.319871311613534548e+00,8.500000000000000611e-02,3.000000000000000000e+00,4.502249959989419207e+06
-5.826028242893817932e+00,1.984541223964499279e+00,1.219998696006126204e+00,1.319871311613534548e+00,8.500000000000000611e-02,3.000000000000000000e+00,4.502249959989419207e+06
-5.826028242893817932e+00,1.984541223964499279e+00,1.219998696006126204e+00,1.319871311613534548e+00,8.500000000000000611e-02,3.000000000000000000e+00,4.502249959989419207e+06
-5.826028242893817932e+00,1.984541223964499279e+00,1.219998696006126204e+00,1.319871311613534548e+00,8.500000000000000611e-02,3.000000000000000000e+00,4.502249959989419207e+06
-5.826028242893817932e+00,1.984541223964499279e+00,1.219998696006126204e+00,1.319871311613534548e+00,8.500000000000000611e-02,3.000000000000000000e+00,4.502249959989419207e+06
-5.826028242893817932e+00,1.984541223964499279e+00,1.219998696006126204e+00,1.319871311613534548e+00,8.500000000000000611e-02,3.000000000000000000e+00,4.502249959989419207e+06
-5.826028242893817932e+00,1.984541223964499279e+00,1.219998696006126204e+00,1.319871311613534548e+00,8.500000000000000611e-02,3.000000000000000000e+00,4.502249959989419207e+06
-5.826028242893817932e+00,1.984541223964499279e+00,1.219998696006126204e+00,1.319871311613534548e+00,8.500000000000000611e-02,3.000000000000000000e+00,4.502249959989419207e+06
-5.826028242893817932e+00,1.984541223964499279e+00,1.219998696006126204e+00,1.319871311613534548e+00,8.500000000000000611e-02,3.000000000000000000e+00,4.502249959989419207e+06
-5.826028242893817932e+00,1.984541223964499279e+00,1.219998696006126204e+00,1.319871311613534548e+00,8.500000000000000611e-02,3.000000000000000000e+00,4.502249959989419207e+06
-5.826028242893817932e+00,1.984541223964499279e+00,1.219998696006126204e+00,1.319871311613534548e+00,8.500000000000000611e-02,3.000000000000000000e+00,4.502249959989419207e+06
-5.826028242893817932e+00,1.984541223964499279e+00,1.219998696006126204e+00,1.319871311613534548e+00,8.500000000000000611e-02,3.000000000000000000e+00,4.502249959989419207e+06
-5.826028242893817932e+00,1.984541223964499279e+00,1.219998696006126204e+00,1.319871311613534548e+00,8.500000000000000611e-02,3.000000000000000000e+00,4.502249959989419207e+06
-5.826028242893817932e+00,1.984541223964499279e+00,1.219998696006126204e+00,1.319871311613534548e+00,8.500000000000000611e-02,3.000000000000000000e+00,4.502249959989419207e+06
-5.826028242893817932e+00,1.984541223964499279e+00,1.219998696006126204e+00,1.319871311613534548e+00,8.500000000000000611e-02,3.000000000000000000e+00,4.502249959989419207e+06
-5.826028242893817932e+00,1.984541223964499279e+00,1.219998696006126204e+00,1.319871311613534548e+00,8.500000000000000611e-02,3.000000000000000000e+00,4.502249959989419207e+06
-5.826028242893817932e+00,1.984541223964499279e+00,1.219998696006126204e+00,1.319871311613534548e+00,8.500000000000000611e-02,3.000000000000000000e+00,4.502249959989419207e+06
-5.844590508936282625e+00,1.969082104762411412e+00,1.191313187849671662e+00,1.303159506629241626e+00,8.500000000000000611e-02,3.000000000000000000e+00,4.502249959989419207e+06
-5.844590508936282625e+00,1.969082104762411412e+00,1.191313187849671662e+00,1.303159506629241626e+00,8.500000000000000611e-02,3.000000000000000000e+00,4.502249959989419207e+06
-5.844590508936282625e+00,1.969082104762411412e+00,1.191313187849671662e+00,1.303159506629241626e+00,8.500000000000000611e-02,3.000000000000000000e+00,4.502249959989419207e+06
-5.844590508936282625e+00,1.969082104762411412e+00,1.191313187849671662e+00,1.303159506629241626e+00,8.500000000000000611e-02,3.000000000000000000e+00,4.502249959989419207e+06
-5.943517816748692617e+00,1.860015729359427272e+00,1.014958557729719324e+00,1.151574120253069378e+00,8.500000000000000611e-02,3.000000000000000000e+00,4.502249959989419207e+06
-5.943517816748692617e+00,1.860015729359427272e+00,1.014958557729719324e+00,1.151574120253069378e+00,8.500000000000000611e-02,3.000000000000000000e+00,4.502249959989419207e+06
-5.943517816748692617e+00,1.860015729359427272e+00,1.014958557729719324e+00,1.151574120253069378e+00,8.500000000000000611e-02,3.000000000000000000e+00,4.502249959989419207e+06
-5.943517816748692617e+00,1.860015729359427272e+00,1.014958557729719324e+00,1.151574120253069378e+00,8.500000000000000611e-02,3.000000000000000000e+00,4.502249959989419207e+06
-5.943517816748692617e+00,1.860015729359427272e+00,1.014958557729719324e+00,1.151574120253069378e+00,8.500000000000000611e-02,3.000000000000000000e+00,4.502249959989419207e+06
-4.645759421189731952e+00,2.757621817836858558e+00,2.582867998116591846e+00,1.512584788907554767e+00,8.500000000000000611e-02,3.000000000000000000e+00,4.502249959989419207e+06
-4.663007922938980698e+00,2.745130446226836440e+00,2.561800224980033125e+00,1.506217217619871374e+00,8.500000000000000611e-02,3.000000000000000000e+00,4.502249959989419207e+06
-4.677524916845093195e+00,2.755769680825324475e+00,2.579599841023676454e+00,1.548473995509864309e+00,8.500000000000000611e-02,3.000000000000000000e+00,4.502249959989419207e+06
-4.779776027543283234e+00,2.638919083218381090e+00,2.402127770211440971e+00,1.388353651272139055e+00,8.500000000000000611e-02,3.000000000000000000e+00,4.502249959989419207e+06
-4.519659484371309155e+00,3.112072881113446599e+00,2.893459309897941090e+00,1.655488093942206307e+00,8.500000000000000611e-02,3.000000000000000000e+00,4.502249959989419207e+06
-4.707717570546622987e+00,2.834420216552998362e+00,2.621163682370469150e+00,1.461656909209841260e+00,8.500000000000000611e-02,3.000000000000000000e+00,4.502249959989419207e+06
-4.476465919235992352e+00,3.746804537366970500e+00,3.132421100168897077e+00,1.294235453016265192e+00,8.500000000000000611e-02,3.000000000000000000e+00,4.502249959989419207e+06
-4.717862295916821935e+00,3.520432030758363862e+00,3.297174485588907356e+00,1.440327563221002194e+00,8.500000000000000611e-02,3.000000000000000000e+00,4.502249959989419207e+06
-4.155047157638438016e+00,6.097027951449224048e+00,5.440284974746042224e+00,1.606678129941809807e+00,8.500000000000000611e-02,3.000000000000000000e+00,4.502249959989419207e+06
-4.078661799929585108e+00,6.998796135171293287e+00,6.222377680935451849e+00,1.572987306716243872e+00,8.500000000000000611e-02,3.000000000000000000e+00,4.502249959989419207e+06
-5.809348410173591049e+00,2.000121169230832940e+00,1.246369316620801859e+00,1.336594776727357381e+00,8.500000000000000611e-02,3.000000000000000000e+00,4.502249959989419207e+06
-5.809348410173591049e+00,2.000121169230832940e+00,1.246369316620801859e+00,1.336594776727357381e+00,8.500000000000000611e-02,3.000000000000000000e+00,4.502249959989419207e+06
-5.809348410173591049e+00,2.000121169230832940e+00,1.246369316620801859e+00,1.336594776727357381e+00,8.500000000000000611e-02,3.000000000000000000e+00,4.502249959989419207e+06
-5.809348410173591049e+00,2.000121169230832940e+00,1.246369316620801859e+00,1.336594776727357381e+00,8.500000000000000611e-02,3.000000000000000000e+00,4.502249959989419207e+06
-5.809348410173591049e+00,2.000121169230832940e+00,1.246369316620801859e+00,1.336594776727357381e+00,8.500000000000000611e-02,3.000000000000000000e+00,4.502249959989419207e+06
-5.809317993690565451e+00,2.000195098964140161e+00,1.246460070121697461e+00,1.336724362560608226e+00,8.500000000000000611e-02,3.000000000000000000e+00,4.502249959989419207e+06
-5.809317993690565451e+00,2.000195098964140161e+00,1.246460070121697461e+00,1.336724362560608226e+00,8.500000000000000611e-02,3.000000000000000000e+00,4.502249959989419207e+06
-5.809317993690565451e+00,2.000195098964140161e+00,1.246460070121697461e+00,1.336724362560608226e+00,8.500000000000000611e-02,3.000000000000000000e+00,4.502249959989419207e+06
-5.809347553530463948e+00,2.000131821057041126e+00,1.246373959555358457e+00,1.336611439927332112e+00,8.500000000000000611e-02,3.000000000000000000e+00,4.502249959989419207e+06
-5.809347553530463948e+00,2.000131821057041126e+00,1.246373959555358457e+00,1.336611439927332112e+00,8.500000000000000611e-02,3.000000000000000000e+00,4.502249959989419207e+06
-5.809347553530463948e+00,2.000131821057041126e+00,1.246373959555358457e+00,1.336611439927332112e+00,8.500000000000000611e-02,3.000000000000000000e+00,4.502249959989419207e+06
-5.809347553530463948e+00,2.000131821057041126e+00,1.246373959555358457e+00,1.336611439927332112e+00,8.500000000000000611e-02,3.000000000000000000e+00,4.502249959989419207e+06
-5.809347553530463948e+00,2.000131821057041126e+00,1.246373959555358457e+00,1.336611439927332112e+00,8.500000000000000611e-02,3.000000000000000000e+00,4.502249959989419207e+06
-5.809347553530463948e+00,2.000131821057041126e+00,1.246373959555358457e+00,1.336611439927332112e+00,8.500000000000000611e-02,3.000000000000000000e+00,4.502249959989419207e+06
-5.809371834681033242e+00,2.000083765494229837e+00,1.246303873902327108e+00,1.336522556186825916e+00,8.500000000000000611e-02,3.000000000000000000e+00,4.502249959989419207e+06
-5.809371834681033242e+00,2.000083765494229837e+00,1.246303873902327108e+00,1.336522556186825916e+00,8.500000000000000611e-02,3.000000000000000000e+00,4.502249959989419207e+06
-5.809371834681033242e+00,2.000083765494229837e+00,1.246303873902327108e+00,1.336522556186825916e+00,8.500000000000000611e-02,3.000000000000000000e+00,4.502249959989419207e+06
-5.809330079468126407e+00,2.000143623779064850e+00,1.246415898844439596e+00,1.336644718616395000e+00,8.500000000000000611e-02,3.000000000000000000e+00,4.502249959989419207e+06
-5.809330079468126407e+00,2.000143623779064850e+00,1.246415898844439596e+00,1.336644718616395000e+00,8.500000000000000611e-02,3.000000000000000000e+00,4.502249959989419207e+06
-5.809330079468126407e+00,2.000143623779064850e+00,1.246415898844439596e+00,1.336644718616395000e+00,8.500000000000000611e-02,3.000000000000000000e+00,4.502249959989419207e+06
-5.809231562862561482e+00,2.000225327077462811e+00,1.246548620217208247e+00,1.336895602436443564e+00,8.500000000000000611e-02,3.000000000000000000e+00,4.502249959989419207e+06
-5.809231562862561482e+00,2.000225327077462811e+00,1.246548620217208247e+00,1.336895602436443564e+00,8.500000000000000611e-02,3.000000000000000000e+00,4.502249959989419207e+06
-5.809231562862561482e+00,2.000225327077462811e+00,1.246548620217208247e+00,1.336895602436443564e+00,8.500000000000000611e-02,3.000000000000000000e+00,4.502249959989419207e+06
-5.809231562862561482e+00,2.000225327077462811e+00,1.246548620217208247e+00,1.336895602436443564e+00,8.500000000000000611e-02,3.000000000000000000e+00,4.502249959989419207e+06
-5.809231562862561482e+00,2.000225327077462811e+00,1.246548620217208247e+00,1.336895602436443564e+00,8.500000000000000611e-02,3.000000000000000000e+00,4.502249959989419207e+06
-5.809231562862561482e+00,2.000225327077462811e+00,1.246548620217208247e+00,1.336895602436443564e+00,8.500000000000000611e-02,3.000000000000000000e+00,4.502249959989419207e+06
-5.809231562862561482e+00,2.000225327077462811e+00,1.246548620217208247e+00,1.336895602436443564e+00,8.500000000000000611e-02,3.000000000000000000e+00,4.502249959989419207e+06
-5.809380076072365284e+00,1.999926207811103973e+00,1.246190813038354550e+00,1.336632436131336421e+00,8.500000000000000611e-02,3.000000000000000000e+00,4.502249959989419207e+06
-5.809380076072365284e+00,1.999926207811103973e+00,1.246190813038354550e+00,1.336632436131336421e+00,8.500000000000000611e-02,3.000000000000000000e+00,4.502249959989419207e+06
-5.809380076072365284e+00,1.999926207811103973e+00,1.246190813038354550e+00,1.336632436131336421e+00,8.500000000000000611e-02,3.000000000000000000e+00,4.502249959989419207e+06
-5.809380076072365284e+00,1.999926207811103973e+00,1.246190813038354550e+00,1.336632436131336421e+00,8.500000000000000611e-02,3.000000000000000000e+00,4.502249959989419207e+06
-5.809380076072365284e+00,1.999926207811103973e+00,1.246190813038354550e+00,1.336632436131336421e+00,8.500000000000000611e-02,3.000000000000000000e+00,4.502249959989419207e+06
-5.809380076072365284e+00,1.999926207811103973e+00,1.246190813038354550e+00,1.336632436131336421e+00,8.500000000000000611e-02,3.000000000000000000e+00,4.502249959989419207e+06
-5.809174273153379531e+00,1.999569816625537566e+00,1.246656585547965879e+00,1.336739353314075673e+00,8.500000000000000611e-02,3.000000000000000000e+00,4.502249959989419207e+06
-5.808903053168910091e+00,1.999873348721755262e+00,1.247691161831852469e+00,1.338042426283759800e+00,8.500000000000000611e-02,3.000000000000000000e+00,4.502249959989419207e+06
-5.808903053168910091e+00,1.999873348721755262e+00,1.247691161831852469e+00,1.338042426283759800e+00,8.500000000000000611e-02,3.000000000000000000e+00,4.502249959989419207e+06
-5.808903053168910091e+00,1.999873348721755262e+00,1.247691161831852469e+00,1.338042426283759800e+00,8.500000000000000611e-02,3.000000000000000000e+00,4.502249959989419207e+06
-5.808903053168910091e+00,1.999873348721755262e+00,1.247691161831852469e+00,1.338042426283759800e+00,8.500000000000000611e-02,3.000000000000000000e+00,4.502249959989419207e+06
-5.808903053168910091e+00,1.999873348721755262e+00,1.247691161831852469e+00,1.338042426283759800e+00,8.500000000000000611e-02,3.000000000000000000e+00,4.502249959989419207e+06
-5.808903053168910091e+00,1.999873348721755262e+00,1.247691161831852469e+00,1.338042426283759800e+00,8.500000000000000611e-02,3.000000000000000000e+00,4.502249959989419207e+06
-5.808903053168910091e+00,1.999873348721755262e+00,1.247691161831852469e+00,1.338042426283759800e+00,8.500000000000000611e-02,3.000000000000000000e+00,4.502249959989419207e+06
-5.807775596024954190e+00,2.000256322026439992e+00,1.250718348919116707e+00,1.341547629449689527e+00,8.500000000000000611e-02,3.000000000000000000e+00,4.502249959989419207e+06
-5.807775596024954190e+00,2.000256322026439992e+00,1.250718348919116707e+00,1.341547629449689527e+00,8.500000000000000611e-02,3.000000000000000000e+00,4.502249959989419207e+06
-5.807775596024954190e+00,2.000256322026439992e+00,1.250718348919116707e+00,1.341547629449689527e+00,8.500000000000000611e-02,3.000000000000000000e+00,4.502249959989419207e+06
-5.807775596024954190e+00,2.000256322026439992e+00,1.250718348919116707e+00,1.341547629449689527e+00,8.500000000000000611e-02,3.000000000000000000e+00,4.502249959989419207e+06
-5.807361911408940536e+00,2.000451138419092167e+00,1.251909615759077665e+00,1.342995058797982644e+00,8.500000000000000611e-02,3.000000000000000000e+00,4.502249959989419207e+06
-5.807361911408940536e+00,2.000451138419092167e+00,1.251909615759077665e+00,1.342995058797982644e+00,8.500000000000000611e-02,3.000000000000000000e+00,4.502249959989419207e+06
-5.802678718224263399e+00,2.002302701093925386e+00,1.262628739438763192e+00,1.353753497325718813e+00,8.500000000000000611e-02,3.000000000000000000e+00,4.502249959989419207e+06
-5.802678718224263399e+00,2.002302701093925386e+00,1.262628739438763192e+00,1.353753497325718813e+00,8.500000000000000611e-02,3.000000000000000000e+00,4.502249959989419207e+06
-5.802678718224263399e+00,2.002302701093925386e+00,1.262628739438763192e+00,1.353753497325718813e+00,8.500000000000000611e-02,3.000000000000000000e+00,4.502249959989419207e+06
-5.802678718224263399e+00,2.002302701093925386e+00,1.262628739438763192e+00,1.353753497325718813e+00,8.500000000000000611e-02,3.000000000000000000e+00,4.502249959989419207e+06
-5.802678718224263399e+00,2.002302701093925386e+00,1.262628739438763192e+00,1.353753497325718813e+00,8.500000000000000611e-02,3.000000000000000000e+00,4.502249959989419207e+06
-5.802678718224263399e+00,2.002302701093925386e+00,1.262628739438763192e+00,1.353753497325718813e+00,8.500000000000000611e-02,3.000000000000000000e+00,4.502249959989419207e+06
-5.802678718224263399e+00,2.002302701093925386e+00,1.262628739438763192e+00,1.353753497325718813e+00,8.500000000000000611e-02,3.000000000000000000e+00,4.502249959989419207e+06
-5.802678718224263399e+00,2.002302701093925386e+00,1.262628739438763192e+00,1.353753497325718813e+00,8.500000000000000611e-02,3.000000000000000000e+00,4.502249959989419207e+06
-5.802678718224263399e+00,2.002302701093925386e+00,1.262628739438763192e+00,1.353753497325718813e+00,8.500000000000000611e-02,3.000000000000000000e+00,4.502249959989419207e+06
-5.802678718224263399e+00,2.002302701093925386e+00,1.262628739438763192e+00,1.353753497325718813e+00,8.500000000000000611e-02,3.000000000000000000e+00,4.502249959989419207e+06
-5.802678718224263399e+00,2.002302701093925386e+00,1.262628739438763192e+00,1.353753497325718813e+00,8.500000000000000611e-02,3.000000000000000000e+00,4.502249959989419207e+06
-5.804231285275433194e+00,2.001788824523961452e+00,1.258779443257977082e+00,1.349745568390684269e+00,8.500000000000000611e-02,3.000000000000000000e+00,4.502249959989419207e+06
-5.804231285275433194e+00,2.001788824523961452e+00,1.258779443257977082e+00,1.349745568390684269e+00,8.500000000000000611e-02,3.000000000000000000e+00,4.502249959989419207e+06
-5.804231285275433194e+00,2.001788824523961452e+00,1.258779443257977082e+00,1.349745568390684269e+00,8.500000000000000611e-02,3.000000000000000000e+00,4.502249959989419207e+06
-5.804231285275433194e+00,2.001788824523961452e+00,1.258779443257977082e+00,1.349745568390684269e+00,8.500000000000000611e-02,3.000000000000000000e+00,4.502249959989419207e+06
-5.804231285275433194e+00,2.001788824523961452e+00,1.258779443257977082e+00,1.349745568390684269e+00,8.500000000000000611e-02,3.000000000000000000e+00,4.502249959989419207e+06
-5.804231285275433194e+00,2.001788824523961452e+00,1.258779443257977082e+00,1.349745568390684269e+00,8.500000000000000611e-02,3.000000000000000000e+00,4.502249959989419207e+06
-5.804231285275433194e+00,2.001788824523961452e+00,1.258779443257977082e+00,1.349745568390684269e+00,8.500000000000000611e-02,3.000000000000000000e+00,4.502249959989419207e+06
-5.804231285275433194e+00,2.001788824523961452e+00,1.258779443257977082e+00,1.349745568390684269e+00,8.500000000000000611e-02,3.000000000000000000e+00,4.502249959989419207e+06
-5.804231285275433194e+00,2.001788824523961452e+00,1.258779443257977082e+00,1.349745568390684269e+00,8.500000000000000611e-02,3.000000000000000000e+00,4.502249959989419207e+06
-5.804231285275433194e+00,2.001788824523961452e+00,1.258779443257977082e+00,1.349745568390684269e+00,8.500000000000000611e-02,3.000000000000000000e+00,4.502249959989419207e+06
-5.804231285275433194e+00,2.001788824523961452e+00,1.258779443257977082e+00,1.349745568390684269e+00,8.500000000000000611e-02,3.000000000000000000e+00,4.502249959989419207e+06
-5.820491214497873322e+00,1.980122529904393414e+00,1.228230257015806792e+00,1.320897341407124115e+00,8.500000000000000611e-02,3.000000000000000000e+00,4.502249959989419207e+06
-5.820491214497873322e+00,1.980122529904393414e+00,1.228230257015806792e+00,1.320897341407124115e+00,8.500000000000000611e-02,3.000000000000000000e+00,4.502249959989419207e+06
-5.820491214497873322e+00,1.980122529904393414e+00,1.228230257015806792e+00,1.320897341407124115e+00,8.500000000000000611e-02,3.000000000000000000e+00,4.502249959989419207e+06
-5.820491214497873322e+00,1.980122529904393414e+00,1.228230257015806792e+00,1.320897341407124115e+00,8.500000000000000611e-02,3.000000000000000000e+00,4.502249959989419207e+06
-5.820491214497873322e+00,1.980122529904393414e+00,1.228230257015806792e+00,1.320897341407124115e+00,8.500000000000000611e-02,3.000000000000000000e+00,4.502249959989419207e+06
-5.886347652017394516e+00,1.908190228265397081e+00,1.104842571548855901e+00,1.209581691938139247e+00,8.500000000000000611e-02,3.000000000000000000e+00,4.502249959989419207e+06
-5.886347652017394516e+00,1.908190228265397081e+00,1.104842571548855901e+00,1.209581691938139247e+00,8.500000000000000611e-02,3.000000000000000000e+00,4.502249959989419207e+06
-5.886347652017394516e+00,1.908190228265397081e+00,1.104842571548855901e+00,1.209581691938139247e+00,8.500000000000000611e-02,3.000000000000000000e+00,4.502249959989419207e+06
-5.886347652017394516e+00,1.908190228265397081e+00,1.104842571548855901e+00,1.209581691938139247e+00,8.500000000000000611e-02,3.000000000000000000e+00,4.502249959989419207e+06
-5.886347652017394516e+00,1.908190228265397081e+00,1.104842571548855901e+00,1.209581691938139247e+00,8.500000000000000611e-02,3.000000000000000000e+00,4.502249959989419207e+06
-5.924540877978171416e+00,1.861638291493310948e+00,1.035077289257657629e+00,1.145708024545439629e+00,8.500000000000000611e-02,3.000000000000000000e+00,4.502249959989419207e+06
-7.998002891528583014e+00,3.484880141985735591e-02,-1.892850401372539348e+00,-3.618518172627833707e-01,8.500000000000000611e-02,3.000000000000000000e+00,4.502249959989419207e+06
-7.998002891528583014e+00,3.484880141985735591e-02,-1.892850401372539348e+00,-3.618518172627833707e-01,8.500000000000000611e-02,3.000000000000000000e+00,4.502249959989419207e+06
-7.998002891528583014e+00,3.484880141985735591e-02,-1.892850401372539348e+00,-3.618518172627833707e-01,8.500000000000000611e-02,3.000000000000000000e+00,4.502249959989419207e+06
-7.998002891528583014e+00,3.484880141985735591e-02,-1.892850401372539348e+00,-3.618518172627833707e-01,8.500000000000000611e-02,3.000000000000000000e+00,4.502249959989419207e+06
-7.998002891528583014e+00,3.484880141985735591e-02,-1.892850401372539348e+00,-3.618518172627833707e-01,8.500000000000000611e-02,3.000000000000000000e+00,4.502249959989419207e+06
-7.998002891528583014e+00,3.484880141985735591e-02,-1.892850401372539348e+00,-3.618518172627833707e-01,8.500000000000000611e-02,3.000000000000000000e+00,4.502249959989419207e+06
-7.998002891528583014e+00,3.484880141985735591e-02,-1.892850401372539348e+00,-3.618518172627833707e-01,8.500000000000000611e-02,3.000000000000000000e+00,4.502249959989419207e+06
-7.998002891528583014e+00,3.484880141985735591e-02,-1.892850401372539348e+00,-3.618518172627833707e-01,8.500000000000000611e-02,3.000000000000000000e+00,4.502249959989419207e+06
-7.998002891528583014e+00,3.484880141985735591e-02,-1.892850401372539348e+00,-3.618518172627833707e-01,8.500000000000000611e-02,3.000000000000000000e+00,4.502249959989419207e+06
-7.998002891528583014e+00,3.484880141985735591e-02,-1.892850401372539348e+00,-3.618518172627833707e-01,8.500000000000000611e-02,3.000000000000000000e+00,4.502249959989419207e+06
-5.809436918188258581e+00,1.999960620485451868e+00,1.246127424466096256e+00,1.336298275204474306e+00,8.500000000000000611e-02,3.000000000000000000e+00,4.502249959989419207e+06
-5.809436918188258581e+00,1.999960620485451868e+00,1.246127424466096256e+00,1.336298275204474306e+00,8.500000000000000611e-02,3.000000000000000000e+00,4.502249959989419207e+06
-5.809436918188258581e+00,1.999960620485451868e+00,1.246127424466096256e+00,1.336298275204474306e+00,8.500000000000000611e-02,3.000000000000000000e+00,4.502249959989419207e+06
-5.809434176616403711e+00,1.999962824813225737e+00,1.246126666026044383e+00,1.336300197785979416e+00,8.500000000000000611e-02,3.000000000000000000e+00,4.502249959989419207e+06
-5.809434497054373203e+00,1.999963918247176897e+00,1.246126559071482509e+00,1.336300936257408090e+00,8.500000000000000611e-02,3.000000000000000000e+00,4.502249959989419207e+06
-5.809438129335298129e+00,1.999931278003110657e+00,1.246134284943340331e+00,1.336277153406903340e+00,8.500000000000000611e-02,3.000000000000000000e+00,4.502249959989419207e+06
-5.809438129335298129e+00,1.999931278003110657e+00,1.246134284943340331e+00,1.336277153406903340e+00,8.500000000000000611e-02,3.000000000000000000e+00,4.502249959989419207e+06
-5.809453698854010639e+00,1.999965848436872529e+00,1.246131397168494193e+00,1.336299842346431399e+00,8.500000000000000611e-02,3.000000000000000000e+00,4.502249959989419207e+06
-5.809453698854010639e+00,1.999965848436872529e+00,1.246131397168494193e+00,1.336299842346431399e+00,8.500000000000000611e-02,3.000000000000000000e+00,4.502249959989419207e+06
-5.809453698854010639e+00,1.999965848436872529e+00,1.246131397168494193e+00,1.336299842346431399e+00,8.500000000000000611e-02,3.000000000000000000e+00,4.502249959989419207e+06
-5.809453698854010639e+00,1.999965848436872529e+00,1.246131397168494193e+00,1.336299842346431399e+00,8.500000000000000611e-02,3.000000000000000000e+00,4.502249959989419207e+06
-5.809453698854010639e+00,1.999965848436872529e+00,1.246131397168494193e+00,1.336299842346431399e+00,8.500000000000000611e-02,3.000000000000000000e+00,4.502249959989419207e+06
-5.809453698854010639e+00,1.999965848436872529e+00,1.246131397168494193e+00,1.336299842346431399e+00,8.500000000000000611e-02,3.000000000000000000e+00,4.502249959989419207e+06
-5.809453698854010639e+00,1.999965848436872529e+00,1.246131397168494193e+00,1.336299842346431399e+00,8.500000000000000611e-02,3.000000000000000000e+00,4.502249959989419207e+06
-5.809392259231878519e+00,2.000072966338011682e+00,1.246301329105633737e+00,1.336530786606255683e+00,8.500000000000000611e-02,3.000000000000000000e+00,4.502249959989419207e+06
-5.809392259231878519e+00,2.000072966338011682e+00,1.246301329105633737e+00,1.336530786606255683e+00,8.500000000000000611e-02,3.000000000000000000e+00,4.502249959989419207e+06
-5.809925505309723626e+00,1.999687678329484131e+00,1.245634137209987280e+00,1.336220456091533393e+00,8.500000000000000611e-02,3.000000000000000000e+00,4.502249959989419207e+06
-5.810539917874685045e+00,1.999233479752071219e+00,1.244849318568985952e+00,1.335856324645078086e+00,8.500000000000000611e-02,3.000000000000000000e+00,4.502249959989419207e+06
-5.810935682479662745e+00,1.998957743043132229e+00,1.244374065356155024e+00,1.335657008261927681e+00,8.500000000000000611e-02,3.000000000000000000e+00,4.502249959989419207e+06
-5.810935682479662745e+00,1.998957743043132229e+00,1.244374065356155024e+00,1.335657008261927681e+00,8.500000000000000611e-02,3.000000000000000000e+00,4.502249959989419207e+06
-5.810858941514822185e+00,1.998987742413699031e+00,1.244439786391585034e+00,1.335644689353844949e+00,8.500000000000000611e-02,3.000000000000000000e+00,4.502249959989419207e+06
-5.810858941514822185e+00,1.998987742413699031e+00,1.244439786391585034e+00,1.335644689353844949e+00,8.500000000000000611e-02,3.000000000000000000e+00,4.502249959989419207e+06
-5.810858941514822185e+00,1.998987742413699031e+00,1.244439786391585034e+00,1.335644689353844949e+00,8.500000000000000611e-02,3.000000000000000000e+00,4.502249959989419207e+06
-5.810858941514822185e+00,1.998987742413699031e+00,1.244439786391585034e+00,1.335644689353844949e+00,8.500000000000000611e-02,3.000000000000000000e+00,4.502249959989419207e+06
-5.810697870668652953e+00,1.999060337400204501e+00,1.244645802036099980e+00,1.335719802820947821e+00,8.500000000000000611e-02,3.000000000000000000e+00,4.502249959989419207e+06
-5.810697870668652953e+00,1.999060337400204501e+00,1.244645802036099980e+00,1.335719802820947821e+00,8.500000000000000611e-02,3.000000000000000000e+00,4.502249959989419207e+06
-5.810697870668652953e+00,1.999060337400204501e+00,1.244645802036099980e+00,1.335719802820947821e+00,8.500000000000000611e-02,3.000000000000000000e+00,4.502249959989419207e+06
-5.810697870668652953e+00,1.999060337400204501e+00,1.244645802036099980e+00,1.335719802820947821e+00,8.500000000000000611e-02,3.000000000000000000e+00,4.502249959989419207e+06
-5.810697870668652953e+00,1.999060337400204501e+00,1.244645802036099980e+00,1.335719802820947821e+00,8.500000000000000611e-02,3.000000000000000000e+00,4.502249959989419207e+06
-5.810697870668652953e+00,1.999060337400204501e+00,1.244645802036099980e+00,1.335719802820947821e+00,8.500000000000000611e-02,3.000000000000000000e+00,4.502249959989419207e+06
-5.810697870668652953e+00,1.999060337400204501e+00,1.244645802036099980e+00,1.335719802820947821e+00,8.500000000000000611e-02,3.000000000000000000e+00,4.502249959989419207e+06
-5.810697870668652953e+00,1.999060337400204501e+00,1.244645802036099980e+00,1.335719802820947821e+00,8.500000000000000611e-02,3.000000000000000000e+00,4.502249959989419207e+06
-5.810697870668652953e+00,1.999060337400204501e+00,1.244645802036099980e+00,1.335719802820947821e+00,8.500000000000000611e-02,3.000000000000000000e+00,4.502249959989419207e+06
-5.810697870668652953e+00,1.999060337400204501e+00,1.244645802036099980e+00,1.335719802820947821e+00,8.500000000000000611e-02,3.000000000000000000e+00,4.502249959989419207e+06
-5.810697870668652953e+00,1.999060337400204501e+00,1.244645802036099980e+00,1.335719802820947821e+00,8.500000000000000611e-02,3.000000000000000000e+00,4.502249959989419207e+06
-5.810697870668652953e+00,1.999060337400204501e+00,1.244645802036099980e+00,1.335719802820947821e+00,8.500000000000000611e-02,3.000000000000000000e+00,4.502249959989419207e+06
-5.810697870668652953e+00,1.999060337400204501e+00,1.244645802036099980e+00,1.335719802820947821e+00,8.500000000000000611e-02,3.000000000000000000e+00,4.502249959989419207e+06
-5.810697870668652953e+00,1.999060337400204501e+00,1.244645802036099980e+00,1.335719802820947821e+00,8.500000000000000611e-02,3.000000000000000000e+00,4.502249959989419207e+06
-5.810697870668652953e+00,1.999060337400204501e+00,1.244645802036099980e+00,1.335719802820947821e+00,8.500000000000000611e-02,3.000000000000000000e+00,4.502249959989419207e+06
-5.810697870668652953e+00,1.999060337400204501e+00,1.244645802036099980e+00,1.335719802820947821e+00,8.500000000000000611e-02,3.000000000000000000e+00,4.502249959989419207e+06
-5.810697870668652953e+00,1.999060337400204501e+00,1.244645802036099980e+00,1.335719802820947821e+00,8.500000000000000611e-02,3.000000000000000000e+00,4.502249959989419207e+06
-5.810697870668652953e+00,1.999060337400204501e+00,1.244645802036099980e+00,1.335719802820947821e+00,8.500000000000000611e-02,3.000000000000000000e+00,4.502249959989419207e+06
-5.810697870668652953e+00,1.999060337400204501e+00,1.244645802036099980e+00,1.335719802820947821e+00,8.500000000000000611e-02,3.000000000000000000e+00,4.502249959989419207e+06
-5.810697870668652953e+00,1.999060337400204501e+00,1.244645802036099980e+00,1.335719802820947821e+00,8.500000000000000611e-02,3.000000000000000000e+00,4.502249959989419207e+06
-5.810697870668652953e+00,1.999060337400204501e+00,1.244645802036099980e+00,1.335719802820947821e+00,8.500000000000000611e-02,3.000000000000000000e+00,4.502249959989419207e+06
-5.810697870668652953e+00,1.999060337400204501e+00,1.244645802036099980e+00,1.335719802820947821e+00,8.500000000000000611e-02,3.000000000000000000e+00,4.502249959989419207e+06
-5.810697870668652953e+00,1.999060337400204501e+00,1.244645802036099980e+00,1.335719802820947821e+00,8.500000000000000611e-02,3.000000000000000000e+00,4.502249959989419207e+06
-5.810697870668652953e+00,1.999060337400204501e+00,1.244645802036099980e+00,1.335719802820947821e+00,8.500000000000000611e-02,3.000000000000000000e+00,4.502249959989419207e+06
-5.810697870668652953e+00,1.999060337400204501e+00,1.244645802036099980e+00,1.335719802820947821e+00,8.500000000000000611e-02,3.000000000000000000e+00,4.502249959989419207e+06
-5.810697870668652953e+00,1.999060337400204501e+00,1.244645802036099980e+00,1.335719802820947821e+00,8.500000000000000611e-02,3.000000000000000000e+00,4.502249959989419207e+06
-5.810697870668652953e+00,1.999060337400204501e+00,1.244645802036099980e+00,1.335719802820947821e+00,8.500000000000000611e-02,3.000000000000000000e+00,4.502249959989419207e+06
-5.810697870668652953e+00,1.999060337400204501e+00,1.244645802036099980e+00,1.335719802820947821e+00,8.500000000000000611e-02,3.000000000000000000e+00,4.502249959989419207e+06
-5.805190479285021077e+00,2.003703016812348192e+00,1.251440967599138698e+00,1.339775451971977338e+00,8.500000000000000611e-02,3.000000000000000000e+00,4.502249959989419207e+06
-5.805190479285021077e+00,2.003703016812348192e+00,1.251440967599138698e+00,1.339775451971977338e+00,8.500000000000000611e-02,3.000000000000000000e+00,4.502249959989419207e+06
-5.805190479285021077e+00,2.003703016812348192e+00,1.251440967599138698e+00,1.339775451971977338e+00,8.500000000000000611e-02,3.000000000000000000e+00,4.502249959989419207e+06
-5.805190479285021077e+00,2.003703016812348192e+00,1.251440967599138698e+00,1.339775451971977338e+00,8.500000000000000611e-02,3.000000000000000000e+00,4.502249959989419207e+06
-5.805190479285021077e+00,2.003703016812348192e+00,1.251440967599138698e+00,1.339775451971977338e+00,8.500000000000000611e-02,3.000000000000000000e+00,4.502249959989419207e+06
-5.805190479285021077e+00,2.003703016812348192e+00,1.251440967599138698e+00,1.339775451971977338e+00,8.500000000000000611e-02,3.000000000000000000e+00,4.502249959989419207e+06
-5.804638902053855354e+00,2.004210107090944160e+00,1.251908408387468752e+00,1.339938455774491111e+00,8.500000000000000611e-02,3.000000000000000000e+00,4.502249959989419207e+06
-5.804638902053855354e+00,2.004210107090944160e+00,1.251908408387468752e+00,1.339938455774491111e+00,8.500000000000000611e-02,3.000000000000000000e+00,4.502249959989419207e+06
-5.804638902053855354e+00,2.004210107090944160e+00,1.251908408387468752e+00,1.339938455774491111e+00,8.500000000000000611e-02,3.000000000000000000e+00,4.502249959989419207e+06
-5.804638902053855354e+00,2.004210107090944160e+00,1.251908408387468752e+00,1.339938455774491111e+00,8.500000000000000611e-02,3.000000000000000000e+00,4.502249959989419207e+06
-5.804638902053855354e+00,2.004210107090944160e+00,1.251908408387468752e+00,1.339938455774491111e+00,8.500000000000000611e-02,3.000000000000000000e+00,4.502249959989419207e+06
-5.804638902053855354e+00,2.004210107090944160e+00,1.251908408387468752e+00,1.339938455774491111e+00,8.500000000000000611e-02,3.000000000000000000e+00,4.502249959989419207e+06
-5.804638902053855354e+00,2.004210107090944160e+00,1.251908408387468752e+00,1.339938455774491111e+00,8.500000000000000611e-02,3.000000000000000000e+00,4.502249959989419207e+06
-5.804638902053855354e+00,2.004210107090944160e+00,1.251908408387468752e+00,1.339938455774491111e+00,8.500000000000000611e-02,3.000000000000000000e+00,4.502249959989419207e+06
-5.804638902053855354e+00,2.004210107090944160e+00,1.251908408387468752e+00,1.339938455774491111e+00,8.500000000000000611e-02,3.000000000000000000e+00,4.502249959989419207e+06
-5.804638902053855354e+00,2.004210107090944160e+00,1.251908408387468752e+00,1.339938455774491111e+00,8.500000000000000611e-02,3.000000000000000000e+00,4.502249959989419207e+06
-5.804638902053855354e+00,2.004210107090944160e+00,1.251908408387468752e+00,1.339938455774491111e+00,8.500000000000000611e-02,3.000000000000000000e+00,4.502249959989419207e+06
-5.804638902053855354e+00,2.004210107090944160e+00,1.251908408387468752e+00,1.339938455774491111e+00,8.500000000000000611e-02,3.000000000000000000e+00,4.502249959989419207e+06
-5.804638902053855354e+00,2.004210107090944160e+00,1.251908408387468752e+00,1.339938455774491111e+00,8.500000000000000611e-02,3.000000000000000000e+00,4.502249959989419207e+06
-5.804638902053855354e+00,2.004210107090944160e+00,1.251908408387468752e+00,1.339938455774491111e+00,8.500000000000000611e-02,3.000000000000000000e+00,4.502249959989419207e+06
-5.804638902053855354e+00,2.004210107090944160e+00,1.251908408387468752e+00,1.339938455774491111e+00,8.500000000000000611e-02,3.000000000000000000e+00,4.502249959989419207e+06
-5.804638902053855354e+00,2.004210107090944160e+00,1.251908408387468752e+00,1.339938455774491111e+00,8.500000000000000611e-02,3.000000000000000000e+00,4.502249959989419207e+06
-5.804638902053855354e+00,2.004210107090944160e+00,1.251908408387468752e+00,1.339938455774491111e+00,8.500000000000000611e-02,3.000000000000000000e+00,4.502249959989419207e+06
-5.804638902053855354e+00,2.004210107090944160e+00,1.251908408387468752e+00,1.339938455774491111e+00,8.500000000000000611e-02,3.000000000000000000e+00,4.502249959989419207e+06
-5.804638902053855354e+00,2.004210107090944160e+00,1.251908408387468752e+00,1.339938455774491111e+00,8.500000000000000611e-02,3.000000000000000000e+00,4.502249959989419207e+06
-5.804638902053855354e+00,2.004210107090944160e+00,1.251908408387468752e+00,1.339938455774491111e+00,8.500000000000000611e-02,3.000000000000000000e+00,4.502249959989419207e+06
-5.802786620052660105e+00,2.005795409426367915e+00,1.253871927847778345e+00,1.341109795071435684e+00,8.500000000000000611e-02,3.000000000000000000e+00,4.502249959989419207e+06
-5.825221112799189527e+00,1.986727742571353872e+00,1.222184006785715038e+00,1.324182562974263178e+00,8.500000000000000611e-02,3.000000000000000000e+00,4.502249959989419207e+06
-5.825221112799189527e+00,1.986727742571353872e+00,1.222184006785715038e+00,1.324182562974263178e+00,8.500000000000000611e-02,3.000000000000000000e+00,4.502249959989419207e+06
-5.825221112799189527e+00,1.986727742571353872e+00,1.222184006785715038e+00,1.324182562974263178e+00,8.500000000000000611e-02,3.000000000000000000e+00,4.502249959989419207e+06
-4.180353076692799874e+00,3.349377053792958581e+00,3.418051200809196555e+00,2.347616200315766122e+00,8.500000000000000611e-02,3.000000000000000000e+00,4.502249959989419207e+06
-4.352482444869188782e+00,3.645339517392947926e+00,3.454628575080292308e+00,1.898171057864982858e+00,8.500000000000000611e-02,3.000000000000000000e+00,4.502249959989419207e+06
-4.489605351130523836e+00,3.670096059300588909e+00,3.293029029117512607e+00,1.579624211211417162e+00,8.500000000000000611e-02,3.000000000000000000e+00,4.502249959989419207e+06
-4.435335682065564278e+00,3.429755490443073818e+00,3.280804660970948916e+00,1.813072364769034328e+00,8.500000000000000611e-02,3.000000000000000000e+00,4.502249959989419207e+06
-5.168422549273683941e+00,2.013286525906841540e+00,2.585104796953800133e+00,1.760172465191645941e+00,8.500000000000000611e-02,3.000000000000000000e+00,4.502249959989419207e+06
-4.571529534654102278e+00,3.339417211019524157e+00,3.364542878135333481e+00,1.857883736243913564e+00,8.500000000000000611e-02,3.000000000000000000e+00,4.502249959989419207e+06
-4.571529534654102278e+00,3.339417211019524157e+00,3.364542878135333481e+00,1.857883736243913564e+00,8.500000000000000611e-02,3.000000000000000000e+00,4.502249959989419207e+06
-4.767965235646617117e+00,3.344998985117144219e+00,3.318600356224939762e+00,1.624636934967483404e+00,8.500000000000000611e-02,3.000000000000000000e+00,4.502249959989419207e+06
-5.809428746001551680e+00,1.999970005601156453e+00,1.246173808295306218e+00,1.336320374341417816e+00,8.500000000000000611e-02,3.000000000000000000e+00,4.502249959989419207e+06
-5.809428746001551680e+00,1.999970005601156453e+00,1.246173808295306218e+00,1.336320374341417816e+00,8.500000000000000611e-02,3.000000000000000000e+00,4.502249959989419207e+06
-5.809428746001551680e+00,1.999970005601156453e+00,1.246173808295306218e+00,1.336320374341417816e+00,8.500000000000000611e-02,3.000000000000000000e+00,4.502249959989419207e+06
-5.809428746001551680e+00,1.999970005601156453e+00,1.246173808295306218e+00,1.336320374341417816e+00,8.500000000000000611e-02,3.000000000000000000e+00,4.502249959989419207e+06
-5.809428746001551680e+00,1.999970005601156453e+00,1.246173808295306218e+00,1.336320374341417816e+00,8.500000000000000611e-02,3.000000000000000000e+00,4.502249959989419207e+06
-5.809413011108868652e+00,1.999997113639541357e+00,1.246227552768842672e+00,1.336350793723347641e+00,8.500000000000000611e-02,3.000000000000000000e+00,4.502249959989419207e+06
-5.809413011108868652e+00,1.999997113639541357e+00,1.246227552768842672e+00,1.336350793723347641e+00,8.500000000000000611e-02,3.000000000000000000e+00,4.502249959989419207e+06
-5.809413011108868652e+00,1.999997113639541357e+00,1.246227552768842672e+00,1.336350793723347641e+00,8.500000000000000611e-02,3.000000000000000000e+00,4.502249959989419207e+06
-5.809413011108868652e+00,1.999997113639541357e+00,1.246227552768842672e+00,1.336350793723347641e+00,8.500000000000000611e-02,3.000000000000000000e+00,4.502249959989419207e+06
-5.809413011108868652e+00,1.999997113639541357e+00,1.246227552768842672e+00,1.336350793723347641e+00,8.500000000000000611e-02,3.000000000000000000e+00,4.502249959989419207e+06
-5.809413011108868652e+00,1.999997113639541357e+00,1.246227552768842672e+00,1.336350793723347641e+00,8.500000000000000611e-02,3.000000000000000000e+00,4.502249959989419207e+06
-5.809370157184236660e+00,2.000046271979952106e+00,1.246357701170976995e+00,1.336453377313470803e+00,8.500000000000000611e-02,3.000000000000000000e+00,4.502249959989419207e+06
-5.809370157184236660e+00,2.000046271979952106e+00,1.246357701170976995e+00,1.336453377313470803e+00,8.500000000000000611e-02,3.000000000000000000e+00,4.502249959989419207e+06
-5.809370157184236660e+00,2.000046271979952106e+00,1.246357701170976995e+00,1.336453377313470803e+00,8.500000000000000611e-02,3.000000000000000000e+00,4.502249959989419207e+06
-5.809370157184236660e+00,2.000046271979952106e+00,1.246357701170976995e+00,1.336453377313470803e+00,8.500000000000000611e-02,3.000000000000000000e+00,4.502249959989419207e+06
-5.809370157184236660e+00,2.000046271979952106e+00,1.246357701170976995e+00,1.336453377313470803e+00,8.500000000000000611e-02,3.000000000000000000e+00,4.502249959989419207e+06
-5.809370157184236660e+00,2.000046271979952106e+00,1.246357701170976995e+00,1.336453377313470803e+00,8.500000000000000611e-02,3.000000000000000000e+00,4.502249959989419207e+06
-5.809373334594962301e+00,2.000042627127364803e+00,1.246348051298009185e+00,1.336445771237660063e+00,8.500000000000000611e-02,3.000000000000000000e+00,4.502249959989419207e+06
-5.809186962732609594e+00,2.000019563045967619e+00,1.246725749089811153e+00,1.336566221727060633e+00,8.500000000000000611e-02,3.000000000000000000e+00,4.502249959989419207e+06
-5.809186962732609594e+00,2.000019563045967619e+00,1.246725749089811153e+00,1.336566221727060633e+00,8.500000000000000611e-02,3.000000000000000000e+00,4.502249959989419207e+06
-5.809171304353175636e+00,2.000028278037747853e+00,1.246765907379824734e+00,1.336591146498173233e+00,8.500000000000000611e-02,3.000000000000000000e+00,4.502249959989419207e+06
-5.809171304353175636e+00,2.000028278037747853e+00,1.246765907379824734e+00,1.336591146498173233e+00,8.500000000000000611e-02,3.000000000000000000e+00,4.502249959989419207e+06
-5.809171304353175636e+00,2.000028278037747853e+00,1.246765907379824734e+00,1.336591146498173233e+00,8.500000000000000611e-02,3.000000000000000000e+00,4.502249959989419207e+06
-5.809171304353175636e+00,2.000028278037747853e+00,1.246765907379824734e+00,1.336591146498173233e+00,8.500000000000000611e-02,3.000000000000000000e+00,4.502249959989419207e+06
-5.809160909892896463e+00,2.000013967822769523e+00,1.246789878278534269e+00,1.336583664394567217e+00,8.500000000000000611e-02,3.000000000000000000e+00,4.502249959989419207e+06
-5.809160909892896463e+00,2.000013967822769523e+00,1.246789878278534269e+00,1.336583664394567217e+00,8.500000000000000611e-02,3.000000000000000000e+00,4.502249959989419207e+06
-5.809160909892896463e+00,2.000013967822769523e+00,1.246789878278534269e+00,1.336583664394567217e+00,8.500000000000000611e-02,3.000000000000000000e+00,4.502249959989419207e+06
-5.809160909892896463e+00,2.000013967822769523e+00,1.246789878278534269e+00,1.336583664394567217e+00,8.500000000000000611e-02,3.000000000000000000e+00,4.502249959989419207e+06
-5.809160909892896463e+00,2.000013967822769523e+00,1.246789878278534269e+00,1.336583664394567217e+00,8.500000000000000611e-02,3.000000000000000000e+00,4.502249959989419207e+06
-5.809160909892896463e+00,2.000013967822769523e+00,1.246789878278534269e+00,1.336583664394567217e+00,8.500000000000000611e-02,3.000000000000000000e+00,4.502249959989419207e+06
-5.809160909892896463e+00,2.000013967822769523e+00,1.246789878278534269e+00,1.336583664394567217e+00,8.500000000000000611e-02,3.000000000000000000e+00,4.502249959989419207e+06
-5.809160909892896463e+00,2.000013967822769523e+00,1.246789878278534269e+00,1.336583664394567217e+00,8.500000000000000611e-02,3.000000000000000000e+00,4.502249959989419207e+06
-5.809160909892896463e+00,2.000013967822769523e+00,1.246789878278534269e+00,1.336583664394567217e+00,8.500000000000000611e-02,3.000000000000000000e+00,4.502249959989419207e+06
-5.809160909892896463e+00,2.000013967822769523e+00,1.246789878278534269e+00,1.336583664394567217e+00,8.500000000000000611e-02,3.000000000000000000e+00,4.502249959989419207e+06
-5.809160909892896463e+00,2.000013967822769523e+00,1.246789878278534269e+00,1.336583664394567217e+00,8.500000000000000611e-02,3.000000000000000000e+00,4.502249959989419207e+06
-5.808683721778261422e+00,2.000073927136353014e+00,1.247943896214547044e+00,1.337109678123002965e+00,8.500000000000000611e-02,3.000000000000000000e+00,4.502249959989419207e+06
-5.808683721778261422e+00,2.000073927136353014e+00,1.247943896214547044e+00,1.337109678123002965e+00,8.500000000000000611e-02,3.000000000000000000e+00,4.502249959989419207e+06
-5.809045494485726380e+00,2.000214485712127566e+00,1.247058907416125351e+00,1.336830579069950398e+00,8.500000000000000611e-02,3.000000000000000000e+00,4.502249959989419207e+06
-5.809045494485726380e+00,2.000214485712127566e+00,1.247058907416125351e+00,1.336830579069950398e+00,8.500000000000000611e-02,3.000000000000000000e+00,4.502249959989419207e+06
-5.809045494485726380e+00,2.000214485712127566e+00,1.247058907416125351e+00,1.336830579069950398e+00,8.500000000000000611e-02,3.000000000000000000e+00,4.502249959989419207e+06
-5.809045494485726380e+00,2.000214485712127566e+00,1.247058907416125351e+00,1.336830579069950398e+00,8.500000000000000611e-02,3.000000000000000000e+00,4.502249959989419207e+06
-5.809045494485726380e+00,2.000214485712127566e+00,1.247058907416125351e+00,1.336830579069950398e+00,8.500000000000000611e-02,3.000000000000000000e+00,4.502249959989419207e+06
-5.809045494485726380e+00,2.000214485712127566e+00,1.247058907416125351e+00,1.336830579069950398e+00,8.500000000000000611e-02,3.000000000000000000e+00,4.502249959989419207e+06
-5.809045494485726380e+00,2.000214485712127566e+00,1.247058907416125351e+00,1.336830579069950398e+00,8.500000000000000611e-02,3.000000000000000000e+00,4.502249959989419207e+06
-5.808127721221924666e+00,2.001104400105824244e+00,1.249152227911406232e+00,1.338658702653167998e+00,8.500000000000000611e-02,3.000000000000000000e+00,4.502249959989419207e+06
-5.808127721221924666e+00,2.001104400105824244e+00,1.249152227911406232e+00,1.338658702653167998e+00,8.500000000000000611e-02,3.000000000000000000e+00,4.502249959989419207e+06
-5.808289334183935892e+00,2.001005741607283728e+00,1.248755328457401559e+00,1.338419741630073379e+00,8.500000000000000611e-02,3.000000000000000000e+00,4.502249959989419207e+06
-5.808289334183935892e+00,2.001005741607283728e+00,1.248755328457401559e+00,1.338419741630073379e+00,8.500000000000000611e-02,3.000000000000000000e+00,4.502249959989419207e+06
-5.808289334183935892e+00,2.001005741607283728e+00,1.248755328457401559e+00,1.338419741630073379e+00,8.500000000000000611e-02,3.000000000000000000e+00,4.502249959989419207e+06
-5.808289334183935892e+00,2.001005741607283728e+00,1.248755328457401559e+00,1.338419741630073379e+00,8.500000000000000611e-02,3.000000000000000000e+00,4.502249959989419207e+06
-5.824771395800601326e+00,1.986448943924157717e+00,1.228703979115270295e+00,1.326615756728845463e+00,8.500000000000000611e-02,3.000000000000000000e+00,4.502249959989419207e+06
-5.824771395800601326e+00,1.986448943924157717e+00,1.228703979115270295e+00,1.326615756728845463e+00,8.500000000000000611e-02,3.000000000000000000e+00,4.502249959989419207e+06
-5.824771395800601326e+00,1.986448943924157717e+00,1.228703979115270295e+00,1.326615756728845463e+00,8.500000000000000611e-02,3.000000000000000000e+00,4.502249959989419207e+06
-5.824771395800601326e+00,1.986448943924157717e+00,1.228703979115270295e+00,1.326615756728845463e+00,8.500000000000000611e-02,3.000000000000000000e+00,4.502249959989419207e+06
-5.824771395800601326e+00,1.986448943924157717e+00,1.228703979115270295e+00,1.326615756728845463e+00,8.500000000000000611e-02,3.000000000000000000e+00,4.502249959989419207e+06
-5.824771395800601326e+00,1.986448943924157717e+00,1.228703979115270295e+00,1.326615756728845463e+00,8.500000000000000611e-02,3.000000000000000000e+00,4.502249959989419207e+06
-5.832295907680147273e+00,1.979778305854618781e+00,1.220682091446843698e+00,1.322229386997562095e+00,8.500000000000000611e-02,3.000000000000000000e+00,4.502249959989419207e+06
-5.832295907680147273e+00,1.979778305854618781e+00,1.220682091446843698e+00,1.322229386997562095e+00,8.500000000000000611e-02,3.000000000000000000e+00,4.502249959989419207e+06
-5.832295907680147273e+00,1.979778305854618781e+00,1.220682091446843698e+00,1.322229386997562095e+00,8.500000000000000611e-02,3.000000000000000000e+00,4.502249959989419207e+06
-5.832295907680147273e+00,1.979778305854618781e+00,1.220682091446843698e+00,1.322229386997562095e+00,8.500000000000000611e-02,3.000000000000000000e+00,4.502249959989419207e+06
-5.832295907680147273e+00,1.979778305854618781e+00,1.220682091446843698e+00,1.322229386997562095e+00,8.500000000000000611e-02,3.000000000000000000e+00,4.502249959989419207e+06
-5.832295907680147273e+00,1.979778305854618781e+00,1.220682091446843698e+00,1.322229386997562095e+00,8.500000000000000611e-02,3.000000000000000000e+00,4.502249959989419207e+06
-5.832295907680147273e+00,1.979778305854618781e+00,1.220682091446843698e+00,1.322229386997562095e+00,8.500000000000000611e-02,3.000000000000000000e+00,4.502249959989419207e+06
-5.832295907680147273e+00,1.979778305854618781e+00,1.220682091446843698e+00,1.322229386997562095e+00,8.500000000000000611e-02,3.000000000000000000e+00,4.502249959989419207e+06
-5.832295907680147273e+00,1.979778305854618781e+00,1.220682091446843698e+00,1.322229386997562095e+00,8.500000000000000611e-02,3.000000000000000000e+00,4.502249959989419207e+06
-5.832295907680147273e+00,1.979778305854618781e+00,1.220682091446843698e+00,1.322229386997562095e+00,8.500000000000000611e-02,3.000000000000000000e+00,4.502249959989419207e+06
-5.832295907680147273e+00,1.979778305854618781e+00,1.220682091446843698e+00,1.322229386997562095e+00,8.500000000000000611e-02,3.000000000000000000e+00,4.502249959989419207e+06
-5.832295907680147273e+00,1.979778305854618781e+00,1.220682091446843698e+00,1.322229386997562095e+00,8.500000000000000611e-02,3.000000000000000000e+00,4.502249959989419207e+06
-5.832295907680147273e+00,1.979778305854618781e+00,1.220682091446843698e+00,1.322229386997562095e+00,8.500000000000000611e-02,3.000000000000000000e+00,4.502249959989419207e+06
-5.832295907680147273e+00,1.979778305854618781e+00,1.220682091446843698e+00,1.322229386997562095e+00,8.500000000000000611e-02,3.000000000000000000e+00,4.502249959989419207e+06
-5.864814462027137409e+00,1.950499672879303370e+00,1.183116761957427432e+00,1.300345276621679869e+00,8.500000000000000611e-02,3.000000000000000000e+00,4.502249959989419207e+06
-5.864814462027137409e+00,1.950499672879303370e+00,1.183116761957427432e+00,1.300345276621679869e+00,8.500000000000000611e-02,3.000000000000000000e+00,4.502249959989419207e+06
-5.864814462027137409e+00,1.950499672879303370e+00,1.183116761957427432e+00,1.300345276621679869e+00,8.500000000000000611e-02,3.000000000000000000e+00,4.502249959989419207e+06
-5.864814462027137409e+00,1.950499672879303370e+00,1.183116761957427432e+00,1.300345276621679869e+00,8.500000000000000611e-02,3.000000000000000000e+00,4.502249959989419207e+06
-5.864814462027137409e+00,1.950499672879303370e+00,1.183116761957427432e+00,1.300345276621679869e+00,8.500000000000000611e-02,3.000000000000000000e+00,4.502249959989419207e+06
-5.864814462027137409e+00,1.950499672879303370e+00,1.183116761957427432e+00,1.300345276621679869e+00,8.500000000000000611e-02,3.000000000000000000e+00,4.502249959989419207e+06
-5.864814462027137409e+00,1.950499672879303370e+00,1.183116761957427432e+00,1.300345276621679869e+00,8.500000000000000611e-02,3.000000000000000000e+00,4.502249959989419207e+06
-5.894912697312893357e+00,1.924254513222422247e+00,1.149827492458657341e+00,1.281677743754812138e+00,8.500000000000000611e-02,3.000000000000000000e+00,4.502249959989419207e+06
-5.888092391538873649e+00,1.929951044210034050e+00,1.157156628511593510e+00,1.285688505756263478e+00,8.500000000000000611e-02,3.000000000000000000e+00,4.502249959989419207e+06
-5.888092391538873649e+00,1.929951044210034050e+00,1.157156628511593510e+00,1.285688505756263478e+00,8.500000000000000611e-02,3.000000000000000000e+00,4.502249959989419207e+06
-4.338888240003943686e+00,3.083322383266204447e+00,3.166055838079637752e+00,1.982840980766411132e+00,8.500000000000000611e-02,3.000000000000000000e+00,4.502249959989419207e+06
-4.372479759951969136e+00,3.221768603031334166e+00,3.054153528460318956e+00,1.847579951073635929e+00,8.500000000000000611e-02,3.000000000000000000e+00,4.502249959989419207e+06
-4.404997715279295178e+00,3.456026916569783225e+00,2.988994382447720533e+00,1.515451692264660588e+00,8.500000000000000611e-02,3.000000000000000000e+00,4.502249959989419207e+06
-4.472594736624419198e+00,3.308326825514202874e+00,2.870691576357065955e+00,1.478302379099712738e+00,8.500000000000000611e-02,3.000000000000000000e+00,4.502249959989419207e+06
-4.669111901990324220e+00,2.963246577709384155e+00,2.626660154034327732e+00,1.378351288330646573e+00,8.500000000000000611e-02,3.000000000000000000e+00,4.502249959989419207e+06
-4.647201981069185805e+00,2.694577307613664541e+00,2.723350983686863014e+00,1.750327004497298500e+00,8.500000000000000611e-02,3.000000000000000000e+00,4.502249959989419207e+06
-4.961761994601291192e+00,1.724657125987199002e+00,2.039660539164466879e+00,1.707369243865655362e+00,8.500000000000000611e-02,3.000000000000000000e+00,4.502249959989419207e+06
-4.440618667910276152e+00,3.009291933631416782e+00,2.531934551495621299e+00,1.469703148983587004e+00,8.500000000000000611e-02,3.000000000000000000e+00,4.502249959989419207e+06
-4.413631296002351156e+00,2.941236363771706497e+00,2.360291729753166479e+00,1.389679434097250921e+00,8.500000000000000611e-02,3.000000000000000000e+00,4.502249959989419207e+06
-4.030271651037507397e+00,3.148793744413777240e+00,2.340390450452362714e+00,1.548635518147946311e+00,8.500000000000000611e-02,3.000000000000000000e+00,4.502249959989419207e+06
-5.809509448243031393e+00,1.999886489244923737e+00,1.245934670867699268e+00,1.336119942814625761e+00,8.500000000000000611e-02,3.000000000000000000e+00,4.502249959989419207e+06
-5.809509448243031393e+00,1.999886489244923737e+00,1.245934670867699268e+00,1.336119942814625761e+00,8.500000000000000611e-02,3.000000000000000000e+00,4.502249959989419207e+06
-5.809509448243031393e+00,1.999886489244923737e+00,1.245934670867699268e+00,1.336119942814625761e+00,8.500000000000000611e-02,3.000000000000000000e+00,4.502249959989419207e+06
-5.809509448243031393e+00,1.999886489244923737e+00,1.245934670867699268e+00,1.336119942814625761e+00,8.500000000000000611e-02,3.000000000000000000e+00,4.502249959989419207e+06
-5.809509448243031393e+00,1.999886489244923737e+00,1.245934670867699268e+00,1.336119942814625761e+00,8.500000000000000611e-02,3.000000000000000000e+00,4.502249959989419207e+06
-5.809509448243031393e+00,1.999886489244923737e+00,1.245934670867699268e+00,1.336119942814625761e+00,8.500000000000000611e-02,3.000000000000000000e+00,4.502249959989419207e+06
-5.809509448243031393e+00,1.999886489244923737e+00,1.245934670867699268e+00,1.336119942814625761e+00,8.500000000000000611e-02,3.000000000000000000e+00,4.502249959989419207e+06
-5.809509448243031393e+00,1.999886489244923737e+00,1.245934670867699268e+00,1.336119942814625761e+00,8.500000000000000611e-02,3.000000000000000000e+00,4.502249959989419207e+06
-5.809509448243031393e+00,1.999886489244923737e+00,1.245934670867699268e+00,1.336119942814625761e+00,8.500000000000000611e-02,3.000000000000000000e+00,4.502249959989419207e+06
-5.809509448243031393e+00,1.999886489244923737e+00,1.245934670867699268e+00,1.336119942814625761e+00,8.500000000000000611e-02,3.000000000000000000e+00,4.502249959989419207e+06
-5.809509448243031393e+00,1.999886489244923737e+00,1.245934670867699268e+00,1.336119942814625761e+00,8.500000000000000611e-02,3.000000000000000000e+00,4.502249959989419207e+06
-5.809509448243031393e+00,1.999886489244923737e+00,1.245934670867699268e+00,1.336119942814625761e+00,8.500000000000000611e-02,3.000000000000000000e+00,4.502249959989419207e+06
-5.809509448243031393e+00,1.999886489244923737e+00,1.245934670867699268e+00,1.336119942814625761e+00,8.500000000000000611e-02,3.000000000000000000e+00,4.502249959989419207e+06
-5.809509448243031393e+00,1.999886489244923737e+00,1.245934670867699268e+00,1.336119942814625761e+00,8.500000000000000611e-02,3.000000000000000000e+00,4.502249959989419207e+06
-5.809509448243031393e+00,1.999886489244923737e+00,1.245934670867699268e+00,1.336119942814625761e+00,8.500000000000000611e-02,3.000000000000000000e+00,4.502249959989419207e+06
-5.809509448243031393e+00,1.999886489244923737e+00,1.245934670867699268e+00,1.336119942814625761e+00,8.500000000000000611e-02,3.000000000000000000e+00,4.502249959989419207e+06
-5.809509448243031393e+00,1.999886489244923737e+00,1.245934670867699268e+00,1.336119942814625761e+00,8.500000000000000611e-02,3.000000000000000000e+00,4.502249959989419207e+06
-5.809509448243031393e+00,1.999886489244923737e+00,1.245934670867699268e+00,1.336119942814625761e+00,8.500000000000000611e-02,3.000000000000000000e+00,4.502249959989419207e+06
-5.809544818638388008e+00,1.999854511259523848e+00,1.245848899056901438e+00,1.336040926317876076e+00,8.500000000000000611e-02,3.000000000000000000e+00,4.502249959989419207e+06
-5.809544818638388008e+00,1.999854511259523848e+00,1.245848899056901438e+00,1.336040926317876076e+00,8.500000000000000611e-02,3.000000000000000000e+00,4.502249959989419207e+06
-5.809544818638388008e+00,1.999854511259523848e+00,1.245848899056901438e+00,1.336040926317876076e+00,8.500000000000000611e-02,3.000000000000000000e+00,4.502249959989419207e+06
-5.809544818638388008e+00,1.999854511259523848e+00,1.245848899056901438e+00,1.336040926317876076e+00,8.500000000000000611e-02,3.000000000000000000e+00,4.502249959989419207e+06
-5.809544818638388008e+00,1.999854511259523848e+00,1.245848899056901438e+00,1.336040926317876076e+00,8.500000000000000611e-02,3.000000000000000000e+00,4.502249959989419207e+06
-5.809544818638388008e+00,1.999854511259523848e+00,1.245848899056901438e+00,1.336040926317876076e+00,8.500000000000000611e-02,3.000000000000000000e+00,4.502249959989419207e+06
-5.809544818638388008e+00,1.999854511259523848e+00,1.245848899056901438e+00,1.336040926317876076e+00,8.500000000000000611e-02,3.000000000000000000e+00,4.502249959989419207e+06
-5.809544818638388008e+00,1.999854511259523848e+00,1.245848899056901438e+00,1.336040926317876076e+00,8.500000000000000611e-02,3.000000000000000000e+00,4.502249959989419207e+06
-5.809544818638388008e+00,1.999854511259523848e+00,1.245848899056901438e+00,1.336040926317876076e+00,8.500000000000000611e-02,3.000000000000000000e+00,4.502249959989419207e+06
-5.809544818638388008e+00,1.999854511259523848e+00,1.245848899056901438e+00,1.336040926317876076e+00,8.500000000000000611e-02,3.000000000000000000e+00,4.502249959989419207e+06
-5.809620775330639475e+00,1.999822962634377310e+00,1.245662725467494791e+00,1.335933545098905162e+00,8.500000000000000611e-02,3.000000000000000000e+00,4.502249959989419207e+06
-5.809620775330639475e+00,1.999822962634377310e+00,1.245662725467494791e+00,1.335933545098905162e+00,8.500000000000000611e-02,3.000000000000000000e+00,4.502249959989419207e+06
-5.809620775330639475e+00,1.999822962634377310e+00,1.245662725467494791e+00,1.335933545098905162e+00,8.500000000000000611e-02,3.000000000000000000e+00,4.502249959989419207e+06
-5.809620775330639475e+00,1.999822962634377310e+00,1.245662725467494791e+00,1.335933545098905162e+00,8.500000000000000611e-02,3.000000000000000000e+00,4.502249959989419207e+06
-5.809620775330639475e+00,1.999822962634377310e+00,1.245662725467494791e+00,1.335933545098905162e+00,8.500000000000000611e-02,3.000000000000000000e+00,4.502249959989419207e+06
-5.809620775330639475e+00,1.999822962634377310e+00,1.245662725467494791e+00,1.335933545098905162e+00,8.500000000000000611e-02,3.000000000000000000e+00,4.502249959989419207e+06
-5.809620775330639475e+00,1.999822962634377310e+00,1.245662725467494791e+00,1.335933545098905162e+00,8.500000000000000611e-02,3.000000000000000000e+00,4.502249959989419207e+06
-5.809620775330639475e+00,1.999822962634377310e+00,1.245662725467494791e+00,1.335933545098905162e+00,8.500000000000000611e-02,3.000000000000000000e+00,4.502249959989419207e+06
-5.809620814822282320e+00,1.999825198543089044e+00,1.245664369832973239e+00,1.335937581414482489e+00,8.500000000000000611e-02,3.000000000000000000e+00,4.502249959989419207e+06
-5.809620814822282320e+00,1.999825198543089044e+00,1.245664369832973239e+00,1.335937581414482489e+00,8.500000000000000611e-02,3.000000000000000000e+00,4.502249959989419207e+06
-5.809620814822282320e+00,1.999825198543089044e+00,1.245664369832973239e+00,1.335937581414482489e+00,8.500000000000000611e-02,3.000000000000000000e+00,4.502249959989419207e+06
-5.809620814822282320e+00,1.999825198543089044e+00,1.245664369832973239e+00,1.335937581414482489e+00,8.500000000000000611e-02,3.000000000000000000e+00,4.502249959989419207e+06
-5.809620814822282320e+00,1.999825198543089044e+00,1.245664369832973239e+00,1.335937581414482489e+00,8.500000000000000611e-02,3.000000000000000000e+00,4.502249959989419207e+06
-5.809620814822282320e+00,1.999825198543089044e+00,1.245664369832973239e+00,1.335937581414482489e+00,8.500000000000000611e-02,3.000000000000000000e+00,4.502249959989419207e+06
-5.809620814822282320e+00,1.999825198543089044e+00,1.245664369832973239e+00,1.335937581414482489e+00,8.500000000000000611e-02,3.000000000000000000e+00,4.502249959989419207e+06
-5.809620814822282320e+00,1.999825198543089044e+00,1.245664369832973239e+00,1.335937581414482489e+00,8.500000000000000611e-02,3.000000000000000000e+00,4.502249959989419207e+06
-5.809620814822282320e+00,1.999825198543089044e+00,1.245664369832973239e+00,1.335937581414482489e+00,8.500000000000000611e-02,3.000000000000000000e+00,4.502249959989419207e+06
-5.809620814822282320e+00,1.999825198543089044e+00,1.245664369832973239e+00,1.335937581414482489e+00,8.500000000000000611e-02,3.000000000000000000e+00,4.502249959989419207e+06
-5.809620814822282320e+00,1.999825198543089044e+00,1.245664369832973239e+00,1.335937581414482489e+00,8.500000000000000611e-02,3.000000000000000000e+00,4.502249959989419207e+06
-5.809620814822282320e+00,1.999825198543089044e+00,1.245664369832973239e+00,1.335937581414482489e+00,8.500000000000000611e-02,3.000000000000000000e+00,4.502249959989419207e+06
-5.809620814822282320e+00,1.999825198543089044e+00,1.245664369832973239e+00,1.335937581414482489e+00,8.500000000000000611e-02,3.000000000000000000e+00,4.502249959989419207e+06
-5.809620814822282320e+00,1.999825198543089044e+00,1.245664369832973239e+00,1.335937581414482489e+00,8.500000000000000611e-02,3.000000000000000000e+00,4.502249959989419207e+06
-5.809620814822282320e+00,1.999825198543089044e+00,1.245664369832973239e+00,1.335937581414482489e+00,8.500000000000000611e-02,3.000000000000000000e+00,4.502249959989419207e+06
-5.809620814822282320e+00,1.999825198543089044e+00,1.245664369832973239e+00,1.335937581414482489e+00,8.500000000000000611e-02,3.000000000000000000e+00,4.502249959989419207e+06
-5.809620814822282320e+00,1.999825198543089044e+00,1.245664369832973239e+00,1.335937581414482489e+00,8.500000000000000611e-02,3.000000000000000000e+00,4.502249959989419207e+06
-5.809620814822282320e+00,1.999825198543089044e+00,1.245664369832973239e+00,1.335937581414482489e+00,8.500000000000000611e-02,3.000000000000000000e+00,4.502249959989419207e+06
-5.809620814822282320e+00,1.999825198543089044e+00,1.245664369832973239e+00,1.335937581414482489e+00,8.500000000000000611e-02,3.000000000000000000e+00,4.502249959989419207e+06
-5.809620814822282320e+00,1.999825198543089044e+00,1.245664369832973239e+00,1.335937581414482489e+00,8.500000000000000611e-02,3.000000000000000000e+00,4.502249959989419207e+06
-5.809620814822282320e+00,1.999825198543089044e+00,1.245664369832973239e+00,1.335937581414482489e+00,8.500000000000000611e-02,3.000000000000000000e+00,4.502249959989419207e+06
-5.809620814822282320e+00,1.999825198543089044e+00,1.245664369832973239e+00,1.335937581414482489e+00,8.500000000000000611e-02,3.000000000000000000e+00,4.502249959989419207e+06
-5.811359127783517486e+00,1.998157984735012827e+00,1.243438849846369765e+00,1.334664528673037420e+00,8.500000000000000611e-02,3.000000000000000000e+00,4.502249959989419207e+06
-5.811359127783517486e+00,1.998157984735012827e+00,1.243438849846369765e+00,1.334664528673037420e+00,8.500000000000000611e-02,3.000000000000000000e+00,4.502249959989419207e+06
-5.811359127783517486e+00,1.998157984735012827e+00,1.243438849846369765e+00,1.334664528673037420e+00,8.500000000000000611e-02,3.000000000000000000e+00,4.502249959989419207e+06
-5.811359127783517486e+00,1.998157984735012827e+00,1.243438849846369765e+00,1.334664528673037420e+00,8.500000000000000611e-02,3.000000000000000000e+00,4.502249959989419207e+06
-5.810695351252356922e+00,1.997804357764247918e+00,1.244234311297039763e+00,1.334779996295746951e+00,8.500000000000000611e-02,3.000000000000000000e+00,4.502249959989419207e+06
-5.810695351252356922e+00,1.997804357764247918e+00,1.244234311297039763e+00,1.334779996295746951e+00,8.500000000000000611e-02,3.000000000000000000e+00,4.502249959989419207e+06
-5.810695351252356922e+00,1.997804357764247918e+00,1.244234311297039763e+00,1.334779996295746951e+00,8.500000000000000611e-02,3.000000000000000000e+00,4.502249959989419207e+06
-5.810695351252356922e+00,1.997804357764247918e+00,1.244234311297039763e+00,1.334779996295746951e+00,8.500000000000000611e-02,3.000000000000000000e+00,4.502249959989419207e+06
-5.810695351252356922e+00,1.997804357764247918e+00,1.244234311297039763e+00,1.334779996295746951e+00,8.500000000000000611e-02,3.000000000000000000e+00,4.502249959989419207e+06
-5.810695351252356922e+00,1.997804357764247918e+00,1.244234311297039763e+00,1.334779996295746951e+00,8.500000000000000611e-02,3.000000000000000000e+00,4.502249959989419207e+06
-5.810695351252356922e+00,1.997804357764247918e+00,1.244234311297039763e+00,1.334779996295746951e+00,8.500000000000000611e-02,3.000000000000000000e+00,4.502249959989419207e+06
-5.810695351252356922e+00,1.997804357764247918e+00,1.244234311297039763e+00,1.334779996295746951e+00,8.500000000000000611e-02,3.000000000000000000e+00,4.502249959989419207e+06
-5.810695351252356922e+00,1.997804357764247918e+00,1.244234311297039763e+00,1.334779996295746951e+00,8.500000000000000611e-02,3.000000000000000000e+00,4.502249959989419207e+06
-5.810695351252356922e+00,1.997804357764247918e+00,1.244234311297039763e+00,1.334779996295746951e+00,8.500000000000000611e-02,3.000000000000000000e+00,4.502249959989419207e+06
-5.810695351252356922e+00,1.997804357764247918e+00,1.244234311297039763e+00,1.334779996295746951e+00,8.500000000000000611e-02,3.000000000000000000e+00,4.502249959989419207e+06
-5.810695351252356922e+00,1.997804357764247918e+00,1.244234311297039763e+00,1.334779996295746951e+00,8.500000000000000611e-02,3.000000000000000000e+00,4.502249959989419207e+06
-5.810695351252356922e+00,1.997804357764247918e+00,1.244234311297039763e+00,1.334779996295746951e+00,8.500000000000000611e-02,3.000000000000000000e+00,4.502249959989419207e+06
-5.810695351252356922e+00,1.997804357764247918e+00,1.244234311297039763e+00,1.334779996295746951e+00,8.500000000000000611e-02,3.000000000000000000e+00,4.502249959989419207e+06
-5.810695351252356922e+00,1.997804357764247918e+00,1.244234311297039763e+00,1.334779996295746951e+00,8.500000000000000611e-02,3.000000000000000000e+00,4.502249959989419207e+06
-5.810695351252356922e+00,1.997804357764247918e+00,1.244234311297039763e+00,1.334779996295746951e+00,8.500000000000000611e-02,3.000000000000000000e+00,4.502249959989419207e+06
-5.810695351252356922e+00,1.997804357764247918e+00,1.244234311297039763e+00,1.334779996295746951e+00,8.500000000000000611e-02,3.000000000000000000e+00,4.502249959989419207e+06
-5.810695351252356922e+00,1.997804357764247918e+00,1.244234311297039763e+00,1.334779996295746951e+00,8.500000000000000611e-02,3.000000000000000000e+00,4.502249959989419207e+06
-4.514769966775603827e+00,2.970563793076585135e+00,2.914373771562156712e+00,1.929040196984370237e+00,8.500000000000000611e-02,3.000000000000000000e+00,4.502249959989419207e+06
-3.085424044738217297e+00,4.093302642759198307e+00,4.784388985238544834e+00,2.711456756179877026e+00,8.500000000000000611e-02,3.000000000000000000e+00,4.502249959989419207e+06
-3.085424044738217297e+00,4.093302642759198307e+00,4.784388985238544834e+00,2.711456756179877026e+00,8.500000000000000611e-02,3.000000000000000000e+00,4.502249959989419207e+06
-3.085424044738217297e+00,4.093302642759198307e+00,4.784388985238544834e+00,2.711456756179877026e+00,8.500000000000000611e-02,3.000000000000000000e+00,4.502249959989419207e+06
-4.064942465780616132e+00,3.324294170504532353e+00,3.489166598287367638e+00,2.135433972665230939e+00,8.500000000000000611e-02,3.000000000000000000e+00,4.502249959989419207e+06
-4.064942465780616132e+00,3.324294170504532353e+00,3.489166598287367638e+00,2.135433972665230939e+00,8.500000000000000611e-02,3.000000000000000000e+00,4.502249959989419207e+06
-4.064942465780616132e+00,3.324294170504532353e+00,3.489166598287367638e+00,2.135433972665230939e+00,8.500000000000000611e-02,3.000000000000000000e+00,4.502249959989419207e+06
-4.336625169462323903e+00,3.413502238280214485e+00,3.214058392763202932e+00,1.489607613512529349e+00,8.500000000000000611e-02,3.000000000000000000e+00,4.502249959989419207e+06
-4.442206344931881823e+00,3.168053421883314069e+00,2.963174965681942830e+00,1.422265088139489819e+00,8.500000000000000611e-02,3.000000000000000000e+00,4.502249959989419207e+06
-4.442206344931881823e+00,3.168053421883314069e+00,2.963174965681942830e+00,1.422265088139489819e+00,8.500000000000000611e-02,3.000000000000000000e+00,4.502249959989419207e+06
-5.809325914399780189e+00,2.000094216003320380e+00,1.246434938616192589e+00,1.336582292029535157e+00,8.500000000000000611e-02,3.000000000000000000e+00,4.502249959989419207e+06
-5.809325914399780189e+00,2.000094216003320380e+00,1.246434938616192589e+00,1.336582292029535157e+00,8.500000000000000611e-02,3.000000000000000000e+00,4.502249959989419207e+06
-5.809290069926948519e+00,2.000137355620231983e+00,1.246534238673872252e+00,1.336674004515291392e+00,8.500000000000000611e-02,3.000000000000000000e+00,4.502249959989419207e+06
-5.809290069926948519e+00,2.000137355620231983e+00,1.246534238673872252e+00,1.336674004515291392e+00,8.500000000000000611e-02,3.000000000000000000e+00,4.502249959989419207e+06
-5.809290069926948519e+00,2.000137355620231983e+00,1.246534238673872252e+00,1.336674004515291392e+00,8.500000000000000611e-02,3.000000000000000000e+00,4.502249959989419207e+06
-5.809290069926948519e+00,2.000137355620231983e+00,1.246534238673872252e+00,1.336674004515291392e+00,8.500000000000000611e-02,3.000000000000000000e+00,4.502249959989419207e+06
-5.809290069926948519e+00,2.000137355620231983e+00,1.246534238673872252e+00,1.336674004515291392e+00,8.500000000000000611e-02,3.000000000000000000e+00,4.502249959989419207e+06
-5.809290069926948519e+00,2.000137355620231983e+00,1.246534238673872252e+00,1.336674004515291392e+00,8.500000000000000611e-02,3.000000000000000000e+00,4.502249959989419207e+06
-5.809290069926948519e+00,2.000137355620231983e+00,1.246534238673872252e+00,1.336674004515291392e+00,8.500000000000000611e-02,3.000000000000000000e+00,4.502249959989419207e+06
-5.809290069926948519e+00,2.000137355620231983e+00,1.246534238673872252e+00,1.336674004515291392e+00,8.500000000000000611e-02,3.000000000000000000e+00,4.502249959989419207e+06
-5.809290069926948519e+00,2.000137355620231983e+00,1.246534238673872252e+00,1.336674004515291392e+00,8.500000000000000611e-02,3.000000000000000000e+00,4.502249959989419207e+06
-5.809290069926948519e+00,2.000137355620231983e+00,1.246534238673872252e+00,1.336674004515291392e+00,8.500000000000000611e-02,3.000000000000000000e+00,4.502249959989419207e+06
-5.809230809381246807e+00,2.000210403544109727e+00,1.246701120085454750e+00,1.336830031541418773e+00,8.500000000000000611e-02,3.000000000000000000e+00,4.502249959989419207e+06
-5.809230809381246807e+00,2.000210403544109727e+00,1.246701120085454750e+00,1.336830031541418773e+00,8.500000000000000611e-02,3.000000000000000000e+00,4.502249959989419207e+06
-5.809230809381246807e+00,2.000210403544109727e+00,1.246701120085454750e+00,1.336830031541418773e+00,8.500000000000000611e-02,3.000000000000000000e+00,4.502249959989419207e+06
-5.809230809381246807e+00,2.000210403544109727e+00,1.246701120085454750e+00,1.336830031541418773e+00,8.500000000000000611e-02,3.000000000000000000e+00,4.502249959989419207e+06
-5.808493615562284162e+00,2.001309539109737301e+00,1.248531875926581103e+00,1.338713081713184261e+00,8.500000000000000611e-02,3.000000000000000000e+00,4.502249959989419207e+06
-5.808359776642550543e+00,2.001509453452133158e+00,1.248873395694317212e+00,1.339058151037022304e+00,8.500000000000000611e-02,3.000000000000000000e+00,4.502249959989419207e+06
-5.808359776642550543e+00,2.001509453452133158e+00,1.248873395694317212e+00,1.339058151037022304e+00,8.500000000000000611e-02,3.000000000000000000e+00,4.502249959989419207e+06
-5.808359776642550543e+00,2.001509453452133158e+00,1.248873395694317212e+00,1.339058151037022304e+00,8.500000000000000611e-02,3.000000000000000000e+00,4.502249959989419207e+06
-5.808359776642550543e+00,2.001509453452133158e+00,1.248873395694317212e+00,1.339058151037022304e+00,8.500000000000000611e-02,3.000000000000000000e+00,4.502249959989419207e+06
-5.808359776642550543e+00,2.001509453452133158e+00,1.248873395694317212e+00,1.339058151037022304e+00,8.500000000000000611e-02,3.000000000000000000e+00,4.502249959989419207e+06
-5.808359776642550543e+00,2.001509453452133158e+00,1.248873395694317212e+00,1.339058151037022304e+00,8.500000000000000611e-02,3.000000000000000000e+00,4.502249959989419207e+06
-5.808603548503770142e+00,2.001134009497255839e+00,1.248168421634504144e+00,1.338334454158372377e+00,8.500000000000000611e-02,3.000000000000000000e+00,4.502249959989419207e+06
-5.808603548503770142e+00,2.001134009497255839e+00,1.248168421634504144e+00,1.338334454158372377e+00,8.500000000000000611e-02,3.000000000000000000e+00,4.502249959989419207e+06
-5.808603548503770142e+00,2.001134009497255839e+00,1.248168421634504144e+00,1.338334454158372377e+00,8.500000000000000611e-02,3.000000000000000000e+00,4.502249959989419207e+06
-5.808603548503770142e+00,2.001134009497255839e+00,1.248168421634504144e+00,1.338334454158372377e+00,8.500000000000000611e-02,3.000000000000000000e+00,4.502249959989419207e+06
-5.808603548503770142e+00,2.001134009497255839e+00,1.248168421634504144e+00,1.338334454158372377e+00,8.500000000000000611e-02,3.000000000000000000e+00,4.502249959989419207e+06
-5.808603548503770142e+00,2.001134009497255839e+00,1.248168421634504144e+00,1.338334454158372377e+00,8.500000000000000611e-02,3.000000000000000000e+00,4.502249959989419207e+06
-5.808603548503770142e+00,2.001134009497255839e+00,1.248168421634504144e+00,1.338334454158372377e+00,8.500000000000000611e-02,3.000000000000000000e+00,4.502249959989419207e+06
-5.808603548503770142e+00,2.001134009497255839e+00,1.248168421634504144e+00,1.338334454158372377e+00,8.500000000000000611e-02,3.000000000000000000e+00,4.502249959989419207e+06
-5.808603548503770142e+00,2.001134009497255839e+00,1.248168421634504144e+00,1.338334454158372377e+00,8.500000000000000611e-02,3.000000000000000000e+00,4.502249959989419207e+06
-5.808603548503770142e+00,2.001134009497255839e+00,1.248168421634504144e+00,1.338334454158372377e+00,8.500000000000000611e-02,3.000000000000000000e+00,4.502249959989419207e+06
-5.808603548503770142e+00,2.001134009497255839e+00,1.248168421634504144e+00,1.338334454158372377e+00,8.500000000000000611e-02,3.000000000000000000e+00,4.502249959989419207e+06
-5.808603548503770142e+00,2.001134009497255839e+00,1.248168421634504144e+00,1.338334454158372377e+00,8.500000000000000611e-02,3.000000000000000000e+00,4.502249959989419207e+06
-5.808603548503770142e+00,2.001134009497255839e+00,1.248168421634504144e+00,1.338334454158372377e+00,8.500000000000000611e-02,3.000000000000000000e+00,4.502249959989419207e+06
-5.808603548503770142e+00,2.001134009497255839e+00,1.248168421634504144e+00,1.338334454158372377e+00,8.500000000000000611e-02,3.000000000000000000e+00,4.502249959989419207e+06
-5.808603548503770142e+00,2.001134009497255839e+00,1.248168421634504144e+00,1.338334454158372377e+00,8.500000000000000611e-02,3.000000000000000000e+00,4.502249959989419207e+06
-5.808603548503770142e+00,2.001134009497255839e+00,1.248168421634504144e+00,1.338334454158372377e+00,8.500000000000000611e-02,3.000000000000000000e+00,4.502249959989419207e+06
-5.808603548503770142e+00,2.001134009497255839e+00,1.248168421634504144e+00,1.338334454158372377e+00,8.500000000000000611e-02,3.000000000000000000e+00,4.502249959989419207e+06
-5.808603548503770142e+00,2.001134009497255839e+00,1.248168421634504144e+00,1.338334454158372377e+00,8.500000000000000611e-02,3.000000000000000000e+00,4.502249959989419207e+06
-5.808603548503770142e+00,2.001134009497255839e+00,1.248168421634504144e+00,1.338334454158372377e+00,8.500000000000000611e-02,3.000000000000000000e+00,4.502249959989419207e+06
-5.808603548503770142e+00,2.001134009497255839e+00,1.248168421634504144e+00,1.338334454158372377e+00,8.500000000000000611e-02,3.000000000000000000e+00,4.502249959989419207e+06
-5.808751284490669242e+00,2.000977107423441925e+00,1.247880764499133432e+00,1.338074283641461859e+00,8.500000000000000611e-02,3.000000000000000000e+00,4.502249959989419207e+06
-5.808751284490669242e+00,2.000977107423441925e+00,1.247880764499133432e+00,1.338074283641461859e+00,8.500000000000000611e-02,3.000000000000000000e+00,4.502249959989419207e+06
-5.808751284490669242e+00,2.000977107423441925e+00,1.247880764499133432e+00,1.338074283641461859e+00,8.500000000000000611e-02,3.000000000000000000e+00,4.502249959989419207e+06
-5.808751284490669242e+00,2.000977107423441925e+00,1.247880764499133432e+00,1.338074283641461859e+00,8.500000000000000611e-02,3.000000000000000000e+00,4.502249959989419207e+06
-5.808751284490669242e+00,2.000977107423441925e+00,1.247880764499133432e+00,1.338074283641461859e+00,8.500000000000000611e-02,3.000000000000000000e+00,4.502249959989419207e+06
-5.808751284490669242e+00,2.000977107423441925e+00,1.247880764499133432e+00,1.338074283641461859e+00,8.500000000000000611e-02,3.000000000000000000e+00,4.502249959989419207e+06
-5.808751284490669242e+00,2.000977107423441925e+00,1.247880764499133432e+00,1.338074283641461859e+00,8.500000000000000611e-02,3.000000000000000000e+00,4.502249959989419207e+06
-5.808751284490669242e+00,2.000977107423441925e+00,1.247880764499133432e+00,1.338074283641461859e+00,8.500000000000000611e-02,3.000000000000000000e+00,4.502249959989419207e+06
-5.808751284490669242e+00,2.000977107423441925e+00,1.247880764499133432e+00,1.338074283641461859e+00,8.500000000000000611e-02,3.000000000000000000e+00,4.502249959989419207e+06
-5.808751284490669242e+00,2.000977107423441925e+00,1.247880764499133432e+00,1.338074283641461859e+00,8.500000000000000611e-02,3.000000000000000000e+00,4.502249959989419207e+06
-5.808751284490669242e+00,2.000977107423441925e+00,1.247880764499133432e+00,1.338074283641461859e+00,8.500000000000000611e-02,3.000000000000000000e+00,4.502249959989419207e+06
-5.808751284490669242e+00,2.000977107423441925e+00,1.247880764499133432e+00,1.338074283641461859e+00,8.500000000000000611e-02,3.000000000000000000e+00,4.502249959989419207e+06
-5.808751284490669242e+00,2.000977107423441925e+00,1.247880764499133432e+00,1.338074283641461859e+00,8.500000000000000611e-02,3.000000000000000000e+00,4.502249959989419207e+06
-5.808751284490669242e+00,2.000977107423441925e+00,1.247880764499133432e+00,1.338074283641461859e+00,8.500000000000000611e-02,3.000000000000000000e+00,4.502249959989419207e+06
-5.808751284490669242e+00,2.000977107423441925e+00,1.247880764499133432e+00,1.338074283641461859e+00,8.500000000000000611e-02,3.000000000000000000e+00,4.502249959989419207e+06
-5.808751284490669242e+00,2.000977107423441925e+00,1.247880764499133432e+00,1.338074283641461859e+00,8.500000000000000611e-02,3.000000000000000000e+00,4.502249959989419207e+06
-5.808751284490669242e+00,2.000977107423441925e+00,1.247880764499133432e+00,1.338074283641461859e+00,8.500000000000000611e-02,3.000000000000000000e+00,4.502249959989419207e+06
-5.808751284490669242e+00,2.000977107423441925e+00,1.247880764499133432e+00,1.338074283641461859e+00,8.500000000000000611e-02,3.000000000000000000e+00,4.502249959989419207e+06
-5.808751284490669242e+00,2.000977107423441925e+00,1.247880764499133432e+00,1.338074283641461859e+00,8.500000000000000611e-02,3.000000000000000000e+00,4.502249959989419207e+06
-5.808751284490669242e+00,2.000977107423441925e+00,1.247880764499133432e+00,1.338074283641461859e+00,8.500000000000000611e-02,3.000000000000000000e+00,4.502249959989419207e+06
-5.808751284490669242e+00,2.000977107423441925e+00,1.247880764499133432e+00,1.338074283641461859e+00,8.500000000000000611e-02,3.000000000000000000e+00,4.502249959989419207e+06
-5.808751284490669242e+00,2.000977107423441925e+00,1.247880764499133432e+00,1.338074283641461859e+00,8.500000000000000611e-02,3.000000000000000000e+00,4.502249959989419207e+06
-5.808751284490669242e+00,2.000977107423441925e+00,1.247880764499133432e+00,1.338074283641461859e+00,8.500000000000000611e-02,3.000000000000000000e+00,4.502249959989419207e+06
-5.808751284490669242e+00,2.000977107423441925e+00,1.247880764499133432e+00,1.338074283641461859e+00,8.500000000000000611e-02,3.000000000000000000e+00,4.502249959989419207e+06
-5.808751284490669242e+00,2.000977107423441925e+00,1.247880764499133432e+00,1.338074283641461859e+00,8.500000000000000611e-02,3.000000000000000000e+00,4.502249959989419207e+06
-5.808751284490669242e+00,2.000977107423441925e+00,1.247880764499133432e+00,1.338074283641461859e+00,8.500000000000000611e-02,3.000000000000000000e+00,4.502249959989419207e+06
-5.808751284490669242e+00,2.000977107423441925e+00,1.247880764499133432e+00,1.338074283641461859e+00,8.500000000000000611e-02,3.000000000000000000e+00,4.502249959989419207e+06
-5.808751284490669242e+00,2.000977107423441925e+00,1.247880764499133432e+00,1.338074283641461859e+00,8.500000000000000611e-02,3.000000000000000000e+00,4.502249959989419207e+06
-5.808751284490669242e+00,2.000977107423441925e+00,1.247880764499133432e+00,1.338074283641461859e+00,8.500000000000000611e-02,3.000000000000000000e+00,4.502249959989419207e+06
-5.808751284490669242e+00,2.000977107423441925e+00,1.247880764499133432e+00,1.338074283641461859e+00,8.500000000000000611e-02,3.000000000000000000e+00,4.502249959989419207e+06
-5.808751284490669242e+00,2.000977107423441925e+00,1.247880764499133432e+00,1.338074283641461859e+00,8.500000000000000611e-02,3.000000000000000000e+00,4.502249959989419207e+06
-5.808751284490669242e+00,2.000977107423441925e+00,1.247880764499133432e+00,1.338074283641461859e+00,8.500000000000000611e-02,3.000000000000000000e+00,4.502249959989419207e+06
-5.808751284490669242e+00,2.000977107423441925e+00,1.247880764499133432e+00,1.338074283641461859e+00,8.500000000000000611e-02,3.000000000000000000e+00,4.502249959989419207e+06
-5.808751284490669242e+00,2.000977107423441925e+00,1.247880764499133432e+00,1.338074283641461859e+00,8.500000000000000611e-02,3.000000000000000000e+00,4.502249959989419207e+06
-5.808751284490669242e+00,2.000977107423441925e+00,1.247880764499133432e+00,1.338074283641461859e+00,8.500000000000000611e-02,3.000000000000000000e+00,4.502249959989419207e+06
-5.808751284490669242e+00,2.000977107423441925e+00,1.247880764499133432e+00,1.338074283641461859e+00,8.500000000000000611e-02,3.000000000000000000e+00,4.502249959989419207e+06
-6.949888824714964386e+00,1.047867245614816145e+00,-2.811634252110422061e-01,6.743877166781827581e-01,8.500000000000000611e-02,3.000000000000000000e+00,4.502249959989419207e+06
-6.939846794617364978e+00,1.039023313987074371e+00,-2.583186135751031620e-01,6.313667141472059097e-01,8.500000000000000611e-02,3.000000000000000000e+00,4.502249959989419207e+06
-6.904664180116169447e+00,1.059482812061320889e+00,-2.488709911821011533e-01,6.002253776367924010e-01,8.500000000000000611e-02,3.000000000000000000e+00,4.502249959989419207e+06
-6.819905936633141152e+00,1.115692276918471393e+00,-1.405677150862834068e-01,6.207404942318612839e-01,8.500000000000000611e-02,3.000000000000000000e+00,4.502249959989419207e+06
-6.928182839227060796e+00,1.054143074248258483e+00,-2.769386756110900349e-01,5.855195178124008581e-01,8.500000000000000611e-02,3.000000000000000000e+00,4.502249959989419207e+06
-6.776915686257438232e+00,1.160320948454447887e+00,-8.247258594149153854e-02,6.182709319357959643e-01,8.500000000000000611e-02,3.000000000000000000e+00,4.502249959989419207e+06
-6.776915686257438232e+00,1.160320948454447887e+00,-8.247258594149153854e-02,6.182709319357959643e-01,8.500000000000000611e-02,3.000000000000000000e+00,4.502249959989419207e+06
-5.098891082880497194e+00,2.325328656408593098e+00,2.066086121958696786e+00,1.004158881480711418e+00,8.500000000000000611e-02,3.000000000000000000e+00,4.502249959989419207e+06
-4.857194485256462357e+00,2.763530092773869296e+00,2.461992677806220442e+00,1.213837945939169938e+00,8.500000000000000611e-02,3.000000000000000000e+00,4.502249959989419207e+06
-4.808968683798992672e+00,2.764900566809235904e+00,2.432474219760805134e+00,1.238205967272332453e+00,8.500000000000000611e-02,3.000000000000000000e+00,4.502249959989419207e+06
-4.607830846819801707e+00,3.219422056202239091e+00,2.878265075528250616e+00,1.436937955938231593e+00,8.500000000000000611e-02,3.000000000000000000e+00,4.502249959989419207e+06
-5.809419350485897304e+00,1.999932856442171669e+00,1.246122168938404551e+00,1.336241965008937438e+00,8.500000000000000611e-02,3.000000000000000000e+00,4.502249959989419207e+06
-5.809419350485897304e+00,1.999932856442171669e+00,1.246122168938404551e+00,1.336241965008937438e+00,8.500000000000000611e-02,3.000000000000000000e+00,4.502249959989419207e+06
-5.809419350485897304e+00,1.999932856442171669e+00,1.246122168938404551e+00,1.336241965008937438e+00,8.500000000000000611e-02,3.000000000000000000e+00,4.502249959989419207e+06
-5.809419350485897304e+00,1.999932856442171669e+00,1.246122168938404551e+00,1.336241965008937438e+00,8.500000000000000611e-02,3.000000000000000000e+00,4.502249959989419207e+06
-5.809419350485897304e+00,1.999932856442171669e+00,1.246122168938404551e+00,1.336241965008937438e+00,8.500000000000000611e-02,3.000000000000000000e+00,4.502249959989419207e+06
-5.809419350485897304e+00,1.999932856442171669e+00,1.246122168938404551e+00,1.336241965008937438e+00,8.500000000000000611e-02,3.000000000000000000e+00,4.502249959989419207e+06
-5.809854775588068954e+00,1.999155561091456201e+00,1.245076408982201066e+00,1.335031737996432044e+00,8.500000000000000611e-02,3.000000000000000000e+00,4.502249959989419207e+06
-5.809854775588068954e+00,1.999155561091456201e+00,1.245076408982201066e+00,1.335031737996432044e+00,8.500000000000000611e-02,3.000000000000000000e+00,4.502249959989419207e+06
-5.809854775588068954e+00,1.999155561091456201e+00,1.245076408982201066e+00,1.335031737996432044e+00,8.500000000000000611e-02,3.000000000000000000e+00,4.502249959989419207e+06
-5.810478139895367100e+00,1.997937833055956292e+00,1.243549973173671663e+00,1.333158668639863542e+00,8.500000000000000611e-02,3.000000000000000000e+00,4.502249959989419207e+06
-5.810478139895367100e+00,1.997937833055956292e+00,1.243549973173671663e+00,1.333158668639863542e+00,8.500000000000000611e-02,3.000000000000000000e+00,4.502249959989419207e+06
-5.810478139895367100e+00,1.997937833055956292e+00,1.243549973173671663e+00,1.333158668639863542e+00,8.500000000000000611e-02,3.000000000000000000e+00,4.502249959989419207e+06
-5.810478139895367100e+00,1.997937833055956292e+00,1.243549973173671663e+00,1.333158668639863542e+00,8.500000000000000611e-02,3.000000000000000000e+00,4.502249959989419207e+06
-5.810478139895367100e+00,1.997937833055956292e+00,1.243549973173671663e+00,1.333158668639863542e+00,8.500000000000000611e-02,3.000000000000000000e+00,4.502249959989419207e+06
-5.810478139895367100e+00,1.997937833055956292e+00,1.243549973173671663e+00,1.333158668639863542e+00,8.500000000000000611e-02,3.000000000000000000e+00,4.502249959989419207e+06
-5.810478139895367100e+00,1.997937833055956292e+00,1.243549973173671663e+00,1.333158668639863542e+00,8.500000000000000611e-02,3.000000000000000000e+00,4.502249959989419207e+06
-5.810478139895367100e+00,1.997937833055956292e+00,1.243549973173671663e+00,1.333158668639863542e+00,8.500000000000000611e-02,3.000000000000000000e+00,4.502249959989419207e+06
-5.810478139895367100e+00,1.997937833055956292e+00,1.243549973173671663e+00,1.333158668639863542e+00,8.500000000000000611e-02,3.000000000000000000e+00,4.502249959989419207e+06
-5.810478139895367100e+00,1.997937833055956292e+00,1.243549973173671663e+00,1.333158668639863542e+00,8.500000000000000611e-02,3.000000000000000000e+00,4.502249959989419207e+06
-5.810478139895367100e+00,1.997937833055956292e+00,1.243549973173671663e+00,1.333158668639863542e+00,8.500000000000000611e-02,3.000000000000000000e+00,4.502249959989419207e+06
-5.810478139895367100e+00,1.997937833055956292e+00,1.243549973173671663e+00,1.333158668639863542e+00,8.500000000000000611e-02,3.000000000000000000e+00,4.502249959989419207e+06
-5.810478139895367100e+00,1.997937833055956292e+00,1.243549973173671663e+00,1.333158668639863542e+00,8.500000000000000611e-02,3.000000000000000000e+00,4.502249959989419207e+06
-5.810330324065744456e+00,1.998228224367297967e+00,1.243910022113410507e+00,1.333601710630360593e+00,8.500000000000000611e-02,3.000000000000000000e+00,4.502249959989419207e+06
-5.810330324065744456e+00,1.998228224367297967e+00,1.243910022113410507e+00,1.333601710630360593e+00,8.500000000000000611e-02,3.000000000000000000e+00,4.502249959989419207e+06
-5.810330324065744456e+00,1.998228224367297967e+00,1.243910022113410507e+00,1.333601710630360593e+00,8.500000000000000611e-02,3.000000000000000000e+00,4.502249959989419207e+06
-5.810670412631296244e+00,1.997540113958650609e+00,1.243018685309222882e+00,1.332550240401089381e+00,8.500000000000000611e-02,3.000000000000000000e+00,4.502249959989419207e+06
-5.810670412631296244e+00,1.997540113958650609e+00,1.243018685309222882e+00,1.332550240401089381e+00,8.500000000000000611e-02,3.000000000000000000e+00,4.502249959989419207e+06
-5.810670412631296244e+00,1.997540113958650609e+00,1.243018685309222882e+00,1.332550240401089381e+00,8.500000000000000611e-02,3.000000000000000000e+00,4.502249959989419207e+06
-5.810670412631296244e+00,1.997540113958650609e+00,1.243018685309222882e+00,1.332550240401089381e+00,8.500000000000000611e-02,3.000000000000000000e+00,4.502249959989419207e+06
-5.810670412631296244e+00,1.997540113958650609e+00,1.243018685309222882e+00,1.332550240401089381e+00,8.500000000000000611e-02,3.000000000000000000e+00,4.502249959989419207e+06
-5.810670412631296244e+00,1.997540113958650609e+00,1.243018685309222882e+00,1.332550240401089381e+00,8.500000000000000611e-02,3.000000000000000000e+00,4.502249959989419207e+06
-5.810670412631296244e+00,1.997540113958650609e+00,1.243018685309222882e+00,1.332550240401089381e+00,8.500000000000000611e-02,3.000000000000000000e+00,4.502249959989419207e+06
-5.810670412631296244e+00,1.997540113958650609e+00,1.243018685309222882e+00,1.332550240401089381e+00,8.500000000000000611e-02,3.000000000000000000e+00,4.502249959989419207e+06
-5.810670412631296244e+00,1.997540113958650609e+00,1.243018685309222882e+00,1.332550240401089381e+00,8.500000000000000611e-02,3.000000000000000000e+00,4.502249959989419207e+06
-5.810670412631296244e+00,1.997540113958650609e+00,1.243018685309222882e+00,1.332550240401089381e+00,8.500000000000000611e-02,3.000000000000000000e+00,4.502249959989419207e+06
-5.810670412631296244e+00,1.997540113958650609e+00,1.243018685309222882e+00,1.332550240401089381e+00,8.500000000000000611e-02,3.000000000000000000e+00,4.502249959989419207e+06
-5.810670412631296244e+00,1.997540113958650609e+00,1.243018685309222882e+00,1.332550240401089381e+00,8.500000000000000611e-02,3.000000000000000000e+00,4.502249959989419207e+06
-5.810670412631296244e+00,1.997540113958650609e+00,1.243018685309222882e+00,1.332550240401089381e+00,8.500000000000000611e-02,3.000000000000000000e+00,4.502249959989419207e+06
-5.810670412631296244e+00,1.997540113958650609e+00,1.243018685309222882e+00,1.332550240401089381e+00,8.500000000000000611e-02,3.000000000000000000e+00,4.502249959989419207e+06
-5.810791314742293601e+00,1.997228342955584157e+00,1.242671291627529317e+00,1.332107241790584595e+00,8.500000000000000611e-02,3.000000000000000000e+00,4.502249959989419207e+06
-5.810791314742293601e+00,1.997228342955584157e+00,1.242671291627529317e+00,1.332107241790584595e+00,8.500000000000000611e-02,3.000000000000000000e+00,4.502249959989419207e+06
-5.810791314742293601e+00,1.997228342955584157e+00,1.242671291627529317e+00,1.332107241790584595e+00,8.500000000000000611e-02,3.000000000000000000e+00,4.502249959989419207e+06
-5.810791314742293601e+00,1.997228342955584157e+00,1.242671291627529317e+00,1.332107241790584595e+00,8.500000000000000611e-02,3.000000000000000000e+00,4.502249959989419207e+06
-5.810791314742293601e+00,1.997228342955584157e+00,1.242671291627529317e+00,1.332107241790584595e+00,8.500000000000000611e-02,3.000000000000000000e+00,4.502249959989419207e+06
-5.809234278768758308e+00,1.999494139283834793e+00,1.246459801720762872e+00,1.335936977883665611e+00,8.500000000000000611e-02,3.000000000000000000e+00,4.502249959989419207e+06
-5.809234278768758308e+00,1.999494139283834793e+00,1.246459801720762872e+00,1.335936977883665611e+00,8.500000000000000611e-02,3.000000000000000000e+00,4.502249959989419207e+06
-5.809234278768758308e+00,1.999494139283834793e+00,1.246459801720762872e+00,1.335936977883665611e+00,8.500000000000000611e-02,3.000000000000000000e+00,4.502249959989419207e+06
-5.809234278768758308e+00,1.999494139283834793e+00,1.246459801720762872e+00,1.335936977883665611e+00,8.500000000000000611e-02,3.000000000000000000e+00,4.502249959989419207e+06
-5.809234278768758308e+00,1.999494139283834793e+00,1.246459801720762872e+00,1.335936977883665611e+00,8.500000000000000611e-02,3.000000000000000000e+00,4.502249959989419207e+06
-5.809234278768758308e+00,1.999494139283834793e+00,1.246459801720762872e+00,1.335936977883665611e+00,8.500000000000000611e-02,3.000000000000000000e+00,4.502249959989419207e+06
-5.809234278768758308e+00,1.999494139283834793e+00,1.246459801720762872e+00,1.335936977883665611e+00,8.500000000000000611e-02,3.000000000000000000e+00,4.502249959989419207e+06
-5.812885339198570200e+00,1.995847038751877855e+00,1.241793527959148769e+00,1.333103529162004364e+00,8.500000000000000611e-02,3.000000000000000000e+00,4.502249959989419207e+06
-5.812885339198570200e+00,1.995847038751877855e+00,1.241793527959148769e+00,1.333103529162004364e+00,8.500000000000000611e-02,3.000000000000000000e+00,4.502249959989419207e+06
-5.812885339198570200e+00,1.995847038751877855e+00,1.241793527959148769e+00,1.333103529162004364e+00,8.500000000000000611e-02,3.000000000000000000e+00,4.502249959989419207e+06
-5.812885339198570200e+00,1.995847038751877855e+00,1.241793527959148769e+00,1.333103529162004364e+00,8.500000000000000611e-02,3.000000000000000000e+00,4.502249959989419207e+06
-5.812885339198570200e+00,1.995847038751877855e+00,1.241793527959148769e+00,1.333103529162004364e+00,8.500000000000000611e-02,3.000000000000000000e+00,4.502249959989419207e+06
-5.812885339198570200e+00,1.995847038751877855e+00,1.241793527959148769e+00,1.333103529162004364e+00,8.500000000000000611e-02,3.000000000000000000e+00,4.502249959989419207e+06
-5.812885339198570200e+00,1.995847038751877855e+00,1.241793527959148769e+00,1.333103529162004364e+00,8.500000000000000611e-02,3.000000000000000000e+00,4.502249959989419207e+06
-5.808354293966348614e+00,1.998046617744942077e+00,1.247431643691359282e+00,1.335559546880559223e+00,8.500000000000000611e-02,3.000000000000000000e+00,4.502249959989419207e+06
-5.808354293966348614e+00,1.998046617744942077e+00,1.247431643691359282e+00,1.335559546880559223e+00,8.500000000000000611e-02,3.000000000000000000e+00,4.502249959989419207e+06
-5.808354293966348614e+00,1.998046617744942077e+00,1.247431643691359282e+00,1.335559546880559223e+00,8.500000000000000611e-02,3.000000000000000000e+00,4.502249959989419207e+06
-5.808354293966348614e+00,1.998046617744942077e+00,1.247431643691359282e+00,1.335559546880559223e+00,8.500000000000000611e-02,3.000000000000000000e+00,4.502249959989419207e+06
-5.835923730926401376e+00,1.969091211415428866e+00,1.211455312597922607e+00,1.310980672511867562e+00,8.500000000000000611e-02,3.000000000000000000e+00,4.502249959989419207e+06
-5.866377668121167233e+00,1.919768962407925494e+00,1.164766762017001023e+00,1.273487472260155684e+00,8.500000000000000611e-02,3.000000000000000000e+00,4.502249959989419207e+06
-5.905505392277238919e+00,1.876820408604825019e+00,1.067836417749375988e+00,1.174780793510558308e+00,8.500000000000000611e-02,3.000000000000000000e+00,4.502249959989419207e+06
-5.905505392277238919e+00,1.876820408604825019e+00,1.067836417749375988e+00,1.174780793510558308e+00,8.500000000000000611e-02,3.000000000000000000e+00,4.502249959989419207e+06
-5.905505392277238919e+00,1.876820408604825019e+00,1.067836417749375988e+00,1.174780793510558308e+00,8.500000000000000611e-02,3.000000000000000000e+00,4.502249959989419207e+06
-5.913629266726951883e+00,1.866459437091346540e+00,1.052877489430170455e+00,1.161304447499673431e+00,8.500000000000000611e-02,3.000000000000000000e+00,4.502249959989419207e+06
-5.913629266726951883e+00,1.866459437091346540e+00,1.052877489430170455e+00,1.161304447499673431e+00,8.500000000000000611e-02,3.000000000000000000e+00,4.502249959989419207e+06
-5.913629266726951883e+00,1.866459437091346540e+00,1.052877489430170455e+00,1.161304447499673431e+00,8.500000000000000611e-02,3.000000000000000000e+00,4.502249959989419207e+06
-5.913629266726951883e+00,1.866459437091346540e+00,1.052877489430170455e+00,1.161304447499673431e+00,8.500000000000000611e-02,3.000000000000000000e+00,4.502249959989419207e+06
-5.913629266726951883e+00,1.866459437091346540e+00,1.052877489430170455e+00,1.161304447499673431e+00,8.500000000000000611e-02,3.000000000000000000e+00,4.502249959989419207e+06
-5.913727883795109719e+00,1.866320807002731508e+00,1.052690472512296749e+00,1.161133982509808149e+00,8.500000000000000611e-02,3.000000000000000000e+00,4.502249959989419207e+06
-5.913727883795109719e+00,1.866320807002731508e+00,1.052690472512296749e+00,1.161133982509808149e+00,8.500000000000000611e-02,3.000000000000000000e+00,4.502249959989419207e+06
-5.913727883795109719e+00,1.866320807002731508e+00,1.052690472512296749e+00,1.161133982509808149e+00,8.500000000000000611e-02,3.000000000000000000e+00,4.502249959989419207e+06
-5.913727883795109719e+00,1.866320807002731508e+00,1.052690472512296749e+00,1.161133982509808149e+00,8.500000000000000611e-02,3.000000000000000000e+00,4.502249959989419207e+06
-5.913727883795109719e+00,1.866320807002731508e+00,1.052690472512296749e+00,1.161133982509808149e+00,8.500000000000000611e-02,3.000000000000000000e+00,4.502249959989419207e+06
-4.396098979747561586e+00,3.063506687913225779e+00,3.054931106624309223e+00,1.959283348170102190e+00,8.500000000000000611e-02,3.000000000000000000e+00,4.502249959989419207e+06
-4.413056989717772716e+00,3.050482896223044804e+00,3.033195350718495220e+00,1.951084352608422723e+00,8.500000000000000611e-02,3.000000000000000000e+00,4.502249959989419207e+06
-4.423306122584937050e+00,3.042538116509875934e+00,3.019783920257359533e+00,1.945996450235209618e+00,8.500000000000000611e-02,3.000000000000000000e+00,4.502249959989419207e+06
-4.423306122584937050e+00,3.042538116509875934e+00,3.019783920257359533e+00,1.945996450235209618e+00,8.500000000000000611e-02,3.000000000000000000e+00,4.502249959989419207e+06
-4.647549287857005496e+00,2.758846888116564866e+00,2.622393623647107930e+00,1.619350394461203990e+00,8.500000000000000611e-02,3.000000000000000000e+00,4.502249959989419207e+06
-4.647549287857005496e+00,2.758846888116564866e+00,2.622393623647107930e+00,1.619350394461203990e+00,8.500000000000000611e-02,3.000000000000000000e+00,4.502249959989419207e+06
-4.837702705139371062e+00,2.363525634929598773e+00,2.239118349706638256e+00,1.409706007091751534e+00,8.500000000000000611e-02,3.000000000000000000e+00,4.502249959989419207e+06
-4.748156667255654106e+00,2.547253153791545266e+00,2.412002258373522334e+00,1.500511333374005885e+00,8.500000000000000611e-02,3.000000000000000000e+00,4.502249959989419207e+06
-5.082125022017607741e+00,1.686370780413252390e+00,1.425454435036972001e+00,9.847222620375393198e-01,8.500000000000000611e-02,3.000000000000000000e+00,4.502249959989419207e+06
-5.082125022017607741e+00,1.686370780413252390e+00,1.425454435036972001e+00,9.847222620375393198e-01,8.500000000000000611e-02,3.000000000000000000e+00,4.502249959989419207e+06
-5.082125022017607741e+00,1.686370780413252390e+00,1.425454435036972001e+00,9.847222620375393198e-01,8.500000000000000611e-02,3.000000000000000000e+00,4.502249959989419207e+06
-4.968274218116439656e+00,2.079821220232310086e+00,1.739559169315108456e+00,1.030399622739070820e+00,8.500000000000000611e-02,3.000000000000000000e+00,4.502249959989419207e+06
-4.797850105314354963e+00,2.503503891548717775e+00,2.742043743949302836e+00,1.804160315038102258e+00,8.500000000000000611e-02,3.000000000000000000e+00,4.502249959989419207e+06
-5.809435763446085588e+00,1.999964006155005247e+00,1.246122742910429571e+00,1.336304708661087970e+00,8.500000000000000611e-02,3.000000000000000000e+00,4.502249959989419207e+06
-5.809435763446085588e+00,1.999964006155005247e+00,1.246122742910429571e+00,1.336304708661087970e+00,8.500000000000000611e-02,3.000000000000000000e+00,4.502249959989419207e+06
-5.809435763446085588e+00,1.999964006155005247e+00,1.246122742910429571e+00,1.336304708661087970e+00,8.500000000000000611e-02,3.000000000000000000e+00,4.502249959989419207e+06
-5.809435763446085588e+00,1.999964006155005247e+00,1.246122742910429571e+00,1.336304708661087970e+00,8.500000000000000611e-02,3.000000000000000000e+00,4.502249959989419207e+06
-5.809435763446085588e+00,1.999964006155005247e+00,1.246122742910429571e+00,1.336304708661087970e+00,8.500000000000000611e-02,3.000000000000000000e+00,4.502249959989419207e+06
-5.809435763446085588e+00,1.999964006155005247e+00,1.246122742910429571e+00,1.336304708661087970e+00,8.500000000000000611e-02,3.000000000000000000e+00,4.502249959989419207e+06
-5.809435763446085588e+00,1.999964006155005247e+00,1.246122742910429571e+00,1.336304708661087970e+00,8.500000000000000611e-02,3.000000000000000000e+00,4.502249959989419207e+06
-5.809435763446085588e+00,1.999964006155005247e+00,1.246122742910429571e+00,1.336304708661087970e+00,8.500000000000000611e-02,3.000000000000000000e+00,4.502249959989419207e+06
-5.809435763446085588e+00,1.999964006155005247e+00,1.246122742910429571e+00,1.336304708661087970e+00,8.500000000000000611e-02,3.000000000000000000e+00,4.502249959989419207e+06
-5.809435763446085588e+00,1.999964006155005247e+00,1.246122742910429571e+00,1.336304708661087970e+00,8.500000000000000611e-02,3.000000000000000000e+00,4.502249959989419207e+06
-5.809432364870851906e+00,1.999987834590731373e+00,1.246161765695218637e+00,1.336329554050490254e+00,8.500000000000000611e-02,3.000000000000000000e+00,4.502249959989419207e+06
-5.809432182174732340e+00,1.999990381081563351e+00,1.246162713644978659e+00,1.336332087669833024e+00,8.500000000000000611e-02,3.000000000000000000e+00,4.502249959989419207e+06
-5.809432182174732340e+00,1.999990381081563351e+00,1.246162713644978659e+00,1.336332087669833024e+00,8.500000000000000611e-02,3.000000000000000000e+00,4.502249959989419207e+06
-5.809432182174732340e+00,1.999990381081563351e+00,1.246162713644978659e+00,1.336332087669833024e+00,8.500000000000000611e-02,3.000000000000000000e+00,4.502249959989419207e+06
-5.809432182174732340e+00,1.999990381081563351e+00,1.246162713644978659e+00,1.336332087669833024e+00,8.500000000000000611e-02,3.000000000000000000e+00,4.502249959989419207e+06
-5.809432182174732340e+00,1.999990381081563351e+00,1.246162713644978659e+00,1.336332087669833024e+00,8.500000000000000611e-02,3.000000000000000000e+00,4.502249959989419207e+06
-5.809432182174732340e+00,1.999990381081563351e+00,1.246162713644978659e+00,1.336332087669833024e+00,8.500000000000000611e-02,3.000000000000000000e+00,4.502249959989419207e+06
-5.809432182174732340e+00,1.999990381081563351e+00,1.246162713644978659e+00,1.336332087669833024e+00,8.500000000000000611e-02,3.000000000000000000e+00,4.502249959989419207e+06
-5.809391013778911095e+00,2.000052265812599206e+00,1.246266839188625353e+00,1.336448197256499215e+00,8.500000000000000611e-02,3.000000000000000000e+00,4.502249959989419207e+06
-5.809391013778911095e+00,2.000052265812599206e+00,1.246266839188625353e+00,1.336448197256499215e+00,8.500000000000000611e-02,3.000000000000000000e+00,4.502249959989419207e+06
-5.809391013778911095e+00,2.000052265812599206e+00,1.246266839188625353e+00,1.336448197256499215e+00,8.500000000000000611e-02,3.000000000000000000e+00,4.502249959989419207e+06
-5.809391013778911095e+00,2.000052265812599206e+00,1.246266839188625353e+00,1.336448197256499215e+00,8.500000000000000611e-02,3.000000000000000000e+00,4.502249959989419207e+06
-5.809391013778911095e+00,2.000052265812599206e+00,1.246266839188625353e+00,1.336448197256499215e+00,8.500000000000000611e-02,3.000000000000000000e+00,4.502249959989419207e+06
-5.809391013778911095e+00,2.000052265812599206e+00,1.246266839188625353e+00,1.336448197256499215e+00,8.500000000000000611e-02,3.000000000000000000e+00,4.502249959989419207e+06
-5.809391013778911095e+00,2.000052265812599206e+00,1.246266839188625353e+00,1.336448197256499215e+00,8.500000000000000611e-02,3.000000000000000000e+00,4.502249959989419207e+06
-5.809391013778911095e+00,2.000052265812599206e+00,1.246266839188625353e+00,1.336448197256499215e+00,8.500000000000000611e-02,3.000000000000000000e+00,4.502249959989419207e+06
-5.809391013778911095e+00,2.000052265812599206e+00,1.246266839188625353e+00,1.336448197256499215e+00,8.500000000000000611e-02,3.000000000000000000e+00,4.502249959989419207e+06
-5.809391013778911095e+00,2.000052265812599206e+00,1.246266839188625353e+00,1.336448197256499215e+00,8.500000000000000611e-02,3.000000000000000000e+00,4.502249959989419207e+06
-5.809954227356334044e+00,1.999680561116923716e+00,1.245189318978609627e+00,1.335488778308069779e+00,8.500000000000000611e-02,3.000000000000000000e+00,4.502249959989419207e+06
-5.809954227356334044e+00,1.999680561116923716e+00,1.245189318978609627e+00,1.335488778308069779e+00,8.500000000000000611e-02,3.000000000000000000e+00,4.502249959989419207e+06
-5.809954227356334044e+00,1.999680561116923716e+00,1.245189318978609627e+00,1.335488778308069779e+00,8.500000000000000611e-02,3.000000000000000000e+00,4.502249959989419207e+06
-5.809954227356334044e+00,1.999680561116923716e+00,1.245189318978609627e+00,1.335488778308069779e+00,8.500000000000000611e-02,3.000000000000000000e+00,4.502249959989419207e+06
-5.809954227356334044e+00,1.999680561116923716e+00,1.245189318978609627e+00,1.335488778308069779e+00,8.500000000000000611e-02,3.000000000000000000e+00,4.502249959989419207e+06
-5.809954227356334044e+00,1.999680561116923716e+00,1.245189318978609627e+00,1.335488778308069779e+00,8.500000000000000611e-02,3.000000000000000000e+00,4.502249959989419207e+06
-5.809954227356334044e+00,1.999680561116923716e+00,1.245189318978609627e+00,1.335488778308069779e+00,8.500000000000000611e-02,3.000000000000000000e+00,4.502249959989419207e+06
-5.809954227356334044e+00,1.999680561116923716e+00,1.245189318978609627e+00,1.335488778308069779e+00,8.500000000000000611e-02,3.000000000000000000e+00,4.502249959989419207e+06
-5.809954227356334044e+00,1.999680561116923716e+00,1.245189318978609627e+00,1.335488778308069779e+00,8.500000000000000611e-02,3.000000000000000000e+00,4.502249959989419207e+06
-5.809954227356334044e+00,1.999680561116923716e+00,1.245189318978609627e+00,1.335488778308069779e+00,8.500000000000000611e-02,3.000000000000000000e+00,4.502249959989419207e+06
-5.809958826994306769e+00,1.999658527545731035e+00,1.245187557972534886e+00,1.335468022511483444e+00,8.500000000000000611e-02,3.000000000000000000e+00,4.502249959989419207e+06
-5.809958826994306769e+00,1.999658527545731035e+00,1.245187557972534886e+00,1.335468022511483444e+00,8.500000000000000611e-02,3.000000000000000000e+00,4.502249959989419207e+06
-5.810331573833300567e+00,1.999380731189417393e+00,1.244454909884057381e+00,1.334809656007034606e+00,8.500000000000000611e-02,3.000000000000000000e+00,4.502249959989419207e+06
-5.812091786662389126e+00,1.998581119367869308e+00,1.241083643856597085e+00,1.332129380157053511e+00,8.500000000000000611e-02,3.000000000000000000e+00,4.502249959989419207e+06
-5.812091786662389126e+00,1.998581119367869308e+00,1.241083643856597085e+00,1.332129380157053511e+00,8.500000000000000611e-02,3.000000000000000000e+00,4.502249959989419207e+06
-5.812091786662389126e+00,1.998581119367869308e+00,1.241083643856597085e+00,1.332129380157053511e+00,8.500000000000000611e-02,3.000000000000000000e+00,4.502249959989419207e+06
-5.812091786662389126e+00,1.998581119367869308e+00,1.241083643856597085e+00,1.332129380157053511e+00,8.500000000000000611e-02,3.000000000000000000e+00,4.502249959989419207e+06
-5.812091786662389126e+00,1.998581119367869308e+00,1.241083643856597085e+00,1.332129380157053511e+00,8.500000000000000611e-02,3.000000000000000000e+00,4.502249959989419207e+06
-5.812091786662389126e+00,1.998581119367869308e+00,1.241083643856597085e+00,1.332129380157053511e+00,8.500000000000000611e-02,3.000000000000000000e+00,4.502249959989419207e+06
-5.812091786662389126e+00,1.998581119367869308e+00,1.241083643856597085e+00,1.332129380157053511e+00,8.500000000000000611e-02,3.000000000000000000e+00,4.502249959989419207e+06
-5.812091786662389126e+00,1.998581119367869308e+00,1.241083643856597085e+00,1.332129380157053511e+00,8.500000000000000611e-02,3.000000000000000000e+00,4.502249959989419207e+06
-5.812091786662389126e+00,1.998581119367869308e+00,1.241083643856597085e+00,1.332129380157053511e+00,8.500000000000000611e-02,3.000000000000000000e+00,4.502249959989419207e+06
-5.812091786662389126e+00,1.998581119367869308e+00,1.241083643856597085e+00,1.332129380157053511e+00,8.500000000000000611e-02,3.000000000000000000e+00,4.502249959989419207e+06
-5.824121435906399746e+00,1.988649037301925437e+00,1.222284738563102602e+00,1.320267246046333609e+00,8.500000000000000611e-02,3.000000000000000000e+00,4.502249959989419207e+06
-5.821930848984061768e+00,1.990350224984771543e+00,1.225789188279988950e+00,1.322585713126164686e+00,8.500000000000000611e-02,3.000000000000000000e+00,4.502249959989419207e+06
-5.821930848984061768e+00,1.990350224984771543e+00,1.225789188279988950e+00,1.322585713126164686e+00,8.500000000000000611e-02,3.000000000000000000e+00,4.502249959989419207e+06
-5.821930848984061768e+00,1.990350224984771543e+00,1.225789188279988950e+00,1.322585713126164686e+00,8.500000000000000611e-02,3.000000000000000000e+00,4.502249959989419207e+06
-5.821930848984061768e+00,1.990350224984771543e+00,1.225789188279988950e+00,1.322585713126164686e+00,8.500000000000000611e-02,3.000000000000000000e+00,4.502249959989419207e+06
-5.821930848984061768e+00,1.990350224984771543e+00,1.225789188279988950e+00,1.322585713126164686e+00,8.500000000000000611e-02,3.000000000000000000e+00,4.502249959989419207e+06
-5.821930848984061768e+00,1.990350224984771543e+00,1.225789188279988950e+00,1.322585713126164686e+00,8.500000000000000611e-02,3.000000000000000000e+00,4.502249959989419207e+06
-5.821930848984061768e+00,1.990350224984771543e+00,1.225789188279988950e+00,1.322585713126164686e+00,8.500000000000000611e-02,3.000000000000000000e+00,4.502249959989419207e+06
-5.821930848984061768e+00,1.990350224984771543e+00,1.225789188279988950e+00,1.322585713126164686e+00,8.500000000000000611e-02,3.000000000000000000e+00,4.502249959989419207e+06
-5.821930848984061768e+00,1.990350224984771543e+00,1.225789188279988950e+00,1.322585713126164686e+00,8.500000000000000611e-02,3.000000000000000000e+00,4.502249959989419207e+06
-5.821930848984061768e+00,1.990350224984771543e+00,1.225789188279988950e+00,1.322585713126164686e+00,8.500000000000000611e-02,3.000000000000000000e+00,4.502249959989419207e+06
-5.935604232588474360e+00,1.854389273570661523e+00,1.012556142164023454e+00,1.126324405886705682e+00,8.500000000000000611e-02,3.000000000000000000e+00,4.502249959989419207e+06
-5.935604232588474360e+00,1.854389273570661523e+00,1.012556142164023454e+00,1.126324405886705682e+00,8.500000000000000611e-02,3.000000000000000000e+00,4.502249959989419207e+06
-5.935604232588474360e+00,1.854389273570661523e+00,1.012556142164023454e+00,1.126324405886705682e+00,8.500000000000000611e-02,3.000000000000000000e+00,4.502249959989419207e+06
-5.935604232588474360e+00,1.854389273570661523e+00,1.012556142164023454e+00,1.126324405886705682e+00,8.500000000000000611e-02,3.000000000000000000e+00,4.502249959989419207e+06
-5.935604232588474360e+00,1.854389273570661523e+00,1.012556142164023454e+00,1.126324405886705682e+00,8.500000000000000611e-02,3.000000000000000000e+00,4.502249959989419207e+06
-5.935604232588474360e+00,1.854389273570661523e+00,1.012556142164023454e+00,1.126324405886705682e+00,8.500000000000000611e-02,3.000000000000000000e+00,4.502249959989419207e+06
-5.935604232588474360e+00,1.854389273570661523e+00,1.012556142164023454e+00,1.126324405886705682e+00,8.500000000000000611e-02,3.000000000000000000e+00,4.502249959989419207e+06
-5.935604232588474360e+00,1.854389273570661523e+00,1.012556142164023454e+00,1.126324405886705682e+00,8.500000000000000611e-02,3.000000000000000000e+00,4.502249959989419207e+06
-5.935604232588474360e+00,1.854389273570661523e+00,1.012556142164023454e+00,1.126324405886705682e+00,8.500000000000000611e-02,3.000000000000000000e+00,4.502249959989419207e+06
-5.935604232588474360e+00,1.854389273570661523e+00,1.012556142164023454e+00,1.126324405886705682e+00,8.500000000000000611e-02,3.000000000000000000e+00,4.502249959989419207e+06
-5.935604232588474360e+00,1.854389273570661523e+00,1.012556142164023454e+00,1.126324405886705682e+00,8.500000000000000611e-02,3.000000000000000000e+00,4.502249959989419207e+06
-5.935604232588474360e+00,1.854389273570661523e+00,1.012556142164023454e+00,1.126324405886705682e+00,8.500000000000000611e-02,3.000000000000000000e+00,4.502249959989419207e+06
-5.935604232588474360e+00,1.854389273570661523e+00,1.012556142164023454e+00,1.126324405886705682e+00,8.500000000000000611e-02,3.000000000000000000e+00,4.502249959989419207e+06
-5.935604232588474360e+00,1.854389273570661523e+00,1.012556142164023454e+00,1.126324405886705682e+00,8.500000000000000611e-02,3.000000000000000000e+00,4.502249959989419207e+06
-5.935604232588474360e+00,1.854389273570661523e+00,1.012556142164023454e+00,1.126324405886705682e+00,8.500000000000000611e-02,3.000000000000000000e+00,4.502249959989419207e+06
-5.935604232588474360e+00,1.854389273570661523e+00,1.012556142164023454e+00,1.126324405886705682e+00,8.500000000000000611e-02,3.000000000000000000e+00,4.502249959989419207e+06
-5.938735849324333849e+00,1.848640783253226338e+00,1.002785607793615918e+00,1.111213531575762081e+00,8.500000000000000611e-02,3.000000000000000000e+00,4.502249959989419207e+06
-7.083144212428482689e+00,9.470443127877832268e-01,-5.203927332548632378e-01,4.808098007832701803e-01,8.500000000000000611e-02,3.000000000000000000e+00,4.502249959989419207e+06
-7.133999880224168422e+00,9.049865268998191770e-01,-5.909031161299553858e-01,4.466470481140781823e-01,8.500000000000000611e-02,3.000000000000000000e+00,4.502249959989419207e+06
-7.133999880224168422e+00,9.049865268998191770e-01,-5.909031161299553858e-01,4.466470481140781823e-01,8.500000000000000611e-02,3.000000000000000000e+00,4.502249959989419207e+06
-7.133999880224168422e+00,9.049865268998191770e-01,-5.909031161299553858e-01,4.466470481140781823e-01,8.500000000000000611e-02,3.000000000000000000e+00,4.502249959989419207e+06
-7.133999880224168422e+00,9.049865268998191770e-01,-5.909031161299553858e-01,4.466470481140781823e-01,8.500000000000000611e-02,3.000000000000000000e+00,4.502249959989419207e+06
-7.133999880224168422e+00,9.049865268998191770e-01,-5.909031161299553858e-01,4.466470481140781823e-01,8.500000000000000611e-02,3.000000000000000000e+00,4.502249959989419207e+06
-7.133999880224168422e+00,9.049865268998191770e-01,-5.909031161299553858e-01,4.466470481140781823e-01,8.500000000000000611e-02,3.000000000000000000e+00,4.502249959989419207e+06
-7.133999880224168422e+00,9.049865268998191770e-01,-5.909031161299553858e-01,4.466470481140781823e-01,8.500000000000000611e-02,3.000000000000000000e+00,4.502249959989419207e+06
-7.133999880224168422e+00,9.049865268998191770e-01,-5.909031161299553858e-01,4.466470481140781823e-01,8.500000000000000611e-02,3.000000000000000000e+00,4.502249959989419207e+06
-7.133999880224168422e+00,9.049865268998191770e-01,-5.909031161299553858e-01,4.466470481140781823e-01,8.500000000000000611e-02,3.000000000000000000e+00,4.502249959989419207e+06
-7.133999880224168422e+00,9.049865268998191770e-01,-5.909031161299553858e-01,4.466470481140781823e-01,8.500000000000000611e-02,3.000000000000000000e+00,4.502249959989419207e+06
-5.809432752192279281e+00,1.999958168414560422e+00,1.246129946092624285e+00,1.336293714906774621e+00,8.500000000000000611e-02,3.000000000000000000e+00,4.502249959989419207e+06
-5.809432752192279281e+00,1.999958168414560422e+00,1.246129946092624285e+00,1.336293714906774621e+00,8.500000000000000611e-02,3.000000000000000000e+00,4.502249959989419207e+06
-5.809527115122208762e+00,1.999804249936175227e+00,1.245914245370524975e+00,1.336054617218735974e+00,8.500000000000000611e-02,3.000000000000000000e+00,4.502249959989419207e+06
-5.809563203315709856e+00,1.999744858654704860e+00,1.245830674389689863e+00,1.335965049129047566e+00,8.500000000000000611e-02,3.000000000000000000e+00,4.502249959989419207e+06
-5.809749982874865992e+00,1.999433326609274753e+00,1.245400495122545248e+00,1.335487786761236251e+00,8.500000000000000611e-02,3.000000000000000000e+00,4.502249959989419207e+06
-5.809749982874865992e+00,1.999433326609274753e+00,1.245400495122545248e+00,1.335487786761236251e+00,8.500000000000000611e-02,3.000000000000000000e+00,4.502249959989419207e+06
-5.809749982874865992e+00,1.999433326609274753e+00,1.245400495122545248e+00,1.335487786761236251e+00,8.500000000000000611e-02,3.000000000000000000e+00,4.502249959989419207e+06
-5.809672740446788275e+00,1.999564805901502318e+00,1.245582081922988804e+00,1.335695180706096163e+00,8.500000000000000611e-02,3.000000000000000000e+00,4.502249959989419207e+06
-5.809763688295810802e+00,1.999415895841922586e+00,1.245377762292216195e+00,1.335468872907435101e+00,8.500000000000000611e-02,3.000000000000000000e+00,4.502249959989419207e+06
-5.809763688295810802e+00,1.999415895841922586e+00,1.245377762292216195e+00,1.335468872907435101e+00,8.500000000000000611e-02,3.000000000000000000e+00,4.502249959989419207e+06
-5.809763688295810802e+00,1.999415895841922586e+00,1.245377762292216195e+00,1.335468872907435101e+00,8.500000000000000611e-02,3.000000000000000000e+00,4.502249959989419207e+06
-5.809763688295810802e+00,1.999415895841922586e+00,1.245377762292216195e+00,1.335468872907435101e+00,8.500000000000000611e-02,3.000000000000000000e+00,4.502249959989419207e+06
-5.809763688295810802e+00,1.999415895841922586e+00,1.245377762292216195e+00,1.335468872907435101e+00,8.500000000000000611e-02,3.000000000000000000e+00,4.502249959989419207e+06
-5.809763688295810802e+00,1.999415895841922586e+00,1.245377762292216195e+00,1.335468872907435101e+00,8.500000000000000611e-02,3.000000000000000000e+00,4.502249959989419207e+06
-5.809763688295810802e+00,1.999415895841922586e+00,1.245377762292216195e+00,1.335468872907435101e+00,8.500000000000000611e-02,3.000000000000000000e+00,4.502249959989419207e+06
-5.809763688295810802e+00,1.999415895841922586e+00,1.245377762292216195e+00,1.335468872907435101e+00,8.500000000000000611e-02,3.000000000000000000e+00,4.502249959989419207e+06
-5.809763688295810802e+00,1.999415895841922586e+00,1.245377762292216195e+00,1.335468872907435101e+00,8.500000000000000611e-02,3.000000000000000000e+00,4.502249959989419207e+06
-5.809763688295810802e+00,1.999415895841922586e+00,1.245377762292216195e+00,1.335468872907435101e+00,8.500000000000000611e-02,3.000000000000000000e+00,4.502249959989419207e+06
-5.809763688295810802e+00,1.999415895841922586e+00,1.245377762292216195e+00,1.335468872907435101e+00,8.500000000000000611e-02,3.000000000000000000e+00,4.502249959989419207e+06
-5.809763688295810802e+00,1.999415895841922586e+00,1.245377762292216195e+00,1.335468872907435101e+00,8.500000000000000611e-02,3.000000000000000000e+00,4.502249959989419207e+06
-5.809763688295810802e+00,1.999415895841922586e+00,1.245377762292216195e+00,1.335468872907435101e+00,8.500000000000000611e-02,3.000000000000000000e+00,4.502249959989419207e+06
-5.809763688295810802e+00,1.999415895841922586e+00,1.245377762292216195e+00,1.335468872907435101e+00,8.500000000000000611e-02,3.000000000000000000e+00,4.502249959989419207e+06
-5.809763688295810802e+00,1.999415895841922586e+00,1.245377762292216195e+00,1.335468872907435101e+00,8.500000000000000611e-02,3.000000000000000000e+00,4.502249959989419207e+06
-5.809763688295810802e+00,1.999415895841922586e+00,1.245377762292216195e+00,1.335468872907435101e+00,8.500000000000000611e-02,3.000000000000000000e+00,4.502249959989419207e+06
-5.809763688295810802e+00,1.999415895841922586e+00,1.245377762292216195e+00,1.335468872907435101e+00,8.500000000000000611e-02,3.000000000000000000e+00,4.502249959989419207e+06
-5.809763688295810802e+00,1.999415895841922586e+00,1.245377762292216195e+00,1.335468872907435101e+00,8.500000000000000611e-02,3.000000000000000000e+00,4.502249959989419207e+06
-5.809763688295810802e+00,1.999415895841922586e+00,1.245377762292216195e+00,1.335468872907435101e+00,8.500000000000000611e-02,3.000000000000000000e+00,4.502249959989419207e+06
-5.809763688295810802e+00,1.999415895841922586e+00,1.245377762292216195e+00,1.335468872907435101e+00,8.500000000000000611e-02,3.000000000000000000e+00,4.502249959989419207e+06
-5.809763688295810802e+00,1.999415895841922586e+00,1.245377762292216195e+00,1.335468872907435101e+00,8.500000000000000611e-02,3.000000000000000000e+00,4.502249959989419207e+06
-5.809763688295810802e+00,1.999415895841922586e+00,1.245377762292216195e+00,1.335468872907435101e+00,8.500000000000000611e-02,3.000000000000000000e+00,4.502249959989419207e+06
-5.809763688295810802e+00,1.999415895841922586e+00,1.245377762292216195e+00,1.335468872907435101e+00,8.500000000000000611e-02,3.000000000000000000e+00,4.502249959989419207e+06
-5.809763688295810802e+00,1.999415895841922586e+00,1.245377762292216195e+00,1.335468872907435101e+00,8.500000000000000611e-02,3.000000000000000000e+00,4.502249959989419207e+06
-5.809763688295810802e+00,1.999415895841922586e+00,1.245377762292216195e+00,1.335468872907435101e+00,8.500000000000000611e-02,3.000000000000000000e+00,4.502249959989419207e+06
-5.809763688295810802e+00,1.999415895841922586e+00,1.245377762292216195e+00,1.335468872907435101e+00,8.500000000000000611e-02,3.000000000000000000e+00,4.502249959989419207e+06
-5.809763688295810802e+00,1.999415895841922586e+00,1.245377762292216195e+00,1.335468872907435101e+00,8.500000000000000611e-02,3.000000000000000000e+00,4.502249959989419207e+06
-5.809160600681676279e+00,1.999357777226818289e+00,1.245182884075819008e+00,1.334158737557823660e+00,8.500000000000000611e-02,3.000000000000000000e+00,4.502249959989419207e+06
-5.809160600681676279e+00,1.999357777226818289e+00,1.245182884075819008e+00,1.334158737557823660e+00,8.500000000000000611e-02,3.000000000000000000e+00,4.502249959989419207e+06
-5.809160600681676279e+00,1.999357777226818289e+00,1.245182884075819008e+00,1.334158737557823660e+00,8.500000000000000611e-02,3.000000000000000000e+00,4.502249959989419207e+06
-5.809160600681676279e+00,1.999357777226818289e+00,1.245182884075819008e+00,1.334158737557823660e+00,8.500000000000000611e-02,3.000000000000000000e+00,4.502249959989419207e+06
-5.809160600681676279e+00,1.999357777226818289e+00,1.245182884075819008e+00,1.334158737557823660e+00,8.500000000000000611e-02,3.000000000000000000e+00,4.502249959989419207e+06
-5.809160600681676279e+00,1.999357777226818289e+00,1.245182884075819008e+00,1.334158737557823660e+00,8.500000000000000611e-02,3.000000000000000000e+00,4.502249959989419207e+06
-5.809160600681676279e+00,1.999357777226818289e+00,1.245182884075819008e+00,1.334158737557823660e+00,8.500000000000000611e-02,3.000000000000000000e+00,4.502249959989419207e+06
-5.809160600681676279e+00,1.999357777226818289e+00,1.245182884075819008e+00,1.334158737557823660e+00,8.500000000000000611e-02,3.000000000000000000e+00,4.502249959989419207e+06
-5.809160600681676279e+00,1.999357777226818289e+00,1.245182884075819008e+00,1.334158737557823660e+00,8.500000000000000611e-02,3.000000000000000000e+00,4.502249959989419207e+06
-5.809160600681676279e+00,1.999357777226818289e+00,1.245182884075819008e+00,1.334158737557823660e+00,8.500000000000000611e-02,3.000000000000000000e+00,4.502249959989419207e+06
-5.808888464557499631e+00,1.998964878301376924e+00,1.245223690222754920e+00,1.333822779181085050e+00,8.500000000000000611e-02,3.000000000000000000e+00,4.502249959989419207e+06
-5.808888464557499631e+00,1.998964878301376924e+00,1.245223690222754920e+00,1.333822779181085050e+00,8.500000000000000611e-02,3.000000000000000000e+00,4.502249959989419207e+06
-5.808888464557499631e+00,1.998964878301376924e+00,1.245223690222754920e+00,1.333822779181085050e+00,8.500000000000000611e-02,3.000000000000000000e+00,4.502249959989419207e+06
-5.808888464557499631e+00,1.998964878301376924e+00,1.245223690222754920e+00,1.333822779181085050e+00,8.500000000000000611e-02,3.000000000000000000e+00,4.502249959989419207e+06
-5.808888464557499631e+00,1.998964878301376924e+00,1.245223690222754920e+00,1.333822779181085050e+00,8.500000000000000611e-02,3.000000000000000000e+00,4.502249959989419207e+06
-5.808888464557499631e+00,1.998964878301376924e+00,1.245223690222754920e+00,1.333822779181085050e+00,8.500000000000000611e-02,3.000000000000000000e+00,4.502249959989419207e+06
-5.808888464557499631e+00,1.998964878301376924e+00,1.245223690222754920e+00,1.333822779181085050e+00,8.500000000000000611e-02,3.000000000000000000e+00,4.502249959989419207e+06
-5.808888464557499631e+00,1.998964878301376924e+00,1.245223690222754920e+00,1.333822779181085050e+00,8.500000000000000611e-02,3.000000000000000000e+00,4.502249959989419207e+06
-5.808888464557499631e+00,1.998964878301376924e+00,1.245223690222754920e+00,1.333822779181085050e+00,8.500000000000000611e-02,3.000000000000000000e+00,4.502249959989419207e+06
-5.808888464557499631e+00,1.998964878301376924e+00,1.245223690222754920e+00,1.333822779181085050e+00,8.500000000000000611e-02,3.000000000000000000e+00,4.502249959989419207e+06
-5.816864365094284395e+00,1.994677723694063598e+00,1.222868358147155332e+00,1.308223436306566567e+00,8.500000000000000611e-02,3.000000000000000000e+00,4.502249959989419207e+06
-5.816864365094284395e+00,1.994677723694063598e+00,1.222868358147155332e+00,1.308223436306566567e+00,8.500000000000000611e-02,3.000000000000000000e+00,4.502249959989419207e+06
-5.816864365094284395e+00,1.994677723694063598e+00,1.222868358147155332e+00,1.308223436306566567e+00,8.500000000000000611e-02,3.000000000000000000e+00,4.502249959989419207e+06
-5.816864365094284395e+00,1.994677723694063598e+00,1.222868358147155332e+00,1.308223436306566567e+00,8.500000000000000611e-02,3.000000000000000000e+00,4.502249959989419207e+06
-5.816864365094284395e+00,1.994677723694063598e+00,1.222868358147155332e+00,1.308223436306566567e+00,8.500000000000000611e-02,3.000000000000000000e+00,4.502249959989419207e+06
-5.816864365094284395e+00,1.994677723694063598e+00,1.222868358147155332e+00,1.308223436306566567e+00,8.500000000000000611e-02,3.000000000000000000e+00,4.502249959989419207e+06
-5.816864365094284395e+00,1.994677723694063598e+00,1.222868358147155332e+00,1.308223436306566567e+00,8.500000000000000611e-02,3.000000000000000000e+00,4.502249959989419207e+06
-5.817018066509927365e+00,1.994628428414124910e+00,1.222337555168687251e+00,1.307371738848363218e+00,8.500000000000000611e-02,3.000000000000000000e+00,4.502249959989419207e+06
-5.817018066509927365e+00,1.994628428414124910e+00,1.222337555168687251e+00,1.307371738848363218e+00,8.500000000000000611e-02,3.000000000000000000e+00,4.502249959989419207e+06
-5.817018066509927365e+00,1.994628428414124910e+00,1.222337555168687251e+00,1.307371738848363218e+00,8.500000000000000611e-02,3.000000000000000000e+00,4.502249959989419207e+06
-5.817018066509927365e+00,1.994628428414124910e+00,1.222337555168687251e+00,1.307371738848363218e+00,8.500000000000000611e-02,3.000000000000000000e+00,4.502249959989419207e+06
-5.817018066509927365e+00,1.994628428414124910e+00,1.222337555168687251e+00,1.307371738848363218e+00,8.500000000000000611e-02,3.000000000000000000e+00,4.502249959989419207e+06
-5.817018066509927365e+00,1.994628428414124910e+00,1.222337555168687251e+00,1.307371738848363218e+00,8.500000000000000611e-02,3.000000000000000000e+00,4.502249959989419207e+06
-5.816791457415161126e+00,1.994825973608807423e+00,1.222517790683719241e+00,1.307359638461183859e+00,8.500000000000000611e-02,3.000000000000000000e+00,4.502249959989419207e+06
-5.816791457415161126e+00,1.994825973608807423e+00,1.222517790683719241e+00,1.307359638461183859e+00,8.500000000000000611e-02,3.000000000000000000e+00,4.502249959989419207e+06
-5.813013323061360538e+00,1.998015450043757468e+00,1.228393204623019708e+00,1.311702030749340331e+00,8.500000000000000611e-02,3.000000000000000000e+00,4.502249959989419207e+06
-5.813013323061360538e+00,1.998015450043757468e+00,1.228393204623019708e+00,1.311702030749340331e+00,8.500000000000000611e-02,3.000000000000000000e+00,4.502249959989419207e+06
-5.813013323061360538e+00,1.998015450043757468e+00,1.228393204623019708e+00,1.311702030749340331e+00,8.500000000000000611e-02,3.000000000000000000e+00,4.502249959989419207e+06
-5.813013323061360538e+00,1.998015450043757468e+00,1.228393204623019708e+00,1.311702030749340331e+00,8.500000000000000611e-02,3.000000000000000000e+00,4.502249959989419207e+06
-5.815173454537485576e+00,1.997831126115852785e+00,1.217874411199810325e+00,1.297571294545948328e+00,8.500000000000000611e-02,3.000000000000000000e+00,4.502249959989419207e+06
-5.815173454537485576e+00,1.997831126115852785e+00,1.217874411199810325e+00,1.297571294545948328e+00,8.500000000000000611e-02,3.000000000000000000e+00,4.502249959989419207e+06
-5.815173454537485576e+00,1.997831126115852785e+00,1.217874411199810325e+00,1.297571294545948328e+00,8.500000000000000611e-02,3.000000000000000000e+00,4.502249959989419207e+06
-5.815173454537485576e+00,1.997831126115852785e+00,1.217874411199810325e+00,1.297571294545948328e+00,8.500000000000000611e-02,3.000000000000000000e+00,4.502249959989419207e+06
-4.043815243378559465e+00,3.475717863502754579e+00,3.607537136390983612e+00,2.355909213038123617e+00,8.500000000000000611e-02,3.000000000000000000e+00,4.502249959989419207e+06
-3.434831398778128708e+00,3.984519814823769934e+00,4.422105918017773973e+00,2.707289504496485755e+00,8.500000000000000611e-02,3.000000000000000000e+00,4.502249959989419207e+06
-4.148048475768384868e+00,3.398892353584330284e+00,3.460173275758659184e+00,2.282843742270356024e+00,8.500000000000000611e-02,3.000000000000000000e+00,4.502249959989419207e+06
-4.251948224340693194e+00,3.303513105103865310e+00,3.269633486215912654e+00,2.117065500981868631e+00,8.500000000000000611e-02,3.000000000000000000e+00,4.502249959989419207e+06
-4.233570202696415485e+00,3.267608566311436924e+00,3.298572789761891944e+00,2.207223835488182129e+00,8.500000000000000611e-02,3.000000000000000000e+00,4.502249959989419207e+06
-4.061927557831459090e+00,3.118906818669128889e+00,3.551192359750564354e+00,2.760601054469131732e+00,8.500000000000000611e-02,3.000000000000000000e+00,4.502249959989419207e+06
-4.061927557831459090e+00,3.118906818669128889e+00,3.551192359750564354e+00,2.760601054469131732e+00,8.500000000000000611e-02,3.000000000000000000e+00,4.502249959989419207e+06
-4.289423390792708624e+00,2.554932214049374206e+00,3.352110378163696947e+00,2.920352602331372172e+00,8.500000000000000611e-02,3.000000000000000000e+00,4.502249959989419207e+06
-4.289423390792708624e+00,2.554932214049374206e+00,3.352110378163696947e+00,2.920352602331372172e+00,8.500000000000000611e-02,3.000000000000000000e+00,4.502249959989419207e+06
-4.198523521152282001e+00,2.745918631361364159e+00,3.423903817230806723e+00,2.876365662805158152e+00,8.500000000000000611e-02,3.000000000000000000e+00,4.502249959989419207e+06
-3.575994032610840367e+00,4.713966053454025307e+00,3.016581318077448337e+00,1.172501380103274427e+00,8.500000000000000611e-02,3.000000000000000000e+00,4.502249959989419207e+06
-3.361487899879897601e+00,2.685611921441576122e+00,5.297912685745709283e-01,8.874328857776194734e-01,8.500000000000000611e-02,3.000000000000000000e+00,4.502249959989419207e+06
-5.809429998185619226e+00,1.999961465380307279e+00,1.246125392603016024e+00,1.336296988303360855e+00,8.500000000000000611e-02,3.000000000000000000e+00,4.502249959989419207e+06
-5.809429998185619226e+00,1.999961465380307279e+00,1.246125392603016024e+00,1.336296988303360855e+00,8.500000000000000611e-02,3.000000000000000000e+00,4.502249959989419207e+06
-5.809429998185619226e+00,1.999961465380307279e+00,1.246125392603016024e+00,1.336296988303360855e+00,8.500000000000000611e-02,3.000000000000000000e+00,4.502249959989419207e+06
-5.809429998185619226e+00,1.999961465380307279e+00,1.246125392603016024e+00,1.336296988303360855e+00,8.500000000000000611e-02,3.000000000000000000e+00,4.502249959989419207e+06
-5.809429998185619226e+00,1.999961465380307279e+00,1.246125392603016024e+00,1.336296988303360855e+00,8.500000000000000611e-02,3.000000000000000000e+00,4.502249959989419207e+06
-5.809429998185619226e+00,1.999961465380307279e+00,1.246125392603016024e+00,1.336296988303360855e+00,8.500000000000000611e-02,3.000000000000000000e+00,4.502249959989419207e+06
-5.809429998185619226e+00,1.999961465380307279e+00,1.246125392603016024e+00,1.336296988303360855e+00,8.500000000000000611e-02,3.000000000000000000e+00,4.502249959989419207e+06
-5.809429998185619226e+00,1.999961465380307279e+00,1.246125392603016024e+00,1.336296988303360855e+00,8.500000000000000611e-02,3.000000000000000000e+00,4.502249959989419207e+06
-5.809429998185619226e+00,1.999961465380307279e+00,1.246125392603016024e+00,1.336296988303360855e+00,8.500000000000000611e-02,3.000000000000000000e+00,4.502249959989419207e+06
-5.809429998185619226e+00,1.999961465380307279e+00,1.246125392603016024e+00,1.336296988303360855e+00,8.500000000000000611e-02,3.000000000000000000e+00,4.502249959989419207e+06
-5.809429609800581318e+00,1.999955423083635386e+00,1.246127325791374973e+00,1.336293782467911084e+00,8.500000000000000611e-02,3.000000000000000000e+00,4.502249959989419207e+06
-5.809429609800581318e+00,1.999955423083635386e+00,1.246127325791374973e+00,1.336293782467911084e+00,8.500000000000000611e-02,3.000000000000000000e+00,4.502249959989419207e+06
-5.809429609800581318e+00,1.999955423083635386e+00,1.246127325791374973e+00,1.336293782467911084e+00,8.500000000000000611e-02,3.000000000000000000e+00,4.502249959989419207e+06
-5.809429609800581318e+00,1.999955423083635386e+00,1.246127325791374973e+00,1.336293782467911084e+00,8.500000000000000611e-02,3.000000000000000000e+00,4.502249959989419207e+06
-5.809429609800581318e+00,1.999955423083635386e+00,1.246127325791374973e+00,1.336293782467911084e+00,8.500000000000000611e-02,3.000000000000000000e+00,4.502249959989419207e+06
-5.809429609800581318e+00,1.999955423083635386e+00,1.246127325791374973e+00,1.336293782467911084e+00,8.500000000000000611e-02,3.000000000000000000e+00,4.502249959989419207e+06
-5.809429609800581318e+00,1.999955423083635386e+00,1.246127325791374973e+00,1.336293782467911084e+00,8.500000000000000611e-02,3.000000000000000000e+00,4.502249959989419207e+06
-5.809356886017821076e+00,2.000358831485439026e+00,1.246702136112955106e+00,1.337026161656187817e+00,8.500000000000000611e-02,3.000000000000000000e+00,4.502249959989419207e+06
-5.809356886017821076e+00,2.000358831485439026e+00,1.246702136112955106e+00,1.337026161656187817e+00,8.500000000000000611e-02,3.000000000000000000e+00,4.502249959989419207e+06
-5.809356886017821076e+00,2.000358831485439026e+00,1.246702136112955106e+00,1.337026161656187817e+00,8.500000000000000611e-02,3.000000000000000000e+00,4.502249959989419207e+06
-5.809356886017821076e+00,2.000358831485439026e+00,1.246702136112955106e+00,1.337026161656187817e+00,8.500000000000000611e-02,3.000000000000000000e+00,4.502249959989419207e+06
-5.809356886017821076e+00,2.000358831485439026e+00,1.246702136112955106e+00,1.337026161656187817e+00,8.500000000000000611e-02,3.000000000000000000e+00,4.502249959989419207e+06
-5.809356886017821076e+00,2.000358831485439026e+00,1.246702136112955106e+00,1.337026161656187817e+00,8.500000000000000611e-02,3.000000000000000000e+00,4.502249959989419207e+06
-5.809356886017821076e+00,2.000358831485439026e+00,1.246702136112955106e+00,1.337026161656187817e+00,8.500000000000000611e-02,3.000000000000000000e+00,4.502249959989419207e+06
-5.809356886017821076e+00,2.000358831485439026e+00,1.246702136112955106e+00,1.337026161656187817e+00,8.500000000000000611e-02,3.000000000000000000e+00,4.502249959989419207e+06
-5.809356886017821076e+00,2.000358831485439026e+00,1.246702136112955106e+00,1.337026161656187817e+00,8.500000000000000611e-02,3.000000000000000000e+00,4.502249959989419207e+06
-5.809356886017821076e+00,2.000358831485439026e+00,1.246702136112955106e+00,1.337026161656187817e+00,8.500000000000000611e-02,3.000000000000000000e+00,4.502249959989419207e+06
-5.809356886017821076e+00,2.000358831485439026e+00,1.246702136112955106e+00,1.337026161656187817e+00,8.500000000000000611e-02,3.000000000000000000e+00,4.502249959989419207e+06
-5.809356886017821076e+00,2.000358831485439026e+00,1.246702136112955106e+00,1.337026161656187817e+00,8.500000000000000611e-02,3.000000000000000000e+00,4.502249959989419207e+06
-5.809752527259433030e+00,1.999951719951306162e+00,1.245932065575536596e+00,1.336339066615384708e+00,8.500000000000000611e-02,3.000000000000000000e+00,4.502249959989419207e+06
-5.809752527259433030e+00,1.999951719951306162e+00,1.245932065575536596e+00,1.336339066615384708e+00,8.500000000000000611e-02,3.000000000000000000e+00,4.502249959989419207e+06
-5.809752527259433030e+00,1.999951719951306162e+00,1.245932065575536596e+00,1.336339066615384708e+00,8.500000000000000611e-02,3.000000000000000000e+00,4.502249959989419207e+06
-5.809752527259433030e+00,1.999951719951306162e+00,1.245932065575536596e+00,1.336339066615384708e+00,8.500000000000000611e-02,3.000000000000000000e+00,4.502249959989419207e+06
-5.809752527259433030e+00,1.999951719951306162e+00,1.245932065575536596e+00,1.336339066615384708e+00,8.500000000000000611e-02,3.000000000000000000e+00,4.502249959989419207e+06
-5.809634119617259174e+00,2.000039497941115130e+00,1.246161793862054612e+00,1.336519566500076417e+00,8.500000000000000611e-02,3.000000000000000000e+00,4.502249959989419207e+06
-5.809634119617259174e+00,2.000039497941115130e+00,1.246161793862054612e+00,1.336519566500076417e+00,8.500000000000000611e-02,3.000000000000000000e+00,4.502249959989419207e+06
-5.809634119617259174e+00,2.000039497941115130e+00,1.246161793862054612e+00,1.336519566500076417e+00,8.500000000000000611e-02,3.000000000000000000e+00,4.502249959989419207e+06
-5.809634119617259174e+00,2.000039497941115130e+00,1.246161793862054612e+00,1.336519566500076417e+00,8.500000000000000611e-02,3.000000000000000000e+00,4.502249959989419207e+06
-5.809634119617259174e+00,2.000039497941115130e+00,1.246161793862054612e+00,1.336519566500076417e+00,8.500000000000000611e-02,3.000000000000000000e+00,4.502249959989419207e+06
-5.809634119617259174e+00,2.000039497941115130e+00,1.246161793862054612e+00,1.336519566500076417e+00,8.500000000000000611e-02,3.000000000000000000e+00,4.502249959989419207e+06
-5.809634119617259174e+00,2.000039497941115130e+00,1.246161793862054612e+00,1.336519566500076417e+00,8.500000000000000611e-02,3.000000000000000000e+00,4.502249959989419207e+06
-5.809634119617259174e+00,2.000039497941115130e+00,1.246161793862054612e+00,1.336519566500076417e+00,8.500000000000000611e-02,3.000000000000000000e+00,4.502249959989419207e+06
-5.809634119617259174e+00,2.000039497941115130e+00,1.246161793862054612e+00,1.336519566500076417e+00,8.500000000000000611e-02,3.000000000000000000e+00,4.502249959989419207e+06
-5.809634119617259174e+00,2.000039497941115130e+00,1.246161793862054612e+00,1.336519566500076417e+00,8.500000000000000611e-02,3.000000000000000000e+00,4.502249959989419207e+06
-5.809634119617259174e+00,2.000039497941115130e+00,1.246161793862054612e+00,1.336519566500076417e+00,8.500000000000000611e-02,3.000000000000000000e+00,4.502249959989419207e+06
-5.812155917298515106e+00,1.998139093468281668e+00,1.241836397628800492e+00,1.332870225232875683e+00,8.500000000000000611e-02,3.000000000000000000e+00,4.502249959989419207e+06
-5.812155917298515106e+00,1.998139093468281668e+00,1.241836397628800492e+00,1.332870225232875683e+00,8.500000000000000611e-02,3.000000000000000000e+00,4.502249959989419207e+06
-5.812155917298515106e+00,1.998139093468281668e+00,1.241836397628800492e+00,1.332870225232875683e+00,8.500000000000000611e-02,3.000000000000000000e+00,4.502249959989419207e+06
-5.812155917298515106e+00,1.998139093468281668e+00,1.241836397628800492e+00,1.332870225232875683e+00,8.500000000000000611e-02,3.000000000000000000e+00,4.502249959989419207e+06
-5.810452176759609344e+00,1.999575448519835597e+00,1.245327816963464063e+00,1.335829007637707733e+00,8.500000000000000611e-02,3.000000000000000000e+00,4.502249959989419207e+06
-5.810452176759609344e+00,1.999575448519835597e+00,1.245327816963464063e+00,1.335829007637707733e+00,8.500000000000000611e-02,3.000000000000000000e+00,4.502249959989419207e+06
-5.810452176759609344e+00,1.999575448519835597e+00,1.245327816963464063e+00,1.335829007637707733e+00,8.500000000000000611e-02,3.000000000000000000e+00,4.502249959989419207e+06
-5.810452176759609344e+00,1.999575448519835597e+00,1.245327816963464063e+00,1.335829007637707733e+00,8.500000000000000611e-02,3.000000000000000000e+00,4.502249959989419207e+06
-5.810452176759609344e+00,1.999575448519835597e+00,1.245327816963464063e+00,1.335829007637707733e+00,8.500000000000000611e-02,3.000000000000000000e+00,4.502249959989419207e+06
-5.810452176759609344e+00,1.999575448519835597e+00,1.245327816963464063e+00,1.335829007637707733e+00,8.500000000000000611e-02,3.000000000000000000e+00,4.502249959989419207e+06
-5.810452176759609344e+00,1.999575448519835597e+00,1.245327816963464063e+00,1.335829007637707733e+00,8.500000000000000611e-02,3.000000000000000000e+00,4.502249959989419207e+06
-5.810452176759609344e+00,1.999575448519835597e+00,1.245327816963464063e+00,1.335829007637707733e+00,8.500000000000000611e-02,3.000000000000000000e+00,4.502249959989419207e+06
-5.810452176759609344e+00,1.999575448519835597e+00,1.245327816963464063e+00,1.335829007637707733e+00,8.500000000000000611e-02,3.000000000000000000e+00,4.502249959989419207e+06
-5.810452176759609344e+00,1.999575448519835597e+00,1.245327816963464063e+00,1.335829007637707733e+00,8.500000000000000611e-02,3.000000000000000000e+00,4.502249959989419207e+06
-5.810452176759609344e+00,1.999575448519835597e+00,1.245327816963464063e+00,1.335829007637707733e+00,8.500000000000000611e-02,3.000000000000000000e+00,4.502249959989419207e+06
-5.810452176759609344e+00,1.999575448519835597e+00,1.245327816963464063e+00,1.335829007637707733e+00,8.500000000000000611e-02,3.000000000000000000e+00,4.502249959989419207e+06
-5.810452176759609344e+00,1.999575448519835597e+00,1.245327816963464063e+00,1.335829007637707733e+00,8.500000000000000611e-02,3.000000000000000000e+00,4.502249959989419207e+06
-5.810452176759609344e+00,1.999575448519835597e+00,1.245327816963464063e+00,1.335829007637707733e+00,8.500000000000000611e-02,3.000000000000000000e+00,4.502249959989419207e+06
-5.810452176759609344e+00,1.999575448519835597e+00,1.245327816963464063e+00,1.335829007637707733e+00,8.500000000000000611e-02,3.000000000000000000e+00,4.502249959989419207e+06
-5.810452176759609344e+00,1.999575448519835597e+00,1.245327816963464063e+00,1.335829007637707733e+00,8.500000000000000611e-02,3.000000000000000000e+00,4.502249959989419207e+06
-5.810452176759609344e+00,1.999575448519835597e+00,1.245327816963464063e+00,1.335829007637707733e+00,8.500000000000000611e-02,3.000000000000000000e+00,4.502249959989419207e+06
-5.810452176759609344e+00,1.999575448519835597e+00,1.245327816963464063e+00,1.335829007637707733e+00,8.500000000000000611e-02,3.000000000000000000e+00,4.502249959989419207e+06
-5.810452176759609344e+00,1.999575448519835597e+00,1.245327816963464063e+00,1.335829007637707733e+00,8.500000000000000611e-02,3.000000000000000000e+00,4.502249959989419207e+06
-5.810452176759609344e+00,1.999575448519835597e+00,1.245327816963464063e+00,1.335829007637707733e+00,8.500000000000000611e-02,3.000000000000000000e+00,4.502249959989419207e+06
-5.810452176759609344e+00,1.999575448519835597e+00,1.245327816963464063e+00,1.335829007637707733e+00,8.500000000000000611e-02,3.000000000000000000e+00,4.502249959989419207e+06
-5.810452176759609344e+00,1.999575448519835597e+00,1.245327816963464063e+00,1.335829007637707733e+00,8.500000000000000611e-02,3.000000000000000000e+00,4.502249959989419207e+06
-5.810452176759609344e+00,1.999575448519835597e+00,1.245327816963464063e+00,1.335829007637707733e+00,8.500000000000000611e-02,3.000000000000000000e+00,4.502249959989419207e+06
-5.810452176759609344e+00,1.999575448519835597e+00,1.245327816963464063e+00,1.335829007637707733e+00,8.500000000000000611e-02,3.000000000000000000e+00,4.502249959989419207e+06
-5.810452176759609344e+00,1.999575448519835597e+00,1.245327816963464063e+00,1.335829007637707733e+00,8.500000000000000611e-02,3.000000000000000000e+00,4.502249959989419207e+06
-5.810452176759609344e+00,1.999575448519835597e+00,1.245327816963464063e+00,1.335829007637707733e+00,8.500000000000000611e-02,3.000000000000000000e+00,4.502249959989419207e+06
-5.810452176759609344e+00,1.999575448519835597e+00,1.245327816963464063e+00,1.335829007637707733e+00,8.500000000000000611e-02,3.000000000000000000e+00,4.502249959989419207e+06
-5.810452176759609344e+00,1.999575448519835597e+00,1.245327816963464063e+00,1.335829007637707733e+00,8.500000000000000611e-02,3.000000000000000000e+00,4.502249959989419207e+06
-5.810452176759609344e+00,1.999575448519835597e+00,1.245327816963464063e+00,1.335829007637707733e+00,8.500000000000000611e-02,3.000000000000000000e+00,4.502249959989419207e+06
-5.810452176759609344e+00,1.999575448519835597e+00,1.245327816963464063e+00,1.335829007637707733e+00,8.500000000000000611e-02,3.000000000000000000e+00,4.502249959989419207e+06
-5.810452176759609344e+00,1.999575448519835597e+00,1.245327816963464063e+00,1.335829007637707733e+00,8.500000000000000611e-02,3.000000000000000000e+00,4.502249959989419207e+06
-5.810452176759609344e+00,1.999575448519835597e+00,1.245327816963464063e+00,1.335829007637707733e+00,8.500000000000000611e-02,3.000000000000000000e+00,4.502249959989419207e+06
-5.810452176759609344e+00,1.999575448519835597e+00,1.245327816963464063e+00,1.335829007637707733e+00,8.500000000000000611e-02,3.000000000000000000e+00,4.502249959989419207e+06
-3.905641850825237071e+00,3.689830100137595714e+00,3.950492538318623570e+00,2.759361548592571989e+00,8.500000000000000611e-02,3.000000000000000000e+00,4.502249959989419207e+06
-4.001290650670299875e+00,3.566678250812050255e+00,3.760343253607669300e+00,2.598316279690727537e+00,8.500000000000000611e-02,3.000000000000000000e+00,4.502249959989419207e+06
-3.827616312760553363e+00,4.340739559858797669e+00,4.203856740320559560e+00,2.452983533512780756e+00,8.500000000000000611e-02,3.000000000000000000e+00,4.502249959989419207e+06
-3.827616312760553363e+00,4.340739559858797669e+00,4.203856740320559560e+00,2.452983533512780756e+00,8.500000000000000611e-02,3.000000000000000000e+00,4.502249959989419207e+06
-3.468372824294673862e+00,6.343644221624852975e+00,4.597232299682744383e+00,1.210539435911512918e+00,8.500000000000000611e-02,3.000000000000000000e+00,4.502249959989419207e+06
-3.493769814098680371e+00,6.011738692083002711e+00,4.195963402531604380e+00,1.137015132340187584e+00,8.500000000000000611e-02,3.000000000000000000e+00,4.502249959989419207e+06
-3.493769814098680371e+00,6.011738692083002711e+00,4.195963402531604380e+00,1.137015132340187584e+00,8.500000000000000611e-02,3.000000000000000000e+00,4.502249959989419207e+06
-3.445999549854771082e+00,5.967991143512747954e+00,3.971347704924171218e+00,1.010653873138533276e+00,8.500000000000000611e-02,3.000000000000000000e+00,4.502249959989419207e+06
-5.809438446041592208e+00,1.999975519403477175e+00,1.246127954258617443e+00,1.336306164812661290e+00,8.500000000000000611e-02,3.000000000000000000e+00,4.502249959989419207e+06
-5.809438446041592208e+00,1.999975519403477175e+00,1.246127954258617443e+00,1.336306164812661290e+00,8.500000000000000611e-02,3.000000000000000000e+00,4.502249959989419207e+06
-5.809438446041592208e+00,1.999975519403477175e+00,1.246127954258617443e+00,1.336306164812661290e+00,8.500000000000000611e-02,3.000000000000000000e+00,4.502249959989419207e+06
-5.809438446041592208e+00,1.999975519403477175e+00,1.246127954258617443e+00,1.336306164812661290e+00,8.500000000000000611e-02,3.000000000000000000e+00,4.502249959989419207e+06
-5.809438446041592208e+00,1.999975519403477175e+00,1.246127954258617443e+00,1.336306164812661290e+00,8.500000000000000611e-02,3.000000000000000000e+00,4.502249959989419207e+06
-5.809438446041592208e+00,1.999975519403477175e+00,1.246127954258617443e+00,1.336306164812661290e+00,8.500000000000000611e-02,3.000000000000000000e+00,4.502249959989419207e+06
-5.809438446041592208e+00,1.999975519403477175e+00,1.246127954258617443e+00,1.336306164812661290e+00,8.500000000000000611e-02,3.000000000000000000e+00,4.502249959989419207e+06
-5.809438446041592208e+00,1.999975519403477175e+00,1.246127954258617443e+00,1.336306164812661290e+00,8.500000000000000611e-02,3.000000000000000000e+00,4.502249959989419207e+06
-5.809438446041592208e+00,1.999975519403477175e+00,1.246127954258617443e+00,1.336306164812661290e+00,8.500000000000000611e-02,3.000000000000000000e+00,4.502249959989419207e+06
-5.809438446041592208e+00,1.999975519403477175e+00,1.246127954258617443e+00,1.336306164812661290e+00,8.500000000000000611e-02,3.000000000000000000e+00,4.502249959989419207e+06
-5.809438446041592208e+00,1.999975519403477175e+00,1.246127954258617443e+00,1.336306164812661290e+00,8.500000000000000611e-02,3.000000000000000000e+00,4.502249959989419207e+06
-5.809438446041592208e+00,1.999975519403477175e+00,1.246127954258617443e+00,1.336306164812661290e+00,8.500000000000000611e-02,3.000000000000000000e+00,4.502249959989419207e+06
-5.809438446041592208e+00,1.999975519403477175e+00,1.246127954258617443e+00,1.336306164812661290e+00,8.500000000000000611e-02,3.000000000000000000e+00,4.502249959989419207e+06
-5.809438446041592208e+00,1.999975519403477175e+00,1.246127954258617443e+00,1.336306164812661290e+00,8.500000000000000611e-02,3.000000000000000000e+00,4.502249959989419207e+06
-5.809438446041592208e+00,1.999975519403477175e+00,1.246127954258617443e+00,1.336306164812661290e+00,8.500000000000000611e-02,3.000000000000000000e+00,4.502249959989419207e+06
-5.809438446041592208e+00,1.999975519403477175e+00,1.246127954258617443e+00,1.336306164812661290e+00,8.500000000000000611e-02,3.000000000000000000e+00,4.502249959989419207e+06
-5.809438446041592208e+00,1.999975519403477175e+00,1.246127954258617443e+00,1.336306164812661290e+00,8.500000000000000611e-02,3.000000000000000000e+00,4.502249959989419207e+06
-5.809438446041592208e+00,1.999975519403477175e+00,1.246127954258617443e+00,1.336306164812661290e+00,8.500000000000000611e-02,3.000000000000000000e+00,4.502249959989419207e+06
-5.809438446041592208e+00,1.999975519403477175e+00,1.246127954258617443e+00,1.336306164812661290e+00,8.500000000000000611e-02,3.000000000000000000e+00,4.502249959989419207e+06
-5.809438446041592208e+00,1.999975519403477175e+00,1.246127954258617443e+00,1.336306164812661290e+00,8.500000000000000611e-02,3.000000000000000000e+00,4.502249959989419207e+06
-5.809438446041592208e+00,1.999975519403477175e+00,1.246127954258617443e+00,1.336306164812661290e+00,8.500000000000000611e-02,3.000000000000000000e+00,4.502249959989419207e+06
-5.809438446041592208e+00,1.999975519403477175e+00,1.246127954258617443e+00,1.336306164812661290e+00,8.500000000000000611e-02,3.000000000000000000e+00,4.502249959989419207e+06
-5.809438446041592208e+00,1.999975519403477175e+00,1.246127954258617443e+00,1.336306164812661290e+00,8.500000000000000611e-02,3.000000000000000000e+00,4.502249959989419207e+06
-5.809438446041592208e+00,1.999975519403477175e+00,1.246127954258617443e+00,1.336306164812661290e+00,8.500000000000000611e-02,3.000000000000000000e+00,4.502249959989419207e+06
-5.809438446041592208e+00,1.999975519403477175e+00,1.246127954258617443e+00,1.336306164812661290e+00,8.500000000000000611e-02,3.000000000000000000e+00,4.502249959989419207e+06
-5.809438446041592208e+00,1.999975519403477175e+00,1.246127954258617443e+00,1.336306164812661290e+00,8.500000000000000611e-02,3.000000000000000000e+00,4.502249959989419207e+06
-5.809438446041592208e+00,1.999975519403477175e+00,1.246127954258617443e+00,1.336306164812661290e+00,8.500000000000000611e-02,3.000000000000000000e+00,4.502249959989419207e+06
-5.809438446041592208e+00,1.999975519403477175e+00,1.246127954258617443e+00,1.336306164812661290e+00,8.500000000000000611e-02,3.000000000000000000e+00,4.502249959989419207e+06
-5.809438446041592208e+00,1.999975519403477175e+00,1.246127954258617443e+00,1.336306164812661290e+00,8.500000000000000611e-02,3.000000000000000000e+00,4.502249959989419207e+06
-5.809438446041592208e+00,1.999975519403477175e+00,1.246127954258617443e+00,1.336306164812661290e+00,8.500000000000000611e-02,3.000000000000000000e+00,4.502249959989419207e+06
-5.809438446041592208e+00,1.999975519403477175e+00,1.246127954258617443e+00,1.336306164812661290e+00,8.500000000000000611e-02,3.000000000000000000e+00,4.502249959989419207e+06
-5.809438446041592208e+00,1.999975519403477175e+00,1.246127954258617443e+00,1.336306164812661290e+00,8.500000000000000611e-02,3.000000000000000000e+00,4.502249959989419207e+06
-5.809438446041592208e+00,1.999975519403477175e+00,1.246127954258617443e+00,1.336306164812661290e+00,8.500000000000000611e-02,3.000000000000000000e+00,4.502249959989419207e+06
-5.809438446041592208e+00,1.999975519403477175e+00,1.246127954258617443e+00,1.336306164812661290e+00,8.500000000000000611e-02,3.000000000000000000e+00,4.502249959989419207e+06
-5.809404472855680623e+00,1.999489235468339787e+00,1.246027754007647204e+00,1.335848398590515851e+00,8.500000000000000611e-02,3.000000000000000000e+00,4.502249959989419207e+06
-5.809404472855680623e+00,1.999489235468339787e+00,1.246027754007647204e+00,1.335848398590515851e+00,8.500000000000000611e-02,3.000000000000000000e+00,4.502249959989419207e+06
-5.809404472855680623e+00,1.999489235468339787e+00,1.246027754007647204e+00,1.335848398590515851e+00,8.500000000000000611e-02,3.000000000000000000e+00,4.502249959989419207e+06
-5.809404472855680623e+00,1.999489235468339787e+00,1.246027754007647204e+00,1.335848398590515851e+00,8.500000000000000611e-02,3.000000000000000000e+00,4.502249959989419207e+06
-5.809404472855680623e+00,1.999489235468339787e+00,1.246027754007647204e+00,1.335848398590515851e+00,8.500000000000000611e-02,3.000000000000000000e+00,4.502249959989419207e+06
-5.809404472855680623e+00,1.999489235468339787e+00,1.246027754007647204e+00,1.335848398590515851e+00,8.500000000000000611e-02,3.000000000000000000e+00,4.502249959989419207e+06
-5.809404472855680623e+00,1.999489235468339787e+00,1.246027754007647204e+00,1.335848398590515851e+00,8.500000000000000611e-02,3.000000000000000000e+00,4.502249959989419207e+06
-5.809404472855680623e+00,1.999489235468339787e+00,1.246027754007647204e+00,1.335848398590515851e+00,8.500000000000000611e-02,3.000000000000000000e+00,4.502249959989419207e+06
-5.809404472855680623e+00,1.999489235468339787e+00,1.246027754007647204e+00,1.335848398590515851e+00,8.500000000000000611e-02,3.000000000000000000e+00,4.502249959989419207e+06
-5.809404472855680623e+00,1.999489235468339787e+00,1.246027754007647204e+00,1.335848398590515851e+00,8.500000000000000611e-02,3.000000000000000000e+00,4.502249959989419207e+06
-5.809404472855680623e+00,1.999489235468339787e+00,1.246027754007647204e+00,1.335848398590515851e+00,8.500000000000000611e-02,3.000000000000000000e+00,4.502249959989419207e+06
-5.809404472855680623e+00,1.999489235468339787e+00,1.246027754007647204e+00,1.335848398590515851e+00,8.500000000000000611e-02,3.000000000000000000e+00,4.502249959989419207e+06
-5.809740180472068083e+00,1.999291422117579708e+00,1.245568412084253840e+00,1.335597174020486166e+00,8.500000000000000611e-02,3.000000000000000000e+00,4.502249959989419207e+06
-5.809740180472068083e+00,1.999291422117579708e+00,1.245568412084253840e+00,1.335597174020486166e+00,8.500000000000000611e-02,3.000000000000000000e+00,4.502249959989419207e+06
-5.809740180472068083e+00,1.999291422117579708e+00,1.245568412084253840e+00,1.335597174020486166e+00,8.500000000000000611e-02,3.000000000000000000e+00,4.502249959989419207e+06
-5.809740180472068083e+00,1.999291422117579708e+00,1.245568412084253840e+00,1.335597174020486166e+00,8.500000000000000611e-02,3.000000000000000000e+00,4.502249959989419207e+06
-5.809740180472068083e+00,1.999291422117579708e+00,1.245568412084253840e+00,1.335597174020486166e+00,8.500000000000000611e-02,3.000000000000000000e+00,4.502249959989419207e+06
-5.809764718341937417e+00,1.999266198304340270e+00,1.245531502666368029e+00,1.335577165809386457e+00,8.500000000000000611e-02,3.000000000000000000e+00,4.502249959989419207e+06
-5.809764718341937417e+00,1.999266198304340270e+00,1.245531502666368029e+00,1.335577165809386457e+00,8.500000000000000611e-02,3.000000000000000000e+00,4.502249959989419207e+06
-5.809754848131881921e+00,1.999277012762278760e+00,1.245543325504590682e+00,1.335584989673429090e+00,8.500000000000000611e-02,3.000000000000000000e+00,4.502249959989419207e+06
-5.809754848131881921e+00,1.999277012762278760e+00,1.245543325504590682e+00,1.335584989673429090e+00,8.500000000000000611e-02,3.000000000000000000e+00,4.502249959989419207e+06
-5.809754848131881921e+00,1.999277012762278760e+00,1.245543325504590682e+00,1.335584989673429090e+00,8.500000000000000611e-02,3.000000000000000000e+00,4.502249959989419207e+06
-5.809754848131881921e+00,1.999277012762278760e+00,1.245543325504590682e+00,1.335584989673429090e+00,8.500000000000000611e-02,3.000000000000000000e+00,4.502249959989419207e+06
-5.809754848131881921e+00,1.999277012762278760e+00,1.245543325504590682e+00,1.335584989673429090e+00,8.500000000000000611e-02,3.000000000000000000e+00,4.502249959989419207e+06
-5.809754848131881921e+00,1.999277012762278760e+00,1.245543325504590682e+00,1.335584989673429090e+00,8.500000000000000611e-02,3.000000000000000000e+00,4.502249959989419207e+06
-5.816694334978621761e+00,1.992585553805247489e+00,1.236909456368663562e+00,1.329679763096510037e+00,8.500000000000000611e-02,3.000000000000000000e+00,4.502249959989419207e+06
-5.816694334978621761e+00,1.992585553805247489e+00,1.236909456368663562e+00,1.329679763096510037e+00,8.500000000000000611e-02,3.000000000000000000e+00,4.502249959989419207e+06
-5.816694334978621761e+00,1.992585553805247489e+00,1.236909456368663562e+00,1.329679763096510037e+00,8.500000000000000611e-02,3.000000000000000000e+00,4.502249959989419207e+06
-5.816752706083719637e+00,1.992468218396857393e+00,1.236870733445682546e+00,1.329567630206970330e+00,8.500000000000000611e-02,3.000000000000000000e+00,4.502249959989419207e+06
-5.816849582405499319e+00,1.992423475059790228e+00,1.236771046591892187e+00,1.329536073521075501e+00,8.500000000000000611e-02,3.000000000000000000e+00,4.502249959989419207e+06
-5.816849582405499319e+00,1.992423475059790228e+00,1.236771046591892187e+00,1.329536073521075501e+00,8.500000000000000611e-02,3.000000000000000000e+00,4.502249959989419207e+06
-5.816849582405499319e+00,1.992423475059790228e+00,1.236771046591892187e+00,1.329536073521075501e+00,8.500000000000000611e-02,3.000000000000000000e+00,4.502249959989419207e+06
-5.816849582405499319e+00,1.992423475059790228e+00,1.236771046591892187e+00,1.329536073521075501e+00,8.500000000000000611e-02,3.000000000000000000e+00,4.502249959989419207e+06
-5.816759291253355002e+00,1.992480633226447306e+00,1.236884189595598649e+00,1.329588335280505351e+00,8.500000000000000611e-02,3.000000000000000000e+00,4.502249959989419207e+06
-5.816597996421580596e+00,1.992662072304547838e+00,1.237100122484912745e+00,1.329747930955994528e+00,8.500000000000000611e-02,3.000000000000000000e+00,4.502249959989419207e+06
-5.816597996421580596e+00,1.992662072304547838e+00,1.237100122484912745e+00,1.329747930955994528e+00,8.500000000000000611e-02,3.000000000000000000e+00,4.502249959989419207e+06
-5.816597996421580596e+00,1.992662072304547838e+00,1.237100122484912745e+00,1.329747930955994528e+00,8.500000000000000611e-02,3.000000000000000000e+00,4.502249959989419207e+06
-5.816597996421580596e+00,1.992662072304547838e+00,1.237100122484912745e+00,1.329747930955994528e+00,8.500000000000000611e-02,3.000000000000000000e+00,4.502249959989419207e+06
-5.819688927957196611e+00,1.989969304598401045e+00,1.233364290743675706e+00,1.327112880228395353e+00,8.500000000000000611e-02,3.000000000000000000e+00,4.502249959989419207e+06
-5.819688927957196611e+00,1.989969304598401045e+00,1.233364290743675706e+00,1.327112880228395353e+00,8.500000000000000611e-02,3.000000000000000000e+00,4.502249959989419207e+06
-5.819688927957196611e+00,1.989969304598401045e+00,1.233364290743675706e+00,1.327112880228395353e+00,8.500000000000000611e-02,3.000000000000000000e+00,4.502249959989419207e+06
-5.819688927957196611e+00,1.989969304598401045e+00,1.233364290743675706e+00,1.327112880228395353e+00,8.500000000000000611e-02,3.000000000000000000e+00,4.502249959989419207e+06
-5.819688927957196611e+00,1.989969304598401045e+00,1.233364290743675706e+00,1.327112880228395353e+00,8.500000000000000611e-02,3.000000000000000000e+00,4.502249959989419207e+06
-5.819688927957196611e+00,1.989969304598401045e+00,1.233364290743675706e+00,1.327112880228395353e+00,8.500000000000000611e-02,3.000000000000000000e+00,4.502249959989419207e+06
-5.819688927957196611e+00,1.989969304598401045e+00,1.233364290743675706e+00,1.327112880228395353e+00,8.500000000000000611e-02,3.000000000000000000e+00,4.502249959989419207e+06
-6.786956362543461907e+00,1.210431184585868847e+00,-1.699205895749389406e-02,7.352183072729642221e-01,8.500000000000000611e-02,3.000000000000000000e+00,4.502249959989419207e+06
-6.851544502437560524e+00,1.160191412444702808e+00,-1.113358437770908815e-01,6.982825408432630221e-01,8.500000000000000611e-02,3.000000000000000000e+00,4.502249959989419207e+06
-6.929505051625277190e+00,1.061149635508642053e+00,-2.540470413913479275e-01,6.149800669592934144e-01,8.500000000000000611e-02,3.000000000000000000e+00,4.502249959989419207e+06
-6.929505051625277190e+00,1.061149635508642053e+00,-2.540470413913479275e-01,6.149800669592934144e-01,8.500000000000000611e-02,3.000000000000000000e+00,4.502249959989419207e+06
-6.982441998218831714e+00,1.013560433412382666e+00,-3.280004445254717238e-01,6.108772832812832121e-01,8.500000000000000611e-02,3.000000000000000000e+00,4.502249959989419207e+06
-6.940881359467366174e+00,1.071903594473890609e+00,-2.545280232214775507e-01,6.178783542387508154e-01,8.500000000000000611e-02,3.000000000000000000e+00,4.502249959989419207e+06
-6.953541783715640356e+00,1.056641342196725120e+00,-2.835657477130375526e-01,6.019132329207612653e-01,8.500000000000000611e-02,3.000000000000000000e+00,4.502249959989419207e+06
-6.953541783715640356e+00,1.056641342196725120e+00,-2.835657477130375526e-01,6.019132329207612653e-01,8.500000000000000611e-02,3.000000000000000000e+00,4.502249959989419207e+06
-6.959325627915849743e+00,1.036940829651114448e+00,-3.155793558309859526e-01,5.706688822031289465e-01,8.500000000000000611e-02,3.000000000000000000e+00,4.502249959989419207e+06
-6.959325627915849743e+00,1.036940829651114448e+00,-3.155793558309859526e-01,5.706688822031289465e-01,8.500000000000000611e-02,3.000000000000000000e+00,4.502249959989419207e+06
-6.787967911975955282e+00,1.060121790026262723e+00,-1.751306854039481331e-01,5.643231572461888668e-01,8.500000000000000611e-02,3.000000000000000000e+00,4.502249959989419207e+06
-5.809433818203918243e+00,1.999960661758142688e+00,1.246128666272856345e+00,1.336295656209887550e+00,8.500000000000000611e-02,3.000000000000000000e+00,4.502249959989419207e+06
-5.809433818203918243e+00,1.999960661758142688e+00,1.246128666272856345e+00,1.336295656209887550e+00,8.500000000000000611e-02,3.000000000000000000e+00,4.502249959989419207e+06
-5.809433818203918243e+00,1.999960661758142688e+00,1.246128666272856345e+00,1.336295656209887550e+00,8.500000000000000611e-02,3.000000000000000000e+00,4.502249959989419207e+06
-5.809433818203918243e+00,1.999960661758142688e+00,1.246128666272856345e+00,1.336295656209887550e+00,8.500000000000000611e-02,3.000000000000000000e+00,4.502249959989419207e+06
-5.809433818203918243e+00,1.999960661758142688e+00,1.246128666272856345e+00,1.336295656209887550e+00,8.500000000000000611e-02,3.000000000000000000e+00,4.502249959989419207e+06
-5.809433818203918243e+00,1.999960661758142688e+00,1.246128666272856345e+00,1.336295656209887550e+00,8.500000000000000611e-02,3.000000000000000000e+00,4.502249959989419207e+06
-5.809433818203918243e+00,1.999960661758142688e+00,1.246128666272856345e+00,1.336295656209887550e+00,8.500000000000000611e-02,3.000000000000000000e+00,4.502249959989419207e+06
-5.809433818203918243e+00,1.999960661758142688e+00,1.246128666272856345e+00,1.336295656209887550e+00,8.500000000000000611e-02,3.000000000000000000e+00,4.502249959989419207e+06
-5.809433818203918243e+00,1.999960661758142688e+00,1.246128666272856345e+00,1.336295656209887550e+00,8.500000000000000611e-02,3.000000000000000000e+00,4.502249959989419207e+06
-5.809433818203918243e+00,1.999960661758142688e+00,1.246128666272856345e+00,1.336295656209887550e+00,8.500000000000000611e-02,3.000000000000000000e+00,4.502249959989419207e+06
-5.809433818203918243e+00,1.999960661758142688e+00,1.246128666272856345e+00,1.336295656209887550e+00,8.500000000000000611e-02,3.000000000000000000e+00,4.502249959989419207e+06
-5.809433818203918243e+00,1.999960661758142688e+00,1.246128666272856345e+00,1.336295656209887550e+00,8.500000000000000611e-02,3.000000000000000000e+00,4.502249959989419207e+06
-5.809432238729792530e+00,1.999962110256476633e+00,1.246133882412881366e+00,1.336299688429385846e+00,8.500000000000000611e-02,3.000000000000000000e+00,4.502249959989419207e+06
-5.809432238729792530e+00,1.999962110256476633e+00,1.246133882412881366e+00,1.336299688429385846e+00,8.500000000000000611e-02,3.000000000000000000e+00,4.502249959989419207e+06
-5.809432238729792530e+00,1.999962110256476633e+00,1.246133882412881366e+00,1.336299688429385846e+00,8.500000000000000611e-02,3.000000000000000000e+00,4.502249959989419207e+06
-5.809432238729792530e+00,1.999962110256476633e+00,1.246133882412881366e+00,1.336299688429385846e+00,8.500000000000000611e-02,3.000000000000000000e+00,4.502249959989419207e+06
-5.809432238729792530e+00,1.999962110256476633e+00,1.246133882412881366e+00,1.336299688429385846e+00,8.500000000000000611e-02,3.000000000000000000e+00,4.502249959989419207e+06
-5.809432238729792530e+00,1.999962110256476633e+00,1.246133882412881366e+00,1.336299688429385846e+00,8.500000000000000611e-02,3.000000000000000000e+00,4.502249959989419207e+06
-5.809432238729792530e+00,1.999962110256476633e+00,1.246133882412881366e+00,1.336299688429385846e+00,8.500000000000000611e-02,3.000000000000000000e+00,4.502249959989419207e+06
-5.809444381832704174e+00,1.999978384667778109e+00,1.246125220748942608e+00,1.336310011561119948e+00,8.500000000000000611e-02,3.000000000000000000e+00,4.502249959989419207e+06
-5.809444381832704174e+00,1.999978384667778109e+00,1.246125220748942608e+00,1.336310011561119948e+00,8.500000000000000611e-02,3.000000000000000000e+00,4.502249959989419207e+06
-5.809444381832704174e+00,1.999978384667778109e+00,1.246125220748942608e+00,1.336310011561119948e+00,8.500000000000000611e-02,3.000000000000000000e+00,4.502249959989419207e+06
-5.808270427445984652e+00,2.000800526592609430e+00,1.247523976193735562e+00,1.336862167778836152e+00,8.500000000000000611e-02,3.000000000000000000e+00,4.502249959989419207e+06
-5.808270427445984652e+00,2.000800526592609430e+00,1.247523976193735562e+00,1.336862167778836152e+00,8.500000000000000611e-02,3.000000000000000000e+00,4.502249959989419207e+06
-5.808058646695351435e+00,2.000588515798879197e+00,1.247114271865539248e+00,1.335926165964127055e+00,8.500000000000000611e-02,3.000000000000000000e+00,4.502249959989419207e+06
-5.808058646695351435e+00,2.000588515798879197e+00,1.247114271865539248e+00,1.335926165964127055e+00,8.500000000000000611e-02,3.000000000000000000e+00,4.502249959989419207e+06
-5.808058646695351435e+00,2.000588515798879197e+00,1.247114271865539248e+00,1.335926165964127055e+00,8.500000000000000611e-02,3.000000000000000000e+00,4.502249959989419207e+06
-5.808058646695351435e+00,2.000588515798879197e+00,1.247114271865539248e+00,1.335926165964127055e+00,8.500000000000000611e-02,3.000000000000000000e+00,4.502249959989419207e+06
-5.808058646695351435e+00,2.000588515798879197e+00,1.247114271865539248e+00,1.335926165964127055e+00,8.500000000000000611e-02,3.000000000000000000e+00,4.502249959989419207e+06
-5.808058646695351435e+00,2.000588515798879197e+00,1.247114271865539248e+00,1.335926165964127055e+00,8.500000000000000611e-02,3.000000000000000000e+00,4.502249959989419207e+06
-5.808058646695351435e+00,2.000588515798879197e+00,1.247114271865539248e+00,1.335926165964127055e+00,8.500000000000000611e-02,3.000000000000000000e+00,4.502249959989419207e+06
-5.808058646695351435e+00,2.000588515798879197e+00,1.247114271865539248e+00,1.335926165964127055e+00,8.500000000000000611e-02,3.000000000000000000e+00,4.502249959989419207e+06
-5.808058646695351435e+00,2.000588515798879197e+00,1.247114271865539248e+00,1.335926165964127055e+00,8.500000000000000611e-02,3.000000000000000000e+00,4.502249959989419207e+06
-5.808058646695351435e+00,2.000588515798879197e+00,1.247114271865539248e+00,1.335926165964127055e+00,8.500000000000000611e-02,3.000000000000000000e+00,4.502249959989419207e+06
-5.808058646695351435e+00,2.000588515798879197e+00,1.247114271865539248e+00,1.335926165964127055e+00,8.500000000000000611e-02,3.000000000000000000e+00,4.502249959989419207e+06
-5.808058646695351435e+00,2.000588515798879197e+00,1.247114271865539248e+00,1.335926165964127055e+00,8.500000000000000611e-02,3.000000000000000000e+00,4.502249959989419207e+06
-5.808058646695351435e+00,2.000588515798879197e+00,1.247114271865539248e+00,1.335926165964127055e+00,8.500000000000000611e-02,3.000000000000000000e+00,4.502249959989419207e+06
-5.808058646695351435e+00,2.000588515798879197e+00,1.247114271865539248e+00,1.335926165964127055e+00,8.500000000000000611e-02,3.000000000000000000e+00,4.502249959989419207e+06
-5.808058646695351435e+00,2.000588515798879197e+00,1.247114271865539248e+00,1.335926165964127055e+00,8.500000000000000611e-02,3.000000000000000000e+00,4.502249959989419207e+06
-5.808058646695351435e+00,2.000588515798879197e+00,1.247114271865539248e+00,1.335926165964127055e+00,8.500000000000000611e-02,3.000000000000000000e+00,4.502249959989419207e+06
-5.803618046833998179e+00,2.005043432775827750e+00,1.253660266849226046e+00,1.340265487329974414e+00,8.500000000000000611e-02,3.000000000000000000e+00,4.502249959989419207e+06
-5.803618046833998179e+00,2.005043432775827750e+00,1.253660266849226046e+00,1.340265487329974414e+00,8.500000000000000611e-02,3.000000000000000000e+00,4.502249959989419207e+06
-5.803618046833998179e+00,2.005043432775827750e+00,1.253660266849226046e+00,1.340265487329974414e+00,8.500000000000000611e-02,3.000000000000000000e+00,4.502249959989419207e+06
-5.803618046833998179e+00,2.005043432775827750e+00,1.253660266849226046e+00,1.340265487329974414e+00,8.500000000000000611e-02,3.000000000000000000e+00,4.502249959989419207e+06
-5.803618046833998179e+00,2.005043432775827750e+00,1.253660266849226046e+00,1.340265487329974414e+00,8.500000000000000611e-02,3.000000000000000000e+00,4.502249959989419207e+06
-5.803618046833998179e+00,2.005043432775827750e+00,1.253660266849226046e+00,1.340265487329974414e+00,8.500000000000000611e-02,3.000000000000000000e+00,4.502249959989419207e+06
-5.803618046833998179e+00,2.005043432775827750e+00,1.253660266849226046e+00,1.340265487329974414e+00,8.500000000000000611e-02,3.000000000000000000e+00,4.502249959989419207e+06
-5.803618046833998179e+00,2.005043432775827750e+00,1.253660266849226046e+00,1.340265487329974414e+00,8.500000000000000611e-02,3.000000000000000000e+00,4.502249959989419207e+06
-5.804098743709655395e+00,2.004624104401093287e+00,1.253023322911064108e+00,1.339922470736494287e+00,8.500000000000000611e-02,3.000000000000000000e+00,4.502249959989419207e+06
-5.804098743709655395e+00,2.004624104401093287e+00,1.253023322911064108e+00,1.339922470736494287e+00,8.500000000000000611e-02,3.000000000000000000e+00,4.502249959989419207e+06
-5.804098743709655395e+00,2.004624104401093287e+00,1.253023322911064108e+00,1.339922470736494287e+00,8.500000000000000611e-02,3.000000000000000000e+00,4.502249959989419207e+06
-5.804098743709655395e+00,2.004624104401093287e+00,1.253023322911064108e+00,1.339922470736494287e+00,8.500000000000000611e-02,3.000000000000000000e+00,4.502249959989419207e+06
-5.804098743709655395e+00,2.004624104401093287e+00,1.253023322911064108e+00,1.339922470736494287e+00,8.500000000000000611e-02,3.000000000000000000e+00,4.502249959989419207e+06
-5.804098743709655395e+00,2.004624104401093287e+00,1.253023322911064108e+00,1.339922470736494287e+00,8.500000000000000611e-02,3.000000000000000000e+00,4.502249959989419207e+06
-5.804098743709655395e+00,2.004624104401093287e+00,1.253023322911064108e+00,1.339922470736494287e+00,8.500000000000000611e-02,3.000000000000000000e+00,4.502249959989419207e+06
-5.804098743709655395e+00,2.004624104401093287e+00,1.253023322911064108e+00,1.339922470736494287e+00,8.500000000000000611e-02,3.000000000000000000e+00,4.502249959989419207e+06
-5.804098743709655395e+00,2.004624104401093287e+00,1.253023322911064108e+00,1.339922470736494287e+00,8.500000000000000611e-02,3.000000000000000000e+00,4.502249959989419207e+06
-5.804098743709655395e+00,2.004624104401093287e+00,1.253023322911064108e+00,1.339922470736494287e+00,8.500000000000000611e-02,3.000000000000000000e+00,4.502249959989419207e+06
-5.804098743709655395e+00,2.004624104401093287e+00,1.253023322911064108e+00,1.339922470736494287e+00,8.500000000000000611e-02,3.000000000000000000e+00,4.502249959989419207e+06
-5.804098743709655395e+00,2.004624104401093287e+00,1.253023322911064108e+00,1.339922470736494287e+00,8.500000000000000611e-02,3.000000000000000000e+00,4.502249959989419207e+06
-5.804098743709655395e+00,2.004624104401093287e+00,1.253023322911064108e+00,1.339922470736494287e+00,8.500000000000000611e-02,3.000000000000000000e+00,4.502249959989419207e+06
-5.804098743709655395e+00,2.004624104401093287e+00,1.253023322911064108e+00,1.339922470736494287e+00,8.500000000000000611e-02,3.000000000000000000e+00,4.502249959989419207e+06
-5.804098743709655395e+00,2.004624104401093287e+00,1.253023322911064108e+00,1.339922470736494287e+00,8.500000000000000611e-02,3.000000000000000000e+00,4.502249959989419207e+06
-5.804098743709655395e+00,2.004624104401093287e+00,1.253023322911064108e+00,1.339922470736494287e+00,8.500000000000000611e-02,3.000000000000000000e+00,4.502249959989419207e+06
-5.804098743709655395e+00,2.004624104401093287e+00,1.253023322911064108e+00,1.339922470736494287e+00,8.500000000000000611e-02,3.000000000000000000e+00,4.502249959989419207e+06
-5.804098743709655395e+00,2.004624104401093287e+00,1.253023322911064108e+00,1.339922470736494287e+00,8.500000000000000611e-02,3.000000000000000000e+00,4.502249959989419207e+06
-5.804098743709655395e+00,2.004624104401093287e+00,1.253023322911064108e+00,1.339922470736494287e+00,8.500000000000000611e-02,3.000000000000000000e+00,4.502249959989419207e+06
-5.804098743709655395e+00,2.004624104401093287e+00,1.253023322911064108e+00,1.339922470736494287e+00,8.500000000000000611e-02,3.000000000000000000e+00,4.502249959989419207e+06
-5.804098743709655395e+00,2.004624104401093287e+00,1.253023322911064108e+00,1.339922470736494287e+00,8.500000000000000611e-02,3.000000000000000000e+00,4.502249959989419207e+06
-5.804098743709655395e+00,2.004624104401093287e+00,1.253023322911064108e+00,1.339922470736494287e+00,8.500000000000000611e-02,3.000000000000000000e+00,4.502249959989419207e+06
-5.804098743709655395e+00,2.004624104401093287e+00,1.253023322911064108e+00,1.339922470736494287e+00,8.500000000000000611e-02,3.000000000000000000e+00,4.502249959989419207e+06
-5.804098743709655395e+00,2.004624104401093287e+00,1.253023322911064108e+00,1.339922470736494287e+00,8.500000000000000611e-02,3.000000000000000000e+00,4.502249959989419207e+06
-5.804098743709655395e+00,2.004624104401093287e+00,1.253023322911064108e+00,1.339922470736494287e+00,8.500000000000000611e-02,3.000000000000000000e+00,4.502249959989419207e+06
-5.804098743709655395e+00,2.004624104401093287e+00,1.253023322911064108e+00,1.339922470736494287e+00,8.500000000000000611e-02,3.000000000000000000e+00,4.502249959989419207e+06
-5.804098743709655395e+00,2.004624104401093287e+00,1.253023322911064108e+00,1.339922470736494287e+00,8.500000000000000611e-02,3.000000000000000000e+00,4.502249959989419207e+06
-5.804098743709655395e+00,2.004624104401093287e+00,1.253023322911064108e+00,1.339922470736494287e+00,8.500000000000000611e-02,3.000000000000000000e+00,4.502249959989419207e+06
-5.804098743709655395e+00,2.004624104401093287e+00,1.253023322911064108e+00,1.339922470736494287e+00,8.500000000000000611e-02,3.000000000000000000e+00,4.502249959989419207e+06
-5.804098743709655395e+00,2.004624104401093287e+00,1.253023322911064108e+00,1.339922470736494287e+00,8.500000000000000611e-02,3.000000000000000000e+00,4.502249959989419207e+06
-4.238102580271817743e+00,3.305919199453947854e+00,3.399400824864778237e+00,2.339384915998680814e+00,8.500000000000000611e-02,3.000000000000000000e+00,4.502249959989419207e+06
-4.238102580271817743e+00,3.305919199453947854e+00,3.399400824864778237e+00,2.339384915998680814e+00,8.500000000000000611e-02,3.000000000000000000e+00,4.502249959989419207e+06
-4.346770666127536487e+00,3.144824893059197990e+00,3.171127130934646932e+00,2.113468464598177388e+00,8.500000000000000611e-02,3.000000000000000000e+00,4.502249959989419207e+06
-4.396974650364554371e+00,3.081371731623637533e+00,3.074393941777318062e+00,2.017064794965456986e+00,8.500000000000000611e-02,3.000000000000000000e+00,4.502249959989419207e+06
-4.525645219694272470e+00,2.869526587190903921e+00,2.848380918922478244e+00,1.873156958348414891e+00,8.500000000000000611e-02,3.000000000000000000e+00,4.502249959989419207e+06
-4.519804877351117689e+00,2.932449870605334574e+00,2.825635228641682151e+00,1.774708658459674737e+00,8.500000000000000611e-02,3.000000000000000000e+00,4.502249959989419207e+06
-4.596487625521030296e+00,3.004721391171353506e+00,2.701927833137406587e+00,1.491469360432643665e+00,8.500000000000000611e-02,3.000000000000000000e+00,4.502249959989419207e+06
-4.579087098221500618e+00,3.050799203408944837e+00,2.753184200307325469e+00,1.520748543601800895e+00,8.500000000000000611e-02,3.000000000000000000e+00,4.502249959989419207e+06
-4.705246420293512699e+00,3.010185367434845993e+00,2.697241364106997441e+00,1.357604396021359516e+00,8.500000000000000611e-02,3.000000000000000000e+00,4.502249959989419207e+06
-4.602563110851026096e+00,2.778295601397289705e+00,2.217297520734156979e+00,1.185479200408887879e+00,8.500000000000000611e-02,3.000000000000000000e+00,4.502249959989419207e+06
-4.285500251395765403e+00,3.383856329930722495e+00,2.631485344847562580e+00,1.319929517509652150e+00,8.500000000000000611e-02,3.000000000000000000e+00,4.502249959989419207e+06
-4.335299479577781945e+00,3.409082146618434450e+00,2.474118420095038573e+00,1.159927357627640099e+00,8.500000000000000611e-02,3.000000000000000000e+00,4.502249959989419207e+06
-5.809434277399485147e+00,1.999958611580691104e+00,1.246130689132522784e+00,1.336293767208641903e+00,8.500000000000000611e-02,3.000000000000000000e+00,4.502249959989419207e+06
-5.809434277399485147e+00,1.999958611580691104e+00,1.246130689132522784e+00,1.336293767208641903e+00,8.500000000000000611e-02,3.000000000000000000e+00,4.502249959989419207e+06
-5.809434277399485147e+00,1.999958611580691104e+00,1.246130689132522784e+00,1.336293767208641903e+00,8.500000000000000611e-02,3.000000000000000000e+00,4.502249959989419207e+06
-5.809434277399485147e+00,1.999958611580691104e+00,1.246130689132522784e+00,1.336293767208641903e+00,8.500000000000000611e-02,3.000000000000000000e+00,4.502249959989419207e+06
-5.809434277399485147e+00,1.999958611580691104e+00,1.246130689132522784e+00,1.336293767208641903e+00,8.500000000000000611e-02,3.000000000000000000e+00,4.502249959989419207e+06
-5.809434277399485147e+00,1.999958611580691104e+00,1.246130689132522784e+00,1.336293767208641903e+00,8.500000000000000611e-02,3.000000000000000000e+00,4.502249959989419207e+06
-5.809434277399485147e+00,1.999958611580691104e+00,1.246130689132522784e+00,1.336293767208641903e+00,8.500000000000000611e-02,3.000000000000000000e+00,4.502249959989419207e+06
-5.809434277399485147e+00,1.999958611580691104e+00,1.246130689132522784e+00,1.336293767208641903e+00,8.500000000000000611e-02,3.000000000000000000e+00,4.502249959989419207e+06
-5.809431437485526928e+00,1.999952253064325891e+00,1.246129597782697163e+00,1.336290991740610279e+00,8.500000000000000611e-02,3.000000000000000000e+00,4.502249959989419207e+06
-5.809431437485526928e+00,1.999952253064325891e+00,1.246129597782697163e+00,1.336290991740610279e+00,8.500000000000000611e-02,3.000000000000000000e+00,4.502249959989419207e+06
-5.809431437485526928e+00,1.999952253064325891e+00,1.246129597782697163e+00,1.336290991740610279e+00,8.500000000000000611e-02,3.000000000000000000e+00,4.502249959989419207e+06
-5.809459124263248064e+00,1.999894505260671806e+00,1.246046696323931613e+00,1.336202351488059659e+00,8.500000000000000611e-02,3.000000000000000000e+00,4.502249959989419207e+06
-5.809459124263248064e+00,1.999894505260671806e+00,1.246046696323931613e+00,1.336202351488059659e+00,8.500000000000000611e-02,3.000000000000000000e+00,4.502249959989419207e+06
-5.809459124263248064e+00,1.999894505260671806e+00,1.246046696323931613e+00,1.336202351488059659e+00,8.500000000000000611e-02,3.000000000000000000e+00,4.502249959989419207e+06
-5.809459124263248064e+00,1.999894505260671806e+00,1.246046696323931613e+00,1.336202351488059659e+00,8.500000000000000611e-02,3.000000000000000000e+00,4.502249959989419207e+06
-5.809459124263248064e+00,1.999894505260671806e+00,1.246046696323931613e+00,1.336202351488059659e+00,8.500000000000000611e-02,3.000000000000000000e+00,4.502249959989419207e+06
-5.809459124263248064e+00,1.999894505260671806e+00,1.246046696323931613e+00,1.336202351488059659e+00,8.500000000000000611e-02,3.000000000000000000e+00,4.502249959989419207e+06
-5.809459124263248064e+00,1.999894505260671806e+00,1.246046696323931613e+00,1.336202351488059659e+00,8.500000000000000611e-02,3.000000000000000000e+00,4.502249959989419207e+06
-5.809459124263248064e+00,1.999894505260671806e+00,1.246046696323931613e+00,1.336202351488059659e+00,8.500000000000000611e-02,3.000000000000000000e+00,4.502249959989419207e+06
-5.809459124263248064e+00,1.999894505260671806e+00,1.246046696323931613e+00,1.336202351488059659e+00,8.500000000000000611e-02,3.000000000000000000e+00,4.502249959989419207e+06
-5.809459124263248064e+00,1.999894505260671806e+00,1.246046696323931613e+00,1.336202351488059659e+00,8.500000000000000611e-02,3.000000000000000000e+00,4.502249959989419207e+06
-5.809459124263248064e+00,1.999894505260671806e+00,1.246046696323931613e+00,1.336202351488059659e+00,8.500000000000000611e-02,3.000000000000000000e+00,4.502249959989419207e+06
-5.809459124263248064e+00,1.999894505260671806e+00,1.246046696323931613e+00,1.336202351488059659e+00,8.500000000000000611e-02,3.000000000000000000e+00,4.502249959989419207e+06
-5.809459124263248064e+00,1.999894505260671806e+00,1.246046696323931613e+00,1.336202351488059659e+00,8.500000000000000611e-02,3.000000000000000000e+00,4.502249959989419207e+06
-5.809417693410668271e+00,2.000206485522412425e+00,1.246496164162768538e+00,1.336784060350827863e+00,8.500000000000000611e-02,3.000000000000000000e+00,4.502249959989419207e+06
-5.809432620926740398e+00,2.000234244361781766e+00,1.246538780369529364e+00,1.336849464602475113e+00,8.500000000000000611e-02,3.000000000000000000e+00,4.502249959989419207e+06
-5.809432620926740398e+00,2.000234244361781766e+00,1.246538780369529364e+00,1.336849464602475113e+00,8.500000000000000611e-02,3.000000000000000000e+00,4.502249959989419207e+06
-5.809432620926740398e+00,2.000234244361781766e+00,1.246538780369529364e+00,1.336849464602475113e+00,8.500000000000000611e-02,3.000000000000000000e+00,4.502249959989419207e+06
-5.809432620926740398e+00,2.000234244361781766e+00,1.246538780369529364e+00,1.336849464602475113e+00,8.500000000000000611e-02,3.000000000000000000e+00,4.502249959989419207e+06
-5.809432620926740398e+00,2.000234244361781766e+00,1.246538780369529364e+00,1.336849464602475113e+00,8.500000000000000611e-02,3.000000000000000000e+00,4.502249959989419207e+06
-5.809432620926740398e+00,2.000234244361781766e+00,1.246538780369529364e+00,1.336849464602475113e+00,8.500000000000000611e-02,3.000000000000000000e+00,4.502249959989419207e+06
-5.809432620926740398e+00,2.000234244361781766e+00,1.246538780369529364e+00,1.336849464602475113e+00,8.500000000000000611e-02,3.000000000000000000e+00,4.502249959989419207e+06
-5.809432620926740398e+00,2.000234244361781766e+00,1.246538780369529364e+00,1.336849464602475113e+00,8.500000000000000611e-02,3.000000000000000000e+00,4.502249959989419207e+06
-5.809432620926740398e+00,2.000234244361781766e+00,1.246538780369529364e+00,1.336849464602475113e+00,8.500000000000000611e-02,3.000000000000000000e+00,4.502249959989419207e+06
-5.809432620926740398e+00,2.000234244361781766e+00,1.246538780369529364e+00,1.336849464602475113e+00,8.500000000000000611e-02,3.000000000000000000e+00,4.502249959989419207e+06
-5.809432620926740398e+00,2.000234244361781766e+00,1.246538780369529364e+00,1.336849464602475113e+00,8.500000000000000611e-02,3.000000000000000000e+00,4.502249959989419207e+06
-5.809432620926740398e+00,2.000234244361781766e+00,1.246538780369529364e+00,1.336849464602475113e+00,8.500000000000000611e-02,3.000000000000000000e+00,4.502249959989419207e+06
-5.809432620926740398e+00,2.000234244361781766e+00,1.246538780369529364e+00,1.336849464602475113e+00,8.500000000000000611e-02,3.000000000000000000e+00,4.502249959989419207e+06
-5.809432620926740398e+00,2.000234244361781766e+00,1.246538780369529364e+00,1.336849464602475113e+00,8.500000000000000611e-02,3.000000000000000000e+00,4.502249959989419207e+06
-5.809432620926740398e+00,2.000234244361781766e+00,1.246538780369529364e+00,1.336849464602475113e+00,8.500000000000000611e-02,3.000000000000000000e+00,4.502249959989419207e+06
-5.809432620926740398e+00,2.000234244361781766e+00,1.246538780369529364e+00,1.336849464602475113e+00,8.500000000000000611e-02,3.000000000000000000e+00,4.502249959989419207e+06
-5.809488838451876802e+00,2.000246334101946299e+00,1.246461720578030175e+00,1.336820578778169732e+00,8.500000000000000611e-02,3.000000000000000000e+00,4.502249959989419207e+06
-5.817301555346473307e+00,1.993493492997403305e+00,1.236498000729431057e+00,1.330856842066630019e+00,8.500000000000000611e-02,3.000000000000000000e+00,4.502249959989419207e+06
-5.817301555346473307e+00,1.993493492997403305e+00,1.236498000729431057e+00,1.330856842066630019e+00,8.500000000000000611e-02,3.000000000000000000e+00,4.502249959989419207e+06
-5.817301555346473307e+00,1.993493492997403305e+00,1.236498000729431057e+00,1.330856842066630019e+00,8.500000000000000611e-02,3.000000000000000000e+00,4.502249959989419207e+06
-5.817301555346473307e+00,1.993493492997403305e+00,1.236498000729431057e+00,1.330856842066630019e+00,8.500000000000000611e-02,3.000000000000000000e+00,4.502249959989419207e+06
-5.817301555346473307e+00,1.993493492997403305e+00,1.236498000729431057e+00,1.330856842066630019e+00,8.500000000000000611e-02,3.000000000000000000e+00,4.502249959989419207e+06
-5.817301555346473307e+00,1.993493492997403305e+00,1.236498000729431057e+00,1.330856842066630019e+00,8.500000000000000611e-02,3.000000000000000000e+00,4.502249959989419207e+06
-5.817301555346473307e+00,1.993493492997403305e+00,1.236498000729431057e+00,1.330856842066630019e+00,8.500000000000000611e-02,3.000000000000000000e+00,4.502249959989419207e+06
-5.817301555346473307e+00,1.993493492997403305e+00,1.236498000729431057e+00,1.330856842066630019e+00,8.500000000000000611e-02,3.000000000000000000e+00,4.502249959989419207e+06
-5.817301555346473307e+00,1.993493492997403305e+00,1.236498000729431057e+00,1.330856842066630019e+00,8.500000000000000611e-02,3.000000000000000000e+00,4.502249959989419207e+06
-5.817301555346473307e+00,1.993493492997403305e+00,1.236498000729431057e+00,1.330856842066630019e+00,8.500000000000000611e-02,3.000000000000000000e+00,4.502249959989419207e+06
-5.817301555346473307e+00,1.993493492997403305e+00,1.236498000729431057e+00,1.330856842066630019e+00,8.500000000000000611e-02,3.000000000000000000e+00,4.502249959989419207e+06
-5.826983572894747887e+00,1.986008225021156148e+00,1.224072237281661479e+00,1.323670380588456208e+00,8.500000000000000611e-02,3.000000000000000000e+00,4.502249959989419207e+06
-5.826983572894747887e+00,1.986008225021156148e+00,1.224072237281661479e+00,1.323670380588456208e+00,8.500000000000000611e-02,3.000000000000000000e+00,4.502249959989419207e+06
-5.826983572894747887e+00,1.986008225021156148e+00,1.224072237281661479e+00,1.323670380588456208e+00,8.500000000000000611e-02,3.000000000000000000e+00,4.502249959989419207e+06
-5.826983572894747887e+00,1.986008225021156148e+00,1.224072237281661479e+00,1.323670380588456208e+00,8.500000000000000611e-02,3.000000000000000000e+00,4.502249959989419207e+06
-5.826983572894747887e+00,1.986008225021156148e+00,1.224072237281661479e+00,1.323670380588456208e+00,8.500000000000000611e-02,3.000000000000000000e+00,4.502249959989419207e+06
-5.826983572894747887e+00,1.986008225021156148e+00,1.224072237281661479e+00,1.323670380588456208e+00,8.500000000000000611e-02,3.000000000000000000e+00,4.502249959989419207e+06
-5.826983572894747887e+00,1.986008225021156148e+00,1.224072237281661479e+00,1.323670380588456208e+00,8.500000000000000611e-02,3.000000000000000000e+00,4.502249959989419207e+06
-5.826983572894747887e+00,1.986008225021156148e+00,1.224072237281661479e+00,1.323670380588456208e+00,8.500000000000000611e-02,3.000000000000000000e+00,4.502249959989419207e+06
-5.826983572894747887e+00,1.986008225021156148e+00,1.224072237281661479e+00,1.323670380588456208e+00,8.500000000000000611e-02,3.000000000000000000e+00,4.502249959989419207e+06
-5.826983572894747887e+00,1.986008225021156148e+00,1.224072237281661479e+00,1.323670380588456208e+00,8.500000000000000611e-02,3.000000000000000000e+00,4.502249959989419207e+06
-5.826983572894747887e+00,1.986008225021156148e+00,1.224072237281661479e+00,1.323670380588456208e+00,8.500000000000000611e-02,3.000000000000000000e+00,4.502249959989419207e+06
-5.826983572894747887e+00,1.986008225021156148e+00,1.224072237281661479e+00,1.323670380588456208e+00,8.500000000000000611e-02,3.000000000000000000e+00,4.502249959989419207e+06
-5.826983572894747887e+00,1.986008225021156148e+00,1.224072237281661479e+00,1.323670380588456208e+00,8.500000000000000611e-02,3.000000000000000000e+00,4.502249959989419207e+06
-5.826983572894747887e+00,1.986008225021156148e+00,1.224072237281661479e+00,1.323670380588456208e+00,8.500000000000000611e-02,3.000000000000000000e+00,4.502249959989419207e+06
-5.838134407710682261e+00,1.969187921831319521e+00,1.206423386500513617e+00,1.310797671025690336e+00,8.500000000000000611e-02,3.000000000000000000e+00,4.502249959989419207e+06
-5.838134407710682261e+00,1.969187921831319521e+00,1.206423386500513617e+00,1.310797671025690336e+00,8.500000000000000611e-02,3.000000000000000000e+00,4.502249959989419207e+06
-5.838134407710682261e+00,1.969187921831319521e+00,1.206423386500513617e+00,1.310797671025690336e+00,8.500000000000000611e-02,3.000000000000000000e+00,4.502249959989419207e+06
-5.838134407710682261e+00,1.969187921831319521e+00,1.206423386500513617e+00,1.310797671025690336e+00,8.500000000000000611e-02,3.000000000000000000e+00,4.502249959989419207e+06
-5.838134407710682261e+00,1.969187921831319521e+00,1.206423386500513617e+00,1.310797671025690336e+00,8.500000000000000611e-02,3.000000000000000000e+00,4.502249959989419207e+06
-5.831652751993657624e+00,1.977015253749543122e+00,1.216120556709853862e+00,1.316473847544363140e+00,8.500000000000000611e-02,3.000000000000000000e+00,4.502249959989419207e+06
-5.831652751993657624e+00,1.977015253749543122e+00,1.216120556709853862e+00,1.316473847544363140e+00,8.500000000000000611e-02,3.000000000000000000e+00,4.502249959989419207e+06
-5.795502740030513245e+00,2.022457723175007605e+00,1.291856905841952230e+00,1.393995378462077328e+00,8.500000000000000611e-02,3.000000000000000000e+00,4.502249959989419207e+06
-5.795502740030513245e+00,2.022457723175007605e+00,1.291856905841952230e+00,1.393995378462077328e+00,8.500000000000000611e-02,3.000000000000000000e+00,4.502249959989419207e+06
-5.795502740030513245e+00,2.022457723175007605e+00,1.291856905841952230e+00,1.393995378462077328e+00,8.500000000000000611e-02,3.000000000000000000e+00,4.502249959989419207e+06
-5.795502740030513245e+00,2.022457723175007605e+00,1.291856905841952230e+00,1.393995378462077328e+00,8.500000000000000611e-02,3.000000000000000000e+00,4.502249959989419207e+06
-5.795502740030513245e+00,2.022457723175007605e+00,1.291856905841952230e+00,1.393995378462077328e+00,8.500000000000000611e-02,3.000000000000000000e+00,4.502249959989419207e+06
-5.797417252119336339e+00,1.986998429743016104e+00,1.269824076579931349e+00,1.356364402880460007e+00,8.500000000000000611e-02,3.000000000000000000e+00,4.502249959989419207e+06
-5.797417252119336339e+00,1.986998429743016104e+00,1.269824076579931349e+00,1.356364402880460007e+00,8.500000000000000611e-02,3.000000000000000000e+00,4.502249959989419207e+06
-5.797417252119336339e+00,1.986998429743016104e+00,1.269824076579931349e+00,1.356364402880460007e+00,8.500000000000000611e-02,3.000000000000000000e+00,4.502249959989419207e+06
-4.438511084060515088e+00,3.108007385704523173e+00,3.091630022559465285e+00,2.205075550522381800e+00,8.500000000000000611e-02,3.000000000000000000e+00,4.502249959989419207e+06
-3.063550061644012779e+00,4.063228957629631211e+00,4.781224423676071034e+00,2.894665652285363322e+00,8.500000000000000611e-02,3.000000000000000000e+00,4.502249959989419207e+06
-3.063550061644012779e+00,4.063228957629631211e+00,4.781224423676071034e+00,2.894665652285363322e+00,8.500000000000000611e-02,3.000000000000000000e+00,4.502249959989419207e+06
-3.063550061644012779e+00,4.063228957629631211e+00,4.781224423676071034e+00,2.894665652285363322e+00,8.500000000000000611e-02,3.000000000000000000e+00,4.502249959989419207e+06
-3.063550061644012779e+00,4.063228957629631211e+00,4.781224423676071034e+00,2.894665652285363322e+00,8.500000000000000611e-02,3.000000000000000000e+00,4.502249959989419207e+06
-3.063550061644012779e+00,4.063228957629631211e+00,4.781224423676071034e+00,2.894665652285363322e+00,8.500000000000000611e-02,3.000000000000000000e+00,4.502249959989419207e+06
-3.063550061644012779e+00,4.063228957629631211e+00,4.781224423676071034e+00,2.894665652285363322e+00,8.500000000000000611e-02,3.000000000000000000e+00,4.502249959989419207e+06
-4.409680194470446679e+00,2.893383465358675188e+00,3.057807073424952282e+00,2.152977386303830176e+00,8.500000000000000611e-02,3.000000000000000000e+00,4.502249959989419207e+06
-5.809433278700874226e+00,1.999956654002674084e+00,1.246130419250168320e+00,1.336295370072457356e+00,8.500000000000000611e-02,3.000000000000000000e+00,4.502249959989419207e+06
-5.809433278700874226e+00,1.999956654002674084e+00,1.246130419250168320e+00,1.336295370072457356e+00,8.500000000000000611e-02,3.000000000000000000e+00,4.502249959989419207e+06
-5.809433278700874226e+00,1.999956654002674084e+00,1.246130419250168320e+00,1.336295370072457356e+00,8.500000000000000611e-02,3.000000000000000000e+00,4.502249959989419207e+06
-5.809433278700874226e+00,1.999956654002674084e+00,1.246130419250168320e+00,1.336295370072457356e+00,8.500000000000000611e-02,3.000000000000000000e+00,4.502249959989419207e+06
-5.809433278700874226e+00,1.999956654002674084e+00,1.246130419250168320e+00,1.336295370072457356e+00,8.500000000000000611e-02,3.000000000000000000e+00,4.502249959989419207e+06
-5.809433278700874226e+00,1.999956654002674084e+00,1.246130419250168320e+00,1.336295370072457356e+00,8.500000000000000611e-02,3.000000000000000000e+00,4.502249959989419207e+06
-5.809433278700874226e+00,1.999956654002674084e+00,1.246130419250168320e+00,1.336295370072457356e+00,8.500000000000000611e-02,3.000000000000000000e+00,4.502249959989419207e+06
-5.809495691406167062e+00,1.999893974340524183e+00,1.245978870818784223e+00,1.336131161701876291e+00,8.500000000000000611e-02,3.000000000000000000e+00,4.502249959989419207e+06
-5.809508439219968068e+00,1.999864492366814295e+00,1.245973360431986920e+00,1.336084350771426621e+00,8.500000000000000611e-02,3.000000000000000000e+00,4.502249959989419207e+06
-5.809508439219968068e+00,1.999864492366814295e+00,1.245973360431986920e+00,1.336084350771426621e+00,8.500000000000000611e-02,3.000000000000000000e+00,4.502249959989419207e+06
-5.809508439219968068e+00,1.999864492366814295e+00,1.245973360431986920e+00,1.336084350771426621e+00,8.500000000000000611e-02,3.000000000000000000e+00,4.502249959989419207e+06
-5.809508439219968068e+00,1.999864492366814295e+00,1.245973360431986920e+00,1.336084350771426621e+00,8.500000000000000611e-02,3.000000000000000000e+00,4.502249959989419207e+06
-5.809508439219968068e+00,1.999864492366814295e+00,1.245973360431986920e+00,1.336084350771426621e+00,8.500000000000000611e-02,3.000000000000000000e+00,4.502249959989419207e+06
-5.809508439219968068e+00,1.999864492366814295e+00,1.245973360431986920e+00,1.336084350771426621e+00,8.500000000000000611e-02,3.000000000000000000e+00,4.502249959989419207e+06
-5.809508439219968068e+00,1.999864492366814295e+00,1.245973360431986920e+00,1.336084350771426621e+00,8.500000000000000611e-02,3.000000000000000000e+00,4.502249959989419207e+06
-5.809508439219968068e+00,1.999864492366814295e+00,1.245973360431986920e+00,1.336084350771426621e+00,8.500000000000000611e-02,3.000000000000000000e+00,4.502249959989419207e+06
-5.809508439219968068e+00,1.999864492366814295e+00,1.245973360431986920e+00,1.336084350771426621e+00,8.500000000000000611e-02,3.000000000000000000e+00,4.502249959989419207e+06
-5.809508439219968068e+00,1.999864492366814295e+00,1.245973360431986920e+00,1.336084350771426621e+00,8.500000000000000611e-02,3.000000000000000000e+00,4.502249959989419207e+06
-5.809508439219968068e+00,1.999864492366814295e+00,1.245973360431986920e+00,1.336084350771426621e+00,8.500000000000000611e-02,3.000000000000000000e+00,4.502249959989419207e+06
-5.809508439219968068e+00,1.999864492366814295e+00,1.245973360431986920e+00,1.336084350771426621e+00,8.500000000000000611e-02,3.000000000000000000e+00,4.502249959989419207e+06
-5.809508439219968068e+00,1.999864492366814295e+00,1.245973360431986920e+00,1.336084350771426621e+00,8.500000000000000611e-02,3.000000000000000000e+00,4.502249959989419207e+06
-5.809508439219968068e+00,1.999864492366814295e+00,1.245973360431986920e+00,1.336084350771426621e+00,8.500000000000000611e-02,3.000000000000000000e+00,4.502249959989419207e+06
-5.809508439219968068e+00,1.999864492366814295e+00,1.245973360431986920e+00,1.336084350771426621e+00,8.500000000000000611e-02,3.000000000000000000e+00,4.502249959989419207e+06
-5.809508439219968068e+00,1.999864492366814295e+00,1.245973360431986920e+00,1.336084350771426621e+00,8.500000000000000611e-02,3.000000000000000000e+00,4.502249959989419207e+06
-5.809508439219968068e+00,1.999864492366814295e+00,1.245973360431986920e+00,1.336084350771426621e+00,8.500000000000000611e-02,3.000000000000000000e+00,4.502249959989419207e+06
-5.809508439219968068e+00,1.999864492366814295e+00,1.245973360431986920e+00,1.336084350771426621e+00,8.500000000000000611e-02,3.000000000000000000e+00,4.502249959989419207e+06
-5.809508439219968068e+00,1.999864492366814295e+00,1.245973360431986920e+00,1.336084350771426621e+00,8.500000000000000611e-02,3.000000000000000000e+00,4.502249959989419207e+06
-5.809508439219968068e+00,1.999864492366814295e+00,1.245973360431986920e+00,1.336084350771426621e+00,8.500000000000000611e-02,3.000000000000000000e+00,4.502249959989419207e+06
-5.809954138334362916e+00,1.999516166986721855e+00,1.245086852319244430e+00,1.335244634621320703e+00,8.500000000000000611e-02,3.000000000000000000e+00,4.502249959989419207e+06
-5.809954138334362916e+00,1.999516166986721855e+00,1.245086852319244430e+00,1.335244634621320703e+00,8.500000000000000611e-02,3.000000000000000000e+00,4.502249959989419207e+06
-5.809954138334362916e+00,1.999516166986721855e+00,1.245086852319244430e+00,1.335244634621320703e+00,8.500000000000000611e-02,3.000000000000000000e+00,4.502249959989419207e+06
-5.809954138334362916e+00,1.999516166986721855e+00,1.245086852319244430e+00,1.335244634621320703e+00,8.500000000000000611e-02,3.000000000000000000e+00,4.502249959989419207e+06
-5.809954138334362916e+00,1.999516166986721855e+00,1.245086852319244430e+00,1.335244634621320703e+00,8.500000000000000611e-02,3.000000000000000000e+00,4.502249959989419207e+06
-5.809954138334362916e+00,1.999516166986721855e+00,1.245086852319244430e+00,1.335244634621320703e+00,8.500000000000000611e-02,3.000000000000000000e+00,4.502249959989419207e+06
-5.809954138334362916e+00,1.999516166986721855e+00,1.245086852319244430e+00,1.335244634621320703e+00,8.500000000000000611e-02,3.000000000000000000e+00,4.502249959989419207e+06
-5.809954138334362916e+00,1.999516166986721855e+00,1.245086852319244430e+00,1.335244634621320703e+00,8.500000000000000611e-02,3.000000000000000000e+00,4.502249959989419207e+06
-5.809954138334362916e+00,1.999516166986721855e+00,1.245086852319244430e+00,1.335244634621320703e+00,8.500000000000000611e-02,3.000000000000000000e+00,4.502249959989419207e+06
-5.809954138334362916e+00,1.999516166986721855e+00,1.245086852319244430e+00,1.335244634621320703e+00,8.500000000000000611e-02,3.000000000000000000e+00,4.502249959989419207e+06
-5.809954138334362916e+00,1.999516166986721855e+00,1.245086852319244430e+00,1.335244634621320703e+00,8.500000000000000611e-02,3.000000000000000000e+00,4.502249959989419207e+06
-5.809954138334362916e+00,1.999516166986721855e+00,1.245086852319244430e+00,1.335244634621320703e+00,8.500000000000000611e-02,3.000000000000000000e+00,4.502249959989419207e+06
-5.809954138334362916e+00,1.999516166986721855e+00,1.245086852319244430e+00,1.335244634621320703e+00,8.500000000000000611e-02,3.000000000000000000e+00,4.502249959989419207e+06
-5.809954138334362916e+00,1.999516166986721855e+00,1.245086852319244430e+00,1.335244634621320703e+00,8.500000000000000611e-02,3.000000000000000000e+00,4.502249959989419207e+06
-5.809954138334362916e+00,1.999516166986721855e+00,1.245086852319244430e+00,1.335244634621320703e+00,8.500000000000000611e-02,3.000000000000000000e+00,4.502249959989419207e+06
-5.809954138334362916e+00,1.999516166986721855e+00,1.245086852319244430e+00,1.335244634621320703e+00,8.500000000000000611e-02,3.000000000000000000e+00,4.502249959989419207e+06
-5.810183313557108598e+00,1.999259616013769225e+00,1.244635943806762235e+00,1.334780740577363733e+00,8.500000000000000611e-02,3.000000000000000000e+00,4.502249959989419207e+06
-5.810183313557108598e+00,1.999259616013769225e+00,1.244635943806762235e+00,1.334780740577363733e+00,8.500000000000000611e-02,3.000000000000000000e+00,4.502249959989419207e+06
-5.810183313557108598e+00,1.999259616013769225e+00,1.244635943806762235e+00,1.334780740577363733e+00,8.500000000000000611e-02,3.000000000000000000e+00,4.502249959989419207e+06
-5.810183313557108598e+00,1.999259616013769225e+00,1.244635943806762235e+00,1.334780740577363733e+00,8.500000000000000611e-02,3.000000000000000000e+00,4.502249959989419207e+06
-5.810183313557108598e+00,1.999259616013769225e+00,1.244635943806762235e+00,1.334780740577363733e+00,8.500000000000000611e-02,3.000000000000000000e+00,4.502249959989419207e+06
-5.810183313557108598e+00,1.999259616013769225e+00,1.244635943806762235e+00,1.334780740577363733e+00,8.500000000000000611e-02,3.000000000000000000e+00,4.502249959989419207e+06
-5.810183313557108598e+00,1.999259616013769225e+00,1.244635943806762235e+00,1.334780740577363733e+00,8.500000000000000611e-02,3.000000000000000000e+00,4.502249959989419207e+06
-5.810183313557108598e+00,1.999259616013769225e+00,1.244635943806762235e+00,1.334780740577363733e+00,8.500000000000000611e-02,3.000000000000000000e+00,4.502249959989419207e+06
-5.810183313557108598e+00,1.999259616013769225e+00,1.244635943806762235e+00,1.334780740577363733e+00,8.500000000000000611e-02,3.000000000000000000e+00,4.502249959989419207e+06
-5.810183313557108598e+00,1.999259616013769225e+00,1.244635943806762235e+00,1.334780740577363733e+00,8.500000000000000611e-02,3.000000000000000000e+00,4.502249959989419207e+06
-5.810183313557108598e+00,1.999259616013769225e+00,1.244635943806762235e+00,1.334780740577363733e+00,8.500000000000000611e-02,3.000000000000000000e+00,4.502249959989419207e+06
-5.810183313557108598e+00,1.999259616013769225e+00,1.244635943806762235e+00,1.334780740577363733e+00,8.500000000000000611e-02,3.000000000000000000e+00,4.502249959989419207e+06
-5.810183313557108598e+00,1.999259616013769225e+00,1.244635943806762235e+00,1.334780740577363733e+00,8.500000000000000611e-02,3.000000000000000000e+00,4.502249959989419207e+06
-5.810183313557108598e+00,1.999259616013769225e+00,1.244635943806762235e+00,1.334780740577363733e+00,8.500000000000000611e-02,3.000000000000000000e+00,4.502249959989419207e+06
-5.810183313557108598e+00,1.999259616013769225e+00,1.244635943806762235e+00,1.334780740577363733e+00,8.500000000000000611e-02,3.000000000000000000e+00,4.502249959989419207e+06
-5.810183313557108598e+00,1.999259616013769225e+00,1.244635943806762235e+00,1.334780740577363733e+00,8.500000000000000611e-02,3.000000000000000000e+00,4.502249959989419207e+06
-5.810183313557108598e+00,1.999259616013769225e+00,1.244635943806762235e+00,1.334780740577363733e+00,8.500000000000000611e-02,3.000000000000000000e+00,4.502249959989419207e+06
-5.810183313557108598e+00,1.999259616013769225e+00,1.244635943806762235e+00,1.334780740577363733e+00,8.500000000000000611e-02,3.000000000000000000e+00,4.502249959989419207e+06
-5.810183313557108598e+00,1.999259616013769225e+00,1.244635943806762235e+00,1.334780740577363733e+00,8.500000000000000611e-02,3.000000000000000000e+00,4.502249959989419207e+06
-5.810183313557108598e+00,1.999259616013769225e+00,1.244635943806762235e+00,1.334780740577363733e+00,8.500000000000000611e-02,3.000000000000000000e+00,4.502249959989419207e+06
-5.810183313557108598e+00,1.999259616013769225e+00,1.244635943806762235e+00,1.334780740577363733e+00,8.500000000000000611e-02,3.000000000000000000e+00,4.502249959989419207e+06
-5.810183313557108598e+00,1.999259616013769225e+00,1.244635943806762235e+00,1.334780740577363733e+00,8.500000000000000611e-02,3.000000000000000000e+00,4.502249959989419207e+06
-5.810183313557108598e+00,1.999259616013769225e+00,1.244635943806762235e+00,1.334780740577363733e+00,8.500000000000000611e-02,3.000000000000000000e+00,4.502249959989419207e+06
-5.810183313557108598e+00,1.999259616013769225e+00,1.244635943806762235e+00,1.334780740577363733e+00,8.500000000000000611e-02,3.000000000000000000e+00,4.502249959989419207e+06
-5.810183313557108598e+00,1.999259616013769225e+00,1.244635943806762235e+00,1.334780740577363733e+00,8.500000000000000611e-02,3.000000000000000000e+00,4.502249959989419207e+06
-5.810183313557108598e+00,1.999259616013769225e+00,1.244635943806762235e+00,1.334780740577363733e+00,8.500000000000000611e-02,3.000000000000000000e+00,4.502249959989419207e+06
-5.810183313557108598e+00,1.999259616013769225e+00,1.244635943806762235e+00,1.334780740577363733e+00,8.500000000000000611e-02,3.000000000000000000e+00,4.502249959989419207e+06
-5.810183313557108598e+00,1.999259616013769225e+00,1.244635943806762235e+00,1.334780740577363733e+00,8.500000000000000611e-02,3.000000000000000000e+00,4.502249959989419207e+06
-5.810183313557108598e+00,1.999259616013769225e+00,1.244635943806762235e+00,1.334780740577363733e+00,8.500000000000000611e-02,3.000000000000000000e+00,4.502249959989419207e+06
-5.810183313557108598e+00,1.999259616013769225e+00,1.244635943806762235e+00,1.334780740577363733e+00,8.500000000000000611e-02,3.000000000000000000e+00,4.502249959989419207e+06
-5.810183313557108598e+00,1.999259616013769225e+00,1.244635943806762235e+00,1.334780740577363733e+00,8.500000000000000611e-02,3.000000000000000000e+00,4.502249959989419207e+06
-5.810183313557108598e+00,1.999259616013769225e+00,1.244635943806762235e+00,1.334780740577363733e+00,8.500000000000000611e-02,3.000000000000000000e+00,4.502249959989419207e+06
-5.810183313557108598e+00,1.999259616013769225e+00,1.244635943806762235e+00,1.334780740577363733e+00,8.500000000000000611e-02,3.000000000000000000e+00,4.502249959989419207e+06
-5.810183313557108598e+00,1.999259616013769225e+00,1.244635943806762235e+00,1.334780740577363733e+00,8.500000000000000611e-02,3.000000000000000000e+00,4.502249959989419207e+06
-5.810183313557108598e+00,1.999259616013769225e+00,1.244635943806762235e+00,1.334780740577363733e+00,8.500000000000000611e-02,3.000000000000000000e+00,4.502249959989419207e+06
-5.810183313557108598e+00,1.999259616013769225e+00,1.244635943806762235e+00,1.334780740577363733e+00,8.500000000000000611e-02,3.000000000000000000e+00,4.502249959989419207e+06
-5.810183313557108598e+00,1.999259616013769225e+00,1.244635943806762235e+00,1.334780740577363733e+00,8.500000000000000611e-02,3.000000000000000000e+00,4.502249959989419207e+06
-6.852834943408121049e+00,1.155113859220295858e+00,-1.451775566170758758e-01,7.657413318726411511e-01,8.500000000000000611e-02,3.000000000000000000e+00,4.502249959989419207e+06
-7.088145253358314690e+00,9.249206212676888139e-01,-5.042912040658293904e-01,5.340423100337411411e-01,8.500000000000000611e-02,3.000000000000000000e+00,4.502249959989419207e+06
-6.991810759671837516e+00,9.536607901897624640e-01,-4.184073721547579838e-01,5.115920426146508548e-01,8.500000000000000611e-02,3.000000000000000000e+00,4.502249959989419207e+06
-6.991810759671837516e+00,9.536607901897624640e-01,-4.184073721547579838e-01,5.115920426146508548e-01,8.500000000000000611e-02,3.000000000000000000e+00,4.502249959989419207e+06
-6.994536357545808158e+00,9.509823307249454238e-01,-4.223404959926249091e-01,5.101672805412023060e-01,8.500000000000000611e-02,3.000000000000000000e+00,4.502249959989419207e+06
-6.988797476464874592e+00,9.542058332783325270e-01,-4.092842665670385904e-01,5.098982190072808285e-01,8.500000000000000611e-02,3.000000000000000000e+00,4.502249959989419207e+06
-6.988797476464874592e+00,9.542058332783325270e-01,-4.092842665670385904e-01,5.098982190072808285e-01,8.500000000000000611e-02,3.000000000000000000e+00,4.502249959989419207e+06
-6.978984360016405653e+00,9.586270964913542469e-01,-4.000782699156828492e-01,5.072893010342252040e-01,8.500000000000000611e-02,3.000000000000000000e+00,4.502249959989419207e+06
-7.001409164663531470e+00,9.483845997312704279e-01,-4.279467341031530370e-01,5.089421409299214050e-01,8.500000000000000611e-02,3.000000000000000000e+00,4.502249959989419207e+06
-5.809419704870936840e+00,1.999979667758783108e+00,1.246167029922080838e+00,1.336338683674432870e+00,8.500000000000000611e-02,3.000000000000000000e+00,4.502249959989419207e+06
-5.809419704870936840e+00,1.999979667758783108e+00,1.246167029922080838e+00,1.336338683674432870e+00,8.500000000000000611e-02,3.000000000000000000e+00,4.502249959989419207e+06
-5.809419704870936840e+00,1.999979667758783108e+00,1.246167029922080838e+00,1.336338683674432870e+00,8.500000000000000611e-02,3.000000000000000000e+00,4.502249959989419207e+06
-5.809419704870936840e+00,1.999979667758783108e+00,1.246167029922080838e+00,1.336338683674432870e+00,8.500000000000000611e-02,3.000000000000000000e+00,4.502249959989419207e+06
-5.809419704870936840e+00,1.999979667758783108e+00,1.246167029922080838e+00,1.336338683674432870e+00,8.500000000000000611e-02,3.000000000000000000e+00,4.502249959989419207e+06
-5.809419704870936840e+00,1.999979667758783108e+00,1.246167029922080838e+00,1.336338683674432870e+00,8.500000000000000611e-02,3.000000000000000000e+00,4.502249959989419207e+06
-5.809402304193174160e+00,2.000002206598276544e+00,1.246218946599428667e+00,1.336391394244217601e+00,8.500000000000000611e-02,3.000000000000000000e+00,4.502249959989419207e+06
-5.809389660992636095e+00,2.000024533242087177e+00,1.246258507070795662e+00,1.336428989442030479e+00,8.500000000000000611e-02,3.000000000000000000e+00,4.502249959989419207e+06
-5.809357365974775256e+00,2.000076428019611718e+00,1.246362687780881773e+00,1.336532729848999512e+00,8.500000000000000611e-02,3.000000000000000000e+00,4.502249959989419207e+06
-5.809284847738678259e+00,2.000371638621655013e+00,1.246703712359729099e+00,1.336962971654495291e+00,8.500000000000000611e-02,3.000000000000000000e+00,4.502249959989419207e+06
-5.809284847738678259e+00,2.000371638621655013e+00,1.246703712359729099e+00,1.336962971654495291e+00,8.500000000000000611e-02,3.000000000000000000e+00,4.502249959989419207e+06
-5.809284847738678259e+00,2.000371638621655013e+00,1.246703712359729099e+00,1.336962971654495291e+00,8.500000000000000611e-02,3.000000000000000000e+00,4.502249959989419207e+06
-5.809284847738678259e+00,2.000371638621655013e+00,1.246703712359729099e+00,1.336962971654495291e+00,8.500000000000000611e-02,3.000000000000000000e+00,4.502249959989419207e+06
-5.809284847738678259e+00,2.000371638621655013e+00,1.246703712359729099e+00,1.336962971654495291e+00,8.500000000000000611e-02,3.000000000000000000e+00,4.502249959989419207e+06
-5.809284847738678259e+00,2.000371638621655013e+00,1.246703712359729099e+00,1.336962971654495291e+00,8.500000000000000611e-02,3.000000000000000000e+00,4.502249959989419207e+06
-5.809284847738678259e+00,2.000371638621655013e+00,1.246703712359729099e+00,1.336962971654495291e+00,8.500000000000000611e-02,3.000000000000000000e+00,4.502249959989419207e+06
-5.809284847738678259e+00,2.000371638621655013e+00,1.246703712359729099e+00,1.336962971654495291e+00,8.500000000000000611e-02,3.000000000000000000e+00,4.502249959989419207e+06
-5.809284847738678259e+00,2.000371638621655013e+00,1.246703712359729099e+00,1.336962971654495291e+00,8.500000000000000611e-02,3.000000000000000000e+00,4.502249959989419207e+06
-5.809269314921708727e+00,2.000464041193514841e+00,1.246794479810930278e+00,1.337101933654762709e+00,8.500000000000000611e-02,3.000000000000000000e+00,4.502249959989419207e+06
-5.809269314921708727e+00,2.000464041193514841e+00,1.246794479810930278e+00,1.337101933654762709e+00,8.500000000000000611e-02,3.000000000000000000e+00,4.502249959989419207e+06
-5.809269314921708727e+00,2.000464041193514841e+00,1.246794479810930278e+00,1.337101933654762709e+00,8.500000000000000611e-02,3.000000000000000000e+00,4.502249959989419207e+06
-5.809269314921708727e+00,2.000464041193514841e+00,1.246794479810930278e+00,1.337101933654762709e+00,8.500000000000000611e-02,3.000000000000000000e+00,4.502249959989419207e+06
-5.809269314921708727e+00,2.000464041193514841e+00,1.246794479810930278e+00,1.337101933654762709e+00,8.500000000000000611e-02,3.000000000000000000e+00,4.502249959989419207e+06
-5.808809587888854153e+00,2.000470571774530359e+00,1.248094490623855357e+00,1.337809507634297290e+00,8.500000000000000611e-02,3.000000000000000000e+00,4.502249959989419207e+06
-5.808809587888854153e+00,2.000470571774530359e+00,1.248094490623855357e+00,1.337809507634297290e+00,8.500000000000000611e-02,3.000000000000000000e+00,4.502249959989419207e+06
-5.808809587888854153e+00,2.000470571774530359e+00,1.248094490623855357e+00,1.337809507634297290e+00,8.500000000000000611e-02,3.000000000000000000e+00,4.502249959989419207e+06
-5.808809587888854153e+00,2.000470571774530359e+00,1.248094490623855357e+00,1.337809507634297290e+00,8.500000000000000611e-02,3.000000000000000000e+00,4.502249959989419207e+06
-5.808809587888854153e+00,2.000470571774530359e+00,1.248094490623855357e+00,1.337809507634297290e+00,8.500000000000000611e-02,3.000000000000000000e+00,4.502249959989419207e+06
-5.808809587888854153e+00,2.000470571774530359e+00,1.248094490623855357e+00,1.337809507634297290e+00,8.500000000000000611e-02,3.000000000000000000e+00,4.502249959989419207e+06
-5.808809587888854153e+00,2.000470571774530359e+00,1.248094490623855357e+00,1.337809507634297290e+00,8.500000000000000611e-02,3.000000000000000000e+00,4.502249959989419207e+06
-5.808809587888854153e+00,2.000470571774530359e+00,1.248094490623855357e+00,1.337809507634297290e+00,8.500000000000000611e-02,3.000000000000000000e+00,4.502249959989419207e+06
-5.808809587888854153e+00,2.000470571774530359e+00,1.248094490623855357e+00,1.337809507634297290e+00,8.500000000000000611e-02,3.000000000000000000e+00,4.502249959989419207e+06
-5.808809587888854153e+00,2.000470571774530359e+00,1.248094490623855357e+00,1.337809507634297290e+00,8.500000000000000611e-02,3.000000000000000000e+00,4.502249959989419207e+06
-5.808809587888854153e+00,2.000470571774530359e+00,1.248094490623855357e+00,1.337809507634297290e+00,8.500000000000000611e-02,3.000000000000000000e+00,4.502249959989419207e+06
-5.808809587888854153e+00,2.000470571774530359e+00,1.248094490623855357e+00,1.337809507634297290e+00,8.500000000000000611e-02,3.000000000000000000e+00,4.502249959989419207e+06
-5.808809587888854153e+00,2.000470571774530359e+00,1.248094490623855357e+00,1.337809507634297290e+00,8.500000000000000611e-02,3.000000000000000000e+00,4.502249959989419207e+06
-5.808809587888854153e+00,2.000470571774530359e+00,1.248094490623855357e+00,1.337809507634297290e+00,8.500000000000000611e-02,3.000000000000000000e+00,4.502249959989419207e+06
-5.808809587888854153e+00,2.000470571774530359e+00,1.248094490623855357e+00,1.337809507634297290e+00,8.500000000000000611e-02,3.000000000000000000e+00,4.502249959989419207e+06
-5.808809587888854153e+00,2.000470571774530359e+00,1.248094490623855357e+00,1.337809507634297290e+00,8.500000000000000611e-02,3.000000000000000000e+00,4.502249959989419207e+06
-5.808809587888854153e+00,2.000470571774530359e+00,1.248094490623855357e+00,1.337809507634297290e+00,8.500000000000000611e-02,3.000000000000000000e+00,4.502249959989419207e+06
-5.808809587888854153e+00,2.000470571774530359e+00,1.248094490623855357e+00,1.337809507634297290e+00,8.500000000000000611e-02,3.000000000000000000e+00,4.502249959989419207e+06
-5.808809587888854153e+00,2.000470571774530359e+00,1.248094490623855357e+00,1.337809507634297290e+00,8.500000000000000611e-02,3.000000000000000000e+00,4.502249959989419207e+06
-5.808809587888854153e+00,2.000470571774530359e+00,1.248094490623855357e+00,1.337809507634297290e+00,8.500000000000000611e-02,3.000000000000000000e+00,4.502249959989419207e+06
-5.808809587888854153e+00,2.000470571774530359e+00,1.248094490623855357e+00,1.337809507634297290e+00,8.500000000000000611e-02,3.000000000000000000e+00,4.502249959989419207e+06
-5.808809587888854153e+00,2.000470571774530359e+00,1.248094490623855357e+00,1.337809507634297290e+00,8.500000000000000611e-02,3.000000000000000000e+00,4.502249959989419207e+06
-5.808776024347618083e+00,2.000547739742377651e+00,1.248223680938512103e+00,1.337957494634900657e+00,8.500000000000000611e-02,3.000000000000000000e+00,4.502249959989419207e+06
-5.808776024347618083e+00,2.000547739742377651e+00,1.248223680938512103e+00,1.337957494634900657e+00,8.500000000000000611e-02,3.000000000000000000e+00,4.502249959989419207e+06
-5.808768995995088780e+00,2.000552974839246101e+00,1.248231190393039203e+00,1.337966163919125817e+00,8.500000000000000611e-02,3.000000000000000000e+00,4.502249959989419207e+06
-5.808768995995088780e+00,2.000552974839246101e+00,1.248231190393039203e+00,1.337966163919125817e+00,8.500000000000000611e-02,3.000000000000000000e+00,4.502249959989419207e+06
-5.809070109163992690e+00,2.000374284181586138e+00,1.247583475684841181e+00,1.337437231274617666e+00,8.500000000000000611e-02,3.000000000000000000e+00,4.502249959989419207e+06
-5.809070109163992690e+00,2.000374284181586138e+00,1.247583475684841181e+00,1.337437231274617666e+00,8.500000000000000611e-02,3.000000000000000000e+00,4.502249959989419207e+06
-5.809070109163992690e+00,2.000374284181586138e+00,1.247583475684841181e+00,1.337437231274617666e+00,8.500000000000000611e-02,3.000000000000000000e+00,4.502249959989419207e+06
-5.809706036173236221e+00,1.999926908242058987e+00,1.246716002915490673e+00,1.336561983653375307e+00,8.500000000000000611e-02,3.000000000000000000e+00,4.502249959989419207e+06
-5.809706036173236221e+00,1.999926908242058987e+00,1.246716002915490673e+00,1.336561983653375307e+00,8.500000000000000611e-02,3.000000000000000000e+00,4.502249959989419207e+06
-5.809706036173236221e+00,1.999926908242058987e+00,1.246716002915490673e+00,1.336561983653375307e+00,8.500000000000000611e-02,3.000000000000000000e+00,4.502249959989419207e+06
-5.825421484016191087e+00,1.987770327022862826e+00,1.227786649273958641e+00,1.326143322545340952e+00,8.500000000000000611e-02,3.000000000000000000e+00,4.502249959989419207e+06
-5.825421484016191087e+00,1.987770327022862826e+00,1.227786649273958641e+00,1.326143322545340952e+00,8.500000000000000611e-02,3.000000000000000000e+00,4.502249959989419207e+06
-5.823068009129031886e+00,1.989551429984097730e+00,1.230372213686122373e+00,1.327510470821987587e+00,8.500000000000000611e-02,3.000000000000000000e+00,4.502249959989419207e+06
-5.823068009129031886e+00,1.989551429984097730e+00,1.230372213686122373e+00,1.327510470821987587e+00,8.500000000000000611e-02,3.000000000000000000e+00,4.502249959989419207e+06
-5.823068009129031886e+00,1.989551429984097730e+00,1.230372213686122373e+00,1.327510470821987587e+00,8.500000000000000611e-02,3.000000000000000000e+00,4.502249959989419207e+06
-5.823068009129031886e+00,1.989551429984097730e+00,1.230372213686122373e+00,1.327510470821987587e+00,8.500000000000000611e-02,3.000000000000000000e+00,4.502249959989419207e+06
-5.823068009129031886e+00,1.989551429984097730e+00,1.230372213686122373e+00,1.327510470821987587e+00,8.500000000000000611e-02,3.000000000000000000e+00,4.502249959989419207e+06
-5.823068009129031886e+00,1.989551429984097730e+00,1.230372213686122373e+00,1.327510470821987587e+00,8.500000000000000611e-02,3.000000000000000000e+00,4.502249959989419207e+06
-5.823068009129031886e+00,1.989551429984097730e+00,1.230372213686122373e+00,1.327510470821987587e+00,8.500000000000000611e-02,3.000000000000000000e+00,4.502249959989419207e+06
-5.823068009129031886e+00,1.989551429984097730e+00,1.230372213686122373e+00,1.327510470821987587e+00,8.500000000000000611e-02,3.000000000000000000e+00,4.502249959989419207e+06
-5.823068009129031886e+00,1.989551429984097730e+00,1.230372213686122373e+00,1.327510470821987587e+00,8.500000000000000611e-02,3.000000000000000000e+00,4.502249959989419207e+06
-5.823068009129031886e+00,1.989551429984097730e+00,1.230372213686122373e+00,1.327510470821987587e+00,8.500000000000000611e-02,3.000000000000000000e+00,4.502249959989419207e+06
-5.823068009129031886e+00,1.989551429984097730e+00,1.230372213686122373e+00,1.327510470821987587e+00,8.500000000000000611e-02,3.000000000000000000e+00,4.502249959989419207e+06
-5.823068009129031886e+00,1.989551429984097730e+00,1.230372213686122373e+00,1.327510470821987587e+00,8.500000000000000611e-02,3.000000000000000000e+00,4.502249959989419207e+06
-5.844393474319963921e+00,1.972658988431232885e+00,1.205681143561655233e+00,1.313821422970247177e+00,8.500000000000000611e-02,3.000000000000000000e+00,4.502249959989419207e+06
-6.057415222063532667e+00,1.780628095580458092e+00,9.269158601407678777e-01,1.161169552643506186e+00,8.500000000000000611e-02,3.000000000000000000e+00,4.502249959989419207e+06
-6.057415222063532667e+00,1.780628095580458092e+00,9.269158601407678777e-01,1.161169552643506186e+00,8.500000000000000611e-02,3.000000000000000000e+00,4.502249959989419207e+06
-6.057415222063532667e+00,1.780628095580458092e+00,9.269158601407678777e-01,1.161169552643506186e+00,8.500000000000000611e-02,3.000000000000000000e+00,4.502249959989419207e+06
-6.057415222063532667e+00,1.780628095580458092e+00,9.269158601407678777e-01,1.161169552643506186e+00,8.500000000000000611e-02,3.000000000000000000e+00,4.502249959989419207e+06
-6.057415222063532667e+00,1.780628095580458092e+00,9.269158601407678777e-01,1.161169552643506186e+00,8.500000000000000611e-02,3.000000000000000000e+00,4.502249959989419207e+06
-6.054938631521553205e+00,1.782821566436089356e+00,9.301023347432753052e-01,1.162919832305350898e+00,8.500000000000000611e-02,3.000000000000000000e+00,4.502249959989419207e+06
-6.666971610646553081e+00,1.241733006260983263e+00,1.362424660756538231e-01,7.278458134109199174e-01,8.500000000000000611e-02,3.000000000000000000e+00,4.502249959989419207e+06
-6.673912375337338609e+00,1.235758419295270194e+00,1.276172453354296188e-01,7.233761876630179222e-01,8.500000000000000611e-02,3.000000000000000000e+00,4.502249959989419207e+06
-6.771447520209044058e+00,1.092486646479759349e+00,6.566714995211520023e-02,6.168923445986634890e-01,8.500000000000000611e-02,3.000000000000000000e+00,4.502249959989419207e+06
-6.921206430217200278e+00,1.022606901501848187e+00,-2.159132822418675657e-01,5.515096378146500111e-01,8.500000000000000611e-02,3.000000000000000000e+00,4.502249959989419207e+06
-6.921206430217200278e+00,1.022606901501848187e+00,-2.159132822418675657e-01,5.515096378146500111e-01,8.500000000000000611e-02,3.000000000000000000e+00,4.502249959989419207e+06
-6.981842028756957141e+00,9.763548799029535541e-01,-2.904985414825942414e-01,5.258744842418555665e-01,8.500000000000000611e-02,3.000000000000000000e+00,4.502249959989419207e+06
-6.981842028756957141e+00,9.763548799029535541e-01,-2.904985414825942414e-01,5.258744842418555665e-01,8.500000000000000611e-02,3.000000000000000000e+00,4.502249959989419207e+06
-6.990176001140120832e+00,9.769203938363613116e-01,-3.164649498632670643e-01,5.286322308459960873e-01,8.500000000000000611e-02,3.000000000000000000e+00,4.502249959989419207e+06
-6.876527472091170878e+00,1.017267367515346299e+00,-1.538646274348258736e-01,5.046345553829335584e-01,8.500000000000000611e-02,3.000000000000000000e+00,4.502249959989419207e+06
-6.876527472091170878e+00,1.017267367515346299e+00,-1.538646274348258736e-01,5.046345553829335584e-01,8.500000000000000611e-02,3.000000000000000000e+00,4.502249959989419207e+06
-6.876527472091170878e+00,1.017267367515346299e+00,-1.538646274348258736e-01,5.046345553829335584e-01,8.500000000000000611e-02,3.000000000000000000e+00,4.502249959989419207e+06
-6.876527472091170878e+00,1.017267367515346299e+00,-1.538646274348258736e-01,5.046345553829335584e-01,8.500000000000000611e-02,3.000000000000000000e+00,4.502249959989419207e+06
-6.876527472091170878e+00,1.017267367515346299e+00,-1.538646274348258736e-01,5.046345553829335584e-01,8.500000000000000611e-02,3.000000000000000000e+00,4.502249959989419207e+06
-6.876527472091170878e+00,1.017267367515346299e+00,-1.538646274348258736e-01,5.046345553829335584e-01,8.500000000000000611e-02,3.000000000000000000e+00,4.502249959989419207e+06
-5.809433386896847296e+00,1.999961945633809135e+00,1.246126208217641862e+00,1.336297237738165666e+00,8.500000000000000611e-02,3.000000000000000000e+00,4.502249959989419207e+06
-5.809433386896847296e+00,1.999961945633809135e+00,1.246126208217641862e+00,1.336297237738165666e+00,8.500000000000000611e-02,3.000000000000000000e+00,4.502249959989419207e+06
-5.809433386896847296e+00,1.999961945633809135e+00,1.246126208217641862e+00,1.336297237738165666e+00,8.500000000000000611e-02,3.000000000000000000e+00,4.502249959989419207e+06
-5.809433386896847296e+00,1.999961945633809135e+00,1.246126208217641862e+00,1.336297237738165666e+00,8.500000000000000611e-02,3.000000000000000000e+00,4.502249959989419207e+06
-5.809433386896847296e+00,1.999961945633809135e+00,1.246126208217641862e+00,1.336297237738165666e+00,8.500000000000000611e-02,3.000000000000000000e+00,4.502249959989419207e+06
-5.809433386896847296e+00,1.999961945633809135e+00,1.246126208217641862e+00,1.336297237738165666e+00,8.500000000000000611e-02,3.000000000000000000e+00,4.502249959989419207e+06
-5.809433386896847296e+00,1.999961945633809135e+00,1.246126208217641862e+00,1.336297237738165666e+00,8.500000000000000611e-02,3.000000000000000000e+00,4.502249959989419207e+06
-5.809433386896847296e+00,1.999961945633809135e+00,1.246126208217641862e+00,1.336297237738165666e+00,8.500000000000000611e-02,3.000000000000000000e+00,4.502249959989419207e+06
-5.809433386896847296e+00,1.999961945633809135e+00,1.246126208217641862e+00,1.336297237738165666e+00,8.500000000000000611e-02,3.000000000000000000e+00,4.502249959989419207e+06
-5.809433386896847296e+00,1.999961945633809135e+00,1.246126208217641862e+00,1.336297237738165666e+00,8.500000000000000611e-02,3.000000000000000000e+00,4.502249959989419207e+06
-5.809433386896847296e+00,1.999961945633809135e+00,1.246126208217641862e+00,1.336297237738165666e+00,8.500000000000000611e-02,3.000000000000000000e+00,4.502249959989419207e+06
-5.809433386896847296e+00,1.999961945633809135e+00,1.246126208217641862e+00,1.336297237738165666e+00,8.500000000000000611e-02,3.000000000000000000e+00,4.502249959989419207e+06
-5.809433386896847296e+00,1.999961945633809135e+00,1.246126208217641862e+00,1.336297237738165666e+00,8.500000000000000611e-02,3.000000000000000000e+00,4.502249959989419207e+06
-5.809433386896847296e+00,1.999961945633809135e+00,1.246126208217641862e+00,1.336297237738165666e+00,8.500000000000000611e-02,3.000000000000000000e+00,4.502249959989419207e+06
-5.809552111331862001e+00,1.999816332114273676e+00,1.245789270100462698e+00,1.335984983719831209e+00,8.500000000000000611e-02,3.000000000000000000e+00,4.502249959989419207e+06
-5.809552111331862001e+00,1.999816332114273676e+00,1.245789270100462698e+00,1.335984983719831209e+00,8.500000000000000611e-02,3.000000000000000000e+00,4.502249959989419207e+06
-5.809552111331862001e+00,1.999816332114273676e+00,1.245789270100462698e+00,1.335984983719831209e+00,8.500000000000000611e-02,3.000000000000000000e+00,4.502249959989419207e+06
-5.809552111331862001e+00,1.999816332114273676e+00,1.245789270100462698e+00,1.335984983719831209e+00,8.500000000000000611e-02,3.000000000000000000e+00,4.502249959989419207e+06
-5.809552111331862001e+00,1.999816332114273676e+00,1.245789270100462698e+00,1.335984983719831209e+00,8.500000000000000611e-02,3.000000000000000000e+00,4.502249959989419207e+06
-5.809552111331862001e+00,1.999816332114273676e+00,1.245789270100462698e+00,1.335984983719831209e+00,8.500000000000000611e-02,3.000000000000000000e+00,4.502249959989419207e+06
-5.809552111331862001e+00,1.999816332114273676e+00,1.245789270100462698e+00,1.335984983719831209e+00,8.500000000000000611e-02,3.000000000000000000e+00,4.502249959989419207e+06
-5.809552111331862001e+00,1.999816332114273676e+00,1.245789270100462698e+00,1.335984983719831209e+00,8.500000000000000611e-02,3.000000000000000000e+00,4.502249959989419207e+06
-5.809552167646417686e+00,1.999816340867037301e+00,1.245788975361898476e+00,1.335984784718877716e+00,8.500000000000000611e-02,3.000000000000000000e+00,4.502249959989419207e+06
-5.809552167646417686e+00,1.999816340867037301e+00,1.245788975361898476e+00,1.335984784718877716e+00,8.500000000000000611e-02,3.000000000000000000e+00,4.502249959989419207e+06
-5.809552167646417686e+00,1.999816340867037301e+00,1.245788975361898476e+00,1.335984784718877716e+00,8.500000000000000611e-02,3.000000000000000000e+00,4.502249959989419207e+06
-5.809552167646417686e+00,1.999816340867037301e+00,1.245788975361898476e+00,1.335984784718877716e+00,8.500000000000000611e-02,3.000000000000000000e+00,4.502249959989419207e+06
-5.809552167646417686e+00,1.999816340867037301e+00,1.245788975361898476e+00,1.335984784718877716e+00,8.500000000000000611e-02,3.000000000000000000e+00,4.502249959989419207e+06
-5.809552167646417686e+00,1.999816340867037301e+00,1.245788975361898476e+00,1.335984784718877716e+00,8.500000000000000611e-02,3.000000000000000000e+00,4.502249959989419207e+06
-5.809552167646417686e+00,1.999816340867037301e+00,1.245788975361898476e+00,1.335984784718877716e+00,8.500000000000000611e-02,3.000000000000000000e+00,4.502249959989419207e+06
-5.809552167646417686e+00,1.999816340867037301e+00,1.245788975361898476e+00,1.335984784718877716e+00,8.500000000000000611e-02,3.000000000000000000e+00,4.502249959989419207e+06
-5.809552167646417686e+00,1.999816340867037301e+00,1.245788975361898476e+00,1.335984784718877716e+00,8.500000000000000611e-02,3.000000000000000000e+00,4.502249959989419207e+06
-5.809552167646417686e+00,1.999816340867037301e+00,1.245788975361898476e+00,1.335984784718877716e+00,8.500000000000000611e-02,3.000000000000000000e+00,4.502249959989419207e+06
-5.809552167646417686e+00,1.999816340867037301e+00,1.245788975361898476e+00,1.335984784718877716e+00,8.500000000000000611e-02,3.000000000000000000e+00,4.502249959989419207e+06
-5.809552167646417686e+00,1.999816340867037301e+00,1.245788975361898476e+00,1.335984784718877716e+00,8.500000000000000611e-02,3.000000000000000000e+00,4.502249959989419207e+06
-5.809552167646417686e+00,1.999816340867037301e+00,1.245788975361898476e+00,1.335984784718877716e+00,8.500000000000000611e-02,3.000000000000000000e+00,4.502249959989419207e+06
-5.809552167646417686e+00,1.999816340867037301e+00,1.245788975361898476e+00,1.335984784718877716e+00,8.500000000000000611e-02,3.000000000000000000e+00,4.502249959989419207e+06
-5.809552167646417686e+00,1.999816340867037301e+00,1.245788975361898476e+00,1.335984784718877716e+00,8.500000000000000611e-02,3.000000000000000000e+00,4.502249959989419207e+06
-5.809112887459763286e+00,2.000434859230630025e+00,1.246651126027003231e+00,1.336785791545155089e+00,8.500000000000000611e-02,3.000000000000000000e+00,4.502249959989419207e+06
-5.809237669167531593e+00,2.000318220802308034e+00,1.246496524980994502e+00,1.336694903874643847e+00,8.500000000000000611e-02,3.000000000000000000e+00,4.502249959989419207e+06
-5.809237669167531593e+00,2.000318220802308034e+00,1.246496524980994502e+00,1.336694903874643847e+00,8.500000000000000611e-02,3.000000000000000000e+00,4.502249959989419207e+06
-5.809237669167531593e+00,2.000318220802308034e+00,1.246496524980994502e+00,1.336694903874643847e+00,8.500000000000000611e-02,3.000000000000000000e+00,4.502249959989419207e+06
-5.809237669167531593e+00,2.000318220802308034e+00,1.246496524980994502e+00,1.336694903874643847e+00,8.500000000000000611e-02,3.000000000000000000e+00,4.502249959989419207e+06
-5.809237669167531593e+00,2.000318220802308034e+00,1.246496524980994502e+00,1.336694903874643847e+00,8.500000000000000611e-02,3.000000000000000000e+00,4.502249959989419207e+06
-5.809237669167531593e+00,2.000318220802308034e+00,1.246496524980994502e+00,1.336694903874643847e+00,8.500000000000000611e-02,3.000000000000000000e+00,4.502249959989419207e+06
-5.809237669167531593e+00,2.000318220802308034e+00,1.246496524980994502e+00,1.336694903874643847e+00,8.500000000000000611e-02,3.000000000000000000e+00,4.502249959989419207e+06
-5.809238929193159429e+00,2.000324717649309303e+00,1.246492180880047318e+00,1.336699485462669701e+00,8.500000000000000611e-02,3.000000000000000000e+00,4.502249959989419207e+06
-5.809238929193159429e+00,2.000324717649309303e+00,1.246492180880047318e+00,1.336699485462669701e+00,8.500000000000000611e-02,3.000000000000000000e+00,4.502249959989419207e+06
-5.809238929193159429e+00,2.000324717649309303e+00,1.246492180880047318e+00,1.336699485462669701e+00,8.500000000000000611e-02,3.000000000000000000e+00,4.502249959989419207e+06
-5.809238929193159429e+00,2.000324717649309303e+00,1.246492180880047318e+00,1.336699485462669701e+00,8.500000000000000611e-02,3.000000000000000000e+00,4.502249959989419207e+06
-5.809238929193159429e+00,2.000324717649309303e+00,1.246492180880047318e+00,1.336699485462669701e+00,8.500000000000000611e-02,3.000000000000000000e+00,4.502249959989419207e+06
-5.809238929193159429e+00,2.000324717649309303e+00,1.246492180880047318e+00,1.336699485462669701e+00,8.500000000000000611e-02,3.000000000000000000e+00,4.502249959989419207e+06
-5.809238929193159429e+00,2.000324717649309303e+00,1.246492180880047318e+00,1.336699485462669701e+00,8.500000000000000611e-02,3.000000000000000000e+00,4.502249959989419207e+06
-5.809238929193159429e+00,2.000324717649309303e+00,1.246492180880047318e+00,1.336699485462669701e+00,8.500000000000000611e-02,3.000000000000000000e+00,4.502249959989419207e+06
-5.809238929193159429e+00,2.000324717649309303e+00,1.246492180880047318e+00,1.336699485462669701e+00,8.500000000000000611e-02,3.000000000000000000e+00,4.502249959989419207e+06
-5.809238929193159429e+00,2.000324717649309303e+00,1.246492180880047318e+00,1.336699485462669701e+00,8.500000000000000611e-02,3.000000000000000000e+00,4.502249959989419207e+06
-5.809238929193159429e+00,2.000324717649309303e+00,1.246492180880047318e+00,1.336699485462669701e+00,8.500000000000000611e-02,3.000000000000000000e+00,4.502249959989419207e+06
-5.809238929193159429e+00,2.000324717649309303e+00,1.246492180880047318e+00,1.336699485462669701e+00,8.500000000000000611e-02,3.000000000000000000e+00,4.502249959989419207e+06
-5.809238929193159429e+00,2.000324717649309303e+00,1.246492180880047318e+00,1.336699485462669701e+00,8.500000000000000611e-02,3.000000000000000000e+00,4.502249959989419207e+06
-5.809238929193159429e+00,2.000324717649309303e+00,1.246492180880047318e+00,1.336699485462669701e+00,8.500000000000000611e-02,3.000000000000000000e+00,4.502249959989419207e+06
-5.848401601801275440e+00,1.967203687488084274e+00,1.198219163936000697e+00,1.310435685048860099e+00,8.500000000000000611e-02,3.000000000000000000e+00,4.502249959989419207e+06
-5.848401601801275440e+00,1.967203687488084274e+00,1.198219163936000697e+00,1.310435685048860099e+00,8.500000000000000611e-02,3.000000000000000000e+00,4.502249959989419207e+06
-5.850412239775984347e+00,1.965517247038513826e+00,1.195777208930699942e+00,1.309154908347682778e+00,8.500000000000000611e-02,3.000000000000000000e+00,4.502249959989419207e+06
-5.850412239775984347e+00,1.965517247038513826e+00,1.195777208930699942e+00,1.309154908347682778e+00,8.500000000000000611e-02,3.000000000000000000e+00,4.502249959989419207e+06
-5.850412239775984347e+00,1.965517247038513826e+00,1.195777208930699942e+00,1.309154908347682778e+00,8.500000000000000611e-02,3.000000000000000000e+00,4.502249959989419207e+06
-5.850412239775984347e+00,1.965517247038513826e+00,1.195777208930699942e+00,1.309154908347682778e+00,8.500000000000000611e-02,3.000000000000000000e+00,4.502249959989419207e+06
-5.850412239775984347e+00,1.965517247038513826e+00,1.195777208930699942e+00,1.309154908347682778e+00,8.500000000000000611e-02,3.000000000000000000e+00,4.502249959989419207e+06
-5.850412239775984347e+00,1.965517247038513826e+00,1.195777208930699942e+00,1.309154908347682778e+00,8.500000000000000611e-02,3.000000000000000000e+00,4.502249959989419207e+06
-5.850412239775984347e+00,1.965517247038513826e+00,1.195777208930699942e+00,1.309154908347682778e+00,8.500000000000000611e-02,3.000000000000000000e+00,4.502249959989419207e+06
-5.850412239775984347e+00,1.965517247038513826e+00,1.195777208930699942e+00,1.309154908347682778e+00,8.500000000000000611e-02,3.000000000000000000e+00,4.502249959989419207e+06
-5.850412239775984347e+00,1.965517247038513826e+00,1.195777208930699942e+00,1.309154908347682778e+00,8.500000000000000611e-02,3.000000000000000000e+00,4.502249959989419207e+06
-5.850412239775984347e+00,1.965517247038513826e+00,1.195777208930699942e+00,1.309154908347682778e+00,8.500000000000000611e-02,3.000000000000000000e+00,4.502249959989419207e+06
-5.850412239775984347e+00,1.965517247038513826e+00,1.195777208930699942e+00,1.309154908347682778e+00,8.500000000000000611e-02,3.000000000000000000e+00,4.502249959989419207e+06
-5.922384620757841667e+00,1.891924179116041715e+00,1.093426871963419256e+00,1.233325579334969557e+00,8.500000000000000611e-02,3.000000000000000000e+00,4.502249959989419207e+06
-5.922384620757841667e+00,1.891924179116041715e+00,1.093426871963419256e+00,1.233325579334969557e+00,8.500000000000000611e-02,3.000000000000000000e+00,4.502249959989419207e+06
-5.919171443258571585e+00,1.895021407257510893e+00,1.097768349993190728e+00,1.236267590811699346e+00,8.500000000000000611e-02,3.000000000000000000e+00,4.502249959989419207e+06
-6.014588730472052447e+00,1.805747038406244176e+00,9.657394910487449025e-01,1.146111755374080277e+00,8.500000000000000611e-02,3.000000000000000000e+00,4.502249959989419207e+06
-6.014588730472052447e+00,1.805747038406244176e+00,9.657394910487449025e-01,1.146111755374080277e+00,8.500000000000000611e-02,3.000000000000000000e+00,4.502249959989419207e+06
-6.014588730472052447e+00,1.805747038406244176e+00,9.657394910487449025e-01,1.146111755374080277e+00,8.500000000000000611e-02,3.000000000000000000e+00,4.502249959989419207e+06
-6.014588730472052447e+00,1.805747038406244176e+00,9.657394910487449025e-01,1.146111755374080277e+00,8.500000000000000611e-02,3.000000000000000000e+00,4.502249959989419207e+06
-6.014588730472052447e+00,1.805747038406244176e+00,9.657394910487449025e-01,1.146111755374080277e+00,8.500000000000000611e-02,3.000000000000000000e+00,4.502249959989419207e+06
-6.014588730472052447e+00,1.805747038406244176e+00,9.657394910487449025e-01,1.146111755374080277e+00,8.500000000000000611e-02,3.000000000000000000e+00,4.502249959989419207e+06
-7.120868952944121588e+00,9.133810678202012312e-01,-5.074809418482670864e-01,5.180330405529858240e-01,8.500000000000000611e-02,3.000000000000000000e+00,4.502249959989419207e+06
-7.120868952944121588e+00,9.133810678202012312e-01,-5.074809418482670864e-01,5.180330405529858240e-01,8.500000000000000611e-02,3.000000000000000000e+00,4.502249959989419207e+06
-7.119995705480467230e+00,9.140633775348034895e-01,-5.065335546337086381e-01,5.177822804298634063e-01,8.500000000000000611e-02,3.000000000000000000e+00,4.502249959989419207e+06
-7.119995705480467230e+00,9.140633775348034895e-01,-5.065335546337086381e-01,5.177822804298634063e-01,8.500000000000000611e-02,3.000000000000000000e+00,4.502249959989419207e+06
-7.110322194086964309e+00,9.187446366936268261e-01,-4.945238394858746389e-01,5.168988048920801770e-01,8.500000000000000611e-02,3.000000000000000000e+00,4.502249959989419207e+06
-7.007536903227324920e+00,9.514513976813158136e-01,-3.766813967906356697e-01,5.118191072311667478e-01,8.500000000000000611e-02,3.000000000000000000e+00,4.502249959989419207e+06
-7.007536903227324920e+00,9.514513976813158136e-01,-3.766813967906356697e-01,5.118191072311667478e-01,8.500000000000000611e-02,3.000000000000000000e+00,4.502249959989419207e+06
-7.136092320271584022e+00,8.868682651784893789e-01,-5.953244552374845622e-01,5.188690810469132053e-01,8.500000000000000611e-02,3.000000000000000000e+00,4.502249959989419207e+06
-7.136092320271584022e+00,8.868682651784893789e-01,-5.953244552374845622e-01,5.188690810469132053e-01,8.500000000000000611e-02,3.000000000000000000e+00,4.502249959989419207e+06
-5.809429983031483502e+00,1.999957801567501470e+00,1.246130925821744118e+00,1.336295475256922494e+00,8.500000000000000611e-02,3.000000000000000000e+00,4.502249959989419207e+06
-5.809429983031483502e+00,1.999957801567501470e+00,1.246130925821744118e+00,1.336295475256922494e+00,8.500000000000000611e-02,3.000000000000000000e+00,4.502249959989419207e+06
-5.809429983031483502e+00,1.999957801567501470e+00,1.246130925821744118e+00,1.336295475256922494e+00,8.500000000000000611e-02,3.000000000000000000e+00,4.502249959989419207e+06
-5.809429983031483502e+00,1.999957801567501470e+00,1.246130925821744118e+00,1.336295475256922494e+00,8.500000000000000611e-02,3.000000000000000000e+00,4.502249959989419207e+06
-5.809429983031483502e+00,1.999957801567501470e+00,1.246130925821744118e+00,1.336295475256922494e+00,8.500000000000000611e-02,3.000000000000000000e+00,4.502249959989419207e+06
-5.809429983031483502e+00,1.999957801567501470e+00,1.246130925821744118e+00,1.336295475256922494e+00,8.500000000000000611e-02,3.000000000000000000e+00,4.502249959989419207e+06
-5.809429983031483502e+00,1.999957801567501470e+00,1.246130925821744118e+00,1.336295475256922494e+00,8.500000000000000611e-02,3.000000000000000000e+00,4.502249959989419207e+06
-5.809429983031483502e+00,1.999957801567501470e+00,1.246130925821744118e+00,1.336295475256922494e+00,8.500000000000000611e-02,3.000000000000000000e+00,4.502249959989419207e+06
-5.809429983031483502e+00,1.999957801567501470e+00,1.246130925821744118e+00,1.336295475256922494e+00,8.500000000000000611e-02,3.000000000000000000e+00,4.502249959989419207e+06
-5.809348050957273024e+00,1.999995651448210676e+00,1.246334378511861019e+00,1.336397533608290944e+00,8.500000000000000611e-02,3.000000000000000000e+00,4.502249959989419207e+06
-5.809348050957273024e+00,1.999995651448210676e+00,1.246334378511861019e+00,1.336397533608290944e+00,8.500000000000000611e-02,3.000000000000000000e+00,4.502249959989419207e+06
-5.809348050957273024e+00,1.999995651448210676e+00,1.246334378511861019e+00,1.336397533608290944e+00,8.500000000000000611e-02,3.000000000000000000e+00,4.502249959989419207e+06
-5.809348050957273024e+00,1.999995651448210676e+00,1.246334378511861019e+00,1.336397533608290944e+00,8.500000000000000611e-02,3.000000000000000000e+00,4.502249959989419207e+06
-5.809348050957273024e+00,1.999995651448210676e+00,1.246334378511861019e+00,1.336397533608290944e+00,8.500000000000000611e-02,3.000000000000000000e+00,4.502249959989419207e+06
-5.809348050957273024e+00,1.999995651448210676e+00,1.246334378511861019e+00,1.336397533608290944e+00,8.500000000000000611e-02,3.000000000000000000e+00,4.502249959989419207e+06
-5.809348050957273024e+00,1.999995651448210676e+00,1.246334378511861019e+00,1.336397533608290944e+00,8.500000000000000611e-02,3.000000000000000000e+00,4.502249959989419207e+06
-5.809348050957273024e+00,1.999995651448210676e+00,1.246334378511861019e+00,1.336397533608290944e+00,8.500000000000000611e-02,3.000000000000000000e+00,4.502249959989419207e+06
-5.809348050957273024e+00,1.999995651448210676e+00,1.246334378511861019e+00,1.336397533608290944e+00,8.500000000000000611e-02,3.000000000000000000e+00,4.502249959989419207e+06
-5.809348050957273024e+00,1.999995651448210676e+00,1.246334378511861019e+00,1.336397533608290944e+00,8.500000000000000611e-02,3.000000000000000000e+00,4.502249959989419207e+06
-5.809348050957273024e+00,1.999995651448210676e+00,1.246334378511861019e+00,1.336397533608290944e+00,8.500000000000000611e-02,3.000000000000000000e+00,4.502249959989419207e+06
-5.809348050957273024e+00,1.999995651448210676e+00,1.246334378511861019e+00,1.336397533608290944e+00,8.500000000000000611e-02,3.000000000000000000e+00,4.502249959989419207e+06
-5.809348050957273024e+00,1.999995651448210676e+00,1.246334378511861019e+00,1.336397533608290944e+00,8.500000000000000611e-02,3.000000000000000000e+00,4.502249959989419207e+06
-5.809348050957273024e+00,1.999995651448210676e+00,1.246334378511861019e+00,1.336397533608290944e+00,8.500000000000000611e-02,3.000000000000000000e+00,4.502249959989419207e+06
-5.809348050957273024e+00,1.999995651448210676e+00,1.246334378511861019e+00,1.336397533608290944e+00,8.500000000000000611e-02,3.000000000000000000e+00,4.502249959989419207e+06
-5.809348050957273024e+00,1.999995651448210676e+00,1.246334378511861019e+00,1.336397533608290944e+00,8.500000000000000611e-02,3.000000000000000000e+00,4.502249959989419207e+06
-5.809344053991917001e+00,1.999991663936836250e+00,1.246336618274200614e+00,1.336396659143246124e+00,8.500000000000000611e-02,3.000000000000000000e+00,4.502249959989419207e+06
-5.809344053991917001e+00,1.999991663936836250e+00,1.246336618274200614e+00,1.336396659143246124e+00,8.500000000000000611e-02,3.000000000000000000e+00,4.502249959989419207e+06
-5.809344053991917001e+00,1.999991663936836250e+00,1.246336618274200614e+00,1.336396659143246124e+00,8.500000000000000611e-02,3.000000000000000000e+00,4.502249959989419207e+06
-5.809344053991917001e+00,1.999991663936836250e+00,1.246336618274200614e+00,1.336396659143246124e+00,8.500000000000000611e-02,3.000000000000000000e+00,4.502249959989419207e+06
-5.809344053991917001e+00,1.999991663936836250e+00,1.246336618274200614e+00,1.336396659143246124e+00,8.500000000000000611e-02,3.000000000000000000e+00,4.502249959989419207e+06
-5.809344053991917001e+00,1.999991663936836250e+00,1.246336618274200614e+00,1.336396659143246124e+00,8.500000000000000611e-02,3.000000000000000000e+00,4.502249959989419207e+06
-5.809344053991917001e+00,1.999991663936836250e+00,1.246336618274200614e+00,1.336396659143246124e+00,8.500000000000000611e-02,3.000000000000000000e+00,4.502249959989419207e+06
-5.809344053991917001e+00,1.999991663936836250e+00,1.246336618274200614e+00,1.336396659143246124e+00,8.500000000000000611e-02,3.000000000000000000e+00,4.502249959989419207e+06
-5.809344053991917001e+00,1.999991663936836250e+00,1.246336618274200614e+00,1.336396659143246124e+00,8.500000000000000611e-02,3.000000000000000000e+00,4.502249959989419207e+06
-5.809344053991917001e+00,1.999991663936836250e+00,1.246336618274200614e+00,1.336396659143246124e+00,8.500000000000000611e-02,3.000000000000000000e+00,4.502249959989419207e+06
-5.809344053991917001e+00,1.999991663936836250e+00,1.246336618274200614e+00,1.336396659143246124e+00,8.500000000000000611e-02,3.000000000000000000e+00,4.502249959989419207e+06
-5.809344053991917001e+00,1.999991663936836250e+00,1.246336618274200614e+00,1.336396659143246124e+00,8.500000000000000611e-02,3.000000000000000000e+00,4.502249959989419207e+06
-5.809344053991917001e+00,1.999991663936836250e+00,1.246336618274200614e+00,1.336396659143246124e+00,8.500000000000000611e-02,3.000000000000000000e+00,4.502249959989419207e+06
-5.809344053991917001e+00,1.999991663936836250e+00,1.246336618274200614e+00,1.336396659143246124e+00,8.500000000000000611e-02,3.000000000000000000e+00,4.502249959989419207e+06
-5.809344053991917001e+00,1.999991663936836250e+00,1.246336618274200614e+00,1.336396659143246124e+00,8.500000000000000611e-02,3.000000000000000000e+00,4.502249959989419207e+06
-5.809344053991917001e+00,1.999991663936836250e+00,1.246336618274200614e+00,1.336396659143246124e+00,8.500000000000000611e-02,3.000000000000000000e+00,4.502249959989419207e+06
-5.809344053991917001e+00,1.999991663936836250e+00,1.246336618274200614e+00,1.336396659143246124e+00,8.500000000000000611e-02,3.000000000000000000e+00,4.502249959989419207e+06
-5.809344053991917001e+00,1.999991663936836250e+00,1.246336618274200614e+00,1.336396659143246124e+00,8.500000000000000611e-02,3.000000000000000000e+00,4.502249959989419207e+06
-5.809309964582658914e+00,2.000037642461784060e+00,1.246412535937832855e+00,1.336493211943286186e+00,8.500000000000000611e-02,3.000000000000000000e+00,4.502249959989419207e+06
-5.809309964582658914e+00,2.000037642461784060e+00,1.246412535937832855e+00,1.336493211943286186e+00,8.500000000000000611e-02,3.000000000000000000e+00,4.502249959989419207e+06
-5.809421023704799403e+00,1.999942946432344604e+00,1.246273098949909786e+00,1.336419682028859857e+00,8.500000000000000611e-02,3.000000000000000000e+00,4.502249959989419207e+06
-5.809421023704799403e+00,1.999942946432344604e+00,1.246273098949909786e+00,1.336419682028859857e+00,8.500000000000000611e-02,3.000000000000000000e+00,4.502249959989419207e+06
-5.810465472567589273e+00,1.998962080928706309e+00,1.243982221692068402e+00,1.334573804747601899e+00,8.500000000000000611e-02,3.000000000000000000e+00,4.502249959989419207e+06
-5.808761807072886363e+00,2.000993638613622672e+00,1.246690747289838086e+00,1.337448829223153890e+00,8.500000000000000611e-02,3.000000000000000000e+00,4.502249959989419207e+06
-5.808761807072886363e+00,2.000993638613622672e+00,1.246690747289838086e+00,1.337448829223153890e+00,8.500000000000000611e-02,3.000000000000000000e+00,4.502249959989419207e+06
-5.808761807072886363e+00,2.000993638613622672e+00,1.246690747289838086e+00,1.337448829223153890e+00,8.500000000000000611e-02,3.000000000000000000e+00,4.502249959989419207e+06
-5.808761807072886363e+00,2.000993638613622672e+00,1.246690747289838086e+00,1.337448829223153890e+00,8.500000000000000611e-02,3.000000000000000000e+00,4.502249959989419207e+06
-5.808761807072886363e+00,2.000993638613622672e+00,1.246690747289838086e+00,1.337448829223153890e+00,8.500000000000000611e-02,3.000000000000000000e+00,4.502249959989419207e+06
-5.808761807072886363e+00,2.000993638613622672e+00,1.246690747289838086e+00,1.337448829223153890e+00,8.500000000000000611e-02,3.000000000000000000e+00,4.502249959989419207e+06
-5.808761807072886363e+00,2.000993638613622672e+00,1.246690747289838086e+00,1.337448829223153890e+00,8.500000000000000611e-02,3.000000000000000000e+00,4.502249959989419207e+06
-5.808761807072886363e+00,2.000993638613622672e+00,1.246690747289838086e+00,1.337448829223153890e+00,8.500000000000000611e-02,3.000000000000000000e+00,4.502249959989419207e+06
-5.808761807072886363e+00,2.000993638613622672e+00,1.246690747289838086e+00,1.337448829223153890e+00,8.500000000000000611e-02,3.000000000000000000e+00,4.502249959989419207e+06
-5.808761807072886363e+00,2.000993638613622672e+00,1.246690747289838086e+00,1.337448829223153890e+00,8.500000000000000611e-02,3.000000000000000000e+00,4.502249959989419207e+06
-5.808761807072886363e+00,2.000993638613622672e+00,1.246690747289838086e+00,1.337448829223153890e+00,8.500000000000000611e-02,3.000000000000000000e+00,4.502249959989419207e+06
-5.808761807072886363e+00,2.000993638613622672e+00,1.246690747289838086e+00,1.337448829223153890e+00,8.500000000000000611e-02,3.000000000000000000e+00,4.502249959989419207e+06
-5.808761807072886363e+00,2.000993638613622672e+00,1.246690747289838086e+00,1.337448829223153890e+00,8.500000000000000611e-02,3.000000000000000000e+00,4.502249959989419207e+06
-5.808761807072886363e+00,2.000993638613622672e+00,1.246690747289838086e+00,1.337448829223153890e+00,8.500000000000000611e-02,3.000000000000000000e+00,4.502249959989419207e+06
-5.808761807072886363e+00,2.000993638613622672e+00,1.246690747289838086e+00,1.337448829223153890e+00,8.500000000000000611e-02,3.000000000000000000e+00,4.502249959989419207e+06
-5.808761807072886363e+00,2.000993638613622672e+00,1.246690747289838086e+00,1.337448829223153890e+00,8.500000000000000611e-02,3.000000000000000000e+00,4.502249959989419207e+06
-5.808761807072886363e+00,2.000993638613622672e+00,1.246690747289838086e+00,1.337448829223153890e+00,8.500000000000000611e-02,3.000000000000000000e+00,4.502249959989419207e+06
-5.808761807072886363e+00,2.000993638613622672e+00,1.246690747289838086e+00,1.337448829223153890e+00,8.500000000000000611e-02,3.000000000000000000e+00,4.502249959989419207e+06
-5.808761807072886363e+00,2.000993638613622672e+00,1.246690747289838086e+00,1.337448829223153890e+00,8.500000000000000611e-02,3.000000000000000000e+00,4.502249959989419207e+06
-5.808761807072886363e+00,2.000993638613622672e+00,1.246690747289838086e+00,1.337448829223153890e+00,8.500000000000000611e-02,3.000000000000000000e+00,4.502249959989419207e+06
-5.808761807072886363e+00,2.000993638613622672e+00,1.246690747289838086e+00,1.337448829223153890e+00,8.500000000000000611e-02,3.000000000000000000e+00,4.502249959989419207e+06
-5.808761807072886363e+00,2.000993638613622672e+00,1.246690747289838086e+00,1.337448829223153890e+00,8.500000000000000611e-02,3.000000000000000000e+00,4.502249959989419207e+06
-5.808761807072886363e+00,2.000993638613622672e+00,1.246690747289838086e+00,1.337448829223153890e+00,8.500000000000000611e-02,3.000000000000000000e+00,4.502249959989419207e+06
-5.808761807072886363e+00,2.000993638613622672e+00,1.246690747289838086e+00,1.337448829223153890e+00,8.500000000000000611e-02,3.000000000000000000e+00,4.502249959989419207e+06
-5.808483555830053824e+00,2.001192400871209642e+00,1.246899189715338085e+00,1.337074571968045467e+00,8.500000000000000611e-02,3.000000000000000000e+00,4.502249959989419207e+06
-5.808483555830053824e+00,2.001192400871209642e+00,1.246899189715338085e+00,1.337074571968045467e+00,8.500000000000000611e-02,3.000000000000000000e+00,4.502249959989419207e+06
-5.808483555830053824e+00,2.001192400871209642e+00,1.246899189715338085e+00,1.337074571968045467e+00,8.500000000000000611e-02,3.000000000000000000e+00,4.502249959989419207e+06
-5.808483555830053824e+00,2.001192400871209642e+00,1.246899189715338085e+00,1.337074571968045467e+00,8.500000000000000611e-02,3.000000000000000000e+00,4.502249959989419207e+06
-5.808483555830053824e+00,2.001192400871209642e+00,1.246899189715338085e+00,1.337074571968045467e+00,8.500000000000000611e-02,3.000000000000000000e+00,4.502249959989419207e+06
-5.808483555830053824e+00,2.001192400871209642e+00,1.246899189715338085e+00,1.337074571968045467e+00,8.500000000000000611e-02,3.000000000000000000e+00,4.502249959989419207e+06
-5.808483555830053824e+00,2.001192400871209642e+00,1.246899189715338085e+00,1.337074571968045467e+00,8.500000000000000611e-02,3.000000000000000000e+00,4.502249959989419207e+06
-5.808483555830053824e+00,2.001192400871209642e+00,1.246899189715338085e+00,1.337074571968045467e+00,8.500000000000000611e-02,3.000000000000000000e+00,4.502249959989419207e+06
-5.808483555830053824e+00,2.001192400871209642e+00,1.246899189715338085e+00,1.337074571968045467e+00,8.500000000000000611e-02,3.000000000000000000e+00,4.502249959989419207e+06
-4.283820281894495707e+00,3.221870877882887285e+00,3.243869670657475890e+00,2.159816890050834992e+00,8.500000000000000611e-02,3.000000000000000000e+00,4.502249959989419207e+06
-4.152436720018792826e+00,3.107977192337206152e+00,3.291815519746451812e+00,2.422855982872778480e+00,8.500000000000000611e-02,3.000000000000000000e+00,4.502249959989419207e+06
-4.037813496157182769e+00,3.027290285138577453e+00,3.308269466918528412e+00,2.621935923149544490e+00,8.500000000000000611e-02,3.000000000000000000e+00,4.502249959989419207e+06
-4.037813496157182769e+00,3.027290285138577453e+00,3.308269466918528412e+00,2.621935923149544490e+00,8.500000000000000611e-02,3.000000000000000000e+00,4.502249959989419207e+06
-3.682265012949873295e+00,3.915051279222258707e+00,3.865177942365538577e+00,2.683475278954558618e+00,8.500000000000000611e-02,3.000000000000000000e+00,4.502249959989419207e+06
-3.751183572730951266e+00,3.828246626455948043e+00,3.772787157940676206e+00,2.608245573460767019e+00,8.500000000000000611e-02,3.000000000000000000e+00,4.502249959989419207e+06
-3.976790613607992686e+00,3.802447948910099296e+00,3.573353435013250756e+00,2.200254085096456258e+00,8.500000000000000611e-02,3.000000000000000000e+00,4.502249959989419207e+06
-4.097286883641426236e+00,3.523190709297361778e+00,3.462391431917115625e+00,2.245327518470087824e+00,8.500000000000000611e-02,3.000000000000000000e+00,4.502249959989419207e+06
-4.125171140694884109e+00,3.565547551850999142e+00,3.464501988666182086e+00,2.174791568376906792e+00,8.500000000000000611e-02,3.000000000000000000e+00,4.502249959989419207e+06
-5.809430718167853946e+00,1.999960412825849243e+00,1.246124789854643478e+00,1.336296206271178733e+00,8.500000000000000611e-02,3.000000000000000000e+00,4.502249959989419207e+06
-5.809430718167853946e+00,1.999960412825849243e+00,1.246124789854643478e+00,1.336296206271178733e+00,8.500000000000000611e-02,3.000000000000000000e+00,4.502249959989419207e+06
-5.809430718167853946e+00,1.999960412825849243e+00,1.246124789854643478e+00,1.336296206271178733e+00,8.500000000000000611e-02,3.000000000000000000e+00,4.502249959989419207e+06
-5.809431127323307464e+00,1.999960402114052682e+00,1.246124879852903211e+00,1.336296392660974330e+00,8.500000000000000611e-02,3.000000000000000000e+00,4.502249959989419207e+06
-5.809431127323307464e+00,1.999960402114052682e+00,1.246124879852903211e+00,1.336296392660974330e+00,8.500000000000000611e-02,3.000000000000000000e+00,4.502249959989419207e+06
-5.809431127323307464e+00,1.999960402114052682e+00,1.246124879852903211e+00,1.336296392660974330e+00,8.500000000000000611e-02,3.000000000000000000e+00,4.502249959989419207e+06
-5.809431127323307464e+00,1.999960402114052682e+00,1.246124879852903211e+00,1.336296392660974330e+00,8.500000000000000611e-02,3.000000000000000000e+00,4.502249959989419207e+06
-5.809431127323307464e+00,1.999960402114052682e+00,1.246124879852903211e+00,1.336296392660974330e+00,8.500000000000000611e-02,3.000000000000000000e+00,4.502249959989419207e+06
-5.809431127323307464e+00,1.999960402114052682e+00,1.246124879852903211e+00,1.336296392660974330e+00,8.500000000000000611e-02,3.000000000000000000e+00,4.502249959989419207e+06
-5.809431127323307464e+00,1.999960402114052682e+00,1.246124879852903211e+00,1.336296392660974330e+00,8.500000000000000611e-02,3.000000000000000000e+00,4.502249959989419207e+06
-5.809431127323307464e+00,1.999960402114052682e+00,1.246124879852903211e+00,1.336296392660974330e+00,8.500000000000000611e-02,3.000000000000000000e+00,4.502249959989419207e+06
-5.809431127323307464e+00,1.999960402114052682e+00,1.246124879852903211e+00,1.336296392660974330e+00,8.500000000000000611e-02,3.000000000000000000e+00,4.502249959989419207e+06
-5.809431127323307464e+00,1.999960402114052682e+00,1.246124879852903211e+00,1.336296392660974330e+00,8.500000000000000611e-02,3.000000000000000000e+00,4.502249959989419207e+06
-5.809431127323307464e+00,1.999960402114052682e+00,1.246124879852903211e+00,1.336296392660974330e+00,8.500000000000000611e-02,3.000000000000000000e+00,4.502249959989419207e+06
-5.809431127323307464e+00,1.999960402114052682e+00,1.246124879852903211e+00,1.336296392660974330e+00,8.500000000000000611e-02,3.000000000000000000e+00,4.502249959989419207e+06
-5.809431127323307464e+00,1.999960402114052682e+00,1.246124879852903211e+00,1.336296392660974330e+00,8.500000000000000611e-02,3.000000000000000000e+00,4.502249959989419207e+06
-5.809057088479786302e+00,2.000225290366536512e+00,1.246875005066483189e+00,1.336957059563637307e+00,8.500000000000000611e-02,3.000000000000000000e+00,4.502249959989419207e+06
-5.809057088479786302e+00,2.000225290366536512e+00,1.246875005066483189e+00,1.336957059563637307e+00,8.500000000000000611e-02,3.000000000000000000e+00,4.502249959989419207e+06
-5.809057088479786302e+00,2.000225290366536512e+00,1.246875005066483189e+00,1.336957059563637307e+00,8.500000000000000611e-02,3.000000000000000000e+00,4.502249959989419207e+06
-5.809057088479786302e+00,2.000225290366536512e+00,1.246875005066483189e+00,1.336957059563637307e+00,8.500000000000000611e-02,3.000000000000000000e+00,4.502249959989419207e+06
-5.809057088479786302e+00,2.000225290366536512e+00,1.246875005066483189e+00,1.336957059563637307e+00,8.500000000000000611e-02,3.000000000000000000e+00,4.502249959989419207e+06
-5.808601226111763438e+00,2.000573502864107844e+00,1.247777832898803840e+00,1.337793578979299403e+00,8.500000000000000611e-02,3.000000000000000000e+00,4.502249959989419207e+06
-5.808601226111763438e+00,2.000573502864107844e+00,1.247777832898803840e+00,1.337793578979299403e+00,8.500000000000000611e-02,3.000000000000000000e+00,4.502249959989419207e+06
-5.808601226111763438e+00,2.000573502864107844e+00,1.247777832898803840e+00,1.337793578979299403e+00,8.500000000000000611e-02,3.000000000000000000e+00,4.502249959989419207e+06
-5.808601226111763438e+00,2.000573502864107844e+00,1.247777832898803840e+00,1.337793578979299403e+00,8.500000000000000611e-02,3.000000000000000000e+00,4.502249959989419207e+06
-5.808601226111763438e+00,2.000573502864107844e+00,1.247777832898803840e+00,1.337793578979299403e+00,8.500000000000000611e-02,3.000000000000000000e+00,4.502249959989419207e+06
-5.808601226111763438e+00,2.000573502864107844e+00,1.247777832898803840e+00,1.337793578979299403e+00,8.500000000000000611e-02,3.000000000000000000e+00,4.502249959989419207e+06
-5.808601226111763438e+00,2.000573502864107844e+00,1.247777832898803840e+00,1.337793578979299403e+00,8.500000000000000611e-02,3.000000000000000000e+00,4.502249959989419207e+06
-5.808601226111763438e+00,2.000573502864107844e+00,1.247777832898803840e+00,1.337793578979299403e+00,8.500000000000000611e-02,3.000000000000000000e+00,4.502249959989419207e+06
-5.808601226111763438e+00,2.000573502864107844e+00,1.247777832898803840e+00,1.337793578979299403e+00,8.500000000000000611e-02,3.000000000000000000e+00,4.502249959989419207e+06
-5.808601226111763438e+00,2.000573502864107844e+00,1.247777832898803840e+00,1.337793578979299403e+00,8.500000000000000611e-02,3.000000000000000000e+00,4.502249959989419207e+06
-5.805935470581879976e+00,2.002416014070732331e+00,1.252929792537404552e+00,1.342306758660374078e+00,8.500000000000000611e-02,3.000000000000000000e+00,4.502249959989419207e+06
-5.804435467926221115e+00,2.003136761485567519e+00,1.255606651762665615e+00,1.344540002020023328e+00,8.500000000000000611e-02,3.000000000000000000e+00,4.502249959989419207e+06
-5.804435467926221115e+00,2.003136761485567519e+00,1.255606651762665615e+00,1.344540002020023328e+00,8.500000000000000611e-02,3.000000000000000000e+00,4.502249959989419207e+06
-5.804435467926221115e+00,2.003136761485567519e+00,1.255606651762665615e+00,1.344540002020023328e+00,8.500000000000000611e-02,3.000000000000000000e+00,4.502249959989419207e+06
-5.798994071358143820e+00,2.005045676152069856e+00,1.264641669767986532e+00,1.351578424951491053e+00,8.500000000000000611e-02,3.000000000000000000e+00,4.502249959989419207e+06
-5.798994071358143820e+00,2.005045676152069856e+00,1.264641669767986532e+00,1.351578424951491053e+00,8.500000000000000611e-02,3.000000000000000000e+00,4.502249959989419207e+06
-5.798994071358143820e+00,2.005045676152069856e+00,1.264641669767986532e+00,1.351578424951491053e+00,8.500000000000000611e-02,3.000000000000000000e+00,4.502249959989419207e+06
-5.798994071358143820e+00,2.005045676152069856e+00,1.264641669767986532e+00,1.351578424951491053e+00,8.500000000000000611e-02,3.000000000000000000e+00,4.502249959989419207e+06
-5.798994071358143820e+00,2.005045676152069856e+00,1.264641669767986532e+00,1.351578424951491053e+00,8.500000000000000611e-02,3.000000000000000000e+00,4.502249959989419207e+06
-5.798994071358143820e+00,2.005045676152069856e+00,1.264641669767986532e+00,1.351578424951491053e+00,8.500000000000000611e-02,3.000000000000000000e+00,4.502249959989419207e+06
-5.798994071358143820e+00,2.005045676152069856e+00,1.264641669767986532e+00,1.351578424951491053e+00,8.500000000000000611e-02,3.000000000000000000e+00,4.502249959989419207e+06
-5.798994071358143820e+00,2.005045676152069856e+00,1.264641669767986532e+00,1.351578424951491053e+00,8.500000000000000611e-02,3.000000000000000000e+00,4.502249959989419207e+06
-5.798994071358143820e+00,2.005045676152069856e+00,1.264641669767986532e+00,1.351578424951491053e+00,8.500000000000000611e-02,3.000000000000000000e+00,4.502249959989419207e+06
-5.798994071358143820e+00,2.005045676152069856e+00,1.264641669767986532e+00,1.351578424951491053e+00,8.500000000000000611e-02,3.000000000000000000e+00,4.502249959989419207e+06
-5.798994071358143820e+00,2.005045676152069856e+00,1.264641669767986532e+00,1.351578424951491053e+00,8.500000000000000611e-02,3.000000000000000000e+00,4.502249959989419207e+06
-5.798994071358143820e+00,2.005045676152069856e+00,1.264641669767986532e+00,1.351578424951491053e+00,8.500000000000000611e-02,3.000000000000000000e+00,4.502249959989419207e+06
-5.798994071358143820e+00,2.005045676152069856e+00,1.264641669767986532e+00,1.351578424951491053e+00,8.500000000000000611e-02,3.000000000000000000e+00,4.502249959989419207e+06
-5.799578797956767673e+00,2.006914736447271697e+00,1.263248641442036302e+00,1.349265718973277073e+00,8.500000000000000611e-02,3.000000000000000000e+00,4.502249959989419207e+06
-5.799578797956767673e+00,2.006914736447271697e+00,1.263248641442036302e+00,1.349265718973277073e+00,8.500000000000000611e-02,3.000000000000000000e+00,4.502249959989419207e+06
-5.799578797956767673e+00,2.006914736447271697e+00,1.263248641442036302e+00,1.349265718973277073e+00,8.500000000000000611e-02,3.000000000000000000e+00,4.502249959989419207e+06
-5.799578797956767673e+00,2.006914736447271697e+00,1.263248641442036302e+00,1.349265718973277073e+00,8.500000000000000611e-02,3.000000000000000000e+00,4.502249959989419207e+06
-5.799578797956767673e+00,2.006914736447271697e+00,1.263248641442036302e+00,1.349265718973277073e+00,8.500000000000000611e-02,3.000000000000000000e+00,4.502249959989419207e+06
-5.799578797956767673e+00,2.006914736447271697e+00,1.263248641442036302e+00,1.349265718973277073e+00,8.500000000000000611e-02,3.000000000000000000e+00,4.502249959989419207e+06
-5.799578797956767673e+00,2.006914736447271697e+00,1.263248641442036302e+00,1.349265718973277073e+00,8.500000000000000611e-02,3.000000000000000000e+00,4.502249959989419207e+06
-5.799578797956767673e+00,2.006914736447271697e+00,1.263248641442036302e+00,1.349265718973277073e+00,8.500000000000000611e-02,3.000000000000000000e+00,4.502249959989419207e+06
-5.799578797956767673e+00,2.006914736447271697e+00,1.263248641442036302e+00,1.349265718973277073e+00,8.500000000000000611e-02,3.000000000000000000e+00,4.502249959989419207e+06
-5.799578797956767673e+00,2.006914736447271697e+00,1.263248641442036302e+00,1.349265718973277073e+00,8.500000000000000611e-02,3.000000000000000000e+00,4.502249959989419207e+06
-5.799578797956767673e+00,2.006914736447271697e+00,1.263248641442036302e+00,1.349265718973277073e+00,8.500000000000000611e-02,3.000000000000000000e+00,4.502249959989419207e+06
-5.799578797956767673e+00,2.006914736447271697e+00,1.263248641442036302e+00,1.349265718973277073e+00,8.500000000000000611e-02,3.000000000000000000e+00,4.502249959989419207e+06
-5.799578797956767673e+00,2.006914736447271697e+00,1.263248641442036302e+00,1.349265718973277073e+00,8.500000000000000611e-02,3.000000000000000000e+00,4.502249959989419207e+06
-5.799578797956767673e+00,2.006914736447271697e+00,1.263248641442036302e+00,1.349265718973277073e+00,8.500000000000000611e-02,3.000000000000000000e+00,4.502249959989419207e+06
-5.799578797956767673e+00,2.006914736447271697e+00,1.263248641442036302e+00,1.349265718973277073e+00,8.500000000000000611e-02,3.000000000000000000e+00,4.502249959989419207e+06
-5.799578797956767673e+00,2.006914736447271697e+00,1.263248641442036302e+00,1.349265718973277073e+00,8.500000000000000611e-02,3.000000000000000000e+00,4.502249959989419207e+06
-5.799578797956767673e+00,2.006914736447271697e+00,1.263248641442036302e+00,1.349265718973277073e+00,8.500000000000000611e-02,3.000000000000000000e+00,4.502249959989419207e+06
-5.799578797956767673e+00,2.006914736447271697e+00,1.263248641442036302e+00,1.349265718973277073e+00,8.500000000000000611e-02,3.000000000000000000e+00,4.502249959989419207e+06
-5.799578797956767673e+00,2.006914736447271697e+00,1.263248641442036302e+00,1.349265718973277073e+00,8.500000000000000611e-02,3.000000000000000000e+00,4.502249959989419207e+06
-5.799578797956767673e+00,2.006914736447271697e+00,1.263248641442036302e+00,1.349265718973277073e+00,8.500000000000000611e-02,3.000000000000000000e+00,4.502249959989419207e+06
-5.799578797956767673e+00,2.006914736447271697e+00,1.263248641442036302e+00,1.349265718973277073e+00,8.500000000000000611e-02,3.000000000000000000e+00,4.502249959989419207e+06
-5.799578797956767673e+00,2.006914736447271697e+00,1.263248641442036302e+00,1.349265718973277073e+00,8.500000000000000611e-02,3.000000000000000000e+00,4.502249959989419207e+06
-5.799578797956767673e+00,2.006914736447271697e+00,1.263248641442036302e+00,1.349265718973277073e+00,8.500000000000000611e-02,3.000000000000000000e+00,4.502249959989419207e+06
-5.799578797956767673e+00,2.006914736447271697e+00,1.263248641442036302e+00,1.349265718973277073e+00,8.500000000000000611e-02,3.000000000000000000e+00,4.502249959989419207e+06
-5.799578797956767673e+00,2.006914736447271697e+00,1.263248641442036302e+00,1.349265718973277073e+00,8.500000000000000611e-02,3.000000000000000000e+00,4.502249959989419207e+06
-5.799578797956767673e+00,2.006914736447271697e+00,1.263248641442036302e+00,1.349265718973277073e+00,8.500000000000000611e-02,3.000000000000000000e+00,4.502249959989419207e+06
-5.799578797956767673e+00,2.006914736447271697e+00,1.263248641442036302e+00,1.349265718973277073e+00,8.500000000000000611e-02,3.000000000000000000e+00,4.502249959989419207e+06
-5.799578797956767673e+00,2.006914736447271697e+00,1.263248641442036302e+00,1.349265718973277073e+00,8.500000000000000611e-02,3.000000000000000000e+00,4.502249959989419207e+06
-5.784729398308371628e+00,2.021117777046717912e+00,1.286692126660872848e+00,1.366685422071277189e+00,8.500000000000000611e-02,3.000000000000000000e+00,4.502249959989419207e+06
-5.784729398308371628e+00,2.021117777046717912e+00,1.286692126660872848e+00,1.366685422071277189e+00,8.500000000000000611e-02,3.000000000000000000e+00,4.502249959989419207e+06
-5.784729398308371628e+00,2.021117777046717912e+00,1.286692126660872848e+00,1.366685422071277189e+00,8.500000000000000611e-02,3.000000000000000000e+00,4.502249959989419207e+06
-5.784729398308371628e+00,2.021117777046717912e+00,1.286692126660872848e+00,1.366685422071277189e+00,8.500000000000000611e-02,3.000000000000000000e+00,4.502249959989419207e+06
-5.784729398308371628e+00,2.021117777046717912e+00,1.286692126660872848e+00,1.366685422071277189e+00,8.500000000000000611e-02,3.000000000000000000e+00,4.502249959989419207e+06
-4.279800414574516765e+00,3.342334597496674942e+00,3.295614466674861021e+00,2.156053899441119803e+00,8.500000000000000611e-02,3.000000000000000000e+00,4.502249959989419207e+06
-4.140457824895348971e+00,3.467192425534878275e+00,3.486866356160330582e+00,2.241064387807169211e+00,8.500000000000000611e-02,3.000000000000000000e+00,4.502249959989419207e+06
-4.147151787852224381e+00,3.453212296920080693e+00,3.478940341682483339e+00,2.241176595931125615e+00,8.500000000000000611e-02,3.000000000000000000e+00,4.502249959989419207e+06
-4.242923431219317365e+00,3.826286088198117330e+00,3.628434447522666417e+00,1.907661722690148443e+00,8.500000000000000611e-02,3.000000000000000000e+00,4.502249959989419207e+06
-4.264277433015737806e+00,3.458094287344043227e+00,3.448727989404335670e+00,2.101303824688498523e+00,8.500000000000000611e-02,3.000000000000000000e+00,4.502249959989419207e+06
-4.249697900276021123e+00,3.457179857123898081e+00,3.461942087802059032e+00,2.133274272484674050e+00,8.500000000000000611e-02,3.000000000000000000e+00,4.502249959989419207e+06
-3.867701513679506764e+00,2.848398606870986782e+00,3.703617279453915945e+00,2.931162465062572942e+00,8.500000000000000611e-02,3.000000000000000000e+00,4.502249959989419207e+06
-3.867701513679506764e+00,2.848398606870986782e+00,3.703617279453915945e+00,2.931162465062572942e+00,8.500000000000000611e-02,3.000000000000000000e+00,4.502249959989419207e+06
-3.867701513679506764e+00,2.848398606870986782e+00,3.703617279453915945e+00,2.931162465062572942e+00,8.500000000000000611e-02,3.000000000000000000e+00,4.502249959989419207e+06
-5.809432689045345377e+00,1.999960764043575256e+00,1.246128034014128083e+00,1.336296356019487153e+00,8.500000000000000611e-02,3.000000000000000000e+00,4.502249959989419207e+06
-5.809432689045345377e+00,1.999960764043575256e+00,1.246128034014128083e+00,1.336296356019487153e+00,8.500000000000000611e-02,3.000000000000000000e+00,4.502249959989419207e+06
-5.809432689045345377e+00,1.999960764043575256e+00,1.246128034014128083e+00,1.336296356019487153e+00,8.500000000000000611e-02,3.000000000000000000e+00,4.502249959989419207e+06
-5.809432689045345377e+00,1.999960764043575256e+00,1.246128034014128083e+00,1.336296356019487153e+00,8.500000000000000611e-02,3.000000000000000000e+00,4.502249959989419207e+06
-5.809432689045345377e+00,1.999960764043575256e+00,1.246128034014128083e+00,1.336296356019487153e+00,8.500000000000000611e-02,3.000000000000000000e+00,4.502249959989419207e+06
-5.809432689045345377e+00,1.999960764043575256e+00,1.246128034014128083e+00,1.336296356019487153e+00,8.500000000000000611e-02,3.000000000000000000e+00,4.502249959989419207e+06
-5.809432689045345377e+00,1.999960764043575256e+00,1.246128034014128083e+00,1.336296356019487153e+00,8.500000000000000611e-02,3.000000000000000000e+00,4.502249959989419207e+06
-5.809432063713346750e+00,1.999960619122708172e+00,1.246126771050619864e+00,1.336296370691172575e+00,8.500000000000000611e-02,3.000000000000000000e+00,4.502249959989419207e+06
-5.809432063713346750e+00,1.999960619122708172e+00,1.246126771050619864e+00,1.336296370691172575e+00,8.500000000000000611e-02,3.000000000000000000e+00,4.502249959989419207e+06
-5.809432063713346750e+00,1.999960619122708172e+00,1.246126771050619864e+00,1.336296370691172575e+00,8.500000000000000611e-02,3.000000000000000000e+00,4.502249959989419207e+06
-5.809432063713346750e+00,1.999960619122708172e+00,1.246126771050619864e+00,1.336296370691172575e+00,8.500000000000000611e-02,3.000000000000000000e+00,4.502249959989419207e+06
-5.809432063713346750e+00,1.999960619122708172e+00,1.246126771050619864e+00,1.336296370691172575e+00,8.500000000000000611e-02,3.000000000000000000e+00,4.502249959989419207e+06
-5.809432063713346750e+00,1.999960619122708172e+00,1.246126771050619864e+00,1.336296370691172575e+00,8.500000000000000611e-02,3.000000000000000000e+00,4.502249959989419207e+06
-5.809432063713346750e+00,1.999960619122708172e+00,1.246126771050619864e+00,1.336296370691172575e+00,8.500000000000000611e-02,3.000000000000000000e+00,4.502249959989419207e+06
-5.809432063713346750e+00,1.999960619122708172e+00,1.246126771050619864e+00,1.336296370691172575e+00,8.500000000000000611e-02,3.000000000000000000e+00,4.502249959989419207e+06
-5.809432063713346750e+00,1.999960619122708172e+00,1.246126771050619864e+00,1.336296370691172575e+00,8.500000000000000611e-02,3.000000000000000000e+00,4.502249959989419207e+06
-5.809432063713346750e+00,1.999960619122708172e+00,1.246126771050619864e+00,1.336296370691172575e+00,8.500000000000000611e-02,3.000000000000000000e+00,4.502249959989419207e+06
-5.809183879036227793e+00,2.000368284834810773e+00,1.246687322067321801e+00,1.336915662146430428e+00,8.500000000000000611e-02,3.000000000000000000e+00,4.502249959989419207e+06
-5.809183879036227793e+00,2.000368284834810773e+00,1.246687322067321801e+00,1.336915662146430428e+00,8.500000000000000611e-02,3.000000000000000000e+00,4.502249959989419207e+06
-5.809183879036227793e+00,2.000368284834810773e+00,1.246687322067321801e+00,1.336915662146430428e+00,8.500000000000000611e-02,3.000000000000000000e+00,4.502249959989419207e+06
-5.809183879036227793e+00,2.000368284834810773e+00,1.246687322067321801e+00,1.336915662146430428e+00,8.500000000000000611e-02,3.000000000000000000e+00,4.502249959989419207e+06
-5.809183879036227793e+00,2.000368284834810773e+00,1.246687322067321801e+00,1.336915662146430428e+00,8.500000000000000611e-02,3.000000000000000000e+00,4.502249959989419207e+06
-5.809183879036227793e+00,2.000368284834810773e+00,1.246687322067321801e+00,1.336915662146430428e+00,8.500000000000000611e-02,3.000000000000000000e+00,4.502249959989419207e+06
-5.809257708806077503e+00,2.000238161235905476e+00,1.246536219822046210e+00,1.336748606481877655e+00,8.500000000000000611e-02,3.000000000000000000e+00,4.502249959989419207e+06
-5.809257708806077503e+00,2.000238161235905476e+00,1.246536219822046210e+00,1.336748606481877655e+00,8.500000000000000611e-02,3.000000000000000000e+00,4.502249959989419207e+06
-5.809257708806077503e+00,2.000238161235905476e+00,1.246536219822046210e+00,1.336748606481877655e+00,8.500000000000000611e-02,3.000000000000000000e+00,4.502249959989419207e+06
-5.809243459242054541e+00,2.000261132385790397e+00,1.246567921026754400e+00,1.336782450710962245e+00,8.500000000000000611e-02,3.000000000000000000e+00,4.502249959989419207e+06
-5.809243459242054541e+00,2.000261132385790397e+00,1.246567921026754400e+00,1.336782450710962245e+00,8.500000000000000611e-02,3.000000000000000000e+00,4.502249959989419207e+06
-5.808922550839684007e+00,2.000741489867166933e+00,1.247287973508008463e+00,1.337627896235017655e+00,8.500000000000000611e-02,3.000000000000000000e+00,4.502249959989419207e+06
-5.808922550839684007e+00,2.000741489867166933e+00,1.247287973508008463e+00,1.337627896235017655e+00,8.500000000000000611e-02,3.000000000000000000e+00,4.502249959989419207e+06
-5.808922550839684007e+00,2.000741489867166933e+00,1.247287973508008463e+00,1.337627896235017655e+00,8.500000000000000611e-02,3.000000000000000000e+00,4.502249959989419207e+06
-5.808922550839684007e+00,2.000741489867166933e+00,1.247287973508008463e+00,1.337627896235017655e+00,8.500000000000000611e-02,3.000000000000000000e+00,4.502249959989419207e+06
-5.808922550839684007e+00,2.000741489867166933e+00,1.247287973508008463e+00,1.337627896235017655e+00,8.500000000000000611e-02,3.000000000000000000e+00,4.502249959989419207e+06
-5.808572062818721626e+00,2.001206348365131671e+00,1.248041958961306319e+00,1.338466165264365015e+00,8.500000000000000611e-02,3.000000000000000000e+00,4.502249959989419207e+06
-5.808572062818721626e+00,2.001206348365131671e+00,1.248041958961306319e+00,1.338466165264365015e+00,8.500000000000000611e-02,3.000000000000000000e+00,4.502249959989419207e+06
-5.808572062818721626e+00,2.001206348365131671e+00,1.248041958961306319e+00,1.338466165264365015e+00,8.500000000000000611e-02,3.000000000000000000e+00,4.502249959989419207e+06
-5.808572062818721626e+00,2.001206348365131671e+00,1.248041958961306319e+00,1.338466165264365015e+00,8.500000000000000611e-02,3.000000000000000000e+00,4.502249959989419207e+06
-5.808572062818721626e+00,2.001206348365131671e+00,1.248041958961306319e+00,1.338466165264365015e+00,8.500000000000000611e-02,3.000000000000000000e+00,4.502249959989419207e+06
-5.808572062818721626e+00,2.001206348365131671e+00,1.248041958961306319e+00,1.338466165264365015e+00,8.500000000000000611e-02,3.000000000000000000e+00,4.502249959989419207e+06
-5.808572062818721626e+00,2.001206348365131671e+00,1.248041958961306319e+00,1.338466165264365015e+00,8.500000000000000611e-02,3.000000000000000000e+00,4.502249959989419207e+06
-5.808572062818721626e+00,2.001206348365131671e+00,1.248041958961306319e+00,1.338466165264365015e+00,8.500000000000000611e-02,3.000000000000000000e+00,4.502249959989419207e+06
-5.808572062818721626e+00,2.001206348365131671e+00,1.248041958961306319e+00,1.338466165264365015e+00,8.500000000000000611e-02,3.000000000000000000e+00,4.502249959989419207e+06
-5.808572062818721626e+00,2.001206348365131671e+00,1.248041958961306319e+00,1.338466165264365015e+00,8.500000000000000611e-02,3.000000000000000000e+00,4.502249959989419207e+06
-5.808572062818721626e+00,2.001206348365131671e+00,1.248041958961306319e+00,1.338466165264365015e+00,8.500000000000000611e-02,3.000000000000000000e+00,4.502249959989419207e+06
-5.808572062818721626e+00,2.001206348365131671e+00,1.248041958961306319e+00,1.338466165264365015e+00,8.500000000000000611e-02,3.000000000000000000e+00,4.502249959989419207e+06
-5.808572062818721626e+00,2.001206348365131671e+00,1.248041958961306319e+00,1.338466165264365015e+00,8.500000000000000611e-02,3.000000000000000000e+00,4.502249959989419207e+06
-5.808572062818721626e+00,2.001206348365131671e+00,1.248041958961306319e+00,1.338466165264365015e+00,8.500000000000000611e-02,3.000000000000000000e+00,4.502249959989419207e+06
-5.808572062818721626e+00,2.001206348365131671e+00,1.248041958961306319e+00,1.338466165264365015e+00,8.500000000000000611e-02,3.000000000000000000e+00,4.502249959989419207e+06
-5.808572062818721626e+00,2.001206348365131671e+00,1.248041958961306319e+00,1.338466165264365015e+00,8.500000000000000611e-02,3.000000000000000000e+00,4.502249959989419207e+06
-5.808572062818721626e+00,2.001206348365131671e+00,1.248041958961306319e+00,1.338466165264365015e+00,8.500000000000000611e-02,3.000000000000000000e+00,4.502249959989419207e+06
-5.808572062818721626e+00,2.001206348365131671e+00,1.248041958961306319e+00,1.338466165264365015e+00,8.500000000000000611e-02,3.000000000000000000e+00,4.502249959989419207e+06
-5.808572062818721626e+00,2.001206348365131671e+00,1.248041958961306319e+00,1.338466165264365015e+00,8.500000000000000611e-02,3.000000000000000000e+00,4.502249959989419207e+06
-5.808572062818721626e+00,2.001206348365131671e+00,1.248041958961306319e+00,1.338466165264365015e+00,8.500000000000000611e-02,3.000000000000000000e+00,4.502249959989419207e+06
-5.808572062818721626e+00,2.001206348365131671e+00,1.248041958961306319e+00,1.338466165264365015e+00,8.500000000000000611e-02,3.000000000000000000e+00,4.502249959989419207e+06
-5.808572062818721626e+00,2.001206348365131671e+00,1.248041958961306319e+00,1.338466165264365015e+00,8.500000000000000611e-02,3.000000000000000000e+00,4.502249959989419207e+06
-5.808572062818721626e+00,2.001206348365131671e+00,1.248041958961306319e+00,1.338466165264365015e+00,8.500000000000000611e-02,3.000000000000000000e+00,4.502249959989419207e+06
-5.808572062818721626e+00,2.001206348365131671e+00,1.248041958961306319e+00,1.338466165264365015e+00,8.500000000000000611e-02,3.000000000000000000e+00,4.502249959989419207e+06
-5.808572062818721626e+00,2.001206348365131671e+00,1.248041958961306319e+00,1.338466165264365015e+00,8.500000000000000611e-02,3.000000000000000000e+00,4.502249959989419207e+06
-5.808572062818721626e+00,2.001206348365131671e+00,1.248041958961306319e+00,1.338466165264365015e+00,8.500000000000000611e-02,3.000000000000000000e+00,4.502249959989419207e+06
-5.808572062818721626e+00,2.001206348365131671e+00,1.248041958961306319e+00,1.338466165264365015e+00,8.500000000000000611e-02,3.000000000000000000e+00,4.502249959989419207e+06
-5.812978445940676586e+00,1.997346790459566535e+00,1.242494742891907311e+00,1.335240869148158760e+00,8.500000000000000611e-02,3.000000000000000000e+00,4.502249959989419207e+06
-5.812978445940676586e+00,1.997346790459566535e+00,1.242494742891907311e+00,1.335240869148158760e+00,8.500000000000000611e-02,3.000000000000000000e+00,4.502249959989419207e+06
-5.812978445940676586e+00,1.997346790459566535e+00,1.242494742891907311e+00,1.335240869148158760e+00,8.500000000000000611e-02,3.000000000000000000e+00,4.502249959989419207e+06
-5.809082243216706409e+00,2.000764742560150022e+00,1.246450703484980993e+00,1.337879826585116838e+00,8.500000000000000611e-02,3.000000000000000000e+00,4.502249959989419207e+06
-5.809082243216706409e+00,2.000764742560150022e+00,1.246450703484980993e+00,1.337879826585116838e+00,8.500000000000000611e-02,3.000000000000000000e+00,4.502249959989419207e+06
-5.809082243216706409e+00,2.000764742560150022e+00,1.246450703484980993e+00,1.337879826585116838e+00,8.500000000000000611e-02,3.000000000000000000e+00,4.502249959989419207e+06
-5.809082243216706409e+00,2.000764742560150022e+00,1.246450703484980993e+00,1.337879826585116838e+00,8.500000000000000611e-02,3.000000000000000000e+00,4.502249959989419207e+06
-5.809082243216706409e+00,2.000764742560150022e+00,1.246450703484980993e+00,1.337879826585116838e+00,8.500000000000000611e-02,3.000000000000000000e+00,4.502249959989419207e+06
-5.809082243216706409e+00,2.000764742560150022e+00,1.246450703484980993e+00,1.337879826585116838e+00,8.500000000000000611e-02,3.000000000000000000e+00,4.502249959989419207e+06
-5.809082243216706409e+00,2.000764742560150022e+00,1.246450703484980993e+00,1.337879826585116838e+00,8.500000000000000611e-02,3.000000000000000000e+00,4.502249959989419207e+06
-5.809082243216706409e+00,2.000764742560150022e+00,1.246450703484980993e+00,1.337879826585116838e+00,8.500000000000000611e-02,3.000000000000000000e+00,4.502249959989419207e+06
-5.809082243216706409e+00,2.000764742560150022e+00,1.246450703484980993e+00,1.337879826585116838e+00,8.500000000000000611e-02,3.000000000000000000e+00,4.502249959989419207e+06
-5.809082243216706409e+00,2.000764742560150022e+00,1.246450703484980993e+00,1.337879826585116838e+00,8.500000000000000611e-02,3.000000000000000000e+00,4.502249959989419207e+06
-5.809082243216706409e+00,2.000764742560150022e+00,1.246450703484980993e+00,1.337879826585116838e+00,8.500000000000000611e-02,3.000000000000000000e+00,4.502249959989419207e+06
-5.809082243216706409e+00,2.000764742560150022e+00,1.246450703484980993e+00,1.337879826585116838e+00,8.500000000000000611e-02,3.000000000000000000e+00,4.502249959989419207e+06
-5.809082243216706409e+00,2.000764742560150022e+00,1.246450703484980993e+00,1.337879826585116838e+00,8.500000000000000611e-02,3.000000000000000000e+00,4.502249959989419207e+06
-5.809082243216706409e+00,2.000764742560150022e+00,1.246450703484980993e+00,1.337879826585116838e+00,8.500000000000000611e-02,3.000000000000000000e+00,4.502249959989419207e+06
-5.847937019170625916e+00,1.955812982941315559e+00,1.174621918448552238e+00,1.272911369213483912e+00,8.500000000000000611e-02,3.000000000000000000e+00,4.502249959989419207e+06
-5.781197664909596412e+00,2.021857484306099018e+00,1.277081458678905657e+00,1.332623419664812570e+00,8.500000000000000611e-02,3.000000000000000000e+00,4.502249959989419207e+06
-4.368226816975934845e+00,3.113017359949494356e+00,3.126055251982172489e+00,2.068862015315358516e+00,8.500000000000000611e-02,3.000000000000000000e+00,4.502249959989419207e+06
-4.492565251344373678e+00,2.928692645981609832e+00,2.864863629002285528e+00,1.810367558143193278e+00,8.500000000000000611e-02,3.000000000000000000e+00,4.502249959989419207e+06
-4.607720615177460566e+00,2.784801070841044002e+00,2.659024324892325097e+00,1.647067483036521729e+00,8.500000000000000611e-02,3.000000000000000000e+00,4.502249959989419207e+06
-4.578190191753767735e+00,2.666327935885592471e+00,2.718211072244012261e+00,1.894511600476858515e+00,8.500000000000000611e-02,3.000000000000000000e+00,4.502249959989419207e+06
-4.454653725844020862e+00,2.626493758704767423e+00,2.884487640650199136e+00,2.182432239063988533e+00,8.500000000000000611e-02,3.000000000000000000e+00,4.502249959989419207e+06
-4.530806762170990432e+00,2.824737124670514632e+00,2.785719112762185645e+00,1.815327535167220674e+00,8.500000000000000611e-02,3.000000000000000000e+00,4.502249959989419207e+06
-4.289293491037699191e+00,3.247490123729807721e+00,3.240022430098077777e+00,2.095042154188068384e+00,8.500000000000000611e-02,3.000000000000000000e+00,4.502249959989419207e+06
-4.289293491037699191e+00,3.247490123729807721e+00,3.240022430098077777e+00,2.095042154188068384e+00,8.500000000000000611e-02,3.000000000000000000e+00,4.502249959989419207e+06
-4.289293491037699191e+00,3.247490123729807721e+00,3.240022430098077777e+00,2.095042154188068384e+00,8.500000000000000611e-02,3.000000000000000000e+00,4.502249959989419207e+06
-4.035764027816783894e+00,2.832622106247394633e+00,3.065358647801066816e+00,2.627109607819444026e+00,8.500000000000000611e-02,3.000000000000000000e+00,4.502249959989419207e+06
-4.141020103418140863e+00,3.578671111611646083e+00,3.342766383077632408e+00,2.027959733530804609e+00,8.500000000000000611e-02,3.000000000000000000e+00,4.502249959989419207e+06
-5.809434169163253614e+00,1.999955543910185929e+00,1.246126745245338840e+00,1.336291607013994520e+00,8.500000000000000611e-02,3.000000000000000000e+00,4.502249959989419207e+06
-5.809434169163253614e+00,1.999955543910185929e+00,1.246126745245338840e+00,1.336291607013994520e+00,8.500000000000000611e-02,3.000000000000000000e+00,4.502249959989419207e+06
-5.809434169163253614e+00,1.999955543910185929e+00,1.246126745245338840e+00,1.336291607013994520e+00,8.500000000000000611e-02,3.000000000000000000e+00,4.502249959989419207e+06
-5.809437349380528026e+00,1.999918358521885597e+00,1.246135902722549593e+00,1.336260429155289087e+00,8.500000000000000611e-02,3.000000000000000000e+00,4.502249959989419207e+06
-5.809437349380528026e+00,1.999918358521885597e+00,1.246135902722549593e+00,1.336260429155289087e+00,8.500000000000000611e-02,3.000000000000000000e+00,4.502249959989419207e+06
-5.809437349380528026e+00,1.999918358521885597e+00,1.246135902722549593e+00,1.336260429155289087e+00,8.500000000000000611e-02,3.000000000000000000e+00,4.502249959989419207e+06
-5.809437349380528026e+00,1.999918358521885597e+00,1.246135902722549593e+00,1.336260429155289087e+00,8.500000000000000611e-02,3.000000000000000000e+00,4.502249959989419207e+06
-5.809437349380528026e+00,1.999918358521885597e+00,1.246135902722549593e+00,1.336260429155289087e+00,8.500000000000000611e-02,3.000000000000000000e+00,4.502249959989419207e+06
-5.809437349380528026e+00,1.999918358521885597e+00,1.246135902722549593e+00,1.336260429155289087e+00,8.500000000000000611e-02,3.000000000000000000e+00,4.502249959989419207e+06
-5.809437349380528026e+00,1.999918358521885597e+00,1.246135902722549593e+00,1.336260429155289087e+00,8.500000000000000611e-02,3.000000000000000000e+00,4.502249959989419207e+06
-5.809437349380528026e+00,1.999918358521885597e+00,1.246135902722549593e+00,1.336260429155289087e+00,8.500000000000000611e-02,3.000000000000000000e+00,4.502249959989419207e+06
-5.809437349380528026e+00,1.999918358521885597e+00,1.246135902722549593e+00,1.336260429155289087e+00,8.500000000000000611e-02,3.000000000000000000e+00,4.502249959989419207e+06
-5.809437349380528026e+00,1.999918358521885597e+00,1.246135902722549593e+00,1.336260429155289087e+00,8.500000000000000611e-02,3.000000000000000000e+00,4.502249959989419207e+06
-5.809437349380528026e+00,1.999918358521885597e+00,1.246135902722549593e+00,1.336260429155289087e+00,8.500000000000000611e-02,3.000000000000000000e+00,4.502249959989419207e+06
-5.809437349380528026e+00,1.999918358521885597e+00,1.246135902722549593e+00,1.336260429155289087e+00,8.500000000000000611e-02,3.000000000000000000e+00,4.502249959989419207e+06
-5.809437349380528026e+00,1.999918358521885597e+00,1.246135902722549593e+00,1.336260429155289087e+00,8.500000000000000611e-02,3.000000000000000000e+00,4.502249959989419207e+06
-5.809437349380528026e+00,1.999918358521885597e+00,1.246135902722549593e+00,1.336260429155289087e+00,8.500000000000000611e-02,3.000000000000000000e+00,4.502249959989419207e+06
-5.809437349380528026e+00,1.999918358521885597e+00,1.246135902722549593e+00,1.336260429155289087e+00,8.500000000000000611e-02,3.000000000000000000e+00,4.502249959989419207e+06
-5.809437349380528026e+00,1.999918358521885597e+00,1.246135902722549593e+00,1.336260429155289087e+00,8.500000000000000611e-02,3.000000000000000000e+00,4.502249959989419207e+06
-5.809437349380528026e+00,1.999918358521885597e+00,1.246135902722549593e+00,1.336260429155289087e+00,8.500000000000000611e-02,3.000000000000000000e+00,4.502249959989419207e+06
-5.809437349380528026e+00,1.999918358521885597e+00,1.246135902722549593e+00,1.336260429155289087e+00,8.500000000000000611e-02,3.000000000000000000e+00,4.502249959989419207e+06
-5.809437349380528026e+00,1.999918358521885597e+00,1.246135902722549593e+00,1.336260429155289087e+00,8.500000000000000611e-02,3.000000000000000000e+00,4.502249959989419207e+06
-5.809437349380528026e+00,1.999918358521885597e+00,1.246135902722549593e+00,1.336260429155289087e+00,8.500000000000000611e-02,3.000000000000000000e+00,4.502249959989419207e+06
-5.809437349380528026e+00,1.999918358521885597e+00,1.246135902722549593e+00,1.336260429155289087e+00,8.500000000000000611e-02,3.000000000000000000e+00,4.502249959989419207e+06
-5.809437349380528026e+00,1.999918358521885597e+00,1.246135902722549593e+00,1.336260429155289087e+00,8.500000000000000611e-02,3.000000000000000000e+00,4.502249959989419207e+06
-5.809437349380528026e+00,1.999918358521885597e+00,1.246135902722549593e+00,1.336260429155289087e+00,8.500000000000000611e-02,3.000000000000000000e+00,4.502249959989419207e+06
-5.809437349380528026e+00,1.999918358521885597e+00,1.246135902722549593e+00,1.336260429155289087e+00,8.500000000000000611e-02,3.000000000000000000e+00,4.502249959989419207e+06
-5.809437349380528026e+00,1.999918358521885597e+00,1.246135902722549593e+00,1.336260429155289087e+00,8.500000000000000611e-02,3.000000000000000000e+00,4.502249959989419207e+06
-5.809437349380528026e+00,1.999918358521885597e+00,1.246135902722549593e+00,1.336260429155289087e+00,8.500000000000000611e-02,3.000000000000000000e+00,4.502249959989419207e+06
-5.809437349380528026e+00,1.999918358521885597e+00,1.246135902722549593e+00,1.336260429155289087e+00,8.500000000000000611e-02,3.000000000000000000e+00,4.502249959989419207e+06
-5.809437349380528026e+00,1.999918358521885597e+00,1.246135902722549593e+00,1.336260429155289087e+00,8.500000000000000611e-02,3.000000000000000000e+00,4.502249959989419207e+06
-5.809437349380528026e+00,1.999918358521885597e+00,1.246135902722549593e+00,1.336260429155289087e+00,8.500000000000000611e-02,3.000000000000000000e+00,4.502249959989419207e+06
-5.809437349380528026e+00,1.999918358521885597e+00,1.246135902722549593e+00,1.336260429155289087e+00,8.500000000000000611e-02,3.000000000000000000e+00,4.502249959989419207e+06
-5.809437349380528026e+00,1.999918358521885597e+00,1.246135902722549593e+00,1.336260429155289087e+00,8.500000000000000611e-02,3.000000000000000000e+00,4.502249959989419207e+06
-5.809437349380528026e+00,1.999918358521885597e+00,1.246135902722549593e+00,1.336260429155289087e+00,8.500000000000000611e-02,3.000000000000000000e+00,4.502249959989419207e+06
-5.809437349380528026e+00,1.999918358521885597e+00,1.246135902722549593e+00,1.336260429155289087e+00,8.500000000000000611e-02,3.000000000000000000e+00,4.502249959989419207e+06
-5.809437349380528026e+00,1.999918358521885597e+00,1.246135902722549593e+00,1.336260429155289087e+00,8.500000000000000611e-02,3.000000000000000000e+00,4.502249959989419207e+06
-5.809437349380528026e+00,1.999918358521885597e+00,1.246135902722549593e+00,1.336260429155289087e+00,8.500000000000000611e-02,3.000000000000000000e+00,4.502249959989419207e+06
-5.809437349380528026e+00,1.999918358521885597e+00,1.246135902722549593e+00,1.336260429155289087e+00,8.500000000000000611e-02,3.000000000000000000e+00,4.502249959989419207e+06
-5.809436840681540204e+00,1.999903365661856558e+00,1.246136416148597492e+00,1.336237689378287463e+00,8.500000000000000611e-02,3.000000000000000000e+00,4.502249959989419207e+06
-5.809436840681540204e+00,1.999903365661856558e+00,1.246136416148597492e+00,1.336237689378287463e+00,8.500000000000000611e-02,3.000000000000000000e+00,4.502249959989419207e+06
-5.809436840681540204e+00,1.999903365661856558e+00,1.246136416148597492e+00,1.336237689378287463e+00,8.500000000000000611e-02,3.000000000000000000e+00,4.502249959989419207e+06
-5.809436840681540204e+00,1.999903365661856558e+00,1.246136416148597492e+00,1.336237689378287463e+00,8.500000000000000611e-02,3.000000000000000000e+00,4.502249959989419207e+06
-5.809436840681540204e+00,1.999903365661856558e+00,1.246136416148597492e+00,1.336237689378287463e+00,8.500000000000000611e-02,3.000000000000000000e+00,4.502249959989419207e+06
-5.809436840681540204e+00,1.999903365661856558e+00,1.246136416148597492e+00,1.336237689378287463e+00,8.500000000000000611e-02,3.000000000000000000e+00,4.502249959989419207e+06
-5.809093801387173350e+00,2.000257059892577072e+00,1.246845037073986084e+00,1.336954159238716189e+00,8.500000000000000611e-02,3.000000000000000000e+00,4.502249959989419207e+06
-5.809093801387173350e+00,2.000257059892577072e+00,1.246845037073986084e+00,1.336954159238716189e+00,8.500000000000000611e-02,3.000000000000000000e+00,4.502249959989419207e+06
-5.809093801387173350e+00,2.000257059892577072e+00,1.246845037073986084e+00,1.336954159238716189e+00,8.500000000000000611e-02,3.000000000000000000e+00,4.502249959989419207e+06
-5.809093801387173350e+00,2.000257059892577072e+00,1.246845037073986084e+00,1.336954159238716189e+00,8.500000000000000611e-02,3.000000000000000000e+00,4.502249959989419207e+06
-5.809098494356587317e+00,2.000233840036903299e+00,1.246698766722397211e+00,1.336858472047532720e+00,8.500000000000000611e-02,3.000000000000000000e+00,4.502249959989419207e+06
-5.816581663003225877e+00,1.993590205024094342e+00,1.236947701965245949e+00,1.330906450865687596e+00,8.500000000000000611e-02,3.000000000000000000e+00,4.502249959989419207e+06
-5.816581663003225877e+00,1.993590205024094342e+00,1.236947701965245949e+00,1.330906450865687596e+00,8.500000000000000611e-02,3.000000000000000000e+00,4.502249959989419207e+06
-5.816581663003225877e+00,1.993590205024094342e+00,1.236947701965245949e+00,1.330906450865687596e+00,8.500000000000000611e-02,3.000000000000000000e+00,4.502249959989419207e+06
-5.816581663003225877e+00,1.993590205024094342e+00,1.236947701965245949e+00,1.330906450865687596e+00,8.500000000000000611e-02,3.000000000000000000e+00,4.502249959989419207e+06
-5.816581663003225877e+00,1.993590205024094342e+00,1.236947701965245949e+00,1.330906450865687596e+00,8.500000000000000611e-02,3.000000000000000000e+00,4.502249959989419207e+06
-5.816581663003225877e+00,1.993590205024094342e+00,1.236947701965245949e+00,1.330906450865687596e+00,8.500000000000000611e-02,3.000000000000000000e+00,4.502249959989419207e+06
-5.816581663003225877e+00,1.993590205024094342e+00,1.236947701965245949e+00,1.330906450865687596e+00,8.500000000000000611e-02,3.000000000000000000e+00,4.502249959989419207e+06
-5.816581663003225877e+00,1.993590205024094342e+00,1.236947701965245949e+00,1.330906450865687596e+00,8.500000000000000611e-02,3.000000000000000000e+00,4.502249959989419207e+06
-5.816581663003225877e+00,1.993590205024094342e+00,1.236947701965245949e+00,1.330906450865687596e+00,8.500000000000000611e-02,3.000000000000000000e+00,4.502249959989419207e+06
-5.816581663003225877e+00,1.993590205024094342e+00,1.236947701965245949e+00,1.330906450865687596e+00,8.500000000000000611e-02,3.000000000000000000e+00,4.502249959989419207e+06
-5.816581663003225877e+00,1.993590205024094342e+00,1.236947701965245949e+00,1.330906450865687596e+00,8.500000000000000611e-02,3.000000000000000000e+00,4.502249959989419207e+06
-5.818437830138396549e+00,1.991179035978676293e+00,1.235471461859703579e+00,1.328970103992505258e+00,8.500000000000000611e-02,3.000000000000000000e+00,4.502249959989419207e+06
-5.818501181987402404e+00,1.991128191512849588e+00,1.235392814455531063e+00,1.328930843555901964e+00,8.500000000000000611e-02,3.000000000000000000e+00,4.502249959989419207e+06
-5.825799044295432161e+00,1.986099893369797087e+00,1.229477509071138508e+00,1.326557282648312075e+00,8.500000000000000611e-02,3.000000000000000000e+00,4.502249959989419207e+06
-5.825799044295432161e+00,1.986099893369797087e+00,1.229477509071138508e+00,1.326557282648312075e+00,8.500000000000000611e-02,3.000000000000000000e+00,4.502249959989419207e+06
-5.825799044295432161e+00,1.986099893369797087e+00,1.229477509071138508e+00,1.326557282648312075e+00,8.500000000000000611e-02,3.000000000000000000e+00,4.502249959989419207e+06
-5.825799044295432161e+00,1.986099893369797087e+00,1.229477509071138508e+00,1.326557282648312075e+00,8.500000000000000611e-02,3.000000000000000000e+00,4.502249959989419207e+06
-5.825799044295432161e+00,1.986099893369797087e+00,1.229477509071138508e+00,1.326557282648312075e+00,8.500000000000000611e-02,3.000000000000000000e+00,4.502249959989419207e+06
-5.825799044295432161e+00,1.986099893369797087e+00,1.229477509071138508e+00,1.326557282648312075e+00,8.500000000000000611e-02,3.000000000000000000e+00,4.502249959989419207e+06
-5.825799044295432161e+00,1.986099893369797087e+00,1.229477509071138508e+00,1.326557282648312075e+00,8.500000000000000611e-02,3.000000000000000000e+00,4.502249959989419207e+06
-5.825799044295432161e+00,1.986099893369797087e+00,1.229477509071138508e+00,1.326557282648312075e+00,8.500000000000000611e-02,3.000000000000000000e+00,4.502249959989419207e+06
-5.825799044295432161e+00,1.986099893369797087e+00,1.229477509071138508e+00,1.326557282648312075e+00,8.500000000000000611e-02,3.000000000000000000e+00,4.502249959989419207e+06
-5.825799044295432161e+00,1.986099893369797087e+00,1.229477509071138508e+00,1.326557282648312075e+00,8.500000000000000611e-02,3.000000000000000000e+00,4.502249959989419207e+06
-5.825799044295432161e+00,1.986099893369797087e+00,1.229477509071138508e+00,1.326557282648312075e+00,8.500000000000000611e-02,3.000000000000000000e+00,4.502249959989419207e+06
-5.825799044295432161e+00,1.986099893369797087e+00,1.229477509071138508e+00,1.326557282648312075e+00,8.500000000000000611e-02,3.000000000000000000e+00,4.502249959989419207e+06
-5.825799044295432161e+00,1.986099893369797087e+00,1.229477509071138508e+00,1.326557282648312075e+00,8.500000000000000611e-02,3.000000000000000000e+00,4.502249959989419207e+06
-5.825799044295432161e+00,1.986099893369797087e+00,1.229477509071138508e+00,1.326557282648312075e+00,8.500000000000000611e-02,3.000000000000000000e+00,4.502249959989419207e+06
-5.825799044295432161e+00,1.986099893369797087e+00,1.229477509071138508e+00,1.326557282648312075e+00,8.500000000000000611e-02,3.000000000000000000e+00,4.502249959989419207e+06
-5.825799044295432161e+00,1.986099893369797087e+00,1.229477509071138508e+00,1.326557282648312075e+00,8.500000000000000611e-02,3.000000000000000000e+00,4.502249959989419207e+06
-5.825799044295432161e+00,1.986099893369797087e+00,1.229477509071138508e+00,1.326557282648312075e+00,8.500000000000000611e-02,3.000000000000000000e+00,4.502249959989419207e+06
-5.849475005207531275e+00,1.965586731607444237e+00,1.199369373261585103e+00,1.309952713279096459e+00,8.500000000000000611e-02,3.000000000000000000e+00,4.502249959989419207e+06
-7.260511350002031961e+00,8.554202131603461101e-01,-6.200148194424774939e-01,6.630977227715036948e-01,8.500000000000000611e-02,3.000000000000000000e+00,4.502249959989419207e+06
-7.287280014685382667e+00,8.287755942217566174e-01,-6.590043323236285389e-01,6.282672620856940560e-01,8.500000000000000611e-02,3.000000000000000000e+00,4.502249959989419207e+06
-7.124770694381666658e+00,9.310874070061100349e-01,-5.026980577193231881e-01,5.555261369373603042e-01,8.500000000000000611e-02,3.000000000000000000e+00,4.502249959989419207e+06
-7.199502410425407284e+00,8.755880529529411760e-01,-6.052415459607183301e-01,5.250435763596719152e-01,8.500000000000000611e-02,3.000000000000000000e+00,4.502249959989419207e+06
-7.199502410425407284e+00,8.755880529529411760e-01,-6.052415459607183301e-01,5.250435763596719152e-01,8.500000000000000611e-02,3.000000000000000000e+00,4.502249959989419207e+06
-7.165866990119076796e+00,8.864624894279516942e-01,-5.664592357148631185e-01,5.230635121018103462e-01,8.500000000000000611e-02,3.000000000000000000e+00,4.502249959989419207e+06
-7.165866990119076796e+00,8.864624894279516942e-01,-5.664592357148631185e-01,5.230635121018103462e-01,8.500000000000000611e-02,3.000000000000000000e+00,4.502249959989419207e+06
-7.138479729779914962e+00,9.000847233305280248e-01,-5.369593567666332001e-01,5.200700128183626259e-01,8.500000000000000611e-02,3.000000000000000000e+00,4.502249959989419207e+06
-7.063539479615434935e+00,8.667049037294912717e-01,-4.451404156494073172e-01,5.332895894068532261e-01,8.500000000000000611e-02,3.000000000000000000e+00,4.502249959989419207e+06
-5.809434939852467394e+00,1.999957272517837392e+00,1.246127924832696188e+00,1.336297640477777104e+00,8.500000000000000611e-02,3.000000000000000000e+00,4.502249959989419207e+06
-5.809434939852467394e+00,1.999957272517837392e+00,1.246127924832696188e+00,1.336297640477777104e+00,8.500000000000000611e-02,3.000000000000000000e+00,4.502249959989419207e+06
-5.809434939852467394e+00,1.999957272517837392e+00,1.246127924832696188e+00,1.336297640477777104e+00,8.500000000000000611e-02,3.000000000000000000e+00,4.502249959989419207e+06
-5.809434939852467394e+00,1.999957272517837392e+00,1.246127924832696188e+00,1.336297640477777104e+00,8.500000000000000611e-02,3.000000000000000000e+00,4.502249959989419207e+06
-5.809434939852467394e+00,1.999957272517837392e+00,1.246127924832696188e+00,1.336297640477777104e+00,8.500000000000000611e-02,3.000000000000000000e+00,4.502249959989419207e+06
-5.809434939852467394e+00,1.999957272517837392e+00,1.246127924832696188e+00,1.336297640477777104e+00,8.500000000000000611e-02,3.000000000000000000e+00,4.502249959989419207e+06
-5.809434939852467394e+00,1.999957272517837392e+00,1.246127924832696188e+00,1.336297640477777104e+00,8.500000000000000611e-02,3.000000000000000000e+00,4.502249959989419207e+06
-5.809434939852467394e+00,1.999957272517837392e+00,1.246127924832696188e+00,1.336297640477777104e+00,8.500000000000000611e-02,3.000000000000000000e+00,4.502249959989419207e+06
-5.809436440051811701e+00,1.999952739425820081e+00,1.246126933160177197e+00,1.336300294426190360e+00,8.500000000000000611e-02,3.000000000000000000e+00,4.502249959989419207e+06
-5.809436440051811701e+00,1.999952739425820081e+00,1.246126933160177197e+00,1.336300294426190360e+00,8.500000000000000611e-02,3.000000000000000000e+00,4.502249959989419207e+06
-5.809436440051811701e+00,1.999952739425820081e+00,1.246126933160177197e+00,1.336300294426190360e+00,8.500000000000000611e-02,3.000000000000000000e+00,4.502249959989419207e+06
-5.809436440051811701e+00,1.999952739425820081e+00,1.246126933160177197e+00,1.336300294426190360e+00,8.500000000000000611e-02,3.000000000000000000e+00,4.502249959989419207e+06
-5.809436440051811701e+00,1.999952739425820081e+00,1.246126933160177197e+00,1.336300294426190360e+00,8.500000000000000611e-02,3.000000000000000000e+00,4.502249959989419207e+06
-5.809436440051811701e+00,1.999952739425820081e+00,1.246126933160177197e+00,1.336300294426190360e+00,8.500000000000000611e-02,3.000000000000000000e+00,4.502249959989419207e+06
-5.809436440051811701e+00,1.999952739425820081e+00,1.246126933160177197e+00,1.336300294426190360e+00,8.500000000000000611e-02,3.000000000000000000e+00,4.502249959989419207e+06
-5.809436440051811701e+00,1.999952739425820081e+00,1.246126933160177197e+00,1.336300294426190360e+00,8.500000000000000611e-02,3.000000000000000000e+00,4.502249959989419207e+06
-5.809436440051811701e+00,1.999952739425820081e+00,1.246126933160177197e+00,1.336300294426190360e+00,8.500000000000000611e-02,3.000000000000000000e+00,4.502249959989419207e+06
-5.809481704641088484e+00,1.999907895488426623e+00,1.246020147829815850e+00,1.336196217394573615e+00,8.500000000000000611e-02,3.000000000000000000e+00,4.502249959989419207e+06
-5.809481704641088484e+00,1.999907895488426623e+00,1.246020147829815850e+00,1.336196217394573615e+00,8.500000000000000611e-02,3.000000000000000000e+00,4.502249959989419207e+06
-5.809481704641088484e+00,1.999907895488426623e+00,1.246020147829815850e+00,1.336196217394573615e+00,8.500000000000000611e-02,3.000000000000000000e+00,4.502249959989419207e+06
-5.809481704641088484e+00,1.999907895488426623e+00,1.246020147829815850e+00,1.336196217394573615e+00,8.500000000000000611e-02,3.000000000000000000e+00,4.502249959989419207e+06
-5.809481704641088484e+00,1.999907895488426623e+00,1.246020147829815850e+00,1.336196217394573615e+00,8.500000000000000611e-02,3.000000000000000000e+00,4.502249959989419207e+06
-5.809481704641088484e+00,1.999907895488426623e+00,1.246020147829815850e+00,1.336196217394573615e+00,8.500000000000000611e-02,3.000000000000000000e+00,4.502249959989419207e+06
-5.809481704641088484e+00,1.999907895488426623e+00,1.246020147829815850e+00,1.336196217394573615e+00,8.500000000000000611e-02,3.000000000000000000e+00,4.502249959989419207e+06
-5.809481704641088484e+00,1.999907895488426623e+00,1.246020147829815850e+00,1.336196217394573615e+00,8.500000000000000611e-02,3.000000000000000000e+00,4.502249959989419207e+06
-5.809481704641088484e+00,1.999907895488426623e+00,1.246020147829815850e+00,1.336196217394573615e+00,8.500000000000000611e-02,3.000000000000000000e+00,4.502249959989419207e+06
-5.809481704641088484e+00,1.999907895488426623e+00,1.246020147829815850e+00,1.336196217394573615e+00,8.500000000000000611e-02,3.000000000000000000e+00,4.502249959989419207e+06
-5.809481704641088484e+00,1.999907895488426623e+00,1.246020147829815850e+00,1.336196217394573615e+00,8.500000000000000611e-02,3.000000000000000000e+00,4.502249959989419207e+06
-5.809481704641088484e+00,1.999907895488426623e+00,1.246020147829815850e+00,1.336196217394573615e+00,8.500000000000000611e-02,3.000000000000000000e+00,4.502249959989419207e+06
-5.809481704641088484e+00,1.999907895488426623e+00,1.246020147829815850e+00,1.336196217394573615e+00,8.500000000000000611e-02,3.000000000000000000e+00,4.502249959989419207e+06
-5.809481704641088484e+00,1.999907895488426623e+00,1.246020147829815850e+00,1.336196217394573615e+00,8.500000000000000611e-02,3.000000000000000000e+00,4.502249959989419207e+06
-5.809481704641088484e+00,1.999907895488426623e+00,1.246020147829815850e+00,1.336196217394573615e+00,8.500000000000000611e-02,3.000000000000000000e+00,4.502249959989419207e+06
-5.809481704641088484e+00,1.999907895488426623e+00,1.246020147829815850e+00,1.336196217394573615e+00,8.500000000000000611e-02,3.000000000000000000e+00,4.502249959989419207e+06
-5.809498205589476605e+00,1.999882100415423247e+00,1.245979025178175492e+00,1.336154278064767054e+00,8.500000000000000611e-02,3.000000000000000000e+00,4.502249959989419207e+06
-5.809498205589476605e+00,1.999882100415423247e+00,1.245979025178175492e+00,1.336154278064767054e+00,8.500000000000000611e-02,3.000000000000000000e+00,4.502249959989419207e+06
-5.809694342884305307e+00,1.999742695485198452e+00,1.245524035780633643e+00,1.335845880553465648e+00,8.500000000000000611e-02,3.000000000000000000e+00,4.502249959989419207e+06
-5.809694342884305307e+00,1.999742695485198452e+00,1.245524035780633643e+00,1.335845880553465648e+00,8.500000000000000611e-02,3.000000000000000000e+00,4.502249959989419207e+06
-5.809694342884305307e+00,1.999742695485198452e+00,1.245524035780633643e+00,1.335845880553465648e+00,8.500000000000000611e-02,3.000000000000000000e+00,4.502249959989419207e+06
-5.809694342884305307e+00,1.999742695485198452e+00,1.245524035780633643e+00,1.335845880553465648e+00,8.500000000000000611e-02,3.000000000000000000e+00,4.502249959989419207e+06
-5.809694342884305307e+00,1.999742695485198452e+00,1.245524035780633643e+00,1.335845880553465648e+00,8.500000000000000611e-02,3.000000000000000000e+00,4.502249959989419207e+06
-5.809694342884305307e+00,1.999742695485198452e+00,1.245524035780633643e+00,1.335845880553465648e+00,8.500000000000000611e-02,3.000000000000000000e+00,4.502249959989419207e+06
-5.809694342884305307e+00,1.999742695485198452e+00,1.245524035780633643e+00,1.335845880553465648e+00,8.500000000000000611e-02,3.000000000000000000e+00,4.502249959989419207e+06
-5.809694342884305307e+00,1.999742695485198452e+00,1.245524035780633643e+00,1.335845880553465648e+00,8.500000000000000611e-02,3.000000000000000000e+00,4.502249959989419207e+06
-5.809694342884305307e+00,1.999742695485198452e+00,1.245524035780633643e+00,1.335845880553465648e+00,8.500000000000000611e-02,3.000000000000000000e+00,4.502249959989419207e+06
-5.809694342884305307e+00,1.999742695485198452e+00,1.245524035780633643e+00,1.335845880553465648e+00,8.500000000000000611e-02,3.000000000000000000e+00,4.502249959989419207e+06
-5.809694342884305307e+00,1.999742695485198452e+00,1.245524035780633643e+00,1.335845880553465648e+00,8.500000000000000611e-02,3.000000000000000000e+00,4.502249959989419207e+06
-5.809694342884305307e+00,1.999742695485198452e+00,1.245524035780633643e+00,1.335845880553465648e+00,8.500000000000000611e-02,3.000000000000000000e+00,4.502249959989419207e+06
-5.809694342884305307e+00,1.999742695485198452e+00,1.245524035780633643e+00,1.335845880553465648e+00,8.500000000000000611e-02,3.000000000000000000e+00,4.502249959989419207e+06
-5.809694342884305307e+00,1.999742695485198452e+00,1.245524035780633643e+00,1.335845880553465648e+00,8.500000000000000611e-02,3.000000000000000000e+00,4.502249959989419207e+06
-5.809694342884305307e+00,1.999742695485198452e+00,1.245524035780633643e+00,1.335845880553465648e+00,8.500000000000000611e-02,3.000000000000000000e+00,4.502249959989419207e+06
-5.809694342884305307e+00,1.999742695485198452e+00,1.245524035780633643e+00,1.335845880553465648e+00,8.500000000000000611e-02,3.000000000000000000e+00,4.502249959989419207e+06
-5.809694342884305307e+00,1.999742695485198452e+00,1.245524035780633643e+00,1.335845880553465648e+00,8.500000000000000611e-02,3.000000000000000000e+00,4.502249959989419207e+06
-5.809694342884305307e+00,1.999742695485198452e+00,1.245524035780633643e+00,1.335845880553465648e+00,8.500000000000000611e-02,3.000000000000000000e+00,4.502249959989419207e+06
-5.809694342884305307e+00,1.999742695485198452e+00,1.245524035780633643e+00,1.335845880553465648e+00,8.500000000000000611e-02,3.000000000000000000e+00,4.502249959989419207e+06
-5.809694342884305307e+00,1.999742695485198452e+00,1.245524035780633643e+00,1.335845880553465648e+00,8.500000000000000611e-02,3.000000000000000000e+00,4.502249959989419207e+06
-5.809694342884305307e+00,1.999742695485198452e+00,1.245524035780633643e+00,1.335845880553465648e+00,8.500000000000000611e-02,3.000000000000000000e+00,4.502249959989419207e+06
-5.809694342884305307e+00,1.999742695485198452e+00,1.245524035780633643e+00,1.335845880553465648e+00,8.500000000000000611e-02,3.000000000000000000e+00,4.502249959989419207e+06
-5.809694342884305307e+00,1.999742695485198452e+00,1.245524035780633643e+00,1.335845880553465648e+00,8.500000000000000611e-02,3.000000000000000000e+00,4.502249959989419207e+06
-5.809694342884305307e+00,1.999742695485198452e+00,1.245524035780633643e+00,1.335845880553465648e+00,8.500000000000000611e-02,3.000000000000000000e+00,4.502249959989419207e+06
-5.809694342884305307e+00,1.999742695485198452e+00,1.245524035780633643e+00,1.335845880553465648e+00,8.500000000000000611e-02,3.000000000000000000e+00,4.502249959989419207e+06
-5.809694342884305307e+00,1.999742695485198452e+00,1.245524035780633643e+00,1.335845880553465648e+00,8.500000000000000611e-02,3.000000000000000000e+00,4.502249959989419207e+06
-5.812551083310186328e+00,1.987160742678389935e+00,1.237329803385731175e+00,1.327811331612804624e+00,8.500000000000000611e-02,3.000000000000000000e+00,4.502249959989419207e+06
-5.907528196495186457e+00,1.856380416355745799e+00,1.051948414093635931e+00,1.150749836400982939e+00,8.500000000000000611e-02,3.000000000000000000e+00,4.502249959989419207e+06
-5.907528196495186457e+00,1.856380416355745799e+00,1.051948414093635931e+00,1.150749836400982939e+00,8.500000000000000611e-02,3.000000000000000000e+00,4.502249959989419207e+06
-5.907528196495186457e+00,1.856380416355745799e+00,1.051948414093635931e+00,1.150749836400982939e+00,8.500000000000000611e-02,3.000000000000000000e+00,4.502249959989419207e+06
-5.907528196495186457e+00,1.856380416355745799e+00,1.051948414093635931e+00,1.150749836400982939e+00,8.500000000000000611e-02,3.000000000000000000e+00,4.502249959989419207e+06
-5.907528196495186457e+00,1.856380416355745799e+00,1.051948414093635931e+00,1.150749836400982939e+00,8.500000000000000611e-02,3.000000000000000000e+00,4.502249959989419207e+06
-5.907528196495186457e+00,1.856380416355745799e+00,1.051948414093635931e+00,1.150749836400982939e+00,8.500000000000000611e-02,3.000000000000000000e+00,4.502249959989419207e+06
-5.907528196495186457e+00,1.856380416355745799e+00,1.051948414093635931e+00,1.150749836400982939e+00,8.500000000000000611e-02,3.000000000000000000e+00,4.502249959989419207e+06
-5.907528196495186457e+00,1.856380416355745799e+00,1.051948414093635931e+00,1.150749836400982939e+00,8.500000000000000611e-02,3.000000000000000000e+00,4.502249959989419207e+06
-5.907528196495186457e+00,1.856380416355745799e+00,1.051948414093635931e+00,1.150749836400982939e+00,8.500000000000000611e-02,3.000000000000000000e+00,4.502249959989419207e+06
-5.907528196495186457e+00,1.856380416355745799e+00,1.051948414093635931e+00,1.150749836400982939e+00,8.500000000000000611e-02,3.000000000000000000e+00,4.502249959989419207e+06
-5.907528196495186457e+00,1.856380416355745799e+00,1.051948414093635931e+00,1.150749836400982939e+00,8.500000000000000611e-02,3.000000000000000000e+00,4.502249959989419207e+06
-5.907528196495186457e+00,1.856380416355745799e+00,1.051948414093635931e+00,1.150749836400982939e+00,8.500000000000000611e-02,3.000000000000000000e+00,4.502249959989419207e+06
-5.907528196495186457e+00,1.856380416355745799e+00,1.051948414093635931e+00,1.150749836400982939e+00,8.500000000000000611e-02,3.000000000000000000e+00,4.502249959989419207e+06
-5.907528196495186457e+00,1.856380416355745799e+00,1.051948414093635931e+00,1.150749836400982939e+00,8.500000000000000611e-02,3.000000000000000000e+00,4.502249959989419207e+06
-5.907528196495186457e+00,1.856380416355745799e+00,1.051948414093635931e+00,1.150749836400982939e+00,8.500000000000000611e-02,3.000000000000000000e+00,4.502249959989419207e+06
-5.907528196495186457e+00,1.856380416355745799e+00,1.051948414093635931e+00,1.150749836400982939e+00,8.500000000000000611e-02,3.000000000000000000e+00,4.502249959989419207e+06
-5.907528196495186457e+00,1.856380416355745799e+00,1.051948414093635931e+00,1.150749836400982939e+00,8.500000000000000611e-02,3.000000000000000000e+00,4.502249959989419207e+06
-5.907528196495186457e+00,1.856380416355745799e+00,1.051948414093635931e+00,1.150749836400982939e+00,8.500000000000000611e-02,3.000000000000000000e+00,4.502249959989419207e+06
-5.900097711981239001e+00,1.870148669555389720e+00,1.069234093920669482e+00,1.170331435363734407e+00,8.500000000000000611e-02,3.000000000000000000e+00,4.502249959989419207e+06
-4.193571945550465863e+00,3.302228235759676167e+00,3.262829285861144069e+00,1.885404933998878763e+00,8.500000000000000611e-02,3.000000000000000000e+00,4.502249959989419207e+06
-4.071147290109795591e+00,3.137326174345899332e+00,3.366681789802591585e+00,2.126871772604557620e+00,8.500000000000000611e-02,3.000000000000000000e+00,4.502249959989419207e+06
-4.084301109040579192e+00,3.157744988896349358e+00,3.367938438232490839e+00,2.106884077659733290e+00,8.500000000000000611e-02,3.000000000000000000e+00,4.502249959989419207e+06
-4.084301109040579192e+00,3.157744988896349358e+00,3.367938438232490839e+00,2.106884077659733290e+00,8.500000000000000611e-02,3.000000000000000000e+00,4.502249959989419207e+06
-4.194628778270301339e+00,3.066964865294308673e+00,3.241600329679828363e+00,2.036999462474088585e+00,8.500000000000000611e-02,3.000000000000000000e+00,4.502249959989419207e+06
-4.194628778270301339e+00,3.066964865294308673e+00,3.241600329679828363e+00,2.036999462474088585e+00,8.500000000000000611e-02,3.000000000000000000e+00,4.502249959989419207e+06
-4.194628778270301339e+00,3.066964865294308673e+00,3.241600329679828363e+00,2.036999462474088585e+00,8.500000000000000611e-02,3.000000000000000000e+00,4.502249959989419207e+06
-4.006634056821575030e+00,3.242596560220703861e+00,3.512710156147484053e+00,2.215911143708040321e+00,8.500000000000000611e-02,3.000000000000000000e+00,4.502249959989419207e+06
-4.006634056821575030e+00,3.242596560220703861e+00,3.512710156147484053e+00,2.215911143708040321e+00,8.500000000000000611e-02,3.000000000000000000e+00,4.502249959989419207e+06
-5.809426315294209608e+00,1.999969145614491017e+00,1.246124491236570542e+00,1.336305710693703297e+00,8.500000000000000611e-02,3.000000000000000000e+00,4.502249959989419207e+06
-5.809426315294209608e+00,1.999969145614491017e+00,1.246124491236570542e+00,1.336305710693703297e+00,8.500000000000000611e-02,3.000000000000000000e+00,4.502249959989419207e+06
-5.809426315294209608e+00,1.999969145614491017e+00,1.246124491236570542e+00,1.336305710693703297e+00,8.500000000000000611e-02,3.000000000000000000e+00,4.502249959989419207e+06
-5.809426315294209608e+00,1.999969145614491017e+00,1.246124491236570542e+00,1.336305710693703297e+00,8.500000000000000611e-02,3.000000000000000000e+00,4.502249959989419207e+06
-5.809426315294209608e+00,1.999969145614491017e+00,1.246124491236570542e+00,1.336305710693703297e+00,8.500000000000000611e-02,3.000000000000000000e+00,4.502249959989419207e+06
-5.809426315294209608e+00,1.999969145614491017e+00,1.246124491236570542e+00,1.336305710693703297e+00,8.500000000000000611e-02,3.000000000000000000e+00,4.502249959989419207e+06
-5.809426315294209608e+00,1.999969145614491017e+00,1.246124491236570542e+00,1.336305710693703297e+00,8.500000000000000611e-02,3.000000000000000000e+00,4.502249959989419207e+06
-5.809426315294209608e+00,1.999969145614491017e+00,1.246124491236570542e+00,1.336305710693703297e+00,8.500000000000000611e-02,3.000000000000000000e+00,4.502249959989419207e+06
-5.809425289086918909e+00,1.999985012573737064e+00,1.246122086966353404e+00,1.336317341138726578e+00,8.500000000000000611e-02,3.000000000000000000e+00,4.502249959989419207e+06
-5.809425289086918909e+00,1.999985012573737064e+00,1.246122086966353404e+00,1.336317341138726578e+00,8.500000000000000611e-02,3.000000000000000000e+00,4.502249959989419207e+06
-5.809425289086918909e+00,1.999985012573737064e+00,1.246122086966353404e+00,1.336317341138726578e+00,8.500000000000000611e-02,3.000000000000000000e+00,4.502249959989419207e+06
-5.809425289086918909e+00,1.999985012573737064e+00,1.246122086966353404e+00,1.336317341138726578e+00,8.500000000000000611e-02,3.000000000000000000e+00,4.502249959989419207e+06
-5.809425289086918909e+00,1.999985012573737064e+00,1.246122086966353404e+00,1.336317341138726578e+00,8.500000000000000611e-02,3.000000000000000000e+00,4.502249959989419207e+06
-5.809425289086918909e+00,1.999985012573737064e+00,1.246122086966353404e+00,1.336317341138726578e+00,8.500000000000000611e-02,3.000000000000000000e+00,4.502249959989419207e+06
-5.809425289086918909e+00,1.999985012573737064e+00,1.246122086966353404e+00,1.336317341138726578e+00,8.500000000000000611e-02,3.000000000000000000e+00,4.502249959989419207e+06
-5.809425289086918909e+00,1.999985012573737064e+00,1.246122086966353404e+00,1.336317341138726578e+00,8.500000000000000611e-02,3.000000000000000000e+00,4.502249959989419207e+06
-5.809425289086918909e+00,1.999985012573737064e+00,1.246122086966353404e+00,1.336317341138726578e+00,8.500000000000000611e-02,3.000000000000000000e+00,4.502249959989419207e+06
-5.809425289086918909e+00,1.999985012573737064e+00,1.246122086966353404e+00,1.336317341138726578e+00,8.500000000000000611e-02,3.000000000000000000e+00,4.502249959989419207e+06
-5.809425289086918909e+00,1.999985012573737064e+00,1.246122086966353404e+00,1.336317341138726578e+00,8.500000000000000611e-02,3.000000000000000000e+00,4.502249959989419207e+06
-5.809384466639708755e+00,2.000044181809003785e+00,1.246195104060557224e+00,1.336431727449617135e+00,8.500000000000000611e-02,3.000000000000000000e+00,4.502249959989419207e+06
-5.809384466639708755e+00,2.000044181809003785e+00,1.246195104060557224e+00,1.336431727449617135e+00,8.500000000000000611e-02,3.000000000000000000e+00,4.502249959989419207e+06
-5.809607134913615134e+00,2.000307696460583706e+00,1.245789048805233445e+00,1.336420213936252877e+00,8.500000000000000611e-02,3.000000000000000000e+00,4.502249959989419207e+06
-5.809677726238371420e+00,2.000458239569941288e+00,1.245639578989706120e+00,1.336473340598522963e+00,8.500000000000000611e-02,3.000000000000000000e+00,4.502249959989419207e+06
-5.809677726238371420e+00,2.000458239569941288e+00,1.245639578989706120e+00,1.336473340598522963e+00,8.500000000000000611e-02,3.000000000000000000e+00,4.502249959989419207e+06
-5.809677726238371420e+00,2.000458239569941288e+00,1.245639578989706120e+00,1.336473340598522963e+00,8.500000000000000611e-02,3.000000000000000000e+00,4.502249959989419207e+06
-5.809677726238371420e+00,2.000458239569941288e+00,1.245639578989706120e+00,1.336473340598522963e+00,8.500000000000000611e-02,3.000000000000000000e+00,4.502249959989419207e+06
-5.809677726238371420e+00,2.000458239569941288e+00,1.245639578989706120e+00,1.336473340598522963e+00,8.500000000000000611e-02,3.000000000000000000e+00,4.502249959989419207e+06
-5.809744841650473113e+00,2.000515951705828410e+00,1.245378080524867093e+00,1.336360205445824123e+00,8.500000000000000611e-02,3.000000000000000000e+00,4.502249959989419207e+06
-5.809744841650473113e+00,2.000515951705828410e+00,1.245378080524867093e+00,1.336360205445824123e+00,8.500000000000000611e-02,3.000000000000000000e+00,4.502249959989419207e+06
-5.809744841650473113e+00,2.000515951705828410e+00,1.245378080524867093e+00,1.336360205445824123e+00,8.500000000000000611e-02,3.000000000000000000e+00,4.502249959989419207e+06
-5.809817239675119538e+00,2.000683248845507300e+00,1.245201425767419989e+00,1.336405324188352450e+00,8.500000000000000611e-02,3.000000000000000000e+00,4.502249959989419207e+06
-5.809817239675119538e+00,2.000683248845507300e+00,1.245201425767419989e+00,1.336405324188352450e+00,8.500000000000000611e-02,3.000000000000000000e+00,4.502249959989419207e+06
-5.809817239675119538e+00,2.000683248845507300e+00,1.245201425767419989e+00,1.336405324188352450e+00,8.500000000000000611e-02,3.000000000000000000e+00,4.502249959989419207e+06
-5.809817239675119538e+00,2.000683248845507300e+00,1.245201425767419989e+00,1.336405324188352450e+00,8.500000000000000611e-02,3.000000000000000000e+00,4.502249959989419207e+06
-5.809782954043855696e+00,2.000501008888262877e+00,1.245254892257527501e+00,1.336261646532776126e+00,8.500000000000000611e-02,3.000000000000000000e+00,4.502249959989419207e+06
-5.809782954043855696e+00,2.000501008888262877e+00,1.245254892257527501e+00,1.336261646532776126e+00,8.500000000000000611e-02,3.000000000000000000e+00,4.502249959989419207e+06
-5.809782954043855696e+00,2.000501008888262877e+00,1.245254892257527501e+00,1.336261646532776126e+00,8.500000000000000611e-02,3.000000000000000000e+00,4.502249959989419207e+06
-5.809782954043855696e+00,2.000501008888262877e+00,1.245254892257527501e+00,1.336261646532776126e+00,8.500000000000000611e-02,3.000000000000000000e+00,4.502249959989419207e+06
-5.809782954043855696e+00,2.000501008888262877e+00,1.245254892257527501e+00,1.336261646532776126e+00,8.500000000000000611e-02,3.000000000000000000e+00,4.502249959989419207e+06
-5.809782954043855696e+00,2.000501008888262877e+00,1.245254892257527501e+00,1.336261646532776126e+00,8.500000000000000611e-02,3.000000000000000000e+00,4.502249959989419207e+06
-5.809019464764871188e+00,2.000468465229141124e+00,1.246491198729305250e+00,1.336781094661637637e+00,8.500000000000000611e-02,3.000000000000000000e+00,4.502249959989419207e+06
-5.808698273465664919e+00,2.000861271832994337e+00,1.246692130983111380e+00,1.337094068038929384e+00,8.500000000000000611e-02,3.000000000000000000e+00,4.502249959989419207e+06
-5.807334391229957760e+00,2.002254368760350456e+00,1.248018379014712576e+00,1.338184960468156381e+00,8.500000000000000611e-02,3.000000000000000000e+00,4.502249959989419207e+06
-5.807334391229957760e+00,2.002254368760350456e+00,1.248018379014712576e+00,1.338184960468156381e+00,8.500000000000000611e-02,3.000000000000000000e+00,4.502249959989419207e+06
-5.807334391229957760e+00,2.002254368760350456e+00,1.248018379014712576e+00,1.338184960468156381e+00,8.500000000000000611e-02,3.000000000000000000e+00,4.502249959989419207e+06
-5.807334391229957760e+00,2.002254368760350456e+00,1.248018379014712576e+00,1.338184960468156381e+00,8.500000000000000611e-02,3.000000000000000000e+00,4.502249959989419207e+06
-5.807037504137489314e+00,2.002642560833507002e+00,1.247789265038401707e+00,1.338111968153550047e+00,8.500000000000000611e-02,3.000000000000000000e+00,4.502249959989419207e+06
-5.807037504137489314e+00,2.002642560833507002e+00,1.247789265038401707e+00,1.338111968153550047e+00,8.500000000000000611e-02,3.000000000000000000e+00,4.502249959989419207e+06
-5.807037504137489314e+00,2.002642560833507002e+00,1.247789265038401707e+00,1.338111968153550047e+00,8.500000000000000611e-02,3.000000000000000000e+00,4.502249959989419207e+06
-5.807037504137489314e+00,2.002642560833507002e+00,1.247789265038401707e+00,1.338111968153550047e+00,8.500000000000000611e-02,3.000000000000000000e+00,4.502249959989419207e+06
-5.807037504137489314e+00,2.002642560833507002e+00,1.247789265038401707e+00,1.338111968153550047e+00,8.500000000000000611e-02,3.000000000000000000e+00,4.502249959989419207e+06
-5.807037504137489314e+00,2.002642560833507002e+00,1.247789265038401707e+00,1.338111968153550047e+00,8.500000000000000611e-02,3.000000000000000000e+00,4.502249959989419207e+06
-5.807037504137489314e+00,2.002642560833507002e+00,1.247789265038401707e+00,1.338111968153550047e+00,8.500000000000000611e-02,3.000000000000000000e+00,4.502249959989419207e+06
-5.807037504137489314e+00,2.002642560833507002e+00,1.247789265038401707e+00,1.338111968153550047e+00,8.500000000000000611e-02,3.000000000000000000e+00,4.502249959989419207e+06
-5.807037504137489314e+00,2.002642560833507002e+00,1.247789265038401707e+00,1.338111968153550047e+00,8.500000000000000611e-02,3.000000000000000000e+00,4.502249959989419207e+06
-5.807037504137489314e+00,2.002642560833507002e+00,1.247789265038401707e+00,1.338111968153550047e+00,8.500000000000000611e-02,3.000000000000000000e+00,4.502249959989419207e+06
-5.807037504137489314e+00,2.002642560833507002e+00,1.247789265038401707e+00,1.338111968153550047e+00,8.500000000000000611e-02,3.000000000000000000e+00,4.502249959989419207e+06
-5.807037504137489314e+00,2.002642560833507002e+00,1.247789265038401707e+00,1.338111968153550047e+00,8.500000000000000611e-02,3.000000000000000000e+00,4.502249959989419207e+06
-5.807037504137489314e+00,2.002642560833507002e+00,1.247789265038401707e+00,1.338111968153550047e+00,8.500000000000000611e-02,3.000000000000000000e+00,4.502249959989419207e+06
-5.761366329089665506e+00,2.059328746702449031e+00,1.336016093627796275e+00,1.421268719207314568e+00,8.500000000000000611e-02,3.000000000000000000e+00,4.502249959989419207e+06
-5.761366329089665506e+00,2.059328746702449031e+00,1.336016093627796275e+00,1.421268719207314568e+00,8.500000000000000611e-02,3.000000000000000000e+00,4.502249959989419207e+06
-5.761366329089665506e+00,2.059328746702449031e+00,1.336016093627796275e+00,1.421268719207314568e+00,8.500000000000000611e-02,3.000000000000000000e+00,4.502249959989419207e+06
-5.732903177287153262e+00,2.096833260522958930e+00,1.392790829496261873e+00,1.476295285883549635e+00,8.500000000000000611e-02,3.000000000000000000e+00,4.502249959989419207e+06
-5.732903177287153262e+00,2.096833260522958930e+00,1.392790829496261873e+00,1.476295285883549635e+00,8.500000000000000611e-02,3.000000000000000000e+00,4.502249959989419207e+06
-5.732903177287153262e+00,2.096833260522958930e+00,1.392790829496261873e+00,1.476295285883549635e+00,8.500000000000000611e-02,3.000000000000000000e+00,4.502249959989419207e+06
-5.732903177287153262e+00,2.096833260522958930e+00,1.392790829496261873e+00,1.476295285883549635e+00,8.500000000000000611e-02,3.000000000000000000e+00,4.502249959989419207e+06
-5.732903177287153262e+00,2.096833260522958930e+00,1.392790829496261873e+00,1.476295285883549635e+00,8.500000000000000611e-02,3.000000000000000000e+00,4.502249959989419207e+06
-5.732903177287153262e+00,2.096833260522958930e+00,1.392790829496261873e+00,1.476295285883549635e+00,8.500000000000000611e-02,3.000000000000000000e+00,4.502249959989419207e+06
-5.732903177287153262e+00,2.096833260522958930e+00,1.392790829496261873e+00,1.476295285883549635e+00,8.500000000000000611e-02,3.000000000000000000e+00,4.502249959989419207e+06
-5.732903177287153262e+00,2.096833260522958930e+00,1.392790829496261873e+00,1.476295285883549635e+00,8.500000000000000611e-02,3.000000000000000000e+00,4.502249959989419207e+06
-5.732903177287153262e+00,2.096833260522958930e+00,1.392790829496261873e+00,1.476295285883549635e+00,8.500000000000000611e-02,3.000000000000000000e+00,4.502249959989419207e+06
-5.758491771068426246e+00,2.064005109074076305e+00,1.344798725930551830e+00,1.435087795539602640e+00,8.500000000000000611e-02,3.000000000000000000e+00,4.502249959989419207e+06
-5.758491771068426246e+00,2.064005109074076305e+00,1.344798725930551830e+00,1.435087795539602640e+00,8.500000000000000611e-02,3.000000000000000000e+00,4.502249959989419207e+06
-5.758491771068426246e+00,2.064005109074076305e+00,1.344798725930551830e+00,1.435087795539602640e+00,8.500000000000000611e-02,3.000000000000000000e+00,4.502249959989419207e+06
-5.758491771068426246e+00,2.064005109074076305e+00,1.344798725930551830e+00,1.435087795539602640e+00,8.500000000000000611e-02,3.000000000000000000e+00,4.502249959989419207e+06
-5.758491771068426246e+00,2.064005109074076305e+00,1.344798725930551830e+00,1.435087795539602640e+00,8.500000000000000611e-02,3.000000000000000000e+00,4.502249959989419207e+06
-5.758491771068426246e+00,2.064005109074076305e+00,1.344798725930551830e+00,1.435087795539602640e+00,8.500000000000000611e-02,3.000000000000000000e+00,4.502249959989419207e+06
-5.758491771068426246e+00,2.064005109074076305e+00,1.344798725930551830e+00,1.435087795539602640e+00,8.500000000000000611e-02,3.000000000000000000e+00,4.502249959989419207e+06
-5.758821774040840502e+00,2.064742799830139308e+00,1.345899690543724825e+00,1.438030595015964419e+00,8.500000000000000611e-02,3.000000000000000000e+00,4.502249959989419207e+06
-5.758821774040840502e+00,2.064742799830139308e+00,1.345899690543724825e+00,1.438030595015964419e+00,8.500000000000000611e-02,3.000000000000000000e+00,4.502249959989419207e+06
-7.742913886108142130e+00,6.154475008150561699e-01,-1.159013187549223112e+00,6.510177914350874229e-01,8.500000000000000611e-02,3.000000000000000000e+00,4.502249959989419207e+06
-7.601491100739700357e+00,6.826941319421049315e-01,-1.027067283990409807e+00,6.035518447020714605e-01,8.500000000000000611e-02,3.000000000000000000e+00,4.502249959989419207e+06
-7.571799554006854116e+00,6.994161000324504718e-01,-9.929115650006870020e-01,6.040567980350622923e-01,8.500000000000000611e-02,3.000000000000000000e+00,4.502249959989419207e+06
-7.571799554006854116e+00,6.994161000324504718e-01,-9.929115650006870020e-01,6.040567980350622923e-01,8.500000000000000611e-02,3.000000000000000000e+00,4.502249959989419207e+06
-7.528905149264123686e+00,7.183742131969244049e-01,-9.503976994221403629e-01,5.975900612618388896e-01,8.500000000000000611e-02,3.000000000000000000e+00,4.502249959989419207e+06
-7.488015269870080814e+00,7.895328939940872148e-01,-9.428408164729449314e-01,5.436058477131542332e-01,8.500000000000000611e-02,3.000000000000000000e+00,4.502249959989419207e+06
-7.335704879259925981e+00,8.751574172168763432e-01,-7.758160114554757403e-01,5.530161669276907332e-01,8.500000000000000611e-02,3.000000000000000000e+00,4.502249959989419207e+06
-7.190826392068934148e+00,9.123504776315565223e-01,-6.222450885689621014e-01,5.132207429682208444e-01,8.500000000000000611e-02,3.000000000000000000e+00,4.502249959989419207e+06
-7.190826392068934148e+00,9.123504776315565223e-01,-6.222450885689621014e-01,5.132207429682208444e-01,8.500000000000000611e-02,3.000000000000000000e+00,4.502249959989419207e+06
-7.363309107945905652e+00,9.742034395946919112e-01,-8.622343725483913035e-01,4.860260450096402507e-01,8.500000000000000611e-02,3.000000000000000000e+00,4.502249959989419207e+06
-5.809425511388133678e+00,1.999976726985466025e+00,1.246137728557898505e+00,1.336338844615269306e+00,8.500000000000000611e-02,3.000000000000000000e+00,4.502249959989419207e+06
-5.809425511388133678e+00,1.999976726985466025e+00,1.246137728557898505e+00,1.336338844615269306e+00,8.500000000000000611e-02,3.000000000000000000e+00,4.502249959989419207e+06
-5.809425511388133678e+00,1.999976726985466025e+00,1.246137728557898505e+00,1.336338844615269306e+00,8.500000000000000611e-02,3.000000000000000000e+00,4.502249959989419207e+06
-5.809429449221825692e+00,1.999966992750743300e+00,1.246132954168045481e+00,1.336318652514171479e+00,8.500000000000000611e-02,3.000000000000000000e+00,4.502249959989419207e+06
-5.809429449221825692e+00,1.999966992750743300e+00,1.246132954168045481e+00,1.336318652514171479e+00,8.500000000000000611e-02,3.000000000000000000e+00,4.502249959989419207e+06
-5.809429449221825692e+00,1.999966992750743300e+00,1.246132954168045481e+00,1.336318652514171479e+00,8.500000000000000611e-02,3.000000000000000000e+00,4.502249959989419207e+06
-5.809430568104928305e+00,1.999965793271025305e+00,1.246125563882194198e+00,1.336323828071432018e+00,8.500000000000000611e-02,3.000000000000000000e+00,4.502249959989419207e+06
-5.809430568104928305e+00,1.999965793271025305e+00,1.246125563882194198e+00,1.336323828071432018e+00,8.500000000000000611e-02,3.000000000000000000e+00,4.502249959989419207e+06
-5.809409659957396777e+00,2.000004743946371288e+00,1.246183157695581301e+00,1.336400964767790134e+00,8.500000000000000611e-02,3.000000000000000000e+00,4.502249959989419207e+06
-5.809409659957396777e+00,2.000004743946371288e+00,1.246183157695581301e+00,1.336400964767790134e+00,8.500000000000000611e-02,3.000000000000000000e+00,4.502249959989419207e+06
-5.809409659957396777e+00,2.000004743946371288e+00,1.246183157695581301e+00,1.336400964767790134e+00,8.500000000000000611e-02,3.000000000000000000e+00,4.502249959989419207e+06
-5.809409659957396777e+00,2.000004743946371288e+00,1.246183157695581301e+00,1.336400964767790134e+00,8.500000000000000611e-02,3.000000000000000000e+00,4.502249959989419207e+06
-5.809409659957396777e+00,2.000004743946371288e+00,1.246183157695581301e+00,1.336400964767790134e+00,8.500000000000000611e-02,3.000000000000000000e+00,4.502249959989419207e+06
-5.809400430072722443e+00,2.000003381763747701e+00,1.246205812676050906e+00,1.336400450732398992e+00,8.500000000000000611e-02,3.000000000000000000e+00,4.502249959989419207e+06
-5.809400430072722443e+00,2.000003381763747701e+00,1.246205812676050906e+00,1.336400450732398992e+00,8.500000000000000611e-02,3.000000000000000000e+00,4.502249959989419207e+06
-5.809400430072722443e+00,2.000003381763747701e+00,1.246205812676050906e+00,1.336400450732398992e+00,8.500000000000000611e-02,3.000000000000000000e+00,4.502249959989419207e+06
-5.809400430072722443e+00,2.000003381763747701e+00,1.246205812676050906e+00,1.336400450732398992e+00,8.500000000000000611e-02,3.000000000000000000e+00,4.502249959989419207e+06
-5.809389835383458767e+00,2.000021234528212233e+00,1.246229370366932709e+00,1.336425657283819346e+00,8.500000000000000611e-02,3.000000000000000000e+00,4.502249959989419207e+06
-5.809385573014397508e+00,2.000037733717062505e+00,1.246235511514657723e+00,1.336437679924370681e+00,8.500000000000000611e-02,3.000000000000000000e+00,4.502249959989419207e+06
-5.809385573014397508e+00,2.000037733717062505e+00,1.246235511514657723e+00,1.336437679924370681e+00,8.500000000000000611e-02,3.000000000000000000e+00,4.502249959989419207e+06
-5.809378571504811184e+00,2.000064835834978183e+00,1.246245599168741114e+00,1.336457428714740159e+00,8.500000000000000611e-02,3.000000000000000000e+00,4.502249959989419207e+06
-5.809378571504811184e+00,2.000064835834978183e+00,1.246245599168741114e+00,1.336457428714740159e+00,8.500000000000000611e-02,3.000000000000000000e+00,4.502249959989419207e+06
-5.809378571504811184e+00,2.000064835834978183e+00,1.246245599168741114e+00,1.336457428714740159e+00,8.500000000000000611e-02,3.000000000000000000e+00,4.502249959989419207e+06
-5.809378571504811184e+00,2.000064835834978183e+00,1.246245599168741114e+00,1.336457428714740159e+00,8.500000000000000611e-02,3.000000000000000000e+00,4.502249959989419207e+06
-5.809378571504811184e+00,2.000064835834978183e+00,1.246245599168741114e+00,1.336457428714740159e+00,8.500000000000000611e-02,3.000000000000000000e+00,4.502249959989419207e+06
-5.809378571504811184e+00,2.000064835834978183e+00,1.246245599168741114e+00,1.336457428714740159e+00,8.500000000000000611e-02,3.000000000000000000e+00,4.502249959989419207e+06
-5.809378571504811184e+00,2.000064835834978183e+00,1.246245599168741114e+00,1.336457428714740159e+00,8.500000000000000611e-02,3.000000000000000000e+00,4.502249959989419207e+06
-5.809378571504811184e+00,2.000064835834978183e+00,1.246245599168741114e+00,1.336457428714740159e+00,8.500000000000000611e-02,3.000000000000000000e+00,4.502249959989419207e+06
-5.809378571504811184e+00,2.000064835834978183e+00,1.246245599168741114e+00,1.336457428714740159e+00,8.500000000000000611e-02,3.000000000000000000e+00,4.502249959989419207e+06
-5.809376944587175906e+00,2.000067363441079493e+00,1.246249236181296682e+00,1.336461293240588821e+00,8.500000000000000611e-02,3.000000000000000000e+00,4.502249959989419207e+06
-5.809376944587175906e+00,2.000067363441079493e+00,1.246249236181296682e+00,1.336461293240588821e+00,8.500000000000000611e-02,3.000000000000000000e+00,4.502249959989419207e+06
-5.809376944587175906e+00,2.000067363441079493e+00,1.246249236181296682e+00,1.336461293240588821e+00,8.500000000000000611e-02,3.000000000000000000e+00,4.502249959989419207e+06
-5.809376944587175906e+00,2.000067363441079493e+00,1.246249236181296682e+00,1.336461293240588821e+00,8.500000000000000611e-02,3.000000000000000000e+00,4.502249959989419207e+06
-5.809340792465460979e+00,2.000122596791667817e+00,1.246329795478087643e+00,1.336552825141150480e+00,8.500000000000000611e-02,3.000000000000000000e+00,4.502249959989419207e+06
-5.809340792465460979e+00,2.000122596791667817e+00,1.246329795478087643e+00,1.336552825141150480e+00,8.500000000000000611e-02,3.000000000000000000e+00,4.502249959989419207e+06
-5.809340792465460979e+00,2.000122596791667817e+00,1.246329795478087643e+00,1.336552825141150480e+00,8.500000000000000611e-02,3.000000000000000000e+00,4.502249959989419207e+06
-5.809340792465460979e+00,2.000122596791667817e+00,1.246329795478087643e+00,1.336552825141150480e+00,8.500000000000000611e-02,3.000000000000000000e+00,4.502249959989419207e+06
-5.809340792465460979e+00,2.000122596791667817e+00,1.246329795478087643e+00,1.336552825141150480e+00,8.500000000000000611e-02,3.000000000000000000e+00,4.502249959989419207e+06
-5.809340792465460979e+00,2.000122596791667817e+00,1.246329795478087643e+00,1.336552825141150480e+00,8.500000000000000611e-02,3.000000000000000000e+00,4.502249959989419207e+06
-5.809340792465460979e+00,2.000122596791667817e+00,1.246329795478087643e+00,1.336552825141150480e+00,8.500000000000000611e-02,3.000000000000000000e+00,4.502249959989419207e+06
-5.809340792465460979e+00,2.000122596791667817e+00,1.246329795478087643e+00,1.336552825141150480e+00,8.500000000000000611e-02,3.000000000000000000e+00,4.502249959989419207e+06
-5.809340792465460979e+00,2.000122596791667817e+00,1.246329795478087643e+00,1.336552825141150480e+00,8.500000000000000611e-02,3.000000000000000000e+00,4.502249959989419207e+06
-5.809340792465460979e+00,2.000122596791667817e+00,1.246329795478087643e+00,1.336552825141150480e+00,8.500000000000000611e-02,3.000000000000000000e+00,4.502249959989419207e+06
-5.809340792465460979e+00,2.000122596791667817e+00,1.246329795478087643e+00,1.336552825141150480e+00,8.500000000000000611e-02,3.000000000000000000e+00,4.502249959989419207e+06
-5.809340792465460979e+00,2.000122596791667817e+00,1.246329795478087643e+00,1.336552825141150480e+00,8.500000000000000611e-02,3.000000000000000000e+00,4.502249959989419207e+06
-5.808947261271746321e+00,2.000604102420519670e+00,1.247139549013244419e+00,1.337446930241255494e+00,8.500000000000000611e-02,3.000000000000000000e+00,4.502249959989419207e+06
-5.808947261271746321e+00,2.000604102420519670e+00,1.247139549013244419e+00,1.337446930241255494e+00,8.500000000000000611e-02,3.000000000000000000e+00,4.502249959989419207e+06
-5.808947261271746321e+00,2.000604102420519670e+00,1.247139549013244419e+00,1.337446930241255494e+00,8.500000000000000611e-02,3.000000000000000000e+00,4.502249959989419207e+06
-5.808947261271746321e+00,2.000604102420519670e+00,1.247139549013244419e+00,1.337446930241255494e+00,8.500000000000000611e-02,3.000000000000000000e+00,4.502249959989419207e+06
-5.808947261271746321e+00,2.000604102420519670e+00,1.247139549013244419e+00,1.337446930241255494e+00,8.500000000000000611e-02,3.000000000000000000e+00,4.502249959989419207e+06
-5.808947261271746321e+00,2.000604102420519670e+00,1.247139549013244419e+00,1.337446930241255494e+00,8.500000000000000611e-02,3.000000000000000000e+00,4.502249959989419207e+06
-5.808947261271746321e+00,2.000604102420519670e+00,1.247139549013244419e+00,1.337446930241255494e+00,8.500000000000000611e-02,3.000000000000000000e+00,4.502249959989419207e+06
-5.808947261271746321e+00,2.000604102420519670e+00,1.247139549013244419e+00,1.337446930241255494e+00,8.500000000000000611e-02,3.000000000000000000e+00,4.502249959989419207e+06
-5.809246649276769148e+00,2.000437300204722213e+00,1.246544290814445066e+00,1.336986169668023194e+00,8.500000000000000611e-02,3.000000000000000000e+00,4.502249959989419207e+06
-5.809246649276769148e+00,2.000437300204722213e+00,1.246544290814445066e+00,1.336986169668023194e+00,8.500000000000000611e-02,3.000000000000000000e+00,4.502249959989419207e+06
-5.809246649276769148e+00,2.000437300204722213e+00,1.246544290814445066e+00,1.336986169668023194e+00,8.500000000000000611e-02,3.000000000000000000e+00,4.502249959989419207e+06
-5.809246649276769148e+00,2.000437300204722213e+00,1.246544290814445066e+00,1.336986169668023194e+00,8.500000000000000611e-02,3.000000000000000000e+00,4.502249959989419207e+06
-5.809246649276769148e+00,2.000437300204722213e+00,1.246544290814445066e+00,1.336986169668023194e+00,8.500000000000000611e-02,3.000000000000000000e+00,4.502249959989419207e+06
-5.813523150022303909e+00,1.999310867660283542e+00,1.240845512799128025e+00,1.334288084957911513e+00,8.500000000000000611e-02,3.000000000000000000e+00,4.502249959989419207e+06
-5.813523150022303909e+00,1.999310867660283542e+00,1.240845512799128025e+00,1.334288084957911513e+00,8.500000000000000611e-02,3.000000000000000000e+00,4.502249959989419207e+06
-5.813523150022303909e+00,1.999310867660283542e+00,1.240845512799128025e+00,1.334288084957911513e+00,8.500000000000000611e-02,3.000000000000000000e+00,4.502249959989419207e+06
-5.813523150022303909e+00,1.999310867660283542e+00,1.240845512799128025e+00,1.334288084957911513e+00,8.500000000000000611e-02,3.000000000000000000e+00,4.502249959989419207e+06
-5.813523150022303909e+00,1.999310867660283542e+00,1.240845512799128025e+00,1.334288084957911513e+00,8.500000000000000611e-02,3.000000000000000000e+00,4.502249959989419207e+06
-5.813523150022303909e+00,1.999310867660283542e+00,1.240845512799128025e+00,1.334288084957911513e+00,8.500000000000000611e-02,3.000000000000000000e+00,4.502249959989419207e+06
-5.813523150022303909e+00,1.999310867660283542e+00,1.240845512799128025e+00,1.334288084957911513e+00,8.500000000000000611e-02,3.000000000000000000e+00,4.502249959989419207e+06
-5.813523150022303909e+00,1.999310867660283542e+00,1.240845512799128025e+00,1.334288084957911513e+00,8.500000000000000611e-02,3.000000000000000000e+00,4.502249959989419207e+06
-5.813523150022303909e+00,1.999310867660283542e+00,1.240845512799128025e+00,1.334288084957911513e+00,8.500000000000000611e-02,3.000000000000000000e+00,4.502249959989419207e+06
-5.813523150022303909e+00,1.999310867660283542e+00,1.240845512799128025e+00,1.334288084957911513e+00,8.500000000000000611e-02,3.000000000000000000e+00,4.502249959989419207e+06
-5.813523150022303909e+00,1.999310867660283542e+00,1.240845512799128025e+00,1.334288084957911513e+00,8.500000000000000611e-02,3.000000000000000000e+00,4.502249959989419207e+06
-5.813523150022303909e+00,1.999310867660283542e+00,1.240845512799128025e+00,1.334288084957911513e+00,8.500000000000000611e-02,3.000000000000000000e+00,4.502249959989419207e+06
-5.813523150022303909e+00,1.999310867660283542e+00,1.240845512799128025e+00,1.334288084957911513e+00,8.500000000000000611e-02,3.000000000000000000e+00,4.502249959989419207e+06
-5.813523150022303909e+00,1.999310867660283542e+00,1.240845512799128025e+00,1.334288084957911513e+00,8.500000000000000611e-02,3.000000000000000000e+00,4.502249959989419207e+06
-5.813523150022303909e+00,1.999310867660283542e+00,1.240845512799128025e+00,1.334288084957911513e+00,8.500000000000000611e-02,3.000000000000000000e+00,4.502249959989419207e+06
-5.813523150022303909e+00,1.999310867660283542e+00,1.240845512799128025e+00,1.334288084957911513e+00,8.500000000000000611e-02,3.000000000000000000e+00,4.502249959989419207e+06
-5.813523150022303909e+00,1.999310867660283542e+00,1.240845512799128025e+00,1.334288084957911513e+00,8.500000000000000611e-02,3.000000000000000000e+00,4.502249959989419207e+06
-5.770726781372542469e+00,2.042677231098651180e+00,1.308245425972745402e+00,1.385077847210915536e+00,8.500000000000000611e-02,3.000000000000000000e+00,4.502249959989419207e+06
-5.770726781372542469e+00,2.042677231098651180e+00,1.308245425972745402e+00,1.385077847210915536e+00,8.500000000000000611e-02,3.000000000000000000e+00,4.502249959989419207e+06
-5.770726781372542469e+00,2.042677231098651180e+00,1.308245425972745402e+00,1.385077847210915536e+00,8.500000000000000611e-02,3.000000000000000000e+00,4.502249959989419207e+06
-5.770726781372542469e+00,2.042677231098651180e+00,1.308245425972745402e+00,1.385077847210915536e+00,8.500000000000000611e-02,3.000000000000000000e+00,4.502249959989419207e+06
-4.248635076355072648e+00,3.289201468733133460e+00,3.293164011659211354e+00,2.358426619469947472e+00,8.500000000000000611e-02,3.000000000000000000e+00,4.502249959989419207e+06
-4.245956195047750015e+00,3.291182334210020599e+00,3.301844339850163568e+00,2.360414822896076625e+00,8.500000000000000611e-02,3.000000000000000000e+00,4.502249959989419207e+06
-4.342508625456048321e+00,3.174372356138666529e+00,3.135178701298206416e+00,2.123374323089495697e+00,8.500000000000000611e-02,3.000000000000000000e+00,4.502249959989419207e+06
-4.342508625456048321e+00,3.174372356138666529e+00,3.135178701298206416e+00,2.123374323089495697e+00,8.500000000000000611e-02,3.000000000000000000e+00,4.502249959989419207e+06
-4.342508625456048321e+00,3.174372356138666529e+00,3.135178701298206416e+00,2.123374323089495697e+00,8.500000000000000611e-02,3.000000000000000000e+00,4.502249959989419207e+06
-4.431319232944001207e+00,3.119839761990027327e+00,2.977508566406243062e+00,1.889132808473089398e+00,8.500000000000000611e-02,3.000000000000000000e+00,4.502249959989419207e+06
-4.519347827170877352e+00,3.997728921769021060e+00,3.470029611846086048e+00,1.323285278498526285e+00,8.500000000000000611e-02,3.000000000000000000e+00,4.502249959989419207e+06
-4.258416553135444538e+00,5.113567859434413165e+00,4.135788311212962753e+00,1.133966137133736840e+00,8.500000000000000611e-02,3.000000000000000000e+00,4.502249959989419207e+06
-3.411346389927042644e+00,7.502094726189781682e+00,5.548741884754885945e+00,1.054895222146675859e+00,8.500000000000000611e-02,3.000000000000000000e+00,4.502249959989419207e+06
-3.963690392875371948e+00,5.750827997139971615e+00,4.388692407880749435e+00,1.112822948436384962e+00,8.500000000000000611e-02,3.000000000000000000e+00,4.502249959989419207e+06
-4.233802921197627356e+00,4.445874006712217330e+00,4.023308745452164104e+00,1.761987832475670590e+00,8.500000000000000611e-02,3.000000000000000000e+00,4.502249959989419207e+06
-5.809437106867187950e+00,1.999959544290949909e+00,1.246139486672321661e+00,1.336299015763039222e+00,8.500000000000000611e-02,3.000000000000000000e+00,4.502249959989419207e+06
-5.809437106867187950e+00,1.999959544290949909e+00,1.246139486672321661e+00,1.336299015763039222e+00,8.500000000000000611e-02,3.000000000000000000e+00,4.502249959989419207e+06
-5.809435631870986327e+00,1.999941948949952586e+00,1.246152188726926902e+00,1.336291141642234725e+00,8.500000000000000611e-02,3.000000000000000000e+00,4.502249959989419207e+06
-5.809435631870986327e+00,1.999941948949952586e+00,1.246152188726926902e+00,1.336291141642234725e+00,8.500000000000000611e-02,3.000000000000000000e+00,4.502249959989419207e+06
-5.809435631870986327e+00,1.999941948949952586e+00,1.246152188726926902e+00,1.336291141642234725e+00,8.500000000000000611e-02,3.000000000000000000e+00,4.502249959989419207e+06
-5.809435631870986327e+00,1.999941948949952586e+00,1.246152188726926902e+00,1.336291141642234725e+00,8.500000000000000611e-02,3.000000000000000000e+00,4.502249959989419207e+06
-5.809435631870986327e+00,1.999941948949952586e+00,1.246152188726926902e+00,1.336291141642234725e+00,8.500000000000000611e-02,3.000000000000000000e+00,4.502249959989419207e+06
-5.809435631870986327e+00,1.999941948949952586e+00,1.246152188726926902e+00,1.336291141642234725e+00,8.500000000000000611e-02,3.000000000000000000e+00,4.502249959989419207e+06
-5.809435631870986327e+00,1.999941948949952586e+00,1.246152188726926902e+00,1.336291141642234725e+00,8.500000000000000611e-02,3.000000000000000000e+00,4.502249959989419207e+06
-5.809435631870986327e+00,1.999941948949952586e+00,1.246152188726926902e+00,1.336291141642234725e+00,8.500000000000000611e-02,3.000000000000000000e+00,4.502249959989419207e+06
-5.809435631870986327e+00,1.999941948949952586e+00,1.246152188726926902e+00,1.336291141642234725e+00,8.500000000000000611e-02,3.000000000000000000e+00,4.502249959989419207e+06
-5.809435631870986327e+00,1.999941948949952586e+00,1.246152188726926902e+00,1.336291141642234725e+00,8.500000000000000611e-02,3.000000000000000000e+00,4.502249959989419207e+06
-5.809435631870986327e+00,1.999941948949952586e+00,1.246152188726926902e+00,1.336291141642234725e+00,8.500000000000000611e-02,3.000000000000000000e+00,4.502249959989419207e+06
-5.809435631870986327e+00,1.999941948949952586e+00,1.246152188726926902e+00,1.336291141642234725e+00,8.500000000000000611e-02,3.000000000000000000e+00,4.502249959989419207e+06
-5.809435631870986327e+00,1.999941948949952586e+00,1.246152188726926902e+00,1.336291141642234725e+00,8.500000000000000611e-02,3.000000000000000000e+00,4.502249959989419207e+06
-5.809435631870986327e+00,1.999941948949952586e+00,1.246152188726926902e+00,1.336291141642234725e+00,8.500000000000000611e-02,3.000000000000000000e+00,4.502249959989419207e+06
-5.809435631870986327e+00,1.999941948949952586e+00,1.246152188726926902e+00,1.336291141642234725e+00,8.500000000000000611e-02,3.000000000000000000e+00,4.502249959989419207e+06
-5.809435631870986327e+00,1.999941948949952586e+00,1.246152188726926902e+00,1.336291141642234725e+00,8.500000000000000611e-02,3.000000000000000000e+00,4.502249959989419207e+06
-5.809435631870986327e+00,1.999941948949952586e+00,1.246152188726926902e+00,1.336291141642234725e+00,8.500000000000000611e-02,3.000000000000000000e+00,4.502249959989419207e+06
-5.809435631870986327e+00,1.999941948949952586e+00,1.246152188726926902e+00,1.336291141642234725e+00,8.500000000000000611e-02,3.000000000000000000e+00,4.502249959989419207e+06
-5.809435631870986327e+00,1.999941948949952586e+00,1.246152188726926902e+00,1.336291141642234725e+00,8.500000000000000611e-02,3.000000000000000000e+00,4.502249959989419207e+06
-5.809435631870986327e+00,1.999941948949952586e+00,1.246152188726926902e+00,1.336291141642234725e+00,8.500000000000000611e-02,3.000000000000000000e+00,4.502249959989419207e+06
-5.809435631870986327e+00,1.999941948949952586e+00,1.246152188726926902e+00,1.336291141642234725e+00,8.500000000000000611e-02,3.000000000000000000e+00,4.502249959989419207e+06
-5.809435631870986327e+00,1.999941948949952586e+00,1.246152188726926902e+00,1.336291141642234725e+00,8.500000000000000611e-02,3.000000000000000000e+00,4.502249959989419207e+06
-5.809435631870986327e+00,1.999941948949952586e+00,1.246152188726926902e+00,1.336291141642234725e+00,8.500000000000000611e-02,3.000000000000000000e+00,4.502249959989419207e+06
-5.809435631870986327e+00,1.999941948949952586e+00,1.246152188726926902e+00,1.336291141642234725e+00,8.500000000000000611e-02,3.000000000000000000e+00,4.502249959989419207e+06
-5.809459418076725612e+00,1.999908918503561228e+00,1.246105980823717818e+00,1.336220685922754114e+00,8.500000000000000611e-02,3.000000000000000000e+00,4.502249959989419207e+06
-5.809459418076725612e+00,1.999908918503561228e+00,1.246105980823717818e+00,1.336220685922754114e+00,8.500000000000000611e-02,3.000000000000000000e+00,4.502249959989419207e+06
-5.809459418076725612e+00,1.999908918503561228e+00,1.246105980823717818e+00,1.336220685922754114e+00,8.500000000000000611e-02,3.000000000000000000e+00,4.502249959989419207e+06
-5.809459418076725612e+00,1.999908918503561228e+00,1.246105980823717818e+00,1.336220685922754114e+00,8.500000000000000611e-02,3.000000000000000000e+00,4.502249959989419207e+06
-5.809459418076725612e+00,1.999908918503561228e+00,1.246105980823717818e+00,1.336220685922754114e+00,8.500000000000000611e-02,3.000000000000000000e+00,4.502249959989419207e+06
-5.809450676831375837e+00,1.999854078780062272e+00,1.246110197112346496e+00,1.336176316120004648e+00,8.500000000000000611e-02,3.000000000000000000e+00,4.502249959989419207e+06
-5.809450676831375837e+00,1.999854078780062272e+00,1.246110197112346496e+00,1.336176316120004648e+00,8.500000000000000611e-02,3.000000000000000000e+00,4.502249959989419207e+06
-5.809450676831375837e+00,1.999854078780062272e+00,1.246110197112346496e+00,1.336176316120004648e+00,8.500000000000000611e-02,3.000000000000000000e+00,4.502249959989419207e+06
-5.814970736835324949e+00,1.994796561150946612e+00,1.238744192560164548e+00,1.331472879577254576e+00,8.500000000000000611e-02,3.000000000000000000e+00,4.502249959989419207e+06
-5.814970736835324949e+00,1.994796561150946612e+00,1.238744192560164548e+00,1.331472879577254576e+00,8.500000000000000611e-02,3.000000000000000000e+00,4.502249959989419207e+06
-5.814970736835324949e+00,1.994796561150946612e+00,1.238744192560164548e+00,1.331472879577254576e+00,8.500000000000000611e-02,3.000000000000000000e+00,4.502249959989419207e+06
-5.814970736835324949e+00,1.994796561150946612e+00,1.238744192560164548e+00,1.331472879577254576e+00,8.500000000000000611e-02,3.000000000000000000e+00,4.502249959989419207e+06
-5.814970736835324949e+00,1.994796561150946612e+00,1.238744192560164548e+00,1.331472879577254576e+00,8.500000000000000611e-02,3.000000000000000000e+00,4.502249959989419207e+06
-5.814970736835324949e+00,1.994796561150946612e+00,1.238744192560164548e+00,1.331472879577254576e+00,8.500000000000000611e-02,3.000000000000000000e+00,4.502249959989419207e+06
-5.816389831995785187e+00,1.993520528808647052e+00,1.236899899856091833e+00,1.330388460449671628e+00,8.500000000000000611e-02,3.000000000000000000e+00,4.502249959989419207e+06
-5.816389831995785187e+00,1.993520528808647052e+00,1.236899899856091833e+00,1.330388460449671628e+00,8.500000000000000611e-02,3.000000000000000000e+00,4.502249959989419207e+06
-5.816389831995785187e+00,1.993520528808647052e+00,1.236899899856091833e+00,1.330388460449671628e+00,8.500000000000000611e-02,3.000000000000000000e+00,4.502249959989419207e+06
-5.816389831995785187e+00,1.993520528808647052e+00,1.236899899856091833e+00,1.330388460449671628e+00,8.500000000000000611e-02,3.000000000000000000e+00,4.502249959989419207e+06
-5.816389831995785187e+00,1.993520528808647052e+00,1.236899899856091833e+00,1.330388460449671628e+00,8.500000000000000611e-02,3.000000000000000000e+00,4.502249959989419207e+06
-5.816389831995785187e+00,1.993520528808647052e+00,1.236899899856091833e+00,1.330388460449671628e+00,8.500000000000000611e-02,3.000000000000000000e+00,4.502249959989419207e+06
-5.815990292323904853e+00,1.993532376568326825e+00,1.237076021971505346e+00,1.330183204066347491e+00,8.500000000000000611e-02,3.000000000000000000e+00,4.502249959989419207e+06
-5.815990292323904853e+00,1.993532376568326825e+00,1.237076021971505346e+00,1.330183204066347491e+00,8.500000000000000611e-02,3.000000000000000000e+00,4.502249959989419207e+06
-5.815990292323904853e+00,1.993532376568326825e+00,1.237076021971505346e+00,1.330183204066347491e+00,8.500000000000000611e-02,3.000000000000000000e+00,4.502249959989419207e+06
-5.815990292323904853e+00,1.993532376568326825e+00,1.237076021971505346e+00,1.330183204066347491e+00,8.500000000000000611e-02,3.000000000000000000e+00,4.502249959989419207e+06
-5.815990292323904853e+00,1.993532376568326825e+00,1.237076021971505346e+00,1.330183204066347491e+00,8.500000000000000611e-02,3.000000000000000000e+00,4.502249959989419207e+06
-5.815990292323904853e+00,1.993532376568326825e+00,1.237076021971505346e+00,1.330183204066347491e+00,8.500000000000000611e-02,3.000000000000000000e+00,4.502249959989419207e+06
-5.815990292323904853e+00,1.993532376568326825e+00,1.237076021971505346e+00,1.330183204066347491e+00,8.500000000000000611e-02,3.000000000000000000e+00,4.502249959989419207e+06
-5.815990292323904853e+00,1.993532376568326825e+00,1.237076021971505346e+00,1.330183204066347491e+00,8.500000000000000611e-02,3.000000000000000000e+00,4.502249959989419207e+06
-5.815990292323904853e+00,1.993532376568326825e+00,1.237076021971505346e+00,1.330183204066347491e+00,8.500000000000000611e-02,3.000000000000000000e+00,4.502249959989419207e+06
-5.815990292323904853e+00,1.993532376568326825e+00,1.237076021971505346e+00,1.330183204066347491e+00,8.500000000000000611e-02,3.000000000000000000e+00,4.502249959989419207e+06
-5.815990292323904853e+00,1.993532376568326825e+00,1.237076021971505346e+00,1.330183204066347491e+00,8.500000000000000611e-02,3.000000000000000000e+00,4.502249959989419207e+06
-5.815990292323904853e+00,1.993532376568326825e+00,1.237076021971505346e+00,1.330183204066347491e+00,8.500000000000000611e-02,3.000000000000000000e+00,4.502249959989419207e+06
-5.815990292323904853e+00,1.993532376568326825e+00,1.237076021971505346e+00,1.330183204066347491e+00,8.500000000000000611e-02,3.000000000000000000e+00,4.502249959989419207e+06
-5.815990292323904853e+00,1.993532376568326825e+00,1.237076021971505346e+00,1.330183204066347491e+00,8.500000000000000611e-02,3.000000000000000000e+00,4.502249959989419207e+06
-5.815990292323904853e+00,1.993532376568326825e+00,1.237076021971505346e+00,1.330183204066347491e+00,8.500000000000000611e-02,3.000000000000000000e+00,4.502249959989419207e+06
-5.815990292323904853e+00,1.993532376568326825e+00,1.237076021971505346e+00,1.330183204066347491e+00,8.500000000000000611e-02,3.000000000000000000e+00,4.502249959989419207e+06
-5.815990292323904853e+00,1.993532376568326825e+00,1.237076021971505346e+00,1.330183204066347491e+00,8.500000000000000611e-02,3.000000000000000000e+00,4.502249959989419207e+06
-5.815990292323904853e+00,1.993532376568326825e+00,1.237076021971505346e+00,1.330183204066347491e+00,8.500000000000000611e-02,3.000000000000000000e+00,4.502249959989419207e+06
-5.815990292323904853e+00,1.993532376568326825e+00,1.237076021971505346e+00,1.330183204066347491e+00,8.500000000000000611e-02,3.000000000000000000e+00,4.502249959989419207e+06
-5.815990292323904853e+00,1.993532376568326825e+00,1.237076021971505346e+00,1.330183204066347491e+00,8.500000000000000611e-02,3.000000000000000000e+00,4.502249959989419207e+06
-5.815990292323904853e+00,1.993532376568326825e+00,1.237076021971505346e+00,1.330183204066347491e+00,8.500000000000000611e-02,3.000000000000000000e+00,4.502249959989419207e+06
-5.815990292323904853e+00,1.993532376568326825e+00,1.237076021971505346e+00,1.330183204066347491e+00,8.500000000000000611e-02,3.000000000000000000e+00,4.502249959989419207e+06
-5.821908457563584882e+00,1.989377006723505481e+00,1.226152953985385263e+00,1.320337704010686952e+00,8.500000000000000611e-02,3.000000000000000000e+00,4.502249959989419207e+06
-5.821908457563584882e+00,1.989377006723505481e+00,1.226152953985385263e+00,1.320337704010686952e+00,8.500000000000000611e-02,3.000000000000000000e+00,4.502249959989419207e+06
-5.821908457563584882e+00,1.989377006723505481e+00,1.226152953985385263e+00,1.320337704010686952e+00,8.500000000000000611e-02,3.000000000000000000e+00,4.502249959989419207e+06
-5.821908457563584882e+00,1.989377006723505481e+00,1.226152953985385263e+00,1.320337704010686952e+00,8.500000000000000611e-02,3.000000000000000000e+00,4.502249959989419207e+06
-5.821908457563584882e+00,1.989377006723505481e+00,1.226152953985385263e+00,1.320337704010686952e+00,8.500000000000000611e-02,3.000000000000000000e+00,4.502249959989419207e+06
-5.964351588154730877e+00,1.863121505929019817e+00,1.044881481198830508e+00,1.223569339634412279e+00,8.500000000000000611e-02,3.000000000000000000e+00,4.502249959989419207e+06
-5.964351588154730877e+00,1.863121505929019817e+00,1.044881481198830508e+00,1.223569339634412279e+00,8.500000000000000611e-02,3.000000000000000000e+00,4.502249959989419207e+06
-5.966426470618889866e+00,1.861245234013737759e+00,1.042176153501666480e+00,1.222035246551293142e+00,8.500000000000000611e-02,3.000000000000000000e+00,4.502249959989419207e+06
-5.966426470618889866e+00,1.861245234013737759e+00,1.042176153501666480e+00,1.222035246551293142e+00,8.500000000000000611e-02,3.000000000000000000e+00,4.502249959989419207e+06
-5.966426470618889866e+00,1.861245234013737759e+00,1.042176153501666480e+00,1.222035246551293142e+00,8.500000000000000611e-02,3.000000000000000000e+00,4.502249959989419207e+06
-5.966426470618889866e+00,1.861245234013737759e+00,1.042176153501666480e+00,1.222035246551293142e+00,8.500000000000000611e-02,3.000000000000000000e+00,4.502249959989419207e+06
-5.966426470618889866e+00,1.861245234013737759e+00,1.042176153501666480e+00,1.222035246551293142e+00,8.500000000000000611e-02,3.000000000000000000e+00,4.502249959989419207e+06
-5.966426470618889866e+00,1.861245234013737759e+00,1.042176153501666480e+00,1.222035246551293142e+00,8.500000000000000611e-02,3.000000000000000000e+00,4.502249959989419207e+06
-7.171350199483310206e+00,8.033410381383943033e-01,-5.648539457573615863e-01,6.376474397461315835e-01,8.500000000000000611e-02,3.000000000000000000e+00,4.502249959989419207e+06
-7.049168828716633861e+00,9.335872229434813985e-01,-4.078327528348613118e-01,6.261957703481542126e-01,8.500000000000000611e-02,3.000000000000000000e+00,4.502249959989419207e+06
-7.074961531375013379e+00,9.087732118012429305e-01,-4.373651223901086071e-01,5.755155278441625999e-01,8.500000000000000611e-02,3.000000000000000000e+00,4.502249959989419207e+06
-6.762574853148088927e+00,1.033687596226480210e+00,-4.813346863852796531e-02,5.489221731703929352e-01,8.500000000000000611e-02,3.000000000000000000e+00,4.502249959989419207e+06
-6.914090730101003501e+00,9.811864076627579978e-01,-2.695461714132468267e-01,5.072009531832368801e-01,8.500000000000000611e-02,3.000000000000000000e+00,4.502249959989419207e+06
-6.914090730101003501e+00,9.811864076627579978e-01,-2.695461714132468267e-01,5.072009531832368801e-01,8.500000000000000611e-02,3.000000000000000000e+00,4.502249959989419207e+06
-6.914090730101003501e+00,9.811864076627579978e-01,-2.695461714132468267e-01,5.072009531832368801e-01,8.500000000000000611e-02,3.000000000000000000e+00,4.502249959989419207e+06
-6.837726905097256669e+00,9.824034753858471580e-01,-1.782506852977601142e-01,4.893986847444469213e-01,8.500000000000000611e-02,3.000000000000000000e+00,4.502249959989419207e+06
-6.837726905097256669e+00,9.824034753858471580e-01,-1.782506852977601142e-01,4.893986847444469213e-01,8.500000000000000611e-02,3.000000000000000000e+00,4.502249959989419207e+06
-5.809437011980024934e+00,1.999960663658084670e+00,1.246130309385890644e+00,1.336295684831255270e+00,8.500000000000000611e-02,3.000000000000000000e+00,4.502249959989419207e+06
-5.809436899582993696e+00,1.999961989586050759e+00,1.246119438581885674e+00,1.336291739230684783e+00,8.500000000000000611e-02,3.000000000000000000e+00,4.502249959989419207e+06
-5.809436899582993696e+00,1.999961989586050759e+00,1.246119438581885674e+00,1.336291739230684783e+00,8.500000000000000611e-02,3.000000000000000000e+00,4.502249959989419207e+06
-5.809436899582993696e+00,1.999961989586050759e+00,1.246119438581885674e+00,1.336291739230684783e+00,8.500000000000000611e-02,3.000000000000000000e+00,4.502249959989419207e+06
-5.809436899582993696e+00,1.999961989586050759e+00,1.246119438581885674e+00,1.336291739230684783e+00,8.500000000000000611e-02,3.000000000000000000e+00,4.502249959989419207e+06
-5.809436899582993696e+00,1.999961989586050759e+00,1.246119438581885674e+00,1.336291739230684783e+00,8.500000000000000611e-02,3.000000000000000000e+00,4.502249959989419207e+06
-5.809436899582993696e+00,1.999961989586050759e+00,1.246119438581885674e+00,1.336291739230684783e+00,8.500000000000000611e-02,3.000000000000000000e+00,4.502249959989419207e+06
-5.809436899582993696e+00,1.999961989586050759e+00,1.246119438581885674e+00,1.336291739230684783e+00,8.500000000000000611e-02,3.000000000000000000e+00,4.502249959989419207e+06
-5.809436899582993696e+00,1.999961989586050759e+00,1.246119438581885674e+00,1.336291739230684783e+00,8.500000000000000611e-02,3.000000000000000000e+00,4.502249959989419207e+06
-5.809436899582993696e+00,1.999961989586050759e+00,1.246119438581885674e+00,1.336291739230684783e+00,8.500000000000000611e-02,3.000000000000000000e+00,4.502249959989419207e+06
-5.809436899582993696e+00,1.999961989586050759e+00,1.246119438581885674e+00,1.336291739230684783e+00,8.500000000000000611e-02,3.000000000000000000e+00,4.502249959989419207e+06
-5.809380281500848398e+00,2.000114526655580871e+00,1.246336998986352640e+00,1.336541679589388742e+00,8.500000000000000611e-02,3.000000000000000000e+00,4.502249959989419207e+06
-5.809384919039653816e+00,2.000097961492186105e+00,1.246316676052396266e+00,1.336516939331983345e+00,8.500000000000000611e-02,3.000000000000000000e+00,4.502249959989419207e+06
-5.809384919039653816e+00,2.000097961492186105e+00,1.246316676052396266e+00,1.336516939331983345e+00,8.500000000000000611e-02,3.000000000000000000e+00,4.502249959989419207e+06
-5.809384919039653816e+00,2.000097961492186105e+00,1.246316676052396266e+00,1.336516939331983345e+00,8.500000000000000611e-02,3.000000000000000000e+00,4.502249959989419207e+06
-5.809355324312889479e+00,2.000139028717243583e+00,1.246375062449606830e+00,1.336578846947547694e+00,8.500000000000000611e-02,3.000000000000000000e+00,4.502249959989419207e+06
-5.809355324312889479e+00,2.000139028717243583e+00,1.246375062449606830e+00,1.336578846947547694e+00,8.500000000000000611e-02,3.000000000000000000e+00,4.502249959989419207e+06
-5.809355324312889479e+00,2.000139028717243583e+00,1.246375062449606830e+00,1.336578846947547694e+00,8.500000000000000611e-02,3.000000000000000000e+00,4.502249959989419207e+06
-5.809355993216995806e+00,2.000143206746306301e+00,1.246376181262995875e+00,1.336581655304850624e+00,8.500000000000000611e-02,3.000000000000000000e+00,4.502249959989419207e+06
-5.809355993216995806e+00,2.000143206746306301e+00,1.246376181262995875e+00,1.336581655304850624e+00,8.500000000000000611e-02,3.000000000000000000e+00,4.502249959989419207e+06
-5.809340766377252940e+00,2.000197501266708144e+00,1.246448594054927916e+00,1.336655769742341127e+00,8.500000000000000611e-02,3.000000000000000000e+00,4.502249959989419207e+06
-5.809340766377252940e+00,2.000197501266708144e+00,1.246448594054927916e+00,1.336655769742341127e+00,8.500000000000000611e-02,3.000000000000000000e+00,4.502249959989419207e+06
-5.809340766377252940e+00,2.000197501266708144e+00,1.246448594054927916e+00,1.336655769742341127e+00,8.500000000000000611e-02,3.000000000000000000e+00,4.502249959989419207e+06
-5.809340766377252940e+00,2.000197501266708144e+00,1.246448594054927916e+00,1.336655769742341127e+00,8.500000000000000611e-02,3.000000000000000000e+00,4.502249959989419207e+06
-5.809367513023081742e+00,2.000120198512826075e+00,1.246362000720312446e+00,1.336546288422595818e+00,8.500000000000000611e-02,3.000000000000000000e+00,4.502249959989419207e+06
-5.809367513023081742e+00,2.000120198512826075e+00,1.246362000720312446e+00,1.336546288422595818e+00,8.500000000000000611e-02,3.000000000000000000e+00,4.502249959989419207e+06
-5.809212370563157535e+00,2.000401699620401708e+00,1.246789846015854186e+00,1.337054825125617130e+00,8.500000000000000611e-02,3.000000000000000000e+00,4.502249959989419207e+06
-5.809212370563157535e+00,2.000401699620401708e+00,1.246789846015854186e+00,1.337054825125617130e+00,8.500000000000000611e-02,3.000000000000000000e+00,4.502249959989419207e+06
-5.809212370563157535e+00,2.000401699620401708e+00,1.246789846015854186e+00,1.337054825125617130e+00,8.500000000000000611e-02,3.000000000000000000e+00,4.502249959989419207e+06
-5.809212370563157535e+00,2.000401699620401708e+00,1.246789846015854186e+00,1.337054825125617130e+00,8.500000000000000611e-02,3.000000000000000000e+00,4.502249959989419207e+06
-5.809212370563157535e+00,2.000401699620401708e+00,1.246789846015854186e+00,1.337054825125617130e+00,8.500000000000000611e-02,3.000000000000000000e+00,4.502249959989419207e+06
-5.809212370563157535e+00,2.000401699620401708e+00,1.246789846015854186e+00,1.337054825125617130e+00,8.500000000000000611e-02,3.000000000000000000e+00,4.502249959989419207e+06
-5.809212370563157535e+00,2.000401699620401708e+00,1.246789846015854186e+00,1.337054825125617130e+00,8.500000000000000611e-02,3.000000000000000000e+00,4.502249959989419207e+06
-5.809301705263166582e+00,2.000317684109920169e+00,1.246710412938841772e+00,1.336983728161251994e+00,8.500000000000000611e-02,3.000000000000000000e+00,4.502249959989419207e+06
-5.809301705263166582e+00,2.000317684109920169e+00,1.246710412938841772e+00,1.336983728161251994e+00,8.500000000000000611e-02,3.000000000000000000e+00,4.502249959989419207e+06
-5.809301705263166582e+00,2.000317684109920169e+00,1.246710412938841772e+00,1.336983728161251994e+00,8.500000000000000611e-02,3.000000000000000000e+00,4.502249959989419207e+06
-5.808278533223903750e+00,2.001314160944640541e+00,1.248148191833935439e+00,1.337978350631066737e+00,8.500000000000000611e-02,3.000000000000000000e+00,4.502249959989419207e+06
-5.808278533223903750e+00,2.001314160944640541e+00,1.248148191833935439e+00,1.337978350631066737e+00,8.500000000000000611e-02,3.000000000000000000e+00,4.502249959989419207e+06
-5.808278533223903750e+00,2.001314160944640541e+00,1.248148191833935439e+00,1.337978350631066737e+00,8.500000000000000611e-02,3.000000000000000000e+00,4.502249959989419207e+06
-5.808278533223903750e+00,2.001314160944640541e+00,1.248148191833935439e+00,1.337978350631066737e+00,8.500000000000000611e-02,3.000000000000000000e+00,4.502249959989419207e+06
-5.808278533223903750e+00,2.001314160944640541e+00,1.248148191833935439e+00,1.337978350631066737e+00,8.500000000000000611e-02,3.000000000000000000e+00,4.502249959989419207e+06
-5.808278533223903750e+00,2.001314160944640541e+00,1.248148191833935439e+00,1.337978350631066737e+00,8.500000000000000611e-02,3.000000000000000000e+00,4.502249959989419207e+06
-5.808278533223903750e+00,2.001314160944640541e+00,1.248148191833935439e+00,1.337978350631066737e+00,8.500000000000000611e-02,3.000000000000000000e+00,4.502249959989419207e+06
-5.807756424077760826e+00,2.002472174227456492e+00,1.249903402603813385e+00,1.340239237712541831e+00,8.500000000000000611e-02,3.000000000000000000e+00,4.502249959989419207e+06
-5.807756424077760826e+00,2.002472174227456492e+00,1.249903402603813385e+00,1.340239237712541831e+00,8.500000000000000611e-02,3.000000000000000000e+00,4.502249959989419207e+06
-5.807756424077760826e+00,2.002472174227456492e+00,1.249903402603813385e+00,1.340239237712541831e+00,8.500000000000000611e-02,3.000000000000000000e+00,4.502249959989419207e+06
-5.807756424077760826e+00,2.002472174227456492e+00,1.249903402603813385e+00,1.340239237712541831e+00,8.500000000000000611e-02,3.000000000000000000e+00,4.502249959989419207e+06
-5.807756424077760826e+00,2.002472174227456492e+00,1.249903402603813385e+00,1.340239237712541831e+00,8.500000000000000611e-02,3.000000000000000000e+00,4.502249959989419207e+06
-5.807756424077760826e+00,2.002472174227456492e+00,1.249903402603813385e+00,1.340239237712541831e+00,8.500000000000000611e-02,3.000000000000000000e+00,4.502249959989419207e+06
-5.807756424077760826e+00,2.002472174227456492e+00,1.249903402603813385e+00,1.340239237712541831e+00,8.500000000000000611e-02,3.000000000000000000e+00,4.502249959989419207e+06
-5.807756424077760826e+00,2.002472174227456492e+00,1.249903402603813385e+00,1.340239237712541831e+00,8.500000000000000611e-02,3.000000000000000000e+00,4.502249959989419207e+06
-5.807756424077760826e+00,2.002472174227456492e+00,1.249903402603813385e+00,1.340239237712541831e+00,8.500000000000000611e-02,3.000000000000000000e+00,4.502249959989419207e+06
-5.807756424077760826e+00,2.002472174227456492e+00,1.249903402603813385e+00,1.340239237712541831e+00,8.500000000000000611e-02,3.000000000000000000e+00,4.502249959989419207e+06
-5.807756424077760826e+00,2.002472174227456492e+00,1.249903402603813385e+00,1.340239237712541831e+00,8.500000000000000611e-02,3.000000000000000000e+00,4.502249959989419207e+06
-5.807756424077760826e+00,2.002472174227456492e+00,1.249903402603813385e+00,1.340239237712541831e+00,8.500000000000000611e-02,3.000000000000000000e+00,4.502249959989419207e+06
-5.807756424077760826e+00,2.002472174227456492e+00,1.249903402603813385e+00,1.340239237712541831e+00,8.500000000000000611e-02,3.000000000000000000e+00,4.502249959989419207e+06
-5.807756424077760826e+00,2.002472174227456492e+00,1.249903402603813385e+00,1.340239237712541831e+00,8.500000000000000611e-02,3.000000000000000000e+00,4.502249959989419207e+06
-5.807756424077760826e+00,2.002472174227456492e+00,1.249903402603813385e+00,1.340239237712541831e+00,8.500000000000000611e-02,3.000000000000000000e+00,4.502249959989419207e+06
-5.807756424077760826e+00,2.002472174227456492e+00,1.249903402603813385e+00,1.340239237712541831e+00,8.500000000000000611e-02,3.000000000000000000e+00,4.502249959989419207e+06
-5.807756424077760826e+00,2.002472174227456492e+00,1.249903402603813385e+00,1.340239237712541831e+00,8.500000000000000611e-02,3.000000000000000000e+00,4.502249959989419207e+06
-5.807756424077760826e+00,2.002472174227456492e+00,1.249903402603813385e+00,1.340239237712541831e+00,8.500000000000000611e-02,3.000000000000000000e+00,4.502249959989419207e+06
-5.807756424077760826e+00,2.002472174227456492e+00,1.249903402603813385e+00,1.340239237712541831e+00,8.500000000000000611e-02,3.000000000000000000e+00,4.502249959989419207e+06
-5.807756424077760826e+00,2.002472174227456492e+00,1.249903402603813385e+00,1.340239237712541831e+00,8.500000000000000611e-02,3.000000000000000000e+00,4.502249959989419207e+06
-5.807756424077760826e+00,2.002472174227456492e+00,1.249903402603813385e+00,1.340239237712541831e+00,8.500000000000000611e-02,3.000000000000000000e+00,4.502249959989419207e+06
-5.818512930467171884e+00,1.996628614226575005e+00,1.232349635201430260e+00,1.328366182877502633e+00,8.500000000000000611e-02,3.000000000000000000e+00,4.502249959989419207e+06
-5.818512930467171884e+00,1.996628614226575005e+00,1.232349635201430260e+00,1.328366182877502633e+00,8.500000000000000611e-02,3.000000000000000000e+00,4.502249959989419207e+06
-5.868753794386553757e+00,1.959231233125287686e+00,1.159160483537100994e+00,1.288329682863458059e+00,8.500000000000000611e-02,3.000000000000000000e+00,4.502249959989419207e+06
-5.868753794386553757e+00,1.959231233125287686e+00,1.159160483537100994e+00,1.288329682863458059e+00,8.500000000000000611e-02,3.000000000000000000e+00,4.502249959989419207e+06
-5.868753794386553757e+00,1.959231233125287686e+00,1.159160483537100994e+00,1.288329682863458059e+00,8.500000000000000611e-02,3.000000000000000000e+00,4.502249959989419207e+06
-5.868753794386553757e+00,1.959231233125287686e+00,1.159160483537100994e+00,1.288329682863458059e+00,8.500000000000000611e-02,3.000000000000000000e+00,4.502249959989419207e+06
-5.914975132717905204e+00,1.915796241747262485e+00,1.086874547544891101e+00,1.244315651754513974e+00,8.500000000000000611e-02,3.000000000000000000e+00,4.502249959989419207e+06
-5.936878411509190379e+00,1.897566737491712452e+00,1.053168680561177517e+00,1.224185263205758378e+00,8.500000000000000611e-02,3.000000000000000000e+00,4.502249959989419207e+06
-6.016419199280205632e+00,1.834849736298774792e+00,9.308633306921715311e-01,1.154324525763890552e+00,8.500000000000000611e-02,3.000000000000000000e+00,4.502249959989419207e+06
-6.016419199280205632e+00,1.834849736298774792e+00,9.308633306921715311e-01,1.154324525763890552e+00,8.500000000000000611e-02,3.000000000000000000e+00,4.502249959989419207e+06
-6.016419199280205632e+00,1.834849736298774792e+00,9.308633306921715311e-01,1.154324525763890552e+00,8.500000000000000611e-02,3.000000000000000000e+00,4.502249959989419207e+06
-5.966908296183227378e+00,1.844639373519926240e+00,9.859186766569362215e-01,1.152699174778757829e+00,8.500000000000000611e-02,3.000000000000000000e+00,4.502249959989419207e+06
-5.970338186189131591e+00,1.841250006034082842e+00,9.802684578118284753e-01,1.148707453973381032e+00,8.500000000000000611e-02,3.000000000000000000e+00,4.502249959989419207e+06
-5.970338186189131591e+00,1.841250006034082842e+00,9.802684578118284753e-01,1.148707453973381032e+00,8.500000000000000611e-02,3.000000000000000000e+00,4.502249959989419207e+06
-5.970338186189131591e+00,1.841250006034082842e+00,9.802684578118284753e-01,1.148707453973381032e+00,8.500000000000000611e-02,3.000000000000000000e+00,4.502249959989419207e+06
-5.970338186189131591e+00,1.841250006034082842e+00,9.802684578118284753e-01,1.148707453973381032e+00,8.500000000000000611e-02,3.000000000000000000e+00,4.502249959989419207e+06
-5.970338186189131591e+00,1.841250006034082842e+00,9.802684578118284753e-01,1.148707453973381032e+00,8.500000000000000611e-02,3.000000000000000000e+00,4.502249959989419207e+06
-5.970338186189131591e+00,1.841250006034082842e+00,9.802684578118284753e-01,1.148707453973381032e+00,8.500000000000000611e-02,3.000000000000000000e+00,4.502249959989419207e+06
-5.970338186189131591e+00,1.841250006034082842e+00,9.802684578118284753e-01,1.148707453973381032e+00,8.500000000000000611e-02,3.000000000000000000e+00,4.502249959989419207e+06
-5.970338186189131591e+00,1.841250006034082842e+00,9.802684578118284753e-01,1.148707453973381032e+00,8.500000000000000611e-02,3.000000000000000000e+00,4.502249959989419207e+06
-7.931295039032583816e+00,6.773441934888094762e-01,-1.333004024351333916e+00,5.463085043569474442e-01,8.500000000000000611e-02,3.000000000000000000e+00,4.502249959989419207e+06
-7.931295039032583816e+00,6.773441934888094762e-01,-1.333004024351333916e+00,5.463085043569474442e-01,8.500000000000000611e-02,3.000000000000000000e+00,4.502249959989419207e+06
-7.931295039032583816e+00,6.773441934888094762e-01,-1.333004024351333916e+00,5.463085043569474442e-01,8.500000000000000611e-02,3.000000000000000000e+00,4.502249959989419207e+06
-7.931295039032583816e+00,6.773441934888094762e-01,-1.333004024351333916e+00,5.463085043569474442e-01,8.500000000000000611e-02,3.000000000000000000e+00,4.502249959989419207e+06
-7.702193870139825371e+00,7.453850306034353057e-01,-1.108350823326044621e+00,5.376579638663547822e-01,8.500000000000000611e-02,3.000000000000000000e+00,4.502249959989419207e+06
-7.825535366428423956e+00,6.901279738422265719e-01,-1.233511502826039941e+00,5.471719140343072052e-01,8.500000000000000611e-02,3.000000000000000000e+00,4.502249959989419207e+06
-5.809432793085071545e+00,1.999968926614690723e+00,1.246120267567881079e+00,1.336304934046733672e+00,8.500000000000000611e-02,3.000000000000000000e+00,4.502249959989419207e+06
-5.809432793085071545e+00,1.999968926614690723e+00,1.246120267567881079e+00,1.336304934046733672e+00,8.500000000000000611e-02,3.000000000000000000e+00,4.502249959989419207e+06
-5.809432793085071545e+00,1.999968926614690723e+00,1.246120267567881079e+00,1.336304934046733672e+00,8.500000000000000611e-02,3.000000000000000000e+00,4.502249959989419207e+06
-5.809432793085071545e+00,1.999968926614690723e+00,1.246120267567881079e+00,1.336304934046733672e+00,8.500000000000000611e-02,3.000000000000000000e+00,4.502249959989419207e+06
-5.809432793085071545e+00,1.999968926614690723e+00,1.246120267567881079e+00,1.336304934046733672e+00,8.500000000000000611e-02,3.000000000000000000e+00,4.502249959989419207e+06
-5.809432793085071545e+00,1.999968926614690723e+00,1.246120267567881079e+00,1.336304934046733672e+00,8.500000000000000611e-02,3.000000000000000000e+00,4.502249959989419207e+06
-5.809412158625828937e+00,1.999897873349785637e+00,1.246131746314284916e+00,1.336256735023761966e+00,8.500000000000000611e-02,3.000000000000000000e+00,4.502249959989419207e+06
-5.809405971670980939e+00,1.999878561695057844e+00,1.246134114418231631e+00,1.336244358211485128e+00,8.500000000000000611e-02,3.000000000000000000e+00,4.502249959989419207e+06
-5.809405971670980939e+00,1.999878561695057844e+00,1.246134114418231631e+00,1.336244358211485128e+00,8.500000000000000611e-02,3.000000000000000000e+00,4.502249959989419207e+06
-5.809405971670980939e+00,1.999878561695057844e+00,1.246134114418231631e+00,1.336244358211485128e+00,8.500000000000000611e-02,3.000000000000000000e+00,4.502249959989419207e+06
-5.809362567309046987e+00,1.999748970654821933e+00,1.246142347920295990e+00,1.336161749186679959e+00,8.500000000000000611e-02,3.000000000000000000e+00,4.502249959989419207e+06
-5.809362567309046987e+00,1.999748970654821933e+00,1.246142347920295990e+00,1.336161749186679959e+00,8.500000000000000611e-02,3.000000000000000000e+00,4.502249959989419207e+06
-5.809318277862243640e+00,1.999639546687514535e+00,1.246150883849731050e+00,1.336088521035702081e+00,8.500000000000000611e-02,3.000000000000000000e+00,4.502249959989419207e+06
-5.809318277862243640e+00,1.999639546687514535e+00,1.246150883849731050e+00,1.336088521035702081e+00,8.500000000000000611e-02,3.000000000000000000e+00,4.502249959989419207e+06
-5.809306174283382695e+00,1.999369687735745416e+00,1.246016351813426848e+00,1.335823548371542824e+00,8.500000000000000611e-02,3.000000000000000000e+00,4.502249959989419207e+06
-5.809306174283382695e+00,1.999369687735745416e+00,1.246016351813426848e+00,1.335823548371542824e+00,8.500000000000000611e-02,3.000000000000000000e+00,4.502249959989419207e+06
-5.809306174283382695e+00,1.999369687735745416e+00,1.246016351813426848e+00,1.335823548371542824e+00,8.500000000000000611e-02,3.000000000000000000e+00,4.502249959989419207e+06
-5.809306174283382695e+00,1.999369687735745416e+00,1.246016351813426848e+00,1.335823548371542824e+00,8.500000000000000611e-02,3.000000000000000000e+00,4.502249959989419207e+06
-5.809306174283382695e+00,1.999369687735745416e+00,1.246016351813426848e+00,1.335823548371542824e+00,8.500000000000000611e-02,3.000000000000000000e+00,4.502249959989419207e+06
-5.809306174283382695e+00,1.999369687735745416e+00,1.246016351813426848e+00,1.335823548371542824e+00,8.500000000000000611e-02,3.000000000000000000e+00,4.502249959989419207e+06
-5.809306174283382695e+00,1.999369687735745416e+00,1.246016351813426848e+00,1.335823548371542824e+00,8.500000000000000611e-02,3.000000000000000000e+00,4.502249959989419207e+06
-5.809306174283382695e+00,1.999369687735745416e+00,1.246016351813426848e+00,1.335823548371542824e+00,8.500000000000000611e-02,3.000000000000000000e+00,4.502249959989419207e+06
-5.809330822242668724e+00,1.999077135340006750e+00,1.245787262686009145e+00,1.335484026475358466e+00,8.500000000000000611e-02,3.000000000000000000e+00,4.502249959989419207e+06
-5.809330822242668724e+00,1.999077135340006750e+00,1.245787262686009145e+00,1.335484026475358466e+00,8.500000000000000611e-02,3.000000000000000000e+00,4.502249959989419207e+06
-5.809330822242668724e+00,1.999077135340006750e+00,1.245787262686009145e+00,1.335484026475358466e+00,8.500000000000000611e-02,3.000000000000000000e+00,4.502249959989419207e+06
-5.809330822242668724e+00,1.999077135340006750e+00,1.245787262686009145e+00,1.335484026475358466e+00,8.500000000000000611e-02,3.000000000000000000e+00,4.502249959989419207e+06
-5.809330822242668724e+00,1.999077135340006750e+00,1.245787262686009145e+00,1.335484026475358466e+00,8.500000000000000611e-02,3.000000000000000000e+00,4.502249959989419207e+06
-5.809330822242668724e+00,1.999077135340006750e+00,1.245787262686009145e+00,1.335484026475358466e+00,8.500000000000000611e-02,3.000000000000000000e+00,4.502249959989419207e+06
-5.809330822242668724e+00,1.999077135340006750e+00,1.245787262686009145e+00,1.335484026475358466e+00,8.500000000000000611e-02,3.000000000000000000e+00,4.502249959989419207e+06
-5.809402026590686496e+00,1.999314929514685923e+00,1.245787813634743557e+00,1.335645114818014401e+00,8.500000000000000611e-02,3.000000000000000000e+00,4.502249959989419207e+06
-5.809402026590686496e+00,1.999314929514685923e+00,1.245787813634743557e+00,1.335645114818014401e+00,8.500000000000000611e-02,3.000000000000000000e+00,4.502249959989419207e+06
-5.809402026590686496e+00,1.999314929514685923e+00,1.245787813634743557e+00,1.335645114818014401e+00,8.500000000000000611e-02,3.000000000000000000e+00,4.502249959989419207e+06
-5.809402026590686496e+00,1.999314929514685923e+00,1.245787813634743557e+00,1.335645114818014401e+00,8.500000000000000611e-02,3.000000000000000000e+00,4.502249959989419207e+06
-5.809402026590686496e+00,1.999314929514685923e+00,1.245787813634743557e+00,1.335645114818014401e+00,8.500000000000000611e-02,3.000000000000000000e+00,4.502249959989419207e+06
-5.809283983227885528e+00,1.998920711678066509e+00,1.245786900265782871e+00,1.335378060765777475e+00,8.500000000000000611e-02,3.000000000000000000e+00,4.502249959989419207e+06
-5.809283983227885528e+00,1.998920711678066509e+00,1.245786900265782871e+00,1.335378060765777475e+00,8.500000000000000611e-02,3.000000000000000000e+00,4.502249959989419207e+06
-5.809274330671033937e+00,1.998875166610766696e+00,1.245767605207123374e+00,1.335340381484368510e+00,8.500000000000000611e-02,3.000000000000000000e+00,4.502249959989419207e+06
-5.809274330671033937e+00,1.998875166610766696e+00,1.245767605207123374e+00,1.335340381484368510e+00,8.500000000000000611e-02,3.000000000000000000e+00,4.502249959989419207e+06
-5.807079357204106174e+00,2.000554091975224491e+00,1.249475173412452955e+00,1.338123297319060878e+00,8.500000000000000611e-02,3.000000000000000000e+00,4.502249959989419207e+06
-5.807830563800290946e+00,2.000417788436701816e+00,1.248416367814545902e+00,1.337589976198618080e+00,8.500000000000000611e-02,3.000000000000000000e+00,4.502249959989419207e+06
-5.807830563800290946e+00,2.000417788436701816e+00,1.248416367814545902e+00,1.337589976198618080e+00,8.500000000000000611e-02,3.000000000000000000e+00,4.502249959989419207e+06
-5.805622934686731185e+00,2.000670711529596080e+00,1.251003676742822757e+00,1.338610398586549177e+00,8.500000000000000611e-02,3.000000000000000000e+00,4.502249959989419207e+06
-5.805622934686731185e+00,2.000670711529596080e+00,1.251003676742822757e+00,1.338610398586549177e+00,8.500000000000000611e-02,3.000000000000000000e+00,4.502249959989419207e+06
-5.805622934686731185e+00,2.000670711529596080e+00,1.251003676742822757e+00,1.338610398586549177e+00,8.500000000000000611e-02,3.000000000000000000e+00,4.502249959989419207e+06
-5.805622934686731185e+00,2.000670711529596080e+00,1.251003676742822757e+00,1.338610398586549177e+00,8.500000000000000611e-02,3.000000000000000000e+00,4.502249959989419207e+06
-5.805622934686731185e+00,2.000670711529596080e+00,1.251003676742822757e+00,1.338610398586549177e+00,8.500000000000000611e-02,3.000000000000000000e+00,4.502249959989419207e+06
-5.805622934686731185e+00,2.000670711529596080e+00,1.251003676742822757e+00,1.338610398586549177e+00,8.500000000000000611e-02,3.000000000000000000e+00,4.502249959989419207e+06
-5.805622934686731185e+00,2.000670711529596080e+00,1.251003676742822757e+00,1.338610398586549177e+00,8.500000000000000611e-02,3.000000000000000000e+00,4.502249959989419207e+06
-5.805622934686731185e+00,2.000670711529596080e+00,1.251003676742822757e+00,1.338610398586549177e+00,8.500000000000000611e-02,3.000000000000000000e+00,4.502249959989419207e+06
-5.805622934686731185e+00,2.000670711529596080e+00,1.251003676742822757e+00,1.338610398586549177e+00,8.500000000000000611e-02,3.000000000000000000e+00,4.502249959989419207e+06
-5.805622934686731185e+00,2.000670711529596080e+00,1.251003676742822757e+00,1.338610398586549177e+00,8.500000000000000611e-02,3.000000000000000000e+00,4.502249959989419207e+06
-5.805622934686731185e+00,2.000670711529596080e+00,1.251003676742822757e+00,1.338610398586549177e+00,8.500000000000000611e-02,3.000000000000000000e+00,4.502249959989419207e+06
-5.805622934686731185e+00,2.000670711529596080e+00,1.251003676742822757e+00,1.338610398586549177e+00,8.500000000000000611e-02,3.000000000000000000e+00,4.502249959989419207e+06
-5.805622934686731185e+00,2.000670711529596080e+00,1.251003676742822757e+00,1.338610398586549177e+00,8.500000000000000611e-02,3.000000000000000000e+00,4.502249959989419207e+06
-5.805507088419920692e+00,2.000658793269618041e+00,1.251162853897762162e+00,1.338653268591390555e+00,8.500000000000000611e-02,3.000000000000000000e+00,4.502249959989419207e+06
-5.805507088419920692e+00,2.000658793269618041e+00,1.251162853897762162e+00,1.338653268591390555e+00,8.500000000000000611e-02,3.000000000000000000e+00,4.502249959989419207e+06
-5.803691270066141605e+00,2.001900590009145109e+00,1.253947276291607960e+00,1.340491110880231540e+00,8.500000000000000611e-02,3.000000000000000000e+00,4.502249959989419207e+06
-5.803691270066141605e+00,2.001900590009145109e+00,1.253947276291607960e+00,1.340491110880231540e+00,8.500000000000000611e-02,3.000000000000000000e+00,4.502249959989419207e+06
-5.803691270066141605e+00,2.001900590009145109e+00,1.253947276291607960e+00,1.340491110880231540e+00,8.500000000000000611e-02,3.000000000000000000e+00,4.502249959989419207e+06
-5.803691270066141605e+00,2.001900590009145109e+00,1.253947276291607960e+00,1.340491110880231540e+00,8.500000000000000611e-02,3.000000000000000000e+00,4.502249959989419207e+06
-5.803691270066141605e+00,2.001900590009145109e+00,1.253947276291607960e+00,1.340491110880231540e+00,8.500000000000000611e-02,3.000000000000000000e+00,4.502249959989419207e+06
-5.803691270066141605e+00,2.001900590009145109e+00,1.253947276291607960e+00,1.340491110880231540e+00,8.500000000000000611e-02,3.000000000000000000e+00,4.502249959989419207e+06
-5.803691270066141605e+00,2.001900590009145109e+00,1.253947276291607960e+00,1.340491110880231540e+00,8.500000000000000611e-02,3.000000000000000000e+00,4.502249959989419207e+06
-5.803691270066141605e+00,2.001900590009145109e+00,1.253947276291607960e+00,1.340491110880231540e+00,8.500000000000000611e-02,3.000000000000000000e+00,4.502249959989419207e+06
-5.806937464009738648e+00,1.998258425651689985e+00,1.249807281360042266e+00,1.337769787733876559e+00,8.500000000000000611e-02,3.000000000000000000e+00,4.502249959989419207e+06
-5.806937464009738648e+00,1.998258425651689985e+00,1.249807281360042266e+00,1.337769787733876559e+00,8.500000000000000611e-02,3.000000000000000000e+00,4.502249959989419207e+06
-5.808871482961230903e+00,1.988091200485478938e+00,1.246327465657093070e+00,1.332930645132434311e+00,8.500000000000000611e-02,3.000000000000000000e+00,4.502249959989419207e+06
-5.808871482961230903e+00,1.988091200485478938e+00,1.246327465657093070e+00,1.332930645132434311e+00,8.500000000000000611e-02,3.000000000000000000e+00,4.502249959989419207e+06
-5.808871482961230903e+00,1.988091200485478938e+00,1.246327465657093070e+00,1.332930645132434311e+00,8.500000000000000611e-02,3.000000000000000000e+00,4.502249959989419207e+06
-5.808871482961230903e+00,1.988091200485478938e+00,1.246327465657093070e+00,1.332930645132434311e+00,8.500000000000000611e-02,3.000000000000000000e+00,4.502249959989419207e+06
-5.808871482961230903e+00,1.988091200485478938e+00,1.246327465657093070e+00,1.332930645132434311e+00,8.500000000000000611e-02,3.000000000000000000e+00,4.502249959989419207e+06
-5.808871482961230903e+00,1.988091200485478938e+00,1.246327465657093070e+00,1.332930645132434311e+00,8.500000000000000611e-02,3.000000000000000000e+00,4.502249959989419207e+06
-5.808871482961230903e+00,1.988091200485478938e+00,1.246327465657093070e+00,1.332930645132434311e+00,8.500000000000000611e-02,3.000000000000000000e+00,4.502249959989419207e+06
-5.808871482961230903e+00,1.988091200485478938e+00,1.246327465657093070e+00,1.332930645132434311e+00,8.500000000000000611e-02,3.000000000000000000e+00,4.502249959989419207e+06
-5.808871482961230903e+00,1.988091200485478938e+00,1.246327465657093070e+00,1.332930645132434311e+00,8.500000000000000611e-02,3.000000000000000000e+00,4.502249959989419207e+06
-5.808871482961230903e+00,1.988091200485478938e+00,1.246327465657093070e+00,1.332930645132434311e+00,8.500000000000000611e-02,3.000000000000000000e+00,4.502249959989419207e+06
-5.813105856531367799e+00,1.973423210535100170e+00,1.240386902074813946e+00,1.326727498472984212e+00,8.500000000000000611e-02,3.000000000000000000e+00,4.502249959989419207e+06
-5.798915376728399629e+00,1.959251182587661733e+00,1.252583170180102901e+00,1.326917793004748214e+00,8.500000000000000611e-02,3.000000000000000000e+00,4.502249959989419207e+06
-5.798915376728399629e+00,1.959251182587661733e+00,1.252583170180102901e+00,1.326917793004748214e+00,8.500000000000000611e-02,3.000000000000000000e+00,4.502249959989419207e+06
-5.798915376728399629e+00,1.959251182587661733e+00,1.252583170180102901e+00,1.326917793004748214e+00,8.500000000000000611e-02,3.000000000000000000e+00,4.502249959989419207e+06
-7.329336798704500389e+00,7.565922549604082725e-01,-7.270580287674373032e-01,6.139722939064040652e-01,8.500000000000000611e-02,3.000000000000000000e+00,4.502249959989419207e+06
-7.392957603411404399e+00,7.075737293060611055e-01,-8.029788463151096289e-01,6.134105835001822937e-01,8.500000000000000611e-02,3.000000000000000000e+00,4.502249959989419207e+06
-7.379935329746585282e+00,7.109602043465278465e-01,-7.885423629459157313e-01,5.924260611430556267e-01,8.500000000000000611e-02,3.000000000000000000e+00,4.502249959989419207e+06
-7.379935329746585282e+00,7.109602043465278465e-01,-7.885423629459157313e-01,5.924260611430556267e-01,8.500000000000000611e-02,3.000000000000000000e+00,4.502249959989419207e+06
-7.454685660550645743e+00,7.126640680579496845e-01,-8.580076887201320002e-01,5.973292121875461991e-01,8.500000000000000611e-02,3.000000000000000000e+00,4.502249959989419207e+06
-7.448761124027398317e+00,7.166647875884961660e-01,-8.518162830498345883e-01,5.956142961869176355e-01,8.500000000000000611e-02,3.000000000000000000e+00,4.502249959989419207e+06
-7.416521830594740905e+00,7.332958314835928970e-01,-8.213335860617123618e-01,5.895495643324982771e-01,8.500000000000000611e-02,3.000000000000000000e+00,4.502249959989419207e+06
-7.479648151347788598e+00,7.006925076461641977e-01,-8.821464840352475356e-01,6.013050239523748397e-01,8.500000000000000611e-02,3.000000000000000000e+00,4.502249959989419207e+06
-7.479648151347788598e+00,7.006925076461641977e-01,-8.821464840352475356e-01,6.013050239523748397e-01,8.500000000000000611e-02,3.000000000000000000e+00,4.502249959989419207e+06
-7.585866707724442826e+00,6.327386755678406915e-01,-9.982795969439780537e-01,6.066339268042340027e-01,8.500000000000000611e-02,3.000000000000000000e+00,4.502249959989419207e+06
-5.809457758515851111e+00,1.999998694504499408e+00,1.246123914048304249e+00,1.336323488090173539e+00,8.500000000000000611e-02,3.000000000000000000e+00,4.502249959989419207e+06
-5.809457758515851111e+00,1.999998694504499408e+00,1.246123914048304249e+00,1.336323488090173539e+00,8.500000000000000611e-02,3.000000000000000000e+00,4.502249959989419207e+06
-5.809457758515851111e+00,1.999998694504499408e+00,1.246123914048304249e+00,1.336323488090173539e+00,8.500000000000000611e-02,3.000000000000000000e+00,4.502249959989419207e+06
-5.809457758515851111e+00,1.999998694504499408e+00,1.246123914048304249e+00,1.336323488090173539e+00,8.500000000000000611e-02,3.000000000000000000e+00,4.502249959989419207e+06
-5.809457758515851111e+00,1.999998694504499408e+00,1.246123914048304249e+00,1.336323488090173539e+00,8.500000000000000611e-02,3.000000000000000000e+00,4.502249959989419207e+06
-5.809457758515851111e+00,1.999998694504499408e+00,1.246123914048304249e+00,1.336323488090173539e+00,8.500000000000000611e-02,3.000000000000000000e+00,4.502249959989419207e+06
-5.809457758515851111e+00,1.999998694504499408e+00,1.246123914048304249e+00,1.336323488090173539e+00,8.500000000000000611e-02,3.000000000000000000e+00,4.502249959989419207e+06
-5.809457758515851111e+00,1.999998694504499408e+00,1.246123914048304249e+00,1.336323488090173539e+00,8.500000000000000611e-02,3.000000000000000000e+00,4.502249959989419207e+06
-5.809457758515851111e+00,1.999998694504499408e+00,1.246123914048304249e+00,1.336323488090173539e+00,8.500000000000000611e-02,3.000000000000000000e+00,4.502249959989419207e+06
-5.809457758515851111e+00,1.999998694504499408e+00,1.246123914048304249e+00,1.336323488090173539e+00,8.500000000000000611e-02,3.000000000000000000e+00,4.502249959989419207e+06
-5.809457758515851111e+00,1.999998694504499408e+00,1.246123914048304249e+00,1.336323488090173539e+00,8.500000000000000611e-02,3.000000000000000000e+00,4.502249959989419207e+06
-5.809457758515851111e+00,1.999998694504499408e+00,1.246123914048304249e+00,1.336323488090173539e+00,8.500000000000000611e-02,3.000000000000000000e+00,4.502249959989419207e+06
-5.809457758515851111e+00,1.999998694504499408e+00,1.246123914048304249e+00,1.336323488090173539e+00,8.500000000000000611e-02,3.000000000000000000e+00,4.502249959989419207e+06
-5.809509167653311934e+00,2.000066059591742995e+00,1.246079040276687033e+00,1.336365592636634014e+00,8.500000000000000611e-02,3.000000000000000000e+00,4.502249959989419207e+06
-5.809509167653311934e+00,2.000066059591742995e+00,1.246079040276687033e+00,1.336365592636634014e+00,8.500000000000000611e-02,3.000000000000000000e+00,4.502249959989419207e+06
-5.809513775367625144e+00,2.000072467273756427e+00,1.246076243747501033e+00,1.336369751632017655e+00,8.500000000000000611e-02,3.000000000000000000e+00,4.502249959989419207e+06
-5.809504420338342356e+00,2.000058849384400705e+00,1.246082395339076498e+00,1.336361051678901291e+00,8.500000000000000611e-02,3.000000000000000000e+00,4.502249959989419207e+06
-5.809504420338342356e+00,2.000058849384400705e+00,1.246082395339076498e+00,1.336361051678901291e+00,8.500000000000000611e-02,3.000000000000000000e+00,4.502249959989419207e+06
-5.809504420338342356e+00,2.000058849384400705e+00,1.246082395339076498e+00,1.336361051678901291e+00,8.500000000000000611e-02,3.000000000000000000e+00,4.502249959989419207e+06
-5.809522766178177200e+00,2.000083436818544946e+00,1.246069309268697189e+00,1.336376647900292980e+00,8.500000000000000611e-02,3.000000000000000000e+00,4.502249959989419207e+06
-5.809522766178177200e+00,2.000083436818544946e+00,1.246069309268697189e+00,1.336376647900292980e+00,8.500000000000000611e-02,3.000000000000000000e+00,4.502249959989419207e+06
-5.809522766178177200e+00,2.000083436818544946e+00,1.246069309268697189e+00,1.336376647900292980e+00,8.500000000000000611e-02,3.000000000000000000e+00,4.502249959989419207e+06
-5.809522766178177200e+00,2.000083436818544946e+00,1.246069309268697189e+00,1.336376647900292980e+00,8.500000000000000611e-02,3.000000000000000000e+00,4.502249959989419207e+06
-5.809522766178177200e+00,2.000083436818544946e+00,1.246069309268697189e+00,1.336376647900292980e+00,8.500000000000000611e-02,3.000000000000000000e+00,4.502249959989419207e+06
-5.809522766178177200e+00,2.000083436818544946e+00,1.246069309268697189e+00,1.336376647900292980e+00,8.500000000000000611e-02,3.000000000000000000e+00,4.502249959989419207e+06
-5.809522766178177200e+00,2.000083436818544946e+00,1.246069309268697189e+00,1.336376647900292980e+00,8.500000000000000611e-02,3.000000000000000000e+00,4.502249959989419207e+06
-5.809522766178177200e+00,2.000083436818544946e+00,1.246069309268697189e+00,1.336376647900292980e+00,8.500000000000000611e-02,3.000000000000000000e+00,4.502249959989419207e+06
-5.809522766178177200e+00,2.000083436818544946e+00,1.246069309268697189e+00,1.336376647900292980e+00,8.500000000000000611e-02,3.000000000000000000e+00,4.502249959989419207e+06
-5.809811023112081863e+00,1.999734230082852671e+00,1.245454549925986587e+00,1.335765051882081611e+00,8.500000000000000611e-02,3.000000000000000000e+00,4.502249959989419207e+06
-5.809811023112081863e+00,1.999734230082852671e+00,1.245454549925986587e+00,1.335765051882081611e+00,8.500000000000000611e-02,3.000000000000000000e+00,4.502249959989419207e+06
-5.809811023112081863e+00,1.999734230082852671e+00,1.245454549925986587e+00,1.335765051882081611e+00,8.500000000000000611e-02,3.000000000000000000e+00,4.502249959989419207e+06
-5.809811023112081863e+00,1.999734230082852671e+00,1.245454549925986587e+00,1.335765051882081611e+00,8.500000000000000611e-02,3.000000000000000000e+00,4.502249959989419207e+06
-5.809811023112081863e+00,1.999734230082852671e+00,1.245454549925986587e+00,1.335765051882081611e+00,8.500000000000000611e-02,3.000000000000000000e+00,4.502249959989419207e+06
-5.810157522583671685e+00,1.998924690164518347e+00,1.244642239969147690e+00,1.334678030448785968e+00,8.500000000000000611e-02,3.000000000000000000e+00,4.502249959989419207e+06
-5.810157522583671685e+00,1.998924690164518347e+00,1.244642239969147690e+00,1.334678030448785968e+00,8.500000000000000611e-02,3.000000000000000000e+00,4.502249959989419207e+06
-5.810157522583671685e+00,1.998924690164518347e+00,1.244642239969147690e+00,1.334678030448785968e+00,8.500000000000000611e-02,3.000000000000000000e+00,4.502249959989419207e+06
-5.810157522583671685e+00,1.998924690164518347e+00,1.244642239969147690e+00,1.334678030448785968e+00,8.500000000000000611e-02,3.000000000000000000e+00,4.502249959989419207e+06
-5.810157522583671685e+00,1.998924690164518347e+00,1.244642239969147690e+00,1.334678030448785968e+00,8.500000000000000611e-02,3.000000000000000000e+00,4.502249959989419207e+06
-5.810157522583671685e+00,1.998924690164518347e+00,1.244642239969147690e+00,1.334678030448785968e+00,8.500000000000000611e-02,3.000000000000000000e+00,4.502249959989419207e+06
-5.810157522583671685e+00,1.998924690164518347e+00,1.244642239969147690e+00,1.334678030448785968e+00,8.500000000000000611e-02,3.000000000000000000e+00,4.502249959989419207e+06
-5.810157522583671685e+00,1.998924690164518347e+00,1.244642239969147690e+00,1.334678030448785968e+00,8.500000000000000611e-02,3.000000000000000000e+00,4.502249959989419207e+06
-5.810157522583671685e+00,1.998924690164518347e+00,1.244642239969147690e+00,1.334678030448785968e+00,8.500000000000000611e-02,3.000000000000000000e+00,4.502249959989419207e+06
-5.810157522583671685e+00,1.998924690164518347e+00,1.244642239969147690e+00,1.334678030448785968e+00,8.500000000000000611e-02,3.000000000000000000e+00,4.502249959989419207e+06
-5.811195174600707780e+00,1.998473908952020039e+00,1.244079507375287275e+00,1.335218539504370971e+00,8.500000000000000611e-02,3.000000000000000000e+00,4.502249959989419207e+06
-5.811195174600707780e+00,1.998473908952020039e+00,1.244079507375287275e+00,1.335218539504370971e+00,8.500000000000000611e-02,3.000000000000000000e+00,4.502249959989419207e+06
-5.811195174600707780e+00,1.998473908952020039e+00,1.244079507375287275e+00,1.335218539504370971e+00,8.500000000000000611e-02,3.000000000000000000e+00,4.502249959989419207e+06
-5.811195174600707780e+00,1.998473908952020039e+00,1.244079507375287275e+00,1.335218539504370971e+00,8.500000000000000611e-02,3.000000000000000000e+00,4.502249959989419207e+06
-5.811195174600707780e+00,1.998473908952020039e+00,1.244079507375287275e+00,1.335218539504370971e+00,8.500000000000000611e-02,3.000000000000000000e+00,4.502249959989419207e+06
-5.811195174600707780e+00,1.998473908952020039e+00,1.244079507375287275e+00,1.335218539504370971e+00,8.500000000000000611e-02,3.000000000000000000e+00,4.502249959989419207e+06
-5.812048725719753506e+00,1.997635666625079631e+00,1.243037945498223218e+00,1.334550273136090981e+00,8.500000000000000611e-02,3.000000000000000000e+00,4.502249959989419207e+06
-5.813056921121544818e+00,1.997367696571181739e+00,1.242045222637473856e+00,1.334466687303635268e+00,8.500000000000000611e-02,3.000000000000000000e+00,4.502249959989419207e+06
-5.834035298216117660e+00,1.979837217932979287e+00,1.215894600586955088e+00,1.319465168609706973e+00,8.500000000000000611e-02,3.000000000000000000e+00,4.502249959989419207e+06
-5.834035298216117660e+00,1.979837217932979287e+00,1.215894600586955088e+00,1.319465168609706973e+00,8.500000000000000611e-02,3.000000000000000000e+00,4.502249959989419207e+06
-5.834035298216117660e+00,1.979837217932979287e+00,1.215894600586955088e+00,1.319465168609706973e+00,8.500000000000000611e-02,3.000000000000000000e+00,4.502249959989419207e+06
-5.834035298216117660e+00,1.979837217932979287e+00,1.215894600586955088e+00,1.319465168609706973e+00,8.500000000000000611e-02,3.000000000000000000e+00,4.502249959989419207e+06
-5.871827687710884369e+00,1.947962020590458421e+00,1.166605502281784279e+00,1.291830560212920309e+00,8.500000000000000611e-02,3.000000000000000000e+00,4.502249959989419207e+06
-5.871827687710884369e+00,1.947962020590458421e+00,1.166605502281784279e+00,1.291830560212920309e+00,8.500000000000000611e-02,3.000000000000000000e+00,4.502249959989419207e+06
-5.871827687710884369e+00,1.947962020590458421e+00,1.166605502281784279e+00,1.291830560212920309e+00,8.500000000000000611e-02,3.000000000000000000e+00,4.502249959989419207e+06
-5.871827687710884369e+00,1.947962020590458421e+00,1.166605502281784279e+00,1.291830560212920309e+00,8.500000000000000611e-02,3.000000000000000000e+00,4.502249959989419207e+06
-5.871827687710884369e+00,1.947962020590458421e+00,1.166605502281784279e+00,1.291830560212920309e+00,8.500000000000000611e-02,3.000000000000000000e+00,4.502249959989419207e+06
-5.871827687710884369e+00,1.947962020590458421e+00,1.166605502281784279e+00,1.291830560212920309e+00,8.500000000000000611e-02,3.000000000000000000e+00,4.502249959989419207e+06
-5.912222462461421024e+00,1.913764368349944345e+00,1.113241708555646081e+00,1.262376201627433581e+00,8.500000000000000611e-02,3.000000000000000000e+00,4.502249959989419207e+06
-5.980523571295499607e+00,1.857551545465157439e+00,1.025272731803312798e+00,1.214251412328065216e+00,8.500000000000000611e-02,3.000000000000000000e+00,4.502249959989419207e+06
-5.980523571295499607e+00,1.857551545465157439e+00,1.025272731803312798e+00,1.214251412328065216e+00,8.500000000000000611e-02,3.000000000000000000e+00,4.502249959989419207e+06
-5.980523571295499607e+00,1.857551545465157439e+00,1.025272731803312798e+00,1.214251412328065216e+00,8.500000000000000611e-02,3.000000000000000000e+00,4.502249959989419207e+06
-5.980523571295499607e+00,1.857551545465157439e+00,1.025272731803312798e+00,1.214251412328065216e+00,8.500000000000000611e-02,3.000000000000000000e+00,4.502249959989419207e+06
-5.980523571295499607e+00,1.857551545465157439e+00,1.025272731803312798e+00,1.214251412328065216e+00,8.500000000000000611e-02,3.000000000000000000e+00,4.502249959989419207e+06
-5.980523571295499607e+00,1.857551545465157439e+00,1.025272731803312798e+00,1.214251412328065216e+00,8.500000000000000611e-02,3.000000000000000000e+00,4.502249959989419207e+06
-6.036149097118429729e+00,1.782613393221306186e+00,9.010924354792495539e-01,1.089216313541531145e+00,8.500000000000000611e-02,3.000000000000000000e+00,4.502249959989419207e+06
-6.036149097118429729e+00,1.782613393221306186e+00,9.010924354792495539e-01,1.089216313541531145e+00,8.500000000000000611e-02,3.000000000000000000e+00,4.502249959989419207e+06
-6.036149097118429729e+00,1.782613393221306186e+00,9.010924354792495539e-01,1.089216313541531145e+00,8.500000000000000611e-02,3.000000000000000000e+00,4.502249959989419207e+06
-6.036149097118429729e+00,1.782613393221306186e+00,9.010924354792495539e-01,1.089216313541531145e+00,8.500000000000000611e-02,3.000000000000000000e+00,4.502249959989419207e+06
-6.033841586566079052e+00,1.784833985980909921e+00,9.046147982389163289e-01,1.091747530715733605e+00,8.500000000000000611e-02,3.000000000000000000e+00,4.502249959989419207e+06
-6.033841586566079052e+00,1.784833985980909921e+00,9.046147982389163289e-01,1.091747530715733605e+00,8.500000000000000611e-02,3.000000000000000000e+00,4.502249959989419207e+06
-6.033841586566079052e+00,1.784833985980909921e+00,9.046147982389163289e-01,1.091747530715733605e+00,8.500000000000000611e-02,3.000000000000000000e+00,4.502249959989419207e+06
-6.033841586566079052e+00,1.784833985980909921e+00,9.046147982389163289e-01,1.091747530715733605e+00,8.500000000000000611e-02,3.000000000000000000e+00,4.502249959989419207e+06
-6.033841586566079052e+00,1.784833985980909921e+00,9.046147982389163289e-01,1.091747530715733605e+00,8.500000000000000611e-02,3.000000000000000000e+00,4.502249959989419207e+06
-6.033841586566079052e+00,1.784833985980909921e+00,9.046147982389163289e-01,1.091747530715733605e+00,8.500000000000000611e-02,3.000000000000000000e+00,4.502249959989419207e+06
-7.121798741179081738e+00,9.499746234673349665e-01,-5.060957453351770940e-01,5.437333085049330661e-01,8.500000000000000611e-02,3.000000000000000000e+00,4.502249959989419207e+06
-7.121798741179081738e+00,9.499746234673349665e-01,-5.060957453351770940e-01,5.437333085049330661e-01,8.500000000000000611e-02,3.000000000000000000e+00,4.502249959989419207e+06
-7.121798741179081738e+00,9.499746234673349665e-01,-5.060957453351770940e-01,5.437333085049330661e-01,8.500000000000000611e-02,3.000000000000000000e+00,4.502249959989419207e+06
-7.112402136791996732e+00,9.545733943615948291e-01,-4.932997091986452420e-01,5.482589893754813426e-01,8.500000000000000611e-02,3.000000000000000000e+00,4.502249959989419207e+06
-7.112402136791996732e+00,9.545733943615948291e-01,-4.932997091986452420e-01,5.482589893754813426e-01,8.500000000000000611e-02,3.000000000000000000e+00,4.502249959989419207e+06
-6.940405635400606066e+00,1.060173564018428882e+00,-3.008868650097938913e-01,5.399276802993951963e-01,8.500000000000000611e-02,3.000000000000000000e+00,4.502249959989419207e+06
-7.012369846237121784e+00,1.011350979692321683e+00,-3.957678780518598671e-01,4.692965020639916496e-01,8.500000000000000611e-02,3.000000000000000000e+00,4.502249959989419207e+06
-7.012369846237121784e+00,1.011350979692321683e+00,-3.957678780518598671e-01,4.692965020639916496e-01,8.500000000000000611e-02,3.000000000000000000e+00,4.502249959989419207e+06
-7.012369846237121784e+00,1.011350979692321683e+00,-3.957678780518598671e-01,4.692965020639916496e-01,8.500000000000000611e-02,3.000000000000000000e+00,4.502249959989419207e+06
-7.012369846237121784e+00,1.011350979692321683e+00,-3.957678780518598671e-01,4.692965020639916496e-01,8.500000000000000611e-02,3.000000000000000000e+00,4.502249959989419207e+06
-7.012369846237121784e+00,1.011350979692321683e+00,-3.957678780518598671e-01,4.692965020639916496e-01,8.500000000000000611e-02,3.000000000000000000e+00,4.502249959989419207e+06
-7.012369846237121784e+00,1.011350979692321683e+00,-3.957678780518598671e-01,4.692965020639916496e-01,8.500000000000000611e-02,3.000000000000000000e+00,4.502249959989419207e+06
-5.809436304485481095e+00,1.999957157128209095e+00,1.246129261794737708e+00,1.336297793533467670e+00,8.500000000000000611e-02,3.000000000000000000e+00,4.502249959989419207e+06
-5.809436304485481095e+00,1.999957157128209095e+00,1.246129261794737708e+00,1.336297793533467670e+00,8.500000000000000611e-02,3.000000000000000000e+00,4.502249959989419207e+06
-5.809422657386082101e+00,1.999933488934343195e+00,1.246133135635044686e+00,1.336280630530519709e+00,8.500000000000000611e-02,3.000000000000000000e+00,4.502249959989419207e+06
-5.809422657386082101e+00,1.999933488934343195e+00,1.246133135635044686e+00,1.336280630530519709e+00,8.500000000000000611e-02,3.000000000000000000e+00,4.502249959989419207e+06
-5.809405838161835867e+00,1.999859578942021932e+00,1.246140274186822827e+00,1.336230096558485680e+00,8.500000000000000611e-02,3.000000000000000000e+00,4.502249959989419207e+06
-5.809405838161835867e+00,1.999859578942021932e+00,1.246140274186822827e+00,1.336230096558485680e+00,8.500000000000000611e-02,3.000000000000000000e+00,4.502249959989419207e+06
-5.809392322326147884e+00,1.999829568489482678e+00,1.246142781052387738e+00,1.336210400382627173e+00,8.500000000000000611e-02,3.000000000000000000e+00,4.502249959989419207e+06
-5.809382194995043491e+00,1.999787985072672303e+00,1.246148230032902759e+00,1.336182005125226890e+00,8.500000000000000611e-02,3.000000000000000000e+00,4.502249959989419207e+06
-5.809382194995043491e+00,1.999787985072672303e+00,1.246148230032902759e+00,1.336182005125226890e+00,8.500000000000000611e-02,3.000000000000000000e+00,4.502249959989419207e+06
-5.809382194995043491e+00,1.999787985072672303e+00,1.246148230032902759e+00,1.336182005125226890e+00,8.500000000000000611e-02,3.000000000000000000e+00,4.502249959989419207e+06
-5.809382194995043491e+00,1.999787985072672303e+00,1.246148230032902759e+00,1.336182005125226890e+00,8.500000000000000611e-02,3.000000000000000000e+00,4.502249959989419207e+06
-5.809382194995043491e+00,1.999787985072672303e+00,1.246148230032902759e+00,1.336182005125226890e+00,8.500000000000000611e-02,3.000000000000000000e+00,4.502249959989419207e+06
-5.809382194995043491e+00,1.999787985072672303e+00,1.246148230032902759e+00,1.336182005125226890e+00,8.500000000000000611e-02,3.000000000000000000e+00,4.502249959989419207e+06
-5.809389006496229690e+00,1.999811685986317533e+00,1.246146281824767721e+00,1.336198024270315754e+00,8.500000000000000611e-02,3.000000000000000000e+00,4.502249959989419207e+06
-5.809389006496229690e+00,1.999811685986317533e+00,1.246146281824767721e+00,1.336198024270315754e+00,8.500000000000000611e-02,3.000000000000000000e+00,4.502249959989419207e+06
-5.809389006496229690e+00,1.999811685986317533e+00,1.246146281824767721e+00,1.336198024270315754e+00,8.500000000000000611e-02,3.000000000000000000e+00,4.502249959989419207e+06
-5.809389006496229690e+00,1.999811685986317533e+00,1.246146281824767721e+00,1.336198024270315754e+00,8.500000000000000611e-02,3.000000000000000000e+00,4.502249959989419207e+06
-5.809389491117892490e+00,1.999813419675937398e+00,1.246146119108819894e+00,1.336199198418920320e+00,8.500000000000000611e-02,3.000000000000000000e+00,4.502249959989419207e+06
-5.809144652633100314e+00,1.999760376203082668e+00,1.246632426073142730e+00,1.336444127517761427e+00,8.500000000000000611e-02,3.000000000000000000e+00,4.502249959989419207e+06
-5.809144652633100314e+00,1.999760376203082668e+00,1.246632426073142730e+00,1.336444127517761427e+00,8.500000000000000611e-02,3.000000000000000000e+00,4.502249959989419207e+06
-5.809144652633100314e+00,1.999760376203082668e+00,1.246632426073142730e+00,1.336444127517761427e+00,8.500000000000000611e-02,3.000000000000000000e+00,4.502249959989419207e+06
-5.809144652633100314e+00,1.999760376203082668e+00,1.246632426073142730e+00,1.336444127517761427e+00,8.500000000000000611e-02,3.000000000000000000e+00,4.502249959989419207e+06
-5.809144652633100314e+00,1.999760376203082668e+00,1.246632426073142730e+00,1.336444127517761427e+00,8.500000000000000611e-02,3.000000000000000000e+00,4.502249959989419207e+06
-5.809144652633100314e+00,1.999760376203082668e+00,1.246632426073142730e+00,1.336444127517761427e+00,8.500000000000000611e-02,3.000000000000000000e+00,4.502249959989419207e+06
-5.809144652633100314e+00,1.999760376203082668e+00,1.246632426073142730e+00,1.336444127517761427e+00,8.500000000000000611e-02,3.000000000000000000e+00,4.502249959989419207e+06
-5.809144652633100314e+00,1.999760376203082668e+00,1.246632426073142730e+00,1.336444127517761427e+00,8.500000000000000611e-02,3.000000000000000000e+00,4.502249959989419207e+06
-5.809144652633100314e+00,1.999760376203082668e+00,1.246632426073142730e+00,1.336444127517761427e+00,8.500000000000000611e-02,3.000000000000000000e+00,4.502249959989419207e+06
-5.809144652633100314e+00,1.999760376203082668e+00,1.246632426073142730e+00,1.336444127517761427e+00,8.500000000000000611e-02,3.000000000000000000e+00,4.502249959989419207e+06
-5.809144652633100314e+00,1.999760376203082668e+00,1.246632426073142730e+00,1.336444127517761427e+00,8.500000000000000611e-02,3.000000000000000000e+00,4.502249959989419207e+06
-5.809144652633100314e+00,1.999760376203082668e+00,1.246632426073142730e+00,1.336444127517761427e+00,8.500000000000000611e-02,3.000000000000000000e+00,4.502249959989419207e+06
-5.809144652633100314e+00,1.999760376203082668e+00,1.246632426073142730e+00,1.336444127517761427e+00,8.500000000000000611e-02,3.000000000000000000e+00,4.502249959989419207e+06
-5.809144652633100314e+00,1.999760376203082668e+00,1.246632426073142730e+00,1.336444127517761427e+00,8.500000000000000611e-02,3.000000000000000000e+00,4.502249959989419207e+06
-5.809144652633100314e+00,1.999760376203082668e+00,1.246632426073142730e+00,1.336444127517761427e+00,8.500000000000000611e-02,3.000000000000000000e+00,4.502249959989419207e+06
-5.809144652633100314e+00,1.999760376203082668e+00,1.246632426073142730e+00,1.336444127517761427e+00,8.500000000000000611e-02,3.000000000000000000e+00,4.502249959989419207e+06
-5.809144652633100314e+00,1.999760376203082668e+00,1.246632426073142730e+00,1.336444127517761427e+00,8.500000000000000611e-02,3.000000000000000000e+00,4.502249959989419207e+06
-5.809485379211247746e+00,1.998322130932642438e+00,1.245566971623693897e+00,1.334771656523049854e+00,8.500000000000000611e-02,3.000000000000000000e+00,4.502249959989419207e+06
-5.809485379211247746e+00,1.998322130932642438e+00,1.245566971623693897e+00,1.334771656523049854e+00,8.500000000000000611e-02,3.000000000000000000e+00,4.502249959989419207e+06
-5.809485379211247746e+00,1.998322130932642438e+00,1.245566971623693897e+00,1.334771656523049854e+00,8.500000000000000611e-02,3.000000000000000000e+00,4.502249959989419207e+06
-5.809485379211247746e+00,1.998322130932642438e+00,1.245566971623693897e+00,1.334771656523049854e+00,8.500000000000000611e-02,3.000000000000000000e+00,4.502249959989419207e+06
-5.809485379211247746e+00,1.998322130932642438e+00,1.245566971623693897e+00,1.334771656523049854e+00,8.500000000000000611e-02,3.000000000000000000e+00,4.502249959989419207e+06
-5.809485379211247746e+00,1.998322130932642438e+00,1.245566971623693897e+00,1.334771656523049854e+00,8.500000000000000611e-02,3.000000000000000000e+00,4.502249959989419207e+06
-5.809485379211247746e+00,1.998322130932642438e+00,1.245566971623693897e+00,1.334771656523049854e+00,8.500000000000000611e-02,3.000000000000000000e+00,4.502249959989419207e+06
-5.809485379211247746e+00,1.998322130932642438e+00,1.245566971623693897e+00,1.334771656523049854e+00,8.500000000000000611e-02,3.000000000000000000e+00,4.502249959989419207e+06
-5.809485379211247746e+00,1.998322130932642438e+00,1.245566971623693897e+00,1.334771656523049854e+00,8.500000000000000611e-02,3.000000000000000000e+00,4.502249959989419207e+06
-5.809488115087413362e+00,1.998316255891744442e+00,1.245559259032967159e+00,1.334762564097663251e+00,8.500000000000000611e-02,3.000000000000000000e+00,4.502249959989419207e+06
-5.809488115087413362e+00,1.998316255891744442e+00,1.245559259032967159e+00,1.334762564097663251e+00,8.500000000000000611e-02,3.000000000000000000e+00,4.502249959989419207e+06
-5.809488115087413362e+00,1.998316255891744442e+00,1.245559259032967159e+00,1.334762564097663251e+00,8.500000000000000611e-02,3.000000000000000000e+00,4.502249959989419207e+06
-5.809488115087413362e+00,1.998316255891744442e+00,1.245559259032967159e+00,1.334762564097663251e+00,8.500000000000000611e-02,3.000000000000000000e+00,4.502249959989419207e+06
-5.809488115087413362e+00,1.998316255891744442e+00,1.245559259032967159e+00,1.334762564097663251e+00,8.500000000000000611e-02,3.000000000000000000e+00,4.502249959989419207e+06
-5.809488115087413362e+00,1.998316255891744442e+00,1.245559259032967159e+00,1.334762564097663251e+00,8.500000000000000611e-02,3.000000000000000000e+00,4.502249959989419207e+06
-5.809488115087413362e+00,1.998316255891744442e+00,1.245559259032967159e+00,1.334762564097663251e+00,8.500000000000000611e-02,3.000000000000000000e+00,4.502249959989419207e+06
-5.809488115087413362e+00,1.998316255891744442e+00,1.245559259032967159e+00,1.334762564097663251e+00,8.500000000000000611e-02,3.000000000000000000e+00,4.502249959989419207e+06
-5.809488115087413362e+00,1.998316255891744442e+00,1.245559259032967159e+00,1.334762564097663251e+00,8.500000000000000611e-02,3.000000000000000000e+00,4.502249959989419207e+06
-5.809488115087413362e+00,1.998316255891744442e+00,1.245559259032967159e+00,1.334762564097663251e+00,8.500000000000000611e-02,3.000000000000000000e+00,4.502249959989419207e+06
-5.809488115087413362e+00,1.998316255891744442e+00,1.245559259032967159e+00,1.334762564097663251e+00,8.500000000000000611e-02,3.000000000000000000e+00,4.502249959989419207e+06
-5.809488115087413362e+00,1.998316255891744442e+00,1.245559259032967159e+00,1.334762564097663251e+00,8.500000000000000611e-02,3.000000000000000000e+00,4.502249959989419207e+06
-5.809488115087413362e+00,1.998316255891744442e+00,1.245559259032967159e+00,1.334762564097663251e+00,8.500000000000000611e-02,3.000000000000000000e+00,4.502249959989419207e+06
-5.809488115087413362e+00,1.998316255891744442e+00,1.245559259032967159e+00,1.334762564097663251e+00,8.500000000000000611e-02,3.000000000000000000e+00,4.502249959989419207e+06
-5.809488115087413362e+00,1.998316255891744442e+00,1.245559259032967159e+00,1.334762564097663251e+00,8.500000000000000611e-02,3.000000000000000000e+00,4.502249959989419207e+06
-5.809488115087413362e+00,1.998316255891744442e+00,1.245559259032967159e+00,1.334762564097663251e+00,8.500000000000000611e-02,3.000000000000000000e+00,4.502249959989419207e+06
-5.809488115087413362e+00,1.998316255891744442e+00,1.245559259032967159e+00,1.334762564097663251e+00,8.500000000000000611e-02,3.000000000000000000e+00,4.502249959989419207e+06
-5.809488115087413362e+00,1.998316255891744442e+00,1.245559259032967159e+00,1.334762564097663251e+00,8.500000000000000611e-02,3.000000000000000000e+00,4.502249959989419207e+06
-5.809488115087413362e+00,1.998316255891744442e+00,1.245559259032967159e+00,1.334762564097663251e+00,8.500000000000000611e-02,3.000000000000000000e+00,4.502249959989419207e+06
-5.809488115087413362e+00,1.998316255891744442e+00,1.245559259032967159e+00,1.334762564097663251e+00,8.500000000000000611e-02,3.000000000000000000e+00,4.502249959989419207e+06
-5.809488115087413362e+00,1.998316255891744442e+00,1.245559259032967159e+00,1.334762564097663251e+00,8.500000000000000611e-02,3.000000000000000000e+00,4.502249959989419207e+06
-5.809488115087413362e+00,1.998316255891744442e+00,1.245559259032967159e+00,1.334762564097663251e+00,8.500000000000000611e-02,3.000000000000000000e+00,4.502249959989419207e+06
-5.809488115087413362e+00,1.998316255891744442e+00,1.245559259032967159e+00,1.334762564097663251e+00,8.500000000000000611e-02,3.000000000000000000e+00,4.502249959989419207e+06
-5.809488115087413362e+00,1.998316255891744442e+00,1.245559259032967159e+00,1.334762564097663251e+00,8.500000000000000611e-02,3.000000000000000000e+00,4.502249959989419207e+06
-5.809488115087413362e+00,1.998316255891744442e+00,1.245559259032967159e+00,1.334762564097663251e+00,8.500000000000000611e-02,3.000000000000000000e+00,4.502249959989419207e+06
-5.809488115087413362e+00,1.998316255891744442e+00,1.245559259032967159e+00,1.334762564097663251e+00,8.500000000000000611e-02,3.000000000000000000e+00,4.502249959989419207e+06
-5.809488115087413362e+00,1.998316255891744442e+00,1.245559259032967159e+00,1.334762564097663251e+00,8.500000000000000611e-02,3.000000000000000000e+00,4.502249959989419207e+06
-5.809488115087413362e+00,1.998316255891744442e+00,1.245559259032967159e+00,1.334762564097663251e+00,8.500000000000000611e-02,3.000000000000000000e+00,4.502249959989419207e+06
-5.809488115087413362e+00,1.998316255891744442e+00,1.245559259032967159e+00,1.334762564097663251e+00,8.500000000000000611e-02,3.000000000000000000e+00,4.502249959989419207e+06
-5.809488115087413362e+00,1.998316255891744442e+00,1.245559259032967159e+00,1.334762564097663251e+00,8.500000000000000611e-02,3.000000000000000000e+00,4.502249959989419207e+06
-5.809488115087413362e+00,1.998316255891744442e+00,1.245559259032967159e+00,1.334762564097663251e+00,8.500000000000000611e-02,3.000000000000000000e+00,4.502249959989419207e+06
-5.809488115087413362e+00,1.998316255891744442e+00,1.245559259032967159e+00,1.334762564097663251e+00,8.500000000000000611e-02,3.000000000000000000e+00,4.502249959989419207e+06
-5.809488115087413362e+00,1.998316255891744442e+00,1.245559259032967159e+00,1.334762564097663251e+00,8.500000000000000611e-02,3.000000000000000000e+00,4.502249959989419207e+06
-5.809488115087413362e+00,1.998316255891744442e+00,1.245559259032967159e+00,1.334762564097663251e+00,8.500000000000000611e-02,3.000000000000000000e+00,4.502249959989419207e+06
-5.809488115087413362e+00,1.998316255891744442e+00,1.245559259032967159e+00,1.334762564097663251e+00,8.500000000000000611e-02,3.000000000000000000e+00,4.502249959989419207e+06
-5.811470065847759159e+00,1.996694498226586845e+00,1.243189857007669152e+00,1.333276280900957511e+00,8.500000000000000611e-02,3.000000000000000000e+00,4.502249959989419207e+06
-4.282260367535903889e+00,3.236288010411891847e+00,3.281296969590677737e+00,2.168662686241729531e+00,8.500000000000000611e-02,3.000000000000000000e+00,4.502249959989419207e+06
-4.282260367535903889e+00,3.236288010411891847e+00,3.281296969590677737e+00,2.168662686241729531e+00,8.500000000000000611e-02,3.000000000000000000e+00,4.502249959989419207e+06
-4.105806925812180985e+00,3.483421456586755394e+00,3.610467683589025700e+00,2.445385520290012327e+00,8.500000000000000611e-02,3.000000000000000000e+00,4.502249959989419207e+06
-4.105806925812180985e+00,3.483421456586755394e+00,3.610467683589025700e+00,2.445385520290012327e+00,8.500000000000000611e-02,3.000000000000000000e+00,4.502249959989419207e+06
-4.105806925812180985e+00,3.483421456586755394e+00,3.610467683589025700e+00,2.445385520290012327e+00,8.500000000000000611e-02,3.000000000000000000e+00,4.502249959989419207e+06
-3.848859772045784666e+00,3.937545469600784998e+00,3.866489329779182249e+00,2.523807249927067620e+00,8.500000000000000611e-02,3.000000000000000000e+00,4.502249959989419207e+06
-4.083793360891329272e+00,3.746781854090746045e+00,3.537895005733428189e+00,2.134696513398425033e+00,8.500000000000000611e-02,3.000000000000000000e+00,4.502249959989419207e+06
-3.547639515132065657e+00,5.307731965863563772e+00,3.344829638634974511e+00,9.810623094804333810e-01,8.500000000000000611e-02,3.000000000000000000e+00,4.502249959989419207e+06
-4.190310510390503396e+00,4.062670291023372293e+00,3.352946350995142044e+00,1.536352929829253533e+00,8.500000000000000611e-02,3.000000000000000000e+00,4.502249959989419207e+06
-4.236878612356990814e+00,3.451800558794975604e+00,3.320527691776812063e+00,2.069005779005670398e+00,8.500000000000000611e-02,3.000000000000000000e+00,4.502249959989419207e+06
-5.809434069622181340e+00,1.999955571226858853e+00,1.246127352206587435e+00,1.336294960403642040e+00,8.500000000000000611e-02,3.000000000000000000e+00,4.502249959989419207e+06
-5.809434069622181340e+00,1.999955571226858853e+00,1.246127352206587435e+00,1.336294960403642040e+00,8.500000000000000611e-02,3.000000000000000000e+00,4.502249959989419207e+06
-5.809434069622181340e+00,1.999955571226858853e+00,1.246127352206587435e+00,1.336294960403642040e+00,8.500000000000000611e-02,3.000000000000000000e+00,4.502249959989419207e+06
-5.809434069622181340e+00,1.999955571226858853e+00,1.246127352206587435e+00,1.336294960403642040e+00,8.500000000000000611e-02,3.000000000000000000e+00,4.502249959989419207e+06
-5.809427917546962306e+00,1.999944371985078018e+00,1.246128245106385535e+00,1.336287551679713914e+00,8.500000000000000611e-02,3.000000000000000000e+00,4.502249959989419207e+06
-5.809427917546962306e+00,1.999944371985078018e+00,1.246128245106385535e+00,1.336287551679713914e+00,8.500000000000000611e-02,3.000000000000000000e+00,4.502249959989419207e+06
-5.809427917546962306e+00,1.999944371985078018e+00,1.246128245106385535e+00,1.336287551679713914e+00,8.500000000000000611e-02,3.000000000000000000e+00,4.502249959989419207e+06
-5.809427917546962306e+00,1.999944371985078018e+00,1.246128245106385535e+00,1.336287551679713914e+00,8.500000000000000611e-02,3.000000000000000000e+00,4.502249959989419207e+06
-5.809427917546962306e+00,1.999944371985078018e+00,1.246128245106385535e+00,1.336287551679713914e+00,8.500000000000000611e-02,3.000000000000000000e+00,4.502249959989419207e+06
-5.809427917546962306e+00,1.999944371985078018e+00,1.246128245106385535e+00,1.336287551679713914e+00,8.500000000000000611e-02,3.000000000000000000e+00,4.502249959989419207e+06
-5.809427917546962306e+00,1.999944371985078018e+00,1.246128245106385535e+00,1.336287551679713914e+00,8.500000000000000611e-02,3.000000000000000000e+00,4.502249959989419207e+06
-5.809427917546962306e+00,1.999944371985078018e+00,1.246128245106385535e+00,1.336287551679713914e+00,8.500000000000000611e-02,3.000000000000000000e+00,4.502249959989419207e+06
-5.809427917546962306e+00,1.999944371985078018e+00,1.246128245106385535e+00,1.336287551679713914e+00,8.500000000000000611e-02,3.000000000000000000e+00,4.502249959989419207e+06
-5.809427917546962306e+00,1.999944371985078018e+00,1.246128245106385535e+00,1.336287551679713914e+00,8.500000000000000611e-02,3.000000000000000000e+00,4.502249959989419207e+06
-5.809427917546962306e+00,1.999944371985078018e+00,1.246128245106385535e+00,1.336287551679713914e+00,8.500000000000000611e-02,3.000000000000000000e+00,4.502249959989419207e+06
-5.809427917546962306e+00,1.999944371985078018e+00,1.246128245106385535e+00,1.336287551679713914e+00,8.500000000000000611e-02,3.000000000000000000e+00,4.502249959989419207e+06
-5.809426314808926683e+00,1.999945153058552361e+00,1.246133755233548523e+00,1.336288415407703933e+00,8.500000000000000611e-02,3.000000000000000000e+00,4.502249959989419207e+06
-5.809426314808926683e+00,1.999945153058552361e+00,1.246133755233548523e+00,1.336288415407703933e+00,8.500000000000000611e-02,3.000000000000000000e+00,4.502249959989419207e+06
-5.809426314808926683e+00,1.999945153058552361e+00,1.246133755233548523e+00,1.336288415407703933e+00,8.500000000000000611e-02,3.000000000000000000e+00,4.502249959989419207e+06
-5.809426197254237145e+00,1.999949721228982735e+00,1.246132417971092421e+00,1.336291730492408902e+00,8.500000000000000611e-02,3.000000000000000000e+00,4.502249959989419207e+06
-5.809426197254237145e+00,1.999949721228982735e+00,1.246132417971092421e+00,1.336291730492408902e+00,8.500000000000000611e-02,3.000000000000000000e+00,4.502249959989419207e+06
-5.809426197254237145e+00,1.999949721228982735e+00,1.246132417971092421e+00,1.336291730492408902e+00,8.500000000000000611e-02,3.000000000000000000e+00,4.502249959989419207e+06
-5.809452209155814728e+00,1.999985738993426798e+00,1.246115418948131159e+00,1.336314603930011558e+00,8.500000000000000611e-02,3.000000000000000000e+00,4.502249959989419207e+06
-5.809479233514750263e+00,1.999920194606108925e+00,1.246048167885260405e+00,1.336227934814005591e+00,8.500000000000000611e-02,3.000000000000000000e+00,4.502249959989419207e+06
-5.809479233514750263e+00,1.999920194606108925e+00,1.246048167885260405e+00,1.336227934814005591e+00,8.500000000000000611e-02,3.000000000000000000e+00,4.502249959989419207e+06
-5.809479233514750263e+00,1.999920194606108925e+00,1.246048167885260405e+00,1.336227934814005591e+00,8.500000000000000611e-02,3.000000000000000000e+00,4.502249959989419207e+06
-5.809452939894659274e+00,2.000264947156058515e+00,1.246515402916827275e+00,1.336852258592527987e+00,8.500000000000000611e-02,3.000000000000000000e+00,4.502249959989419207e+06
-5.809452939894659274e+00,2.000264947156058515e+00,1.246515402916827275e+00,1.336852258592527987e+00,8.500000000000000611e-02,3.000000000000000000e+00,4.502249959989419207e+06
-5.809452939894659274e+00,2.000264947156058515e+00,1.246515402916827275e+00,1.336852258592527987e+00,8.500000000000000611e-02,3.000000000000000000e+00,4.502249959989419207e+06
-5.809452939894659274e+00,2.000264947156058515e+00,1.246515402916827275e+00,1.336852258592527987e+00,8.500000000000000611e-02,3.000000000000000000e+00,4.502249959989419207e+06
-5.809452939894659274e+00,2.000264947156058515e+00,1.246515402916827275e+00,1.336852258592527987e+00,8.500000000000000611e-02,3.000000000000000000e+00,4.502249959989419207e+06
-5.809452939894659274e+00,2.000264947156058515e+00,1.246515402916827275e+00,1.336852258592527987e+00,8.500000000000000611e-02,3.000000000000000000e+00,4.502249959989419207e+06
-5.809452939894659274e+00,2.000264947156058515e+00,1.246515402916827275e+00,1.336852258592527987e+00,8.500000000000000611e-02,3.000000000000000000e+00,4.502249959989419207e+06
-5.809452939894659274e+00,2.000264947156058515e+00,1.246515402916827275e+00,1.336852258592527987e+00,8.500000000000000611e-02,3.000000000000000000e+00,4.502249959989419207e+06
-5.809466516787674450e+00,2.000285462398507352e+00,1.246499782380608545e+00,1.336854125503494473e+00,8.500000000000000611e-02,3.000000000000000000e+00,4.502249959989419207e+06
-5.809466516787674450e+00,2.000285462398507352e+00,1.246499782380608545e+00,1.336854125503494473e+00,8.500000000000000611e-02,3.000000000000000000e+00,4.502249959989419207e+06
-5.809466516787674450e+00,2.000285462398507352e+00,1.246499782380608545e+00,1.336854125503494473e+00,8.500000000000000611e-02,3.000000000000000000e+00,4.502249959989419207e+06
-5.809466516787674450e+00,2.000285462398507352e+00,1.246499782380608545e+00,1.336854125503494473e+00,8.500000000000000611e-02,3.000000000000000000e+00,4.502249959989419207e+06
-5.809466516787674450e+00,2.000285462398507352e+00,1.246499782380608545e+00,1.336854125503494473e+00,8.500000000000000611e-02,3.000000000000000000e+00,4.502249959989419207e+06
-5.809466516787674450e+00,2.000285462398507352e+00,1.246499782380608545e+00,1.336854125503494473e+00,8.500000000000000611e-02,3.000000000000000000e+00,4.502249959989419207e+06
-5.810153454889531943e+00,2.000787884520238258e+00,1.245047330240709238e+00,1.335405426678499374e+00,8.500000000000000611e-02,3.000000000000000000e+00,4.502249959989419207e+06
-5.810153454889531943e+00,2.000787884520238258e+00,1.245047330240709238e+00,1.335405426678499374e+00,8.500000000000000611e-02,3.000000000000000000e+00,4.502249959989419207e+06
-5.810164948874334101e+00,2.000807813773265664e+00,1.245032284518158505e+00,1.335398628768543761e+00,8.500000000000000611e-02,3.000000000000000000e+00,4.502249959989419207e+06
-5.810164948874334101e+00,2.000807813773265664e+00,1.245032284518158505e+00,1.335398628768543761e+00,8.500000000000000611e-02,3.000000000000000000e+00,4.502249959989419207e+06
-5.810164948874334101e+00,2.000807813773265664e+00,1.245032284518158505e+00,1.335398628768543761e+00,8.500000000000000611e-02,3.000000000000000000e+00,4.502249959989419207e+06
-5.810164948874334101e+00,2.000807813773265664e+00,1.245032284518158505e+00,1.335398628768543761e+00,8.500000000000000611e-02,3.000000000000000000e+00,4.502249959989419207e+06
-5.810164948874334101e+00,2.000807813773265664e+00,1.245032284518158505e+00,1.335398628768543761e+00,8.500000000000000611e-02,3.000000000000000000e+00,4.502249959989419207e+06
-5.803263886573232888e+00,2.008654060752616655e+00,1.256264177231164458e+00,1.341737771951521774e+00,8.500000000000000611e-02,3.000000000000000000e+00,4.502249959989419207e+06
-5.803263886573232888e+00,2.008654060752616655e+00,1.256264177231164458e+00,1.341737771951521774e+00,8.500000000000000611e-02,3.000000000000000000e+00,4.502249959989419207e+06
-5.803263886573232888e+00,2.008654060752616655e+00,1.256264177231164458e+00,1.341737771951521774e+00,8.500000000000000611e-02,3.000000000000000000e+00,4.502249959989419207e+06
-5.803263886573232888e+00,2.008654060752616655e+00,1.256264177231164458e+00,1.341737771951521774e+00,8.500000000000000611e-02,3.000000000000000000e+00,4.502249959989419207e+06
-5.803263886573232888e+00,2.008654060752616655e+00,1.256264177231164458e+00,1.341737771951521774e+00,8.500000000000000611e-02,3.000000000000000000e+00,4.502249959989419207e+06
-5.803263886573232888e+00,2.008654060752616655e+00,1.256264177231164458e+00,1.341737771951521774e+00,8.500000000000000611e-02,3.000000000000000000e+00,4.502249959989419207e+06
-5.803263886573232888e+00,2.008654060752616655e+00,1.256264177231164458e+00,1.341737771951521774e+00,8.500000000000000611e-02,3.000000000000000000e+00,4.502249959989419207e+06
-5.803263886573232888e+00,2.008654060752616655e+00,1.256264177231164458e+00,1.341737771951521774e+00,8.500000000000000611e-02,3.000000000000000000e+00,4.502249959989419207e+06
-5.797190589458019794e+00,2.016285524707328136e+00,1.265128618840723140e+00,1.346287212733458416e+00,8.500000000000000611e-02,3.000000000000000000e+00,4.502249959989419207e+06
-5.797190589458019794e+00,2.016285524707328136e+00,1.265128618840723140e+00,1.346287212733458416e+00,8.500000000000000611e-02,3.000000000000000000e+00,4.502249959989419207e+06
-5.793080550262149409e+00,2.021100648983683801e+00,1.271592090472438263e+00,1.350163968682953408e+00,8.500000000000000611e-02,3.000000000000000000e+00,4.502249959989419207e+06
-5.793080550262149409e+00,2.021100648983683801e+00,1.271592090472438263e+00,1.350163968682953408e+00,8.500000000000000611e-02,3.000000000000000000e+00,4.502249959989419207e+06
-5.793080550262149409e+00,2.021100648983683801e+00,1.271592090472438263e+00,1.350163968682953408e+00,8.500000000000000611e-02,3.000000000000000000e+00,4.502249959989419207e+06
-5.793080550262149409e+00,2.021100648983683801e+00,1.271592090472438263e+00,1.350163968682953408e+00,8.500000000000000611e-02,3.000000000000000000e+00,4.502249959989419207e+06
-5.793080550262149409e+00,2.021100648983683801e+00,1.271592090472438263e+00,1.350163968682953408e+00,8.500000000000000611e-02,3.000000000000000000e+00,4.502249959989419207e+06
-5.773972274244067115e+00,2.046670950420057533e+00,1.302416008815512116e+00,1.366986338130388834e+00,8.500000000000000611e-02,3.000000000000000000e+00,4.502249959989419207e+06
-5.773972274244067115e+00,2.046670950420057533e+00,1.302416008815512116e+00,1.366986338130388834e+00,8.500000000000000611e-02,3.000000000000000000e+00,4.502249959989419207e+06
-5.773972274244067115e+00,2.046670950420057533e+00,1.302416008815512116e+00,1.366986338130388834e+00,8.500000000000000611e-02,3.000000000000000000e+00,4.502249959989419207e+06
-5.773972274244067115e+00,2.046670950420057533e+00,1.302416008815512116e+00,1.366986338130388834e+00,8.500000000000000611e-02,3.000000000000000000e+00,4.502249959989419207e+06
-5.773972274244067115e+00,2.046670950420057533e+00,1.302416008815512116e+00,1.366986338130388834e+00,8.500000000000000611e-02,3.000000000000000000e+00,4.502249959989419207e+06
-5.773972274244067115e+00,2.046670950420057533e+00,1.302416008815512116e+00,1.366986338130388834e+00,8.500000000000000611e-02,3.000000000000000000e+00,4.502249959989419207e+06
-5.773972274244067115e+00,2.046670950420057533e+00,1.302416008815512116e+00,1.366986338130388834e+00,8.500000000000000611e-02,3.000000000000000000e+00,4.502249959989419207e+06
-5.773972274244067115e+00,2.046670950420057533e+00,1.302416008815512116e+00,1.366986338130388834e+00,8.500000000000000611e-02,3.000000000000000000e+00,4.502249959989419207e+06
-5.773972274244067115e+00,2.046670950420057533e+00,1.302416008815512116e+00,1.366986338130388834e+00,8.500000000000000611e-02,3.000000000000000000e+00,4.502249959989419207e+06
-5.773972274244067115e+00,2.046670950420057533e+00,1.302416008815512116e+00,1.366986338130388834e+00,8.500000000000000611e-02,3.000000000000000000e+00,4.502249959989419207e+06
-5.773972274244067115e+00,2.046670950420057533e+00,1.302416008815512116e+00,1.366986338130388834e+00,8.500000000000000611e-02,3.000000000000000000e+00,4.502249959989419207e+06
-5.773972274244067115e+00,2.046670950420057533e+00,1.302416008815512116e+00,1.366986338130388834e+00,8.500000000000000611e-02,3.000000000000000000e+00,4.502249959989419207e+06
-5.773972274244067115e+00,2.046670950420057533e+00,1.302416008815512116e+00,1.366986338130388834e+00,8.500000000000000611e-02,3.000000000000000000e+00,4.502249959989419207e+06
-5.773972274244067115e+00,2.046670950420057533e+00,1.302416008815512116e+00,1.366986338130388834e+00,8.500000000000000611e-02,3.000000000000000000e+00,4.502249959989419207e+06
-5.773972274244067115e+00,2.046670950420057533e+00,1.302416008815512116e+00,1.366986338130388834e+00,8.500000000000000611e-02,3.000000000000000000e+00,4.502249959989419207e+06
-5.773972274244067115e+00,2.046670950420057533e+00,1.302416008815512116e+00,1.366986338130388834e+00,8.500000000000000611e-02,3.000000000000000000e+00,4.502249959989419207e+06
-5.773972274244067115e+00,2.046670950420057533e+00,1.302416008815512116e+00,1.366986338130388834e+00,8.500000000000000611e-02,3.000000000000000000e+00,4.502249959989419207e+06
-5.773972274244067115e+00,2.046670950420057533e+00,1.302416008815512116e+00,1.366986338130388834e+00,8.500000000000000611e-02,3.000000000000000000e+00,4.502249959989419207e+06
-5.773972274244067115e+00,2.046670950420057533e+00,1.302416008815512116e+00,1.366986338130388834e+00,8.500000000000000611e-02,3.000000000000000000e+00,4.502249959989419207e+06
-5.773972274244067115e+00,2.046670950420057533e+00,1.302416008815512116e+00,1.366986338130388834e+00,8.500000000000000611e-02,3.000000000000000000e+00,4.502249959989419207e+06
-5.773972274244067115e+00,2.046670950420057533e+00,1.302416008815512116e+00,1.366986338130388834e+00,8.500000000000000611e-02,3.000000000000000000e+00,4.502249959989419207e+06
-4.171531990785668498e+00,3.354678866334196652e+00,3.398819153580937780e+00,2.224429145252166506e+00,8.500000000000000611e-02,3.000000000000000000e+00,4.502249959989419207e+06
-3.987790604494954927e+00,4.800729611902680105e+00,4.090214770417362367e+00,1.672835571522443665e+00,8.500000000000000611e-02,3.000000000000000000e+00,4.502249959989419207e+06
-4.148547074293713166e+00,4.232139098502990748e+00,3.807168316501799765e+00,1.818425609537791754e+00,8.500000000000000611e-02,3.000000000000000000e+00,4.502249959989419207e+06
-4.148547074293713166e+00,4.232139098502990748e+00,3.807168316501799765e+00,1.818425609537791754e+00,8.500000000000000611e-02,3.000000000000000000e+00,4.502249959989419207e+06
-3.524397454736707402e+00,6.340180678498507305e+00,4.516617851339113976e+00,1.107209412469131404e+00,8.500000000000000611e-02,3.000000000000000000e+00,4.502249959989419207e+06
-3.678033578776746637e+00,5.721144686647212652e+00,4.326989276228555781e+00,1.363984563998582811e+00,8.500000000000000611e-02,3.000000000000000000e+00,4.502249959989419207e+06
-3.360704281503871016e+00,6.836650706207842987e+00,4.853800090784621268e+00,1.106060551793360158e+00,8.500000000000000611e-02,3.000000000000000000e+00,4.502249959989419207e+06
-5.809434561193790536e+00,1.999960583682590443e+00,1.246127905460344243e+00,1.336296236338428978e+00,8.500000000000000611e-02,3.000000000000000000e+00,4.502249959989419207e+06
-5.809434561193790536e+00,1.999960583682590443e+00,1.246127905460344243e+00,1.336296236338428978e+00,8.500000000000000611e-02,3.000000000000000000e+00,4.502249959989419207e+06
-5.809434561193790536e+00,1.999960583682590443e+00,1.246127905460344243e+00,1.336296236338428978e+00,8.500000000000000611e-02,3.000000000000000000e+00,4.502249959989419207e+06
-5.809434561193790536e+00,1.999960583682590443e+00,1.246127905460344243e+00,1.336296236338428978e+00,8.500000000000000611e-02,3.000000000000000000e+00,4.502249959989419207e+06
-5.809434561193790536e+00,1.999960583682590443e+00,1.246127905460344243e+00,1.336296236338428978e+00,8.500000000000000611e-02,3.000000000000000000e+00,4.502249959989419207e+06
-5.809434561193790536e+00,1.999960583682590443e+00,1.246127905460344243e+00,1.336296236338428978e+00,8.500000000000000611e-02,3.000000000000000000e+00,4.502249959989419207e+06
-5.809434561193790536e+00,1.999960583682590443e+00,1.246127905460344243e+00,1.336296236338428978e+00,8.500000000000000611e-02,3.000000000000000000e+00,4.502249959989419207e+06
-5.809427909170611137e+00,1.999975274554931959e+00,1.246141785724760531e+00,1.336316026399843482e+00,8.500000000000000611e-02,3.000000000000000000e+00,4.502249959989419207e+06
-5.809428062759449674e+00,1.999972893016340514e+00,1.246140833468865061e+00,1.336314223573700000e+00,8.500000000000000611e-02,3.000000000000000000e+00,4.502249959989419207e+06
-5.809392054668066407e+00,2.000073148339541529e+00,1.246282356295385529e+00,1.336477336214063838e+00,8.500000000000000611e-02,3.000000000000000000e+00,4.502249959989419207e+06
-5.809390700445792532e+00,2.000076141695308340e+00,1.246286756653004923e+00,1.336482483271077548e+00,8.500000000000000611e-02,3.000000000000000000e+00,4.502249959989419207e+06
-5.809390700445792532e+00,2.000076141695308340e+00,1.246286756653004923e+00,1.336482483271077548e+00,8.500000000000000611e-02,3.000000000000000000e+00,4.502249959989419207e+06
-5.809390700445792532e+00,2.000076141695308340e+00,1.246286756653004923e+00,1.336482483271077548e+00,8.500000000000000611e-02,3.000000000000000000e+00,4.502249959989419207e+06
-5.809333921189414163e+00,2.000141717604350777e+00,1.246424638372438887e+00,1.336617107308595509e+00,8.500000000000000611e-02,3.000000000000000000e+00,4.502249959989419207e+06
-5.809333921189414163e+00,2.000141717604350777e+00,1.246424638372438887e+00,1.336617107308595509e+00,8.500000000000000611e-02,3.000000000000000000e+00,4.502249959989419207e+06
-5.809351051127594978e+00,2.000112338056825756e+00,1.246367915091896705e+00,1.336560906212819644e+00,8.500000000000000611e-02,3.000000000000000000e+00,4.502249959989419207e+06
-5.809351051127594978e+00,2.000112338056825756e+00,1.246367915091896705e+00,1.336560906212819644e+00,8.500000000000000611e-02,3.000000000000000000e+00,4.502249959989419207e+06
-5.809351051127594978e+00,2.000112338056825756e+00,1.246367915091896705e+00,1.336560906212819644e+00,8.500000000000000611e-02,3.000000000000000000e+00,4.502249959989419207e+06
-5.809351051127594978e+00,2.000112338056825756e+00,1.246367915091896705e+00,1.336560906212819644e+00,8.500000000000000611e-02,3.000000000000000000e+00,4.502249959989419207e+06
-5.809351051127594978e+00,2.000112338056825756e+00,1.246367915091896705e+00,1.336560906212819644e+00,8.500000000000000611e-02,3.000000000000000000e+00,4.502249959989419207e+06
-5.809351051127594978e+00,2.000112338056825756e+00,1.246367915091896705e+00,1.336560906212819644e+00,8.500000000000000611e-02,3.000000000000000000e+00,4.502249959989419207e+06
-5.809351051127594978e+00,2.000112338056825756e+00,1.246367915091896705e+00,1.336560906212819644e+00,8.500000000000000611e-02,3.000000000000000000e+00,4.502249959989419207e+06
-5.809351051127594978e+00,2.000112338056825756e+00,1.246367915091896705e+00,1.336560906212819644e+00,8.500000000000000611e-02,3.000000000000000000e+00,4.502249959989419207e+06
-5.809337685335163926e+00,2.000132830361594838e+00,1.246395685649467344e+00,1.336590933107739909e+00,8.500000000000000611e-02,3.000000000000000000e+00,4.502249959989419207e+06
-5.809347291488855980e+00,2.000118318116620220e+00,1.246372476292161524e+00,1.336565221828204919e+00,8.500000000000000611e-02,3.000000000000000000e+00,4.502249959989419207e+06
-5.809434738132932097e+00,2.000272784144353722e+00,1.246260297727540323e+00,1.336617478790600000e+00,8.500000000000000611e-02,3.000000000000000000e+00,4.502249959989419207e+06
-5.809438892303679047e+00,2.000268192678255286e+00,1.246236721334103681e+00,1.336595671567986532e+00,8.500000000000000611e-02,3.000000000000000000e+00,4.502249959989419207e+06
-5.809438892303679047e+00,2.000268192678255286e+00,1.246236721334103681e+00,1.336595671567986532e+00,8.500000000000000611e-02,3.000000000000000000e+00,4.502249959989419207e+06
-5.809438892303679047e+00,2.000268192678255286e+00,1.246236721334103681e+00,1.336595671567986532e+00,8.500000000000000611e-02,3.000000000000000000e+00,4.502249959989419207e+06
-5.809507734417233671e+00,2.000212039471791936e+00,1.246082675719134558e+00,1.336465935473836630e+00,8.500000000000000611e-02,3.000000000000000000e+00,4.502249959989419207e+06
-5.809507734417233671e+00,2.000212039471791936e+00,1.246082675719134558e+00,1.336465935473836630e+00,8.500000000000000611e-02,3.000000000000000000e+00,4.502249959989419207e+06
-5.809507734417233671e+00,2.000212039471791936e+00,1.246082675719134558e+00,1.336465935473836630e+00,8.500000000000000611e-02,3.000000000000000000e+00,4.502249959989419207e+06
-5.809476234214778323e+00,2.000516410140266821e+00,1.246239406403460537e+00,1.336815335466435384e+00,8.500000000000000611e-02,3.000000000000000000e+00,4.502249959989419207e+06
-5.809476234214778323e+00,2.000516410140266821e+00,1.246239406403460537e+00,1.336815335466435384e+00,8.500000000000000611e-02,3.000000000000000000e+00,4.502249959989419207e+06
-5.809476234214778323e+00,2.000516410140266821e+00,1.246239406403460537e+00,1.336815335466435384e+00,8.500000000000000611e-02,3.000000000000000000e+00,4.502249959989419207e+06
-5.809476234214778323e+00,2.000516410140266821e+00,1.246239406403460537e+00,1.336815335466435384e+00,8.500000000000000611e-02,3.000000000000000000e+00,4.502249959989419207e+06
-5.809476234214778323e+00,2.000516410140266821e+00,1.246239406403460537e+00,1.336815335466435384e+00,8.500000000000000611e-02,3.000000000000000000e+00,4.502249959989419207e+06
-5.809476234214778323e+00,2.000516410140266821e+00,1.246239406403460537e+00,1.336815335466435384e+00,8.500000000000000611e-02,3.000000000000000000e+00,4.502249959989419207e+06
-5.809943664045522205e+00,2.000185610220818866e+00,1.245206183043005232e+00,1.336001661787475259e+00,8.500000000000000611e-02,3.000000000000000000e+00,4.502249959989419207e+06
-5.812913030037732298e+00,1.999859349268490405e+00,1.240695174390748834e+00,1.333769734169262255e+00,8.500000000000000611e-02,3.000000000000000000e+00,4.502249959989419207e+06
-5.812913030037732298e+00,1.999859349268490405e+00,1.240695174390748834e+00,1.333769734169262255e+00,8.500000000000000611e-02,3.000000000000000000e+00,4.502249959989419207e+06
-5.812913030037732298e+00,1.999859349268490405e+00,1.240695174390748834e+00,1.333769734169262255e+00,8.500000000000000611e-02,3.000000000000000000e+00,4.502249959989419207e+06
-5.812913030037732298e+00,1.999859349268490405e+00,1.240695174390748834e+00,1.333769734169262255e+00,8.500000000000000611e-02,3.000000000000000000e+00,4.502249959989419207e+06
-5.812913030037732298e+00,1.999859349268490405e+00,1.240695174390748834e+00,1.333769734169262255e+00,8.500000000000000611e-02,3.000000000000000000e+00,4.502249959989419207e+06
-5.812913030037732298e+00,1.999859349268490405e+00,1.240695174390748834e+00,1.333769734169262255e+00,8.500000000000000611e-02,3.000000000000000000e+00,4.502249959989419207e+06
-5.812913030037732298e+00,1.999859349268490405e+00,1.240695174390748834e+00,1.333769734169262255e+00,8.500000000000000611e-02,3.000000000000000000e+00,4.502249959989419207e+06
-5.812913030037732298e+00,1.999859349268490405e+00,1.240695174390748834e+00,1.333769734169262255e+00,8.500000000000000611e-02,3.000000000000000000e+00,4.502249959989419207e+06
-5.812913030037732298e+00,1.999859349268490405e+00,1.240695174390748834e+00,1.333769734169262255e+00,8.500000000000000611e-02,3.000000000000000000e+00,4.502249959989419207e+06
-5.812913030037732298e+00,1.999859349268490405e+00,1.240695174390748834e+00,1.333769734169262255e+00,8.500000000000000611e-02,3.000000000000000000e+00,4.502249959989419207e+06
-5.812913030037732298e+00,1.999859349268490405e+00,1.240695174390748834e+00,1.333769734169262255e+00,8.500000000000000611e-02,3.000000000000000000e+00,4.502249959989419207e+06
-5.812913030037732298e+00,1.999859349268490405e+00,1.240695174390748834e+00,1.333769734169262255e+00,8.500000000000000611e-02,3.000000000000000000e+00,4.502249959989419207e+06
-5.812913030037732298e+00,1.999859349268490405e+00,1.240695174390748834e+00,1.333769734169262255e+00,8.500000000000000611e-02,3.000000000000000000e+00,4.502249959989419207e+06
-5.812913030037732298e+00,1.999859349268490405e+00,1.240695174390748834e+00,1.333769734169262255e+00,8.500000000000000611e-02,3.000000000000000000e+00,4.502249959989419207e+06
-5.812913030037732298e+00,1.999859349268490405e+00,1.240695174390748834e+00,1.333769734169262255e+00,8.500000000000000611e-02,3.000000000000000000e+00,4.502249959989419207e+06
-5.812913030037732298e+00,1.999859349268490405e+00,1.240695174390748834e+00,1.333769734169262255e+00,8.500000000000000611e-02,3.000000000000000000e+00,4.502249959989419207e+06
-5.804314630169070455e+00,2.012046781867669054e+00,1.254526458686583190e+00,1.344332426101555233e+00,8.500000000000000611e-02,3.000000000000000000e+00,4.502249959989419207e+06
-5.804314630169070455e+00,2.012046781867669054e+00,1.254526458686583190e+00,1.344332426101555233e+00,8.500000000000000611e-02,3.000000000000000000e+00,4.502249959989419207e+06
-5.804314630169070455e+00,2.012046781867669054e+00,1.254526458686583190e+00,1.344332426101555233e+00,8.500000000000000611e-02,3.000000000000000000e+00,4.502249959989419207e+06
-5.804314630169070455e+00,2.012046781867669054e+00,1.254526458686583190e+00,1.344332426101555233e+00,8.500000000000000611e-02,3.000000000000000000e+00,4.502249959989419207e+06
-5.804314630169070455e+00,2.012046781867669054e+00,1.254526458686583190e+00,1.344332426101555233e+00,8.500000000000000611e-02,3.000000000000000000e+00,4.502249959989419207e+06
-5.804314630169070455e+00,2.012046781867669054e+00,1.254526458686583190e+00,1.344332426101555233e+00,8.500000000000000611e-02,3.000000000000000000e+00,4.502249959989419207e+06
-5.804314630169070455e+00,2.012046781867669054e+00,1.254526458686583190e+00,1.344332426101555233e+00,8.500000000000000611e-02,3.000000000000000000e+00,4.502249959989419207e+06
-5.804314630169070455e+00,2.012046781867669054e+00,1.254526458686583190e+00,1.344332426101555233e+00,8.500000000000000611e-02,3.000000000000000000e+00,4.502249959989419207e+06
-5.804314630169070455e+00,2.012046781867669054e+00,1.254526458686583190e+00,1.344332426101555233e+00,8.500000000000000611e-02,3.000000000000000000e+00,4.502249959989419207e+06
-5.804314630169070455e+00,2.012046781867669054e+00,1.254526458686583190e+00,1.344332426101555233e+00,8.500000000000000611e-02,3.000000000000000000e+00,4.502249959989419207e+06
-5.804314630169070455e+00,2.012046781867669054e+00,1.254526458686583190e+00,1.344332426101555233e+00,8.500000000000000611e-02,3.000000000000000000e+00,4.502249959989419207e+06
-5.804314630169070455e+00,2.012046781867669054e+00,1.254526458686583190e+00,1.344332426101555233e+00,8.500000000000000611e-02,3.000000000000000000e+00,4.502249959989419207e+06
-5.804314630169070455e+00,2.012046781867669054e+00,1.254526458686583190e+00,1.344332426101555233e+00,8.500000000000000611e-02,3.000000000000000000e+00,4.502249959989419207e+06
-5.804259991091961446e+00,2.010168163599764579e+00,1.254146027455434131e+00,1.343216302876916624e+00,8.500000000000000611e-02,3.000000000000000000e+00,4.502249959989419207e+06
-5.804259991091961446e+00,2.010168163599764579e+00,1.254146027455434131e+00,1.343216302876916624e+00,8.500000000000000611e-02,3.000000000000000000e+00,4.502249959989419207e+06
-5.804259991091961446e+00,2.010168163599764579e+00,1.254146027455434131e+00,1.343216302876916624e+00,8.500000000000000611e-02,3.000000000000000000e+00,4.502249959989419207e+06
-5.804259991091961446e+00,2.010168163599764579e+00,1.254146027455434131e+00,1.343216302876916624e+00,8.500000000000000611e-02,3.000000000000000000e+00,4.502249959989419207e+06
-5.804259991091961446e+00,2.010168163599764579e+00,1.254146027455434131e+00,1.343216302876916624e+00,8.500000000000000611e-02,3.000000000000000000e+00,4.502249959989419207e+06
-5.804259991091961446e+00,2.010168163599764579e+00,1.254146027455434131e+00,1.343216302876916624e+00,8.500000000000000611e-02,3.000000000000000000e+00,4.502249959989419207e+06
-5.806501243517947941e+00,2.005862202607275435e+00,1.250694059370973443e+00,1.340278177873784893e+00,8.500000000000000611e-02,3.000000000000000000e+00,4.502249959989419207e+06
-6.009128758885266208e+00,1.828162320639892258e+00,9.619512586114797870e-01,1.186601148729164112e+00,8.500000000000000611e-02,3.000000000000000000e+00,4.502249959989419207e+06
-6.009128758885266208e+00,1.828162320639892258e+00,9.619512586114797870e-01,1.186601148729164112e+00,8.500000000000000611e-02,3.000000000000000000e+00,4.502249959989419207e+06
-6.009128758885266208e+00,1.828162320639892258e+00,9.619512586114797870e-01,1.186601148729164112e+00,8.500000000000000611e-02,3.000000000000000000e+00,4.502249959989419207e+06
-5.974718445539383360e+00,1.860136562944914695e+00,1.011771269978054999e+00,1.212996809898037931e+00,8.500000000000000611e-02,3.000000000000000000e+00,4.502249959989419207e+06
-5.950297356519721248e+00,1.880422145485429075e+00,1.045518272350121070e+00,1.229810266206934344e+00,8.500000000000000611e-02,3.000000000000000000e+00,4.502249959989419207e+06
-6.226857704195413845e+00,1.642838031107886287e+00,6.618447461572958268e-01,1.043791376393157000e+00,8.500000000000000611e-02,3.000000000000000000e+00,4.502249959989419207e+06
-6.226857704195413845e+00,1.642838031107886287e+00,6.618447461572958268e-01,1.043791376393157000e+00,8.500000000000000611e-02,3.000000000000000000e+00,4.502249959989419207e+06
-6.298810905140960870e+00,1.587183877331105109e+00,5.725275453120006741e-01,1.014362630887859495e+00,8.500000000000000611e-02,3.000000000000000000e+00,4.502249959989419207e+06
-6.298810905140960870e+00,1.587183877331105109e+00,5.725275453120006741e-01,1.014362630887859495e+00,8.500000000000000611e-02,3.000000000000000000e+00,4.502249959989419207e+06
-6.395268322304100472e+00,1.500298698764610084e+00,4.309729719779142876e-01,9.328740165614370916e-01,8.500000000000000611e-02,3.000000000000000000e+00,4.502249959989419207e+06
-7.168980865530470759e+00,8.922045967165677105e-01,-5.746642815510707436e-01,5.247214198515077754e-01,8.500000000000000611e-02,3.000000000000000000e+00,4.502249959989419207e+06
-7.168980865530470759e+00,8.922045967165677105e-01,-5.746642815510707436e-01,5.247214198515077754e-01,8.500000000000000611e-02,3.000000000000000000e+00,4.502249959989419207e+06
-7.185586495302961119e+00,8.789240839786377490e-01,-5.945764089875845704e-01,5.221703608858093704e-01,8.500000000000000611e-02,3.000000000000000000e+00,4.502249959989419207e+06
-7.086206669689753213e+00,9.549015484631406814e-01,-4.805137178931470632e-01,4.918349693541768097e-01,8.500000000000000611e-02,3.000000000000000000e+00,4.502249959989419207e+06
-7.165787057315575304e+00,9.480699965091702319e-01,-5.510635935512607775e-01,4.653440950778585661e-01,8.500000000000000611e-02,3.000000000000000000e+00,4.502249959989419207e+06
-5.809429390265442805e+00,1.999972247705741779e+00,1.246139699558412861e+00,1.336313301186526914e+00,8.500000000000000611e-02,3.000000000000000000e+00,4.502249959989419207e+06
-5.809429390265442805e+00,1.999972247705741779e+00,1.246139699558412861e+00,1.336313301186526914e+00,8.500000000000000611e-02,3.000000000000000000e+00,4.502249959989419207e+06
-5.809429390265442805e+00,1.999972247705741779e+00,1.246139699558412861e+00,1.336313301186526914e+00,8.500000000000000611e-02,3.000000000000000000e+00,4.502249959989419207e+06
-5.809425740930862503e+00,1.999986882548171474e+00,1.246148409218220232e+00,1.336330129711980730e+00,8.500000000000000611e-02,3.000000000000000000e+00,4.502249959989419207e+06
-5.809425740930862503e+00,1.999986882548171474e+00,1.246148409218220232e+00,1.336330129711980730e+00,8.500000000000000611e-02,3.000000000000000000e+00,4.502249959989419207e+06
-5.809425740930862503e+00,1.999986882548171474e+00,1.246148409218220232e+00,1.336330129711980730e+00,8.500000000000000611e-02,3.000000000000000000e+00,4.502249959989419207e+06
-5.809425740930862503e+00,1.999986882548171474e+00,1.246148409218220232e+00,1.336330129711980730e+00,8.500000000000000611e-02,3.000000000000000000e+00,4.502249959989419207e+06
-5.809425740930862503e+00,1.999986882548171474e+00,1.246148409218220232e+00,1.336330129711980730e+00,8.500000000000000611e-02,3.000000000000000000e+00,4.502249959989419207e+06
-5.809425740930862503e+00,1.999986882548171474e+00,1.246148409218220232e+00,1.336330129711980730e+00,8.500000000000000611e-02,3.000000000000000000e+00,4.502249959989419207e+06
-5.809425740930862503e+00,1.999986882548171474e+00,1.246148409218220232e+00,1.336330129711980730e+00,8.500000000000000611e-02,3.000000000000000000e+00,4.502249959989419207e+06
-5.809425740930862503e+00,1.999986882548171474e+00,1.246148409218220232e+00,1.336330129711980730e+00,8.500000000000000611e-02,3.000000000000000000e+00,4.502249959989419207e+06
-5.809425740930862503e+00,1.999986882548171474e+00,1.246148409218220232e+00,1.336330129711980730e+00,8.500000000000000611e-02,3.000000000000000000e+00,4.502249959989419207e+06
-5.809425740930862503e+00,1.999986882548171474e+00,1.246148409218220232e+00,1.336330129711980730e+00,8.500000000000000611e-02,3.000000000000000000e+00,4.502249959989419207e+06
-5.809425740930862503e+00,1.999986882548171474e+00,1.246148409218220232e+00,1.336330129711980730e+00,8.500000000000000611e-02,3.000000000000000000e+00,4.502249959989419207e+06
-5.809425740930862503e+00,1.999986882548171474e+00,1.246148409218220232e+00,1.336330129711980730e+00,8.500000000000000611e-02,3.000000000000000000e+00,4.502249959989419207e+06
-5.809570834641378134e+00,1.999693038888530561e+00,1.245768802976105372e+00,1.335877771307741213e+00,8.500000000000000611e-02,3.000000000000000000e+00,4.502249959989419207e+06
-5.809570834641378134e+00,1.999693038888530561e+00,1.245768802976105372e+00,1.335877771307741213e+00,8.500000000000000611e-02,3.000000000000000000e+00,4.502249959989419207e+06
-5.809570834641378134e+00,1.999693038888530561e+00,1.245768802976105372e+00,1.335877771307741213e+00,8.500000000000000611e-02,3.000000000000000000e+00,4.502249959989419207e+06
-5.809570834641378134e+00,1.999693038888530561e+00,1.245768802976105372e+00,1.335877771307741213e+00,8.500000000000000611e-02,3.000000000000000000e+00,4.502249959989419207e+06
-5.809570834641378134e+00,1.999693038888530561e+00,1.245768802976105372e+00,1.335877771307741213e+00,8.500000000000000611e-02,3.000000000000000000e+00,4.502249959989419207e+06
-5.809570834641378134e+00,1.999693038888530561e+00,1.245768802976105372e+00,1.335877771307741213e+00,8.500000000000000611e-02,3.000000000000000000e+00,4.502249959989419207e+06
-5.809570834641378134e+00,1.999693038888530561e+00,1.245768802976105372e+00,1.335877771307741213e+00,8.500000000000000611e-02,3.000000000000000000e+00,4.502249959989419207e+06
-5.809534290432939230e+00,1.999750691252566881e+00,1.245970159479365957e+00,1.336122781322556241e+00,8.500000000000000611e-02,3.000000000000000000e+00,4.502249959989419207e+06
-5.809534290432939230e+00,1.999750691252566881e+00,1.245970159479365957e+00,1.336122781322556241e+00,8.500000000000000611e-02,3.000000000000000000e+00,4.502249959989419207e+06
-5.809534290432939230e+00,1.999750691252566881e+00,1.245970159479365957e+00,1.336122781322556241e+00,8.500000000000000611e-02,3.000000000000000000e+00,4.502249959989419207e+06
-5.809534290432939230e+00,1.999750691252566881e+00,1.245970159479365957e+00,1.336122781322556241e+00,8.500000000000000611e-02,3.000000000000000000e+00,4.502249959989419207e+06
-5.809534290432939230e+00,1.999750691252566881e+00,1.245970159479365957e+00,1.336122781322556241e+00,8.500000000000000611e-02,3.000000000000000000e+00,4.502249959989419207e+06
-5.809534290432939230e+00,1.999750691252566881e+00,1.245970159479365957e+00,1.336122781322556241e+00,8.500000000000000611e-02,3.000000000000000000e+00,4.502249959989419207e+06
-5.809534290432939230e+00,1.999750691252566881e+00,1.245970159479365957e+00,1.336122781322556241e+00,8.500000000000000611e-02,3.000000000000000000e+00,4.502249959989419207e+06
-5.809534290432939230e+00,1.999750691252566881e+00,1.245970159479365957e+00,1.336122781322556241e+00,8.500000000000000611e-02,3.000000000000000000e+00,4.502249959989419207e+06
-5.809534290432939230e+00,1.999750691252566881e+00,1.245970159479365957e+00,1.336122781322556241e+00,8.500000000000000611e-02,3.000000000000000000e+00,4.502249959989419207e+06
-5.809534290432939230e+00,1.999750691252566881e+00,1.245970159479365957e+00,1.336122781322556241e+00,8.500000000000000611e-02,3.000000000000000000e+00,4.502249959989419207e+06
-5.809534290432939230e+00,1.999750691252566881e+00,1.245970159479365957e+00,1.336122781322556241e+00,8.500000000000000611e-02,3.000000000000000000e+00,4.502249959989419207e+06
-5.809534290432939230e+00,1.999750691252566881e+00,1.245970159479365957e+00,1.336122781322556241e+00,8.500000000000000611e-02,3.000000000000000000e+00,4.502249959989419207e+06
-5.809534290432939230e+00,1.999750691252566881e+00,1.245970159479365957e+00,1.336122781322556241e+00,8.500000000000000611e-02,3.000000000000000000e+00,4.502249959989419207e+06
-5.809534290432939230e+00,1.999750691252566881e+00,1.245970159479365957e+00,1.336122781322556241e+00,8.500000000000000611e-02,3.000000000000000000e+00,4.502249959989419207e+06
-5.809534290432939230e+00,1.999750691252566881e+00,1.245970159479365957e+00,1.336122781322556241e+00,8.500000000000000611e-02,3.000000000000000000e+00,4.502249959989419207e+06
-5.809534290432939230e+00,1.999750691252566881e+00,1.245970159479365957e+00,1.336122781322556241e+00,8.500000000000000611e-02,3.000000000000000000e+00,4.502249959989419207e+06
-5.809534290432939230e+00,1.999750691252566881e+00,1.245970159479365957e+00,1.336122781322556241e+00,8.500000000000000611e-02,3.000000000000000000e+00,4.502249959989419207e+06
-5.809534290432939230e+00,1.999750691252566881e+00,1.245970159479365957e+00,1.336122781322556241e+00,8.500000000000000611e-02,3.000000000000000000e+00,4.502249959989419207e+06
-5.809534290432939230e+00,1.999750691252566881e+00,1.245970159479365957e+00,1.336122781322556241e+00,8.500000000000000611e-02,3.000000000000000000e+00,4.502249959989419207e+06
-5.809737738374536775e+00,1.999361431505690456e+00,1.245609133516890843e+00,1.335730371306356412e+00,8.500000000000000611e-02,3.000000000000000000e+00,4.502249959989419207e+06
-5.809737738374536775e+00,1.999361431505690456e+00,1.245609133516890843e+00,1.335730371306356412e+00,8.500000000000000611e-02,3.000000000000000000e+00,4.502249959989419207e+06
-5.809737738374536775e+00,1.999361431505690456e+00,1.245609133516890843e+00,1.335730371306356412e+00,8.500000000000000611e-02,3.000000000000000000e+00,4.502249959989419207e+06
-5.809764346248283751e+00,1.999295810926898342e+00,1.245561599535396358e+00,1.335658012753281554e+00,8.500000000000000611e-02,3.000000000000000000e+00,4.502249959989419207e+06
-5.809764346248283751e+00,1.999295810926898342e+00,1.245561599535396358e+00,1.335658012753281554e+00,8.500000000000000611e-02,3.000000000000000000e+00,4.502249959989419207e+06
-5.809764346248283751e+00,1.999295810926898342e+00,1.245561599535396358e+00,1.335658012753281554e+00,8.500000000000000611e-02,3.000000000000000000e+00,4.502249959989419207e+06
-5.809764346248283751e+00,1.999295810926898342e+00,1.245561599535396358e+00,1.335658012753281554e+00,8.500000000000000611e-02,3.000000000000000000e+00,4.502249959989419207e+06
-5.809764346248283751e+00,1.999295810926898342e+00,1.245561599535396358e+00,1.335658012753281554e+00,8.500000000000000611e-02,3.000000000000000000e+00,4.502249959989419207e+06
-5.809836416246950463e+00,1.999192496121741547e+00,1.245423655980745226e+00,1.335518703244113148e+00,8.500000000000000611e-02,3.000000000000000000e+00,4.502249959989419207e+06
-5.809818834898734963e+00,1.999210568947387801e+00,1.245450101525192643e+00,1.335533039098381725e+00,8.500000000000000611e-02,3.000000000000000000e+00,4.502249959989419207e+06
-5.809818834898734963e+00,1.999210568947387801e+00,1.245450101525192643e+00,1.335533039098381725e+00,8.500000000000000611e-02,3.000000000000000000e+00,4.502249959989419207e+06
-5.809818834898734963e+00,1.999210568947387801e+00,1.245450101525192643e+00,1.335533039098381725e+00,8.500000000000000611e-02,3.000000000000000000e+00,4.502249959989419207e+06
-5.809818834898734963e+00,1.999210568947387801e+00,1.245450101525192643e+00,1.335533039098381725e+00,8.500000000000000611e-02,3.000000000000000000e+00,4.502249959989419207e+06
-5.810798949554353499e+00,1.997660563922526888e+00,1.243333769701945313e+00,1.333296523372668796e+00,8.500000000000000611e-02,3.000000000000000000e+00,4.502249959989419207e+06
-5.810798949554353499e+00,1.997660563922526888e+00,1.243333769701945313e+00,1.333296523372668796e+00,8.500000000000000611e-02,3.000000000000000000e+00,4.502249959989419207e+06
-5.810798949554353499e+00,1.997660563922526888e+00,1.243333769701945313e+00,1.333296523372668796e+00,8.500000000000000611e-02,3.000000000000000000e+00,4.502249959989419207e+06
-5.810798949554353499e+00,1.997660563922526888e+00,1.243333769701945313e+00,1.333296523372668796e+00,8.500000000000000611e-02,3.000000000000000000e+00,4.502249959989419207e+06
-5.810798949554353499e+00,1.997660563922526888e+00,1.243333769701945313e+00,1.333296523372668796e+00,8.500000000000000611e-02,3.000000000000000000e+00,4.502249959989419207e+06
-5.810798949554353499e+00,1.997660563922526888e+00,1.243333769701945313e+00,1.333296523372668796e+00,8.500000000000000611e-02,3.000000000000000000e+00,4.502249959989419207e+06
-5.810798949554353499e+00,1.997660563922526888e+00,1.243333769701945313e+00,1.333296523372668796e+00,8.500000000000000611e-02,3.000000000000000000e+00,4.502249959989419207e+06
-5.810798949554353499e+00,1.997660563922526888e+00,1.243333769701945313e+00,1.333296523372668796e+00,8.500000000000000611e-02,3.000000000000000000e+00,4.502249959989419207e+06
-5.810798949554353499e+00,1.997660563922526888e+00,1.243333769701945313e+00,1.333296523372668796e+00,8.500000000000000611e-02,3.000000000000000000e+00,4.502249959989419207e+06
-5.810798949554353499e+00,1.997660563922526888e+00,1.243333769701945313e+00,1.333296523372668796e+00,8.500000000000000611e-02,3.000000000000000000e+00,4.502249959989419207e+06
-5.810798949554353499e+00,1.997660563922526888e+00,1.243333769701945313e+00,1.333296523372668796e+00,8.500000000000000611e-02,3.000000000000000000e+00,4.502249959989419207e+06
-5.810798949554353499e+00,1.997660563922526888e+00,1.243333769701945313e+00,1.333296523372668796e+00,8.500000000000000611e-02,3.000000000000000000e+00,4.502249959989419207e+06
-5.810798949554353499e+00,1.997660563922526888e+00,1.243333769701945313e+00,1.333296523372668796e+00,8.500000000000000611e-02,3.000000000000000000e+00,4.502249959989419207e+06
-5.810798949554353499e+00,1.997660563922526888e+00,1.243333769701945313e+00,1.333296523372668796e+00,8.500000000000000611e-02,3.000000000000000000e+00,4.502249959989419207e+06
-5.810798949554353499e+00,1.997660563922526888e+00,1.243333769701945313e+00,1.333296523372668796e+00,8.500000000000000611e-02,3.000000000000000000e+00,4.502249959989419207e+06
-5.810798949554353499e+00,1.997660563922526888e+00,1.243333769701945313e+00,1.333296523372668796e+00,8.500000000000000611e-02,3.000000000000000000e+00,4.502249959989419207e+06
-5.811806254887730283e+00,1.996029060794355159e+00,1.241096972194737358e+00,1.330946205693422257e+00,8.500000000000000611e-02,3.000000000000000000e+00,4.502249959989419207e+06
-5.811806254887730283e+00,1.996029060794355159e+00,1.241096972194737358e+00,1.330946205693422257e+00,8.500000000000000611e-02,3.000000000000000000e+00,4.502249959989419207e+06
-5.823026848490242102e+00,1.985422839588039778e+00,1.224338941821047078e+00,1.320890253752993626e+00,8.500000000000000611e-02,3.000000000000000000e+00,4.502249959989419207e+06
-5.823026848490242102e+00,1.985422839588039778e+00,1.224338941821047078e+00,1.320890253752993626e+00,8.500000000000000611e-02,3.000000000000000000e+00,4.502249959989419207e+06
-5.823026848490242102e+00,1.985422839588039778e+00,1.224338941821047078e+00,1.320890253752993626e+00,8.500000000000000611e-02,3.000000000000000000e+00,4.502249959989419207e+06
-5.823026848490242102e+00,1.985422839588039778e+00,1.224338941821047078e+00,1.320890253752993626e+00,8.500000000000000611e-02,3.000000000000000000e+00,4.502249959989419207e+06
-5.823026848490242102e+00,1.985422839588039778e+00,1.224338941821047078e+00,1.320890253752993626e+00,8.500000000000000611e-02,3.000000000000000000e+00,4.502249959989419207e+06
-5.823026848490242102e+00,1.985422839588039778e+00,1.224338941821047078e+00,1.320890253752993626e+00,8.500000000000000611e-02,3.000000000000000000e+00,4.502249959989419207e+06
-5.823026848490242102e+00,1.985422839588039778e+00,1.224338941821047078e+00,1.320890253752993626e+00,8.500000000000000611e-02,3.000000000000000000e+00,4.502249959989419207e+06
-5.823026848490242102e+00,1.985422839588039778e+00,1.224338941821047078e+00,1.320890253752993626e+00,8.500000000000000611e-02,3.000000000000000000e+00,4.502249959989419207e+06
-5.823026848490242102e+00,1.985422839588039778e+00,1.224338941821047078e+00,1.320890253752993626e+00,8.500000000000000611e-02,3.000000000000000000e+00,4.502249959989419207e+06
-4.818700696740751965e+00,2.586737005038934001e+00,2.419568143244161362e+00,1.433098711042388729e+00,8.500000000000000611e-02,3.000000000000000000e+00,4.502249959989419207e+06
-4.806952588400301707e+00,2.581532603742242138e+00,2.431662666258754157e+00,1.461491497157498376e+00,8.500000000000000611e-02,3.000000000000000000e+00,4.502249959989419207e+06
-4.832124791027113453e+00,2.528378560557278831e+00,2.459019269317407552e+00,1.529235193131425641e+00,8.500000000000000611e-02,3.000000000000000000e+00,4.502249959989419207e+06
-4.793693507657310171e+00,2.592220025575385556e+00,2.519340236810073019e+00,1.560579047134000863e+00,8.500000000000000611e-02,3.000000000000000000e+00,4.502249959989419207e+06
-4.754878647108655265e+00,2.675161103080576641e+00,2.561634504055643635e+00,1.553375089692797584e+00,8.500000000000000611e-02,3.000000000000000000e+00,4.502249959989419207e+06
-4.817927558777948427e+00,2.484655849261800498e+00,2.342732409779120673e+00,1.443815612032256723e+00,8.500000000000000611e-02,3.000000000000000000e+00,4.502249959989419207e+06
-4.817927558777948427e+00,2.484655849261800498e+00,2.342732409779120673e+00,1.443815612032256723e+00,8.500000000000000611e-02,3.000000000000000000e+00,4.502249959989419207e+06
-4.817927558777948427e+00,2.484655849261800498e+00,2.342732409779120673e+00,1.443815612032256723e+00,8.500000000000000611e-02,3.000000000000000000e+00,4.502249959989419207e+06
-4.542068096323769844e+00,2.475094994636866552e+00,1.823597087029432240e+00,1.205483163471417152e+00,8.500000000000000611e-02,3.000000000000000000e+00,4.502249959989419207e+06
-5.809427867735310613e+00,1.999976510482396552e+00,1.246109519844955882e+00,1.336312993645930369e+00,8.500000000000000611e-02,3.000000000000000000e+00,4.502249959989419207e+06
-5.809427867735310613e+00,1.999976510482396552e+00,1.246109519844955882e+00,1.336312993645930369e+00,8.500000000000000611e-02,3.000000000000000000e+00,4.502249959989419207e+06
-5.809427867735310613e+00,1.999976510482396552e+00,1.246109519844955882e+00,1.336312993645930369e+00,8.500000000000000611e-02,3.000000000000000000e+00,4.502249959989419207e+06
-5.809424746727246180e+00,1.999989383278826027e+00,1.246108141603252450e+00,1.336321370871707659e+00,8.500000000000000611e-02,3.000000000000000000e+00,4.502249959989419207e+06
-5.809424746727246180e+00,1.999989383278826027e+00,1.246108141603252450e+00,1.336321370871707659e+00,8.500000000000000611e-02,3.000000000000000000e+00,4.502249959989419207e+06
-5.809402973117645530e+00,2.000026609647811426e+00,1.246155516467082780e+00,1.336377176891805574e+00,8.500000000000000611e-02,3.000000000000000000e+00,4.502249959989419207e+06
-5.809402973117645530e+00,2.000026609647811426e+00,1.246155516467082780e+00,1.336377176891805574e+00,8.500000000000000611e-02,3.000000000000000000e+00,4.502249959989419207e+06
-5.809402973117645530e+00,2.000026609647811426e+00,1.246155516467082780e+00,1.336377176891805574e+00,8.500000000000000611e-02,3.000000000000000000e+00,4.502249959989419207e+06
-5.809402973117645530e+00,2.000026609647811426e+00,1.246155516467082780e+00,1.336377176891805574e+00,8.500000000000000611e-02,3.000000000000000000e+00,4.502249959989419207e+06
-5.809402973117645530e+00,2.000026609647811426e+00,1.246155516467082780e+00,1.336377176891805574e+00,8.500000000000000611e-02,3.000000000000000000e+00,4.502249959989419207e+06
-5.809402973117645530e+00,2.000026609647811426e+00,1.246155516467082780e+00,1.336377176891805574e+00,8.500000000000000611e-02,3.000000000000000000e+00,4.502249959989419207e+06
-5.809402973117645530e+00,2.000026609647811426e+00,1.246155516467082780e+00,1.336377176891805574e+00,8.500000000000000611e-02,3.000000000000000000e+00,4.502249959989419207e+06
-5.809385067057956320e+00,2.000059986629207032e+00,1.246182339887929924e+00,1.336425188365250261e+00,8.500000000000000611e-02,3.000000000000000000e+00,4.502249959989419207e+06
-5.809305338035250621e+00,2.000134225433478630e+00,1.246407665987908864e+00,1.336580384023427825e+00,8.500000000000000611e-02,3.000000000000000000e+00,4.502249959989419207e+06
-5.809269075740299826e+00,2.000159781862456132e+00,1.246452028232549303e+00,1.336601075365011715e+00,8.500000000000000611e-02,3.000000000000000000e+00,4.502249959989419207e+06
-5.809269075740299826e+00,2.000159781862456132e+00,1.246452028232549303e+00,1.336601075365011715e+00,8.500000000000000611e-02,3.000000000000000000e+00,4.502249959989419207e+06
-5.809269075740299826e+00,2.000159781862456132e+00,1.246452028232549303e+00,1.336601075365011715e+00,8.500000000000000611e-02,3.000000000000000000e+00,4.502249959989419207e+06
-5.809269075740299826e+00,2.000159781862456132e+00,1.246452028232549303e+00,1.336601075365011715e+00,8.500000000000000611e-02,3.000000000000000000e+00,4.502249959989419207e+06
-5.809269075740299826e+00,2.000159781862456132e+00,1.246452028232549303e+00,1.336601075365011715e+00,8.500000000000000611e-02,3.000000000000000000e+00,4.502249959989419207e+06
-5.809032024108403469e+00,2.000474095039669553e+00,1.246929295079792999e+00,1.337062418673642394e+00,8.500000000000000611e-02,3.000000000000000000e+00,4.502249959989419207e+06
-5.809032024108403469e+00,2.000474095039669553e+00,1.246929295079792999e+00,1.337062418673642394e+00,8.500000000000000611e-02,3.000000000000000000e+00,4.502249959989419207e+06
-5.809032024108403469e+00,2.000474095039669553e+00,1.246929295079792999e+00,1.337062418673642394e+00,8.500000000000000611e-02,3.000000000000000000e+00,4.502249959989419207e+06
-5.809032024108403469e+00,2.000474095039669553e+00,1.246929295079792999e+00,1.337062418673642394e+00,8.500000000000000611e-02,3.000000000000000000e+00,4.502249959989419207e+06
-5.809032024108403469e+00,2.000474095039669553e+00,1.246929295079792999e+00,1.337062418673642394e+00,8.500000000000000611e-02,3.000000000000000000e+00,4.502249959989419207e+06
-5.809032024108403469e+00,2.000474095039669553e+00,1.246929295079792999e+00,1.337062418673642394e+00,8.500000000000000611e-02,3.000000000000000000e+00,4.502249959989419207e+06
-5.809032024108403469e+00,2.000474095039669553e+00,1.246929295079792999e+00,1.337062418673642394e+00,8.500000000000000611e-02,3.000000000000000000e+00,4.502249959989419207e+06
-5.809032024108403469e+00,2.000474095039669553e+00,1.246929295079792999e+00,1.337062418673642394e+00,8.500000000000000611e-02,3.000000000000000000e+00,4.502249959989419207e+06
-5.809032024108403469e+00,2.000474095039669553e+00,1.246929295079792999e+00,1.337062418673642394e+00,8.500000000000000611e-02,3.000000000000000000e+00,4.502249959989419207e+06
-5.809032024108403469e+00,2.000474095039669553e+00,1.246929295079792999e+00,1.337062418673642394e+00,8.500000000000000611e-02,3.000000000000000000e+00,4.502249959989419207e+06
-5.806613089997363808e+00,2.002526977136044550e+00,1.250245098196067328e+00,1.339011997561399436e+00,8.500000000000000611e-02,3.000000000000000000e+00,4.502249959989419207e+06
-5.806907363207847617e+00,2.002165285358027180e+00,1.249720974306409049e+00,1.338543333322319562e+00,8.500000000000000611e-02,3.000000000000000000e+00,4.502249959989419207e+06
-5.804112763875042269e+00,2.004833111406881585e+00,1.253355795390095118e+00,1.340973497966499783e+00,8.500000000000000611e-02,3.000000000000000000e+00,4.502249959989419207e+06
-5.804112763875042269e+00,2.004833111406881585e+00,1.253355795390095118e+00,1.340973497966499783e+00,8.500000000000000611e-02,3.000000000000000000e+00,4.502249959989419207e+06
-5.804112763875042269e+00,2.004833111406881585e+00,1.253355795390095118e+00,1.340973497966499783e+00,8.500000000000000611e-02,3.000000000000000000e+00,4.502249959989419207e+06
-5.804112763875042269e+00,2.004833111406881585e+00,1.253355795390095118e+00,1.340973497966499783e+00,8.500000000000000611e-02,3.000000000000000000e+00,4.502249959989419207e+06
-5.804112763875042269e+00,2.004833111406881585e+00,1.253355795390095118e+00,1.340973497966499783e+00,8.500000000000000611e-02,3.000000000000000000e+00,4.502249959989419207e+06
-5.804112763875042269e+00,2.004833111406881585e+00,1.253355795390095118e+00,1.340973497966499783e+00,8.500000000000000611e-02,3.000000000000000000e+00,4.502249959989419207e+06
-5.804112763875042269e+00,2.004833111406881585e+00,1.253355795390095118e+00,1.340973497966499783e+00,8.500000000000000611e-02,3.000000000000000000e+00,4.502249959989419207e+06
-5.804112763875042269e+00,2.004833111406881585e+00,1.253355795390095118e+00,1.340973497966499783e+00,8.500000000000000611e-02,3.000000000000000000e+00,4.502249959989419207e+06
-5.796704916424693543e+00,2.011236987523000508e+00,1.262848420257330684e+00,1.346716172956440083e+00,8.500000000000000611e-02,3.000000000000000000e+00,4.502249959989419207e+06
-5.796704916424693543e+00,2.011236987523000508e+00,1.262848420257330684e+00,1.346716172956440083e+00,8.500000000000000611e-02,3.000000000000000000e+00,4.502249959989419207e+06
-5.796704916424693543e+00,2.011236987523000508e+00,1.262848420257330684e+00,1.346716172956440083e+00,8.500000000000000611e-02,3.000000000000000000e+00,4.502249959989419207e+06
-5.796704916424693543e+00,2.011236987523000508e+00,1.262848420257330684e+00,1.346716172956440083e+00,8.500000000000000611e-02,3.000000000000000000e+00,4.502249959989419207e+06
-5.796704916424693543e+00,2.011236987523000508e+00,1.262848420257330684e+00,1.346716172956440083e+00,8.500000000000000611e-02,3.000000000000000000e+00,4.502249959989419207e+06
-5.796704916424693543e+00,2.011236987523000508e+00,1.262848420257330684e+00,1.346716172956440083e+00,8.500000000000000611e-02,3.000000000000000000e+00,4.502249959989419207e+06
-5.796704916424693543e+00,2.011236987523000508e+00,1.262848420257330684e+00,1.346716172956440083e+00,8.500000000000000611e-02,3.000000000000000000e+00,4.502249959989419207e+06
-5.796704916424693543e+00,2.011236987523000508e+00,1.262848420257330684e+00,1.346716172956440083e+00,8.500000000000000611e-02,3.000000000000000000e+00,4.502249959989419207e+06
-5.796704916424693543e+00,2.011236987523000508e+00,1.262848420257330684e+00,1.346716172956440083e+00,8.500000000000000611e-02,3.000000000000000000e+00,4.502249959989419207e+06
-5.796704916424693543e+00,2.011236987523000508e+00,1.262848420257330684e+00,1.346716172956440083e+00,8.500000000000000611e-02,3.000000000000000000e+00,4.502249959989419207e+06
-5.796704916424693543e+00,2.011236987523000508e+00,1.262848420257330684e+00,1.346716172956440083e+00,8.500000000000000611e-02,3.000000000000000000e+00,4.502249959989419207e+06
-5.796704916424693543e+00,2.011236987523000508e+00,1.262848420257330684e+00,1.346716172956440083e+00,8.500000000000000611e-02,3.000000000000000000e+00,4.502249959989419207e+06
-5.796704916424693543e+00,2.011236987523000508e+00,1.262848420257330684e+00,1.346716172956440083e+00,8.500000000000000611e-02,3.000000000000000000e+00,4.502249959989419207e+06
-5.796704916424693543e+00,2.011236987523000508e+00,1.262848420257330684e+00,1.346716172956440083e+00,8.500000000000000611e-02,3.000000000000000000e+00,4.502249959989419207e+06
-5.789139592826282765e+00,2.018227279389099849e+00,1.272505585211386459e+00,1.352689955674831745e+00,8.500000000000000611e-02,3.000000000000000000e+00,4.502249959989419207e+06
-5.789139592826282765e+00,2.018227279389099849e+00,1.272505585211386459e+00,1.352689955674831745e+00,8.500000000000000611e-02,3.000000000000000000e+00,4.502249959989419207e+06
-5.789139592826282765e+00,2.018227279389099849e+00,1.272505585211386459e+00,1.352689955674831745e+00,8.500000000000000611e-02,3.000000000000000000e+00,4.502249959989419207e+06
-5.789139592826282765e+00,2.018227279389099849e+00,1.272505585211386459e+00,1.352689955674831745e+00,8.500000000000000611e-02,3.000000000000000000e+00,4.502249959989419207e+06
-5.789139592826282765e+00,2.018227279389099849e+00,1.272505585211386459e+00,1.352689955674831745e+00,8.500000000000000611e-02,3.000000000000000000e+00,4.502249959989419207e+06
-5.789139592826282765e+00,2.018227279389099849e+00,1.272505585211386459e+00,1.352689955674831745e+00,8.500000000000000611e-02,3.000000000000000000e+00,4.502249959989419207e+06
-5.789139592826282765e+00,2.018227279389099849e+00,1.272505585211386459e+00,1.352689955674831745e+00,8.500000000000000611e-02,3.000000000000000000e+00,4.502249959989419207e+06
-5.789139592826282765e+00,2.018227279389099849e+00,1.272505585211386459e+00,1.352689955674831745e+00,8.500000000000000611e-02,3.000000000000000000e+00,4.502249959989419207e+06
-5.789139592826282765e+00,2.018227279389099849e+00,1.272505585211386459e+00,1.352689955674831745e+00,8.500000000000000611e-02,3.000000000000000000e+00,4.502249959989419207e+06
-5.789139592826282765e+00,2.018227279389099849e+00,1.272505585211386459e+00,1.352689955674831745e+00,8.500000000000000611e-02,3.000000000000000000e+00,4.502249959989419207e+06
-5.789139592826282765e+00,2.018227279389099849e+00,1.272505585211386459e+00,1.352689955674831745e+00,8.500000000000000611e-02,3.000000000000000000e+00,4.502249959989419207e+06
-5.752390970603435072e+00,2.050367340678572514e+00,1.324445074644162279e+00,1.380683944924441686e+00,8.500000000000000611e-02,3.000000000000000000e+00,4.502249959989419207e+06
-5.752390970603435072e+00,2.050367340678572514e+00,1.324445074644162279e+00,1.380683944924441686e+00,8.500000000000000611e-02,3.000000000000000000e+00,4.502249959989419207e+06
-5.752390970603435072e+00,2.050367340678572514e+00,1.324445074644162279e+00,1.380683944924441686e+00,8.500000000000000611e-02,3.000000000000000000e+00,4.502249959989419207e+06
-5.752390970603435072e+00,2.050367340678572514e+00,1.324445074644162279e+00,1.380683944924441686e+00,8.500000000000000611e-02,3.000000000000000000e+00,4.502249959989419207e+06
-5.752390970603435072e+00,2.050367340678572514e+00,1.324445074644162279e+00,1.380683944924441686e+00,8.500000000000000611e-02,3.000000000000000000e+00,4.502249959989419207e+06
-5.752390970603435072e+00,2.050367340678572514e+00,1.324445074644162279e+00,1.380683944924441686e+00,8.500000000000000611e-02,3.000000000000000000e+00,4.502249959989419207e+06
-5.752390970603435072e+00,2.050367340678572514e+00,1.324445074644162279e+00,1.380683944924441686e+00,8.500000000000000611e-02,3.000000000000000000e+00,4.502249959989419207e+06
-5.752390970603435072e+00,2.050367340678572514e+00,1.324445074644162279e+00,1.380683944924441686e+00,8.500000000000000611e-02,3.000000000000000000e+00,4.502249959989419207e+06
-5.752390970603435072e+00,2.050367340678572514e+00,1.324445074644162279e+00,1.380683944924441686e+00,8.500000000000000611e-02,3.000000000000000000e+00,4.502249959989419207e+06
-5.752390970603435072e+00,2.050367340678572514e+00,1.324445074644162279e+00,1.380683944924441686e+00,8.500000000000000611e-02,3.000000000000000000e+00,4.502249959989419207e+06
-5.752390970603435072e+00,2.050367340678572514e+00,1.324445074644162279e+00,1.380683944924441686e+00,8.500000000000000611e-02,3.000000000000000000e+00,4.502249959989419207e+06
-5.752390970603435072e+00,2.050367340678572514e+00,1.324445074644162279e+00,1.380683944924441686e+00,8.500000000000000611e-02,3.000000000000000000e+00,4.502249959989419207e+06
-5.752390970603435072e+00,2.050367340678572514e+00,1.324445074644162279e+00,1.380683944924441686e+00,8.500000000000000611e-02,3.000000000000000000e+00,4.502249959989419207e+06
-5.752390970603435072e+00,2.050367340678572514e+00,1.324445074644162279e+00,1.380683944924441686e+00,8.500000000000000611e-02,3.000000000000000000e+00,4.502249959989419207e+06
-5.752390970603435072e+00,2.050367340678572514e+00,1.324445074644162279e+00,1.380683944924441686e+00,8.500000000000000611e-02,3.000000000000000000e+00,4.502249959989419207e+06
-5.752390970603435072e+00,2.050367340678572514e+00,1.324445074644162279e+00,1.380683944924441686e+00,8.500000000000000611e-02,3.000000000000000000e+00,4.502249959989419207e+06
-4.184346890582793854e+00,3.296093913586070734e+00,3.430863790147363090e+00,2.302977496247655242e+00,8.500000000000000611e-02,3.000000000000000000e+00,4.502249959989419207e+06
-4.184346890582793854e+00,3.296093913586070734e+00,3.430863790147363090e+00,2.302977496247655242e+00,8.500000000000000611e-02,3.000000000000000000e+00,4.502249959989419207e+06
-4.219977422871195039e+00,3.333189339725991740e+00,3.376764296433510726e+00,2.212637735407029016e+00,8.500000000000000611e-02,3.000000000000000000e+00,4.502249959989419207e+06
-4.140107943383810607e+00,3.456968551998309991e+00,3.491566867699454235e+00,2.307738139022033508e+00,8.500000000000000611e-02,3.000000000000000000e+00,4.502249959989419207e+06
-4.213783008652414175e+00,3.250150877493952706e+00,3.192800015910707945e+00,2.138925184915535738e+00,8.500000000000000611e-02,3.000000000000000000e+00,4.502249959989419207e+06
-4.364246197594617627e+00,3.194180908895513316e+00,2.928314656905277147e+00,1.796428860849219822e+00,8.500000000000000611e-02,3.000000000000000000e+00,4.502249959989419207e+06
-4.283028684526002827e+00,3.585004856341605262e+00,3.259230738024931018e+00,1.804711329487670879e+00,8.500000000000000611e-02,3.000000000000000000e+00,4.502249959989419207e+06
-4.281159769740884968e+00,3.685692127815293873e+00,3.264960953413797551e+00,1.718099944148792524e+00,8.500000000000000611e-02,3.000000000000000000e+00,4.502249959989419207e+06
-4.291471197823615746e+00,3.744556893803492326e+00,3.210585356670164536e+00,1.592134274487881029e+00,8.500000000000000611e-02,3.000000000000000000e+00,4.502249959989419207e+06
-4.271322900572863013e+00,4.232709582712018026e+00,4.002677672971218570e+00,1.912852050519014080e+00,8.500000000000000611e-02,3.000000000000000000e+00,4.502249959989419207e+06
-5.809434871314907767e+00,1.999959453538396215e+00,1.246128097891598285e+00,1.336296149751686757e+00,8.500000000000000611e-02,3.000000000000000000e+00,4.502249959989419207e+06
-5.809435448882758202e+00,1.999959798499262531e+00,1.246128666467002821e+00,1.336296362708879082e+00,8.500000000000000611e-02,3.000000000000000000e+00,4.502249959989419207e+06
-5.809364177313143252e+00,2.000030405401872713e+00,1.246315510931734316e+00,1.336466279350432274e+00,8.500000000000000611e-02,3.000000000000000000e+00,4.502249959989419207e+06
-5.809364177313143252e+00,2.000030405401872713e+00,1.246315510931734316e+00,1.336466279350432274e+00,8.500000000000000611e-02,3.000000000000000000e+00,4.502249959989419207e+06
-5.809364177313143252e+00,2.000030405401872713e+00,1.246315510931734316e+00,1.336466279350432274e+00,8.500000000000000611e-02,3.000000000000000000e+00,4.502249959989419207e+06
-5.809364177313143252e+00,2.000030405401872713e+00,1.246315510931734316e+00,1.336466279350432274e+00,8.500000000000000611e-02,3.000000000000000000e+00,4.502249959989419207e+06
-5.809364177313143252e+00,2.000030405401872713e+00,1.246315510931734316e+00,1.336466279350432274e+00,8.500000000000000611e-02,3.000000000000000000e+00,4.502249959989419207e+06
-5.809364177313143252e+00,2.000030405401872713e+00,1.246315510931734316e+00,1.336466279350432274e+00,8.500000000000000611e-02,3.000000000000000000e+00,4.502249959989419207e+06
-5.809253455860896587e+00,2.000188902743780694e+00,1.246592216215010485e+00,1.336755762823425897e+00,8.500000000000000611e-02,3.000000000000000000e+00,4.502249959989419207e+06
-5.809253455860896587e+00,2.000188902743780694e+00,1.246592216215010485e+00,1.336755762823425897e+00,8.500000000000000611e-02,3.000000000000000000e+00,4.502249959989419207e+06
-5.809253455860896587e+00,2.000188902743780694e+00,1.246592216215010485e+00,1.336755762823425897e+00,8.500000000000000611e-02,3.000000000000000000e+00,4.502249959989419207e+06
-5.809253455860896587e+00,2.000188902743780694e+00,1.246592216215010485e+00,1.336755762823425897e+00,8.500000000000000611e-02,3.000000000000000000e+00,4.502249959989419207e+06
-5.809253455860896587e+00,2.000188902743780694e+00,1.246592216215010485e+00,1.336755762823425897e+00,8.500000000000000611e-02,3.000000000000000000e+00,4.502249959989419207e+06
-5.809253455860896587e+00,2.000188902743780694e+00,1.246592216215010485e+00,1.336755762823425897e+00,8.500000000000000611e-02,3.000000000000000000e+00,4.502249959989419207e+06
-5.809189801592164137e+00,2.000269650468786686e+00,1.246755402448625372e+00,1.336918144612126103e+00,8.500000000000000611e-02,3.000000000000000000e+00,4.502249959989419207e+06
-5.809189801592164137e+00,2.000269650468786686e+00,1.246755402448625372e+00,1.336918144612126103e+00,8.500000000000000611e-02,3.000000000000000000e+00,4.502249959989419207e+06
-5.809189801592164137e+00,2.000269650468786686e+00,1.246755402448625372e+00,1.336918144612126103e+00,8.500000000000000611e-02,3.000000000000000000e+00,4.502249959989419207e+06
-5.809189801592164137e+00,2.000269650468786686e+00,1.246755402448625372e+00,1.336918144612126103e+00,8.500000000000000611e-02,3.000000000000000000e+00,4.502249959989419207e+06
-5.809189801592164137e+00,2.000269650468786686e+00,1.246755402448625372e+00,1.336918144612126103e+00,8.500000000000000611e-02,3.000000000000000000e+00,4.502249959989419207e+06
-5.809189801592164137e+00,2.000269650468786686e+00,1.246755402448625372e+00,1.336918144612126103e+00,8.500000000000000611e-02,3.000000000000000000e+00,4.502249959989419207e+06
-5.809189801592164137e+00,2.000269650468786686e+00,1.246755402448625372e+00,1.336918144612126103e+00,8.500000000000000611e-02,3.000000000000000000e+00,4.502249959989419207e+06
-5.809189801592164137e+00,2.000269650468786686e+00,1.246755402448625372e+00,1.336918144612126103e+00,8.500000000000000611e-02,3.000000000000000000e+00,4.502249959989419207e+06
-5.809158360192445691e+00,2.000331359587645519e+00,1.246844454938766056e+00,1.337013914773615753e+00,8.500000000000000611e-02,3.000000000000000000e+00,4.502249959989419207e+06
-5.809158360192445691e+00,2.000331359587645519e+00,1.246844454938766056e+00,1.337013914773615753e+00,8.500000000000000611e-02,3.000000000000000000e+00,4.502249959989419207e+06
-5.809158360192445691e+00,2.000331359587645519e+00,1.246844454938766056e+00,1.337013914773615753e+00,8.500000000000000611e-02,3.000000000000000000e+00,4.502249959989419207e+06
-5.809158360192445691e+00,2.000331359587645519e+00,1.246844454938766056e+00,1.337013914773615753e+00,8.500000000000000611e-02,3.000000000000000000e+00,4.502249959989419207e+06
-5.809158360192445691e+00,2.000331359587645519e+00,1.246844454938766056e+00,1.337013914773615753e+00,8.500000000000000611e-02,3.000000000000000000e+00,4.502249959989419207e+06
-5.809158360192445691e+00,2.000331359587645519e+00,1.246844454938766056e+00,1.337013914773615753e+00,8.500000000000000611e-02,3.000000000000000000e+00,4.502249959989419207e+06
-5.808931100509429513e+00,2.000682388814754908e+00,1.247372989458108705e+00,1.337552628300218149e+00,8.500000000000000611e-02,3.000000000000000000e+00,4.502249959989419207e+06
-5.808931100509429513e+00,2.000682388814754908e+00,1.247372989458108705e+00,1.337552628300218149e+00,8.500000000000000611e-02,3.000000000000000000e+00,4.502249959989419207e+06
-5.808931100509429513e+00,2.000682388814754908e+00,1.247372989458108705e+00,1.337552628300218149e+00,8.500000000000000611e-02,3.000000000000000000e+00,4.502249959989419207e+06
-5.808931100509429513e+00,2.000682388814754908e+00,1.247372989458108705e+00,1.337552628300218149e+00,8.500000000000000611e-02,3.000000000000000000e+00,4.502249959989419207e+06
-5.808931100509429513e+00,2.000682388814754908e+00,1.247372989458108705e+00,1.337552628300218149e+00,8.500000000000000611e-02,3.000000000000000000e+00,4.502249959989419207e+06
-5.808198714389642525e+00,2.001816564312321134e+00,1.249358072169157730e+00,1.339672258992378406e+00,8.500000000000000611e-02,3.000000000000000000e+00,4.502249959989419207e+06
-5.808198714389642525e+00,2.001816564312321134e+00,1.249358072169157730e+00,1.339672258992378406e+00,8.500000000000000611e-02,3.000000000000000000e+00,4.502249959989419207e+06
-5.808198714389642525e+00,2.001816564312321134e+00,1.249358072169157730e+00,1.339672258992378406e+00,8.500000000000000611e-02,3.000000000000000000e+00,4.502249959989419207e+06
-5.808198714389642525e+00,2.001816564312321134e+00,1.249358072169157730e+00,1.339672258992378406e+00,8.500000000000000611e-02,3.000000000000000000e+00,4.502249959989419207e+06
-5.808198714389642525e+00,2.001816564312321134e+00,1.249358072169157730e+00,1.339672258992378406e+00,8.500000000000000611e-02,3.000000000000000000e+00,4.502249959989419207e+06
-5.808198714389642525e+00,2.001816564312321134e+00,1.249358072169157730e+00,1.339672258992378406e+00,8.500000000000000611e-02,3.000000000000000000e+00,4.502249959989419207e+06
-5.807170823801800275e+00,2.003292424493574142e+00,1.252091835142476794e+00,1.342463862268824526e+00,8.500000000000000611e-02,3.000000000000000000e+00,4.502249959989419207e+06
-5.807170823801800275e+00,2.003292424493574142e+00,1.252091835142476794e+00,1.342463862268824526e+00,8.500000000000000611e-02,3.000000000000000000e+00,4.502249959989419207e+06
-5.807170823801800275e+00,2.003292424493574142e+00,1.252091835142476794e+00,1.342463862268824526e+00,8.500000000000000611e-02,3.000000000000000000e+00,4.502249959989419207e+06
-5.807170823801800275e+00,2.003292424493574142e+00,1.252091835142476794e+00,1.342463862268824526e+00,8.500000000000000611e-02,3.000000000000000000e+00,4.502249959989419207e+06
-5.807170823801800275e+00,2.003292424493574142e+00,1.252091835142476794e+00,1.342463862268824526e+00,8.500000000000000611e-02,3.000000000000000000e+00,4.502249959989419207e+06
-5.807170823801800275e+00,2.003292424493574142e+00,1.252091835142476794e+00,1.342463862268824526e+00,8.500000000000000611e-02,3.000000000000000000e+00,4.502249959989419207e+06
-5.807170823801800275e+00,2.003292424493574142e+00,1.252091835142476794e+00,1.342463862268824526e+00,8.500000000000000611e-02,3.000000000000000000e+00,4.502249959989419207e+06
-5.807170823801800275e+00,2.003292424493574142e+00,1.252091835142476794e+00,1.342463862268824526e+00,8.500000000000000611e-02,3.000000000000000000e+00,4.502249959989419207e+06
-5.807170823801800275e+00,2.003292424493574142e+00,1.252091835142476794e+00,1.342463862268824526e+00,8.500000000000000611e-02,3.000000000000000000e+00,4.502249959989419207e+06
-5.807170823801800275e+00,2.003292424493574142e+00,1.252091835142476794e+00,1.342463862268824526e+00,8.500000000000000611e-02,3.000000000000000000e+00,4.502249959989419207e+06
-5.807348512598816015e+00,2.003054553182607389e+00,1.251652056597243323e+00,1.342010680760647778e+00,8.500000000000000611e-02,3.000000000000000000e+00,4.502249959989419207e+06
-5.804644543498307385e+00,2.007262107231412518e+00,1.258440601913018542e+00,1.349100987519207928e+00,8.500000000000000611e-02,3.000000000000000000e+00,4.502249959989419207e+06
-5.804644543498307385e+00,2.007262107231412518e+00,1.258440601913018542e+00,1.349100987519207928e+00,8.500000000000000611e-02,3.000000000000000000e+00,4.502249959989419207e+06
-5.804644543498307385e+00,2.007262107231412518e+00,1.258440601913018542e+00,1.349100987519207928e+00,8.500000000000000611e-02,3.000000000000000000e+00,4.502249959989419207e+06
-5.806769733977454884e+00,2.012623561702863384e+00,1.253912941132279801e+00,1.344071308800814712e+00,8.500000000000000611e-02,3.000000000000000000e+00,4.502249959989419207e+06
-5.806769733977454884e+00,2.012623561702863384e+00,1.253912941132279801e+00,1.344071308800814712e+00,8.500000000000000611e-02,3.000000000000000000e+00,4.502249959989419207e+06
-5.806769733977454884e+00,2.012623561702863384e+00,1.253912941132279801e+00,1.344071308800814712e+00,8.500000000000000611e-02,3.000000000000000000e+00,4.502249959989419207e+06
-5.806769733977454884e+00,2.012623561702863384e+00,1.253912941132279801e+00,1.344071308800814712e+00,8.500000000000000611e-02,3.000000000000000000e+00,4.502249959989419207e+06
-5.806769733977454884e+00,2.012623561702863384e+00,1.253912941132279801e+00,1.344071308800814712e+00,8.500000000000000611e-02,3.000000000000000000e+00,4.502249959989419207e+06
-5.806769733977454884e+00,2.012623561702863384e+00,1.253912941132279801e+00,1.344071308800814712e+00,8.500000000000000611e-02,3.000000000000000000e+00,4.502249959989419207e+06
-5.806769733977454884e+00,2.012623561702863384e+00,1.253912941132279801e+00,1.344071308800814712e+00,8.500000000000000611e-02,3.000000000000000000e+00,4.502249959989419207e+06
-5.806769733977454884e+00,2.012623561702863384e+00,1.253912941132279801e+00,1.344071308800814712e+00,8.500000000000000611e-02,3.000000000000000000e+00,4.502249959989419207e+06
-5.806769733977454884e+00,2.012623561702863384e+00,1.253912941132279801e+00,1.344071308800814712e+00,8.500000000000000611e-02,3.000000000000000000e+00,4.502249959989419207e+06
-5.806769733977454884e+00,2.012623561702863384e+00,1.253912941132279801e+00,1.344071308800814712e+00,8.500000000000000611e-02,3.000000000000000000e+00,4.502249959989419207e+06
-5.805047873561747451e+00,2.019096789200667263e+00,1.258790703719262938e+00,1.348993317501338218e+00,8.500000000000000611e-02,3.000000000000000000e+00,4.502249959989419207e+06
-5.805047873561747451e+00,2.019096789200667263e+00,1.258790703719262938e+00,1.348993317501338218e+00,8.500000000000000611e-02,3.000000000000000000e+00,4.502249959989419207e+06
-5.805047873561747451e+00,2.019096789200667263e+00,1.258790703719262938e+00,1.348993317501338218e+00,8.500000000000000611e-02,3.000000000000000000e+00,4.502249959989419207e+06
-5.805047873561747451e+00,2.019096789200667263e+00,1.258790703719262938e+00,1.348993317501338218e+00,8.500000000000000611e-02,3.000000000000000000e+00,4.502249959989419207e+06
-5.805047873561747451e+00,2.019096789200667263e+00,1.258790703719262938e+00,1.348993317501338218e+00,8.500000000000000611e-02,3.000000000000000000e+00,4.502249959989419207e+06
-5.805047873561747451e+00,2.019096789200667263e+00,1.258790703719262938e+00,1.348993317501338218e+00,8.500000000000000611e-02,3.000000000000000000e+00,4.502249959989419207e+06
-5.805047873561747451e+00,2.019096789200667263e+00,1.258790703719262938e+00,1.348993317501338218e+00,8.500000000000000611e-02,3.000000000000000000e+00,4.502249959989419207e+06
-5.805047873561747451e+00,2.019096789200667263e+00,1.258790703719262938e+00,1.348993317501338218e+00,8.500000000000000611e-02,3.000000000000000000e+00,4.502249959989419207e+06
-5.805047873561747451e+00,2.019096789200667263e+00,1.258790703719262938e+00,1.348993317501338218e+00,8.500000000000000611e-02,3.000000000000000000e+00,4.502249959989419207e+06
-5.805047873561747451e+00,2.019096789200667263e+00,1.258790703719262938e+00,1.348993317501338218e+00,8.500000000000000611e-02,3.000000000000000000e+00,4.502249959989419207e+06
-5.805047873561747451e+00,2.019096789200667263e+00,1.258790703719262938e+00,1.348993317501338218e+00,8.500000000000000611e-02,3.000000000000000000e+00,4.502249959989419207e+06
-5.805047873561747451e+00,2.019096789200667263e+00,1.258790703719262938e+00,1.348993317501338218e+00,8.500000000000000611e-02,3.000000000000000000e+00,4.502249959989419207e+06
-5.805444522243504046e+00,2.018534228024031929e+00,1.258063056129796964e+00,1.348465991862663582e+00,8.500000000000000611e-02,3.000000000000000000e+00,4.502249959989419207e+06
-5.805444522243504046e+00,2.018534228024031929e+00,1.258063056129796964e+00,1.348465991862663582e+00,8.500000000000000611e-02,3.000000000000000000e+00,4.502249959989419207e+06
-5.850237243555297617e+00,1.978488777030666945e+00,1.194937935577812471e+00,1.322107000633852225e+00,8.500000000000000611e-02,3.000000000000000000e+00,4.502249959989419207e+06
-7.554557660571095568e+00,7.068324541660493399e-01,-9.852072077040761044e-01,5.747889988665869643e-01,8.500000000000000611e-02,3.000000000000000000e+00,4.502249959989419207e+06
-7.554557660571095568e+00,7.068324541660493399e-01,-9.852072077040761044e-01,5.747889988665869643e-01,8.500000000000000611e-02,3.000000000000000000e+00,4.502249959989419207e+06
-7.478086002059328941e+00,7.462122465572027519e-01,-9.046354885751554109e-01,5.701804949325112171e-01,8.500000000000000611e-02,3.000000000000000000e+00,4.502249959989419207e+06
-7.543437952144248726e+00,7.005334356256868178e-01,-9.652841501752410514e-01,5.771343812581438693e-01,8.500000000000000611e-02,3.000000000000000000e+00,4.502249959989419207e+06
-7.471914007561375470e+00,7.338449827964014238e-01,-8.954863875019374309e-01,5.656733233164132901e-01,8.500000000000000611e-02,3.000000000000000000e+00,4.502249959989419207e+06
-7.471914007561375470e+00,7.338449827964014238e-01,-8.954863875019374309e-01,5.656733233164132901e-01,8.500000000000000611e-02,3.000000000000000000e+00,4.502249959989419207e+06
-7.471914007561375470e+00,7.338449827964014238e-01,-8.954863875019374309e-01,5.656733233164132901e-01,8.500000000000000611e-02,3.000000000000000000e+00,4.502249959989419207e+06
-7.495614658763868121e+00,7.224482793360623711e-01,-9.216432222844389566e-01,5.591057959075865780e-01,8.500000000000000611e-02,3.000000000000000000e+00,4.502249959989419207e+06
-7.495614658763868121e+00,7.224482793360623711e-01,-9.216432222844389566e-01,5.591057959075865780e-01,8.500000000000000611e-02,3.000000000000000000e+00,4.502249959989419207e+06
-7.495614658763868121e+00,7.224482793360623711e-01,-9.216432222844389566e-01,5.591057959075865780e-01,8.500000000000000611e-02,3.000000000000000000e+00,4.502249959989419207e+06
-7.495614658763868121e+00,7.224482793360623711e-01,-9.216432222844389566e-01,5.591057959075865780e-01,8.500000000000000611e-02,3.000000000000000000e+00,4.502249959989419207e+06
-7.495614658763868121e+00,7.224482793360623711e-01,-9.216432222844389566e-01,5.591057959075865780e-01,8.500000000000000611e-02,3.000000000000000000e+00,4.502249959989419207e+06
